[2026-08-12 13:53:10] INFO Pretraining start | run=metrla_e5_final_symnorm_local12_seed42 | device=cuda:0 (requested=cuda:0) | seed=42 | output=C:\Users\clw\projects\researchRep\STAnchor-BlockMemory\artifacts\metrla_e5_final_symnorm_local12_seed42
[2026-08-12 13:53:10] INFO Data | steps=34272 | nodes=207 | channels=1 | train/val/test=22817/3240/6224 | dropped_unobserved=1150/164/608
[2026-08-12 13:53:10] INFO Tensor contract | retrieval_x=[B,12,207,1] | forecast_x=[B,12,207,1] | patches=12 | hidden=96 | retrieval_dim=48 | y=[B,12,207,1] | graph_edges=1722
[2026-08-12 13:53:10] INFO Parameters | total=389,713 | trainable=389,713 | embedding=29,376 | encoder=336,864 | retrieval_head=23,376 | reconstruction_head=97
[2026-08-12 13:53:10] INFO Optimization | epochs=50 | batch_size=16 | lr=0.001 | weight_decay=0.0001 | time_mask=0.250 | time_mask_block=3 steps | space_mask=0.250 | retrieval_loss=relation | teacher_mode=offset_decay | distance_normalization=symmetric_geometric_mean | future_increment_weight=0.000 | retrieval_weight=0.100 | student_tau=0.100 | teacher_tau=0.100 | patience=10
[2026-08-12 13:53:10] INFO Epoch 001/050 started | train_batches=1427 | val_batches=203
[2026-08-12 13:53:12] INFO Epoch 001 | train batch=1/1427 | elapsed=0.0 min | eta=34.5 min
[2026-08-12 13:53:14] INFO Epoch 001 | train batch=10/1427 | elapsed=0.1 min | eta=9.6 min
[2026-08-12 13:53:17] INFO Epoch 001 | train batch=20/1427 | elapsed=0.1 min | eta=7.5 min
[2026-08-12 13:53:19] INFO Epoch 001 | train batch=30/1427 | elapsed=0.2 min | eta=7.1 min
[2026-08-12 13:53:22] INFO Epoch 001 | train batch=40/1427 | elapsed=0.2 min | eta=7.0 min
[2026-08-12 13:53:25] INFO Epoch 001 | train batch=50/1427 | elapsed=0.2 min | eta=6.8 min
[2026-08-12 13:53:27] INFO Epoch 001 | train batch=60/1427 | elapsed=0.3 min | eta=6.5 min
[2026-08-12 13:53:30] INFO Epoch 001 | train batch=70/1427 | elapsed=0.3 min | eta=6.3 min
[2026-08-12 13:53:32] INFO Epoch 001 | train batch=80/1427 | elapsed=0.4 min | eta=6.2 min
[2026-08-12 13:53:35] INFO Epoch 001 | train batch=90/1427 | elapsed=0.4 min | eta=6.1 min
[2026-08-12 13:53:38] INFO Epoch 001 | train batch=100/1427 | elapsed=0.5 min | eta=6.0 min
[2026-08-12 13:53:40] INFO Epoch 001 | train batch=110/1427 | elapsed=0.5 min | eta=5.9 min
[2026-08-12 13:53:43] INFO Epoch 001 | train batch=120/1427 | elapsed=0.5 min | eta=5.8 min
[2026-08-12 13:53:45] INFO Epoch 001 | train batch=130/1427 | elapsed=0.6 min | eta=5.8 min
[2026-08-12 13:53:48] INFO Epoch 001 | train batch=140/1427 | elapsed=0.6 min | eta=5.8 min
[2026-08-12 13:53:51] INFO Epoch 001 | train batch=150/1427 | elapsed=0.7 min | eta=5.8 min
[2026-08-12 13:53:53] INFO Epoch 001 | train batch=160/1427 | elapsed=0.7 min | eta=5.7 min
[2026-08-12 13:53:56] INFO Epoch 001 | train batch=170/1427 | elapsed=0.8 min | eta=5.6 min
[2026-08-12 13:53:58] INFO Epoch 001 | train batch=180/1427 | elapsed=0.8 min | eta=5.5 min
[2026-08-12 13:54:01] INFO Epoch 001 | train batch=190/1427 | elapsed=0.8 min | eta=5.5 min
[2026-08-12 13:54:04] INFO Epoch 001 | train batch=200/1427 | elapsed=0.9 min | eta=5.5 min
[2026-08-12 13:54:07] INFO Epoch 001 | train batch=210/1427 | elapsed=0.9 min | eta=5.4 min
[2026-08-12 13:54:10] INFO Epoch 001 | train batch=220/1427 | elapsed=1.0 min | eta=5.4 min
[2026-08-12 13:54:13] INFO Epoch 001 | train batch=230/1427 | elapsed=1.0 min | eta=5.4 min
[2026-08-12 13:54:15] INFO Epoch 001 | train batch=240/1427 | elapsed=1.1 min | eta=5.4 min
[2026-08-12 13:54:18] INFO Epoch 001 | train batch=250/1427 | elapsed=1.1 min | eta=5.3 min
[2026-08-12 13:54:20] INFO Epoch 001 | train batch=260/1427 | elapsed=1.2 min | eta=5.2 min
[2026-08-12 13:54:23] INFO Epoch 001 | train batch=270/1427 | elapsed=1.2 min | eta=5.2 min
[2026-08-12 13:54:25] INFO Epoch 001 | train batch=280/1427 | elapsed=1.3 min | eta=5.1 min
[2026-08-12 13:54:28] INFO Epoch 001 | train batch=290/1427 | elapsed=1.3 min | eta=5.1 min
[2026-08-12 13:54:31] INFO Epoch 001 | train batch=300/1427 | elapsed=1.3 min | eta=5.0 min
[2026-08-12 13:54:34] INFO Epoch 001 | train batch=310/1427 | elapsed=1.4 min | eta=5.0 min
[2026-08-12 13:54:36] INFO Epoch 001 | train batch=320/1427 | elapsed=1.4 min | eta=4.9 min
[2026-08-12 13:54:39] INFO Epoch 001 | train batch=330/1427 | elapsed=1.5 min | eta=4.9 min
[2026-08-12 13:54:41] INFO Epoch 001 | train batch=340/1427 | elapsed=1.5 min | eta=4.9 min
[2026-08-12 13:54:44] INFO Epoch 001 | train batch=350/1427 | elapsed=1.6 min | eta=4.8 min
[2026-08-12 13:54:47] INFO Epoch 001 | train batch=360/1427 | elapsed=1.6 min | eta=4.8 min
[2026-08-12 13:54:50] INFO Epoch 001 | train batch=370/1427 | elapsed=1.7 min | eta=4.7 min
[2026-08-12 13:54:52] INFO Epoch 001 | train batch=380/1427 | elapsed=1.7 min | eta=4.7 min
[2026-08-12 13:54:55] INFO Epoch 001 | train batch=390/1427 | elapsed=1.7 min | eta=4.6 min
[2026-08-12 13:54:58] INFO Epoch 001 | train batch=400/1427 | elapsed=1.8 min | eta=4.6 min
[2026-08-12 13:55:00] INFO Epoch 001 | train batch=410/1427 | elapsed=1.8 min | eta=4.5 min
[2026-08-12 13:55:03] INFO Epoch 001 | train batch=420/1427 | elapsed=1.9 min | eta=4.5 min
[2026-08-12 13:55:05] INFO Epoch 001 | train batch=430/1427 | elapsed=1.9 min | eta=4.4 min
[2026-08-12 13:55:08] INFO Epoch 001 | train batch=440/1427 | elapsed=2.0 min | eta=4.4 min
[2026-08-12 13:55:10] INFO Epoch 001 | train batch=450/1427 | elapsed=2.0 min | eta=4.3 min
[2026-08-12 13:55:13] INFO Epoch 001 | train batch=460/1427 | elapsed=2.0 min | eta=4.3 min
[2026-08-12 13:55:16] INFO Epoch 001 | train batch=470/1427 | elapsed=2.1 min | eta=4.3 min
[2026-08-12 13:55:18] INFO Epoch 001 | train batch=480/1427 | elapsed=2.1 min | eta=4.2 min
[2026-08-12 13:55:21] INFO Epoch 001 | train batch=490/1427 | elapsed=2.2 min | eta=4.2 min
[2026-08-12 13:55:24] INFO Epoch 001 | train batch=500/1427 | elapsed=2.2 min | eta=4.1 min
[2026-08-12 13:55:26] INFO Epoch 001 | train batch=510/1427 | elapsed=2.3 min | eta=4.1 min
[2026-08-12 13:55:29] INFO Epoch 001 | train batch=520/1427 | elapsed=2.3 min | eta=4.0 min
[2026-08-12 13:55:32] INFO Epoch 001 | train batch=530/1427 | elapsed=2.4 min | eta=4.0 min
[2026-08-12 13:55:34] INFO Epoch 001 | train batch=540/1427 | elapsed=2.4 min | eta=3.9 min
[2026-08-12 13:55:37] INFO Epoch 001 | train batch=550/1427 | elapsed=2.4 min | eta=3.9 min
[2026-08-12 13:55:40] INFO Epoch 001 | train batch=560/1427 | elapsed=2.5 min | eta=3.9 min
[2026-08-12 13:55:42] INFO Epoch 001 | train batch=570/1427 | elapsed=2.5 min | eta=3.8 min
[2026-08-12 13:55:45] INFO Epoch 001 | train batch=580/1427 | elapsed=2.6 min | eta=3.8 min
[2026-08-12 13:55:48] INFO Epoch 001 | train batch=590/1427 | elapsed=2.6 min | eta=3.7 min
[2026-08-12 13:55:50] INFO Epoch 001 | train batch=600/1427 | elapsed=2.7 min | eta=3.7 min
[2026-08-12 13:55:53] INFO Epoch 001 | train batch=610/1427 | elapsed=2.7 min | eta=3.6 min
[2026-08-12 13:55:56] INFO Epoch 001 | train batch=620/1427 | elapsed=2.8 min | eta=3.6 min
[2026-08-12 13:55:58] INFO Epoch 001 | train batch=630/1427 | elapsed=2.8 min | eta=3.5 min
[2026-08-12 13:56:01] INFO Epoch 001 | train batch=640/1427 | elapsed=2.8 min | eta=3.5 min
[2026-08-12 13:56:04] INFO Epoch 001 | train batch=650/1427 | elapsed=2.9 min | eta=3.5 min
[2026-08-12 13:56:07] INFO Epoch 001 | train batch=660/1427 | elapsed=2.9 min | eta=3.4 min
[2026-08-12 13:56:09] INFO Epoch 001 | train batch=670/1427 | elapsed=3.0 min | eta=3.4 min
[2026-08-12 13:56:12] INFO Epoch 001 | train batch=680/1427 | elapsed=3.0 min | eta=3.3 min
[2026-08-12 13:56:15] INFO Epoch 001 | train batch=690/1427 | elapsed=3.1 min | eta=3.3 min
[2026-08-12 13:56:17] INFO Epoch 001 | train batch=700/1427 | elapsed=3.1 min | eta=3.2 min
[2026-08-12 13:56:20] INFO Epoch 001 | train batch=710/1427 | elapsed=3.2 min | eta=3.2 min
[2026-08-12 13:56:23] INFO Epoch 001 | train batch=720/1427 | elapsed=3.2 min | eta=3.2 min
[2026-08-12 13:56:26] INFO Epoch 001 | train batch=730/1427 | elapsed=3.3 min | eta=3.1 min
[2026-08-12 13:56:28] INFO Epoch 001 | train batch=740/1427 | elapsed=3.3 min | eta=3.1 min
[2026-08-12 13:56:31] INFO Epoch 001 | train batch=750/1427 | elapsed=3.3 min | eta=3.0 min
[2026-08-12 13:56:33] INFO Epoch 001 | train batch=760/1427 | elapsed=3.4 min | eta=3.0 min
[2026-08-12 13:56:36] INFO Epoch 001 | train batch=770/1427 | elapsed=3.4 min | eta=2.9 min
[2026-08-12 13:56:38] INFO Epoch 001 | train batch=780/1427 | elapsed=3.5 min | eta=2.9 min
[2026-08-12 13:56:41] INFO Epoch 001 | train batch=790/1427 | elapsed=3.5 min | eta=2.8 min
[2026-08-12 13:56:44] INFO Epoch 001 | train batch=800/1427 | elapsed=3.6 min | eta=2.8 min
[2026-08-12 13:56:46] INFO Epoch 001 | train batch=810/1427 | elapsed=3.6 min | eta=2.7 min
[2026-08-12 13:56:49] INFO Epoch 001 | train batch=820/1427 | elapsed=3.6 min | eta=2.7 min
[2026-08-12 13:56:51] INFO Epoch 001 | train batch=830/1427 | elapsed=3.7 min | eta=2.6 min
[2026-08-12 13:56:54] INFO Epoch 001 | train batch=840/1427 | elapsed=3.7 min | eta=2.6 min
[2026-08-12 13:56:57] INFO Epoch 001 | train batch=850/1427 | elapsed=3.8 min | eta=2.6 min
[2026-08-12 13:56:59] INFO Epoch 001 | train batch=860/1427 | elapsed=3.8 min | eta=2.5 min
[2026-08-12 13:57:02] INFO Epoch 001 | train batch=870/1427 | elapsed=3.9 min | eta=2.5 min
[2026-08-12 13:57:04] INFO Epoch 001 | train batch=880/1427 | elapsed=3.9 min | eta=2.4 min
[2026-08-12 13:57:07] INFO Epoch 001 | train batch=890/1427 | elapsed=3.9 min | eta=2.4 min
[2026-08-12 13:57:09] INFO Epoch 001 | train batch=900/1427 | elapsed=4.0 min | eta=2.3 min
[2026-08-12 13:57:13] INFO Epoch 001 | train batch=910/1427 | elapsed=4.0 min | eta=2.3 min
[2026-08-12 13:57:15] INFO Epoch 001 | train batch=920/1427 | elapsed=4.1 min | eta=2.2 min
[2026-08-12 13:57:18] INFO Epoch 001 | train batch=930/1427 | elapsed=4.1 min | eta=2.2 min
[2026-08-12 13:57:20] INFO Epoch 001 | train batch=940/1427 | elapsed=4.2 min | eta=2.2 min
[2026-08-12 13:57:23] INFO Epoch 001 | train batch=950/1427 | elapsed=4.2 min | eta=2.1 min
[2026-08-12 13:57:26] INFO Epoch 001 | train batch=960/1427 | elapsed=4.3 min | eta=2.1 min
[2026-08-12 13:57:28] INFO Epoch 001 | train batch=970/1427 | elapsed=4.3 min | eta=2.0 min
[2026-08-12 13:57:31] INFO Epoch 001 | train batch=980/1427 | elapsed=4.3 min | eta=2.0 min
[2026-08-12 13:57:34] INFO Epoch 001 | train batch=990/1427 | elapsed=4.4 min | eta=1.9 min
[2026-08-12 13:57:36] INFO Epoch 001 | train batch=1000/1427 | elapsed=4.4 min | eta=1.9 min
[2026-08-12 13:57:39] INFO Epoch 001 | train batch=1010/1427 | elapsed=4.5 min | eta=1.8 min
[2026-08-12 13:57:42] INFO Epoch 001 | train batch=1020/1427 | elapsed=4.5 min | eta=1.8 min
[2026-08-12 13:57:45] INFO Epoch 001 | train batch=1030/1427 | elapsed=4.6 min | eta=1.8 min
[2026-08-12 13:57:47] INFO Epoch 001 | train batch=1040/1427 | elapsed=4.6 min | eta=1.7 min
[2026-08-12 13:57:50] INFO Epoch 001 | train batch=1050/1427 | elapsed=4.7 min | eta=1.7 min
[2026-08-12 13:57:52] INFO Epoch 001 | train batch=1060/1427 | elapsed=4.7 min | eta=1.6 min
[2026-08-12 13:57:55] INFO Epoch 001 | train batch=1070/1427 | elapsed=4.7 min | eta=1.6 min
[2026-08-12 13:57:57] INFO Epoch 001 | train batch=1080/1427 | elapsed=4.8 min | eta=1.5 min
[2026-08-12 13:58:00] INFO Epoch 001 | train batch=1090/1427 | elapsed=4.8 min | eta=1.5 min
[2026-08-12 13:58:03] INFO Epoch 001 | train batch=1100/1427 | elapsed=4.9 min | eta=1.4 min
[2026-08-12 13:58:06] INFO Epoch 001 | train batch=1110/1427 | elapsed=4.9 min | eta=1.4 min
[2026-08-12 13:58:08] INFO Epoch 001 | train batch=1120/1427 | elapsed=5.0 min | eta=1.4 min
[2026-08-12 13:58:11] INFO Epoch 001 | train batch=1130/1427 | elapsed=5.0 min | eta=1.3 min
[2026-08-12 13:58:14] INFO Epoch 001 | train batch=1140/1427 | elapsed=5.1 min | eta=1.3 min
[2026-08-12 13:58:17] INFO Epoch 001 | train batch=1150/1427 | elapsed=5.1 min | eta=1.2 min
[2026-08-12 13:58:20] INFO Epoch 001 | train batch=1160/1427 | elapsed=5.2 min | eta=1.2 min
[2026-08-12 13:58:22] INFO Epoch 001 | train batch=1170/1427 | elapsed=5.2 min | eta=1.1 min
[2026-08-12 13:58:25] INFO Epoch 001 | train batch=1180/1427 | elapsed=5.2 min | eta=1.1 min
[2026-08-12 13:58:28] INFO Epoch 001 | train batch=1190/1427 | elapsed=5.3 min | eta=1.1 min
[2026-08-12 13:58:30] INFO Epoch 001 | train batch=1200/1427 | elapsed=5.3 min | eta=1.0 min
[2026-08-12 13:58:33] INFO Epoch 001 | train batch=1210/1427 | elapsed=5.4 min | eta=1.0 min
[2026-08-12 13:58:35] INFO Epoch 001 | train batch=1220/1427 | elapsed=5.4 min | eta=0.9 min
[2026-08-12 13:58:38] INFO Epoch 001 | train batch=1230/1427 | elapsed=5.5 min | eta=0.9 min
[2026-08-12 13:58:40] INFO Epoch 001 | train batch=1240/1427 | elapsed=5.5 min | eta=0.8 min
[2026-08-12 13:58:43] INFO Epoch 001 | train batch=1250/1427 | elapsed=5.5 min | eta=0.8 min
[2026-08-12 13:58:46] INFO Epoch 001 | train batch=1260/1427 | elapsed=5.6 min | eta=0.7 min
[2026-08-12 13:58:48] INFO Epoch 001 | train batch=1270/1427 | elapsed=5.6 min | eta=0.7 min
[2026-08-12 13:58:51] INFO Epoch 001 | train batch=1280/1427 | elapsed=5.7 min | eta=0.7 min
[2026-08-12 13:58:54] INFO Epoch 001 | train batch=1290/1427 | elapsed=5.7 min | eta=0.6 min
[2026-08-12 13:58:57] INFO Epoch 001 | train batch=1300/1427 | elapsed=5.8 min | eta=0.6 min
[2026-08-12 13:58:59] INFO Epoch 001 | train batch=1310/1427 | elapsed=5.8 min | eta=0.5 min
[2026-08-12 13:59:02] INFO Epoch 001 | train batch=1320/1427 | elapsed=5.9 min | eta=0.5 min
[2026-08-12 13:59:05] INFO Epoch 001 | train batch=1330/1427 | elapsed=5.9 min | eta=0.4 min
[2026-08-12 13:59:07] INFO Epoch 001 | train batch=1340/1427 | elapsed=6.0 min | eta=0.4 min
[2026-08-12 13:59:10] INFO Epoch 001 | train batch=1350/1427 | elapsed=6.0 min | eta=0.3 min
[2026-08-12 13:59:13] INFO Epoch 001 | train batch=1360/1427 | elapsed=6.0 min | eta=0.3 min
[2026-08-12 13:59:16] INFO Epoch 001 | train batch=1370/1427 | elapsed=6.1 min | eta=0.3 min
[2026-08-12 13:59:19] INFO Epoch 001 | train batch=1380/1427 | elapsed=6.1 min | eta=0.2 min
[2026-08-12 13:59:21] INFO Epoch 001 | train batch=1390/1427 | elapsed=6.2 min | eta=0.2 min
[2026-08-12 13:59:24] INFO Epoch 001 | train batch=1400/1427 | elapsed=6.2 min | eta=0.1 min
[2026-08-12 13:59:26] INFO Epoch 001 | train batch=1410/1427 | elapsed=6.3 min | eta=0.1 min
[2026-08-12 13:59:29] INFO Epoch 001 | train batch=1420/1427 | elapsed=6.3 min | eta=0.0 min
[2026-08-12 13:59:31] INFO Epoch 001 | train batch=1427/1427 | elapsed=6.3 min | eta=0.0 min
[2026-08-12 13:59:31] INFO Epoch 001 | val batch=1/203 | elapsed=0.0 min | eta=0.3 min
[2026-08-12 13:59:32] INFO Epoch 001 | val batch=10/203 | elapsed=0.0 min | eta=0.4 min
[2026-08-12 13:59:33] INFO Epoch 001 | val batch=20/203 | elapsed=0.0 min | eta=0.4 min
[2026-08-12 13:59:35] INFO Epoch 001 | val batch=30/203 | elapsed=0.1 min | eta=0.4 min
[2026-08-12 13:59:36] INFO Epoch 001 | val batch=40/203 | elapsed=0.1 min | eta=0.4 min
[2026-08-12 13:59:37] INFO Epoch 001 | val batch=50/203 | elapsed=0.1 min | eta=0.3 min
[2026-08-12 13:59:39] INFO Epoch 001 | val batch=60/203 | elapsed=0.1 min | eta=0.3 min
[2026-08-12 13:59:40] INFO Epoch 001 | val batch=70/203 | elapsed=0.2 min | eta=0.3 min
[2026-08-12 13:59:41] INFO Epoch 001 | val batch=80/203 | elapsed=0.2 min | eta=0.3 min
[2026-08-12 13:59:43] INFO Epoch 001 | val batch=90/203 | elapsed=0.2 min | eta=0.2 min
[2026-08-12 13:59:44] INFO Epoch 001 | val batch=100/203 | elapsed=0.2 min | eta=0.2 min
[2026-08-12 13:59:45] INFO Epoch 001 | val batch=110/203 | elapsed=0.2 min | eta=0.2 min
[2026-08-12 13:59:46] INFO Epoch 001 | val batch=120/203 | elapsed=0.3 min | eta=0.2 min
[2026-08-12 13:59:48] INFO Epoch 001 | val batch=130/203 | elapsed=0.3 min | eta=0.2 min
[2026-08-12 13:59:49] INFO Epoch 001 | val batch=140/203 | elapsed=0.3 min | eta=0.1 min
[2026-08-12 13:59:50] INFO Epoch 001 | val batch=150/203 | elapsed=0.3 min | eta=0.1 min
[2026-08-12 13:59:52] INFO Epoch 001 | val batch=160/203 | elapsed=0.3 min | eta=0.1 min
[2026-08-12 13:59:53] INFO Epoch 001 | val batch=170/203 | elapsed=0.4 min | eta=0.1 min
[2026-08-12 13:59:54] INFO Epoch 001 | val batch=180/203 | elapsed=0.4 min | eta=0.1 min
[2026-08-12 13:59:56] INFO Epoch 001 | val batch=190/203 | elapsed=0.4 min | eta=0.0 min
[2026-08-12 13:59:57] INFO Epoch 001 | val batch=200/203 | elapsed=0.4 min | eta=0.0 min
[2026-08-12 13:59:57] INFO Epoch 001 | val batch=203/203 | elapsed=0.4 min | eta=0.0 min
[2026-08-12 13:59:57] INFO Epoch 001 | train_total=1.011566 | val_total=1.018000 | val_mask=0.774656 | val_retrieval=2.433440 | val_profile=0.000000 | val_anchors=660915 | val_positive_pairs=0 | val_hard_negatives=0 | val_relation_candidates=9654476 | val_teacher_keff=4.444 | val_student_keff=9.884 | val_masked_positions=1959192 | skipped(train/val)=0/0
[2026-08-12 13:59:57] INFO Checkpoint updated | epoch=1 | best_val=1.018000 | path=C:\Users\clw\projects\researchRep\STAnchor-BlockMemory\artifacts\metrla_e5_final_symnorm_local12_seed42\pretrain_best.pt
[2026-08-12 13:59:57] INFO Relation checkpoint updated | epoch=1 | best_val_relation=2.433440 | path=C:\Users\clw\projects\researchRep\STAnchor-BlockMemory\artifacts\metrla_e5_final_symnorm_local12_seed42\pretrain_best_relation.pt
[2026-08-12 13:59:57] INFO Epoch 002/050 started | train_batches=1427 | val_batches=203
[2026-08-12 13:59:58] INFO Epoch 002 | train batch=1/1427 | elapsed=0.0 min | eta=5.1 min
[2026-08-12 14:00:00] INFO Epoch 002 | train batch=10/1427 | elapsed=0.0 min | eta=6.3 min
[2026-08-12 14:00:03] INFO Epoch 002 | train batch=20/1427 | elapsed=0.1 min | eta=6.2 min
[2026-08-12 14:00:05] INFO Epoch 002 | train batch=30/1427 | elapsed=0.1 min | eta=6.4 min
[2026-08-12 14:00:08] INFO Epoch 002 | train batch=40/1427 | elapsed=0.2 min | eta=6.3 min
[2026-08-12 14:00:11] INFO Epoch 002 | train batch=50/1427 | elapsed=0.2 min | eta=6.2 min
[2026-08-12 14:00:13] INFO Epoch 002 | train batch=60/1427 | elapsed=0.3 min | eta=6.1 min
[2026-08-12 14:00:16] INFO Epoch 002 | train batch=70/1427 | elapsed=0.3 min | eta=6.1 min
[2026-08-12 14:00:18] INFO Epoch 002 | train batch=80/1427 | elapsed=0.4 min | eta=5.9 min
[2026-08-12 14:00:21] INFO Epoch 002 | train batch=90/1427 | elapsed=0.4 min | eta=5.9 min
[2026-08-12 14:00:24] INFO Epoch 002 | train batch=100/1427 | elapsed=0.4 min | eta=5.8 min
[2026-08-12 14:00:27] INFO Epoch 002 | train batch=110/1427 | elapsed=0.5 min | eta=5.8 min
[2026-08-12 14:00:29] INFO Epoch 002 | train batch=120/1427 | elapsed=0.5 min | eta=5.8 min
[2026-08-12 14:00:32] INFO Epoch 002 | train batch=130/1427 | elapsed=0.6 min | eta=5.7 min
[2026-08-12 14:00:35] INFO Epoch 002 | train batch=140/1427 | elapsed=0.6 min | eta=5.8 min
[2026-08-12 14:00:37] INFO Epoch 002 | train batch=150/1427 | elapsed=0.7 min | eta=5.7 min
[2026-08-12 14:00:40] INFO Epoch 002 | train batch=160/1427 | elapsed=0.7 min | eta=5.7 min
[2026-08-12 14:00:43] INFO Epoch 002 | train batch=170/1427 | elapsed=0.8 min | eta=5.6 min
[2026-08-12 14:00:45] INFO Epoch 002 | train batch=180/1427 | elapsed=0.8 min | eta=5.5 min
[2026-08-12 14:00:48] INFO Epoch 002 | train batch=190/1427 | elapsed=0.8 min | eta=5.5 min
[2026-08-12 14:00:50] INFO Epoch 002 | train batch=200/1427 | elapsed=0.9 min | eta=5.4 min
[2026-08-12 14:00:53] INFO Epoch 002 | train batch=210/1427 | elapsed=0.9 min | eta=5.4 min
[2026-08-12 14:00:55] INFO Epoch 002 | train batch=220/1427 | elapsed=1.0 min | eta=5.3 min
[2026-08-12 14:00:58] INFO Epoch 002 | train batch=230/1427 | elapsed=1.0 min | eta=5.2 min
[2026-08-12 14:01:01] INFO Epoch 002 | train batch=240/1427 | elapsed=1.1 min | eta=5.2 min
[2026-08-12 14:01:03] INFO Epoch 002 | train batch=250/1427 | elapsed=1.1 min | eta=5.1 min
[2026-08-12 14:01:06] INFO Epoch 002 | train batch=260/1427 | elapsed=1.1 min | eta=5.1 min
[2026-08-12 14:01:08] INFO Epoch 002 | train batch=270/1427 | elapsed=1.2 min | eta=5.1 min
[2026-08-12 14:01:11] INFO Epoch 002 | train batch=280/1427 | elapsed=1.2 min | eta=5.0 min
[2026-08-12 14:01:13] INFO Epoch 002 | train batch=290/1427 | elapsed=1.3 min | eta=5.0 min
[2026-08-12 14:01:16] INFO Epoch 002 | train batch=300/1427 | elapsed=1.3 min | eta=4.9 min
[2026-08-12 14:01:18] INFO Epoch 002 | train batch=310/1427 | elapsed=1.4 min | eta=4.9 min
[2026-08-12 14:01:21] INFO Epoch 002 | train batch=320/1427 | elapsed=1.4 min | eta=4.8 min
[2026-08-12 14:01:24] INFO Epoch 002 | train batch=330/1427 | elapsed=1.4 min | eta=4.8 min
[2026-08-12 14:01:27] INFO Epoch 002 | train batch=340/1427 | elapsed=1.5 min | eta=4.8 min
[2026-08-12 14:01:29] INFO Epoch 002 | train batch=350/1427 | elapsed=1.5 min | eta=4.7 min
[2026-08-12 14:01:32] INFO Epoch 002 | train batch=360/1427 | elapsed=1.6 min | eta=4.7 min
[2026-08-12 14:01:35] INFO Epoch 002 | train batch=370/1427 | elapsed=1.6 min | eta=4.7 min
[2026-08-12 14:01:38] INFO Epoch 002 | train batch=380/1427 | elapsed=1.7 min | eta=4.6 min
[2026-08-12 14:01:40] INFO Epoch 002 | train batch=390/1427 | elapsed=1.7 min | eta=4.6 min
[2026-08-12 14:01:43] INFO Epoch 002 | train batch=400/1427 | elapsed=1.8 min | eta=4.5 min
[2026-08-12 14:01:46] INFO Epoch 002 | train batch=410/1427 | elapsed=1.8 min | eta=4.5 min
[2026-08-12 14:01:48] INFO Epoch 002 | train batch=420/1427 | elapsed=1.8 min | eta=4.4 min
[2026-08-12 14:01:51] INFO Epoch 002 | train batch=430/1427 | elapsed=1.9 min | eta=4.4 min
[2026-08-12 14:01:53] INFO Epoch 002 | train batch=440/1427 | elapsed=1.9 min | eta=4.3 min
[2026-08-12 14:01:56] INFO Epoch 002 | train batch=450/1427 | elapsed=2.0 min | eta=4.3 min
[2026-08-12 14:01:58] INFO Epoch 002 | train batch=460/1427 | elapsed=2.0 min | eta=4.2 min
[2026-08-12 14:02:01] INFO Epoch 002 | train batch=470/1427 | elapsed=2.1 min | eta=4.2 min
[2026-08-12 14:02:04] INFO Epoch 002 | train batch=480/1427 | elapsed=2.1 min | eta=4.2 min
[2026-08-12 14:02:06] INFO Epoch 002 | train batch=490/1427 | elapsed=2.1 min | eta=4.1 min
[2026-08-12 14:02:09] INFO Epoch 002 | train batch=500/1427 | elapsed=2.2 min | eta=4.1 min
[2026-08-12 14:02:12] INFO Epoch 002 | train batch=510/1427 | elapsed=2.2 min | eta=4.0 min
[2026-08-12 14:02:14] INFO Epoch 002 | train batch=520/1427 | elapsed=2.3 min | eta=4.0 min
[2026-08-12 14:02:17] INFO Epoch 002 | train batch=530/1427 | elapsed=2.3 min | eta=3.9 min
[2026-08-12 14:02:19] INFO Epoch 002 | train batch=540/1427 | elapsed=2.4 min | eta=3.9 min
[2026-08-12 14:02:21] INFO Epoch 002 | train batch=550/1427 | elapsed=2.4 min | eta=3.8 min
[2026-08-12 14:02:24] INFO Epoch 002 | train batch=560/1427 | elapsed=2.4 min | eta=3.8 min
[2026-08-12 14:02:27] INFO Epoch 002 | train batch=570/1427 | elapsed=2.5 min | eta=3.7 min
[2026-08-12 14:02:29] INFO Epoch 002 | train batch=580/1427 | elapsed=2.5 min | eta=3.7 min
[2026-08-12 14:02:32] INFO Epoch 002 | train batch=590/1427 | elapsed=2.6 min | eta=3.7 min
[2026-08-12 14:02:35] INFO Epoch 002 | train batch=600/1427 | elapsed=2.6 min | eta=3.6 min
[2026-08-12 14:02:38] INFO Epoch 002 | train batch=610/1427 | elapsed=2.7 min | eta=3.6 min
[2026-08-12 14:02:41] INFO Epoch 002 | train batch=620/1427 | elapsed=2.7 min | eta=3.5 min
[2026-08-12 14:02:43] INFO Epoch 002 | train batch=630/1427 | elapsed=2.8 min | eta=3.5 min
[2026-08-12 14:02:46] INFO Epoch 002 | train batch=640/1427 | elapsed=2.8 min | eta=3.5 min
[2026-08-12 14:02:48] INFO Epoch 002 | train batch=650/1427 | elapsed=2.8 min | eta=3.4 min
[2026-08-12 14:02:51] INFO Epoch 002 | train batch=660/1427 | elapsed=2.9 min | eta=3.4 min
[2026-08-12 14:02:53] INFO Epoch 002 | train batch=670/1427 | elapsed=2.9 min | eta=3.3 min
[2026-08-12 14:02:56] INFO Epoch 002 | train batch=680/1427 | elapsed=3.0 min | eta=3.3 min
[2026-08-12 14:02:59] INFO Epoch 002 | train batch=690/1427 | elapsed=3.0 min | eta=3.2 min
[2026-08-12 14:03:02] INFO Epoch 002 | train batch=700/1427 | elapsed=3.1 min | eta=3.2 min
[2026-08-12 14:03:05] INFO Epoch 002 | train batch=710/1427 | elapsed=3.1 min | eta=3.2 min
[2026-08-12 14:03:07] INFO Epoch 002 | train batch=720/1427 | elapsed=3.2 min | eta=3.1 min
[2026-08-12 14:03:10] INFO Epoch 002 | train batch=730/1427 | elapsed=3.2 min | eta=3.1 min
[2026-08-12 14:03:13] INFO Epoch 002 | train batch=740/1427 | elapsed=3.3 min | eta=3.0 min
[2026-08-12 14:03:16] INFO Epoch 002 | train batch=750/1427 | elapsed=3.3 min | eta=3.0 min
[2026-08-12 14:03:18] INFO Epoch 002 | train batch=760/1427 | elapsed=3.3 min | eta=2.9 min
[2026-08-12 14:03:21] INFO Epoch 002 | train batch=770/1427 | elapsed=3.4 min | eta=2.9 min
[2026-08-12 14:03:23] INFO Epoch 002 | train batch=780/1427 | elapsed=3.4 min | eta=2.9 min
[2026-08-12 14:03:26] INFO Epoch 002 | train batch=790/1427 | elapsed=3.5 min | eta=2.8 min
[2026-08-12 14:03:29] INFO Epoch 002 | train batch=800/1427 | elapsed=3.5 min | eta=2.8 min
[2026-08-12 14:03:31] INFO Epoch 002 | train batch=810/1427 | elapsed=3.6 min | eta=2.7 min
[2026-08-12 14:03:34] INFO Epoch 002 | train batch=820/1427 | elapsed=3.6 min | eta=2.7 min
[2026-08-12 14:03:37] INFO Epoch 002 | train batch=830/1427 | elapsed=3.7 min | eta=2.6 min
[2026-08-12 14:03:40] INFO Epoch 002 | train batch=840/1427 | elapsed=3.7 min | eta=2.6 min
[2026-08-12 14:03:42] INFO Epoch 002 | train batch=850/1427 | elapsed=3.7 min | eta=2.5 min
[2026-08-12 14:03:45] INFO Epoch 002 | train batch=860/1427 | elapsed=3.8 min | eta=2.5 min
[2026-08-12 14:03:48] INFO Epoch 002 | train batch=870/1427 | elapsed=3.8 min | eta=2.5 min
[2026-08-12 14:03:51] INFO Epoch 002 | train batch=880/1427 | elapsed=3.9 min | eta=2.4 min
[2026-08-12 14:03:53] INFO Epoch 002 | train batch=890/1427 | elapsed=3.9 min | eta=2.4 min
[2026-08-12 14:03:56] INFO Epoch 002 | train batch=900/1427 | elapsed=4.0 min | eta=2.3 min
[2026-08-12 14:03:58] INFO Epoch 002 | train batch=910/1427 | elapsed=4.0 min | eta=2.3 min
[2026-08-12 14:04:01] INFO Epoch 002 | train batch=920/1427 | elapsed=4.1 min | eta=2.2 min
[2026-08-12 14:04:04] INFO Epoch 002 | train batch=930/1427 | elapsed=4.1 min | eta=2.2 min
[2026-08-12 14:04:06] INFO Epoch 002 | train batch=940/1427 | elapsed=4.1 min | eta=2.1 min
[2026-08-12 14:04:08] INFO Epoch 002 | train batch=950/1427 | elapsed=4.2 min | eta=2.1 min
[2026-08-12 14:04:11] INFO Epoch 002 | train batch=960/1427 | elapsed=4.2 min | eta=2.1 min
[2026-08-12 14:04:14] INFO Epoch 002 | train batch=970/1427 | elapsed=4.3 min | eta=2.0 min
[2026-08-12 14:04:16] INFO Epoch 002 | train batch=980/1427 | elapsed=4.3 min | eta=2.0 min
[2026-08-12 14:04:19] INFO Epoch 002 | train batch=990/1427 | elapsed=4.4 min | eta=1.9 min
[2026-08-12 14:04:22] INFO Epoch 002 | train batch=1000/1427 | elapsed=4.4 min | eta=1.9 min
[2026-08-12 14:04:25] INFO Epoch 002 | train batch=1010/1427 | elapsed=4.5 min | eta=1.8 min
[2026-08-12 14:04:27] INFO Epoch 002 | train batch=1020/1427 | elapsed=4.5 min | eta=1.8 min
[2026-08-12 14:04:30] INFO Epoch 002 | train batch=1030/1427 | elapsed=4.6 min | eta=1.8 min
[2026-08-12 14:04:33] INFO Epoch 002 | train batch=1040/1427 | elapsed=4.6 min | eta=1.7 min
[2026-08-12 14:04:36] INFO Epoch 002 | train batch=1050/1427 | elapsed=4.6 min | eta=1.7 min
[2026-08-12 14:04:38] INFO Epoch 002 | train batch=1060/1427 | elapsed=4.7 min | eta=1.6 min
[2026-08-12 14:04:41] INFO Epoch 002 | train batch=1070/1427 | elapsed=4.7 min | eta=1.6 min
[2026-08-12 14:04:44] INFO Epoch 002 | train batch=1080/1427 | elapsed=4.8 min | eta=1.5 min
[2026-08-12 14:04:47] INFO Epoch 002 | train batch=1090/1427 | elapsed=4.8 min | eta=1.5 min
[2026-08-12 14:04:49] INFO Epoch 002 | train batch=1100/1427 | elapsed=4.9 min | eta=1.4 min
[2026-08-12 14:04:52] INFO Epoch 002 | train batch=1110/1427 | elapsed=4.9 min | eta=1.4 min
[2026-08-12 14:04:55] INFO Epoch 002 | train batch=1120/1427 | elapsed=5.0 min | eta=1.4 min
[2026-08-12 14:04:58] INFO Epoch 002 | train batch=1130/1427 | elapsed=5.0 min | eta=1.3 min
[2026-08-12 14:05:00] INFO Epoch 002 | train batch=1140/1427 | elapsed=5.1 min | eta=1.3 min
[2026-08-12 14:05:03] INFO Epoch 002 | train batch=1150/1427 | elapsed=5.1 min | eta=1.2 min
[2026-08-12 14:05:06] INFO Epoch 002 | train batch=1160/1427 | elapsed=5.1 min | eta=1.2 min
[2026-08-12 14:05:09] INFO Epoch 002 | train batch=1170/1427 | elapsed=5.2 min | eta=1.1 min
[2026-08-12 14:05:11] INFO Epoch 002 | train batch=1180/1427 | elapsed=5.2 min | eta=1.1 min
[2026-08-12 14:05:14] INFO Epoch 002 | train batch=1190/1427 | elapsed=5.3 min | eta=1.1 min
[2026-08-12 14:05:17] INFO Epoch 002 | train batch=1200/1427 | elapsed=5.3 min | eta=1.0 min
[2026-08-12 14:05:19] INFO Epoch 002 | train batch=1210/1427 | elapsed=5.4 min | eta=1.0 min
[2026-08-12 14:05:21] INFO Epoch 002 | train batch=1220/1427 | elapsed=5.4 min | eta=0.9 min
[2026-08-12 14:05:24] INFO Epoch 002 | train batch=1230/1427 | elapsed=5.4 min | eta=0.9 min
[2026-08-12 14:05:27] INFO Epoch 002 | train batch=1240/1427 | elapsed=5.5 min | eta=0.8 min
[2026-08-12 14:05:29] INFO Epoch 002 | train batch=1250/1427 | elapsed=5.5 min | eta=0.8 min
[2026-08-12 14:05:32] INFO Epoch 002 | train batch=1260/1427 | elapsed=5.6 min | eta=0.7 min
[2026-08-12 14:05:34] INFO Epoch 002 | train batch=1270/1427 | elapsed=5.6 min | eta=0.7 min
[2026-08-12 14:05:37] INFO Epoch 002 | train batch=1280/1427 | elapsed=5.7 min | eta=0.7 min
[2026-08-12 14:05:40] INFO Epoch 002 | train batch=1290/1427 | elapsed=5.7 min | eta=0.6 min
[2026-08-12 14:05:43] INFO Epoch 002 | train batch=1300/1427 | elapsed=5.8 min | eta=0.6 min
[2026-08-12 14:05:46] INFO Epoch 002 | train batch=1310/1427 | elapsed=5.8 min | eta=0.5 min
[2026-08-12 14:05:48] INFO Epoch 002 | train batch=1320/1427 | elapsed=5.8 min | eta=0.5 min
[2026-08-12 14:05:51] INFO Epoch 002 | train batch=1330/1427 | elapsed=5.9 min | eta=0.4 min
[2026-08-12 14:05:54] INFO Epoch 002 | train batch=1340/1427 | elapsed=5.9 min | eta=0.4 min
[2026-08-12 14:05:57] INFO Epoch 002 | train batch=1350/1427 | elapsed=6.0 min | eta=0.3 min
[2026-08-12 14:05:59] INFO Epoch 002 | train batch=1360/1427 | elapsed=6.0 min | eta=0.3 min
[2026-08-12 14:06:02] INFO Epoch 002 | train batch=1370/1427 | elapsed=6.1 min | eta=0.3 min
[2026-08-12 14:06:05] INFO Epoch 002 | train batch=1380/1427 | elapsed=6.1 min | eta=0.2 min
[2026-08-12 14:06:07] INFO Epoch 002 | train batch=1390/1427 | elapsed=6.2 min | eta=0.2 min
[2026-08-12 14:06:10] INFO Epoch 002 | train batch=1400/1427 | elapsed=6.2 min | eta=0.1 min
[2026-08-12 14:06:12] INFO Epoch 002 | train batch=1410/1427 | elapsed=6.3 min | eta=0.1 min
[2026-08-12 14:06:15] INFO Epoch 002 | train batch=1420/1427 | elapsed=6.3 min | eta=0.0 min
[2026-08-12 14:06:17] INFO Epoch 002 | train batch=1427/1427 | elapsed=6.3 min | eta=0.0 min
[2026-08-12 14:06:17] INFO Epoch 002 | val batch=1/203 | elapsed=0.0 min | eta=0.3 min
[2026-08-12 14:06:18] INFO Epoch 002 | val batch=10/203 | elapsed=0.0 min | eta=0.4 min
[2026-08-12 14:06:19] INFO Epoch 002 | val batch=20/203 | elapsed=0.0 min | eta=0.4 min
[2026-08-12 14:06:21] INFO Epoch 002 | val batch=30/203 | elapsed=0.1 min | eta=0.4 min
[2026-08-12 14:06:22] INFO Epoch 002 | val batch=40/203 | elapsed=0.1 min | eta=0.4 min
[2026-08-12 14:06:23] INFO Epoch 002 | val batch=50/203 | elapsed=0.1 min | eta=0.3 min
[2026-08-12 14:06:25] INFO Epoch 002 | val batch=60/203 | elapsed=0.1 min | eta=0.3 min
[2026-08-12 14:06:26] INFO Epoch 002 | val batch=70/203 | elapsed=0.2 min | eta=0.3 min
[2026-08-12 14:06:27] INFO Epoch 002 | val batch=80/203 | elapsed=0.2 min | eta=0.3 min
[2026-08-12 14:06:28] INFO Epoch 002 | val batch=90/203 | elapsed=0.2 min | eta=0.2 min
[2026-08-12 14:06:30] INFO Epoch 002 | val batch=100/203 | elapsed=0.2 min | eta=0.2 min
[2026-08-12 14:06:31] INFO Epoch 002 | val batch=110/203 | elapsed=0.2 min | eta=0.2 min
[2026-08-12 14:06:32] INFO Epoch 002 | val batch=120/203 | elapsed=0.3 min | eta=0.2 min
[2026-08-12 14:06:34] INFO Epoch 002 | val batch=130/203 | elapsed=0.3 min | eta=0.2 min
[2026-08-12 14:06:35] INFO Epoch 002 | val batch=140/203 | elapsed=0.3 min | eta=0.1 min
[2026-08-12 14:06:36] INFO Epoch 002 | val batch=150/203 | elapsed=0.3 min | eta=0.1 min
[2026-08-12 14:06:38] INFO Epoch 002 | val batch=160/203 | elapsed=0.3 min | eta=0.1 min
[2026-08-12 14:06:39] INFO Epoch 002 | val batch=170/203 | elapsed=0.4 min | eta=0.1 min
[2026-08-12 14:06:40] INFO Epoch 002 | val batch=180/203 | elapsed=0.4 min | eta=0.1 min
[2026-08-12 14:06:42] INFO Epoch 002 | val batch=190/203 | elapsed=0.4 min | eta=0.0 min
[2026-08-12 14:06:43] INFO Epoch 002 | val batch=200/203 | elapsed=0.4 min | eta=0.0 min
[2026-08-12 14:06:43] INFO Epoch 002 | val batch=203/203 | elapsed=0.4 min | eta=0.0 min
[2026-08-12 14:06:43] INFO Epoch 002 | train_total=1.017660 | val_total=1.023545 | val_mask=0.781448 | val_retrieval=2.420972 | val_profile=0.000000 | val_anchors=660915 | val_positive_pairs=0 | val_hard_negatives=0 | val_relation_candidates=9654476 | val_teacher_keff=4.444 | val_student_keff=10.271 | val_masked_positions=1959098 | skipped(train/val)=0/0
[2026-08-12 14:06:43] INFO Relation checkpoint updated | epoch=2 | best_val_relation=2.420972 | path=C:\Users\clw\projects\researchRep\STAnchor-BlockMemory\artifacts\metrla_e5_final_symnorm_local12_seed42\pretrain_best_relation.pt
[2026-08-12 14:06:43] INFO Epoch 003/050 started | train_batches=1427 | val_batches=203
[2026-08-12 14:06:44] INFO Epoch 003 | train batch=1/1427 | elapsed=0.0 min | eta=8.3 min
[2026-08-12 14:06:46] INFO Epoch 003 | train batch=10/1427 | elapsed=0.0 min | eta=6.8 min
[2026-08-12 14:06:48] INFO Epoch 003 | train batch=20/1427 | elapsed=0.1 min | eta=6.0 min
[2026-08-12 14:06:51] INFO Epoch 003 | train batch=30/1427 | elapsed=0.1 min | eta=5.9 min
[2026-08-12 14:06:54] INFO Epoch 003 | train batch=40/1427 | elapsed=0.2 min | eta=6.0 min
[2026-08-12 14:06:56] INFO Epoch 003 | train batch=50/1427 | elapsed=0.2 min | eta=6.0 min
[2026-08-12 14:06:59] INFO Epoch 003 | train batch=60/1427 | elapsed=0.3 min | eta=5.9 min
[2026-08-12 14:07:02] INFO Epoch 003 | train batch=70/1427 | elapsed=0.3 min | eta=6.0 min
[2026-08-12 14:07:04] INFO Epoch 003 | train batch=80/1427 | elapsed=0.4 min | eta=6.0 min
[2026-08-12 14:07:07] INFO Epoch 003 | train batch=90/1427 | elapsed=0.4 min | eta=5.9 min
[2026-08-12 14:07:10] INFO Epoch 003 | train batch=100/1427 | elapsed=0.4 min | eta=5.8 min
[2026-08-12 14:07:12] INFO Epoch 003 | train batch=110/1427 | elapsed=0.5 min | eta=5.8 min
[2026-08-12 14:07:15] INFO Epoch 003 | train batch=120/1427 | elapsed=0.5 min | eta=5.7 min
[2026-08-12 14:07:18] INFO Epoch 003 | train batch=130/1427 | elapsed=0.6 min | eta=5.7 min
[2026-08-12 14:07:20] INFO Epoch 003 | train batch=140/1427 | elapsed=0.6 min | eta=5.6 min
[2026-08-12 14:07:22] INFO Epoch 003 | train batch=150/1427 | elapsed=0.7 min | eta=5.5 min
[2026-08-12 14:07:25] INFO Epoch 003 | train batch=160/1427 | elapsed=0.7 min | eta=5.5 min
[2026-08-12 14:07:28] INFO Epoch 003 | train batch=170/1427 | elapsed=0.7 min | eta=5.5 min
[2026-08-12 14:07:30] INFO Epoch 003 | train batch=180/1427 | elapsed=0.8 min | eta=5.5 min
[2026-08-12 14:07:33] INFO Epoch 003 | train batch=190/1427 | elapsed=0.8 min | eta=5.4 min
[2026-08-12 14:07:36] INFO Epoch 003 | train batch=200/1427 | elapsed=0.9 min | eta=5.4 min
[2026-08-12 14:07:38] INFO Epoch 003 | train batch=210/1427 | elapsed=0.9 min | eta=5.3 min
[2026-08-12 14:07:41] INFO Epoch 003 | train batch=220/1427 | elapsed=1.0 min | eta=5.3 min
[2026-08-12 14:07:44] INFO Epoch 003 | train batch=230/1427 | elapsed=1.0 min | eta=5.3 min
[2026-08-12 14:07:47] INFO Epoch 003 | train batch=240/1427 | elapsed=1.1 min | eta=5.2 min
[2026-08-12 14:07:49] INFO Epoch 003 | train batch=250/1427 | elapsed=1.1 min | eta=5.2 min
[2026-08-12 14:07:52] INFO Epoch 003 | train batch=260/1427 | elapsed=1.1 min | eta=5.1 min
[2026-08-12 14:07:55] INFO Epoch 003 | train batch=270/1427 | elapsed=1.2 min | eta=5.1 min
[2026-08-12 14:07:57] INFO Epoch 003 | train batch=280/1427 | elapsed=1.2 min | eta=5.1 min
[2026-08-12 14:08:00] INFO Epoch 003 | train batch=290/1427 | elapsed=1.3 min | eta=5.0 min
[2026-08-12 14:08:03] INFO Epoch 003 | train batch=300/1427 | elapsed=1.3 min | eta=5.0 min
[2026-08-12 14:08:06] INFO Epoch 003 | train batch=310/1427 | elapsed=1.4 min | eta=4.9 min
[2026-08-12 14:08:08] INFO Epoch 003 | train batch=320/1427 | elapsed=1.4 min | eta=4.9 min
[2026-08-12 14:08:11] INFO Epoch 003 | train batch=330/1427 | elapsed=1.5 min | eta=4.9 min
[2026-08-12 14:08:13] INFO Epoch 003 | train batch=340/1427 | elapsed=1.5 min | eta=4.8 min
[2026-08-12 14:08:16] INFO Epoch 003 | train batch=350/1427 | elapsed=1.6 min | eta=4.8 min
[2026-08-12 14:08:19] INFO Epoch 003 | train batch=360/1427 | elapsed=1.6 min | eta=4.7 min
[2026-08-12 14:08:21] INFO Epoch 003 | train batch=370/1427 | elapsed=1.6 min | eta=4.7 min
[2026-08-12 14:08:24] INFO Epoch 003 | train batch=380/1427 | elapsed=1.7 min | eta=4.6 min
[2026-08-12 14:08:27] INFO Epoch 003 | train batch=390/1427 | elapsed=1.7 min | eta=4.6 min
[2026-08-12 14:08:30] INFO Epoch 003 | train batch=400/1427 | elapsed=1.8 min | eta=4.6 min
[2026-08-12 14:08:33] INFO Epoch 003 | train batch=410/1427 | elapsed=1.8 min | eta=4.5 min
[2026-08-12 14:08:35] INFO Epoch 003 | train batch=420/1427 | elapsed=1.9 min | eta=4.5 min
[2026-08-12 14:08:37] INFO Epoch 003 | train batch=430/1427 | elapsed=1.9 min | eta=4.4 min
[2026-08-12 14:08:40] INFO Epoch 003 | train batch=440/1427 | elapsed=2.0 min | eta=4.4 min
[2026-08-12 14:08:43] INFO Epoch 003 | train batch=450/1427 | elapsed=2.0 min | eta=4.3 min
[2026-08-12 14:08:46] INFO Epoch 003 | train batch=460/1427 | elapsed=2.0 min | eta=4.3 min
[2026-08-12 14:08:48] INFO Epoch 003 | train batch=470/1427 | elapsed=2.1 min | eta=4.2 min
[2026-08-12 14:08:51] INFO Epoch 003 | train batch=480/1427 | elapsed=2.1 min | eta=4.2 min
[2026-08-12 14:08:54] INFO Epoch 003 | train batch=490/1427 | elapsed=2.2 min | eta=4.2 min
[2026-08-12 14:08:57] INFO Epoch 003 | train batch=500/1427 | elapsed=2.2 min | eta=4.1 min
[2026-08-12 14:09:00] INFO Epoch 003 | train batch=510/1427 | elapsed=2.3 min | eta=4.1 min
[2026-08-12 14:09:02] INFO Epoch 003 | train batch=520/1427 | elapsed=2.3 min | eta=4.0 min
[2026-08-12 14:09:06] INFO Epoch 003 | train batch=530/1427 | elapsed=2.4 min | eta=4.0 min
[2026-08-12 14:09:08] INFO Epoch 003 | train batch=540/1427 | elapsed=2.4 min | eta=4.0 min
[2026-08-12 14:09:11] INFO Epoch 003 | train batch=550/1427 | elapsed=2.5 min | eta=3.9 min
[2026-08-12 14:09:14] INFO Epoch 003 | train batch=560/1427 | elapsed=2.5 min | eta=3.9 min
[2026-08-12 14:09:17] INFO Epoch 003 | train batch=570/1427 | elapsed=2.6 min | eta=3.8 min
[2026-08-12 14:09:20] INFO Epoch 003 | train batch=580/1427 | elapsed=2.6 min | eta=3.8 min
[2026-08-12 14:09:23] INFO Epoch 003 | train batch=590/1427 | elapsed=2.7 min | eta=3.8 min
[2026-08-12 14:09:25] INFO Epoch 003 | train batch=600/1427 | elapsed=2.7 min | eta=3.7 min
[2026-08-12 14:09:28] INFO Epoch 003 | train batch=610/1427 | elapsed=2.7 min | eta=3.7 min
[2026-08-12 14:09:31] INFO Epoch 003 | train batch=620/1427 | elapsed=2.8 min | eta=3.6 min
[2026-08-12 14:09:33] INFO Epoch 003 | train batch=630/1427 | elapsed=2.8 min | eta=3.6 min
[2026-08-12 14:09:36] INFO Epoch 003 | train batch=640/1427 | elapsed=2.9 min | eta=3.5 min
[2026-08-12 14:09:39] INFO Epoch 003 | train batch=650/1427 | elapsed=2.9 min | eta=3.5 min
[2026-08-12 14:09:42] INFO Epoch 003 | train batch=660/1427 | elapsed=3.0 min | eta=3.5 min
[2026-08-12 14:09:44] INFO Epoch 003 | train batch=670/1427 | elapsed=3.0 min | eta=3.4 min
[2026-08-12 14:09:47] INFO Epoch 003 | train batch=680/1427 | elapsed=3.1 min | eta=3.4 min
[2026-08-12 14:09:50] INFO Epoch 003 | train batch=690/1427 | elapsed=3.1 min | eta=3.3 min
[2026-08-12 14:09:53] INFO Epoch 003 | train batch=700/1427 | elapsed=3.2 min | eta=3.3 min
[2026-08-12 14:09:56] INFO Epoch 003 | train batch=710/1427 | elapsed=3.2 min | eta=3.2 min
[2026-08-12 14:09:58] INFO Epoch 003 | train batch=720/1427 | elapsed=3.3 min | eta=3.2 min
[2026-08-12 14:10:01] INFO Epoch 003 | train batch=730/1427 | elapsed=3.3 min | eta=3.1 min
[2026-08-12 14:10:04] INFO Epoch 003 | train batch=740/1427 | elapsed=3.3 min | eta=3.1 min
[2026-08-12 14:10:07] INFO Epoch 003 | train batch=750/1427 | elapsed=3.4 min | eta=3.1 min
[2026-08-12 14:10:09] INFO Epoch 003 | train batch=760/1427 | elapsed=3.4 min | eta=3.0 min
[2026-08-12 14:10:12] INFO Epoch 003 | train batch=770/1427 | elapsed=3.5 min | eta=3.0 min
[2026-08-12 14:10:14] INFO Epoch 003 | train batch=780/1427 | elapsed=3.5 min | eta=2.9 min
[2026-08-12 14:10:17] INFO Epoch 003 | train batch=790/1427 | elapsed=3.6 min | eta=2.9 min
[2026-08-12 14:10:20] INFO Epoch 003 | train batch=800/1427 | elapsed=3.6 min | eta=2.8 min
[2026-08-12 14:10:22] INFO Epoch 003 | train batch=810/1427 | elapsed=3.7 min | eta=2.8 min
[2026-08-12 14:10:25] INFO Epoch 003 | train batch=820/1427 | elapsed=3.7 min | eta=2.7 min
[2026-08-12 14:10:28] INFO Epoch 003 | train batch=830/1427 | elapsed=3.7 min | eta=2.7 min
[2026-08-12 14:10:31] INFO Epoch 003 | train batch=840/1427 | elapsed=3.8 min | eta=2.7 min
[2026-08-12 14:10:33] INFO Epoch 003 | train batch=850/1427 | elapsed=3.8 min | eta=2.6 min
[2026-08-12 14:10:36] INFO Epoch 003 | train batch=860/1427 | elapsed=3.9 min | eta=2.6 min
[2026-08-12 14:10:39] INFO Epoch 003 | train batch=870/1427 | elapsed=3.9 min | eta=2.5 min
[2026-08-12 14:10:42] INFO Epoch 003 | train batch=880/1427 | elapsed=4.0 min | eta=2.5 min
[2026-08-12 14:10:44] INFO Epoch 003 | train batch=890/1427 | elapsed=4.0 min | eta=2.4 min
[2026-08-12 14:10:47] INFO Epoch 003 | train batch=900/1427 | elapsed=4.1 min | eta=2.4 min
[2026-08-12 14:10:49] INFO Epoch 003 | train batch=910/1427 | elapsed=4.1 min | eta=2.3 min
[2026-08-12 14:10:52] INFO Epoch 003 | train batch=920/1427 | elapsed=4.1 min | eta=2.3 min
[2026-08-12 14:10:54] INFO Epoch 003 | train batch=930/1427 | elapsed=4.2 min | eta=2.2 min
[2026-08-12 14:10:57] INFO Epoch 003 | train batch=940/1427 | elapsed=4.2 min | eta=2.2 min
[2026-08-12 14:10:59] INFO Epoch 003 | train batch=950/1427 | elapsed=4.3 min | eta=2.1 min
[2026-08-12 14:11:02] INFO Epoch 003 | train batch=960/1427 | elapsed=4.3 min | eta=2.1 min
[2026-08-12 14:11:05] INFO Epoch 003 | train batch=970/1427 | elapsed=4.4 min | eta=2.1 min
[2026-08-12 14:11:08] INFO Epoch 003 | train batch=980/1427 | elapsed=4.4 min | eta=2.0 min
[2026-08-12 14:11:10] INFO Epoch 003 | train batch=990/1427 | elapsed=4.4 min | eta=2.0 min
[2026-08-12 14:11:13] INFO Epoch 003 | train batch=1000/1427 | elapsed=4.5 min | eta=1.9 min
[2026-08-12 14:11:15] INFO Epoch 003 | train batch=1010/1427 | elapsed=4.5 min | eta=1.9 min
[2026-08-12 14:11:18] INFO Epoch 003 | train batch=1020/1427 | elapsed=4.6 min | eta=1.8 min
[2026-08-12 14:11:21] INFO Epoch 003 | train batch=1030/1427 | elapsed=4.6 min | eta=1.8 min
[2026-08-12 14:11:23] INFO Epoch 003 | train batch=1040/1427 | elapsed=4.7 min | eta=1.7 min
[2026-08-12 14:11:26] INFO Epoch 003 | train batch=1050/1427 | elapsed=4.7 min | eta=1.7 min
[2026-08-12 14:11:29] INFO Epoch 003 | train batch=1060/1427 | elapsed=4.8 min | eta=1.6 min
[2026-08-12 14:11:31] INFO Epoch 003 | train batch=1070/1427 | elapsed=4.8 min | eta=1.6 min
[2026-08-12 14:11:34] INFO Epoch 003 | train batch=1080/1427 | elapsed=4.8 min | eta=1.6 min
[2026-08-12 14:11:37] INFO Epoch 003 | train batch=1090/1427 | elapsed=4.9 min | eta=1.5 min
[2026-08-12 14:11:39] INFO Epoch 003 | train batch=1100/1427 | elapsed=4.9 min | eta=1.5 min
[2026-08-12 14:11:42] INFO Epoch 003 | train batch=1110/1427 | elapsed=5.0 min | eta=1.4 min
[2026-08-12 14:11:45] INFO Epoch 003 | train batch=1120/1427 | elapsed=5.0 min | eta=1.4 min
[2026-08-12 14:11:47] INFO Epoch 003 | train batch=1130/1427 | elapsed=5.1 min | eta=1.3 min
[2026-08-12 14:11:50] INFO Epoch 003 | train batch=1140/1427 | elapsed=5.1 min | eta=1.3 min
[2026-08-12 14:11:53] INFO Epoch 003 | train batch=1150/1427 | elapsed=5.2 min | eta=1.2 min
[2026-08-12 14:11:55] INFO Epoch 003 | train batch=1160/1427 | elapsed=5.2 min | eta=1.2 min
[2026-08-12 14:11:58] INFO Epoch 003 | train batch=1170/1427 | elapsed=5.2 min | eta=1.2 min
[2026-08-12 14:12:01] INFO Epoch 003 | train batch=1180/1427 | elapsed=5.3 min | eta=1.1 min
[2026-08-12 14:12:04] INFO Epoch 003 | train batch=1190/1427 | elapsed=5.4 min | eta=1.1 min
[2026-08-12 14:12:07] INFO Epoch 003 | train batch=1200/1427 | elapsed=5.4 min | eta=1.0 min
[2026-08-12 14:12:10] INFO Epoch 003 | train batch=1210/1427 | elapsed=5.4 min | eta=1.0 min
[2026-08-12 14:12:13] INFO Epoch 003 | train batch=1220/1427 | elapsed=5.5 min | eta=0.9 min
[2026-08-12 14:12:15] INFO Epoch 003 | train batch=1230/1427 | elapsed=5.5 min | eta=0.9 min
[2026-08-12 14:12:18] INFO Epoch 003 | train batch=1240/1427 | elapsed=5.6 min | eta=0.8 min
[2026-08-12 14:12:21] INFO Epoch 003 | train batch=1250/1427 | elapsed=5.6 min | eta=0.8 min
[2026-08-12 14:12:23] INFO Epoch 003 | train batch=1260/1427 | elapsed=5.7 min | eta=0.8 min
[2026-08-12 14:12:26] INFO Epoch 003 | train batch=1270/1427 | elapsed=5.7 min | eta=0.7 min
[2026-08-12 14:12:29] INFO Epoch 003 | train batch=1280/1427 | elapsed=5.8 min | eta=0.7 min
[2026-08-12 14:12:32] INFO Epoch 003 | train batch=1290/1427 | elapsed=5.8 min | eta=0.6 min
[2026-08-12 14:12:35] INFO Epoch 003 | train batch=1300/1427 | elapsed=5.9 min | eta=0.6 min
[2026-08-12 14:12:38] INFO Epoch 003 | train batch=1310/1427 | elapsed=5.9 min | eta=0.5 min
[2026-08-12 14:12:40] INFO Epoch 003 | train batch=1320/1427 | elapsed=6.0 min | eta=0.5 min
[2026-08-12 14:12:43] INFO Epoch 003 | train batch=1330/1427 | elapsed=6.0 min | eta=0.4 min
[2026-08-12 14:12:46] INFO Epoch 003 | train batch=1340/1427 | elapsed=6.0 min | eta=0.4 min
[2026-08-12 14:12:49] INFO Epoch 003 | train batch=1350/1427 | elapsed=6.1 min | eta=0.3 min
[2026-08-12 14:12:51] INFO Epoch 003 | train batch=1360/1427 | elapsed=6.1 min | eta=0.3 min
[2026-08-12 14:12:54] INFO Epoch 003 | train batch=1370/1427 | elapsed=6.2 min | eta=0.3 min
[2026-08-12 14:12:57] INFO Epoch 003 | train batch=1380/1427 | elapsed=6.2 min | eta=0.2 min
[2026-08-12 14:13:00] INFO Epoch 003 | train batch=1390/1427 | elapsed=6.3 min | eta=0.2 min
[2026-08-12 14:13:03] INFO Epoch 003 | train batch=1400/1427 | elapsed=6.3 min | eta=0.1 min
[2026-08-12 14:13:06] INFO Epoch 003 | train batch=1410/1427 | elapsed=6.4 min | eta=0.1 min
[2026-08-12 14:13:08] INFO Epoch 003 | train batch=1420/1427 | elapsed=6.4 min | eta=0.0 min
[2026-08-12 14:13:10] INFO Epoch 003 | train batch=1427/1427 | elapsed=6.4 min | eta=0.0 min
[2026-08-12 14:13:10] INFO Epoch 003 | val batch=1/203 | elapsed=0.0 min | eta=0.3 min
[2026-08-12 14:13:12] INFO Epoch 003 | val batch=10/203 | elapsed=0.0 min | eta=0.4 min
[2026-08-12 14:13:13] INFO Epoch 003 | val batch=20/203 | elapsed=0.0 min | eta=0.4 min
[2026-08-12 14:13:14] INFO Epoch 003 | val batch=30/203 | elapsed=0.1 min | eta=0.4 min
[2026-08-12 14:13:16] INFO Epoch 003 | val batch=40/203 | elapsed=0.1 min | eta=0.4 min
[2026-08-12 14:13:17] INFO Epoch 003 | val batch=50/203 | elapsed=0.1 min | eta=0.3 min
[2026-08-12 14:13:18] INFO Epoch 003 | val batch=60/203 | elapsed=0.1 min | eta=0.3 min
[2026-08-12 14:13:20] INFO Epoch 003 | val batch=70/203 | elapsed=0.2 min | eta=0.3 min
[2026-08-12 14:13:21] INFO Epoch 003 | val batch=80/203 | elapsed=0.2 min | eta=0.3 min
[2026-08-12 14:13:22] INFO Epoch 003 | val batch=90/203 | elapsed=0.2 min | eta=0.3 min
[2026-08-12 14:13:24] INFO Epoch 003 | val batch=100/203 | elapsed=0.2 min | eta=0.2 min
[2026-08-12 14:13:25] INFO Epoch 003 | val batch=110/203 | elapsed=0.2 min | eta=0.2 min
[2026-08-12 14:13:26] INFO Epoch 003 | val batch=120/203 | elapsed=0.3 min | eta=0.2 min
[2026-08-12 14:13:28] INFO Epoch 003 | val batch=130/203 | elapsed=0.3 min | eta=0.2 min
[2026-08-12 14:13:29] INFO Epoch 003 | val batch=140/203 | elapsed=0.3 min | eta=0.1 min
[2026-08-12 14:13:31] INFO Epoch 003 | val batch=150/203 | elapsed=0.3 min | eta=0.1 min
[2026-08-12 14:13:32] INFO Epoch 003 | val batch=160/203 | elapsed=0.4 min | eta=0.1 min
[2026-08-12 14:13:33] INFO Epoch 003 | val batch=170/203 | elapsed=0.4 min | eta=0.1 min
[2026-08-12 14:13:35] INFO Epoch 003 | val batch=180/203 | elapsed=0.4 min | eta=0.1 min
[2026-08-12 14:13:36] INFO Epoch 003 | val batch=190/203 | elapsed=0.4 min | eta=0.0 min
[2026-08-12 14:13:37] INFO Epoch 003 | val batch=200/203 | elapsed=0.5 min | eta=0.0 min
[2026-08-12 14:13:38] INFO Epoch 003 | val batch=203/203 | elapsed=0.5 min | eta=0.0 min
[2026-08-12 14:13:38] INFO Epoch 003 | train_total=1.135766 | val_total=0.896999 | val_mask=0.656257 | val_retrieval=2.407418 | val_profile=0.000000 | val_anchors=660915 | val_positive_pairs=0 | val_hard_negatives=0 | val_relation_candidates=9654476 | val_teacher_keff=4.444 | val_student_keff=9.995 | val_masked_positions=1958903 | skipped(train/val)=0/0
[2026-08-12 14:13:38] INFO Checkpoint updated | epoch=3 | best_val=0.896999 | path=C:\Users\clw\projects\researchRep\STAnchor-BlockMemory\artifacts\metrla_e5_final_symnorm_local12_seed42\pretrain_best.pt
[2026-08-12 14:13:38] INFO Relation checkpoint updated | epoch=3 | best_val_relation=2.407418 | path=C:\Users\clw\projects\researchRep\STAnchor-BlockMemory\artifacts\metrla_e5_final_symnorm_local12_seed42\pretrain_best_relation.pt
[2026-08-12 14:13:38] INFO Epoch 004/050 started | train_batches=1427 | val_batches=203
[2026-08-12 14:13:38] INFO Epoch 004 | train batch=1/1427 | elapsed=0.0 min | eta=7.9 min
[2026-08-12 14:13:40] INFO Epoch 004 | train batch=10/1427 | elapsed=0.0 min | eta=6.3 min
[2026-08-12 14:13:43] INFO Epoch 004 | train batch=20/1427 | elapsed=0.1 min | eta=6.4 min
[2026-08-12 14:13:46] INFO Epoch 004 | train batch=30/1427 | elapsed=0.1 min | eta=6.3 min
[2026-08-12 14:13:49] INFO Epoch 004 | train batch=40/1427 | elapsed=0.2 min | eta=6.3 min
[2026-08-12 14:13:51] INFO Epoch 004 | train batch=50/1427 | elapsed=0.2 min | eta=6.2 min
[2026-08-12 14:13:54] INFO Epoch 004 | train batch=60/1427 | elapsed=0.3 min | eta=6.1 min
[2026-08-12 14:13:56] INFO Epoch 004 | train batch=70/1427 | elapsed=0.3 min | eta=6.1 min
[2026-08-12 14:13:59] INFO Epoch 004 | train batch=80/1427 | elapsed=0.4 min | eta=6.0 min
[2026-08-12 14:14:02] INFO Epoch 004 | train batch=90/1427 | elapsed=0.4 min | eta=6.0 min
[2026-08-12 14:14:05] INFO Epoch 004 | train batch=100/1427 | elapsed=0.4 min | eta=5.9 min
[2026-08-12 14:14:07] INFO Epoch 004 | train batch=110/1427 | elapsed=0.5 min | eta=5.9 min
[2026-08-12 14:14:10] INFO Epoch 004 | train batch=120/1427 | elapsed=0.5 min | eta=5.9 min
[2026-08-12 14:14:13] INFO Epoch 004 | train batch=130/1427 | elapsed=0.6 min | eta=5.8 min
[2026-08-12 14:14:15] INFO Epoch 004 | train batch=140/1427 | elapsed=0.6 min | eta=5.8 min
[2026-08-12 14:14:18] INFO Epoch 004 | train batch=150/1427 | elapsed=0.7 min | eta=5.8 min
[2026-08-12 14:14:21] INFO Epoch 004 | train batch=160/1427 | elapsed=0.7 min | eta=5.7 min
[2026-08-12 14:14:23] INFO Epoch 004 | train batch=170/1427 | elapsed=0.8 min | eta=5.6 min
[2026-08-12 14:14:26] INFO Epoch 004 | train batch=180/1427 | elapsed=0.8 min | eta=5.6 min
[2026-08-12 14:14:29] INFO Epoch 004 | train batch=190/1427 | elapsed=0.9 min | eta=5.6 min
[2026-08-12 14:14:32] INFO Epoch 004 | train batch=200/1427 | elapsed=0.9 min | eta=5.6 min
[2026-08-12 14:14:35] INFO Epoch 004 | train batch=210/1427 | elapsed=0.9 min | eta=5.5 min
[2026-08-12 14:14:37] INFO Epoch 004 | train batch=220/1427 | elapsed=1.0 min | eta=5.5 min
[2026-08-12 14:14:41] INFO Epoch 004 | train batch=230/1427 | elapsed=1.0 min | eta=5.5 min
[2026-08-12 14:14:43] INFO Epoch 004 | train batch=240/1427 | elapsed=1.1 min | eta=5.4 min
[2026-08-12 14:14:46] INFO Epoch 004 | train batch=250/1427 | elapsed=1.1 min | eta=5.4 min
[2026-08-12 14:14:49] INFO Epoch 004 | train batch=260/1427 | elapsed=1.2 min | eta=5.3 min
[2026-08-12 14:14:52] INFO Epoch 004 | train batch=270/1427 | elapsed=1.2 min | eta=5.3 min
[2026-08-12 14:14:55] INFO Epoch 004 | train batch=280/1427 | elapsed=1.3 min | eta=5.3 min
[2026-08-12 14:14:57] INFO Epoch 004 | train batch=290/1427 | elapsed=1.3 min | eta=5.2 min
[2026-08-12 14:15:00] INFO Epoch 004 | train batch=300/1427 | elapsed=1.4 min | eta=5.2 min
[2026-08-12 14:15:02] INFO Epoch 004 | train batch=310/1427 | elapsed=1.4 min | eta=5.1 min
[2026-08-12 14:15:05] INFO Epoch 004 | train batch=320/1427 | elapsed=1.5 min | eta=5.0 min
[2026-08-12 14:15:08] INFO Epoch 004 | train batch=330/1427 | elapsed=1.5 min | eta=5.0 min
[2026-08-12 14:15:10] INFO Epoch 004 | train batch=340/1427 | elapsed=1.5 min | eta=4.9 min
[2026-08-12 14:15:13] INFO Epoch 004 | train batch=350/1427 | elapsed=1.6 min | eta=4.9 min
[2026-08-12 14:15:15] INFO Epoch 004 | train batch=360/1427 | elapsed=1.6 min | eta=4.8 min
[2026-08-12 14:15:18] INFO Epoch 004 | train batch=370/1427 | elapsed=1.7 min | eta=4.8 min
[2026-08-12 14:15:21] INFO Epoch 004 | train batch=380/1427 | elapsed=1.7 min | eta=4.7 min
[2026-08-12 14:15:24] INFO Epoch 004 | train batch=390/1427 | elapsed=1.8 min | eta=4.7 min
[2026-08-12 14:15:26] INFO Epoch 004 | train batch=400/1427 | elapsed=1.8 min | eta=4.6 min
[2026-08-12 14:15:29] INFO Epoch 004 | train batch=410/1427 | elapsed=1.9 min | eta=4.6 min
[2026-08-12 14:15:32] INFO Epoch 004 | train batch=420/1427 | elapsed=1.9 min | eta=4.6 min
[2026-08-12 14:15:34] INFO Epoch 004 | train batch=430/1427 | elapsed=1.9 min | eta=4.5 min
[2026-08-12 14:15:37] INFO Epoch 004 | train batch=440/1427 | elapsed=2.0 min | eta=4.5 min
[2026-08-12 14:15:39] INFO Epoch 004 | train batch=450/1427 | elapsed=2.0 min | eta=4.4 min
[2026-08-12 14:15:42] INFO Epoch 004 | train batch=460/1427 | elapsed=2.1 min | eta=4.4 min
[2026-08-12 14:15:45] INFO Epoch 004 | train batch=470/1427 | elapsed=2.1 min | eta=4.3 min
[2026-08-12 14:15:48] INFO Epoch 004 | train batch=480/1427 | elapsed=2.2 min | eta=4.3 min
[2026-08-12 14:15:50] INFO Epoch 004 | train batch=490/1427 | elapsed=2.2 min | eta=4.2 min
[2026-08-12 14:15:53] INFO Epoch 004 | train batch=500/1427 | elapsed=2.3 min | eta=4.2 min
[2026-08-12 14:15:55] INFO Epoch 004 | train batch=510/1427 | elapsed=2.3 min | eta=4.1 min
[2026-08-12 14:15:58] INFO Epoch 004 | train batch=520/1427 | elapsed=2.3 min | eta=4.1 min
[2026-08-12 14:16:01] INFO Epoch 004 | train batch=530/1427 | elapsed=2.4 min | eta=4.0 min
[2026-08-12 14:16:03] INFO Epoch 004 | train batch=540/1427 | elapsed=2.4 min | eta=4.0 min
[2026-08-12 14:16:06] INFO Epoch 004 | train batch=550/1427 | elapsed=2.5 min | eta=3.9 min
[2026-08-12 14:16:08] INFO Epoch 004 | train batch=560/1427 | elapsed=2.5 min | eta=3.9 min
[2026-08-12 14:16:11] INFO Epoch 004 | train batch=570/1427 | elapsed=2.6 min | eta=3.9 min
[2026-08-12 14:16:14] INFO Epoch 004 | train batch=580/1427 | elapsed=2.6 min | eta=3.8 min
[2026-08-12 14:16:17] INFO Epoch 004 | train batch=590/1427 | elapsed=2.7 min | eta=3.8 min
[2026-08-12 14:16:19] INFO Epoch 004 | train batch=600/1427 | elapsed=2.7 min | eta=3.7 min
[2026-08-12 14:16:22] INFO Epoch 004 | train batch=610/1427 | elapsed=2.7 min | eta=3.7 min
[2026-08-12 14:16:24] INFO Epoch 004 | train batch=620/1427 | elapsed=2.8 min | eta=3.6 min
[2026-08-12 14:16:27] INFO Epoch 004 | train batch=630/1427 | elapsed=2.8 min | eta=3.6 min
[2026-08-12 14:16:30] INFO Epoch 004 | train batch=640/1427 | elapsed=2.9 min | eta=3.5 min
[2026-08-12 14:16:32] INFO Epoch 004 | train batch=650/1427 | elapsed=2.9 min | eta=3.5 min
[2026-08-12 14:16:35] INFO Epoch 004 | train batch=660/1427 | elapsed=3.0 min | eta=3.4 min
[2026-08-12 14:16:38] INFO Epoch 004 | train batch=670/1427 | elapsed=3.0 min | eta=3.4 min
[2026-08-12 14:16:40] INFO Epoch 004 | train batch=680/1427 | elapsed=3.0 min | eta=3.3 min
[2026-08-12 14:16:43] INFO Epoch 004 | train batch=690/1427 | elapsed=3.1 min | eta=3.3 min
[2026-08-12 14:16:46] INFO Epoch 004 | train batch=700/1427 | elapsed=3.1 min | eta=3.3 min
[2026-08-12 14:16:49] INFO Epoch 004 | train batch=710/1427 | elapsed=3.2 min | eta=3.2 min
[2026-08-12 14:16:52] INFO Epoch 004 | train batch=720/1427 | elapsed=3.2 min | eta=3.2 min
[2026-08-12 14:16:55] INFO Epoch 004 | train batch=730/1427 | elapsed=3.3 min | eta=3.1 min
[2026-08-12 14:16:58] INFO Epoch 004 | train batch=740/1427 | elapsed=3.3 min | eta=3.1 min
[2026-08-12 14:17:01] INFO Epoch 004 | train batch=750/1427 | elapsed=3.4 min | eta=3.1 min
[2026-08-12 14:17:03] INFO Epoch 004 | train batch=760/1427 | elapsed=3.4 min | eta=3.0 min
[2026-08-12 14:17:06] INFO Epoch 004 | train batch=770/1427 | elapsed=3.5 min | eta=3.0 min
[2026-08-12 14:17:09] INFO Epoch 004 | train batch=780/1427 | elapsed=3.5 min | eta=2.9 min
[2026-08-12 14:17:12] INFO Epoch 004 | train batch=790/1427 | elapsed=3.6 min | eta=2.9 min
[2026-08-12 14:17:14] INFO Epoch 004 | train batch=800/1427 | elapsed=3.6 min | eta=2.8 min
[2026-08-12 14:17:17] INFO Epoch 004 | train batch=810/1427 | elapsed=3.7 min | eta=2.8 min
[2026-08-12 14:17:20] INFO Epoch 004 | train batch=820/1427 | elapsed=3.7 min | eta=2.7 min
[2026-08-12 14:17:22] INFO Epoch 004 | train batch=830/1427 | elapsed=3.7 min | eta=2.7 min
[2026-08-12 14:17:25] INFO Epoch 004 | train batch=840/1427 | elapsed=3.8 min | eta=2.6 min
[2026-08-12 14:17:28] INFO Epoch 004 | train batch=850/1427 | elapsed=3.8 min | eta=2.6 min
[2026-08-12 14:17:30] INFO Epoch 004 | train batch=860/1427 | elapsed=3.9 min | eta=2.6 min
[2026-08-12 14:17:33] INFO Epoch 004 | train batch=870/1427 | elapsed=3.9 min | eta=2.5 min
[2026-08-12 14:17:35] INFO Epoch 004 | train batch=880/1427 | elapsed=4.0 min | eta=2.5 min
[2026-08-12 14:17:38] INFO Epoch 004 | train batch=890/1427 | elapsed=4.0 min | eta=2.4 min
[2026-08-12 14:17:41] INFO Epoch 004 | train batch=900/1427 | elapsed=4.1 min | eta=2.4 min
[2026-08-12 14:17:43] INFO Epoch 004 | train batch=910/1427 | elapsed=4.1 min | eta=2.3 min
[2026-08-12 14:17:46] INFO Epoch 004 | train batch=920/1427 | elapsed=4.1 min | eta=2.3 min
[2026-08-12 14:17:49] INFO Epoch 004 | train batch=930/1427 | elapsed=4.2 min | eta=2.2 min
[2026-08-12 14:17:51] INFO Epoch 004 | train batch=940/1427 | elapsed=4.2 min | eta=2.2 min
[2026-08-12 14:17:54] INFO Epoch 004 | train batch=950/1427 | elapsed=4.3 min | eta=2.1 min
[2026-08-12 14:17:57] INFO Epoch 004 | train batch=960/1427 | elapsed=4.3 min | eta=2.1 min
[2026-08-12 14:18:00] INFO Epoch 004 | train batch=970/1427 | elapsed=4.4 min | eta=2.1 min
[2026-08-12 14:18:02] INFO Epoch 004 | train batch=980/1427 | elapsed=4.4 min | eta=2.0 min
[2026-08-12 14:18:05] INFO Epoch 004 | train batch=990/1427 | elapsed=4.5 min | eta=2.0 min
[2026-08-12 14:18:08] INFO Epoch 004 | train batch=1000/1427 | elapsed=4.5 min | eta=1.9 min
[2026-08-12 14:18:10] INFO Epoch 004 | train batch=1010/1427 | elapsed=4.5 min | eta=1.9 min
[2026-08-12 14:18:13] INFO Epoch 004 | train batch=1020/1427 | elapsed=4.6 min | eta=1.8 min
[2026-08-12 14:18:15] INFO Epoch 004 | train batch=1030/1427 | elapsed=4.6 min | eta=1.8 min
[2026-08-12 14:18:17] INFO Epoch 004 | train batch=1040/1427 | elapsed=4.7 min | eta=1.7 min
[2026-08-12 14:18:20] INFO Epoch 004 | train batch=1050/1427 | elapsed=4.7 min | eta=1.7 min
[2026-08-12 14:18:23] INFO Epoch 004 | train batch=1060/1427 | elapsed=4.7 min | eta=1.6 min
[2026-08-12 14:18:25] INFO Epoch 004 | train batch=1070/1427 | elapsed=4.8 min | eta=1.6 min
[2026-08-12 14:18:28] INFO Epoch 004 | train batch=1080/1427 | elapsed=4.8 min | eta=1.6 min
[2026-08-12 14:18:31] INFO Epoch 004 | train batch=1090/1427 | elapsed=4.9 min | eta=1.5 min
[2026-08-12 14:18:33] INFO Epoch 004 | train batch=1100/1427 | elapsed=4.9 min | eta=1.5 min
[2026-08-12 14:18:36] INFO Epoch 004 | train batch=1110/1427 | elapsed=5.0 min | eta=1.4 min
[2026-08-12 14:18:39] INFO Epoch 004 | train batch=1120/1427 | elapsed=5.0 min | eta=1.4 min
[2026-08-12 14:18:41] INFO Epoch 004 | train batch=1130/1427 | elapsed=5.1 min | eta=1.3 min
[2026-08-12 14:18:44] INFO Epoch 004 | train batch=1140/1427 | elapsed=5.1 min | eta=1.3 min
[2026-08-12 14:18:47] INFO Epoch 004 | train batch=1150/1427 | elapsed=5.2 min | eta=1.2 min
[2026-08-12 14:18:50] INFO Epoch 004 | train batch=1160/1427 | elapsed=5.2 min | eta=1.2 min
[2026-08-12 14:18:52] INFO Epoch 004 | train batch=1170/1427 | elapsed=5.2 min | eta=1.2 min
[2026-08-12 14:18:55] INFO Epoch 004 | train batch=1180/1427 | elapsed=5.3 min | eta=1.1 min
[2026-08-12 14:18:58] INFO Epoch 004 | train batch=1190/1427 | elapsed=5.3 min | eta=1.1 min
[2026-08-12 14:19:01] INFO Epoch 004 | train batch=1200/1427 | elapsed=5.4 min | eta=1.0 min
[2026-08-12 14:19:03] INFO Epoch 004 | train batch=1210/1427 | elapsed=5.4 min | eta=1.0 min
[2026-08-12 14:19:06] INFO Epoch 004 | train batch=1220/1427 | elapsed=5.5 min | eta=0.9 min
[2026-08-12 14:19:09] INFO Epoch 004 | train batch=1230/1427 | elapsed=5.5 min | eta=0.9 min
[2026-08-12 14:19:11] INFO Epoch 004 | train batch=1240/1427 | elapsed=5.6 min | eta=0.8 min
[2026-08-12 14:19:14] INFO Epoch 004 | train batch=1250/1427 | elapsed=5.6 min | eta=0.8 min
[2026-08-12 14:19:17] INFO Epoch 004 | train batch=1260/1427 | elapsed=5.7 min | eta=0.7 min
[2026-08-12 14:19:20] INFO Epoch 004 | train batch=1270/1427 | elapsed=5.7 min | eta=0.7 min
[2026-08-12 14:19:22] INFO Epoch 004 | train batch=1280/1427 | elapsed=5.7 min | eta=0.7 min
[2026-08-12 14:19:25] INFO Epoch 004 | train batch=1290/1427 | elapsed=5.8 min | eta=0.6 min
[2026-08-12 14:19:28] INFO Epoch 004 | train batch=1300/1427 | elapsed=5.8 min | eta=0.6 min
[2026-08-12 14:19:30] INFO Epoch 004 | train batch=1310/1427 | elapsed=5.9 min | eta=0.5 min
[2026-08-12 14:19:33] INFO Epoch 004 | train batch=1320/1427 | elapsed=5.9 min | eta=0.5 min
[2026-08-12 14:19:35] INFO Epoch 004 | train batch=1330/1427 | elapsed=6.0 min | eta=0.4 min
[2026-08-12 14:19:38] INFO Epoch 004 | train batch=1340/1427 | elapsed=6.0 min | eta=0.4 min
[2026-08-12 14:19:41] INFO Epoch 004 | train batch=1350/1427 | elapsed=6.0 min | eta=0.3 min
[2026-08-12 14:19:43] INFO Epoch 004 | train batch=1360/1427 | elapsed=6.1 min | eta=0.3 min
[2026-08-12 14:19:46] INFO Epoch 004 | train batch=1370/1427 | elapsed=6.1 min | eta=0.3 min
[2026-08-12 14:19:49] INFO Epoch 004 | train batch=1380/1427 | elapsed=6.2 min | eta=0.2 min
[2026-08-12 14:19:51] INFO Epoch 004 | train batch=1390/1427 | elapsed=6.2 min | eta=0.2 min
[2026-08-12 14:19:54] INFO Epoch 004 | train batch=1400/1427 | elapsed=6.3 min | eta=0.1 min
[2026-08-12 14:19:57] INFO Epoch 004 | train batch=1410/1427 | elapsed=6.3 min | eta=0.1 min
[2026-08-12 14:19:59] INFO Epoch 004 | train batch=1420/1427 | elapsed=6.4 min | eta=0.0 min
[2026-08-12 14:20:01] INFO Epoch 004 | train batch=1427/1427 | elapsed=6.4 min | eta=0.0 min
[2026-08-12 14:20:01] INFO Epoch 004 | val batch=1/203 | elapsed=0.0 min | eta=0.3 min
[2026-08-12 14:20:02] INFO Epoch 004 | val batch=10/203 | elapsed=0.0 min | eta=0.4 min
[2026-08-12 14:20:04] INFO Epoch 004 | val batch=20/203 | elapsed=0.0 min | eta=0.4 min
[2026-08-12 14:20:05] INFO Epoch 004 | val batch=30/203 | elapsed=0.1 min | eta=0.4 min
[2026-08-12 14:20:06] INFO Epoch 004 | val batch=40/203 | elapsed=0.1 min | eta=0.4 min
[2026-08-12 14:20:08] INFO Epoch 004 | val batch=50/203 | elapsed=0.1 min | eta=0.3 min
[2026-08-12 14:20:09] INFO Epoch 004 | val batch=60/203 | elapsed=0.1 min | eta=0.3 min
[2026-08-12 14:20:10] INFO Epoch 004 | val batch=70/203 | elapsed=0.2 min | eta=0.3 min
[2026-08-12 14:20:12] INFO Epoch 004 | val batch=80/203 | elapsed=0.2 min | eta=0.3 min
[2026-08-12 14:20:13] INFO Epoch 004 | val batch=90/203 | elapsed=0.2 min | eta=0.2 min
[2026-08-12 14:20:14] INFO Epoch 004 | val batch=100/203 | elapsed=0.2 min | eta=0.2 min
[2026-08-12 14:20:15] INFO Epoch 004 | val batch=110/203 | elapsed=0.2 min | eta=0.2 min
[2026-08-12 14:20:17] INFO Epoch 004 | val batch=120/203 | elapsed=0.3 min | eta=0.2 min
[2026-08-12 14:20:18] INFO Epoch 004 | val batch=130/203 | elapsed=0.3 min | eta=0.2 min
[2026-08-12 14:20:19] INFO Epoch 004 | val batch=140/203 | elapsed=0.3 min | eta=0.1 min
[2026-08-12 14:20:21] INFO Epoch 004 | val batch=150/203 | elapsed=0.3 min | eta=0.1 min
[2026-08-12 14:20:22] INFO Epoch 004 | val batch=160/203 | elapsed=0.3 min | eta=0.1 min
[2026-08-12 14:20:23] INFO Epoch 004 | val batch=170/203 | elapsed=0.4 min | eta=0.1 min
[2026-08-12 14:20:25] INFO Epoch 004 | val batch=180/203 | elapsed=0.4 min | eta=0.0 min
[2026-08-12 14:20:26] INFO Epoch 004 | val batch=190/203 | elapsed=0.4 min | eta=0.0 min
[2026-08-12 14:20:27] INFO Epoch 004 | val batch=200/203 | elapsed=0.4 min | eta=0.0 min
[2026-08-12 14:20:27] INFO Epoch 004 | val batch=203/203 | elapsed=0.4 min | eta=0.0 min
[2026-08-12 14:20:27] INFO Epoch 004 | train_total=1.020354 | val_total=1.232215 | val_mask=0.991797 | val_retrieval=2.404184 | val_profile=0.000000 | val_anchors=660915 | val_positive_pairs=0 | val_hard_negatives=0 | val_relation_candidates=9654476 | val_teacher_keff=4.444 | val_student_keff=10.470 | val_masked_positions=1959249 | skipped(train/val)=0/0
[2026-08-12 14:20:27] INFO Relation checkpoint updated | epoch=4 | best_val_relation=2.404184 | path=C:\Users\clw\projects\researchRep\STAnchor-BlockMemory\artifacts\metrla_e5_final_symnorm_local12_seed42\pretrain_best_relation.pt
[2026-08-12 14:20:27] INFO Epoch 005/050 started | train_batches=1427 | val_batches=203
[2026-08-12 14:20:28] INFO Epoch 005 | train batch=1/1427 | elapsed=0.0 min | eta=5.1 min
[2026-08-12 14:20:30] INFO Epoch 005 | train batch=10/1427 | elapsed=0.0 min | eta=6.3 min
[2026-08-12 14:20:33] INFO Epoch 005 | train batch=20/1427 | elapsed=0.1 min | eta=6.6 min
[2026-08-12 14:20:36] INFO Epoch 005 | train batch=30/1427 | elapsed=0.1 min | eta=6.5 min
[2026-08-12 14:20:38] INFO Epoch 005 | train batch=40/1427 | elapsed=0.2 min | eta=6.4 min
[2026-08-12 14:20:41] INFO Epoch 005 | train batch=50/1427 | elapsed=0.2 min | eta=6.2 min
[2026-08-12 14:20:44] INFO Epoch 005 | train batch=60/1427 | elapsed=0.3 min | eta=6.2 min
[2026-08-12 14:20:46] INFO Epoch 005 | train batch=70/1427 | elapsed=0.3 min | eta=6.1 min
[2026-08-12 14:20:49] INFO Epoch 005 | train batch=80/1427 | elapsed=0.4 min | eta=6.0 min
[2026-08-12 14:20:51] INFO Epoch 005 | train batch=90/1427 | elapsed=0.4 min | eta=5.9 min
[2026-08-12 14:20:54] INFO Epoch 005 | train batch=100/1427 | elapsed=0.4 min | eta=5.9 min
[2026-08-12 14:20:57] INFO Epoch 005 | train batch=110/1427 | elapsed=0.5 min | eta=5.9 min
[2026-08-12 14:20:59] INFO Epoch 005 | train batch=120/1427 | elapsed=0.5 min | eta=5.8 min
[2026-08-12 14:21:02] INFO Epoch 005 | train batch=130/1427 | elapsed=0.6 min | eta=5.8 min
[2026-08-12 14:21:05] INFO Epoch 005 | train batch=140/1427 | elapsed=0.6 min | eta=5.8 min
[2026-08-12 14:21:08] INFO Epoch 005 | train batch=150/1427 | elapsed=0.7 min | eta=5.7 min
[2026-08-12 14:21:10] INFO Epoch 005 | train batch=160/1427 | elapsed=0.7 min | eta=5.7 min
[2026-08-12 14:21:13] INFO Epoch 005 | train batch=170/1427 | elapsed=0.8 min | eta=5.6 min
[2026-08-12 14:21:15] INFO Epoch 005 | train batch=180/1427 | elapsed=0.8 min | eta=5.5 min
[2026-08-12 14:21:18] INFO Epoch 005 | train batch=190/1427 | elapsed=0.8 min | eta=5.5 min
[2026-08-12 14:21:20] INFO Epoch 005 | train batch=200/1427 | elapsed=0.9 min | eta=5.4 min
[2026-08-12 14:21:23] INFO Epoch 005 | train batch=210/1427 | elapsed=0.9 min | eta=5.4 min
[2026-08-12 14:21:26] INFO Epoch 005 | train batch=220/1427 | elapsed=1.0 min | eta=5.3 min
[2026-08-12 14:21:28] INFO Epoch 005 | train batch=230/1427 | elapsed=1.0 min | eta=5.3 min
[2026-08-12 14:21:31] INFO Epoch 005 | train batch=240/1427 | elapsed=1.1 min | eta=5.2 min
[2026-08-12 14:21:34] INFO Epoch 005 | train batch=250/1427 | elapsed=1.1 min | eta=5.2 min
[2026-08-12 14:21:36] INFO Epoch 005 | train batch=260/1427 | elapsed=1.1 min | eta=5.2 min
[2026-08-12 14:21:39] INFO Epoch 005 | train batch=270/1427 | elapsed=1.2 min | eta=5.1 min
[2026-08-12 14:21:42] INFO Epoch 005 | train batch=280/1427 | elapsed=1.2 min | eta=5.1 min
[2026-08-12 14:21:44] INFO Epoch 005 | train batch=290/1427 | elapsed=1.3 min | eta=5.0 min
[2026-08-12 14:21:47] INFO Epoch 005 | train batch=300/1427 | elapsed=1.3 min | eta=5.0 min
[2026-08-12 14:21:50] INFO Epoch 005 | train batch=310/1427 | elapsed=1.4 min | eta=4.9 min
[2026-08-12 14:21:52] INFO Epoch 005 | train batch=320/1427 | elapsed=1.4 min | eta=4.9 min
[2026-08-12 14:21:55] INFO Epoch 005 | train batch=330/1427 | elapsed=1.5 min | eta=4.8 min
[2026-08-12 14:21:57] INFO Epoch 005 | train batch=340/1427 | elapsed=1.5 min | eta=4.8 min
[2026-08-12 14:22:00] INFO Epoch 005 | train batch=350/1427 | elapsed=1.5 min | eta=4.7 min
[2026-08-12 14:22:03] INFO Epoch 005 | train batch=360/1427 | elapsed=1.6 min | eta=4.7 min
[2026-08-12 14:22:05] INFO Epoch 005 | train batch=370/1427 | elapsed=1.6 min | eta=4.7 min
[2026-08-12 14:22:08] INFO Epoch 005 | train batch=380/1427 | elapsed=1.7 min | eta=4.6 min
[2026-08-12 14:22:10] INFO Epoch 005 | train batch=390/1427 | elapsed=1.7 min | eta=4.6 min
[2026-08-12 14:22:13] INFO Epoch 005 | train batch=400/1427 | elapsed=1.8 min | eta=4.5 min
[2026-08-12 14:22:16] INFO Epoch 005 | train batch=410/1427 | elapsed=1.8 min | eta=4.5 min
[2026-08-12 14:22:19] INFO Epoch 005 | train batch=420/1427 | elapsed=1.9 min | eta=4.4 min
[2026-08-12 14:22:21] INFO Epoch 005 | train batch=430/1427 | elapsed=1.9 min | eta=4.4 min
[2026-08-12 14:22:24] INFO Epoch 005 | train batch=440/1427 | elapsed=1.9 min | eta=4.3 min
[2026-08-12 14:22:26] INFO Epoch 005 | train batch=450/1427 | elapsed=2.0 min | eta=4.3 min
[2026-08-12 14:22:29] INFO Epoch 005 | train batch=460/1427 | elapsed=2.0 min | eta=4.3 min
[2026-08-12 14:22:32] INFO Epoch 005 | train batch=470/1427 | elapsed=2.1 min | eta=4.2 min
[2026-08-12 14:22:35] INFO Epoch 005 | train batch=480/1427 | elapsed=2.1 min | eta=4.2 min
[2026-08-12 14:22:37] INFO Epoch 005 | train batch=490/1427 | elapsed=2.2 min | eta=4.1 min
[2026-08-12 14:22:40] INFO Epoch 005 | train batch=500/1427 | elapsed=2.2 min | eta=4.1 min
[2026-08-12 14:22:42] INFO Epoch 005 | train batch=510/1427 | elapsed=2.3 min | eta=4.0 min
[2026-08-12 14:22:45] INFO Epoch 005 | train batch=520/1427 | elapsed=2.3 min | eta=4.0 min
[2026-08-12 14:22:48] INFO Epoch 005 | train batch=530/1427 | elapsed=2.3 min | eta=4.0 min
[2026-08-12 14:22:51] INFO Epoch 005 | train batch=540/1427 | elapsed=2.4 min | eta=3.9 min
[2026-08-12 14:22:53] INFO Epoch 005 | train batch=550/1427 | elapsed=2.4 min | eta=3.9 min
[2026-08-12 14:22:56] INFO Epoch 005 | train batch=560/1427 | elapsed=2.5 min | eta=3.8 min
[2026-08-12 14:22:59] INFO Epoch 005 | train batch=570/1427 | elapsed=2.5 min | eta=3.8 min
[2026-08-12 14:23:01] INFO Epoch 005 | train batch=580/1427 | elapsed=2.6 min | eta=3.7 min
[2026-08-12 14:23:04] INFO Epoch 005 | train batch=590/1427 | elapsed=2.6 min | eta=3.7 min
[2026-08-12 14:23:07] INFO Epoch 005 | train batch=600/1427 | elapsed=2.7 min | eta=3.7 min
[2026-08-12 14:23:09] INFO Epoch 005 | train batch=610/1427 | elapsed=2.7 min | eta=3.6 min
[2026-08-12 14:23:12] INFO Epoch 005 | train batch=620/1427 | elapsed=2.7 min | eta=3.6 min
[2026-08-12 14:23:15] INFO Epoch 005 | train batch=630/1427 | elapsed=2.8 min | eta=3.5 min
[2026-08-12 14:23:17] INFO Epoch 005 | train batch=640/1427 | elapsed=2.8 min | eta=3.5 min
[2026-08-12 14:23:20] INFO Epoch 005 | train batch=650/1427 | elapsed=2.9 min | eta=3.4 min
[2026-08-12 14:23:23] INFO Epoch 005 | train batch=660/1427 | elapsed=2.9 min | eta=3.4 min
[2026-08-12 14:23:25] INFO Epoch 005 | train batch=670/1427 | elapsed=3.0 min | eta=3.4 min
[2026-08-12 14:23:28] INFO Epoch 005 | train batch=680/1427 | elapsed=3.0 min | eta=3.3 min
[2026-08-12 14:23:31] INFO Epoch 005 | train batch=690/1427 | elapsed=3.1 min | eta=3.3 min
[2026-08-12 14:23:33] INFO Epoch 005 | train batch=700/1427 | elapsed=3.1 min | eta=3.2 min
[2026-08-12 14:23:36] INFO Epoch 005 | train batch=710/1427 | elapsed=3.1 min | eta=3.2 min
[2026-08-12 14:23:38] INFO Epoch 005 | train batch=720/1427 | elapsed=3.2 min | eta=3.1 min
[2026-08-12 14:23:41] INFO Epoch 005 | train batch=730/1427 | elapsed=3.2 min | eta=3.1 min
[2026-08-12 14:23:44] INFO Epoch 005 | train batch=740/1427 | elapsed=3.3 min | eta=3.0 min
[2026-08-12 14:23:47] INFO Epoch 005 | train batch=750/1427 | elapsed=3.3 min | eta=3.0 min
[2026-08-12 14:23:49] INFO Epoch 005 | train batch=760/1427 | elapsed=3.4 min | eta=3.0 min
[2026-08-12 14:23:52] INFO Epoch 005 | train batch=770/1427 | elapsed=3.4 min | eta=2.9 min
[2026-08-12 14:23:55] INFO Epoch 005 | train batch=780/1427 | elapsed=3.5 min | eta=2.9 min
[2026-08-12 14:23:58] INFO Epoch 005 | train batch=790/1427 | elapsed=3.5 min | eta=2.8 min
[2026-08-12 14:24:00] INFO Epoch 005 | train batch=800/1427 | elapsed=3.6 min | eta=2.8 min
[2026-08-12 14:24:03] INFO Epoch 005 | train batch=810/1427 | elapsed=3.6 min | eta=2.7 min
[2026-08-12 14:24:06] INFO Epoch 005 | train batch=820/1427 | elapsed=3.6 min | eta=2.7 min
[2026-08-12 14:24:09] INFO Epoch 005 | train batch=830/1427 | elapsed=3.7 min | eta=2.7 min
[2026-08-12 14:24:12] INFO Epoch 005 | train batch=840/1427 | elapsed=3.7 min | eta=2.6 min
[2026-08-12 14:24:15] INFO Epoch 005 | train batch=850/1427 | elapsed=3.8 min | eta=2.6 min
[2026-08-12 14:24:17] INFO Epoch 005 | train batch=860/1427 | elapsed=3.8 min | eta=2.5 min
[2026-08-12 14:24:20] INFO Epoch 005 | train batch=870/1427 | elapsed=3.9 min | eta=2.5 min
[2026-08-12 14:24:23] INFO Epoch 005 | train batch=880/1427 | elapsed=3.9 min | eta=2.4 min
[2026-08-12 14:24:25] INFO Epoch 005 | train batch=890/1427 | elapsed=4.0 min | eta=2.4 min
[2026-08-12 14:24:28] INFO Epoch 005 | train batch=900/1427 | elapsed=4.0 min | eta=2.3 min
[2026-08-12 14:24:31] INFO Epoch 005 | train batch=910/1427 | elapsed=4.1 min | eta=2.3 min
[2026-08-12 14:24:33] INFO Epoch 005 | train batch=920/1427 | elapsed=4.1 min | eta=2.3 min
[2026-08-12 14:24:36] INFO Epoch 005 | train batch=930/1427 | elapsed=4.1 min | eta=2.2 min
[2026-08-12 14:24:39] INFO Epoch 005 | train batch=940/1427 | elapsed=4.2 min | eta=2.2 min
[2026-08-12 14:24:41] INFO Epoch 005 | train batch=950/1427 | elapsed=4.2 min | eta=2.1 min
[2026-08-12 14:24:44] INFO Epoch 005 | train batch=960/1427 | elapsed=4.3 min | eta=2.1 min
[2026-08-12 14:24:47] INFO Epoch 005 | train batch=970/1427 | elapsed=4.3 min | eta=2.0 min
[2026-08-12 14:24:49] INFO Epoch 005 | train batch=980/1427 | elapsed=4.4 min | eta=2.0 min
[2026-08-12 14:24:52] INFO Epoch 005 | train batch=990/1427 | elapsed=4.4 min | eta=1.9 min
[2026-08-12 14:24:54] INFO Epoch 005 | train batch=1000/1427 | elapsed=4.4 min | eta=1.9 min
[2026-08-12 14:24:57] INFO Epoch 005 | train batch=1010/1427 | elapsed=4.5 min | eta=1.9 min
[2026-08-12 14:25:00] INFO Epoch 005 | train batch=1020/1427 | elapsed=4.5 min | eta=1.8 min
[2026-08-12 14:25:02] INFO Epoch 005 | train batch=1030/1427 | elapsed=4.6 min | eta=1.8 min
[2026-08-12 14:25:05] INFO Epoch 005 | train batch=1040/1427 | elapsed=4.6 min | eta=1.7 min
[2026-08-12 14:25:07] INFO Epoch 005 | train batch=1050/1427 | elapsed=4.7 min | eta=1.7 min
[2026-08-12 14:25:10] INFO Epoch 005 | train batch=1060/1427 | elapsed=4.7 min | eta=1.6 min
[2026-08-12 14:25:13] INFO Epoch 005 | train batch=1070/1427 | elapsed=4.8 min | eta=1.6 min
[2026-08-12 14:25:15] INFO Epoch 005 | train batch=1080/1427 | elapsed=4.8 min | eta=1.5 min
[2026-08-12 14:25:18] INFO Epoch 005 | train batch=1090/1427 | elapsed=4.8 min | eta=1.5 min
[2026-08-12 14:25:21] INFO Epoch 005 | train batch=1100/1427 | elapsed=4.9 min | eta=1.5 min
[2026-08-12 14:25:23] INFO Epoch 005 | train batch=1110/1427 | elapsed=4.9 min | eta=1.4 min
[2026-08-12 14:25:26] INFO Epoch 005 | train batch=1120/1427 | elapsed=5.0 min | eta=1.4 min
[2026-08-12 14:25:29] INFO Epoch 005 | train batch=1130/1427 | elapsed=5.0 min | eta=1.3 min
[2026-08-12 14:25:32] INFO Epoch 005 | train batch=1140/1427 | elapsed=5.1 min | eta=1.3 min
[2026-08-12 14:25:34] INFO Epoch 005 | train batch=1150/1427 | elapsed=5.1 min | eta=1.2 min
[2026-08-12 14:25:37] INFO Epoch 005 | train batch=1160/1427 | elapsed=5.2 min | eta=1.2 min
[2026-08-12 14:25:39] INFO Epoch 005 | train batch=1170/1427 | elapsed=5.2 min | eta=1.1 min
[2026-08-12 14:25:42] INFO Epoch 005 | train batch=1180/1427 | elapsed=5.2 min | eta=1.1 min
[2026-08-12 14:25:45] INFO Epoch 005 | train batch=1190/1427 | elapsed=5.3 min | eta=1.1 min
[2026-08-12 14:25:47] INFO Epoch 005 | train batch=1200/1427 | elapsed=5.3 min | eta=1.0 min
[2026-08-12 14:25:50] INFO Epoch 005 | train batch=1210/1427 | elapsed=5.4 min | eta=1.0 min
[2026-08-12 14:25:52] INFO Epoch 005 | train batch=1220/1427 | elapsed=5.4 min | eta=0.9 min
[2026-08-12 14:25:55] INFO Epoch 005 | train batch=1230/1427 | elapsed=5.5 min | eta=0.9 min
[2026-08-12 14:25:58] INFO Epoch 005 | train batch=1240/1427 | elapsed=5.5 min | eta=0.8 min
[2026-08-12 14:26:01] INFO Epoch 005 | train batch=1250/1427 | elapsed=5.6 min | eta=0.8 min
[2026-08-12 14:26:03] INFO Epoch 005 | train batch=1260/1427 | elapsed=5.6 min | eta=0.7 min
[2026-08-12 14:26:06] INFO Epoch 005 | train batch=1270/1427 | elapsed=5.6 min | eta=0.7 min
[2026-08-12 14:26:08] INFO Epoch 005 | train batch=1280/1427 | elapsed=5.7 min | eta=0.7 min
[2026-08-12 14:26:11] INFO Epoch 005 | train batch=1290/1427 | elapsed=5.7 min | eta=0.6 min
[2026-08-12 14:26:14] INFO Epoch 005 | train batch=1300/1427 | elapsed=5.8 min | eta=0.6 min
[2026-08-12 14:26:16] INFO Epoch 005 | train batch=1310/1427 | elapsed=5.8 min | eta=0.5 min
[2026-08-12 14:26:19] INFO Epoch 005 | train batch=1320/1427 | elapsed=5.9 min | eta=0.5 min
[2026-08-12 14:26:22] INFO Epoch 005 | train batch=1330/1427 | elapsed=5.9 min | eta=0.4 min
[2026-08-12 14:26:24] INFO Epoch 005 | train batch=1340/1427 | elapsed=5.9 min | eta=0.4 min
[2026-08-12 14:26:27] INFO Epoch 005 | train batch=1350/1427 | elapsed=6.0 min | eta=0.3 min
[2026-08-12 14:26:30] INFO Epoch 005 | train batch=1360/1427 | elapsed=6.0 min | eta=0.3 min
[2026-08-12 14:26:32] INFO Epoch 005 | train batch=1370/1427 | elapsed=6.1 min | eta=0.3 min
[2026-08-12 14:26:35] INFO Epoch 005 | train batch=1380/1427 | elapsed=6.1 min | eta=0.2 min
[2026-08-12 14:26:38] INFO Epoch 005 | train batch=1390/1427 | elapsed=6.2 min | eta=0.2 min
[2026-08-12 14:26:40] INFO Epoch 005 | train batch=1400/1427 | elapsed=6.2 min | eta=0.1 min
[2026-08-12 14:26:43] INFO Epoch 005 | train batch=1410/1427 | elapsed=6.3 min | eta=0.1 min
[2026-08-12 14:26:45] INFO Epoch 005 | train batch=1420/1427 | elapsed=6.3 min | eta=0.0 min
[2026-08-12 14:26:47] INFO Epoch 005 | train batch=1427/1427 | elapsed=6.3 min | eta=0.0 min
[2026-08-12 14:26:47] INFO Epoch 005 | val batch=1/203 | elapsed=0.0 min | eta=0.3 min
[2026-08-12 14:26:48] INFO Epoch 005 | val batch=10/203 | elapsed=0.0 min | eta=0.4 min
[2026-08-12 14:26:50] INFO Epoch 005 | val batch=20/203 | elapsed=0.0 min | eta=0.4 min
[2026-08-12 14:26:51] INFO Epoch 005 | val batch=30/203 | elapsed=0.1 min | eta=0.4 min
[2026-08-12 14:26:52] INFO Epoch 005 | val batch=40/203 | elapsed=0.1 min | eta=0.4 min
[2026-08-12 14:26:54] INFO Epoch 005 | val batch=50/203 | elapsed=0.1 min | eta=0.3 min
[2026-08-12 14:26:55] INFO Epoch 005 | val batch=60/203 | elapsed=0.1 min | eta=0.3 min
[2026-08-12 14:26:56] INFO Epoch 005 | val batch=70/203 | elapsed=0.2 min | eta=0.3 min
[2026-08-12 14:26:58] INFO Epoch 005 | val batch=80/203 | elapsed=0.2 min | eta=0.3 min
[2026-08-12 14:26:59] INFO Epoch 005 | val batch=90/203 | elapsed=0.2 min | eta=0.2 min
[2026-08-12 14:27:00] INFO Epoch 005 | val batch=100/203 | elapsed=0.2 min | eta=0.2 min
[2026-08-12 14:27:02] INFO Epoch 005 | val batch=110/203 | elapsed=0.2 min | eta=0.2 min
[2026-08-12 14:27:03] INFO Epoch 005 | val batch=120/203 | elapsed=0.3 min | eta=0.2 min
[2026-08-12 14:27:04] INFO Epoch 005 | val batch=130/203 | elapsed=0.3 min | eta=0.2 min
[2026-08-12 14:27:06] INFO Epoch 005 | val batch=140/203 | elapsed=0.3 min | eta=0.1 min
[2026-08-12 14:27:07] INFO Epoch 005 | val batch=150/203 | elapsed=0.3 min | eta=0.1 min
[2026-08-12 14:27:08] INFO Epoch 005 | val batch=160/203 | elapsed=0.4 min | eta=0.1 min
[2026-08-12 14:27:10] INFO Epoch 005 | val batch=170/203 | elapsed=0.4 min | eta=0.1 min
[2026-08-12 14:27:11] INFO Epoch 005 | val batch=180/203 | elapsed=0.4 min | eta=0.1 min
[2026-08-12 14:27:12] INFO Epoch 005 | val batch=190/203 | elapsed=0.4 min | eta=0.0 min
[2026-08-12 14:27:13] INFO Epoch 005 | val batch=200/203 | elapsed=0.4 min | eta=0.0 min
[2026-08-12 14:27:14] INFO Epoch 005 | val batch=203/203 | elapsed=0.4 min | eta=0.0 min
[2026-08-12 14:27:14] INFO Epoch 005 | train_total=1.031136 | val_total=1.003872 | val_mask=0.764191 | val_retrieval=2.396818 | val_profile=0.000000 | val_anchors=660915 | val_positive_pairs=0 | val_hard_negatives=0 | val_relation_candidates=9654476 | val_teacher_keff=4.444 | val_student_keff=10.050 | val_masked_positions=1959602 | skipped(train/val)=0/0
[2026-08-12 14:27:14] INFO Relation checkpoint updated | epoch=5 | best_val_relation=2.396818 | path=C:\Users\clw\projects\researchRep\STAnchor-BlockMemory\artifacts\metrla_e5_final_symnorm_local12_seed42\pretrain_best_relation.pt
[2026-08-12 14:27:14] INFO Epoch 006/050 started | train_batches=1427 | val_batches=203
[2026-08-12 14:27:14] INFO Epoch 006 | train batch=1/1427 | elapsed=0.0 min | eta=7.7 min
[2026-08-12 14:27:17] INFO Epoch 006 | train batch=10/1427 | elapsed=0.0 min | eta=6.7 min
[2026-08-12 14:27:19] INFO Epoch 006 | train batch=20/1427 | elapsed=0.1 min | eta=6.2 min
[2026-08-12 14:27:22] INFO Epoch 006 | train batch=30/1427 | elapsed=0.1 min | eta=6.2 min
[2026-08-12 14:27:25] INFO Epoch 006 | train batch=40/1427 | elapsed=0.2 min | eta=6.3 min
[2026-08-12 14:27:27] INFO Epoch 006 | train batch=50/1427 | elapsed=0.2 min | eta=6.3 min
[2026-08-12 14:27:30] INFO Epoch 006 | train batch=60/1427 | elapsed=0.3 min | eta=6.2 min
[2026-08-12 14:27:33] INFO Epoch 006 | train batch=70/1427 | elapsed=0.3 min | eta=6.2 min
[2026-08-12 14:27:36] INFO Epoch 006 | train batch=80/1427 | elapsed=0.4 min | eta=6.2 min
[2026-08-12 14:27:39] INFO Epoch 006 | train batch=90/1427 | elapsed=0.4 min | eta=6.2 min
[2026-08-12 14:27:42] INFO Epoch 006 | train batch=100/1427 | elapsed=0.5 min | eta=6.2 min
[2026-08-12 14:27:44] INFO Epoch 006 | train batch=110/1427 | elapsed=0.5 min | eta=6.1 min
[2026-08-12 14:27:47] INFO Epoch 006 | train batch=120/1427 | elapsed=0.6 min | eta=6.1 min
[2026-08-12 14:27:50] INFO Epoch 006 | train batch=130/1427 | elapsed=0.6 min | eta=6.0 min
[2026-08-12 14:27:53] INFO Epoch 006 | train batch=140/1427 | elapsed=0.7 min | eta=6.0 min
[2026-08-12 14:27:56] INFO Epoch 006 | train batch=150/1427 | elapsed=0.7 min | eta=5.9 min
[2026-08-12 14:27:58] INFO Epoch 006 | train batch=160/1427 | elapsed=0.7 min | eta=5.8 min
[2026-08-12 14:28:01] INFO Epoch 006 | train batch=170/1427 | elapsed=0.8 min | eta=5.8 min
[2026-08-12 14:28:03] INFO Epoch 006 | train batch=180/1427 | elapsed=0.8 min | eta=5.7 min
[2026-08-12 14:28:06] INFO Epoch 006 | train batch=190/1427 | elapsed=0.9 min | eta=5.7 min
[2026-08-12 14:28:09] INFO Epoch 006 | train batch=200/1427 | elapsed=0.9 min | eta=5.6 min
[2026-08-12 14:28:12] INFO Epoch 006 | train batch=210/1427 | elapsed=1.0 min | eta=5.6 min
[2026-08-12 14:28:14] INFO Epoch 006 | train batch=220/1427 | elapsed=1.0 min | eta=5.5 min
[2026-08-12 14:28:17] INFO Epoch 006 | train batch=230/1427 | elapsed=1.1 min | eta=5.5 min
[2026-08-12 14:28:20] INFO Epoch 006 | train batch=240/1427 | elapsed=1.1 min | eta=5.4 min
[2026-08-12 14:28:22] INFO Epoch 006 | train batch=250/1427 | elapsed=1.1 min | eta=5.4 min
[2026-08-12 14:28:25] INFO Epoch 006 | train batch=260/1427 | elapsed=1.2 min | eta=5.3 min
[2026-08-12 14:28:28] INFO Epoch 006 | train batch=270/1427 | elapsed=1.2 min | eta=5.3 min
[2026-08-12 14:28:31] INFO Epoch 006 | train batch=280/1427 | elapsed=1.3 min | eta=5.2 min
[2026-08-12 14:28:33] INFO Epoch 006 | train batch=290/1427 | elapsed=1.3 min | eta=5.2 min
[2026-08-12 14:28:35] INFO Epoch 006 | train batch=300/1427 | elapsed=1.4 min | eta=5.1 min
[2026-08-12 14:28:38] INFO Epoch 006 | train batch=310/1427 | elapsed=1.4 min | eta=5.1 min
[2026-08-12 14:28:41] INFO Epoch 006 | train batch=320/1427 | elapsed=1.4 min | eta=5.0 min
[2026-08-12 14:28:43] INFO Epoch 006 | train batch=330/1427 | elapsed=1.5 min | eta=5.0 min
[2026-08-12 14:28:46] INFO Epoch 006 | train batch=340/1427 | elapsed=1.5 min | eta=4.9 min
[2026-08-12 14:28:49] INFO Epoch 006 | train batch=350/1427 | elapsed=1.6 min | eta=4.9 min
[2026-08-12 14:28:52] INFO Epoch 006 | train batch=360/1427 | elapsed=1.6 min | eta=4.8 min
[2026-08-12 14:28:54] INFO Epoch 006 | train batch=370/1427 | elapsed=1.7 min | eta=4.8 min
[2026-08-12 14:28:57] INFO Epoch 006 | train batch=380/1427 | elapsed=1.7 min | eta=4.7 min
[2026-08-12 14:28:59] INFO Epoch 006 | train batch=390/1427 | elapsed=1.8 min | eta=4.7 min
[2026-08-12 14:29:02] INFO Epoch 006 | train batch=400/1427 | elapsed=1.8 min | eta=4.6 min
[2026-08-12 14:29:04] INFO Epoch 006 | train batch=410/1427 | elapsed=1.8 min | eta=4.6 min
[2026-08-12 14:29:07] INFO Epoch 006 | train batch=420/1427 | elapsed=1.9 min | eta=4.5 min
[2026-08-12 14:29:10] INFO Epoch 006 | train batch=430/1427 | elapsed=1.9 min | eta=4.5 min
[2026-08-12 14:29:12] INFO Epoch 006 | train batch=440/1427 | elapsed=2.0 min | eta=4.4 min
[2026-08-12 14:29:15] INFO Epoch 006 | train batch=450/1427 | elapsed=2.0 min | eta=4.4 min
[2026-08-12 14:29:18] INFO Epoch 006 | train batch=460/1427 | elapsed=2.1 min | eta=4.3 min
[2026-08-12 14:29:20] INFO Epoch 006 | train batch=470/1427 | elapsed=2.1 min | eta=4.3 min
[2026-08-12 14:29:23] INFO Epoch 006 | train batch=480/1427 | elapsed=2.2 min | eta=4.3 min
[2026-08-12 14:29:26] INFO Epoch 006 | train batch=490/1427 | elapsed=2.2 min | eta=4.2 min
[2026-08-12 14:29:28] INFO Epoch 006 | train batch=500/1427 | elapsed=2.2 min | eta=4.2 min
[2026-08-12 14:29:31] INFO Epoch 006 | train batch=510/1427 | elapsed=2.3 min | eta=4.1 min
[2026-08-12 14:29:33] INFO Epoch 006 | train batch=520/1427 | elapsed=2.3 min | eta=4.1 min
[2026-08-12 14:29:36] INFO Epoch 006 | train batch=530/1427 | elapsed=2.4 min | eta=4.0 min
[2026-08-12 14:29:39] INFO Epoch 006 | train batch=540/1427 | elapsed=2.4 min | eta=4.0 min
[2026-08-12 14:29:41] INFO Epoch 006 | train batch=550/1427 | elapsed=2.5 min | eta=3.9 min
[2026-08-12 14:29:44] INFO Epoch 006 | train batch=560/1427 | elapsed=2.5 min | eta=3.9 min
[2026-08-12 14:29:46] INFO Epoch 006 | train batch=570/1427 | elapsed=2.5 min | eta=3.8 min
[2026-08-12 14:29:49] INFO Epoch 006 | train batch=580/1427 | elapsed=2.6 min | eta=3.8 min
[2026-08-12 14:29:51] INFO Epoch 006 | train batch=590/1427 | elapsed=2.6 min | eta=3.7 min
[2026-08-12 14:29:54] INFO Epoch 006 | train batch=600/1427 | elapsed=2.7 min | eta=3.7 min
[2026-08-12 14:29:56] INFO Epoch 006 | train batch=610/1427 | elapsed=2.7 min | eta=3.6 min
[2026-08-12 14:29:59] INFO Epoch 006 | train batch=620/1427 | elapsed=2.8 min | eta=3.6 min
[2026-08-12 14:30:01] INFO Epoch 006 | train batch=630/1427 | elapsed=2.8 min | eta=3.5 min
[2026-08-12 14:30:04] INFO Epoch 006 | train batch=640/1427 | elapsed=2.8 min | eta=3.5 min
[2026-08-12 14:30:07] INFO Epoch 006 | train batch=650/1427 | elapsed=2.9 min | eta=3.4 min
[2026-08-12 14:30:09] INFO Epoch 006 | train batch=660/1427 | elapsed=2.9 min | eta=3.4 min
[2026-08-12 14:30:12] INFO Epoch 006 | train batch=670/1427 | elapsed=3.0 min | eta=3.4 min
[2026-08-12 14:30:15] INFO Epoch 006 | train batch=680/1427 | elapsed=3.0 min | eta=3.3 min
[2026-08-12 14:30:18] INFO Epoch 006 | train batch=690/1427 | elapsed=3.1 min | eta=3.3 min
[2026-08-12 14:30:20] INFO Epoch 006 | train batch=700/1427 | elapsed=3.1 min | eta=3.2 min
[2026-08-12 14:30:23] INFO Epoch 006 | train batch=710/1427 | elapsed=3.2 min | eta=3.2 min
[2026-08-12 14:30:26] INFO Epoch 006 | train batch=720/1427 | elapsed=3.2 min | eta=3.1 min
[2026-08-12 14:30:29] INFO Epoch 006 | train batch=730/1427 | elapsed=3.2 min | eta=3.1 min
[2026-08-12 14:30:31] INFO Epoch 006 | train batch=740/1427 | elapsed=3.3 min | eta=3.1 min
[2026-08-12 14:30:34] INFO Epoch 006 | train batch=750/1427 | elapsed=3.3 min | eta=3.0 min
[2026-08-12 14:30:37] INFO Epoch 006 | train batch=760/1427 | elapsed=3.4 min | eta=3.0 min
[2026-08-12 14:30:39] INFO Epoch 006 | train batch=770/1427 | elapsed=3.4 min | eta=2.9 min
[2026-08-12 14:30:42] INFO Epoch 006 | train batch=780/1427 | elapsed=3.5 min | eta=2.9 min
[2026-08-12 14:30:44] INFO Epoch 006 | train batch=790/1427 | elapsed=3.5 min | eta=2.8 min
[2026-08-12 14:30:47] INFO Epoch 006 | train batch=800/1427 | elapsed=3.5 min | eta=2.8 min
[2026-08-12 14:30:49] INFO Epoch 006 | train batch=810/1427 | elapsed=3.6 min | eta=2.7 min
[2026-08-12 14:30:52] INFO Epoch 006 | train batch=820/1427 | elapsed=3.6 min | eta=2.7 min
[2026-08-12 14:30:55] INFO Epoch 006 | train batch=830/1427 | elapsed=3.7 min | eta=2.6 min
[2026-08-12 14:30:57] INFO Epoch 006 | train batch=840/1427 | elapsed=3.7 min | eta=2.6 min
[2026-08-12 14:31:00] INFO Epoch 006 | train batch=850/1427 | elapsed=3.8 min | eta=2.6 min
[2026-08-12 14:31:03] INFO Epoch 006 | train batch=860/1427 | elapsed=3.8 min | eta=2.5 min
[2026-08-12 14:31:06] INFO Epoch 006 | train batch=870/1427 | elapsed=3.9 min | eta=2.5 min
[2026-08-12 14:31:08] INFO Epoch 006 | train batch=880/1427 | elapsed=3.9 min | eta=2.4 min
[2026-08-12 14:31:11] INFO Epoch 006 | train batch=890/1427 | elapsed=4.0 min | eta=2.4 min
[2026-08-12 14:31:14] INFO Epoch 006 | train batch=900/1427 | elapsed=4.0 min | eta=2.3 min
[2026-08-12 14:31:17] INFO Epoch 006 | train batch=910/1427 | elapsed=4.0 min | eta=2.3 min
[2026-08-12 14:31:19] INFO Epoch 006 | train batch=920/1427 | elapsed=4.1 min | eta=2.3 min
[2026-08-12 14:31:21] INFO Epoch 006 | train batch=930/1427 | elapsed=4.1 min | eta=2.2 min
[2026-08-12 14:31:24] INFO Epoch 006 | train batch=940/1427 | elapsed=4.2 min | eta=2.2 min
[2026-08-12 14:31:27] INFO Epoch 006 | train batch=950/1427 | elapsed=4.2 min | eta=2.1 min
[2026-08-12 14:31:29] INFO Epoch 006 | train batch=960/1427 | elapsed=4.3 min | eta=2.1 min
[2026-08-12 14:31:32] INFO Epoch 006 | train batch=970/1427 | elapsed=4.3 min | eta=2.0 min
[2026-08-12 14:31:34] INFO Epoch 006 | train batch=980/1427 | elapsed=4.3 min | eta=2.0 min
[2026-08-12 14:31:37] INFO Epoch 006 | train batch=990/1427 | elapsed=4.4 min | eta=1.9 min
[2026-08-12 14:31:40] INFO Epoch 006 | train batch=1000/1427 | elapsed=4.4 min | eta=1.9 min
[2026-08-12 14:31:43] INFO Epoch 006 | train batch=1010/1427 | elapsed=4.5 min | eta=1.8 min
[2026-08-12 14:31:45] INFO Epoch 006 | train batch=1020/1427 | elapsed=4.5 min | eta=1.8 min
[2026-08-12 14:31:48] INFO Epoch 006 | train batch=1030/1427 | elapsed=4.6 min | eta=1.8 min
[2026-08-12 14:31:50] INFO Epoch 006 | train batch=1040/1427 | elapsed=4.6 min | eta=1.7 min
[2026-08-12 14:31:53] INFO Epoch 006 | train batch=1050/1427 | elapsed=4.7 min | eta=1.7 min
[2026-08-12 14:31:56] INFO Epoch 006 | train batch=1060/1427 | elapsed=4.7 min | eta=1.6 min
[2026-08-12 14:31:59] INFO Epoch 006 | train batch=1070/1427 | elapsed=4.8 min | eta=1.6 min
[2026-08-12 14:32:02] INFO Epoch 006 | train batch=1080/1427 | elapsed=4.8 min | eta=1.5 min
[2026-08-12 14:32:05] INFO Epoch 006 | train batch=1090/1427 | elapsed=4.8 min | eta=1.5 min
[2026-08-12 14:32:07] INFO Epoch 006 | train batch=1100/1427 | elapsed=4.9 min | eta=1.5 min
[2026-08-12 14:32:10] INFO Epoch 006 | train batch=1110/1427 | elapsed=4.9 min | eta=1.4 min
[2026-08-12 14:32:12] INFO Epoch 006 | train batch=1120/1427 | elapsed=5.0 min | eta=1.4 min
[2026-08-12 14:32:15] INFO Epoch 006 | train batch=1130/1427 | elapsed=5.0 min | eta=1.3 min
[2026-08-12 14:32:18] INFO Epoch 006 | train batch=1140/1427 | elapsed=5.1 min | eta=1.3 min
[2026-08-12 14:32:21] INFO Epoch 006 | train batch=1150/1427 | elapsed=5.1 min | eta=1.2 min
[2026-08-12 14:32:23] INFO Epoch 006 | train batch=1160/1427 | elapsed=5.2 min | eta=1.2 min
[2026-08-12 14:32:26] INFO Epoch 006 | train batch=1170/1427 | elapsed=5.2 min | eta=1.1 min
[2026-08-12 14:32:29] INFO Epoch 006 | train batch=1180/1427 | elapsed=5.2 min | eta=1.1 min
[2026-08-12 14:32:31] INFO Epoch 006 | train batch=1190/1427 | elapsed=5.3 min | eta=1.1 min
[2026-08-12 14:32:34] INFO Epoch 006 | train batch=1200/1427 | elapsed=5.3 min | eta=1.0 min
[2026-08-12 14:32:37] INFO Epoch 006 | train batch=1210/1427 | elapsed=5.4 min | eta=1.0 min
[2026-08-12 14:32:40] INFO Epoch 006 | train batch=1220/1427 | elapsed=5.4 min | eta=0.9 min
[2026-08-12 14:32:43] INFO Epoch 006 | train batch=1230/1427 | elapsed=5.5 min | eta=0.9 min
[2026-08-12 14:32:45] INFO Epoch 006 | train batch=1240/1427 | elapsed=5.5 min | eta=0.8 min
[2026-08-12 14:32:48] INFO Epoch 006 | train batch=1250/1427 | elapsed=5.6 min | eta=0.8 min
[2026-08-12 14:32:51] INFO Epoch 006 | train batch=1260/1427 | elapsed=5.6 min | eta=0.7 min
[2026-08-12 14:32:53] INFO Epoch 006 | train batch=1270/1427 | elapsed=5.7 min | eta=0.7 min
[2026-08-12 14:32:56] INFO Epoch 006 | train batch=1280/1427 | elapsed=5.7 min | eta=0.7 min
[2026-08-12 14:32:58] INFO Epoch 006 | train batch=1290/1427 | elapsed=5.7 min | eta=0.6 min
[2026-08-12 14:33:01] INFO Epoch 006 | train batch=1300/1427 | elapsed=5.8 min | eta=0.6 min
[2026-08-12 14:33:03] INFO Epoch 006 | train batch=1310/1427 | elapsed=5.8 min | eta=0.5 min
[2026-08-12 14:33:06] INFO Epoch 006 | train batch=1320/1427 | elapsed=5.9 min | eta=0.5 min
[2026-08-12 14:33:08] INFO Epoch 006 | train batch=1330/1427 | elapsed=5.9 min | eta=0.4 min
[2026-08-12 14:33:11] INFO Epoch 006 | train batch=1340/1427 | elapsed=5.9 min | eta=0.4 min
[2026-08-12 14:33:13] INFO Epoch 006 | train batch=1350/1427 | elapsed=6.0 min | eta=0.3 min
[2026-08-12 14:33:16] INFO Epoch 006 | train batch=1360/1427 | elapsed=6.0 min | eta=0.3 min
[2026-08-12 14:33:19] INFO Epoch 006 | train batch=1370/1427 | elapsed=6.1 min | eta=0.3 min
[2026-08-12 14:33:22] INFO Epoch 006 | train batch=1380/1427 | elapsed=6.1 min | eta=0.2 min
[2026-08-12 14:33:25] INFO Epoch 006 | train batch=1390/1427 | elapsed=6.2 min | eta=0.2 min
[2026-08-12 14:33:27] INFO Epoch 006 | train batch=1400/1427 | elapsed=6.2 min | eta=0.1 min
[2026-08-12 14:33:30] INFO Epoch 006 | train batch=1410/1427 | elapsed=6.3 min | eta=0.1 min
[2026-08-12 14:33:32] INFO Epoch 006 | train batch=1420/1427 | elapsed=6.3 min | eta=0.0 min
[2026-08-12 14:33:34] INFO Epoch 006 | train batch=1427/1427 | elapsed=6.3 min | eta=0.0 min
[2026-08-12 14:33:34] INFO Epoch 006 | val batch=1/203 | elapsed=0.0 min | eta=0.3 min
[2026-08-12 14:33:35] INFO Epoch 006 | val batch=10/203 | elapsed=0.0 min | eta=0.4 min
[2026-08-12 14:33:36] INFO Epoch 006 | val batch=20/203 | elapsed=0.0 min | eta=0.4 min
[2026-08-12 14:33:38] INFO Epoch 006 | val batch=30/203 | elapsed=0.1 min | eta=0.4 min
[2026-08-12 14:33:39] INFO Epoch 006 | val batch=40/203 | elapsed=0.1 min | eta=0.4 min
[2026-08-12 14:33:40] INFO Epoch 006 | val batch=50/203 | elapsed=0.1 min | eta=0.3 min
[2026-08-12 14:33:42] INFO Epoch 006 | val batch=60/203 | elapsed=0.1 min | eta=0.3 min
[2026-08-12 14:33:43] INFO Epoch 006 | val batch=70/203 | elapsed=0.2 min | eta=0.3 min
[2026-08-12 14:33:44] INFO Epoch 006 | val batch=80/203 | elapsed=0.2 min | eta=0.3 min
[2026-08-12 14:33:46] INFO Epoch 006 | val batch=90/203 | elapsed=0.2 min | eta=0.2 min
[2026-08-12 14:33:47] INFO Epoch 006 | val batch=100/203 | elapsed=0.2 min | eta=0.2 min
[2026-08-12 14:33:48] INFO Epoch 006 | val batch=110/203 | elapsed=0.2 min | eta=0.2 min
[2026-08-12 14:33:50] INFO Epoch 006 | val batch=120/203 | elapsed=0.3 min | eta=0.2 min
[2026-08-12 14:33:51] INFO Epoch 006 | val batch=130/203 | elapsed=0.3 min | eta=0.2 min
[2026-08-12 14:33:52] INFO Epoch 006 | val batch=140/203 | elapsed=0.3 min | eta=0.1 min
[2026-08-12 14:33:53] INFO Epoch 006 | val batch=150/203 | elapsed=0.3 min | eta=0.1 min
[2026-08-12 14:33:55] INFO Epoch 006 | val batch=160/203 | elapsed=0.3 min | eta=0.1 min
[2026-08-12 14:33:56] INFO Epoch 006 | val batch=170/203 | elapsed=0.4 min | eta=0.1 min
[2026-08-12 14:33:57] INFO Epoch 006 | val batch=180/203 | elapsed=0.4 min | eta=0.0 min
[2026-08-12 14:33:59] INFO Epoch 006 | val batch=190/203 | elapsed=0.4 min | eta=0.0 min
[2026-08-12 14:34:00] INFO Epoch 006 | val batch=200/203 | elapsed=0.4 min | eta=0.0 min
[2026-08-12 14:34:00] INFO Epoch 006 | val batch=203/203 | elapsed=0.4 min | eta=0.0 min
[2026-08-12 14:34:00] INFO Epoch 006 | train_total=0.990112 | val_total=0.880269 | val_mask=0.640922 | val_retrieval=2.393462 | val_profile=0.000000 | val_anchors=660915 | val_positive_pairs=0 | val_hard_negatives=0 | val_relation_candidates=9654476 | val_teacher_keff=4.444 | val_student_keff=10.166 | val_masked_positions=1958485 | skipped(train/val)=0/0
[2026-08-12 14:34:00] INFO Checkpoint updated | epoch=6 | best_val=0.880269 | path=C:\Users\clw\projects\researchRep\STAnchor-BlockMemory\artifacts\metrla_e5_final_symnorm_local12_seed42\pretrain_best.pt
[2026-08-12 14:34:00] INFO Relation checkpoint updated | epoch=6 | best_val_relation=2.393462 | path=C:\Users\clw\projects\researchRep\STAnchor-BlockMemory\artifacts\metrla_e5_final_symnorm_local12_seed42\pretrain_best_relation.pt
[2026-08-12 14:34:00] INFO Epoch 007/050 started | train_batches=1427 | val_batches=203
[2026-08-12 14:34:01] INFO Epoch 007 | train batch=1/1427 | elapsed=0.0 min | eta=7.6 min
[2026-08-12 14:34:03] INFO Epoch 007 | train batch=10/1427 | elapsed=0.0 min | eta=6.2 min
[2026-08-12 14:34:06] INFO Epoch 007 | train batch=20/1427 | elapsed=0.1 min | eta=6.2 min
[2026-08-12 14:34:08] INFO Epoch 007 | train batch=30/1427 | elapsed=0.1 min | eta=6.1 min
[2026-08-12 14:34:10] INFO Epoch 007 | train batch=40/1427 | elapsed=0.2 min | eta=5.9 min
[2026-08-12 14:34:13] INFO Epoch 007 | train batch=50/1427 | elapsed=0.2 min | eta=6.0 min
[2026-08-12 14:34:16] INFO Epoch 007 | train batch=60/1427 | elapsed=0.3 min | eta=5.9 min
[2026-08-12 14:34:18] INFO Epoch 007 | train batch=70/1427 | elapsed=0.3 min | eta=5.9 min
[2026-08-12 14:34:21] INFO Epoch 007 | train batch=80/1427 | elapsed=0.3 min | eta=5.8 min
[2026-08-12 14:34:24] INFO Epoch 007 | train batch=90/1427 | elapsed=0.4 min | eta=5.8 min
[2026-08-12 14:34:26] INFO Epoch 007 | train batch=100/1427 | elapsed=0.4 min | eta=5.8 min
[2026-08-12 14:34:29] INFO Epoch 007 | train batch=110/1427 | elapsed=0.5 min | eta=5.7 min
[2026-08-12 14:34:32] INFO Epoch 007 | train batch=120/1427 | elapsed=0.5 min | eta=5.7 min
[2026-08-12 14:34:34] INFO Epoch 007 | train batch=130/1427 | elapsed=0.6 min | eta=5.7 min
[2026-08-12 14:34:37] INFO Epoch 007 | train batch=140/1427 | elapsed=0.6 min | eta=5.6 min
[2026-08-12 14:34:40] INFO Epoch 007 | train batch=150/1427 | elapsed=0.7 min | eta=5.7 min
[2026-08-12 14:34:43] INFO Epoch 007 | train batch=160/1427 | elapsed=0.7 min | eta=5.6 min
[2026-08-12 14:34:45] INFO Epoch 007 | train batch=170/1427 | elapsed=0.8 min | eta=5.5 min
[2026-08-12 14:34:48] INFO Epoch 007 | train batch=180/1427 | elapsed=0.8 min | eta=5.5 min
[2026-08-12 14:34:51] INFO Epoch 007 | train batch=190/1427 | elapsed=0.8 min | eta=5.5 min
[2026-08-12 14:34:53] INFO Epoch 007 | train batch=200/1427 | elapsed=0.9 min | eta=5.4 min
[2026-08-12 14:34:56] INFO Epoch 007 | train batch=210/1427 | elapsed=0.9 min | eta=5.4 min
[2026-08-12 14:34:59] INFO Epoch 007 | train batch=220/1427 | elapsed=1.0 min | eta=5.4 min
[2026-08-12 14:35:01] INFO Epoch 007 | train batch=230/1427 | elapsed=1.0 min | eta=5.3 min
[2026-08-12 14:35:04] INFO Epoch 007 | train batch=240/1427 | elapsed=1.1 min | eta=5.3 min
[2026-08-12 14:35:07] INFO Epoch 007 | train batch=250/1427 | elapsed=1.1 min | eta=5.2 min
[2026-08-12 14:35:09] INFO Epoch 007 | train batch=260/1427 | elapsed=1.2 min | eta=5.2 min
[2026-08-12 14:35:12] INFO Epoch 007 | train batch=270/1427 | elapsed=1.2 min | eta=5.2 min
[2026-08-12 14:35:15] INFO Epoch 007 | train batch=280/1427 | elapsed=1.2 min | eta=5.1 min
[2026-08-12 14:35:18] INFO Epoch 007 | train batch=290/1427 | elapsed=1.3 min | eta=5.1 min
[2026-08-12 14:35:20] INFO Epoch 007 | train batch=300/1427 | elapsed=1.3 min | eta=5.0 min
[2026-08-12 14:35:23] INFO Epoch 007 | train batch=310/1427 | elapsed=1.4 min | eta=5.0 min
[2026-08-12 14:35:25] INFO Epoch 007 | train batch=320/1427 | elapsed=1.4 min | eta=4.9 min
[2026-08-12 14:35:28] INFO Epoch 007 | train batch=330/1427 | elapsed=1.5 min | eta=4.9 min
[2026-08-12 14:35:31] INFO Epoch 007 | train batch=340/1427 | elapsed=1.5 min | eta=4.8 min
[2026-08-12 14:35:33] INFO Epoch 007 | train batch=350/1427 | elapsed=1.5 min | eta=4.8 min
[2026-08-12 14:35:36] INFO Epoch 007 | train batch=360/1427 | elapsed=1.6 min | eta=4.7 min
[2026-08-12 14:35:38] INFO Epoch 007 | train batch=370/1427 | elapsed=1.6 min | eta=4.7 min
[2026-08-12 14:35:41] INFO Epoch 007 | train batch=380/1427 | elapsed=1.7 min | eta=4.6 min
[2026-08-12 14:35:43] INFO Epoch 007 | train batch=390/1427 | elapsed=1.7 min | eta=4.6 min
[2026-08-12 14:35:46] INFO Epoch 007 | train batch=400/1427 | elapsed=1.8 min | eta=4.5 min
[2026-08-12 14:35:48] INFO Epoch 007 | train batch=410/1427 | elapsed=1.8 min | eta=4.5 min
[2026-08-12 14:35:51] INFO Epoch 007 | train batch=420/1427 | elapsed=1.8 min | eta=4.4 min
[2026-08-12 14:35:54] INFO Epoch 007 | train batch=430/1427 | elapsed=1.9 min | eta=4.4 min
[2026-08-12 14:35:56] INFO Epoch 007 | train batch=440/1427 | elapsed=1.9 min | eta=4.3 min
[2026-08-12 14:35:59] INFO Epoch 007 | train batch=450/1427 | elapsed=2.0 min | eta=4.3 min
[2026-08-12 14:36:02] INFO Epoch 007 | train batch=460/1427 | elapsed=2.0 min | eta=4.3 min
[2026-08-12 14:36:05] INFO Epoch 007 | train batch=470/1427 | elapsed=2.1 min | eta=4.2 min
[2026-08-12 14:36:07] INFO Epoch 007 | train batch=480/1427 | elapsed=2.1 min | eta=4.2 min
[2026-08-12 14:36:10] INFO Epoch 007 | train batch=490/1427 | elapsed=2.2 min | eta=4.1 min
[2026-08-12 14:36:12] INFO Epoch 007 | train batch=500/1427 | elapsed=2.2 min | eta=4.1 min
[2026-08-12 14:36:15] INFO Epoch 007 | train batch=510/1427 | elapsed=2.2 min | eta=4.0 min
[2026-08-12 14:36:18] INFO Epoch 007 | train batch=520/1427 | elapsed=2.3 min | eta=4.0 min
[2026-08-12 14:36:20] INFO Epoch 007 | train batch=530/1427 | elapsed=2.3 min | eta=4.0 min
[2026-08-12 14:36:23] INFO Epoch 007 | train batch=540/1427 | elapsed=2.4 min | eta=3.9 min
[2026-08-12 14:36:26] INFO Epoch 007 | train batch=550/1427 | elapsed=2.4 min | eta=3.9 min
[2026-08-12 14:36:29] INFO Epoch 007 | train batch=560/1427 | elapsed=2.5 min | eta=3.8 min
[2026-08-12 14:36:31] INFO Epoch 007 | train batch=570/1427 | elapsed=2.5 min | eta=3.8 min
[2026-08-12 14:36:34] INFO Epoch 007 | train batch=580/1427 | elapsed=2.6 min | eta=3.7 min
[2026-08-12 14:36:37] INFO Epoch 007 | train batch=590/1427 | elapsed=2.6 min | eta=3.7 min
[2026-08-12 14:36:39] INFO Epoch 007 | train batch=600/1427 | elapsed=2.7 min | eta=3.7 min
[2026-08-12 14:36:42] INFO Epoch 007 | train batch=610/1427 | elapsed=2.7 min | eta=3.6 min
[2026-08-12 14:36:45] INFO Epoch 007 | train batch=620/1427 | elapsed=2.7 min | eta=3.6 min
[2026-08-12 14:36:48] INFO Epoch 007 | train batch=630/1427 | elapsed=2.8 min | eta=3.5 min
[2026-08-12 14:36:50] INFO Epoch 007 | train batch=640/1427 | elapsed=2.8 min | eta=3.5 min
[2026-08-12 14:36:53] INFO Epoch 007 | train batch=650/1427 | elapsed=2.9 min | eta=3.4 min
[2026-08-12 14:36:55] INFO Epoch 007 | train batch=660/1427 | elapsed=2.9 min | eta=3.4 min
[2026-08-12 14:36:58] INFO Epoch 007 | train batch=670/1427 | elapsed=3.0 min | eta=3.4 min
[2026-08-12 14:37:01] INFO Epoch 007 | train batch=680/1427 | elapsed=3.0 min | eta=3.3 min
[2026-08-12 14:37:03] INFO Epoch 007 | train batch=690/1427 | elapsed=3.1 min | eta=3.3 min
[2026-08-12 14:37:06] INFO Epoch 007 | train batch=700/1427 | elapsed=3.1 min | eta=3.2 min
[2026-08-12 14:37:09] INFO Epoch 007 | train batch=710/1427 | elapsed=3.1 min | eta=3.2 min
[2026-08-12 14:37:11] INFO Epoch 007 | train batch=720/1427 | elapsed=3.2 min | eta=3.1 min
[2026-08-12 14:37:14] INFO Epoch 007 | train batch=730/1427 | elapsed=3.2 min | eta=3.1 min
[2026-08-12 14:37:17] INFO Epoch 007 | train batch=740/1427 | elapsed=3.3 min | eta=3.0 min
[2026-08-12 14:37:19] INFO Epoch 007 | train batch=750/1427 | elapsed=3.3 min | eta=3.0 min
[2026-08-12 14:37:22] INFO Epoch 007 | train batch=760/1427 | elapsed=3.4 min | eta=3.0 min
[2026-08-12 14:37:25] INFO Epoch 007 | train batch=770/1427 | elapsed=3.4 min | eta=2.9 min
[2026-08-12 14:37:27] INFO Epoch 007 | train batch=780/1427 | elapsed=3.5 min | eta=2.9 min
[2026-08-12 14:37:30] INFO Epoch 007 | train batch=790/1427 | elapsed=3.5 min | eta=2.8 min
[2026-08-12 14:37:32] INFO Epoch 007 | train batch=800/1427 | elapsed=3.5 min | eta=2.8 min
[2026-08-12 14:37:35] INFO Epoch 007 | train batch=810/1427 | elapsed=3.6 min | eta=2.7 min
[2026-08-12 14:37:38] INFO Epoch 007 | train batch=820/1427 | elapsed=3.6 min | eta=2.7 min
[2026-08-12 14:37:40] INFO Epoch 007 | train batch=830/1427 | elapsed=3.7 min | eta=2.6 min
[2026-08-12 14:37:43] INFO Epoch 007 | train batch=840/1427 | elapsed=3.7 min | eta=2.6 min
[2026-08-12 14:37:45] INFO Epoch 007 | train batch=850/1427 | elapsed=3.8 min | eta=2.5 min
[2026-08-12 14:37:48] INFO Epoch 007 | train batch=860/1427 | elapsed=3.8 min | eta=2.5 min
[2026-08-12 14:37:51] INFO Epoch 007 | train batch=870/1427 | elapsed=3.8 min | eta=2.5 min
[2026-08-12 14:37:54] INFO Epoch 007 | train batch=880/1427 | elapsed=3.9 min | eta=2.4 min
[2026-08-12 14:37:56] INFO Epoch 007 | train batch=890/1427 | elapsed=3.9 min | eta=2.4 min
[2026-08-12 14:37:59] INFO Epoch 007 | train batch=900/1427 | elapsed=4.0 min | eta=2.3 min
[2026-08-12 14:38:02] INFO Epoch 007 | train batch=910/1427 | elapsed=4.0 min | eta=2.3 min
[2026-08-12 14:38:04] INFO Epoch 007 | train batch=920/1427 | elapsed=4.1 min | eta=2.2 min
[2026-08-12 14:38:07] INFO Epoch 007 | train batch=930/1427 | elapsed=4.1 min | eta=2.2 min
[2026-08-12 14:38:09] INFO Epoch 007 | train batch=940/1427 | elapsed=4.2 min | eta=2.2 min
[2026-08-12 14:38:12] INFO Epoch 007 | train batch=950/1427 | elapsed=4.2 min | eta=2.1 min
[2026-08-12 14:38:15] INFO Epoch 007 | train batch=960/1427 | elapsed=4.2 min | eta=2.1 min
[2026-08-12 14:38:17] INFO Epoch 007 | train batch=970/1427 | elapsed=4.3 min | eta=2.0 min
[2026-08-12 14:38:20] INFO Epoch 007 | train batch=980/1427 | elapsed=4.3 min | eta=2.0 min
[2026-08-12 14:38:23] INFO Epoch 007 | train batch=990/1427 | elapsed=4.4 min | eta=1.9 min
[2026-08-12 14:38:25] INFO Epoch 007 | train batch=1000/1427 | elapsed=4.4 min | eta=1.9 min
[2026-08-12 14:38:28] INFO Epoch 007 | train batch=1010/1427 | elapsed=4.5 min | eta=1.8 min
[2026-08-12 14:38:31] INFO Epoch 007 | train batch=1020/1427 | elapsed=4.5 min | eta=1.8 min
[2026-08-12 14:38:33] INFO Epoch 007 | train batch=1030/1427 | elapsed=4.6 min | eta=1.8 min
[2026-08-12 14:38:36] INFO Epoch 007 | train batch=1040/1427 | elapsed=4.6 min | eta=1.7 min
[2026-08-12 14:38:39] INFO Epoch 007 | train batch=1050/1427 | elapsed=4.6 min | eta=1.7 min
[2026-08-12 14:38:41] INFO Epoch 007 | train batch=1060/1427 | elapsed=4.7 min | eta=1.6 min
[2026-08-12 14:38:44] INFO Epoch 007 | train batch=1070/1427 | elapsed=4.7 min | eta=1.6 min
[2026-08-12 14:38:47] INFO Epoch 007 | train batch=1080/1427 | elapsed=4.8 min | eta=1.5 min
[2026-08-12 14:38:49] INFO Epoch 007 | train batch=1090/1427 | elapsed=4.8 min | eta=1.5 min
[2026-08-12 14:38:52] INFO Epoch 007 | train batch=1100/1427 | elapsed=4.9 min | eta=1.4 min
[2026-08-12 14:38:55] INFO Epoch 007 | train batch=1110/1427 | elapsed=4.9 min | eta=1.4 min
[2026-08-12 14:38:58] INFO Epoch 007 | train batch=1120/1427 | elapsed=5.0 min | eta=1.4 min
[2026-08-12 14:39:01] INFO Epoch 007 | train batch=1130/1427 | elapsed=5.0 min | eta=1.3 min
[2026-08-12 14:39:03] INFO Epoch 007 | train batch=1140/1427 | elapsed=5.0 min | eta=1.3 min
[2026-08-12 14:39:06] INFO Epoch 007 | train batch=1150/1427 | elapsed=5.1 min | eta=1.2 min
[2026-08-12 14:39:09] INFO Epoch 007 | train batch=1160/1427 | elapsed=5.1 min | eta=1.2 min
[2026-08-12 14:39:11] INFO Epoch 007 | train batch=1170/1427 | elapsed=5.2 min | eta=1.1 min
[2026-08-12 14:39:14] INFO Epoch 007 | train batch=1180/1427 | elapsed=5.2 min | eta=1.1 min
[2026-08-12 14:39:16] INFO Epoch 007 | train batch=1190/1427 | elapsed=5.3 min | eta=1.0 min
[2026-08-12 14:39:19] INFO Epoch 007 | train batch=1200/1427 | elapsed=5.3 min | eta=1.0 min
[2026-08-12 14:39:22] INFO Epoch 007 | train batch=1210/1427 | elapsed=5.4 min | eta=1.0 min
[2026-08-12 14:39:24] INFO Epoch 007 | train batch=1220/1427 | elapsed=5.4 min | eta=0.9 min
[2026-08-12 14:39:27] INFO Epoch 007 | train batch=1230/1427 | elapsed=5.4 min | eta=0.9 min
[2026-08-12 14:39:30] INFO Epoch 007 | train batch=1240/1427 | elapsed=5.5 min | eta=0.8 min
[2026-08-12 14:39:32] INFO Epoch 007 | train batch=1250/1427 | elapsed=5.5 min | eta=0.8 min
[2026-08-12 14:39:35] INFO Epoch 007 | train batch=1260/1427 | elapsed=5.6 min | eta=0.7 min
[2026-08-12 14:39:38] INFO Epoch 007 | train batch=1270/1427 | elapsed=5.6 min | eta=0.7 min
[2026-08-12 14:39:41] INFO Epoch 007 | train batch=1280/1427 | elapsed=5.7 min | eta=0.7 min
[2026-08-12 14:39:43] INFO Epoch 007 | train batch=1290/1427 | elapsed=5.7 min | eta=0.6 min
[2026-08-12 14:39:46] INFO Epoch 007 | train batch=1300/1427 | elapsed=5.8 min | eta=0.6 min
[2026-08-12 14:39:49] INFO Epoch 007 | train batch=1310/1427 | elapsed=5.8 min | eta=0.5 min
[2026-08-12 14:39:51] INFO Epoch 007 | train batch=1320/1427 | elapsed=5.9 min | eta=0.5 min
[2026-08-12 14:39:54] INFO Epoch 007 | train batch=1330/1427 | elapsed=5.9 min | eta=0.4 min
[2026-08-12 14:39:57] INFO Epoch 007 | train batch=1340/1427 | elapsed=5.9 min | eta=0.4 min
[2026-08-12 14:40:00] INFO Epoch 007 | train batch=1350/1427 | elapsed=6.0 min | eta=0.3 min
[2026-08-12 14:40:02] INFO Epoch 007 | train batch=1360/1427 | elapsed=6.0 min | eta=0.3 min
[2026-08-12 14:40:05] INFO Epoch 007 | train batch=1370/1427 | elapsed=6.1 min | eta=0.3 min
[2026-08-12 14:40:08] INFO Epoch 007 | train batch=1380/1427 | elapsed=6.1 min | eta=0.2 min
[2026-08-12 14:40:10] INFO Epoch 007 | train batch=1390/1427 | elapsed=6.2 min | eta=0.2 min
[2026-08-12 14:40:13] INFO Epoch 007 | train batch=1400/1427 | elapsed=6.2 min | eta=0.1 min
[2026-08-12 14:40:16] INFO Epoch 007 | train batch=1410/1427 | elapsed=6.3 min | eta=0.1 min
[2026-08-12 14:40:19] INFO Epoch 007 | train batch=1420/1427 | elapsed=6.3 min | eta=0.0 min
[2026-08-12 14:40:21] INFO Epoch 007 | train batch=1427/1427 | elapsed=6.3 min | eta=0.0 min
[2026-08-12 14:40:21] INFO Epoch 007 | val batch=1/203 | elapsed=0.0 min | eta=0.3 min
[2026-08-12 14:40:22] INFO Epoch 007 | val batch=10/203 | elapsed=0.0 min | eta=0.4 min
[2026-08-12 14:40:23] INFO Epoch 007 | val batch=20/203 | elapsed=0.0 min | eta=0.4 min
[2026-08-12 14:40:24] INFO Epoch 007 | val batch=30/203 | elapsed=0.1 min | eta=0.4 min
[2026-08-12 14:40:26] INFO Epoch 007 | val batch=40/203 | elapsed=0.1 min | eta=0.4 min
[2026-08-12 14:40:27] INFO Epoch 007 | val batch=50/203 | elapsed=0.1 min | eta=0.3 min
[2026-08-12 14:40:28] INFO Epoch 007 | val batch=60/203 | elapsed=0.1 min | eta=0.3 min
[2026-08-12 14:40:30] INFO Epoch 007 | val batch=70/203 | elapsed=0.2 min | eta=0.3 min
[2026-08-12 14:40:31] INFO Epoch 007 | val batch=80/203 | elapsed=0.2 min | eta=0.3 min
[2026-08-12 14:40:32] INFO Epoch 007 | val batch=90/203 | elapsed=0.2 min | eta=0.2 min
[2026-08-12 14:40:34] INFO Epoch 007 | val batch=100/203 | elapsed=0.2 min | eta=0.2 min
[2026-08-12 14:40:35] INFO Epoch 007 | val batch=110/203 | elapsed=0.2 min | eta=0.2 min
[2026-08-12 14:40:36] INFO Epoch 007 | val batch=120/203 | elapsed=0.3 min | eta=0.2 min
[2026-08-12 14:40:37] INFO Epoch 007 | val batch=130/203 | elapsed=0.3 min | eta=0.2 min
[2026-08-12 14:40:39] INFO Epoch 007 | val batch=140/203 | elapsed=0.3 min | eta=0.1 min
[2026-08-12 14:40:40] INFO Epoch 007 | val batch=150/203 | elapsed=0.3 min | eta=0.1 min
[2026-08-12 14:40:41] INFO Epoch 007 | val batch=160/203 | elapsed=0.3 min | eta=0.1 min
[2026-08-12 14:40:43] INFO Epoch 007 | val batch=170/203 | elapsed=0.4 min | eta=0.1 min
[2026-08-12 14:40:44] INFO Epoch 007 | val batch=180/203 | elapsed=0.4 min | eta=0.0 min
[2026-08-12 14:40:45] INFO Epoch 007 | val batch=190/203 | elapsed=0.4 min | eta=0.0 min
[2026-08-12 14:40:46] INFO Epoch 007 | val batch=200/203 | elapsed=0.4 min | eta=0.0 min
[2026-08-12 14:40:47] INFO Epoch 007 | val batch=203/203 | elapsed=0.4 min | eta=0.0 min
[2026-08-12 14:40:47] INFO Epoch 007 | train_total=0.909877 | val_total=1.027834 | val_mask=0.788904 | val_retrieval=2.389304 | val_profile=0.000000 | val_anchors=660915 | val_positive_pairs=0 | val_hard_negatives=0 | val_relation_candidates=9654476 | val_teacher_keff=4.444 | val_student_keff=9.804 | val_masked_positions=1958857 | skipped(train/val)=0/0
[2026-08-12 14:40:47] INFO Relation checkpoint updated | epoch=7 | best_val_relation=2.389304 | path=C:\Users\clw\projects\researchRep\STAnchor-BlockMemory\artifacts\metrla_e5_final_symnorm_local12_seed42\pretrain_best_relation.pt
[2026-08-12 14:40:47] INFO Epoch 008/050 started | train_batches=1427 | val_batches=203
[2026-08-12 14:40:47] INFO Epoch 008 | train batch=1/1427 | elapsed=0.0 min | eta=7.7 min
[2026-08-12 14:40:50] INFO Epoch 008 | train batch=10/1427 | elapsed=0.0 min | eta=6.5 min
[2026-08-12 14:40:52] INFO Epoch 008 | train batch=20/1427 | elapsed=0.1 min | eta=6.3 min
[2026-08-12 14:40:55] INFO Epoch 008 | train batch=30/1427 | elapsed=0.1 min | eta=6.4 min
[2026-08-12 14:40:58] INFO Epoch 008 | train batch=40/1427 | elapsed=0.2 min | eta=6.2 min
[2026-08-12 14:41:00] INFO Epoch 008 | train batch=50/1427 | elapsed=0.2 min | eta=6.2 min
[2026-08-12 14:41:03] INFO Epoch 008 | train batch=60/1427 | elapsed=0.3 min | eta=6.2 min
[2026-08-12 14:41:06] INFO Epoch 008 | train batch=70/1427 | elapsed=0.3 min | eta=6.2 min
[2026-08-12 14:41:09] INFO Epoch 008 | train batch=80/1427 | elapsed=0.4 min | eta=6.1 min
[2026-08-12 14:41:11] INFO Epoch 008 | train batch=90/1427 | elapsed=0.4 min | eta=6.1 min
[2026-08-12 14:41:14] INFO Epoch 008 | train batch=100/1427 | elapsed=0.5 min | eta=6.0 min
[2026-08-12 14:41:17] INFO Epoch 008 | train batch=110/1427 | elapsed=0.5 min | eta=6.0 min
[2026-08-12 14:41:20] INFO Epoch 008 | train batch=120/1427 | elapsed=0.5 min | eta=5.9 min
[2026-08-12 14:41:22] INFO Epoch 008 | train batch=130/1427 | elapsed=0.6 min | eta=5.9 min
[2026-08-12 14:41:25] INFO Epoch 008 | train batch=140/1427 | elapsed=0.6 min | eta=5.8 min
[2026-08-12 14:41:28] INFO Epoch 008 | train batch=150/1427 | elapsed=0.7 min | eta=5.8 min
[2026-08-12 14:41:30] INFO Epoch 008 | train batch=160/1427 | elapsed=0.7 min | eta=5.8 min
[2026-08-12 14:41:33] INFO Epoch 008 | train batch=170/1427 | elapsed=0.8 min | eta=5.7 min
[2026-08-12 14:41:36] INFO Epoch 008 | train batch=180/1427 | elapsed=0.8 min | eta=5.7 min
[2026-08-12 14:41:39] INFO Epoch 008 | train batch=190/1427 | elapsed=0.9 min | eta=5.7 min
[2026-08-12 14:41:42] INFO Epoch 008 | train batch=200/1427 | elapsed=0.9 min | eta=5.6 min
[2026-08-12 14:41:44] INFO Epoch 008 | train batch=210/1427 | elapsed=1.0 min | eta=5.6 min
[2026-08-12 14:41:47] INFO Epoch 008 | train batch=220/1427 | elapsed=1.0 min | eta=5.5 min
[2026-08-12 14:41:50] INFO Epoch 008 | train batch=230/1427 | elapsed=1.0 min | eta=5.5 min
[2026-08-12 14:41:53] INFO Epoch 008 | train batch=240/1427 | elapsed=1.1 min | eta=5.4 min
[2026-08-12 14:41:55] INFO Epoch 008 | train batch=250/1427 | elapsed=1.1 min | eta=5.4 min
[2026-08-12 14:41:58] INFO Epoch 008 | train batch=260/1427 | elapsed=1.2 min | eta=5.3 min
[2026-08-12 14:42:00] INFO Epoch 008 | train batch=270/1427 | elapsed=1.2 min | eta=5.3 min
[2026-08-12 14:42:03] INFO Epoch 008 | train batch=280/1427 | elapsed=1.3 min | eta=5.2 min
[2026-08-12 14:42:06] INFO Epoch 008 | train batch=290/1427 | elapsed=1.3 min | eta=5.1 min
[2026-08-12 14:42:08] INFO Epoch 008 | train batch=300/1427 | elapsed=1.4 min | eta=5.1 min
[2026-08-12 14:42:11] INFO Epoch 008 | train batch=310/1427 | elapsed=1.4 min | eta=5.0 min
[2026-08-12 14:42:14] INFO Epoch 008 | train batch=320/1427 | elapsed=1.4 min | eta=5.0 min
[2026-08-12 14:42:16] INFO Epoch 008 | train batch=330/1427 | elapsed=1.5 min | eta=4.9 min
[2026-08-12 14:42:19] INFO Epoch 008 | train batch=340/1427 | elapsed=1.5 min | eta=4.9 min
[2026-08-12 14:42:22] INFO Epoch 008 | train batch=350/1427 | elapsed=1.6 min | eta=4.9 min
[2026-08-12 14:42:24] INFO Epoch 008 | train batch=360/1427 | elapsed=1.6 min | eta=4.8 min
[2026-08-12 14:42:27] INFO Epoch 008 | train batch=370/1427 | elapsed=1.7 min | eta=4.8 min
[2026-08-12 14:42:29] INFO Epoch 008 | train batch=380/1427 | elapsed=1.7 min | eta=4.7 min
[2026-08-12 14:42:32] INFO Epoch 008 | train batch=390/1427 | elapsed=1.8 min | eta=4.7 min
[2026-08-12 14:42:35] INFO Epoch 008 | train batch=400/1427 | elapsed=1.8 min | eta=4.6 min
[2026-08-12 14:42:37] INFO Epoch 008 | train batch=410/1427 | elapsed=1.8 min | eta=4.6 min
[2026-08-12 14:42:40] INFO Epoch 008 | train batch=420/1427 | elapsed=1.9 min | eta=4.5 min
[2026-08-12 14:42:43] INFO Epoch 008 | train batch=430/1427 | elapsed=1.9 min | eta=4.5 min
[2026-08-12 14:42:46] INFO Epoch 008 | train batch=440/1427 | elapsed=2.0 min | eta=4.5 min
[2026-08-12 14:42:49] INFO Epoch 008 | train batch=450/1427 | elapsed=2.0 min | eta=4.4 min
[2026-08-12 14:42:52] INFO Epoch 008 | train batch=460/1427 | elapsed=2.1 min | eta=4.4 min
[2026-08-12 14:42:55] INFO Epoch 008 | train batch=470/1427 | elapsed=2.1 min | eta=4.3 min
[2026-08-12 14:42:57] INFO Epoch 008 | train batch=480/1427 | elapsed=2.2 min | eta=4.3 min
[2026-08-12 14:43:00] INFO Epoch 008 | train batch=490/1427 | elapsed=2.2 min | eta=4.2 min
[2026-08-12 14:43:03] INFO Epoch 008 | train batch=500/1427 | elapsed=2.3 min | eta=4.2 min
[2026-08-12 14:43:05] INFO Epoch 008 | train batch=510/1427 | elapsed=2.3 min | eta=4.1 min
[2026-08-12 14:43:08] INFO Epoch 008 | train batch=520/1427 | elapsed=2.4 min | eta=4.1 min
[2026-08-12 14:43:11] INFO Epoch 008 | train batch=530/1427 | elapsed=2.4 min | eta=4.1 min
[2026-08-12 14:43:13] INFO Epoch 008 | train batch=540/1427 | elapsed=2.4 min | eta=4.0 min
[2026-08-12 14:43:16] INFO Epoch 008 | train batch=550/1427 | elapsed=2.5 min | eta=4.0 min
[2026-08-12 14:43:19] INFO Epoch 008 | train batch=560/1427 | elapsed=2.5 min | eta=3.9 min
[2026-08-12 14:43:21] INFO Epoch 008 | train batch=570/1427 | elapsed=2.6 min | eta=3.9 min
[2026-08-12 14:43:23] INFO Epoch 008 | train batch=580/1427 | elapsed=2.6 min | eta=3.8 min
[2026-08-12 14:43:26] INFO Epoch 008 | train batch=590/1427 | elapsed=2.7 min | eta=3.8 min
[2026-08-12 14:43:29] INFO Epoch 008 | train batch=600/1427 | elapsed=2.7 min | eta=3.7 min
[2026-08-12 14:43:32] INFO Epoch 008 | train batch=610/1427 | elapsed=2.8 min | eta=3.7 min
[2026-08-12 14:43:35] INFO Epoch 008 | train batch=620/1427 | elapsed=2.8 min | eta=3.6 min
[2026-08-12 14:43:37] INFO Epoch 008 | train batch=630/1427 | elapsed=2.8 min | eta=3.6 min
[2026-08-12 14:43:40] INFO Epoch 008 | train batch=640/1427 | elapsed=2.9 min | eta=3.6 min
[2026-08-12 14:43:43] INFO Epoch 008 | train batch=650/1427 | elapsed=2.9 min | eta=3.5 min
[2026-08-12 14:43:46] INFO Epoch 008 | train batch=660/1427 | elapsed=3.0 min | eta=3.5 min
[2026-08-12 14:43:48] INFO Epoch 008 | train batch=670/1427 | elapsed=3.0 min | eta=3.4 min
[2026-08-12 14:43:51] INFO Epoch 008 | train batch=680/1427 | elapsed=3.1 min | eta=3.4 min
[2026-08-12 14:43:53] INFO Epoch 008 | train batch=690/1427 | elapsed=3.1 min | eta=3.3 min
[2026-08-12 14:43:56] INFO Epoch 008 | train batch=700/1427 | elapsed=3.2 min | eta=3.3 min
[2026-08-12 14:43:59] INFO Epoch 008 | train batch=710/1427 | elapsed=3.2 min | eta=3.2 min
[2026-08-12 14:44:01] INFO Epoch 008 | train batch=720/1427 | elapsed=3.2 min | eta=3.2 min
[2026-08-12 14:44:04] INFO Epoch 008 | train batch=730/1427 | elapsed=3.3 min | eta=3.1 min
[2026-08-12 14:44:07] INFO Epoch 008 | train batch=740/1427 | elapsed=3.3 min | eta=3.1 min
[2026-08-12 14:44:10] INFO Epoch 008 | train batch=750/1427 | elapsed=3.4 min | eta=3.1 min
[2026-08-12 14:44:12] INFO Epoch 008 | train batch=760/1427 | elapsed=3.4 min | eta=3.0 min
[2026-08-12 14:44:15] INFO Epoch 008 | train batch=770/1427 | elapsed=3.5 min | eta=3.0 min
[2026-08-12 14:44:17] INFO Epoch 008 | train batch=780/1427 | elapsed=3.5 min | eta=2.9 min
[2026-08-12 14:44:20] INFO Epoch 008 | train batch=790/1427 | elapsed=3.5 min | eta=2.9 min
[2026-08-12 14:44:22] INFO Epoch 008 | train batch=800/1427 | elapsed=3.6 min | eta=2.8 min
[2026-08-12 14:44:25] INFO Epoch 008 | train batch=810/1427 | elapsed=3.6 min | eta=2.8 min
[2026-08-12 14:44:28] INFO Epoch 008 | train batch=820/1427 | elapsed=3.7 min | eta=2.7 min
[2026-08-12 14:44:31] INFO Epoch 008 | train batch=830/1427 | elapsed=3.7 min | eta=2.7 min
[2026-08-12 14:44:34] INFO Epoch 008 | train batch=840/1427 | elapsed=3.8 min | eta=2.6 min
[2026-08-12 14:44:36] INFO Epoch 008 | train batch=850/1427 | elapsed=3.8 min | eta=2.6 min
[2026-08-12 14:44:39] INFO Epoch 008 | train batch=860/1427 | elapsed=3.9 min | eta=2.6 min
[2026-08-12 14:44:41] INFO Epoch 008 | train batch=870/1427 | elapsed=3.9 min | eta=2.5 min
[2026-08-12 14:44:44] INFO Epoch 008 | train batch=880/1427 | elapsed=4.0 min | eta=2.5 min
[2026-08-12 14:44:47] INFO Epoch 008 | train batch=890/1427 | elapsed=4.0 min | eta=2.4 min
[2026-08-12 14:44:49] INFO Epoch 008 | train batch=900/1427 | elapsed=4.0 min | eta=2.4 min
[2026-08-12 14:44:52] INFO Epoch 008 | train batch=910/1427 | elapsed=4.1 min | eta=2.3 min
[2026-08-12 14:44:55] INFO Epoch 008 | train batch=920/1427 | elapsed=4.1 min | eta=2.3 min
[2026-08-12 14:44:58] INFO Epoch 008 | train batch=930/1427 | elapsed=4.2 min | eta=2.2 min
[2026-08-12 14:45:00] INFO Epoch 008 | train batch=940/1427 | elapsed=4.2 min | eta=2.2 min
[2026-08-12 14:45:03] INFO Epoch 008 | train batch=950/1427 | elapsed=4.3 min | eta=2.1 min
[2026-08-12 14:45:05] INFO Epoch 008 | train batch=960/1427 | elapsed=4.3 min | eta=2.1 min
[2026-08-12 14:45:08] INFO Epoch 008 | train batch=970/1427 | elapsed=4.3 min | eta=2.0 min
[2026-08-12 14:45:10] INFO Epoch 008 | train batch=980/1427 | elapsed=4.4 min | eta=2.0 min
[2026-08-12 14:45:12] INFO Epoch 008 | train batch=990/1427 | elapsed=4.4 min | eta=2.0 min
[2026-08-12 14:45:15] INFO Epoch 008 | train batch=1000/1427 | elapsed=4.5 min | eta=1.9 min
[2026-08-12 14:45:18] INFO Epoch 008 | train batch=1010/1427 | elapsed=4.5 min | eta=1.9 min
[2026-08-12 14:45:20] INFO Epoch 008 | train batch=1020/1427 | elapsed=4.6 min | eta=1.8 min
[2026-08-12 14:45:23] INFO Epoch 008 | train batch=1030/1427 | elapsed=4.6 min | eta=1.8 min
[2026-08-12 14:45:25] INFO Epoch 008 | train batch=1040/1427 | elapsed=4.6 min | eta=1.7 min
[2026-08-12 14:45:28] INFO Epoch 008 | train batch=1050/1427 | elapsed=4.7 min | eta=1.7 min
[2026-08-12 14:45:31] INFO Epoch 008 | train batch=1060/1427 | elapsed=4.7 min | eta=1.6 min
[2026-08-12 14:45:33] INFO Epoch 008 | train batch=1070/1427 | elapsed=4.8 min | eta=1.6 min
[2026-08-12 14:45:36] INFO Epoch 008 | train batch=1080/1427 | elapsed=4.8 min | eta=1.5 min
[2026-08-12 14:45:38] INFO Epoch 008 | train batch=1090/1427 | elapsed=4.9 min | eta=1.5 min
[2026-08-12 14:45:41] INFO Epoch 008 | train batch=1100/1427 | elapsed=4.9 min | eta=1.5 min
[2026-08-12 14:45:44] INFO Epoch 008 | train batch=1110/1427 | elapsed=4.9 min | eta=1.4 min
[2026-08-12 14:45:46] INFO Epoch 008 | train batch=1120/1427 | elapsed=5.0 min | eta=1.4 min
[2026-08-12 14:45:49] INFO Epoch 008 | train batch=1130/1427 | elapsed=5.0 min | eta=1.3 min
[2026-08-12 14:45:51] INFO Epoch 008 | train batch=1140/1427 | elapsed=5.1 min | eta=1.3 min
[2026-08-12 14:45:54] INFO Epoch 008 | train batch=1150/1427 | elapsed=5.1 min | eta=1.2 min
[2026-08-12 14:45:57] INFO Epoch 008 | train batch=1160/1427 | elapsed=5.2 min | eta=1.2 min
[2026-08-12 14:45:59] INFO Epoch 008 | train batch=1170/1427 | elapsed=5.2 min | eta=1.1 min
[2026-08-12 14:46:02] INFO Epoch 008 | train batch=1180/1427 | elapsed=5.2 min | eta=1.1 min
[2026-08-12 14:46:04] INFO Epoch 008 | train batch=1190/1427 | elapsed=5.3 min | eta=1.1 min
[2026-08-12 14:46:07] INFO Epoch 008 | train batch=1200/1427 | elapsed=5.3 min | eta=1.0 min
[2026-08-12 14:46:10] INFO Epoch 008 | train batch=1210/1427 | elapsed=5.4 min | eta=1.0 min
[2026-08-12 14:46:13] INFO Epoch 008 | train batch=1220/1427 | elapsed=5.4 min | eta=0.9 min
[2026-08-12 14:46:15] INFO Epoch 008 | train batch=1230/1427 | elapsed=5.5 min | eta=0.9 min
[2026-08-12 14:46:18] INFO Epoch 008 | train batch=1240/1427 | elapsed=5.5 min | eta=0.8 min
[2026-08-12 14:46:21] INFO Epoch 008 | train batch=1250/1427 | elapsed=5.6 min | eta=0.8 min
[2026-08-12 14:46:23] INFO Epoch 008 | train batch=1260/1427 | elapsed=5.6 min | eta=0.7 min
[2026-08-12 14:46:26] INFO Epoch 008 | train batch=1270/1427 | elapsed=5.7 min | eta=0.7 min
[2026-08-12 14:46:29] INFO Epoch 008 | train batch=1280/1427 | elapsed=5.7 min | eta=0.7 min
[2026-08-12 14:46:31] INFO Epoch 008 | train batch=1290/1427 | elapsed=5.7 min | eta=0.6 min
[2026-08-12 14:46:34] INFO Epoch 008 | train batch=1300/1427 | elapsed=5.8 min | eta=0.6 min
[2026-08-12 14:46:37] INFO Epoch 008 | train batch=1310/1427 | elapsed=5.8 min | eta=0.5 min
[2026-08-12 14:46:39] INFO Epoch 008 | train batch=1320/1427 | elapsed=5.9 min | eta=0.5 min
[2026-08-12 14:46:42] INFO Epoch 008 | train batch=1330/1427 | elapsed=5.9 min | eta=0.4 min
[2026-08-12 14:46:44] INFO Epoch 008 | train batch=1340/1427 | elapsed=6.0 min | eta=0.4 min
[2026-08-12 14:46:47] INFO Epoch 008 | train batch=1350/1427 | elapsed=6.0 min | eta=0.3 min
[2026-08-12 14:46:50] INFO Epoch 008 | train batch=1360/1427 | elapsed=6.0 min | eta=0.3 min
[2026-08-12 14:46:52] INFO Epoch 008 | train batch=1370/1427 | elapsed=6.1 min | eta=0.3 min
[2026-08-12 14:46:55] INFO Epoch 008 | train batch=1380/1427 | elapsed=6.1 min | eta=0.2 min
[2026-08-12 14:46:58] INFO Epoch 008 | train batch=1390/1427 | elapsed=6.2 min | eta=0.2 min
[2026-08-12 14:47:00] INFO Epoch 008 | train batch=1400/1427 | elapsed=6.2 min | eta=0.1 min
[2026-08-12 14:47:03] INFO Epoch 008 | train batch=1410/1427 | elapsed=6.3 min | eta=0.1 min
[2026-08-12 14:47:06] INFO Epoch 008 | train batch=1420/1427 | elapsed=6.3 min | eta=0.0 min
[2026-08-12 14:47:07] INFO Epoch 008 | train batch=1427/1427 | elapsed=6.3 min | eta=0.0 min
[2026-08-12 14:47:07] INFO Epoch 008 | val batch=1/203 | elapsed=0.0 min | eta=0.3 min
[2026-08-12 14:47:08] INFO Epoch 008 | val batch=10/203 | elapsed=0.0 min | eta=0.4 min
[2026-08-12 14:47:10] INFO Epoch 008 | val batch=20/203 | elapsed=0.0 min | eta=0.4 min
[2026-08-12 14:47:11] INFO Epoch 008 | val batch=30/203 | elapsed=0.1 min | eta=0.4 min
[2026-08-12 14:47:12] INFO Epoch 008 | val batch=40/203 | elapsed=0.1 min | eta=0.4 min
[2026-08-12 14:47:14] INFO Epoch 008 | val batch=50/203 | elapsed=0.1 min | eta=0.3 min
[2026-08-12 14:47:15] INFO Epoch 008 | val batch=60/203 | elapsed=0.1 min | eta=0.3 min
[2026-08-12 14:47:16] INFO Epoch 008 | val batch=70/203 | elapsed=0.2 min | eta=0.3 min
[2026-08-12 14:47:18] INFO Epoch 008 | val batch=80/203 | elapsed=0.2 min | eta=0.3 min
[2026-08-12 14:47:19] INFO Epoch 008 | val batch=90/203 | elapsed=0.2 min | eta=0.2 min
[2026-08-12 14:47:20] INFO Epoch 008 | val batch=100/203 | elapsed=0.2 min | eta=0.2 min
[2026-08-12 14:47:21] INFO Epoch 008 | val batch=110/203 | elapsed=0.2 min | eta=0.2 min
[2026-08-12 14:47:23] INFO Epoch 008 | val batch=120/203 | elapsed=0.3 min | eta=0.2 min
[2026-08-12 14:47:24] INFO Epoch 008 | val batch=130/203 | elapsed=0.3 min | eta=0.2 min
[2026-08-12 14:47:25] INFO Epoch 008 | val batch=140/203 | elapsed=0.3 min | eta=0.1 min
[2026-08-12 14:47:27] INFO Epoch 008 | val batch=150/203 | elapsed=0.3 min | eta=0.1 min
[2026-08-12 14:47:28] INFO Epoch 008 | val batch=160/203 | elapsed=0.3 min | eta=0.1 min
[2026-08-12 14:47:29] INFO Epoch 008 | val batch=170/203 | elapsed=0.4 min | eta=0.1 min
[2026-08-12 14:47:31] INFO Epoch 008 | val batch=180/203 | elapsed=0.4 min | eta=0.0 min
[2026-08-12 14:47:32] INFO Epoch 008 | val batch=190/203 | elapsed=0.4 min | eta=0.0 min
[2026-08-12 14:47:33] INFO Epoch 008 | val batch=200/203 | elapsed=0.4 min | eta=0.0 min
[2026-08-12 14:47:34] INFO Epoch 008 | val batch=203/203 | elapsed=0.4 min | eta=0.0 min
[2026-08-12 14:47:34] INFO Epoch 008 | train_total=0.996531 | val_total=1.139008 | val_mask=0.900380 | val_retrieval=2.386280 | val_profile=0.000000 | val_anchors=660915 | val_positive_pairs=0 | val_hard_negatives=0 | val_relation_candidates=9654476 | val_teacher_keff=4.444 | val_student_keff=9.715 | val_masked_positions=1957906 | skipped(train/val)=0/0
[2026-08-12 14:47:34] INFO Relation checkpoint updated | epoch=8 | best_val_relation=2.386280 | path=C:\Users\clw\projects\researchRep\STAnchor-BlockMemory\artifacts\metrla_e5_final_symnorm_local12_seed42\pretrain_best_relation.pt
[2026-08-12 14:47:34] INFO Epoch 009/050 started | train_batches=1427 | val_batches=203
[2026-08-12 14:47:34] INFO Epoch 009 | train batch=1/1427 | elapsed=0.0 min | eta=7.7 min
[2026-08-12 14:47:36] INFO Epoch 009 | train batch=10/1427 | elapsed=0.0 min | eta=6.8 min
[2026-08-12 14:47:39] INFO Epoch 009 | train batch=20/1427 | elapsed=0.1 min | eta=6.3 min
[2026-08-12 14:47:42] INFO Epoch 009 | train batch=30/1427 | elapsed=0.1 min | eta=6.2 min
[2026-08-12 14:47:44] INFO Epoch 009 | train batch=40/1427 | elapsed=0.2 min | eta=6.1 min
[2026-08-12 14:47:47] INFO Epoch 009 | train batch=50/1427 | elapsed=0.2 min | eta=6.1 min
[2026-08-12 14:47:49] INFO Epoch 009 | train batch=60/1427 | elapsed=0.3 min | eta=5.9 min
[2026-08-12 14:47:52] INFO Epoch 009 | train batch=70/1427 | elapsed=0.3 min | eta=5.8 min
[2026-08-12 14:47:54] INFO Epoch 009 | train batch=80/1427 | elapsed=0.3 min | eta=5.8 min
[2026-08-12 14:47:57] INFO Epoch 009 | train batch=90/1427 | elapsed=0.4 min | eta=5.8 min
[2026-08-12 14:48:00] INFO Epoch 009 | train batch=100/1427 | elapsed=0.4 min | eta=5.8 min
[2026-08-12 14:48:02] INFO Epoch 009 | train batch=110/1427 | elapsed=0.5 min | eta=5.7 min
[2026-08-12 14:48:05] INFO Epoch 009 | train batch=120/1427 | elapsed=0.5 min | eta=5.6 min
[2026-08-12 14:48:07] INFO Epoch 009 | train batch=130/1427 | elapsed=0.6 min | eta=5.6 min
[2026-08-12 14:48:10] INFO Epoch 009 | train batch=140/1427 | elapsed=0.6 min | eta=5.6 min
[2026-08-12 14:48:13] INFO Epoch 009 | train batch=150/1427 | elapsed=0.7 min | eta=5.6 min
[2026-08-12 14:48:15] INFO Epoch 009 | train batch=160/1427 | elapsed=0.7 min | eta=5.5 min
[2026-08-12 14:48:18] INFO Epoch 009 | train batch=170/1427 | elapsed=0.7 min | eta=5.5 min
[2026-08-12 14:48:20] INFO Epoch 009 | train batch=180/1427 | elapsed=0.8 min | eta=5.4 min
[2026-08-12 14:48:23] INFO Epoch 009 | train batch=190/1427 | elapsed=0.8 min | eta=5.4 min
[2026-08-12 14:48:26] INFO Epoch 009 | train batch=200/1427 | elapsed=0.9 min | eta=5.3 min
[2026-08-12 14:48:29] INFO Epoch 009 | train batch=210/1427 | elapsed=0.9 min | eta=5.3 min
[2026-08-12 14:48:31] INFO Epoch 009 | train batch=220/1427 | elapsed=1.0 min | eta=5.3 min
[2026-08-12 14:48:34] INFO Epoch 009 | train batch=230/1427 | elapsed=1.0 min | eta=5.2 min
[2026-08-12 14:48:37] INFO Epoch 009 | train batch=240/1427 | elapsed=1.1 min | eta=5.2 min
[2026-08-12 14:48:39] INFO Epoch 009 | train batch=250/1427 | elapsed=1.1 min | eta=5.2 min
[2026-08-12 14:48:42] INFO Epoch 009 | train batch=260/1427 | elapsed=1.1 min | eta=5.1 min
[2026-08-12 14:48:45] INFO Epoch 009 | train batch=270/1427 | elapsed=1.2 min | eta=5.1 min
[2026-08-12 14:48:47] INFO Epoch 009 | train batch=280/1427 | elapsed=1.2 min | eta=5.0 min
[2026-08-12 14:48:50] INFO Epoch 009 | train batch=290/1427 | elapsed=1.3 min | eta=5.0 min
[2026-08-12 14:48:53] INFO Epoch 009 | train batch=300/1427 | elapsed=1.3 min | eta=4.9 min
[2026-08-12 14:48:55] INFO Epoch 009 | train batch=310/1427 | elapsed=1.4 min | eta=4.9 min
[2026-08-12 14:48:58] INFO Epoch 009 | train batch=320/1427 | elapsed=1.4 min | eta=4.9 min
[2026-08-12 14:49:00] INFO Epoch 009 | train batch=330/1427 | elapsed=1.4 min | eta=4.8 min
[2026-08-12 14:49:03] INFO Epoch 009 | train batch=340/1427 | elapsed=1.5 min | eta=4.8 min
[2026-08-12 14:49:05] INFO Epoch 009 | train batch=350/1427 | elapsed=1.5 min | eta=4.7 min
[2026-08-12 14:49:08] INFO Epoch 009 | train batch=360/1427 | elapsed=1.6 min | eta=4.7 min
[2026-08-12 14:49:11] INFO Epoch 009 | train batch=370/1427 | elapsed=1.6 min | eta=4.6 min
[2026-08-12 14:49:13] INFO Epoch 009 | train batch=380/1427 | elapsed=1.7 min | eta=4.6 min
[2026-08-12 14:49:16] INFO Epoch 009 | train batch=390/1427 | elapsed=1.7 min | eta=4.5 min
[2026-08-12 14:49:18] INFO Epoch 009 | train batch=400/1427 | elapsed=1.7 min | eta=4.5 min
[2026-08-12 14:49:21] INFO Epoch 009 | train batch=410/1427 | elapsed=1.8 min | eta=4.4 min
[2026-08-12 14:49:24] INFO Epoch 009 | train batch=420/1427 | elapsed=1.8 min | eta=4.4 min
[2026-08-12 14:49:27] INFO Epoch 009 | train batch=430/1427 | elapsed=1.9 min | eta=4.4 min
[2026-08-12 14:49:29] INFO Epoch 009 | train batch=440/1427 | elapsed=1.9 min | eta=4.3 min
[2026-08-12 14:49:31] INFO Epoch 009 | train batch=450/1427 | elapsed=2.0 min | eta=4.3 min
[2026-08-12 14:49:34] INFO Epoch 009 | train batch=460/1427 | elapsed=2.0 min | eta=4.2 min
[2026-08-12 14:49:36] INFO Epoch 009 | train batch=470/1427 | elapsed=2.0 min | eta=4.2 min
[2026-08-12 14:49:39] INFO Epoch 009 | train batch=480/1427 | elapsed=2.1 min | eta=4.1 min
[2026-08-12 14:49:41] INFO Epoch 009 | train batch=490/1427 | elapsed=2.1 min | eta=4.1 min
[2026-08-12 14:49:44] INFO Epoch 009 | train batch=500/1427 | elapsed=2.2 min | eta=4.0 min
[2026-08-12 14:49:46] INFO Epoch 009 | train batch=510/1427 | elapsed=2.2 min | eta=4.0 min
[2026-08-12 14:49:49] INFO Epoch 009 | train batch=520/1427 | elapsed=2.3 min | eta=3.9 min
[2026-08-12 14:49:51] INFO Epoch 009 | train batch=530/1427 | elapsed=2.3 min | eta=3.9 min
[2026-08-12 14:49:54] INFO Epoch 009 | train batch=540/1427 | elapsed=2.3 min | eta=3.9 min
[2026-08-12 14:49:57] INFO Epoch 009 | train batch=550/1427 | elapsed=2.4 min | eta=3.8 min
[2026-08-12 14:50:00] INFO Epoch 009 | train batch=560/1427 | elapsed=2.4 min | eta=3.8 min
[2026-08-12 14:50:03] INFO Epoch 009 | train batch=570/1427 | elapsed=2.5 min | eta=3.7 min
[2026-08-12 14:50:06] INFO Epoch 009 | train batch=580/1427 | elapsed=2.5 min | eta=3.7 min
[2026-08-12 14:50:08] INFO Epoch 009 | train batch=590/1427 | elapsed=2.6 min | eta=3.7 min
[2026-08-12 14:50:11] INFO Epoch 009 | train batch=600/1427 | elapsed=2.6 min | eta=3.6 min
[2026-08-12 14:50:13] INFO Epoch 009 | train batch=610/1427 | elapsed=2.7 min | eta=3.6 min
[2026-08-12 14:50:16] INFO Epoch 009 | train batch=620/1427 | elapsed=2.7 min | eta=3.5 min
[2026-08-12 14:50:18] INFO Epoch 009 | train batch=630/1427 | elapsed=2.7 min | eta=3.5 min
[2026-08-12 14:50:21] INFO Epoch 009 | train batch=640/1427 | elapsed=2.8 min | eta=3.4 min
[2026-08-12 14:50:23] INFO Epoch 009 | train batch=650/1427 | elapsed=2.8 min | eta=3.4 min
[2026-08-12 14:50:26] INFO Epoch 009 | train batch=660/1427 | elapsed=2.9 min | eta=3.3 min
[2026-08-12 14:50:28] INFO Epoch 009 | train batch=670/1427 | elapsed=2.9 min | eta=3.3 min
[2026-08-12 14:50:31] INFO Epoch 009 | train batch=680/1427 | elapsed=3.0 min | eta=3.2 min
[2026-08-12 14:50:34] INFO Epoch 009 | train batch=690/1427 | elapsed=3.0 min | eta=3.2 min
[2026-08-12 14:50:36] INFO Epoch 009 | train batch=700/1427 | elapsed=3.0 min | eta=3.2 min
[2026-08-12 14:50:39] INFO Epoch 009 | train batch=710/1427 | elapsed=3.1 min | eta=3.1 min
[2026-08-12 14:50:42] INFO Epoch 009 | train batch=720/1427 | elapsed=3.1 min | eta=3.1 min
[2026-08-12 14:50:45] INFO Epoch 009 | train batch=730/1427 | elapsed=3.2 min | eta=3.0 min
[2026-08-12 14:50:47] INFO Epoch 009 | train batch=740/1427 | elapsed=3.2 min | eta=3.0 min
[2026-08-12 14:50:49] INFO Epoch 009 | train batch=750/1427 | elapsed=3.3 min | eta=2.9 min
[2026-08-12 14:50:52] INFO Epoch 009 | train batch=760/1427 | elapsed=3.3 min | eta=2.9 min
[2026-08-12 14:50:55] INFO Epoch 009 | train batch=770/1427 | elapsed=3.4 min | eta=2.9 min
[2026-08-12 14:50:58] INFO Epoch 009 | train batch=780/1427 | elapsed=3.4 min | eta=2.8 min
[2026-08-12 14:51:01] INFO Epoch 009 | train batch=790/1427 | elapsed=3.5 min | eta=2.8 min
[2026-08-12 14:51:03] INFO Epoch 009 | train batch=800/1427 | elapsed=3.5 min | eta=2.7 min
[2026-08-12 14:51:06] INFO Epoch 009 | train batch=810/1427 | elapsed=3.5 min | eta=2.7 min
[2026-08-12 14:51:09] INFO Epoch 009 | train batch=820/1427 | elapsed=3.6 min | eta=2.7 min
[2026-08-12 14:51:11] INFO Epoch 009 | train batch=830/1427 | elapsed=3.6 min | eta=2.6 min
[2026-08-12 14:51:14] INFO Epoch 009 | train batch=840/1427 | elapsed=3.7 min | eta=2.6 min
[2026-08-12 14:51:16] INFO Epoch 009 | train batch=850/1427 | elapsed=3.7 min | eta=2.5 min
[2026-08-12 14:51:19] INFO Epoch 009 | train batch=860/1427 | elapsed=3.8 min | eta=2.5 min
[2026-08-12 14:51:22] INFO Epoch 009 | train batch=870/1427 | elapsed=3.8 min | eta=2.4 min
[2026-08-12 14:51:25] INFO Epoch 009 | train batch=880/1427 | elapsed=3.9 min | eta=2.4 min
[2026-08-12 14:51:27] INFO Epoch 009 | train batch=890/1427 | elapsed=3.9 min | eta=2.4 min
[2026-08-12 14:51:30] INFO Epoch 009 | train batch=900/1427 | elapsed=3.9 min | eta=2.3 min
[2026-08-12 14:51:33] INFO Epoch 009 | train batch=910/1427 | elapsed=4.0 min | eta=2.3 min
[2026-08-12 14:51:36] INFO Epoch 009 | train batch=920/1427 | elapsed=4.0 min | eta=2.2 min
[2026-08-12 14:51:38] INFO Epoch 009 | train batch=930/1427 | elapsed=4.1 min | eta=2.2 min
[2026-08-12 14:51:41] INFO Epoch 009 | train batch=940/1427 | elapsed=4.1 min | eta=2.1 min
[2026-08-12 14:51:44] INFO Epoch 009 | train batch=950/1427 | elapsed=4.2 min | eta=2.1 min
[2026-08-12 14:51:47] INFO Epoch 009 | train batch=960/1427 | elapsed=4.2 min | eta=2.1 min
[2026-08-12 14:51:49] INFO Epoch 009 | train batch=970/1427 | elapsed=4.3 min | eta=2.0 min
[2026-08-12 14:51:52] INFO Epoch 009 | train batch=980/1427 | elapsed=4.3 min | eta=2.0 min
[2026-08-12 14:51:55] INFO Epoch 009 | train batch=990/1427 | elapsed=4.4 min | eta=1.9 min
[2026-08-12 14:51:58] INFO Epoch 009 | train batch=1000/1427 | elapsed=4.4 min | eta=1.9 min
[2026-08-12 14:52:00] INFO Epoch 009 | train batch=1010/1427 | elapsed=4.4 min | eta=1.8 min
[2026-08-12 14:52:03] INFO Epoch 009 | train batch=1020/1427 | elapsed=4.5 min | eta=1.8 min
[2026-08-12 14:52:05] INFO Epoch 009 | train batch=1030/1427 | elapsed=4.5 min | eta=1.7 min
[2026-08-12 14:52:08] INFO Epoch 009 | train batch=1040/1427 | elapsed=4.6 min | eta=1.7 min
[2026-08-12 14:52:10] INFO Epoch 009 | train batch=1050/1427 | elapsed=4.6 min | eta=1.7 min
[2026-08-12 14:52:13] INFO Epoch 009 | train batch=1060/1427 | elapsed=4.7 min | eta=1.6 min
[2026-08-12 14:52:15] INFO Epoch 009 | train batch=1070/1427 | elapsed=4.7 min | eta=1.6 min
[2026-08-12 14:52:18] INFO Epoch 009 | train batch=1080/1427 | elapsed=4.7 min | eta=1.5 min
[2026-08-12 14:52:21] INFO Epoch 009 | train batch=1090/1427 | elapsed=4.8 min | eta=1.5 min
[2026-08-12 14:52:24] INFO Epoch 009 | train batch=1100/1427 | elapsed=4.8 min | eta=1.4 min
[2026-08-12 14:52:26] INFO Epoch 009 | train batch=1110/1427 | elapsed=4.9 min | eta=1.4 min
[2026-08-12 14:52:29] INFO Epoch 009 | train batch=1120/1427 | elapsed=4.9 min | eta=1.4 min
[2026-08-12 14:52:32] INFO Epoch 009 | train batch=1130/1427 | elapsed=5.0 min | eta=1.3 min
[2026-08-12 14:52:35] INFO Epoch 009 | train batch=1140/1427 | elapsed=5.0 min | eta=1.3 min
[2026-08-12 14:52:37] INFO Epoch 009 | train batch=1150/1427 | elapsed=5.1 min | eta=1.2 min
[2026-08-12 14:52:39] INFO Epoch 009 | train batch=1160/1427 | elapsed=5.1 min | eta=1.2 min
[2026-08-12 14:52:42] INFO Epoch 009 | train batch=1170/1427 | elapsed=5.1 min | eta=1.1 min
[2026-08-12 14:52:45] INFO Epoch 009 | train batch=1180/1427 | elapsed=5.2 min | eta=1.1 min
[2026-08-12 14:52:47] INFO Epoch 009 | train batch=1190/1427 | elapsed=5.2 min | eta=1.0 min
[2026-08-12 14:52:50] INFO Epoch 009 | train batch=1200/1427 | elapsed=5.3 min | eta=1.0 min
[2026-08-12 14:52:53] INFO Epoch 009 | train batch=1210/1427 | elapsed=5.3 min | eta=1.0 min
[2026-08-12 14:52:55] INFO Epoch 009 | train batch=1220/1427 | elapsed=5.4 min | eta=0.9 min
[2026-08-12 14:52:58] INFO Epoch 009 | train batch=1230/1427 | elapsed=5.4 min | eta=0.9 min
[2026-08-12 14:53:00] INFO Epoch 009 | train batch=1240/1427 | elapsed=5.4 min | eta=0.8 min
[2026-08-12 14:53:03] INFO Epoch 009 | train batch=1250/1427 | elapsed=5.5 min | eta=0.8 min
[2026-08-12 14:53:06] INFO Epoch 009 | train batch=1260/1427 | elapsed=5.5 min | eta=0.7 min
[2026-08-12 14:53:09] INFO Epoch 009 | train batch=1270/1427 | elapsed=5.6 min | eta=0.7 min
[2026-08-12 14:53:11] INFO Epoch 009 | train batch=1280/1427 | elapsed=5.6 min | eta=0.6 min
[2026-08-12 14:53:14] INFO Epoch 009 | train batch=1290/1427 | elapsed=5.7 min | eta=0.6 min
[2026-08-12 14:53:16] INFO Epoch 009 | train batch=1300/1427 | elapsed=5.7 min | eta=0.6 min
[2026-08-12 14:53:19] INFO Epoch 009 | train batch=1310/1427 | elapsed=5.8 min | eta=0.5 min
[2026-08-12 14:53:22] INFO Epoch 009 | train batch=1320/1427 | elapsed=5.8 min | eta=0.5 min
[2026-08-12 14:53:24] INFO Epoch 009 | train batch=1330/1427 | elapsed=5.8 min | eta=0.4 min
[2026-08-12 14:53:27] INFO Epoch 009 | train batch=1340/1427 | elapsed=5.9 min | eta=0.4 min
[2026-08-12 14:53:30] INFO Epoch 009 | train batch=1350/1427 | elapsed=5.9 min | eta=0.3 min
[2026-08-12 14:53:32] INFO Epoch 009 | train batch=1360/1427 | elapsed=6.0 min | eta=0.3 min
[2026-08-12 14:53:35] INFO Epoch 009 | train batch=1370/1427 | elapsed=6.0 min | eta=0.3 min
[2026-08-12 14:53:38] INFO Epoch 009 | train batch=1380/1427 | elapsed=6.1 min | eta=0.2 min
[2026-08-12 14:53:40] INFO Epoch 009 | train batch=1390/1427 | elapsed=6.1 min | eta=0.2 min
[2026-08-12 14:53:43] INFO Epoch 009 | train batch=1400/1427 | elapsed=6.2 min | eta=0.1 min
[2026-08-12 14:53:45] INFO Epoch 009 | train batch=1410/1427 | elapsed=6.2 min | eta=0.1 min
[2026-08-12 14:53:48] INFO Epoch 009 | train batch=1420/1427 | elapsed=6.2 min | eta=0.0 min
[2026-08-12 14:53:49] INFO Epoch 009 | train batch=1427/1427 | elapsed=6.3 min | eta=0.0 min
[2026-08-12 14:53:49] INFO Epoch 009 | val batch=1/203 | elapsed=0.0 min | eta=0.3 min
[2026-08-12 14:53:51] INFO Epoch 009 | val batch=10/203 | elapsed=0.0 min | eta=0.4 min
[2026-08-12 14:53:52] INFO Epoch 009 | val batch=20/203 | elapsed=0.0 min | eta=0.4 min
[2026-08-12 14:53:53] INFO Epoch 009 | val batch=30/203 | elapsed=0.1 min | eta=0.4 min
[2026-08-12 14:53:54] INFO Epoch 009 | val batch=40/203 | elapsed=0.1 min | eta=0.4 min
[2026-08-12 14:53:56] INFO Epoch 009 | val batch=50/203 | elapsed=0.1 min | eta=0.3 min
[2026-08-12 14:53:57] INFO Epoch 009 | val batch=60/203 | elapsed=0.1 min | eta=0.3 min
[2026-08-12 14:53:58] INFO Epoch 009 | val batch=70/203 | elapsed=0.2 min | eta=0.3 min
[2026-08-12 14:54:00] INFO Epoch 009 | val batch=80/203 | elapsed=0.2 min | eta=0.3 min
[2026-08-12 14:54:01] INFO Epoch 009 | val batch=90/203 | elapsed=0.2 min | eta=0.2 min
[2026-08-12 14:54:02] INFO Epoch 009 | val batch=100/203 | elapsed=0.2 min | eta=0.2 min
[2026-08-12 14:54:04] INFO Epoch 009 | val batch=110/203 | elapsed=0.2 min | eta=0.2 min
[2026-08-12 14:54:05] INFO Epoch 009 | val batch=120/203 | elapsed=0.3 min | eta=0.2 min
[2026-08-12 14:54:06] INFO Epoch 009 | val batch=130/203 | elapsed=0.3 min | eta=0.2 min
[2026-08-12 14:54:07] INFO Epoch 009 | val batch=140/203 | elapsed=0.3 min | eta=0.1 min
[2026-08-12 14:54:09] INFO Epoch 009 | val batch=150/203 | elapsed=0.3 min | eta=0.1 min
[2026-08-12 14:54:10] INFO Epoch 009 | val batch=160/203 | elapsed=0.3 min | eta=0.1 min
[2026-08-12 14:54:11] INFO Epoch 009 | val batch=170/203 | elapsed=0.4 min | eta=0.1 min
[2026-08-12 14:54:13] INFO Epoch 009 | val batch=180/203 | elapsed=0.4 min | eta=0.0 min
[2026-08-12 14:54:14] INFO Epoch 009 | val batch=190/203 | elapsed=0.4 min | eta=0.0 min
[2026-08-12 14:54:15] INFO Epoch 009 | val batch=200/203 | elapsed=0.4 min | eta=0.0 min
[2026-08-12 14:54:16] INFO Epoch 009 | val batch=203/203 | elapsed=0.4 min | eta=0.0 min
[2026-08-12 14:54:16] INFO Epoch 009 | train_total=0.966081 | val_total=1.196605 | val_mask=0.958502 | val_retrieval=2.381030 | val_profile=0.000000 | val_anchors=660915 | val_positive_pairs=0 | val_hard_negatives=0 | val_relation_candidates=9654476 | val_teacher_keff=4.444 | val_student_keff=9.660 | val_masked_positions=1958919 | skipped(train/val)=0/0
[2026-08-12 14:54:16] INFO Relation checkpoint updated | epoch=9 | best_val_relation=2.381030 | path=C:\Users\clw\projects\researchRep\STAnchor-BlockMemory\artifacts\metrla_e5_final_symnorm_local12_seed42\pretrain_best_relation.pt
[2026-08-12 14:54:16] INFO Epoch 010/050 started | train_batches=1427 | val_batches=203
[2026-08-12 14:54:16] INFO Epoch 010 | train batch=1/1427 | elapsed=0.0 min | eta=7.9 min
[2026-08-12 14:54:18] INFO Epoch 010 | train batch=10/1427 | elapsed=0.0 min | eta=6.5 min
[2026-08-12 14:54:21] INFO Epoch 010 | train batch=20/1427 | elapsed=0.1 min | eta=6.5 min
[2026-08-12 14:54:23] INFO Epoch 010 | train batch=30/1427 | elapsed=0.1 min | eta=6.0 min
[2026-08-12 14:54:26] INFO Epoch 010 | train batch=40/1427 | elapsed=0.2 min | eta=6.2 min
[2026-08-12 14:54:29] INFO Epoch 010 | train batch=50/1427 | elapsed=0.2 min | eta=6.1 min
[2026-08-12 14:54:31] INFO Epoch 010 | train batch=60/1427 | elapsed=0.3 min | eta=6.0 min
[2026-08-12 14:54:34] INFO Epoch 010 | train batch=70/1427 | elapsed=0.3 min | eta=6.1 min
[2026-08-12 14:54:37] INFO Epoch 010 | train batch=80/1427 | elapsed=0.4 min | eta=6.0 min
[2026-08-12 14:54:40] INFO Epoch 010 | train batch=90/1427 | elapsed=0.4 min | eta=6.0 min
[2026-08-12 14:54:42] INFO Epoch 010 | train batch=100/1427 | elapsed=0.4 min | eta=5.9 min
[2026-08-12 14:54:45] INFO Epoch 010 | train batch=110/1427 | elapsed=0.5 min | eta=5.8 min
[2026-08-12 14:54:47] INFO Epoch 010 | train batch=120/1427 | elapsed=0.5 min | eta=5.8 min
[2026-08-12 14:54:50] INFO Epoch 010 | train batch=130/1427 | elapsed=0.6 min | eta=5.7 min
[2026-08-12 14:54:52] INFO Epoch 010 | train batch=140/1427 | elapsed=0.6 min | eta=5.6 min
[2026-08-12 14:54:55] INFO Epoch 010 | train batch=150/1427 | elapsed=0.7 min | eta=5.6 min
[2026-08-12 14:54:58] INFO Epoch 010 | train batch=160/1427 | elapsed=0.7 min | eta=5.5 min
[2026-08-12 14:55:00] INFO Epoch 010 | train batch=170/1427 | elapsed=0.7 min | eta=5.5 min
[2026-08-12 14:55:03] INFO Epoch 010 | train batch=180/1427 | elapsed=0.8 min | eta=5.4 min
[2026-08-12 14:55:05] INFO Epoch 010 | train batch=190/1427 | elapsed=0.8 min | eta=5.4 min
[2026-08-12 14:55:08] INFO Epoch 010 | train batch=200/1427 | elapsed=0.9 min | eta=5.4 min
[2026-08-12 14:55:11] INFO Epoch 010 | train batch=210/1427 | elapsed=0.9 min | eta=5.4 min
[2026-08-12 14:55:14] INFO Epoch 010 | train batch=220/1427 | elapsed=1.0 min | eta=5.3 min
[2026-08-12 14:55:17] INFO Epoch 010 | train batch=230/1427 | elapsed=1.0 min | eta=5.3 min
[2026-08-12 14:55:19] INFO Epoch 010 | train batch=240/1427 | elapsed=1.1 min | eta=5.2 min
[2026-08-12 14:55:22] INFO Epoch 010 | train batch=250/1427 | elapsed=1.1 min | eta=5.2 min
[2026-08-12 14:55:24] INFO Epoch 010 | train batch=260/1427 | elapsed=1.1 min | eta=5.2 min
[2026-08-12 14:55:27] INFO Epoch 010 | train batch=270/1427 | elapsed=1.2 min | eta=5.1 min
[2026-08-12 14:55:30] INFO Epoch 010 | train batch=280/1427 | elapsed=1.2 min | eta=5.0 min
[2026-08-12 14:55:32] INFO Epoch 010 | train batch=290/1427 | elapsed=1.3 min | eta=5.0 min
[2026-08-12 14:55:35] INFO Epoch 010 | train batch=300/1427 | elapsed=1.3 min | eta=4.9 min
[2026-08-12 14:55:37] INFO Epoch 010 | train batch=310/1427 | elapsed=1.4 min | eta=4.9 min
[2026-08-12 14:55:40] INFO Epoch 010 | train batch=320/1427 | elapsed=1.4 min | eta=4.9 min
[2026-08-12 14:55:43] INFO Epoch 010 | train batch=330/1427 | elapsed=1.4 min | eta=4.8 min
[2026-08-12 14:55:45] INFO Epoch 010 | train batch=340/1427 | elapsed=1.5 min | eta=4.8 min
[2026-08-12 14:55:48] INFO Epoch 010 | train batch=350/1427 | elapsed=1.5 min | eta=4.7 min
[2026-08-12 14:55:51] INFO Epoch 010 | train batch=360/1427 | elapsed=1.6 min | eta=4.7 min
[2026-08-12 14:55:53] INFO Epoch 010 | train batch=370/1427 | elapsed=1.6 min | eta=4.6 min
[2026-08-12 14:55:56] INFO Epoch 010 | train batch=380/1427 | elapsed=1.7 min | eta=4.6 min
[2026-08-12 14:55:59] INFO Epoch 010 | train batch=390/1427 | elapsed=1.7 min | eta=4.6 min
[2026-08-12 14:56:01] INFO Epoch 010 | train batch=400/1427 | elapsed=1.8 min | eta=4.5 min
[2026-08-12 14:56:04] INFO Epoch 010 | train batch=410/1427 | elapsed=1.8 min | eta=4.5 min
[2026-08-12 14:56:07] INFO Epoch 010 | train batch=420/1427 | elapsed=1.8 min | eta=4.4 min
[2026-08-12 14:56:09] INFO Epoch 010 | train batch=430/1427 | elapsed=1.9 min | eta=4.4 min
[2026-08-12 14:56:11] INFO Epoch 010 | train batch=440/1427 | elapsed=1.9 min | eta=4.3 min
[2026-08-12 14:56:14] INFO Epoch 010 | train batch=450/1427 | elapsed=2.0 min | eta=4.3 min
[2026-08-12 14:56:16] INFO Epoch 010 | train batch=460/1427 | elapsed=2.0 min | eta=4.2 min
[2026-08-12 14:56:19] INFO Epoch 010 | train batch=470/1427 | elapsed=2.1 min | eta=4.2 min
[2026-08-12 14:56:22] INFO Epoch 010 | train batch=480/1427 | elapsed=2.1 min | eta=4.2 min
[2026-08-12 14:56:25] INFO Epoch 010 | train batch=490/1427 | elapsed=2.2 min | eta=4.1 min
[2026-08-12 14:56:28] INFO Epoch 010 | train batch=500/1427 | elapsed=2.2 min | eta=4.1 min
[2026-08-12 14:56:31] INFO Epoch 010 | train batch=510/1427 | elapsed=2.3 min | eta=4.0 min
[2026-08-12 14:56:33] INFO Epoch 010 | train batch=520/1427 | elapsed=2.3 min | eta=4.0 min
[2026-08-12 14:56:36] INFO Epoch 010 | train batch=530/1427 | elapsed=2.3 min | eta=4.0 min
[2026-08-12 14:56:39] INFO Epoch 010 | train batch=540/1427 | elapsed=2.4 min | eta=3.9 min
[2026-08-12 14:56:41] INFO Epoch 010 | train batch=550/1427 | elapsed=2.4 min | eta=3.9 min
[2026-08-12 14:56:44] INFO Epoch 010 | train batch=560/1427 | elapsed=2.5 min | eta=3.8 min
[2026-08-12 14:56:46] INFO Epoch 010 | train batch=570/1427 | elapsed=2.5 min | eta=3.8 min
[2026-08-12 14:56:49] INFO Epoch 010 | train batch=580/1427 | elapsed=2.6 min | eta=3.7 min
[2026-08-12 14:56:51] INFO Epoch 010 | train batch=590/1427 | elapsed=2.6 min | eta=3.7 min
[2026-08-12 14:56:54] INFO Epoch 010 | train batch=600/1427 | elapsed=2.6 min | eta=3.6 min
[2026-08-12 14:56:57] INFO Epoch 010 | train batch=610/1427 | elapsed=2.7 min | eta=3.6 min
[2026-08-12 14:56:59] INFO Epoch 010 | train batch=620/1427 | elapsed=2.7 min | eta=3.6 min
[2026-08-12 14:57:02] INFO Epoch 010 | train batch=630/1427 | elapsed=2.8 min | eta=3.5 min
[2026-08-12 14:57:05] INFO Epoch 010 | train batch=640/1427 | elapsed=2.8 min | eta=3.5 min
[2026-08-12 14:57:07] INFO Epoch 010 | train batch=650/1427 | elapsed=2.9 min | eta=3.4 min
[2026-08-12 14:57:09] INFO Epoch 010 | train batch=660/1427 | elapsed=2.9 min | eta=3.4 min
[2026-08-12 14:57:12] INFO Epoch 010 | train batch=670/1427 | elapsed=2.9 min | eta=3.3 min
[2026-08-12 14:57:15] INFO Epoch 010 | train batch=680/1427 | elapsed=3.0 min | eta=3.3 min
[2026-08-12 14:57:18] INFO Epoch 010 | train batch=690/1427 | elapsed=3.0 min | eta=3.2 min
[2026-08-12 14:57:20] INFO Epoch 010 | train batch=700/1427 | elapsed=3.1 min | eta=3.2 min
[2026-08-12 14:57:23] INFO Epoch 010 | train batch=710/1427 | elapsed=3.1 min | eta=3.2 min
[2026-08-12 14:57:26] INFO Epoch 010 | train batch=720/1427 | elapsed=3.2 min | eta=3.1 min
[2026-08-12 14:57:29] INFO Epoch 010 | train batch=730/1427 | elapsed=3.2 min | eta=3.1 min
[2026-08-12 14:57:31] INFO Epoch 010 | train batch=740/1427 | elapsed=3.3 min | eta=3.0 min
[2026-08-12 14:57:34] INFO Epoch 010 | train batch=750/1427 | elapsed=3.3 min | eta=3.0 min
[2026-08-12 14:57:37] INFO Epoch 010 | train batch=760/1427 | elapsed=3.4 min | eta=2.9 min
[2026-08-12 14:57:39] INFO Epoch 010 | train batch=770/1427 | elapsed=3.4 min | eta=2.9 min
[2026-08-12 14:57:42] INFO Epoch 010 | train batch=780/1427 | elapsed=3.4 min | eta=2.9 min
[2026-08-12 14:57:45] INFO Epoch 010 | train batch=790/1427 | elapsed=3.5 min | eta=2.8 min
[2026-08-12 14:57:48] INFO Epoch 010 | train batch=800/1427 | elapsed=3.5 min | eta=2.8 min
[2026-08-12 14:57:50] INFO Epoch 010 | train batch=810/1427 | elapsed=3.6 min | eta=2.7 min
[2026-08-12 14:57:53] INFO Epoch 010 | train batch=820/1427 | elapsed=3.6 min | eta=2.7 min
[2026-08-12 14:57:56] INFO Epoch 010 | train batch=830/1427 | elapsed=3.7 min | eta=2.6 min
[2026-08-12 14:57:58] INFO Epoch 010 | train batch=840/1427 | elapsed=3.7 min | eta=2.6 min
[2026-08-12 14:58:01] INFO Epoch 010 | train batch=850/1427 | elapsed=3.8 min | eta=2.5 min
[2026-08-12 14:58:03] INFO Epoch 010 | train batch=860/1427 | elapsed=3.8 min | eta=2.5 min
[2026-08-12 14:58:06] INFO Epoch 010 | train batch=870/1427 | elapsed=3.8 min | eta=2.5 min
[2026-08-12 14:58:09] INFO Epoch 010 | train batch=880/1427 | elapsed=3.9 min | eta=2.4 min
[2026-08-12 14:58:11] INFO Epoch 010 | train batch=890/1427 | elapsed=3.9 min | eta=2.4 min
[2026-08-12 14:58:14] INFO Epoch 010 | train batch=900/1427 | elapsed=4.0 min | eta=2.3 min
[2026-08-12 14:58:16] INFO Epoch 010 | train batch=910/1427 | elapsed=4.0 min | eta=2.3 min
[2026-08-12 14:58:19] INFO Epoch 010 | train batch=920/1427 | elapsed=4.1 min | eta=2.2 min
[2026-08-12 14:58:21] INFO Epoch 010 | train batch=930/1427 | elapsed=4.1 min | eta=2.2 min
[2026-08-12 14:58:24] INFO Epoch 010 | train batch=940/1427 | elapsed=4.1 min | eta=2.1 min
[2026-08-12 14:58:27] INFO Epoch 010 | train batch=950/1427 | elapsed=4.2 min | eta=2.1 min
[2026-08-12 14:58:29] INFO Epoch 010 | train batch=960/1427 | elapsed=4.2 min | eta=2.1 min
[2026-08-12 14:58:32] INFO Epoch 010 | train batch=970/1427 | elapsed=4.3 min | eta=2.0 min
[2026-08-12 14:58:35] INFO Epoch 010 | train batch=980/1427 | elapsed=4.3 min | eta=2.0 min
[2026-08-12 14:58:38] INFO Epoch 010 | train batch=990/1427 | elapsed=4.4 min | eta=1.9 min
[2026-08-12 14:58:40] INFO Epoch 010 | train batch=1000/1427 | elapsed=4.4 min | eta=1.9 min
[2026-08-12 14:58:42] INFO Epoch 010 | train batch=1010/1427 | elapsed=4.4 min | eta=1.8 min
[2026-08-12 14:58:45] INFO Epoch 010 | train batch=1020/1427 | elapsed=4.5 min | eta=1.8 min
[2026-08-12 14:58:47] INFO Epoch 010 | train batch=1030/1427 | elapsed=4.5 min | eta=1.7 min
[2026-08-12 14:58:50] INFO Epoch 010 | train batch=1040/1427 | elapsed=4.6 min | eta=1.7 min
[2026-08-12 14:58:52] INFO Epoch 010 | train batch=1050/1427 | elapsed=4.6 min | eta=1.7 min
[2026-08-12 14:58:55] INFO Epoch 010 | train batch=1060/1427 | elapsed=4.7 min | eta=1.6 min
[2026-08-12 14:58:57] INFO Epoch 010 | train batch=1070/1427 | elapsed=4.7 min | eta=1.6 min
[2026-08-12 14:59:00] INFO Epoch 010 | train batch=1080/1427 | elapsed=4.7 min | eta=1.5 min
[2026-08-12 14:59:02] INFO Epoch 010 | train batch=1090/1427 | elapsed=4.8 min | eta=1.5 min
[2026-08-12 14:59:05] INFO Epoch 010 | train batch=1100/1427 | elapsed=4.8 min | eta=1.4 min
[2026-08-12 14:59:08] INFO Epoch 010 | train batch=1110/1427 | elapsed=4.9 min | eta=1.4 min
[2026-08-12 14:59:10] INFO Epoch 010 | train batch=1120/1427 | elapsed=4.9 min | eta=1.3 min
[2026-08-12 14:59:13] INFO Epoch 010 | train batch=1130/1427 | elapsed=5.0 min | eta=1.3 min
[2026-08-12 14:59:16] INFO Epoch 010 | train batch=1140/1427 | elapsed=5.0 min | eta=1.3 min
[2026-08-12 14:59:18] INFO Epoch 010 | train batch=1150/1427 | elapsed=5.0 min | eta=1.2 min
[2026-08-12 14:59:21] INFO Epoch 010 | train batch=1160/1427 | elapsed=5.1 min | eta=1.2 min
[2026-08-12 14:59:24] INFO Epoch 010 | train batch=1170/1427 | elapsed=5.1 min | eta=1.1 min
[2026-08-12 14:59:26] INFO Epoch 010 | train batch=1180/1427 | elapsed=5.2 min | eta=1.1 min
[2026-08-12 14:59:29] INFO Epoch 010 | train batch=1190/1427 | elapsed=5.2 min | eta=1.0 min
[2026-08-12 14:59:32] INFO Epoch 010 | train batch=1200/1427 | elapsed=5.3 min | eta=1.0 min
[2026-08-12 14:59:34] INFO Epoch 010 | train batch=1210/1427 | elapsed=5.3 min | eta=1.0 min
[2026-08-12 14:59:37] INFO Epoch 010 | train batch=1220/1427 | elapsed=5.4 min | eta=0.9 min
[2026-08-12 14:59:40] INFO Epoch 010 | train batch=1230/1427 | elapsed=5.4 min | eta=0.9 min
[2026-08-12 14:59:42] INFO Epoch 010 | train batch=1240/1427 | elapsed=5.4 min | eta=0.8 min
[2026-08-12 14:59:45] INFO Epoch 010 | train batch=1250/1427 | elapsed=5.5 min | eta=0.8 min
[2026-08-12 14:59:48] INFO Epoch 010 | train batch=1260/1427 | elapsed=5.5 min | eta=0.7 min
[2026-08-12 14:59:50] INFO Epoch 010 | train batch=1270/1427 | elapsed=5.6 min | eta=0.7 min
[2026-08-12 14:59:53] INFO Epoch 010 | train batch=1280/1427 | elapsed=5.6 min | eta=0.6 min
[2026-08-12 14:59:55] INFO Epoch 010 | train batch=1290/1427 | elapsed=5.7 min | eta=0.6 min
[2026-08-12 14:59:58] INFO Epoch 010 | train batch=1300/1427 | elapsed=5.7 min | eta=0.6 min
[2026-08-12 15:00:01] INFO Epoch 010 | train batch=1310/1427 | elapsed=5.8 min | eta=0.5 min
[2026-08-12 15:00:03] INFO Epoch 010 | train batch=1320/1427 | elapsed=5.8 min | eta=0.5 min
[2026-08-12 15:00:06] INFO Epoch 010 | train batch=1330/1427 | elapsed=5.8 min | eta=0.4 min
[2026-08-12 15:00:09] INFO Epoch 010 | train batch=1340/1427 | elapsed=5.9 min | eta=0.4 min
[2026-08-12 15:00:11] INFO Epoch 010 | train batch=1350/1427 | elapsed=5.9 min | eta=0.3 min
[2026-08-12 15:00:14] INFO Epoch 010 | train batch=1360/1427 | elapsed=6.0 min | eta=0.3 min
[2026-08-12 15:00:16] INFO Epoch 010 | train batch=1370/1427 | elapsed=6.0 min | eta=0.3 min
[2026-08-12 15:00:19] INFO Epoch 010 | train batch=1380/1427 | elapsed=6.1 min | eta=0.2 min
[2026-08-12 15:00:22] INFO Epoch 010 | train batch=1390/1427 | elapsed=6.1 min | eta=0.2 min
[2026-08-12 15:00:25] INFO Epoch 010 | train batch=1400/1427 | elapsed=6.1 min | eta=0.1 min
[2026-08-12 15:00:27] INFO Epoch 010 | train batch=1410/1427 | elapsed=6.2 min | eta=0.1 min
[2026-08-12 15:00:30] INFO Epoch 010 | train batch=1420/1427 | elapsed=6.2 min | eta=0.0 min
[2026-08-12 15:00:31] INFO Epoch 010 | train batch=1427/1427 | elapsed=6.3 min | eta=0.0 min
[2026-08-12 15:00:31] INFO Epoch 010 | val batch=1/203 | elapsed=0.0 min | eta=0.3 min
[2026-08-12 15:00:33] INFO Epoch 010 | val batch=10/203 | elapsed=0.0 min | eta=0.4 min
[2026-08-12 15:00:34] INFO Epoch 010 | val batch=20/203 | elapsed=0.0 min | eta=0.4 min
[2026-08-12 15:00:35] INFO Epoch 010 | val batch=30/203 | elapsed=0.1 min | eta=0.4 min
[2026-08-12 15:00:37] INFO Epoch 010 | val batch=40/203 | elapsed=0.1 min | eta=0.4 min
[2026-08-12 15:00:38] INFO Epoch 010 | val batch=50/203 | elapsed=0.1 min | eta=0.3 min
[2026-08-12 15:00:39] INFO Epoch 010 | val batch=60/203 | elapsed=0.1 min | eta=0.3 min
[2026-08-12 15:00:41] INFO Epoch 010 | val batch=70/203 | elapsed=0.2 min | eta=0.3 min
[2026-08-12 15:00:42] INFO Epoch 010 | val batch=80/203 | elapsed=0.2 min | eta=0.3 min
[2026-08-12 15:00:43] INFO Epoch 010 | val batch=90/203 | elapsed=0.2 min | eta=0.2 min
[2026-08-12 15:00:44] INFO Epoch 010 | val batch=100/203 | elapsed=0.2 min | eta=0.2 min
[2026-08-12 15:00:46] INFO Epoch 010 | val batch=110/203 | elapsed=0.2 min | eta=0.2 min
[2026-08-12 15:00:47] INFO Epoch 010 | val batch=120/203 | elapsed=0.3 min | eta=0.2 min
[2026-08-12 15:00:48] INFO Epoch 010 | val batch=130/203 | elapsed=0.3 min | eta=0.2 min
[2026-08-12 15:00:50] INFO Epoch 010 | val batch=140/203 | elapsed=0.3 min | eta=0.1 min
[2026-08-12 15:00:51] INFO Epoch 010 | val batch=150/203 | elapsed=0.3 min | eta=0.1 min
[2026-08-12 15:00:52] INFO Epoch 010 | val batch=160/203 | elapsed=0.3 min | eta=0.1 min
[2026-08-12 15:00:53] INFO Epoch 010 | val batch=170/203 | elapsed=0.4 min | eta=0.1 min
[2026-08-12 15:00:55] INFO Epoch 010 | val batch=180/203 | elapsed=0.4 min | eta=0.0 min
[2026-08-12 15:00:56] INFO Epoch 010 | val batch=190/203 | elapsed=0.4 min | eta=0.0 min
[2026-08-12 15:00:57] INFO Epoch 010 | val batch=200/203 | elapsed=0.4 min | eta=0.0 min
[2026-08-12 15:00:58] INFO Epoch 010 | val batch=203/203 | elapsed=0.4 min | eta=0.0 min
[2026-08-12 15:00:58] INFO Epoch 010 | train_total=1.068260 | val_total=0.767649 | val_mask=0.529580 | val_retrieval=2.380689 | val_profile=0.000000 | val_anchors=660915 | val_positive_pairs=0 | val_hard_negatives=0 | val_relation_candidates=9654476 | val_teacher_keff=4.444 | val_student_keff=9.803 | val_masked_positions=1959764 | skipped(train/val)=0/0
[2026-08-12 15:00:58] INFO Checkpoint updated | epoch=10 | best_val=0.767649 | path=C:\Users\clw\projects\researchRep\STAnchor-BlockMemory\artifacts\metrla_e5_final_symnorm_local12_seed42\pretrain_best.pt
[2026-08-12 15:00:58] INFO Relation checkpoint updated | epoch=10 | best_val_relation=2.380689 | path=C:\Users\clw\projects\researchRep\STAnchor-BlockMemory\artifacts\metrla_e5_final_symnorm_local12_seed42\pretrain_best_relation.pt
[2026-08-12 15:00:58] INFO Epoch 011/050 started | train_batches=1427 | val_batches=203
[2026-08-12 15:00:58] INFO Epoch 011 | train batch=1/1427 | elapsed=0.0 min | eta=5.1 min
[2026-08-12 15:01:00] INFO Epoch 011 | train batch=10/1427 | elapsed=0.0 min | eta=6.2 min
[2026-08-12 15:01:03] INFO Epoch 011 | train batch=20/1427 | elapsed=0.1 min | eta=6.2 min
[2026-08-12 15:01:06] INFO Epoch 011 | train batch=30/1427 | elapsed=0.1 min | eta=6.2 min
[2026-08-12 15:01:08] INFO Epoch 011 | train batch=40/1427 | elapsed=0.2 min | eta=6.1 min
[2026-08-12 15:01:11] INFO Epoch 011 | train batch=50/1427 | elapsed=0.2 min | eta=6.0 min
[2026-08-12 15:01:14] INFO Epoch 011 | train batch=60/1427 | elapsed=0.3 min | eta=6.0 min
[2026-08-12 15:01:16] INFO Epoch 011 | train batch=70/1427 | elapsed=0.3 min | eta=5.9 min
[2026-08-12 15:01:19] INFO Epoch 011 | train batch=80/1427 | elapsed=0.4 min | eta=5.9 min
[2026-08-12 15:01:22] INFO Epoch 011 | train batch=90/1427 | elapsed=0.4 min | eta=5.9 min
[2026-08-12 15:01:24] INFO Epoch 011 | train batch=100/1427 | elapsed=0.4 min | eta=5.9 min
[2026-08-12 15:01:27] INFO Epoch 011 | train batch=110/1427 | elapsed=0.5 min | eta=5.8 min
[2026-08-12 15:01:30] INFO Epoch 011 | train batch=120/1427 | elapsed=0.5 min | eta=5.8 min
[2026-08-12 15:01:32] INFO Epoch 011 | train batch=130/1427 | elapsed=0.6 min | eta=5.7 min
[2026-08-12 15:01:35] INFO Epoch 011 | train batch=140/1427 | elapsed=0.6 min | eta=5.7 min
[2026-08-12 15:01:37] INFO Epoch 011 | train batch=150/1427 | elapsed=0.7 min | eta=5.6 min
[2026-08-12 15:01:40] INFO Epoch 011 | train batch=160/1427 | elapsed=0.7 min | eta=5.6 min
[2026-08-12 15:01:43] INFO Epoch 011 | train batch=170/1427 | elapsed=0.7 min | eta=5.5 min
[2026-08-12 15:01:45] INFO Epoch 011 | train batch=180/1427 | elapsed=0.8 min | eta=5.5 min
[2026-08-12 15:01:48] INFO Epoch 011 | train batch=190/1427 | elapsed=0.8 min | eta=5.4 min
[2026-08-12 15:01:51] INFO Epoch 011 | train batch=200/1427 | elapsed=0.9 min | eta=5.4 min
[2026-08-12 15:01:53] INFO Epoch 011 | train batch=210/1427 | elapsed=0.9 min | eta=5.3 min
[2026-08-12 15:01:56] INFO Epoch 011 | train batch=220/1427 | elapsed=1.0 min | eta=5.3 min
[2026-08-12 15:01:59] INFO Epoch 011 | train batch=230/1427 | elapsed=1.0 min | eta=5.3 min
[2026-08-12 15:02:01] INFO Epoch 011 | train batch=240/1427 | elapsed=1.1 min | eta=5.2 min
[2026-08-12 15:02:04] INFO Epoch 011 | train batch=250/1427 | elapsed=1.1 min | eta=5.2 min
[2026-08-12 15:02:07] INFO Epoch 011 | train batch=260/1427 | elapsed=1.1 min | eta=5.1 min
[2026-08-12 15:02:09] INFO Epoch 011 | train batch=270/1427 | elapsed=1.2 min | eta=5.1 min
[2026-08-12 15:02:12] INFO Epoch 011 | train batch=280/1427 | elapsed=1.2 min | eta=5.1 min
[2026-08-12 15:02:14] INFO Epoch 011 | train batch=290/1427 | elapsed=1.3 min | eta=5.0 min
[2026-08-12 15:02:17] INFO Epoch 011 | train batch=300/1427 | elapsed=1.3 min | eta=5.0 min
[2026-08-12 15:02:19] INFO Epoch 011 | train batch=310/1427 | elapsed=1.4 min | eta=4.9 min
[2026-08-12 15:02:22] INFO Epoch 011 | train batch=320/1427 | elapsed=1.4 min | eta=4.9 min
[2026-08-12 15:02:24] INFO Epoch 011 | train batch=330/1427 | elapsed=1.4 min | eta=4.8 min
[2026-08-12 15:02:27] INFO Epoch 011 | train batch=340/1427 | elapsed=1.5 min | eta=4.8 min
[2026-08-12 15:02:30] INFO Epoch 011 | train batch=350/1427 | elapsed=1.5 min | eta=4.7 min
[2026-08-12 15:02:33] INFO Epoch 011 | train batch=360/1427 | elapsed=1.6 min | eta=4.7 min
[2026-08-12 15:02:36] INFO Epoch 011 | train batch=370/1427 | elapsed=1.6 min | eta=4.7 min
[2026-08-12 15:02:38] INFO Epoch 011 | train batch=380/1427 | elapsed=1.7 min | eta=4.6 min
[2026-08-12 15:02:41] INFO Epoch 011 | train batch=390/1427 | elapsed=1.7 min | eta=4.6 min
[2026-08-12 15:02:44] INFO Epoch 011 | train batch=400/1427 | elapsed=1.8 min | eta=4.5 min
[2026-08-12 15:02:46] INFO Epoch 011 | train batch=410/1427 | elapsed=1.8 min | eta=4.5 min
[2026-08-12 15:02:49] INFO Epoch 011 | train batch=420/1427 | elapsed=1.8 min | eta=4.4 min
[2026-08-12 15:02:52] INFO Epoch 011 | train batch=430/1427 | elapsed=1.9 min | eta=4.4 min
[2026-08-12 15:02:54] INFO Epoch 011 | train batch=440/1427 | elapsed=1.9 min | eta=4.3 min
[2026-08-12 15:02:57] INFO Epoch 011 | train batch=450/1427 | elapsed=2.0 min | eta=4.3 min
[2026-08-12 15:03:00] INFO Epoch 011 | train batch=460/1427 | elapsed=2.0 min | eta=4.3 min
[2026-08-12 15:03:02] INFO Epoch 011 | train batch=470/1427 | elapsed=2.1 min | eta=4.2 min
[2026-08-12 15:03:05] INFO Epoch 011 | train batch=480/1427 | elapsed=2.1 min | eta=4.2 min
[2026-08-12 15:03:07] INFO Epoch 011 | train batch=490/1427 | elapsed=2.2 min | eta=4.1 min
[2026-08-12 15:03:10] INFO Epoch 011 | train batch=500/1427 | elapsed=2.2 min | eta=4.1 min
[2026-08-12 15:03:12] INFO Epoch 011 | train batch=510/1427 | elapsed=2.2 min | eta=4.0 min
[2026-08-12 15:03:15] INFO Epoch 011 | train batch=520/1427 | elapsed=2.3 min | eta=4.0 min
[2026-08-12 15:03:18] INFO Epoch 011 | train batch=530/1427 | elapsed=2.3 min | eta=4.0 min
[2026-08-12 15:03:21] INFO Epoch 011 | train batch=540/1427 | elapsed=2.4 min | eta=3.9 min
[2026-08-12 15:03:24] INFO Epoch 011 | train batch=550/1427 | elapsed=2.4 min | eta=3.9 min
[2026-08-12 15:03:26] INFO Epoch 011 | train batch=560/1427 | elapsed=2.5 min | eta=3.8 min
[2026-08-12 15:03:29] INFO Epoch 011 | train batch=570/1427 | elapsed=2.5 min | eta=3.8 min
[2026-08-12 15:03:31] INFO Epoch 011 | train batch=580/1427 | elapsed=2.6 min | eta=3.7 min
[2026-08-12 15:03:34] INFO Epoch 011 | train batch=590/1427 | elapsed=2.6 min | eta=3.7 min
[2026-08-12 15:03:37] INFO Epoch 011 | train batch=600/1427 | elapsed=2.6 min | eta=3.7 min
[2026-08-12 15:03:39] INFO Epoch 011 | train batch=610/1427 | elapsed=2.7 min | eta=3.6 min
[2026-08-12 15:03:42] INFO Epoch 011 | train batch=620/1427 | elapsed=2.7 min | eta=3.6 min
[2026-08-12 15:03:45] INFO Epoch 011 | train batch=630/1427 | elapsed=2.8 min | eta=3.5 min
[2026-08-12 15:03:47] INFO Epoch 011 | train batch=640/1427 | elapsed=2.8 min | eta=3.5 min
[2026-08-12 15:03:50] INFO Epoch 011 | train batch=650/1427 | elapsed=2.9 min | eta=3.4 min
[2026-08-12 15:03:52] INFO Epoch 011 | train batch=660/1427 | elapsed=2.9 min | eta=3.4 min
[2026-08-12 15:03:55] INFO Epoch 011 | train batch=670/1427 | elapsed=3.0 min | eta=3.3 min
[2026-08-12 15:03:58] INFO Epoch 011 | train batch=680/1427 | elapsed=3.0 min | eta=3.3 min
[2026-08-12 15:04:01] INFO Epoch 011 | train batch=690/1427 | elapsed=3.1 min | eta=3.3 min
[2026-08-12 15:04:04] INFO Epoch 011 | train batch=700/1427 | elapsed=3.1 min | eta=3.2 min
[2026-08-12 15:04:06] INFO Epoch 011 | train batch=710/1427 | elapsed=3.1 min | eta=3.2 min
[2026-08-12 15:04:09] INFO Epoch 011 | train batch=720/1427 | elapsed=3.2 min | eta=3.1 min
[2026-08-12 15:04:12] INFO Epoch 011 | train batch=730/1427 | elapsed=3.2 min | eta=3.1 min
[2026-08-12 15:04:15] INFO Epoch 011 | train batch=740/1427 | elapsed=3.3 min | eta=3.0 min
[2026-08-12 15:04:17] INFO Epoch 011 | train batch=750/1427 | elapsed=3.3 min | eta=3.0 min
[2026-08-12 15:04:20] INFO Epoch 011 | train batch=760/1427 | elapsed=3.4 min | eta=3.0 min
[2026-08-12 15:04:22] INFO Epoch 011 | train batch=770/1427 | elapsed=3.4 min | eta=2.9 min
[2026-08-12 15:04:25] INFO Epoch 011 | train batch=780/1427 | elapsed=3.5 min | eta=2.9 min
[2026-08-12 15:04:28] INFO Epoch 011 | train batch=790/1427 | elapsed=3.5 min | eta=2.8 min
[2026-08-12 15:04:31] INFO Epoch 011 | train batch=800/1427 | elapsed=3.5 min | eta=2.8 min
[2026-08-12 15:04:33] INFO Epoch 011 | train batch=810/1427 | elapsed=3.6 min | eta=2.7 min
[2026-08-12 15:04:36] INFO Epoch 011 | train batch=820/1427 | elapsed=3.6 min | eta=2.7 min
[2026-08-12 15:04:38] INFO Epoch 011 | train batch=830/1427 | elapsed=3.7 min | eta=2.6 min
[2026-08-12 15:04:41] INFO Epoch 011 | train batch=840/1427 | elapsed=3.7 min | eta=2.6 min
[2026-08-12 15:04:44] INFO Epoch 011 | train batch=850/1427 | elapsed=3.8 min | eta=2.6 min
[2026-08-12 15:04:46] INFO Epoch 011 | train batch=860/1427 | elapsed=3.8 min | eta=2.5 min
[2026-08-12 15:04:48] INFO Epoch 011 | train batch=870/1427 | elapsed=3.8 min | eta=2.5 min
[2026-08-12 15:04:51] INFO Epoch 011 | train batch=880/1427 | elapsed=3.9 min | eta=2.4 min
[2026-08-12 15:04:54] INFO Epoch 011 | train batch=890/1427 | elapsed=3.9 min | eta=2.4 min
[2026-08-12 15:04:56] INFO Epoch 011 | train batch=900/1427 | elapsed=4.0 min | eta=2.3 min
[2026-08-12 15:04:59] INFO Epoch 011 | train batch=910/1427 | elapsed=4.0 min | eta=2.3 min
[2026-08-12 15:05:02] INFO Epoch 011 | train batch=920/1427 | elapsed=4.1 min | eta=2.2 min
[2026-08-12 15:05:04] INFO Epoch 011 | train batch=930/1427 | elapsed=4.1 min | eta=2.2 min
[2026-08-12 15:05:07] INFO Epoch 011 | train batch=940/1427 | elapsed=4.2 min | eta=2.2 min
[2026-08-12 15:05:10] INFO Epoch 011 | train batch=950/1427 | elapsed=4.2 min | eta=2.1 min
[2026-08-12 15:05:12] INFO Epoch 011 | train batch=960/1427 | elapsed=4.2 min | eta=2.1 min
[2026-08-12 15:05:15] INFO Epoch 011 | train batch=970/1427 | elapsed=4.3 min | eta=2.0 min
[2026-08-12 15:05:18] INFO Epoch 011 | train batch=980/1427 | elapsed=4.3 min | eta=2.0 min
[2026-08-12 15:05:21] INFO Epoch 011 | train batch=990/1427 | elapsed=4.4 min | eta=1.9 min
[2026-08-12 15:05:23] INFO Epoch 011 | train batch=1000/1427 | elapsed=4.4 min | eta=1.9 min
[2026-08-12 15:05:26] INFO Epoch 011 | train batch=1010/1427 | elapsed=4.5 min | eta=1.8 min
[2026-08-12 15:05:29] INFO Epoch 011 | train batch=1020/1427 | elapsed=4.5 min | eta=1.8 min
[2026-08-12 15:05:32] INFO Epoch 011 | train batch=1030/1427 | elapsed=4.6 min | eta=1.8 min
[2026-08-12 15:05:34] INFO Epoch 011 | train batch=1040/1427 | elapsed=4.6 min | eta=1.7 min
[2026-08-12 15:05:36] INFO Epoch 011 | train batch=1050/1427 | elapsed=4.6 min | eta=1.7 min
[2026-08-12 15:05:39] INFO Epoch 011 | train batch=1060/1427 | elapsed=4.7 min | eta=1.6 min
[2026-08-12 15:05:42] INFO Epoch 011 | train batch=1070/1427 | elapsed=4.7 min | eta=1.6 min
[2026-08-12 15:05:44] INFO Epoch 011 | train batch=1080/1427 | elapsed=4.8 min | eta=1.5 min
[2026-08-12 15:05:47] INFO Epoch 011 | train batch=1090/1427 | elapsed=4.8 min | eta=1.5 min
[2026-08-12 15:05:49] INFO Epoch 011 | train batch=1100/1427 | elapsed=4.9 min | eta=1.4 min
[2026-08-12 15:05:52] INFO Epoch 011 | train batch=1110/1427 | elapsed=4.9 min | eta=1.4 min
[2026-08-12 15:05:54] INFO Epoch 011 | train batch=1120/1427 | elapsed=4.9 min | eta=1.4 min
[2026-08-12 15:05:57] INFO Epoch 011 | train batch=1130/1427 | elapsed=5.0 min | eta=1.3 min
[2026-08-12 15:06:00] INFO Epoch 011 | train batch=1140/1427 | elapsed=5.0 min | eta=1.3 min
[2026-08-12 15:06:03] INFO Epoch 011 | train batch=1150/1427 | elapsed=5.1 min | eta=1.2 min
[2026-08-12 15:06:05] INFO Epoch 011 | train batch=1160/1427 | elapsed=5.1 min | eta=1.2 min
[2026-08-12 15:06:08] INFO Epoch 011 | train batch=1170/1427 | elapsed=5.2 min | eta=1.1 min
[2026-08-12 15:06:11] INFO Epoch 011 | train batch=1180/1427 | elapsed=5.2 min | eta=1.1 min
[2026-08-12 15:06:13] INFO Epoch 011 | train batch=1190/1427 | elapsed=5.3 min | eta=1.0 min
[2026-08-12 15:06:16] INFO Epoch 011 | train batch=1200/1427 | elapsed=5.3 min | eta=1.0 min
[2026-08-12 15:06:18] INFO Epoch 011 | train batch=1210/1427 | elapsed=5.3 min | eta=1.0 min
[2026-08-12 15:06:21] INFO Epoch 011 | train batch=1220/1427 | elapsed=5.4 min | eta=0.9 min
[2026-08-12 15:06:24] INFO Epoch 011 | train batch=1230/1427 | elapsed=5.4 min | eta=0.9 min
[2026-08-12 15:06:27] INFO Epoch 011 | train batch=1240/1427 | elapsed=5.5 min | eta=0.8 min
[2026-08-12 15:06:29] INFO Epoch 011 | train batch=1250/1427 | elapsed=5.5 min | eta=0.8 min
[2026-08-12 15:06:32] INFO Epoch 011 | train batch=1260/1427 | elapsed=5.6 min | eta=0.7 min
[2026-08-12 15:06:34] INFO Epoch 011 | train batch=1270/1427 | elapsed=5.6 min | eta=0.7 min
[2026-08-12 15:06:37] INFO Epoch 011 | train batch=1280/1427 | elapsed=5.7 min | eta=0.6 min
[2026-08-12 15:06:40] INFO Epoch 011 | train batch=1290/1427 | elapsed=5.7 min | eta=0.6 min
[2026-08-12 15:06:43] INFO Epoch 011 | train batch=1300/1427 | elapsed=5.7 min | eta=0.6 min
[2026-08-12 15:06:45] INFO Epoch 011 | train batch=1310/1427 | elapsed=5.8 min | eta=0.5 min
[2026-08-12 15:06:48] INFO Epoch 011 | train batch=1320/1427 | elapsed=5.8 min | eta=0.5 min
[2026-08-12 15:06:51] INFO Epoch 011 | train batch=1330/1427 | elapsed=5.9 min | eta=0.4 min
[2026-08-12 15:06:53] INFO Epoch 011 | train batch=1340/1427 | elapsed=5.9 min | eta=0.4 min
[2026-08-12 15:06:56] INFO Epoch 011 | train batch=1350/1427 | elapsed=6.0 min | eta=0.3 min
[2026-08-12 15:06:59] INFO Epoch 011 | train batch=1360/1427 | elapsed=6.0 min | eta=0.3 min
[2026-08-12 15:07:02] INFO Epoch 011 | train batch=1370/1427 | elapsed=6.1 min | eta=0.3 min
[2026-08-12 15:07:04] INFO Epoch 011 | train batch=1380/1427 | elapsed=6.1 min | eta=0.2 min
[2026-08-12 15:07:07] INFO Epoch 011 | train batch=1390/1427 | elapsed=6.2 min | eta=0.2 min
[2026-08-12 15:07:10] INFO Epoch 011 | train batch=1400/1427 | elapsed=6.2 min | eta=0.1 min
[2026-08-12 15:07:12] INFO Epoch 011 | train batch=1410/1427 | elapsed=6.2 min | eta=0.1 min
[2026-08-12 15:07:15] INFO Epoch 011 | train batch=1420/1427 | elapsed=6.3 min | eta=0.0 min
[2026-08-12 15:07:16] INFO Epoch 011 | train batch=1427/1427 | elapsed=6.3 min | eta=0.0 min
[2026-08-12 15:07:16] INFO Epoch 011 | val batch=1/203 | elapsed=0.0 min | eta=0.3 min
[2026-08-12 15:07:18] INFO Epoch 011 | val batch=10/203 | elapsed=0.0 min | eta=0.4 min
[2026-08-12 15:07:19] INFO Epoch 011 | val batch=20/203 | elapsed=0.0 min | eta=0.4 min
[2026-08-12 15:07:20] INFO Epoch 011 | val batch=30/203 | elapsed=0.1 min | eta=0.4 min
[2026-08-12 15:07:22] INFO Epoch 011 | val batch=40/203 | elapsed=0.1 min | eta=0.4 min
[2026-08-12 15:07:23] INFO Epoch 011 | val batch=50/203 | elapsed=0.1 min | eta=0.3 min
[2026-08-12 15:07:24] INFO Epoch 011 | val batch=60/203 | elapsed=0.1 min | eta=0.3 min
[2026-08-12 15:07:25] INFO Epoch 011 | val batch=70/203 | elapsed=0.2 min | eta=0.3 min
[2026-08-12 15:07:27] INFO Epoch 011 | val batch=80/203 | elapsed=0.2 min | eta=0.3 min
[2026-08-12 15:07:28] INFO Epoch 011 | val batch=90/203 | elapsed=0.2 min | eta=0.2 min
[2026-08-12 15:07:29] INFO Epoch 011 | val batch=100/203 | elapsed=0.2 min | eta=0.2 min
[2026-08-12 15:07:31] INFO Epoch 011 | val batch=110/203 | elapsed=0.2 min | eta=0.2 min
[2026-08-12 15:07:32] INFO Epoch 011 | val batch=120/203 | elapsed=0.3 min | eta=0.2 min
[2026-08-12 15:07:33] INFO Epoch 011 | val batch=130/203 | elapsed=0.3 min | eta=0.2 min
[2026-08-12 15:07:34] INFO Epoch 011 | val batch=140/203 | elapsed=0.3 min | eta=0.1 min
[2026-08-12 15:07:36] INFO Epoch 011 | val batch=150/203 | elapsed=0.3 min | eta=0.1 min
[2026-08-12 15:07:37] INFO Epoch 011 | val batch=160/203 | elapsed=0.3 min | eta=0.1 min
[2026-08-12 15:07:38] INFO Epoch 011 | val batch=170/203 | elapsed=0.4 min | eta=0.1 min
[2026-08-12 15:07:40] INFO Epoch 011 | val batch=180/203 | elapsed=0.4 min | eta=0.0 min
[2026-08-12 15:07:41] INFO Epoch 011 | val batch=190/203 | elapsed=0.4 min | eta=0.0 min
[2026-08-12 15:07:42] INFO Epoch 011 | val batch=200/203 | elapsed=0.4 min | eta=0.0 min
[2026-08-12 15:07:43] INFO Epoch 011 | val batch=203/203 | elapsed=0.4 min | eta=0.0 min
[2026-08-12 15:07:43] INFO Epoch 011 | train_total=1.039858 | val_total=1.288265 | val_mask=1.050438 | val_retrieval=2.378266 | val_profile=0.000000 | val_anchors=660915 | val_positive_pairs=0 | val_hard_negatives=0 | val_relation_candidates=9654476 | val_teacher_keff=4.444 | val_student_keff=9.691 | val_masked_positions=1960813 | skipped(train/val)=0/0
[2026-08-12 15:07:43] INFO Relation checkpoint updated | epoch=11 | best_val_relation=2.378266 | path=C:\Users\clw\projects\researchRep\STAnchor-BlockMemory\artifacts\metrla_e5_final_symnorm_local12_seed42\pretrain_best_relation.pt
[2026-08-12 15:07:43] INFO Epoch 012/050 started | train_batches=1427 | val_batches=203
[2026-08-12 15:07:43] INFO Epoch 012 | train batch=1/1427 | elapsed=0.0 min | eta=5.1 min
[2026-08-12 15:07:45] INFO Epoch 012 | train batch=10/1427 | elapsed=0.0 min | eta=5.8 min
[2026-08-12 15:07:48] INFO Epoch 012 | train batch=20/1427 | elapsed=0.1 min | eta=6.2 min
[2026-08-12 15:07:50] INFO Epoch 012 | train batch=30/1427 | elapsed=0.1 min | eta=6.0 min
[2026-08-12 15:07:53] INFO Epoch 012 | train batch=40/1427 | elapsed=0.2 min | eta=5.9 min
[2026-08-12 15:07:56] INFO Epoch 012 | train batch=50/1427 | elapsed=0.2 min | eta=5.9 min
[2026-08-12 15:07:58] INFO Epoch 012 | train batch=60/1427 | elapsed=0.3 min | eta=5.9 min
[2026-08-12 15:08:01] INFO Epoch 012 | train batch=70/1427 | elapsed=0.3 min | eta=6.0 min
[2026-08-12 15:08:04] INFO Epoch 012 | train batch=80/1427 | elapsed=0.4 min | eta=5.9 min
[2026-08-12 15:08:06] INFO Epoch 012 | train batch=90/1427 | elapsed=0.4 min | eta=5.8 min
[2026-08-12 15:08:09] INFO Epoch 012 | train batch=100/1427 | elapsed=0.4 min | eta=5.8 min
[2026-08-12 15:08:11] INFO Epoch 012 | train batch=110/1427 | elapsed=0.5 min | eta=5.7 min
[2026-08-12 15:08:14] INFO Epoch 012 | train batch=120/1427 | elapsed=0.5 min | eta=5.7 min
[2026-08-12 15:08:17] INFO Epoch 012 | train batch=130/1427 | elapsed=0.6 min | eta=5.8 min
[2026-08-12 15:08:20] INFO Epoch 012 | train batch=140/1427 | elapsed=0.6 min | eta=5.7 min
[2026-08-12 15:08:23] INFO Epoch 012 | train batch=150/1427 | elapsed=0.7 min | eta=5.7 min
[2026-08-12 15:08:25] INFO Epoch 012 | train batch=160/1427 | elapsed=0.7 min | eta=5.6 min
[2026-08-12 15:08:28] INFO Epoch 012 | train batch=170/1427 | elapsed=0.8 min | eta=5.6 min
[2026-08-12 15:08:31] INFO Epoch 012 | train batch=180/1427 | elapsed=0.8 min | eta=5.6 min
[2026-08-12 15:08:33] INFO Epoch 012 | train batch=190/1427 | elapsed=0.8 min | eta=5.5 min
[2026-08-12 15:08:36] INFO Epoch 012 | train batch=200/1427 | elapsed=0.9 min | eta=5.4 min
[2026-08-12 15:08:39] INFO Epoch 012 | train batch=210/1427 | elapsed=0.9 min | eta=5.4 min
[2026-08-12 15:08:41] INFO Epoch 012 | train batch=220/1427 | elapsed=1.0 min | eta=5.4 min
[2026-08-12 15:08:44] INFO Epoch 012 | train batch=230/1427 | elapsed=1.0 min | eta=5.3 min
[2026-08-12 15:08:47] INFO Epoch 012 | train batch=240/1427 | elapsed=1.1 min | eta=5.3 min
[2026-08-12 15:08:49] INFO Epoch 012 | train batch=250/1427 | elapsed=1.1 min | eta=5.2 min
[2026-08-12 15:08:52] INFO Epoch 012 | train batch=260/1427 | elapsed=1.2 min | eta=5.2 min
[2026-08-12 15:08:55] INFO Epoch 012 | train batch=270/1427 | elapsed=1.2 min | eta=5.1 min
[2026-08-12 15:08:57] INFO Epoch 012 | train batch=280/1427 | elapsed=1.2 min | eta=5.1 min
[2026-08-12 15:09:00] INFO Epoch 012 | train batch=290/1427 | elapsed=1.3 min | eta=5.0 min
[2026-08-12 15:09:02] INFO Epoch 012 | train batch=300/1427 | elapsed=1.3 min | eta=5.0 min
[2026-08-12 15:09:05] INFO Epoch 012 | train batch=310/1427 | elapsed=1.4 min | eta=4.9 min
[2026-08-12 15:09:08] INFO Epoch 012 | train batch=320/1427 | elapsed=1.4 min | eta=4.9 min
[2026-08-12 15:09:10] INFO Epoch 012 | train batch=330/1427 | elapsed=1.5 min | eta=4.9 min
[2026-08-12 15:09:13] INFO Epoch 012 | train batch=340/1427 | elapsed=1.5 min | eta=4.8 min
[2026-08-12 15:09:16] INFO Epoch 012 | train batch=350/1427 | elapsed=1.5 min | eta=4.8 min
[2026-08-12 15:09:18] INFO Epoch 012 | train batch=360/1427 | elapsed=1.6 min | eta=4.7 min
[2026-08-12 15:09:21] INFO Epoch 012 | train batch=370/1427 | elapsed=1.6 min | eta=4.7 min
[2026-08-12 15:09:24] INFO Epoch 012 | train batch=380/1427 | elapsed=1.7 min | eta=4.6 min
[2026-08-12 15:09:26] INFO Epoch 012 | train batch=390/1427 | elapsed=1.7 min | eta=4.6 min
[2026-08-12 15:09:29] INFO Epoch 012 | train batch=400/1427 | elapsed=1.8 min | eta=4.5 min
[2026-08-12 15:09:31] INFO Epoch 012 | train batch=410/1427 | elapsed=1.8 min | eta=4.5 min
[2026-08-12 15:09:34] INFO Epoch 012 | train batch=420/1427 | elapsed=1.9 min | eta=4.5 min
[2026-08-12 15:09:37] INFO Epoch 012 | train batch=430/1427 | elapsed=1.9 min | eta=4.4 min
[2026-08-12 15:09:39] INFO Epoch 012 | train batch=440/1427 | elapsed=1.9 min | eta=4.4 min
[2026-08-12 15:09:42] INFO Epoch 012 | train batch=450/1427 | elapsed=2.0 min | eta=4.3 min
[2026-08-12 15:09:45] INFO Epoch 012 | train batch=460/1427 | elapsed=2.0 min | eta=4.3 min
[2026-08-12 15:09:48] INFO Epoch 012 | train batch=470/1427 | elapsed=2.1 min | eta=4.2 min
[2026-08-12 15:09:50] INFO Epoch 012 | train batch=480/1427 | elapsed=2.1 min | eta=4.2 min
[2026-08-12 15:09:53] INFO Epoch 012 | train batch=490/1427 | elapsed=2.2 min | eta=4.2 min
[2026-08-12 15:09:56] INFO Epoch 012 | train batch=500/1427 | elapsed=2.2 min | eta=4.1 min
[2026-08-12 15:09:58] INFO Epoch 012 | train batch=510/1427 | elapsed=2.3 min | eta=4.1 min
[2026-08-12 15:10:01] INFO Epoch 012 | train batch=520/1427 | elapsed=2.3 min | eta=4.0 min
[2026-08-12 15:10:03] INFO Epoch 012 | train batch=530/1427 | elapsed=2.3 min | eta=4.0 min
[2026-08-12 15:10:06] INFO Epoch 012 | train batch=540/1427 | elapsed=2.4 min | eta=3.9 min
[2026-08-12 15:10:09] INFO Epoch 012 | train batch=550/1427 | elapsed=2.4 min | eta=3.9 min
[2026-08-12 15:10:11] INFO Epoch 012 | train batch=560/1427 | elapsed=2.5 min | eta=3.8 min
[2026-08-12 15:10:14] INFO Epoch 012 | train batch=570/1427 | elapsed=2.5 min | eta=3.8 min
[2026-08-12 15:10:17] INFO Epoch 012 | train batch=580/1427 | elapsed=2.6 min | eta=3.7 min
[2026-08-12 15:10:19] INFO Epoch 012 | train batch=590/1427 | elapsed=2.6 min | eta=3.7 min
[2026-08-12 15:10:22] INFO Epoch 012 | train batch=600/1427 | elapsed=2.6 min | eta=3.7 min
[2026-08-12 15:10:24] INFO Epoch 012 | train batch=610/1427 | elapsed=2.7 min | eta=3.6 min
[2026-08-12 15:10:26] INFO Epoch 012 | train batch=620/1427 | elapsed=2.7 min | eta=3.6 min
[2026-08-12 15:10:29] INFO Epoch 012 | train batch=630/1427 | elapsed=2.8 min | eta=3.5 min
[2026-08-12 15:10:32] INFO Epoch 012 | train batch=640/1427 | elapsed=2.8 min | eta=3.5 min
[2026-08-12 15:10:34] INFO Epoch 012 | train batch=650/1427 | elapsed=2.9 min | eta=3.4 min
[2026-08-12 15:10:37] INFO Epoch 012 | train batch=660/1427 | elapsed=2.9 min | eta=3.4 min
[2026-08-12 15:10:40] INFO Epoch 012 | train batch=670/1427 | elapsed=3.0 min | eta=3.3 min
[2026-08-12 15:10:42] INFO Epoch 012 | train batch=680/1427 | elapsed=3.0 min | eta=3.3 min
[2026-08-12 15:10:45] INFO Epoch 012 | train batch=690/1427 | elapsed=3.0 min | eta=3.2 min
[2026-08-12 15:10:48] INFO Epoch 012 | train batch=700/1427 | elapsed=3.1 min | eta=3.2 min
[2026-08-12 15:10:51] INFO Epoch 012 | train batch=710/1427 | elapsed=3.1 min | eta=3.2 min
[2026-08-12 15:10:53] INFO Epoch 012 | train batch=720/1427 | elapsed=3.2 min | eta=3.1 min
[2026-08-12 15:10:56] INFO Epoch 012 | train batch=730/1427 | elapsed=3.2 min | eta=3.1 min
[2026-08-12 15:10:58] INFO Epoch 012 | train batch=740/1427 | elapsed=3.3 min | eta=3.0 min
[2026-08-12 15:11:01] INFO Epoch 012 | train batch=750/1427 | elapsed=3.3 min | eta=3.0 min
[2026-08-12 15:11:04] INFO Epoch 012 | train batch=760/1427 | elapsed=3.4 min | eta=2.9 min
[2026-08-12 15:11:06] INFO Epoch 012 | train batch=770/1427 | elapsed=3.4 min | eta=2.9 min
[2026-08-12 15:11:09] INFO Epoch 012 | train batch=780/1427 | elapsed=3.4 min | eta=2.9 min
[2026-08-12 15:11:12] INFO Epoch 012 | train batch=790/1427 | elapsed=3.5 min | eta=2.8 min
[2026-08-12 15:11:14] INFO Epoch 012 | train batch=800/1427 | elapsed=3.5 min | eta=2.8 min
[2026-08-12 15:11:17] INFO Epoch 012 | train batch=810/1427 | elapsed=3.6 min | eta=2.7 min
[2026-08-12 15:11:19] INFO Epoch 012 | train batch=820/1427 | elapsed=3.6 min | eta=2.7 min
[2026-08-12 15:11:22] INFO Epoch 012 | train batch=830/1427 | elapsed=3.7 min | eta=2.6 min
[2026-08-12 15:11:24] INFO Epoch 012 | train batch=840/1427 | elapsed=3.7 min | eta=2.6 min
[2026-08-12 15:11:27] INFO Epoch 012 | train batch=850/1427 | elapsed=3.7 min | eta=2.5 min
[2026-08-12 15:11:30] INFO Epoch 012 | train batch=860/1427 | elapsed=3.8 min | eta=2.5 min
[2026-08-12 15:11:32] INFO Epoch 012 | train batch=870/1427 | elapsed=3.8 min | eta=2.5 min
[2026-08-12 15:11:35] INFO Epoch 012 | train batch=880/1427 | elapsed=3.9 min | eta=2.4 min
[2026-08-12 15:11:38] INFO Epoch 012 | train batch=890/1427 | elapsed=3.9 min | eta=2.4 min
[2026-08-12 15:11:40] INFO Epoch 012 | train batch=900/1427 | elapsed=4.0 min | eta=2.3 min
[2026-08-12 15:11:43] INFO Epoch 012 | train batch=910/1427 | elapsed=4.0 min | eta=2.3 min
[2026-08-12 15:11:46] INFO Epoch 012 | train batch=920/1427 | elapsed=4.1 min | eta=2.2 min
[2026-08-12 15:11:48] INFO Epoch 012 | train batch=930/1427 | elapsed=4.1 min | eta=2.2 min
[2026-08-12 15:11:51] INFO Epoch 012 | train batch=940/1427 | elapsed=4.1 min | eta=2.1 min
[2026-08-12 15:11:53] INFO Epoch 012 | train batch=950/1427 | elapsed=4.2 min | eta=2.1 min
[2026-08-12 15:11:56] INFO Epoch 012 | train batch=960/1427 | elapsed=4.2 min | eta=2.1 min
[2026-08-12 15:11:59] INFO Epoch 012 | train batch=970/1427 | elapsed=4.3 min | eta=2.0 min
[2026-08-12 15:12:01] INFO Epoch 012 | train batch=980/1427 | elapsed=4.3 min | eta=2.0 min
[2026-08-12 15:12:04] INFO Epoch 012 | train batch=990/1427 | elapsed=4.4 min | eta=1.9 min
[2026-08-12 15:12:06] INFO Epoch 012 | train batch=1000/1427 | elapsed=4.4 min | eta=1.9 min
[2026-08-12 15:12:09] INFO Epoch 012 | train batch=1010/1427 | elapsed=4.4 min | eta=1.8 min
[2026-08-12 15:12:11] INFO Epoch 012 | train batch=1020/1427 | elapsed=4.5 min | eta=1.8 min
[2026-08-12 15:12:14] INFO Epoch 012 | train batch=1030/1427 | elapsed=4.5 min | eta=1.7 min
[2026-08-12 15:12:16] INFO Epoch 012 | train batch=1040/1427 | elapsed=4.6 min | eta=1.7 min
[2026-08-12 15:12:19] INFO Epoch 012 | train batch=1050/1427 | elapsed=4.6 min | eta=1.7 min
[2026-08-12 15:12:22] INFO Epoch 012 | train batch=1060/1427 | elapsed=4.7 min | eta=1.6 min
[2026-08-12 15:12:25] INFO Epoch 012 | train batch=1070/1427 | elapsed=4.7 min | eta=1.6 min
[2026-08-12 15:12:27] INFO Epoch 012 | train batch=1080/1427 | elapsed=4.7 min | eta=1.5 min
[2026-08-12 15:12:30] INFO Epoch 012 | train batch=1090/1427 | elapsed=4.8 min | eta=1.5 min
[2026-08-12 15:12:33] INFO Epoch 012 | train batch=1100/1427 | elapsed=4.8 min | eta=1.4 min
[2026-08-12 15:12:36] INFO Epoch 012 | train batch=1110/1427 | elapsed=4.9 min | eta=1.4 min
[2026-08-12 15:12:39] INFO Epoch 012 | train batch=1120/1427 | elapsed=4.9 min | eta=1.4 min
[2026-08-12 15:12:41] INFO Epoch 012 | train batch=1130/1427 | elapsed=5.0 min | eta=1.3 min
[2026-08-12 15:12:43] INFO Epoch 012 | train batch=1140/1427 | elapsed=5.0 min | eta=1.3 min
[2026-08-12 15:12:46] INFO Epoch 012 | train batch=1150/1427 | elapsed=5.1 min | eta=1.2 min
[2026-08-12 15:12:49] INFO Epoch 012 | train batch=1160/1427 | elapsed=5.1 min | eta=1.2 min
[2026-08-12 15:12:51] INFO Epoch 012 | train batch=1170/1427 | elapsed=5.1 min | eta=1.1 min
[2026-08-12 15:12:54] INFO Epoch 012 | train batch=1180/1427 | elapsed=5.2 min | eta=1.1 min
[2026-08-12 15:12:57] INFO Epoch 012 | train batch=1190/1427 | elapsed=5.2 min | eta=1.0 min
[2026-08-12 15:13:00] INFO Epoch 012 | train batch=1200/1427 | elapsed=5.3 min | eta=1.0 min
[2026-08-12 15:13:02] INFO Epoch 012 | train batch=1210/1427 | elapsed=5.3 min | eta=1.0 min
[2026-08-12 15:13:05] INFO Epoch 012 | train batch=1220/1427 | elapsed=5.4 min | eta=0.9 min
[2026-08-12 15:13:07] INFO Epoch 012 | train batch=1230/1427 | elapsed=5.4 min | eta=0.9 min
[2026-08-12 15:13:10] INFO Epoch 012 | train batch=1240/1427 | elapsed=5.5 min | eta=0.8 min
[2026-08-12 15:13:13] INFO Epoch 012 | train batch=1250/1427 | elapsed=5.5 min | eta=0.8 min
[2026-08-12 15:13:16] INFO Epoch 012 | train batch=1260/1427 | elapsed=5.6 min | eta=0.7 min
[2026-08-12 15:13:18] INFO Epoch 012 | train batch=1270/1427 | elapsed=5.6 min | eta=0.7 min
[2026-08-12 15:13:21] INFO Epoch 012 | train batch=1280/1427 | elapsed=5.6 min | eta=0.6 min
[2026-08-12 15:13:24] INFO Epoch 012 | train batch=1290/1427 | elapsed=5.7 min | eta=0.6 min
[2026-08-12 15:13:27] INFO Epoch 012 | train batch=1300/1427 | elapsed=5.7 min | eta=0.6 min
[2026-08-12 15:13:30] INFO Epoch 012 | train batch=1310/1427 | elapsed=5.8 min | eta=0.5 min
[2026-08-12 15:13:32] INFO Epoch 012 | train batch=1320/1427 | elapsed=5.8 min | eta=0.5 min
[2026-08-12 15:13:35] INFO Epoch 012 | train batch=1330/1427 | elapsed=5.9 min | eta=0.4 min
[2026-08-12 15:13:38] INFO Epoch 012 | train batch=1340/1427 | elapsed=5.9 min | eta=0.4 min
[2026-08-12 15:13:40] INFO Epoch 012 | train batch=1350/1427 | elapsed=6.0 min | eta=0.3 min
[2026-08-12 15:13:43] INFO Epoch 012 | train batch=1360/1427 | elapsed=6.0 min | eta=0.3 min
[2026-08-12 15:13:46] INFO Epoch 012 | train batch=1370/1427 | elapsed=6.1 min | eta=0.3 min
[2026-08-12 15:13:49] INFO Epoch 012 | train batch=1380/1427 | elapsed=6.1 min | eta=0.2 min
[2026-08-12 15:13:51] INFO Epoch 012 | train batch=1390/1427 | elapsed=6.1 min | eta=0.2 min
[2026-08-12 15:13:54] INFO Epoch 012 | train batch=1400/1427 | elapsed=6.2 min | eta=0.1 min
[2026-08-12 15:13:56] INFO Epoch 012 | train batch=1410/1427 | elapsed=6.2 min | eta=0.1 min
[2026-08-12 15:13:59] INFO Epoch 012 | train batch=1420/1427 | elapsed=6.3 min | eta=0.0 min
[2026-08-12 15:14:01] INFO Epoch 012 | train batch=1427/1427 | elapsed=6.3 min | eta=0.0 min
[2026-08-12 15:14:01] INFO Epoch 012 | val batch=1/203 | elapsed=0.0 min | eta=0.3 min
[2026-08-12 15:14:02] INFO Epoch 012 | val batch=10/203 | elapsed=0.0 min | eta=0.4 min
[2026-08-12 15:14:03] INFO Epoch 012 | val batch=20/203 | elapsed=0.0 min | eta=0.4 min
[2026-08-12 15:14:05] INFO Epoch 012 | val batch=30/203 | elapsed=0.1 min | eta=0.4 min
[2026-08-12 15:14:06] INFO Epoch 012 | val batch=40/203 | elapsed=0.1 min | eta=0.3 min
[2026-08-12 15:14:07] INFO Epoch 012 | val batch=50/203 | elapsed=0.1 min | eta=0.3 min
[2026-08-12 15:14:08] INFO Epoch 012 | val batch=60/203 | elapsed=0.1 min | eta=0.3 min
[2026-08-12 15:14:10] INFO Epoch 012 | val batch=70/203 | elapsed=0.2 min | eta=0.3 min
[2026-08-12 15:14:11] INFO Epoch 012 | val batch=80/203 | elapsed=0.2 min | eta=0.3 min
[2026-08-12 15:14:12] INFO Epoch 012 | val batch=90/203 | elapsed=0.2 min | eta=0.2 min
[2026-08-12 15:14:14] INFO Epoch 012 | val batch=100/203 | elapsed=0.2 min | eta=0.2 min
[2026-08-12 15:14:15] INFO Epoch 012 | val batch=110/203 | elapsed=0.2 min | eta=0.2 min
[2026-08-12 15:14:16] INFO Epoch 012 | val batch=120/203 | elapsed=0.3 min | eta=0.2 min
[2026-08-12 15:14:18] INFO Epoch 012 | val batch=130/203 | elapsed=0.3 min | eta=0.2 min
[2026-08-12 15:14:19] INFO Epoch 012 | val batch=140/203 | elapsed=0.3 min | eta=0.1 min
[2026-08-12 15:14:20] INFO Epoch 012 | val batch=150/203 | elapsed=0.3 min | eta=0.1 min
[2026-08-12 15:14:21] INFO Epoch 012 | val batch=160/203 | elapsed=0.3 min | eta=0.1 min
[2026-08-12 15:14:23] INFO Epoch 012 | val batch=170/203 | elapsed=0.4 min | eta=0.1 min
[2026-08-12 15:14:24] INFO Epoch 012 | val batch=180/203 | elapsed=0.4 min | eta=0.0 min
[2026-08-12 15:14:25] INFO Epoch 012 | val batch=190/203 | elapsed=0.4 min | eta=0.0 min
[2026-08-12 15:14:27] INFO Epoch 012 | val batch=200/203 | elapsed=0.4 min | eta=0.0 min
[2026-08-12 15:14:27] INFO Epoch 012 | val batch=203/203 | elapsed=0.4 min | eta=0.0 min
[2026-08-12 15:14:27] INFO Epoch 012 | train_total=0.996140 | val_total=0.894407 | val_mask=0.656682 | val_retrieval=2.377252 | val_profile=0.000000 | val_anchors=660915 | val_positive_pairs=0 | val_hard_negatives=0 | val_relation_candidates=9654476 | val_teacher_keff=4.444 | val_student_keff=9.800 | val_masked_positions=1961462 | skipped(train/val)=0/0
[2026-08-12 15:14:27] INFO Relation checkpoint updated | epoch=12 | best_val_relation=2.377252 | path=C:\Users\clw\projects\researchRep\STAnchor-BlockMemory\artifacts\metrla_e5_final_symnorm_local12_seed42\pretrain_best_relation.pt
[2026-08-12 15:14:27] INFO Epoch 013/050 started | train_batches=1427 | val_batches=203
[2026-08-12 15:14:27] INFO Epoch 013 | train batch=1/1427 | elapsed=0.0 min | eta=7.8 min
[2026-08-12 15:14:30] INFO Epoch 013 | train batch=10/1427 | elapsed=0.0 min | eta=6.5 min
[2026-08-12 15:14:32] INFO Epoch 013 | train batch=20/1427 | elapsed=0.1 min | eta=6.1 min
[2026-08-12 15:14:35] INFO Epoch 013 | train batch=30/1427 | elapsed=0.1 min | eta=6.2 min
[2026-08-12 15:14:37] INFO Epoch 013 | train batch=40/1427 | elapsed=0.2 min | eta=6.1 min
[2026-08-12 15:14:40] INFO Epoch 013 | train batch=50/1427 | elapsed=0.2 min | eta=6.0 min
[2026-08-12 15:14:43] INFO Epoch 013 | train batch=60/1427 | elapsed=0.3 min | eta=6.0 min
[2026-08-12 15:14:45] INFO Epoch 013 | train batch=70/1427 | elapsed=0.3 min | eta=5.9 min
[2026-08-12 15:14:48] INFO Epoch 013 | train batch=80/1427 | elapsed=0.4 min | eta=5.9 min
[2026-08-12 15:14:51] INFO Epoch 013 | train batch=90/1427 | elapsed=0.4 min | eta=5.9 min
[2026-08-12 15:14:53] INFO Epoch 013 | train batch=100/1427 | elapsed=0.4 min | eta=5.8 min
[2026-08-12 15:14:56] INFO Epoch 013 | train batch=110/1427 | elapsed=0.5 min | eta=5.8 min
[2026-08-12 15:14:59] INFO Epoch 013 | train batch=120/1427 | elapsed=0.5 min | eta=5.8 min
[2026-08-12 15:15:01] INFO Epoch 013 | train batch=130/1427 | elapsed=0.6 min | eta=5.7 min
[2026-08-12 15:15:04] INFO Epoch 013 | train batch=140/1427 | elapsed=0.6 min | eta=5.7 min
[2026-08-12 15:15:07] INFO Epoch 013 | train batch=150/1427 | elapsed=0.7 min | eta=5.6 min
[2026-08-12 15:15:10] INFO Epoch 013 | train batch=160/1427 | elapsed=0.7 min | eta=5.6 min
[2026-08-12 15:15:12] INFO Epoch 013 | train batch=170/1427 | elapsed=0.8 min | eta=5.6 min
[2026-08-12 15:15:15] INFO Epoch 013 | train batch=180/1427 | elapsed=0.8 min | eta=5.5 min
[2026-08-12 15:15:17] INFO Epoch 013 | train batch=190/1427 | elapsed=0.8 min | eta=5.5 min
[2026-08-12 15:15:21] INFO Epoch 013 | train batch=200/1427 | elapsed=0.9 min | eta=5.5 min
[2026-08-12 15:15:23] INFO Epoch 013 | train batch=210/1427 | elapsed=0.9 min | eta=5.4 min
[2026-08-12 15:15:26] INFO Epoch 013 | train batch=220/1427 | elapsed=1.0 min | eta=5.4 min
[2026-08-12 15:15:29] INFO Epoch 013 | train batch=230/1427 | elapsed=1.0 min | eta=5.3 min
[2026-08-12 15:15:31] INFO Epoch 013 | train batch=240/1427 | elapsed=1.1 min | eta=5.3 min
[2026-08-12 15:15:34] INFO Epoch 013 | train batch=250/1427 | elapsed=1.1 min | eta=5.3 min
[2026-08-12 15:15:37] INFO Epoch 013 | train batch=260/1427 | elapsed=1.2 min | eta=5.2 min
[2026-08-12 15:15:39] INFO Epoch 013 | train batch=270/1427 | elapsed=1.2 min | eta=5.2 min
[2026-08-12 15:15:42] INFO Epoch 013 | train batch=280/1427 | elapsed=1.3 min | eta=5.1 min
[2026-08-12 15:15:45] INFO Epoch 013 | train batch=290/1427 | elapsed=1.3 min | eta=5.1 min
[2026-08-12 15:15:47] INFO Epoch 013 | train batch=300/1427 | elapsed=1.3 min | eta=5.0 min
[2026-08-12 15:15:50] INFO Epoch 013 | train batch=310/1427 | elapsed=1.4 min | eta=5.0 min
[2026-08-12 15:15:53] INFO Epoch 013 | train batch=320/1427 | elapsed=1.4 min | eta=5.0 min
[2026-08-12 15:15:56] INFO Epoch 013 | train batch=330/1427 | elapsed=1.5 min | eta=4.9 min
[2026-08-12 15:15:59] INFO Epoch 013 | train batch=340/1427 | elapsed=1.5 min | eta=4.9 min
[2026-08-12 15:16:01] INFO Epoch 013 | train batch=350/1427 | elapsed=1.6 min | eta=4.8 min
[2026-08-12 15:16:04] INFO Epoch 013 | train batch=360/1427 | elapsed=1.6 min | eta=4.8 min
[2026-08-12 15:16:07] INFO Epoch 013 | train batch=370/1427 | elapsed=1.7 min | eta=4.7 min
[2026-08-12 15:16:10] INFO Epoch 013 | train batch=380/1427 | elapsed=1.7 min | eta=4.7 min
[2026-08-12 15:16:12] INFO Epoch 013 | train batch=390/1427 | elapsed=1.8 min | eta=4.7 min
[2026-08-12 15:16:15] INFO Epoch 013 | train batch=400/1427 | elapsed=1.8 min | eta=4.6 min
[2026-08-12 15:16:18] INFO Epoch 013 | train batch=410/1427 | elapsed=1.8 min | eta=4.6 min
[2026-08-12 15:16:21] INFO Epoch 013 | train batch=420/1427 | elapsed=1.9 min | eta=4.5 min
[2026-08-12 15:16:23] INFO Epoch 013 | train batch=430/1427 | elapsed=1.9 min | eta=4.5 min
[2026-08-12 15:16:26] INFO Epoch 013 | train batch=440/1427 | elapsed=2.0 min | eta=4.4 min
[2026-08-12 15:16:29] INFO Epoch 013 | train batch=450/1427 | elapsed=2.0 min | eta=4.4 min
[2026-08-12 15:16:31] INFO Epoch 013 | train batch=460/1427 | elapsed=2.1 min | eta=4.3 min
[2026-08-12 15:16:34] INFO Epoch 013 | train batch=470/1427 | elapsed=2.1 min | eta=4.3 min
[2026-08-12 15:16:36] INFO Epoch 013 | train batch=480/1427 | elapsed=2.2 min | eta=4.3 min
[2026-08-12 15:16:39] INFO Epoch 013 | train batch=490/1427 | elapsed=2.2 min | eta=4.2 min
[2026-08-12 15:16:41] INFO Epoch 013 | train batch=500/1427 | elapsed=2.2 min | eta=4.1 min
[2026-08-12 15:16:44] INFO Epoch 013 | train batch=510/1427 | elapsed=2.3 min | eta=4.1 min
[2026-08-12 15:16:46] INFO Epoch 013 | train batch=520/1427 | elapsed=2.3 min | eta=4.1 min
[2026-08-12 15:16:49] INFO Epoch 013 | train batch=530/1427 | elapsed=2.4 min | eta=4.0 min
[2026-08-12 15:16:52] INFO Epoch 013 | train batch=540/1427 | elapsed=2.4 min | eta=4.0 min
[2026-08-12 15:16:55] INFO Epoch 013 | train batch=550/1427 | elapsed=2.5 min | eta=3.9 min
[2026-08-12 15:16:57] INFO Epoch 013 | train batch=560/1427 | elapsed=2.5 min | eta=3.9 min
[2026-08-12 15:17:00] INFO Epoch 013 | train batch=570/1427 | elapsed=2.5 min | eta=3.8 min
[2026-08-12 15:17:03] INFO Epoch 013 | train batch=580/1427 | elapsed=2.6 min | eta=3.8 min
[2026-08-12 15:17:05] INFO Epoch 013 | train batch=590/1427 | elapsed=2.6 min | eta=3.7 min
[2026-08-12 15:17:08] INFO Epoch 013 | train batch=600/1427 | elapsed=2.7 min | eta=3.7 min
[2026-08-12 15:17:11] INFO Epoch 013 | train batch=610/1427 | elapsed=2.7 min | eta=3.7 min
[2026-08-12 15:17:13] INFO Epoch 013 | train batch=620/1427 | elapsed=2.8 min | eta=3.6 min
[2026-08-12 15:17:16] INFO Epoch 013 | train batch=630/1427 | elapsed=2.8 min | eta=3.6 min
[2026-08-12 15:17:19] INFO Epoch 013 | train batch=640/1427 | elapsed=2.9 min | eta=3.5 min
[2026-08-12 15:17:21] INFO Epoch 013 | train batch=650/1427 | elapsed=2.9 min | eta=3.5 min
[2026-08-12 15:17:24] INFO Epoch 013 | train batch=660/1427 | elapsed=2.9 min | eta=3.4 min
[2026-08-12 15:17:27] INFO Epoch 013 | train batch=670/1427 | elapsed=3.0 min | eta=3.4 min
[2026-08-12 15:17:29] INFO Epoch 013 | train batch=680/1427 | elapsed=3.0 min | eta=3.3 min
[2026-08-12 15:17:32] INFO Epoch 013 | train batch=690/1427 | elapsed=3.1 min | eta=3.3 min
[2026-08-12 15:17:35] INFO Epoch 013 | train batch=700/1427 | elapsed=3.1 min | eta=3.2 min
[2026-08-12 15:17:37] INFO Epoch 013 | train batch=710/1427 | elapsed=3.2 min | eta=3.2 min
[2026-08-12 15:17:40] INFO Epoch 013 | train batch=720/1427 | elapsed=3.2 min | eta=3.2 min
[2026-08-12 15:17:42] INFO Epoch 013 | train batch=730/1427 | elapsed=3.3 min | eta=3.1 min
[2026-08-12 15:17:45] INFO Epoch 013 | train batch=740/1427 | elapsed=3.3 min | eta=3.1 min
[2026-08-12 15:17:48] INFO Epoch 013 | train batch=750/1427 | elapsed=3.3 min | eta=3.0 min
[2026-08-12 15:17:50] INFO Epoch 013 | train batch=760/1427 | elapsed=3.4 min | eta=3.0 min
[2026-08-12 15:17:53] INFO Epoch 013 | train batch=770/1427 | elapsed=3.4 min | eta=2.9 min
[2026-08-12 15:17:56] INFO Epoch 013 | train batch=780/1427 | elapsed=3.5 min | eta=2.9 min
[2026-08-12 15:17:58] INFO Epoch 013 | train batch=790/1427 | elapsed=3.5 min | eta=2.8 min
[2026-08-12 15:18:01] INFO Epoch 013 | train batch=800/1427 | elapsed=3.6 min | eta=2.8 min
[2026-08-12 15:18:03] INFO Epoch 013 | train batch=810/1427 | elapsed=3.6 min | eta=2.7 min
[2026-08-12 15:18:06] INFO Epoch 013 | train batch=820/1427 | elapsed=3.6 min | eta=2.7 min
[2026-08-12 15:18:09] INFO Epoch 013 | train batch=830/1427 | elapsed=3.7 min | eta=2.7 min
[2026-08-12 15:18:11] INFO Epoch 013 | train batch=840/1427 | elapsed=3.7 min | eta=2.6 min
[2026-08-12 15:18:14] INFO Epoch 013 | train batch=850/1427 | elapsed=3.8 min | eta=2.6 min
[2026-08-12 15:18:17] INFO Epoch 013 | train batch=860/1427 | elapsed=3.8 min | eta=2.5 min
[2026-08-12 15:18:19] INFO Epoch 013 | train batch=870/1427 | elapsed=3.9 min | eta=2.5 min
[2026-08-12 15:18:22] INFO Epoch 013 | train batch=880/1427 | elapsed=3.9 min | eta=2.4 min
[2026-08-12 15:18:25] INFO Epoch 013 | train batch=890/1427 | elapsed=4.0 min | eta=2.4 min
[2026-08-12 15:18:27] INFO Epoch 013 | train batch=900/1427 | elapsed=4.0 min | eta=2.3 min
[2026-08-12 15:18:30] INFO Epoch 013 | train batch=910/1427 | elapsed=4.0 min | eta=2.3 min
[2026-08-12 15:18:32] INFO Epoch 013 | train batch=920/1427 | elapsed=4.1 min | eta=2.3 min
[2026-08-12 15:18:35] INFO Epoch 013 | train batch=930/1427 | elapsed=4.1 min | eta=2.2 min
[2026-08-12 15:18:37] INFO Epoch 013 | train batch=940/1427 | elapsed=4.2 min | eta=2.2 min
[2026-08-12 15:18:40] INFO Epoch 013 | train batch=950/1427 | elapsed=4.2 min | eta=2.1 min
[2026-08-12 15:18:42] INFO Epoch 013 | train batch=960/1427 | elapsed=4.3 min | eta=2.1 min
[2026-08-12 15:18:45] INFO Epoch 013 | train batch=970/1427 | elapsed=4.3 min | eta=2.0 min
[2026-08-12 15:18:48] INFO Epoch 013 | train batch=980/1427 | elapsed=4.3 min | eta=2.0 min
[2026-08-12 15:18:50] INFO Epoch 013 | train batch=990/1427 | elapsed=4.4 min | eta=1.9 min
[2026-08-12 15:18:53] INFO Epoch 013 | train batch=1000/1427 | elapsed=4.4 min | eta=1.9 min
[2026-08-12 15:18:55] INFO Epoch 013 | train batch=1010/1427 | elapsed=4.5 min | eta=1.8 min
[2026-08-12 15:18:58] INFO Epoch 013 | train batch=1020/1427 | elapsed=4.5 min | eta=1.8 min
[2026-08-12 15:19:01] INFO Epoch 013 | train batch=1030/1427 | elapsed=4.6 min | eta=1.8 min
[2026-08-12 15:19:04] INFO Epoch 013 | train batch=1040/1427 | elapsed=4.6 min | eta=1.7 min
[2026-08-12 15:19:06] INFO Epoch 013 | train batch=1050/1427 | elapsed=4.7 min | eta=1.7 min
[2026-08-12 15:19:09] INFO Epoch 013 | train batch=1060/1427 | elapsed=4.7 min | eta=1.6 min
[2026-08-12 15:19:11] INFO Epoch 013 | train batch=1070/1427 | elapsed=4.7 min | eta=1.6 min
[2026-08-12 15:19:14] INFO Epoch 013 | train batch=1080/1427 | elapsed=4.8 min | eta=1.5 min
[2026-08-12 15:19:16] INFO Epoch 013 | train batch=1090/1427 | elapsed=4.8 min | eta=1.5 min
[2026-08-12 15:19:19] INFO Epoch 013 | train batch=1100/1427 | elapsed=4.9 min | eta=1.4 min
[2026-08-12 15:19:21] INFO Epoch 013 | train batch=1110/1427 | elapsed=4.9 min | eta=1.4 min
[2026-08-12 15:19:24] INFO Epoch 013 | train batch=1120/1427 | elapsed=5.0 min | eta=1.4 min
[2026-08-12 15:19:27] INFO Epoch 013 | train batch=1130/1427 | elapsed=5.0 min | eta=1.3 min
[2026-08-12 15:19:30] INFO Epoch 013 | train batch=1140/1427 | elapsed=5.0 min | eta=1.3 min
[2026-08-12 15:19:33] INFO Epoch 013 | train batch=1150/1427 | elapsed=5.1 min | eta=1.2 min
[2026-08-12 15:19:35] INFO Epoch 013 | train batch=1160/1427 | elapsed=5.1 min | eta=1.2 min
[2026-08-12 15:19:38] INFO Epoch 013 | train batch=1170/1427 | elapsed=5.2 min | eta=1.1 min
[2026-08-12 15:19:40] INFO Epoch 013 | train batch=1180/1427 | elapsed=5.2 min | eta=1.1 min
[2026-08-12 15:19:43] INFO Epoch 013 | train batch=1190/1427 | elapsed=5.3 min | eta=1.0 min
[2026-08-12 15:19:46] INFO Epoch 013 | train batch=1200/1427 | elapsed=5.3 min | eta=1.0 min
[2026-08-12 15:19:49] INFO Epoch 013 | train batch=1210/1427 | elapsed=5.4 min | eta=1.0 min
[2026-08-12 15:19:51] INFO Epoch 013 | train batch=1220/1427 | elapsed=5.4 min | eta=0.9 min
[2026-08-12 15:19:54] INFO Epoch 013 | train batch=1230/1427 | elapsed=5.5 min | eta=0.9 min
[2026-08-12 15:19:57] INFO Epoch 013 | train batch=1240/1427 | elapsed=5.5 min | eta=0.8 min
[2026-08-12 15:19:59] INFO Epoch 013 | train batch=1250/1427 | elapsed=5.5 min | eta=0.8 min
[2026-08-12 15:20:01] INFO Epoch 013 | train batch=1260/1427 | elapsed=5.6 min | eta=0.7 min
[2026-08-12 15:20:04] INFO Epoch 013 | train batch=1270/1427 | elapsed=5.6 min | eta=0.7 min
[2026-08-12 15:20:07] INFO Epoch 013 | train batch=1280/1427 | elapsed=5.7 min | eta=0.7 min
[2026-08-12 15:20:10] INFO Epoch 013 | train batch=1290/1427 | elapsed=5.7 min | eta=0.6 min
[2026-08-12 15:20:12] INFO Epoch 013 | train batch=1300/1427 | elapsed=5.8 min | eta=0.6 min
[2026-08-12 15:20:15] INFO Epoch 013 | train batch=1310/1427 | elapsed=5.8 min | eta=0.5 min
[2026-08-12 15:20:17] INFO Epoch 013 | train batch=1320/1427 | elapsed=5.8 min | eta=0.5 min
[2026-08-12 15:20:20] INFO Epoch 013 | train batch=1330/1427 | elapsed=5.9 min | eta=0.4 min
[2026-08-12 15:20:23] INFO Epoch 013 | train batch=1340/1427 | elapsed=5.9 min | eta=0.4 min
[2026-08-12 15:20:26] INFO Epoch 013 | train batch=1350/1427 | elapsed=6.0 min | eta=0.3 min
[2026-08-12 15:20:28] INFO Epoch 013 | train batch=1360/1427 | elapsed=6.0 min | eta=0.3 min
[2026-08-12 15:20:31] INFO Epoch 013 | train batch=1370/1427 | elapsed=6.1 min | eta=0.3 min
[2026-08-12 15:20:34] INFO Epoch 013 | train batch=1380/1427 | elapsed=6.1 min | eta=0.2 min
[2026-08-12 15:20:36] INFO Epoch 013 | train batch=1390/1427 | elapsed=6.2 min | eta=0.2 min
[2026-08-12 15:20:39] INFO Epoch 013 | train batch=1400/1427 | elapsed=6.2 min | eta=0.1 min
[2026-08-12 15:20:42] INFO Epoch 013 | train batch=1410/1427 | elapsed=6.2 min | eta=0.1 min
[2026-08-12 15:20:45] INFO Epoch 013 | train batch=1420/1427 | elapsed=6.3 min | eta=0.0 min
[2026-08-12 15:20:47] INFO Epoch 013 | train batch=1427/1427 | elapsed=6.3 min | eta=0.0 min
[2026-08-12 15:20:47] INFO Epoch 013 | val batch=1/203 | elapsed=0.0 min | eta=0.3 min
[2026-08-12 15:20:48] INFO Epoch 013 | val batch=10/203 | elapsed=0.0 min | eta=0.4 min
[2026-08-12 15:20:49] INFO Epoch 013 | val batch=20/203 | elapsed=0.0 min | eta=0.4 min
[2026-08-12 15:20:50] INFO Epoch 013 | val batch=30/203 | elapsed=0.1 min | eta=0.4 min
[2026-08-12 15:20:52] INFO Epoch 013 | val batch=40/203 | elapsed=0.1 min | eta=0.4 min
[2026-08-12 15:20:53] INFO Epoch 013 | val batch=50/203 | elapsed=0.1 min | eta=0.3 min
[2026-08-12 15:20:54] INFO Epoch 013 | val batch=60/203 | elapsed=0.1 min | eta=0.3 min
[2026-08-12 15:20:56] INFO Epoch 013 | val batch=70/203 | elapsed=0.2 min | eta=0.3 min
[2026-08-12 15:20:57] INFO Epoch 013 | val batch=80/203 | elapsed=0.2 min | eta=0.3 min
[2026-08-12 15:20:58] INFO Epoch 013 | val batch=90/203 | elapsed=0.2 min | eta=0.2 min
[2026-08-12 15:21:00] INFO Epoch 013 | val batch=100/203 | elapsed=0.2 min | eta=0.2 min
[2026-08-12 15:21:01] INFO Epoch 013 | val batch=110/203 | elapsed=0.2 min | eta=0.2 min
[2026-08-12 15:21:02] INFO Epoch 013 | val batch=120/203 | elapsed=0.3 min | eta=0.2 min
[2026-08-12 15:21:03] INFO Epoch 013 | val batch=130/203 | elapsed=0.3 min | eta=0.2 min
[2026-08-12 15:21:05] INFO Epoch 013 | val batch=140/203 | elapsed=0.3 min | eta=0.1 min
[2026-08-12 15:21:06] INFO Epoch 013 | val batch=150/203 | elapsed=0.3 min | eta=0.1 min
[2026-08-12 15:21:07] INFO Epoch 013 | val batch=160/203 | elapsed=0.3 min | eta=0.1 min
[2026-08-12 15:21:09] INFO Epoch 013 | val batch=170/203 | elapsed=0.4 min | eta=0.1 min
[2026-08-12 15:21:10] INFO Epoch 013 | val batch=180/203 | elapsed=0.4 min | eta=0.0 min
[2026-08-12 15:21:11] INFO Epoch 013 | val batch=190/203 | elapsed=0.4 min | eta=0.0 min
[2026-08-12 15:21:13] INFO Epoch 013 | val batch=200/203 | elapsed=0.4 min | eta=0.0 min
[2026-08-12 15:21:13] INFO Epoch 013 | val batch=203/203 | elapsed=0.4 min | eta=0.0 min
[2026-08-12 15:21:13] INFO Epoch 013 | train_total=1.031882 | val_total=0.939894 | val_mask=0.702406 | val_retrieval=2.374888 | val_profile=0.000000 | val_anchors=660915 | val_positive_pairs=0 | val_hard_negatives=0 | val_relation_candidates=9654476 | val_teacher_keff=4.444 | val_student_keff=9.438 | val_masked_positions=1957994 | skipped(train/val)=0/0
[2026-08-12 15:21:13] INFO Relation checkpoint updated | epoch=13 | best_val_relation=2.374888 | path=C:\Users\clw\projects\researchRep\STAnchor-BlockMemory\artifacts\metrla_e5_final_symnorm_local12_seed42\pretrain_best_relation.pt
[2026-08-12 15:21:13] INFO Epoch 014/050 started | train_batches=1427 | val_batches=203
[2026-08-12 15:21:13] INFO Epoch 014 | train batch=1/1427 | elapsed=0.0 min | eta=5.2 min
[2026-08-12 15:21:15] INFO Epoch 014 | train batch=10/1427 | elapsed=0.0 min | eta=6.2 min
[2026-08-12 15:21:18] INFO Epoch 014 | train batch=20/1427 | elapsed=0.1 min | eta=6.2 min
[2026-08-12 15:21:21] INFO Epoch 014 | train batch=30/1427 | elapsed=0.1 min | eta=6.3 min
[2026-08-12 15:21:24] INFO Epoch 014 | train batch=40/1427 | elapsed=0.2 min | eta=6.4 min
[2026-08-12 15:21:27] INFO Epoch 014 | train batch=50/1427 | elapsed=0.2 min | eta=6.3 min
[2026-08-12 15:21:29] INFO Epoch 014 | train batch=60/1427 | elapsed=0.3 min | eta=6.2 min
[2026-08-12 15:21:32] INFO Epoch 014 | train batch=70/1427 | elapsed=0.3 min | eta=6.2 min
[2026-08-12 15:21:35] INFO Epoch 014 | train batch=80/1427 | elapsed=0.4 min | eta=6.2 min
[2026-08-12 15:21:37] INFO Epoch 014 | train batch=90/1427 | elapsed=0.4 min | eta=6.1 min
[2026-08-12 15:21:40] INFO Epoch 014 | train batch=100/1427 | elapsed=0.5 min | eta=6.0 min
[2026-08-12 15:21:43] INFO Epoch 014 | train batch=110/1427 | elapsed=0.5 min | eta=5.9 min
[2026-08-12 15:21:45] INFO Epoch 014 | train batch=120/1427 | elapsed=0.5 min | eta=5.9 min
[2026-08-12 15:21:48] INFO Epoch 014 | train batch=130/1427 | elapsed=0.6 min | eta=5.8 min
[2026-08-12 15:21:50] INFO Epoch 014 | train batch=140/1427 | elapsed=0.6 min | eta=5.7 min
[2026-08-12 15:21:53] INFO Epoch 014 | train batch=150/1427 | elapsed=0.7 min | eta=5.7 min
[2026-08-12 15:21:56] INFO Epoch 014 | train batch=160/1427 | elapsed=0.7 min | eta=5.6 min
[2026-08-12 15:21:58] INFO Epoch 014 | train batch=170/1427 | elapsed=0.8 min | eta=5.6 min
[2026-08-12 15:22:01] INFO Epoch 014 | train batch=180/1427 | elapsed=0.8 min | eta=5.5 min
[2026-08-12 15:22:03] INFO Epoch 014 | train batch=190/1427 | elapsed=0.8 min | eta=5.5 min
[2026-08-12 15:22:06] INFO Epoch 014 | train batch=200/1427 | elapsed=0.9 min | eta=5.4 min
[2026-08-12 15:22:08] INFO Epoch 014 | train batch=210/1427 | elapsed=0.9 min | eta=5.4 min
[2026-08-12 15:22:11] INFO Epoch 014 | train batch=220/1427 | elapsed=1.0 min | eta=5.3 min
[2026-08-12 15:22:14] INFO Epoch 014 | train batch=230/1427 | elapsed=1.0 min | eta=5.3 min
[2026-08-12 15:22:17] INFO Epoch 014 | train batch=240/1427 | elapsed=1.1 min | eta=5.3 min
[2026-08-12 15:22:19] INFO Epoch 014 | train batch=250/1427 | elapsed=1.1 min | eta=5.2 min
[2026-08-12 15:22:22] INFO Epoch 014 | train batch=260/1427 | elapsed=1.1 min | eta=5.2 min
[2026-08-12 15:22:25] INFO Epoch 014 | train batch=270/1427 | elapsed=1.2 min | eta=5.1 min
[2026-08-12 15:22:27] INFO Epoch 014 | train batch=280/1427 | elapsed=1.2 min | eta=5.1 min
[2026-08-12 15:22:30] INFO Epoch 014 | train batch=290/1427 | elapsed=1.3 min | eta=5.0 min
[2026-08-12 15:22:32] INFO Epoch 014 | train batch=300/1427 | elapsed=1.3 min | eta=5.0 min
[2026-08-12 15:22:35] INFO Epoch 014 | train batch=310/1427 | elapsed=1.4 min | eta=4.9 min
[2026-08-12 15:22:38] INFO Epoch 014 | train batch=320/1427 | elapsed=1.4 min | eta=4.9 min
[2026-08-12 15:22:41] INFO Epoch 014 | train batch=330/1427 | elapsed=1.5 min | eta=4.9 min
[2026-08-12 15:22:43] INFO Epoch 014 | train batch=340/1427 | elapsed=1.5 min | eta=4.8 min
[2026-08-12 15:22:45] INFO Epoch 014 | train batch=350/1427 | elapsed=1.5 min | eta=4.7 min
[2026-08-12 15:22:48] INFO Epoch 014 | train batch=360/1427 | elapsed=1.6 min | eta=4.7 min
[2026-08-12 15:22:51] INFO Epoch 014 | train batch=370/1427 | elapsed=1.6 min | eta=4.7 min
[2026-08-12 15:22:53] INFO Epoch 014 | train batch=380/1427 | elapsed=1.7 min | eta=4.6 min
[2026-08-12 15:22:56] INFO Epoch 014 | train batch=390/1427 | elapsed=1.7 min | eta=4.6 min
[2026-08-12 15:22:59] INFO Epoch 014 | train batch=400/1427 | elapsed=1.8 min | eta=4.5 min
[2026-08-12 15:23:01] INFO Epoch 014 | train batch=410/1427 | elapsed=1.8 min | eta=4.5 min
[2026-08-12 15:23:04] INFO Epoch 014 | train batch=420/1427 | elapsed=1.8 min | eta=4.4 min
[2026-08-12 15:23:07] INFO Epoch 014 | train batch=430/1427 | elapsed=1.9 min | eta=4.4 min
[2026-08-12 15:23:09] INFO Epoch 014 | train batch=440/1427 | elapsed=1.9 min | eta=4.4 min
[2026-08-12 15:23:12] INFO Epoch 014 | train batch=450/1427 | elapsed=2.0 min | eta=4.3 min
[2026-08-12 15:23:15] INFO Epoch 014 | train batch=460/1427 | elapsed=2.0 min | eta=4.3 min
[2026-08-12 15:23:17] INFO Epoch 014 | train batch=470/1427 | elapsed=2.1 min | eta=4.2 min
[2026-08-12 15:23:20] INFO Epoch 014 | train batch=480/1427 | elapsed=2.1 min | eta=4.2 min
[2026-08-12 15:23:23] INFO Epoch 014 | train batch=490/1427 | elapsed=2.2 min | eta=4.1 min
[2026-08-12 15:23:25] INFO Epoch 014 | train batch=500/1427 | elapsed=2.2 min | eta=4.1 min
[2026-08-12 15:23:28] INFO Epoch 014 | train batch=510/1427 | elapsed=2.3 min | eta=4.1 min
[2026-08-12 15:23:31] INFO Epoch 014 | train batch=520/1427 | elapsed=2.3 min | eta=4.0 min
[2026-08-12 15:23:33] INFO Epoch 014 | train batch=530/1427 | elapsed=2.3 min | eta=4.0 min
[2026-08-12 15:23:36] INFO Epoch 014 | train batch=540/1427 | elapsed=2.4 min | eta=3.9 min
[2026-08-12 15:23:38] INFO Epoch 014 | train batch=550/1427 | elapsed=2.4 min | eta=3.9 min
[2026-08-12 15:23:41] INFO Epoch 014 | train batch=560/1427 | elapsed=2.5 min | eta=3.8 min
[2026-08-12 15:23:44] INFO Epoch 014 | train batch=570/1427 | elapsed=2.5 min | eta=3.8 min
[2026-08-12 15:23:47] INFO Epoch 014 | train batch=580/1427 | elapsed=2.6 min | eta=3.7 min
[2026-08-12 15:23:50] INFO Epoch 014 | train batch=590/1427 | elapsed=2.6 min | eta=3.7 min
[2026-08-12 15:23:52] INFO Epoch 014 | train batch=600/1427 | elapsed=2.7 min | eta=3.7 min
[2026-08-12 15:23:55] INFO Epoch 014 | train batch=610/1427 | elapsed=2.7 min | eta=3.6 min
[2026-08-12 15:23:58] INFO Epoch 014 | train batch=620/1427 | elapsed=2.7 min | eta=3.6 min
[2026-08-12 15:24:00] INFO Epoch 014 | train batch=630/1427 | elapsed=2.8 min | eta=3.5 min
[2026-08-12 15:24:03] INFO Epoch 014 | train batch=640/1427 | elapsed=2.8 min | eta=3.5 min
[2026-08-12 15:24:06] INFO Epoch 014 | train batch=650/1427 | elapsed=2.9 min | eta=3.4 min
[2026-08-12 15:24:09] INFO Epoch 014 | train batch=660/1427 | elapsed=2.9 min | eta=3.4 min
[2026-08-12 15:24:12] INFO Epoch 014 | train batch=670/1427 | elapsed=3.0 min | eta=3.4 min
[2026-08-12 15:24:14] INFO Epoch 014 | train batch=680/1427 | elapsed=3.0 min | eta=3.3 min
[2026-08-12 15:24:17] INFO Epoch 014 | train batch=690/1427 | elapsed=3.1 min | eta=3.3 min
[2026-08-12 15:24:19] INFO Epoch 014 | train batch=700/1427 | elapsed=3.1 min | eta=3.2 min
[2026-08-12 15:24:22] INFO Epoch 014 | train batch=710/1427 | elapsed=3.2 min | eta=3.2 min
[2026-08-12 15:24:25] INFO Epoch 014 | train batch=720/1427 | elapsed=3.2 min | eta=3.1 min
[2026-08-12 15:24:28] INFO Epoch 014 | train batch=730/1427 | elapsed=3.2 min | eta=3.1 min
[2026-08-12 15:24:30] INFO Epoch 014 | train batch=740/1427 | elapsed=3.3 min | eta=3.1 min
[2026-08-12 15:24:33] INFO Epoch 014 | train batch=750/1427 | elapsed=3.3 min | eta=3.0 min
[2026-08-12 15:24:36] INFO Epoch 014 | train batch=760/1427 | elapsed=3.4 min | eta=3.0 min
[2026-08-12 15:24:39] INFO Epoch 014 | train batch=770/1427 | elapsed=3.4 min | eta=2.9 min
[2026-08-12 15:24:41] INFO Epoch 014 | train batch=780/1427 | elapsed=3.5 min | eta=2.9 min
[2026-08-12 15:24:44] INFO Epoch 014 | train batch=790/1427 | elapsed=3.5 min | eta=2.8 min
[2026-08-12 15:24:47] INFO Epoch 014 | train batch=800/1427 | elapsed=3.6 min | eta=2.8 min
[2026-08-12 15:24:49] INFO Epoch 014 | train batch=810/1427 | elapsed=3.6 min | eta=2.7 min
[2026-08-12 15:24:52] INFO Epoch 014 | train batch=820/1427 | elapsed=3.7 min | eta=2.7 min
[2026-08-12 15:24:54] INFO Epoch 014 | train batch=830/1427 | elapsed=3.7 min | eta=2.7 min
[2026-08-12 15:24:57] INFO Epoch 014 | train batch=840/1427 | elapsed=3.7 min | eta=2.6 min
[2026-08-12 15:24:59] INFO Epoch 014 | train batch=850/1427 | elapsed=3.8 min | eta=2.6 min
[2026-08-12 15:25:02] INFO Epoch 014 | train batch=860/1427 | elapsed=3.8 min | eta=2.5 min
[2026-08-12 15:25:04] INFO Epoch 014 | train batch=870/1427 | elapsed=3.9 min | eta=2.5 min
[2026-08-12 15:25:07] INFO Epoch 014 | train batch=880/1427 | elapsed=3.9 min | eta=2.4 min
[2026-08-12 15:25:10] INFO Epoch 014 | train batch=890/1427 | elapsed=3.9 min | eta=2.4 min
[2026-08-12 15:25:12] INFO Epoch 014 | train batch=900/1427 | elapsed=4.0 min | eta=2.3 min
[2026-08-12 15:25:15] INFO Epoch 014 | train batch=910/1427 | elapsed=4.0 min | eta=2.3 min
[2026-08-12 15:25:18] INFO Epoch 014 | train batch=920/1427 | elapsed=4.1 min | eta=2.2 min
[2026-08-12 15:25:21] INFO Epoch 014 | train batch=930/1427 | elapsed=4.1 min | eta=2.2 min
[2026-08-12 15:25:23] INFO Epoch 014 | train batch=940/1427 | elapsed=4.2 min | eta=2.2 min
[2026-08-12 15:25:26] INFO Epoch 014 | train batch=950/1427 | elapsed=4.2 min | eta=2.1 min
[2026-08-12 15:25:29] INFO Epoch 014 | train batch=960/1427 | elapsed=4.3 min | eta=2.1 min
[2026-08-12 15:25:32] INFO Epoch 014 | train batch=970/1427 | elapsed=4.3 min | eta=2.0 min
[2026-08-12 15:25:34] INFO Epoch 014 | train batch=980/1427 | elapsed=4.4 min | eta=2.0 min
[2026-08-12 15:25:37] INFO Epoch 014 | train batch=990/1427 | elapsed=4.4 min | eta=1.9 min
[2026-08-12 15:25:40] INFO Epoch 014 | train batch=1000/1427 | elapsed=4.4 min | eta=1.9 min
[2026-08-12 15:25:42] INFO Epoch 014 | train batch=1010/1427 | elapsed=4.5 min | eta=1.9 min
[2026-08-12 15:25:45] INFO Epoch 014 | train batch=1020/1427 | elapsed=4.5 min | eta=1.8 min
[2026-08-12 15:25:48] INFO Epoch 014 | train batch=1030/1427 | elapsed=4.6 min | eta=1.8 min
[2026-08-12 15:25:50] INFO Epoch 014 | train batch=1040/1427 | elapsed=4.6 min | eta=1.7 min
[2026-08-12 15:25:53] INFO Epoch 014 | train batch=1050/1427 | elapsed=4.7 min | eta=1.7 min
[2026-08-12 15:25:56] INFO Epoch 014 | train batch=1060/1427 | elapsed=4.7 min | eta=1.6 min
[2026-08-12 15:25:58] INFO Epoch 014 | train batch=1070/1427 | elapsed=4.8 min | eta=1.6 min
[2026-08-12 15:26:01] INFO Epoch 014 | train batch=1080/1427 | elapsed=4.8 min | eta=1.5 min
[2026-08-12 15:26:03] INFO Epoch 014 | train batch=1090/1427 | elapsed=4.8 min | eta=1.5 min
[2026-08-12 15:26:06] INFO Epoch 014 | train batch=1100/1427 | elapsed=4.9 min | eta=1.5 min
[2026-08-12 15:26:08] INFO Epoch 014 | train batch=1110/1427 | elapsed=4.9 min | eta=1.4 min
[2026-08-12 15:26:11] INFO Epoch 014 | train batch=1120/1427 | elapsed=5.0 min | eta=1.4 min
[2026-08-12 15:26:14] INFO Epoch 014 | train batch=1130/1427 | elapsed=5.0 min | eta=1.3 min
[2026-08-12 15:26:17] INFO Epoch 014 | train batch=1140/1427 | elapsed=5.1 min | eta=1.3 min
[2026-08-12 15:26:19] INFO Epoch 014 | train batch=1150/1427 | elapsed=5.1 min | eta=1.2 min
[2026-08-12 15:26:22] INFO Epoch 014 | train batch=1160/1427 | elapsed=5.2 min | eta=1.2 min
[2026-08-12 15:26:25] INFO Epoch 014 | train batch=1170/1427 | elapsed=5.2 min | eta=1.1 min
[2026-08-12 15:26:27] INFO Epoch 014 | train batch=1180/1427 | elapsed=5.2 min | eta=1.1 min
[2026-08-12 15:26:30] INFO Epoch 014 | train batch=1190/1427 | elapsed=5.3 min | eta=1.1 min
[2026-08-12 15:26:33] INFO Epoch 014 | train batch=1200/1427 | elapsed=5.3 min | eta=1.0 min
[2026-08-12 15:26:36] INFO Epoch 014 | train batch=1210/1427 | elapsed=5.4 min | eta=1.0 min
[2026-08-12 15:26:38] INFO Epoch 014 | train batch=1220/1427 | elapsed=5.4 min | eta=0.9 min
[2026-08-12 15:26:41] INFO Epoch 014 | train batch=1230/1427 | elapsed=5.5 min | eta=0.9 min
[2026-08-12 15:26:44] INFO Epoch 014 | train batch=1240/1427 | elapsed=5.5 min | eta=0.8 min
[2026-08-12 15:26:46] INFO Epoch 014 | train batch=1250/1427 | elapsed=5.6 min | eta=0.8 min
[2026-08-12 15:26:49] INFO Epoch 014 | train batch=1260/1427 | elapsed=5.6 min | eta=0.7 min
[2026-08-12 15:26:52] INFO Epoch 014 | train batch=1270/1427 | elapsed=5.7 min | eta=0.7 min
[2026-08-12 15:26:55] INFO Epoch 014 | train batch=1280/1427 | elapsed=5.7 min | eta=0.7 min
[2026-08-12 15:26:57] INFO Epoch 014 | train batch=1290/1427 | elapsed=5.7 min | eta=0.6 min
[2026-08-12 15:27:00] INFO Epoch 014 | train batch=1300/1427 | elapsed=5.8 min | eta=0.6 min
[2026-08-12 15:27:03] INFO Epoch 014 | train batch=1310/1427 | elapsed=5.8 min | eta=0.5 min
[2026-08-12 15:27:05] INFO Epoch 014 | train batch=1320/1427 | elapsed=5.9 min | eta=0.5 min
[2026-08-12 15:27:08] INFO Epoch 014 | train batch=1330/1427 | elapsed=5.9 min | eta=0.4 min
[2026-08-12 15:27:11] INFO Epoch 014 | train batch=1340/1427 | elapsed=6.0 min | eta=0.4 min
[2026-08-12 15:27:14] INFO Epoch 014 | train batch=1350/1427 | elapsed=6.0 min | eta=0.3 min
[2026-08-12 15:27:16] INFO Epoch 014 | train batch=1360/1427 | elapsed=6.1 min | eta=0.3 min
[2026-08-12 15:27:19] INFO Epoch 014 | train batch=1370/1427 | elapsed=6.1 min | eta=0.3 min
[2026-08-12 15:27:21] INFO Epoch 014 | train batch=1380/1427 | elapsed=6.1 min | eta=0.2 min
[2026-08-12 15:27:24] INFO Epoch 014 | train batch=1390/1427 | elapsed=6.2 min | eta=0.2 min
[2026-08-12 15:27:27] INFO Epoch 014 | train batch=1400/1427 | elapsed=6.2 min | eta=0.1 min
[2026-08-12 15:27:30] INFO Epoch 014 | train batch=1410/1427 | elapsed=6.3 min | eta=0.1 min
[2026-08-12 15:27:32] INFO Epoch 014 | train batch=1420/1427 | elapsed=6.3 min | eta=0.0 min
[2026-08-12 15:27:34] INFO Epoch 014 | train batch=1427/1427 | elapsed=6.3 min | eta=0.0 min
[2026-08-12 15:27:34] INFO Epoch 014 | val batch=1/203 | elapsed=0.0 min | eta=0.3 min
[2026-08-12 15:27:35] INFO Epoch 014 | val batch=10/203 | elapsed=0.0 min | eta=0.4 min
[2026-08-12 15:27:36] INFO Epoch 014 | val batch=20/203 | elapsed=0.0 min | eta=0.4 min
[2026-08-12 15:27:37] INFO Epoch 014 | val batch=30/203 | elapsed=0.1 min | eta=0.4 min
[2026-08-12 15:27:39] INFO Epoch 014 | val batch=40/203 | elapsed=0.1 min | eta=0.4 min
[2026-08-12 15:27:40] INFO Epoch 014 | val batch=50/203 | elapsed=0.1 min | eta=0.3 min
[2026-08-12 15:27:41] INFO Epoch 014 | val batch=60/203 | elapsed=0.1 min | eta=0.3 min
[2026-08-12 15:27:43] INFO Epoch 014 | val batch=70/203 | elapsed=0.2 min | eta=0.3 min
[2026-08-12 15:27:44] INFO Epoch 014 | val batch=80/203 | elapsed=0.2 min | eta=0.3 min
[2026-08-12 15:27:45] INFO Epoch 014 | val batch=90/203 | elapsed=0.2 min | eta=0.2 min
[2026-08-12 15:27:47] INFO Epoch 014 | val batch=100/203 | elapsed=0.2 min | eta=0.2 min
[2026-08-12 15:27:48] INFO Epoch 014 | val batch=110/203 | elapsed=0.2 min | eta=0.2 min
[2026-08-12 15:27:49] INFO Epoch 014 | val batch=120/203 | elapsed=0.3 min | eta=0.2 min
[2026-08-12 15:27:50] INFO Epoch 014 | val batch=130/203 | elapsed=0.3 min | eta=0.2 min
[2026-08-12 15:27:52] INFO Epoch 014 | val batch=140/203 | elapsed=0.3 min | eta=0.1 min
[2026-08-12 15:27:53] INFO Epoch 014 | val batch=150/203 | elapsed=0.3 min | eta=0.1 min
[2026-08-12 15:27:54] INFO Epoch 014 | val batch=160/203 | elapsed=0.3 min | eta=0.1 min
[2026-08-12 15:27:56] INFO Epoch 014 | val batch=170/203 | elapsed=0.4 min | eta=0.1 min
[2026-08-12 15:27:57] INFO Epoch 014 | val batch=180/203 | elapsed=0.4 min | eta=0.0 min
[2026-08-12 15:27:58] INFO Epoch 014 | val batch=190/203 | elapsed=0.4 min | eta=0.0 min
[2026-08-12 15:28:00] INFO Epoch 014 | val batch=200/203 | elapsed=0.4 min | eta=0.0 min
[2026-08-12 15:28:00] INFO Epoch 014 | val batch=203/203 | elapsed=0.4 min | eta=0.0 min
[2026-08-12 15:28:00] INFO Epoch 014 | train_total=0.921085 | val_total=1.046332 | val_mask=0.809033 | val_retrieval=2.372996 | val_profile=0.000000 | val_anchors=660915 | val_positive_pairs=0 | val_hard_negatives=0 | val_relation_candidates=9654476 | val_teacher_keff=4.444 | val_student_keff=9.806 | val_masked_positions=1961152 | skipped(train/val)=0/0
[2026-08-12 15:28:00] INFO Relation checkpoint updated | epoch=14 | best_val_relation=2.372996 | path=C:\Users\clw\projects\researchRep\STAnchor-BlockMemory\artifacts\metrla_e5_final_symnorm_local12_seed42\pretrain_best_relation.pt
[2026-08-12 15:28:00] INFO Epoch 015/050 started | train_batches=1427 | val_batches=203
[2026-08-12 15:28:00] INFO Epoch 015 | train batch=1/1427 | elapsed=0.0 min | eta=7.9 min
[2026-08-12 15:28:03] INFO Epoch 015 | train batch=10/1427 | elapsed=0.0 min | eta=6.3 min
[2026-08-12 15:28:05] INFO Epoch 015 | train batch=20/1427 | elapsed=0.1 min | eta=6.1 min
[2026-08-12 15:28:08] INFO Epoch 015 | train batch=30/1427 | elapsed=0.1 min | eta=6.2 min
[2026-08-12 15:28:11] INFO Epoch 015 | train batch=40/1427 | elapsed=0.2 min | eta=6.3 min
[2026-08-12 15:28:13] INFO Epoch 015 | train batch=50/1427 | elapsed=0.2 min | eta=6.2 min
[2026-08-12 15:28:16] INFO Epoch 015 | train batch=60/1427 | elapsed=0.3 min | eta=6.2 min
[2026-08-12 15:28:19] INFO Epoch 015 | train batch=70/1427 | elapsed=0.3 min | eta=6.2 min
[2026-08-12 15:28:21] INFO Epoch 015 | train batch=80/1427 | elapsed=0.4 min | eta=6.0 min
[2026-08-12 15:28:24] INFO Epoch 015 | train batch=90/1427 | elapsed=0.4 min | eta=5.9 min
[2026-08-12 15:28:26] INFO Epoch 015 | train batch=100/1427 | elapsed=0.4 min | eta=5.8 min
[2026-08-12 15:28:29] INFO Epoch 015 | train batch=110/1427 | elapsed=0.5 min | eta=5.8 min
[2026-08-12 15:28:31] INFO Epoch 015 | train batch=120/1427 | elapsed=0.5 min | eta=5.7 min
[2026-08-12 15:28:34] INFO Epoch 015 | train batch=130/1427 | elapsed=0.6 min | eta=5.6 min
[2026-08-12 15:28:36] INFO Epoch 015 | train batch=140/1427 | elapsed=0.6 min | eta=5.6 min
[2026-08-12 15:28:39] INFO Epoch 015 | train batch=150/1427 | elapsed=0.7 min | eta=5.6 min
[2026-08-12 15:28:42] INFO Epoch 015 | train batch=160/1427 | elapsed=0.7 min | eta=5.6 min
[2026-08-12 15:28:45] INFO Epoch 015 | train batch=170/1427 | elapsed=0.7 min | eta=5.5 min
[2026-08-12 15:28:47] INFO Epoch 015 | train batch=180/1427 | elapsed=0.8 min | eta=5.5 min
[2026-08-12 15:28:50] INFO Epoch 015 | train batch=190/1427 | elapsed=0.8 min | eta=5.5 min
[2026-08-12 15:28:53] INFO Epoch 015 | train batch=200/1427 | elapsed=0.9 min | eta=5.5 min
[2026-08-12 15:28:56] INFO Epoch 015 | train batch=210/1427 | elapsed=0.9 min | eta=5.4 min
[2026-08-12 15:28:59] INFO Epoch 015 | train batch=220/1427 | elapsed=1.0 min | eta=5.4 min
[2026-08-12 15:29:01] INFO Epoch 015 | train batch=230/1427 | elapsed=1.0 min | eta=5.3 min
[2026-08-12 15:29:04] INFO Epoch 015 | train batch=240/1427 | elapsed=1.1 min | eta=5.3 min
[2026-08-12 15:29:07] INFO Epoch 015 | train batch=250/1427 | elapsed=1.1 min | eta=5.3 min
[2026-08-12 15:29:10] INFO Epoch 015 | train batch=260/1427 | elapsed=1.2 min | eta=5.2 min
[2026-08-12 15:29:12] INFO Epoch 015 | train batch=270/1427 | elapsed=1.2 min | eta=5.2 min
[2026-08-12 15:29:15] INFO Epoch 015 | train batch=280/1427 | elapsed=1.2 min | eta=5.1 min
[2026-08-12 15:29:17] INFO Epoch 015 | train batch=290/1427 | elapsed=1.3 min | eta=5.0 min
[2026-08-12 15:29:19] INFO Epoch 015 | train batch=300/1427 | elapsed=1.3 min | eta=5.0 min
[2026-08-12 15:29:22] INFO Epoch 015 | train batch=310/1427 | elapsed=1.4 min | eta=4.9 min
[2026-08-12 15:29:25] INFO Epoch 015 | train batch=320/1427 | elapsed=1.4 min | eta=4.9 min
[2026-08-12 15:29:28] INFO Epoch 015 | train batch=330/1427 | elapsed=1.5 min | eta=4.9 min
[2026-08-12 15:29:30] INFO Epoch 015 | train batch=340/1427 | elapsed=1.5 min | eta=4.8 min
[2026-08-12 15:29:33] INFO Epoch 015 | train batch=350/1427 | elapsed=1.6 min | eta=4.8 min
[2026-08-12 15:29:36] INFO Epoch 015 | train batch=360/1427 | elapsed=1.6 min | eta=4.7 min
[2026-08-12 15:29:38] INFO Epoch 015 | train batch=370/1427 | elapsed=1.6 min | eta=4.7 min
[2026-08-12 15:29:41] INFO Epoch 015 | train batch=380/1427 | elapsed=1.7 min | eta=4.6 min
[2026-08-12 15:29:44] INFO Epoch 015 | train batch=390/1427 | elapsed=1.7 min | eta=4.6 min
[2026-08-12 15:29:46] INFO Epoch 015 | train batch=400/1427 | elapsed=1.8 min | eta=4.6 min
[2026-08-12 15:29:49] INFO Epoch 015 | train batch=410/1427 | elapsed=1.8 min | eta=4.5 min
[2026-08-12 15:29:52] INFO Epoch 015 | train batch=420/1427 | elapsed=1.9 min | eta=4.5 min
[2026-08-12 15:29:55] INFO Epoch 015 | train batch=430/1427 | elapsed=1.9 min | eta=4.4 min
[2026-08-12 15:29:57] INFO Epoch 015 | train batch=440/1427 | elapsed=2.0 min | eta=4.4 min
[2026-08-12 15:30:00] INFO Epoch 015 | train batch=450/1427 | elapsed=2.0 min | eta=4.3 min
[2026-08-12 15:30:03] INFO Epoch 015 | train batch=460/1427 | elapsed=2.0 min | eta=4.3 min
[2026-08-12 15:30:05] INFO Epoch 015 | train batch=470/1427 | elapsed=2.1 min | eta=4.3 min
[2026-08-12 15:30:08] INFO Epoch 015 | train batch=480/1427 | elapsed=2.1 min | eta=4.2 min
[2026-08-12 15:30:11] INFO Epoch 015 | train batch=490/1427 | elapsed=2.2 min | eta=4.2 min
[2026-08-12 15:30:13] INFO Epoch 015 | train batch=500/1427 | elapsed=2.2 min | eta=4.1 min
[2026-08-12 15:30:16] INFO Epoch 015 | train batch=510/1427 | elapsed=2.3 min | eta=4.1 min
[2026-08-12 15:30:19] INFO Epoch 015 | train batch=520/1427 | elapsed=2.3 min | eta=4.0 min
[2026-08-12 15:30:22] INFO Epoch 015 | train batch=530/1427 | elapsed=2.4 min | eta=4.0 min
[2026-08-12 15:30:24] INFO Epoch 015 | train batch=540/1427 | elapsed=2.4 min | eta=4.0 min
[2026-08-12 15:30:27] INFO Epoch 015 | train batch=550/1427 | elapsed=2.5 min | eta=3.9 min
[2026-08-12 15:30:30] INFO Epoch 015 | train batch=560/1427 | elapsed=2.5 min | eta=3.9 min
[2026-08-12 15:30:33] INFO Epoch 015 | train batch=570/1427 | elapsed=2.5 min | eta=3.8 min
[2026-08-12 15:30:35] INFO Epoch 015 | train batch=580/1427 | elapsed=2.6 min | eta=3.8 min
[2026-08-12 15:30:38] INFO Epoch 015 | train batch=590/1427 | elapsed=2.6 min | eta=3.7 min
[2026-08-12 15:30:40] INFO Epoch 015 | train batch=600/1427 | elapsed=2.7 min | eta=3.7 min
[2026-08-12 15:30:44] INFO Epoch 015 | train batch=610/1427 | elapsed=2.7 min | eta=3.7 min
[2026-08-12 15:30:46] INFO Epoch 015 | train batch=620/1427 | elapsed=2.8 min | eta=3.6 min
[2026-08-12 15:30:49] INFO Epoch 015 | train batch=630/1427 | elapsed=2.8 min | eta=3.6 min
[2026-08-12 15:30:52] INFO Epoch 015 | train batch=640/1427 | elapsed=2.9 min | eta=3.5 min
[2026-08-12 15:30:55] INFO Epoch 015 | train batch=650/1427 | elapsed=2.9 min | eta=3.5 min
[2026-08-12 15:30:58] INFO Epoch 015 | train batch=660/1427 | elapsed=3.0 min | eta=3.4 min
[2026-08-12 15:31:00] INFO Epoch 015 | train batch=670/1427 | elapsed=3.0 min | eta=3.4 min
[2026-08-12 15:31:03] INFO Epoch 015 | train batch=680/1427 | elapsed=3.1 min | eta=3.4 min
[2026-08-12 15:31:06] INFO Epoch 015 | train batch=690/1427 | elapsed=3.1 min | eta=3.3 min
[2026-08-12 15:31:08] INFO Epoch 015 | train batch=700/1427 | elapsed=3.1 min | eta=3.3 min
[2026-08-12 15:31:11] INFO Epoch 015 | train batch=710/1427 | elapsed=3.2 min | eta=3.2 min
[2026-08-12 15:31:14] INFO Epoch 015 | train batch=720/1427 | elapsed=3.2 min | eta=3.2 min
[2026-08-12 15:31:17] INFO Epoch 015 | train batch=730/1427 | elapsed=3.3 min | eta=3.1 min
[2026-08-12 15:31:19] INFO Epoch 015 | train batch=740/1427 | elapsed=3.3 min | eta=3.1 min
[2026-08-12 15:31:22] INFO Epoch 015 | train batch=750/1427 | elapsed=3.4 min | eta=3.0 min
[2026-08-12 15:31:25] INFO Epoch 015 | train batch=760/1427 | elapsed=3.4 min | eta=3.0 min
[2026-08-12 15:31:28] INFO Epoch 015 | train batch=770/1427 | elapsed=3.5 min | eta=3.0 min
[2026-08-12 15:31:30] INFO Epoch 015 | train batch=780/1427 | elapsed=3.5 min | eta=2.9 min
[2026-08-12 15:31:33] INFO Epoch 015 | train batch=790/1427 | elapsed=3.5 min | eta=2.9 min
[2026-08-12 15:31:35] INFO Epoch 015 | train batch=800/1427 | elapsed=3.6 min | eta=2.8 min
[2026-08-12 15:31:38] INFO Epoch 015 | train batch=810/1427 | elapsed=3.6 min | eta=2.8 min
[2026-08-12 15:31:40] INFO Epoch 015 | train batch=820/1427 | elapsed=3.7 min | eta=2.7 min
[2026-08-12 15:31:43] INFO Epoch 015 | train batch=830/1427 | elapsed=3.7 min | eta=2.7 min
[2026-08-12 15:31:45] INFO Epoch 015 | train batch=840/1427 | elapsed=3.8 min | eta=2.6 min
[2026-08-12 15:31:48] INFO Epoch 015 | train batch=850/1427 | elapsed=3.8 min | eta=2.6 min
[2026-08-12 15:31:50] INFO Epoch 015 | train batch=860/1427 | elapsed=3.8 min | eta=2.5 min
[2026-08-12 15:31:53] INFO Epoch 015 | train batch=870/1427 | elapsed=3.9 min | eta=2.5 min
[2026-08-12 15:31:56] INFO Epoch 015 | train batch=880/1427 | elapsed=3.9 min | eta=2.4 min
[2026-08-12 15:31:58] INFO Epoch 015 | train batch=890/1427 | elapsed=4.0 min | eta=2.4 min
[2026-08-12 15:32:01] INFO Epoch 015 | train batch=900/1427 | elapsed=4.0 min | eta=2.4 min
[2026-08-12 15:32:04] INFO Epoch 015 | train batch=910/1427 | elapsed=4.1 min | eta=2.3 min
[2026-08-12 15:32:06] INFO Epoch 015 | train batch=920/1427 | elapsed=4.1 min | eta=2.3 min
[2026-08-12 15:32:09] INFO Epoch 015 | train batch=930/1427 | elapsed=4.2 min | eta=2.2 min
[2026-08-12 15:32:12] INFO Epoch 015 | train batch=940/1427 | elapsed=4.2 min | eta=2.2 min
[2026-08-12 15:32:15] INFO Epoch 015 | train batch=950/1427 | elapsed=4.2 min | eta=2.1 min
[2026-08-12 15:32:18] INFO Epoch 015 | train batch=960/1427 | elapsed=4.3 min | eta=2.1 min
[2026-08-12 15:32:20] INFO Epoch 015 | train batch=970/1427 | elapsed=4.3 min | eta=2.0 min
[2026-08-12 15:32:23] INFO Epoch 015 | train batch=980/1427 | elapsed=4.4 min | eta=2.0 min
[2026-08-12 15:32:25] INFO Epoch 015 | train batch=990/1427 | elapsed=4.4 min | eta=2.0 min
[2026-08-12 15:32:28] INFO Epoch 015 | train batch=1000/1427 | elapsed=4.5 min | eta=1.9 min
[2026-08-12 15:32:31] INFO Epoch 015 | train batch=1010/1427 | elapsed=4.5 min | eta=1.9 min
[2026-08-12 15:32:33] INFO Epoch 015 | train batch=1020/1427 | elapsed=4.6 min | eta=1.8 min
[2026-08-12 15:32:36] INFO Epoch 015 | train batch=1030/1427 | elapsed=4.6 min | eta=1.8 min
[2026-08-12 15:32:38] INFO Epoch 015 | train batch=1040/1427 | elapsed=4.6 min | eta=1.7 min
[2026-08-12 15:32:41] INFO Epoch 015 | train batch=1050/1427 | elapsed=4.7 min | eta=1.7 min
[2026-08-12 15:32:44] INFO Epoch 015 | train batch=1060/1427 | elapsed=4.7 min | eta=1.6 min
[2026-08-12 15:32:46] INFO Epoch 015 | train batch=1070/1427 | elapsed=4.8 min | eta=1.6 min
[2026-08-12 15:32:49] INFO Epoch 015 | train batch=1080/1427 | elapsed=4.8 min | eta=1.5 min
[2026-08-12 15:32:52] INFO Epoch 015 | train batch=1090/1427 | elapsed=4.9 min | eta=1.5 min
[2026-08-12 15:32:54] INFO Epoch 015 | train batch=1100/1427 | elapsed=4.9 min | eta=1.5 min
[2026-08-12 15:32:57] INFO Epoch 015 | train batch=1110/1427 | elapsed=4.9 min | eta=1.4 min
[2026-08-12 15:32:59] INFO Epoch 015 | train batch=1120/1427 | elapsed=5.0 min | eta=1.4 min
[2026-08-12 15:33:02] INFO Epoch 015 | train batch=1130/1427 | elapsed=5.0 min | eta=1.3 min
[2026-08-12 15:33:05] INFO Epoch 015 | train batch=1140/1427 | elapsed=5.1 min | eta=1.3 min
[2026-08-12 15:33:07] INFO Epoch 015 | train batch=1150/1427 | elapsed=5.1 min | eta=1.2 min
[2026-08-12 15:33:10] INFO Epoch 015 | train batch=1160/1427 | elapsed=5.2 min | eta=1.2 min
[2026-08-12 15:33:13] INFO Epoch 015 | train batch=1170/1427 | elapsed=5.2 min | eta=1.1 min
[2026-08-12 15:33:15] INFO Epoch 015 | train batch=1180/1427 | elapsed=5.3 min | eta=1.1 min
[2026-08-12 15:33:18] INFO Epoch 015 | train batch=1190/1427 | elapsed=5.3 min | eta=1.1 min
[2026-08-12 15:33:21] INFO Epoch 015 | train batch=1200/1427 | elapsed=5.4 min | eta=1.0 min
[2026-08-12 15:33:24] INFO Epoch 015 | train batch=1210/1427 | elapsed=5.4 min | eta=1.0 min
[2026-08-12 15:33:26] INFO Epoch 015 | train batch=1220/1427 | elapsed=5.4 min | eta=0.9 min
[2026-08-12 15:33:29] INFO Epoch 015 | train batch=1230/1427 | elapsed=5.5 min | eta=0.9 min
[2026-08-12 15:33:32] INFO Epoch 015 | train batch=1240/1427 | elapsed=5.5 min | eta=0.8 min
[2026-08-12 15:33:34] INFO Epoch 015 | train batch=1250/1427 | elapsed=5.6 min | eta=0.8 min
[2026-08-12 15:33:37] INFO Epoch 015 | train batch=1260/1427 | elapsed=5.6 min | eta=0.7 min
[2026-08-12 15:33:40] INFO Epoch 015 | train batch=1270/1427 | elapsed=5.7 min | eta=0.7 min
[2026-08-12 15:33:42] INFO Epoch 015 | train batch=1280/1427 | elapsed=5.7 min | eta=0.7 min
[2026-08-12 15:33:45] INFO Epoch 015 | train batch=1290/1427 | elapsed=5.8 min | eta=0.6 min
[2026-08-12 15:33:48] INFO Epoch 015 | train batch=1300/1427 | elapsed=5.8 min | eta=0.6 min
[2026-08-12 15:33:51] INFO Epoch 015 | train batch=1310/1427 | elapsed=5.8 min | eta=0.5 min
[2026-08-12 15:33:53] INFO Epoch 015 | train batch=1320/1427 | elapsed=5.9 min | eta=0.5 min
[2026-08-12 15:33:56] INFO Epoch 015 | train batch=1330/1427 | elapsed=5.9 min | eta=0.4 min
[2026-08-12 15:33:59] INFO Epoch 015 | train batch=1340/1427 | elapsed=6.0 min | eta=0.4 min
[2026-08-12 15:34:01] INFO Epoch 015 | train batch=1350/1427 | elapsed=6.0 min | eta=0.3 min
[2026-08-12 15:34:04] INFO Epoch 015 | train batch=1360/1427 | elapsed=6.1 min | eta=0.3 min
[2026-08-12 15:34:07] INFO Epoch 015 | train batch=1370/1427 | elapsed=6.1 min | eta=0.3 min
[2026-08-12 15:34:10] INFO Epoch 015 | train batch=1380/1427 | elapsed=6.2 min | eta=0.2 min
[2026-08-12 15:34:12] INFO Epoch 015 | train batch=1390/1427 | elapsed=6.2 min | eta=0.2 min
[2026-08-12 15:34:15] INFO Epoch 015 | train batch=1400/1427 | elapsed=6.2 min | eta=0.1 min
[2026-08-12 15:34:17] INFO Epoch 015 | train batch=1410/1427 | elapsed=6.3 min | eta=0.1 min
[2026-08-12 15:34:20] INFO Epoch 015 | train batch=1420/1427 | elapsed=6.3 min | eta=0.0 min
[2026-08-12 15:34:21] INFO Epoch 015 | train batch=1427/1427 | elapsed=6.4 min | eta=0.0 min
[2026-08-12 15:34:21] INFO Epoch 015 | val batch=1/203 | elapsed=0.0 min | eta=0.3 min
[2026-08-12 15:34:23] INFO Epoch 015 | val batch=10/203 | elapsed=0.0 min | eta=0.4 min
[2026-08-12 15:34:24] INFO Epoch 015 | val batch=20/203 | elapsed=0.0 min | eta=0.4 min
[2026-08-12 15:34:25] INFO Epoch 015 | val batch=30/203 | elapsed=0.1 min | eta=0.4 min
[2026-08-12 15:34:26] INFO Epoch 015 | val batch=40/203 | elapsed=0.1 min | eta=0.4 min
[2026-08-12 15:34:28] INFO Epoch 015 | val batch=50/203 | elapsed=0.1 min | eta=0.3 min
[2026-08-12 15:34:29] INFO Epoch 015 | val batch=60/203 | elapsed=0.1 min | eta=0.3 min
[2026-08-12 15:34:30] INFO Epoch 015 | val batch=70/203 | elapsed=0.2 min | eta=0.3 min
[2026-08-12 15:34:32] INFO Epoch 015 | val batch=80/203 | elapsed=0.2 min | eta=0.3 min
[2026-08-12 15:34:33] INFO Epoch 015 | val batch=90/203 | elapsed=0.2 min | eta=0.2 min
[2026-08-12 15:34:34] INFO Epoch 015 | val batch=100/203 | elapsed=0.2 min | eta=0.2 min
[2026-08-12 15:34:36] INFO Epoch 015 | val batch=110/203 | elapsed=0.2 min | eta=0.2 min
[2026-08-12 15:34:37] INFO Epoch 015 | val batch=120/203 | elapsed=0.3 min | eta=0.2 min
[2026-08-12 15:34:38] INFO Epoch 015 | val batch=130/203 | elapsed=0.3 min | eta=0.2 min
[2026-08-12 15:34:39] INFO Epoch 015 | val batch=140/203 | elapsed=0.3 min | eta=0.1 min
[2026-08-12 15:34:41] INFO Epoch 015 | val batch=150/203 | elapsed=0.3 min | eta=0.1 min
[2026-08-12 15:34:42] INFO Epoch 015 | val batch=160/203 | elapsed=0.3 min | eta=0.1 min
[2026-08-12 15:34:43] INFO Epoch 015 | val batch=170/203 | elapsed=0.4 min | eta=0.1 min
[2026-08-12 15:34:45] INFO Epoch 015 | val batch=180/203 | elapsed=0.4 min | eta=0.0 min
[2026-08-12 15:34:46] INFO Epoch 015 | val batch=190/203 | elapsed=0.4 min | eta=0.0 min
[2026-08-12 15:34:47] INFO Epoch 015 | val batch=200/203 | elapsed=0.4 min | eta=0.0 min
[2026-08-12 15:34:48] INFO Epoch 015 | val batch=203/203 | elapsed=0.4 min | eta=0.0 min
[2026-08-12 15:34:48] INFO Epoch 015 | train_total=0.970614 | val_total=1.108461 | val_mask=0.870669 | val_retrieval=2.377917 | val_profile=0.000000 | val_anchors=660915 | val_positive_pairs=0 | val_hard_negatives=0 | val_relation_candidates=9654476 | val_teacher_keff=4.444 | val_student_keff=9.845 | val_masked_positions=1959549 | skipped(train/val)=0/0
[2026-08-12 15:34:48] INFO Epoch 016/050 started | train_batches=1427 | val_batches=203
[2026-08-12 15:34:48] INFO Epoch 016 | train batch=1/1427 | elapsed=0.0 min | eta=5.1 min
[2026-08-12 15:34:50] INFO Epoch 016 | train batch=10/1427 | elapsed=0.0 min | eta=6.7 min
[2026-08-12 15:34:53] INFO Epoch 016 | train batch=20/1427 | elapsed=0.1 min | eta=6.7 min
[2026-08-12 15:34:56] INFO Epoch 016 | train batch=30/1427 | elapsed=0.1 min | eta=6.5 min
[2026-08-12 15:34:59] INFO Epoch 016 | train batch=40/1427 | elapsed=0.2 min | eta=6.4 min
[2026-08-12 15:35:01] INFO Epoch 016 | train batch=50/1427 | elapsed=0.2 min | eta=6.2 min
[2026-08-12 15:35:04] INFO Epoch 016 | train batch=60/1427 | elapsed=0.3 min | eta=6.2 min
[2026-08-12 15:35:07] INFO Epoch 016 | train batch=70/1427 | elapsed=0.3 min | eta=6.1 min
[2026-08-12 15:35:09] INFO Epoch 016 | train batch=80/1427 | elapsed=0.4 min | eta=6.1 min
[2026-08-12 15:35:12] INFO Epoch 016 | train batch=90/1427 | elapsed=0.4 min | eta=5.9 min
[2026-08-12 15:35:14] INFO Epoch 016 | train batch=100/1427 | elapsed=0.4 min | eta=5.9 min
[2026-08-12 15:35:17] INFO Epoch 016 | train batch=110/1427 | elapsed=0.5 min | eta=5.8 min
[2026-08-12 15:35:19] INFO Epoch 016 | train batch=120/1427 | elapsed=0.5 min | eta=5.8 min
[2026-08-12 15:35:22] INFO Epoch 016 | train batch=130/1427 | elapsed=0.6 min | eta=5.7 min
[2026-08-12 15:35:25] INFO Epoch 016 | train batch=140/1427 | elapsed=0.6 min | eta=5.7 min
[2026-08-12 15:35:28] INFO Epoch 016 | train batch=150/1427 | elapsed=0.7 min | eta=5.7 min
[2026-08-12 15:35:30] INFO Epoch 016 | train batch=160/1427 | elapsed=0.7 min | eta=5.6 min
[2026-08-12 15:35:33] INFO Epoch 016 | train batch=170/1427 | elapsed=0.8 min | eta=5.6 min
[2026-08-12 15:35:35] INFO Epoch 016 | train batch=180/1427 | elapsed=0.8 min | eta=5.5 min
[2026-08-12 15:35:38] INFO Epoch 016 | train batch=190/1427 | elapsed=0.8 min | eta=5.5 min
[2026-08-12 15:35:41] INFO Epoch 016 | train batch=200/1427 | elapsed=0.9 min | eta=5.4 min
[2026-08-12 15:35:43] INFO Epoch 016 | train batch=210/1427 | elapsed=0.9 min | eta=5.4 min
[2026-08-12 15:35:46] INFO Epoch 016 | train batch=220/1427 | elapsed=1.0 min | eta=5.3 min
[2026-08-12 15:35:48] INFO Epoch 016 | train batch=230/1427 | elapsed=1.0 min | eta=5.3 min
[2026-08-12 15:35:51] INFO Epoch 016 | train batch=240/1427 | elapsed=1.1 min | eta=5.3 min
[2026-08-12 15:35:54] INFO Epoch 016 | train batch=250/1427 | elapsed=1.1 min | eta=5.2 min
[2026-08-12 15:35:57] INFO Epoch 016 | train batch=260/1427 | elapsed=1.2 min | eta=5.2 min
[2026-08-12 15:36:00] INFO Epoch 016 | train batch=270/1427 | elapsed=1.2 min | eta=5.2 min
[2026-08-12 15:36:02] INFO Epoch 016 | train batch=280/1427 | elapsed=1.2 min | eta=5.1 min
[2026-08-12 15:36:05] INFO Epoch 016 | train batch=290/1427 | elapsed=1.3 min | eta=5.1 min
[2026-08-12 15:36:08] INFO Epoch 016 | train batch=300/1427 | elapsed=1.3 min | eta=5.0 min
[2026-08-12 15:36:10] INFO Epoch 016 | train batch=310/1427 | elapsed=1.4 min | eta=5.0 min
[2026-08-12 15:36:13] INFO Epoch 016 | train batch=320/1427 | elapsed=1.4 min | eta=4.9 min
[2026-08-12 15:36:16] INFO Epoch 016 | train batch=330/1427 | elapsed=1.5 min | eta=4.9 min
[2026-08-12 15:36:18] INFO Epoch 016 | train batch=340/1427 | elapsed=1.5 min | eta=4.8 min
[2026-08-12 15:36:21] INFO Epoch 016 | train batch=350/1427 | elapsed=1.6 min | eta=4.8 min
[2026-08-12 15:36:24] INFO Epoch 016 | train batch=360/1427 | elapsed=1.6 min | eta=4.8 min
[2026-08-12 15:36:27] INFO Epoch 016 | train batch=370/1427 | elapsed=1.7 min | eta=4.7 min
[2026-08-12 15:36:29] INFO Epoch 016 | train batch=380/1427 | elapsed=1.7 min | eta=4.7 min
[2026-08-12 15:36:32] INFO Epoch 016 | train batch=390/1427 | elapsed=1.7 min | eta=4.6 min
[2026-08-12 15:36:35] INFO Epoch 016 | train batch=400/1427 | elapsed=1.8 min | eta=4.6 min
[2026-08-12 15:36:38] INFO Epoch 016 | train batch=410/1427 | elapsed=1.8 min | eta=4.5 min
[2026-08-12 15:36:40] INFO Epoch 016 | train batch=420/1427 | elapsed=1.9 min | eta=4.5 min
[2026-08-12 15:36:43] INFO Epoch 016 | train batch=430/1427 | elapsed=1.9 min | eta=4.5 min
[2026-08-12 15:36:45] INFO Epoch 016 | train batch=440/1427 | elapsed=2.0 min | eta=4.4 min
[2026-08-12 15:36:48] INFO Epoch 016 | train batch=450/1427 | elapsed=2.0 min | eta=4.4 min
[2026-08-12 15:36:51] INFO Epoch 016 | train batch=460/1427 | elapsed=2.1 min | eta=4.3 min
[2026-08-12 15:36:54] INFO Epoch 016 | train batch=470/1427 | elapsed=2.1 min | eta=4.3 min
[2026-08-12 15:36:56] INFO Epoch 016 | train batch=480/1427 | elapsed=2.1 min | eta=4.2 min
[2026-08-12 15:36:59] INFO Epoch 016 | train batch=490/1427 | elapsed=2.2 min | eta=4.2 min
[2026-08-12 15:37:02] INFO Epoch 016 | train batch=500/1427 | elapsed=2.2 min | eta=4.2 min
[2026-08-12 15:37:04] INFO Epoch 016 | train batch=510/1427 | elapsed=2.3 min | eta=4.1 min
[2026-08-12 15:37:07] INFO Epoch 016 | train batch=520/1427 | elapsed=2.3 min | eta=4.1 min
[2026-08-12 15:37:10] INFO Epoch 016 | train batch=530/1427 | elapsed=2.4 min | eta=4.0 min
[2026-08-12 15:37:13] INFO Epoch 016 | train batch=540/1427 | elapsed=2.4 min | eta=4.0 min
[2026-08-12 15:37:15] INFO Epoch 016 | train batch=550/1427 | elapsed=2.5 min | eta=3.9 min
[2026-08-12 15:37:18] INFO Epoch 016 | train batch=560/1427 | elapsed=2.5 min | eta=3.9 min
[2026-08-12 15:37:21] INFO Epoch 016 | train batch=570/1427 | elapsed=2.6 min | eta=3.8 min
[2026-08-12 15:37:24] INFO Epoch 016 | train batch=580/1427 | elapsed=2.6 min | eta=3.8 min
[2026-08-12 15:37:26] INFO Epoch 016 | train batch=590/1427 | elapsed=2.6 min | eta=3.7 min
[2026-08-12 15:37:29] INFO Epoch 016 | train batch=600/1427 | elapsed=2.7 min | eta=3.7 min
[2026-08-12 15:37:32] INFO Epoch 016 | train batch=610/1427 | elapsed=2.7 min | eta=3.7 min
[2026-08-12 15:37:34] INFO Epoch 016 | train batch=620/1427 | elapsed=2.8 min | eta=3.6 min
[2026-08-12 15:37:37] INFO Epoch 016 | train batch=630/1427 | elapsed=2.8 min | eta=3.6 min
[2026-08-12 15:37:40] INFO Epoch 016 | train batch=640/1427 | elapsed=2.9 min | eta=3.5 min
[2026-08-12 15:37:42] INFO Epoch 016 | train batch=650/1427 | elapsed=2.9 min | eta=3.5 min
[2026-08-12 15:37:45] INFO Epoch 016 | train batch=660/1427 | elapsed=3.0 min | eta=3.4 min
[2026-08-12 15:37:48] INFO Epoch 016 | train batch=670/1427 | elapsed=3.0 min | eta=3.4 min
[2026-08-12 15:37:50] INFO Epoch 016 | train batch=680/1427 | elapsed=3.0 min | eta=3.3 min
[2026-08-12 15:37:53] INFO Epoch 016 | train batch=690/1427 | elapsed=3.1 min | eta=3.3 min
[2026-08-12 15:37:55] INFO Epoch 016 | train batch=700/1427 | elapsed=3.1 min | eta=3.3 min
[2026-08-12 15:37:58] INFO Epoch 016 | train batch=710/1427 | elapsed=3.2 min | eta=3.2 min
[2026-08-12 15:38:01] INFO Epoch 016 | train batch=720/1427 | elapsed=3.2 min | eta=3.2 min
[2026-08-12 15:38:03] INFO Epoch 016 | train batch=730/1427 | elapsed=3.3 min | eta=3.1 min
[2026-08-12 15:38:06] INFO Epoch 016 | train batch=740/1427 | elapsed=3.3 min | eta=3.1 min
[2026-08-12 15:38:09] INFO Epoch 016 | train batch=750/1427 | elapsed=3.4 min | eta=3.0 min
[2026-08-12 15:38:11] INFO Epoch 016 | train batch=760/1427 | elapsed=3.4 min | eta=3.0 min
[2026-08-12 15:38:13] INFO Epoch 016 | train batch=770/1427 | elapsed=3.4 min | eta=2.9 min
[2026-08-12 15:38:16] INFO Epoch 016 | train batch=780/1427 | elapsed=3.5 min | eta=2.9 min
[2026-08-12 15:38:19] INFO Epoch 016 | train batch=790/1427 | elapsed=3.5 min | eta=2.8 min
[2026-08-12 15:38:21] INFO Epoch 016 | train batch=800/1427 | elapsed=3.6 min | eta=2.8 min
[2026-08-12 15:38:24] INFO Epoch 016 | train batch=810/1427 | elapsed=3.6 min | eta=2.7 min
[2026-08-12 15:38:26] INFO Epoch 016 | train batch=820/1427 | elapsed=3.6 min | eta=2.7 min
[2026-08-12 15:38:29] INFO Epoch 016 | train batch=830/1427 | elapsed=3.7 min | eta=2.7 min
[2026-08-12 15:38:32] INFO Epoch 016 | train batch=840/1427 | elapsed=3.7 min | eta=2.6 min
[2026-08-12 15:38:34] INFO Epoch 016 | train batch=850/1427 | elapsed=3.8 min | eta=2.6 min
[2026-08-12 15:38:37] INFO Epoch 016 | train batch=860/1427 | elapsed=3.8 min | eta=2.5 min
[2026-08-12 15:38:39] INFO Epoch 016 | train batch=870/1427 | elapsed=3.9 min | eta=2.5 min
[2026-08-12 15:38:42] INFO Epoch 016 | train batch=880/1427 | elapsed=3.9 min | eta=2.4 min
[2026-08-12 15:38:45] INFO Epoch 016 | train batch=890/1427 | elapsed=4.0 min | eta=2.4 min
[2026-08-12 15:38:48] INFO Epoch 016 | train batch=900/1427 | elapsed=4.0 min | eta=2.3 min
[2026-08-12 15:38:50] INFO Epoch 016 | train batch=910/1427 | elapsed=4.0 min | eta=2.3 min
[2026-08-12 15:38:53] INFO Epoch 016 | train batch=920/1427 | elapsed=4.1 min | eta=2.3 min
[2026-08-12 15:38:56] INFO Epoch 016 | train batch=930/1427 | elapsed=4.1 min | eta=2.2 min
[2026-08-12 15:38:58] INFO Epoch 016 | train batch=940/1427 | elapsed=4.2 min | eta=2.2 min
[2026-08-12 15:39:01] INFO Epoch 016 | train batch=950/1427 | elapsed=4.2 min | eta=2.1 min
[2026-08-12 15:39:04] INFO Epoch 016 | train batch=960/1427 | elapsed=4.3 min | eta=2.1 min
[2026-08-12 15:39:06] INFO Epoch 016 | train batch=970/1427 | elapsed=4.3 min | eta=2.0 min
[2026-08-12 15:39:08] INFO Epoch 016 | train batch=980/1427 | elapsed=4.3 min | eta=2.0 min
[2026-08-12 15:39:11] INFO Epoch 016 | train batch=990/1427 | elapsed=4.4 min | eta=1.9 min
[2026-08-12 15:39:14] INFO Epoch 016 | train batch=1000/1427 | elapsed=4.4 min | eta=1.9 min
[2026-08-12 15:39:16] INFO Epoch 016 | train batch=1010/1427 | elapsed=4.5 min | eta=1.8 min
[2026-08-12 15:39:19] INFO Epoch 016 | train batch=1020/1427 | elapsed=4.5 min | eta=1.8 min
[2026-08-12 15:39:22] INFO Epoch 016 | train batch=1030/1427 | elapsed=4.6 min | eta=1.8 min
[2026-08-12 15:39:24] INFO Epoch 016 | train batch=1040/1427 | elapsed=4.6 min | eta=1.7 min
[2026-08-12 15:39:26] INFO Epoch 016 | train batch=1050/1427 | elapsed=4.6 min | eta=1.7 min
[2026-08-12 15:39:29] INFO Epoch 016 | train batch=1060/1427 | elapsed=4.7 min | eta=1.6 min
[2026-08-12 15:39:31] INFO Epoch 016 | train batch=1070/1427 | elapsed=4.7 min | eta=1.6 min
[2026-08-12 15:39:34] INFO Epoch 016 | train batch=1080/1427 | elapsed=4.8 min | eta=1.5 min
[2026-08-12 15:39:36] INFO Epoch 016 | train batch=1090/1427 | elapsed=4.8 min | eta=1.5 min
[2026-08-12 15:39:39] INFO Epoch 016 | train batch=1100/1427 | elapsed=4.9 min | eta=1.4 min
[2026-08-12 15:39:42] INFO Epoch 016 | train batch=1110/1427 | elapsed=4.9 min | eta=1.4 min
[2026-08-12 15:39:44] INFO Epoch 016 | train batch=1120/1427 | elapsed=4.9 min | eta=1.4 min
[2026-08-12 15:39:47] INFO Epoch 016 | train batch=1130/1427 | elapsed=5.0 min | eta=1.3 min
[2026-08-12 15:39:50] INFO Epoch 016 | train batch=1140/1427 | elapsed=5.0 min | eta=1.3 min
[2026-08-12 15:39:53] INFO Epoch 016 | train batch=1150/1427 | elapsed=5.1 min | eta=1.2 min
[2026-08-12 15:39:55] INFO Epoch 016 | train batch=1160/1427 | elapsed=5.1 min | eta=1.2 min
[2026-08-12 15:39:58] INFO Epoch 016 | train batch=1170/1427 | elapsed=5.2 min | eta=1.1 min
[2026-08-12 15:40:01] INFO Epoch 016 | train batch=1180/1427 | elapsed=5.2 min | eta=1.1 min
[2026-08-12 15:40:03] INFO Epoch 016 | train batch=1190/1427 | elapsed=5.3 min | eta=1.0 min
[2026-08-12 15:40:06] INFO Epoch 016 | train batch=1200/1427 | elapsed=5.3 min | eta=1.0 min
[2026-08-12 15:40:09] INFO Epoch 016 | train batch=1210/1427 | elapsed=5.4 min | eta=1.0 min
[2026-08-12 15:40:12] INFO Epoch 016 | train batch=1220/1427 | elapsed=5.4 min | eta=0.9 min
[2026-08-12 15:40:14] INFO Epoch 016 | train batch=1230/1427 | elapsed=5.4 min | eta=0.9 min
[2026-08-12 15:40:17] INFO Epoch 016 | train batch=1240/1427 | elapsed=5.5 min | eta=0.8 min
[2026-08-12 15:40:20] INFO Epoch 016 | train batch=1250/1427 | elapsed=5.5 min | eta=0.8 min
[2026-08-12 15:40:23] INFO Epoch 016 | train batch=1260/1427 | elapsed=5.6 min | eta=0.7 min
[2026-08-12 15:40:25] INFO Epoch 016 | train batch=1270/1427 | elapsed=5.6 min | eta=0.7 min
[2026-08-12 15:40:28] INFO Epoch 016 | train batch=1280/1427 | elapsed=5.7 min | eta=0.7 min
[2026-08-12 15:40:31] INFO Epoch 016 | train batch=1290/1427 | elapsed=5.7 min | eta=0.6 min
[2026-08-12 15:40:33] INFO Epoch 016 | train batch=1300/1427 | elapsed=5.8 min | eta=0.6 min
[2026-08-12 15:40:36] INFO Epoch 016 | train batch=1310/1427 | elapsed=5.8 min | eta=0.5 min
[2026-08-12 15:40:39] INFO Epoch 016 | train batch=1320/1427 | elapsed=5.9 min | eta=0.5 min
[2026-08-12 15:40:42] INFO Epoch 016 | train batch=1330/1427 | elapsed=5.9 min | eta=0.4 min
[2026-08-12 15:40:45] INFO Epoch 016 | train batch=1340/1427 | elapsed=5.9 min | eta=0.4 min
[2026-08-12 15:40:47] INFO Epoch 016 | train batch=1350/1427 | elapsed=6.0 min | eta=0.3 min
[2026-08-12 15:40:49] INFO Epoch 016 | train batch=1360/1427 | elapsed=6.0 min | eta=0.3 min
[2026-08-12 15:40:52] INFO Epoch 016 | train batch=1370/1427 | elapsed=6.1 min | eta=0.3 min
[2026-08-12 15:40:55] INFO Epoch 016 | train batch=1380/1427 | elapsed=6.1 min | eta=0.2 min
[2026-08-12 15:40:57] INFO Epoch 016 | train batch=1390/1427 | elapsed=6.2 min | eta=0.2 min
[2026-08-12 15:41:00] INFO Epoch 016 | train batch=1400/1427 | elapsed=6.2 min | eta=0.1 min
[2026-08-12 15:41:02] INFO Epoch 016 | train batch=1410/1427 | elapsed=6.2 min | eta=0.1 min
[2026-08-12 15:41:05] INFO Epoch 016 | train batch=1420/1427 | elapsed=6.3 min | eta=0.0 min
[2026-08-12 15:41:06] INFO Epoch 016 | train batch=1427/1427 | elapsed=6.3 min | eta=0.0 min
[2026-08-12 15:41:06] INFO Epoch 016 | val batch=1/203 | elapsed=0.0 min | eta=0.3 min
[2026-08-12 15:41:08] INFO Epoch 016 | val batch=10/203 | elapsed=0.0 min | eta=0.4 min
[2026-08-12 15:41:09] INFO Epoch 016 | val batch=20/203 | elapsed=0.0 min | eta=0.4 min
[2026-08-12 15:41:10] INFO Epoch 016 | val batch=30/203 | elapsed=0.1 min | eta=0.4 min
[2026-08-12 15:41:11] INFO Epoch 016 | val batch=40/203 | elapsed=0.1 min | eta=0.4 min
[2026-08-12 15:41:13] INFO Epoch 016 | val batch=50/203 | elapsed=0.1 min | eta=0.3 min
[2026-08-12 15:41:14] INFO Epoch 016 | val batch=60/203 | elapsed=0.1 min | eta=0.3 min
[2026-08-12 15:41:15] INFO Epoch 016 | val batch=70/203 | elapsed=0.2 min | eta=0.3 min
[2026-08-12 15:41:17] INFO Epoch 016 | val batch=80/203 | elapsed=0.2 min | eta=0.3 min
[2026-08-12 15:41:18] INFO Epoch 016 | val batch=90/203 | elapsed=0.2 min | eta=0.2 min
[2026-08-12 15:41:19] INFO Epoch 016 | val batch=100/203 | elapsed=0.2 min | eta=0.2 min
[2026-08-12 15:41:20] INFO Epoch 016 | val batch=110/203 | elapsed=0.2 min | eta=0.2 min
[2026-08-12 15:41:22] INFO Epoch 016 | val batch=120/203 | elapsed=0.3 min | eta=0.2 min
[2026-08-12 15:41:23] INFO Epoch 016 | val batch=130/203 | elapsed=0.3 min | eta=0.2 min
[2026-08-12 15:41:24] INFO Epoch 016 | val batch=140/203 | elapsed=0.3 min | eta=0.1 min
[2026-08-12 15:41:26] INFO Epoch 016 | val batch=150/203 | elapsed=0.3 min | eta=0.1 min
[2026-08-12 15:41:27] INFO Epoch 016 | val batch=160/203 | elapsed=0.3 min | eta=0.1 min
[2026-08-12 15:41:28] INFO Epoch 016 | val batch=170/203 | elapsed=0.4 min | eta=0.1 min
[2026-08-12 15:41:30] INFO Epoch 016 | val batch=180/203 | elapsed=0.4 min | eta=0.0 min
[2026-08-12 15:41:31] INFO Epoch 016 | val batch=190/203 | elapsed=0.4 min | eta=0.0 min
[2026-08-12 15:41:32] INFO Epoch 016 | val batch=200/203 | elapsed=0.4 min | eta=0.0 min
[2026-08-12 15:41:32] INFO Epoch 016 | val batch=203/203 | elapsed=0.4 min | eta=0.0 min
[2026-08-12 15:41:32] INFO Epoch 016 | train_total=0.985063 | val_total=0.946978 | val_mask=0.709148 | val_retrieval=2.378300 | val_profile=0.000000 | val_anchors=660915 | val_positive_pairs=0 | val_hard_negatives=0 | val_relation_candidates=9654476 | val_teacher_keff=4.444 | val_student_keff=9.491 | val_masked_positions=1959360 | skipped(train/val)=0/0
[2026-08-12 15:41:32] INFO Epoch 017/050 started | train_batches=1427 | val_batches=203
[2026-08-12 15:41:33] INFO Epoch 017 | train batch=1/1427 | elapsed=0.0 min | eta=5.1 min
[2026-08-12 15:41:35] INFO Epoch 017 | train batch=10/1427 | elapsed=0.0 min | eta=6.5 min
[2026-08-12 15:41:38] INFO Epoch 017 | train batch=20/1427 | elapsed=0.1 min | eta=6.3 min
[2026-08-12 15:41:41] INFO Epoch 017 | train batch=30/1427 | elapsed=0.1 min | eta=6.4 min
[2026-08-12 15:41:43] INFO Epoch 017 | train batch=40/1427 | elapsed=0.2 min | eta=6.3 min
[2026-08-12 15:41:46] INFO Epoch 017 | train batch=50/1427 | elapsed=0.2 min | eta=6.2 min
[2026-08-12 15:41:49] INFO Epoch 017 | train batch=60/1427 | elapsed=0.3 min | eta=6.1 min
[2026-08-12 15:41:51] INFO Epoch 017 | train batch=70/1427 | elapsed=0.3 min | eta=6.1 min
[2026-08-12 15:41:54] INFO Epoch 017 | train batch=80/1427 | elapsed=0.4 min | eta=6.0 min
[2026-08-12 15:41:57] INFO Epoch 017 | train batch=90/1427 | elapsed=0.4 min | eta=6.0 min
[2026-08-12 15:41:59] INFO Epoch 017 | train batch=100/1427 | elapsed=0.4 min | eta=6.0 min
[2026-08-12 15:42:02] INFO Epoch 017 | train batch=110/1427 | elapsed=0.5 min | eta=5.9 min
[2026-08-12 15:42:05] INFO Epoch 017 | train batch=120/1427 | elapsed=0.5 min | eta=5.8 min
[2026-08-12 15:42:07] INFO Epoch 017 | train batch=130/1427 | elapsed=0.6 min | eta=5.8 min
[2026-08-12 15:42:10] INFO Epoch 017 | train batch=140/1427 | elapsed=0.6 min | eta=5.7 min
[2026-08-12 15:42:12] INFO Epoch 017 | train batch=150/1427 | elapsed=0.7 min | eta=5.7 min
[2026-08-12 15:42:15] INFO Epoch 017 | train batch=160/1427 | elapsed=0.7 min | eta=5.6 min
[2026-08-12 15:42:18] INFO Epoch 017 | train batch=170/1427 | elapsed=0.8 min | eta=5.6 min
[2026-08-12 15:42:21] INFO Epoch 017 | train batch=180/1427 | elapsed=0.8 min | eta=5.6 min
[2026-08-12 15:42:24] INFO Epoch 017 | train batch=190/1427 | elapsed=0.9 min | eta=5.5 min
[2026-08-12 15:42:26] INFO Epoch 017 | train batch=200/1427 | elapsed=0.9 min | eta=5.5 min
[2026-08-12 15:42:29] INFO Epoch 017 | train batch=210/1427 | elapsed=0.9 min | eta=5.5 min
[2026-08-12 15:42:32] INFO Epoch 017 | train batch=220/1427 | elapsed=1.0 min | eta=5.4 min
[2026-08-12 15:42:34] INFO Epoch 017 | train batch=230/1427 | elapsed=1.0 min | eta=5.4 min
[2026-08-12 15:42:37] INFO Epoch 017 | train batch=240/1427 | elapsed=1.1 min | eta=5.3 min
[2026-08-12 15:42:40] INFO Epoch 017 | train batch=250/1427 | elapsed=1.1 min | eta=5.3 min
[2026-08-12 15:42:43] INFO Epoch 017 | train batch=260/1427 | elapsed=1.2 min | eta=5.2 min
[2026-08-12 15:42:45] INFO Epoch 017 | train batch=270/1427 | elapsed=1.2 min | eta=5.2 min
[2026-08-12 15:42:48] INFO Epoch 017 | train batch=280/1427 | elapsed=1.3 min | eta=5.1 min
[2026-08-12 15:42:50] INFO Epoch 017 | train batch=290/1427 | elapsed=1.3 min | eta=5.1 min
[2026-08-12 15:42:53] INFO Epoch 017 | train batch=300/1427 | elapsed=1.3 min | eta=5.0 min
[2026-08-12 15:42:55] INFO Epoch 017 | train batch=310/1427 | elapsed=1.4 min | eta=5.0 min
[2026-08-12 15:42:58] INFO Epoch 017 | train batch=320/1427 | elapsed=1.4 min | eta=4.9 min
[2026-08-12 15:43:01] INFO Epoch 017 | train batch=330/1427 | elapsed=1.5 min | eta=4.9 min
[2026-08-12 15:43:03] INFO Epoch 017 | train batch=340/1427 | elapsed=1.5 min | eta=4.8 min
[2026-08-12 15:43:06] INFO Epoch 017 | train batch=350/1427 | elapsed=1.6 min | eta=4.8 min
[2026-08-12 15:43:09] INFO Epoch 017 | train batch=360/1427 | elapsed=1.6 min | eta=4.8 min
[2026-08-12 15:43:11] INFO Epoch 017 | train batch=370/1427 | elapsed=1.6 min | eta=4.7 min
[2026-08-12 15:43:14] INFO Epoch 017 | train batch=380/1427 | elapsed=1.7 min | eta=4.7 min
[2026-08-12 15:43:17] INFO Epoch 017 | train batch=390/1427 | elapsed=1.7 min | eta=4.6 min
[2026-08-12 15:43:19] INFO Epoch 017 | train batch=400/1427 | elapsed=1.8 min | eta=4.6 min
[2026-08-12 15:43:22] INFO Epoch 017 | train batch=410/1427 | elapsed=1.8 min | eta=4.5 min
[2026-08-12 15:43:24] INFO Epoch 017 | train batch=420/1427 | elapsed=1.9 min | eta=4.5 min
[2026-08-12 15:43:27] INFO Epoch 017 | train batch=430/1427 | elapsed=1.9 min | eta=4.4 min
[2026-08-12 15:43:30] INFO Epoch 017 | train batch=440/1427 | elapsed=2.0 min | eta=4.4 min
[2026-08-12 15:43:32] INFO Epoch 017 | train batch=450/1427 | elapsed=2.0 min | eta=4.3 min
[2026-08-12 15:43:35] INFO Epoch 017 | train batch=460/1427 | elapsed=2.0 min | eta=4.3 min
[2026-08-12 15:43:38] INFO Epoch 017 | train batch=470/1427 | elapsed=2.1 min | eta=4.3 min
[2026-08-12 15:43:41] INFO Epoch 017 | train batch=480/1427 | elapsed=2.1 min | eta=4.2 min
[2026-08-12 15:43:43] INFO Epoch 017 | train batch=490/1427 | elapsed=2.2 min | eta=4.2 min
[2026-08-12 15:43:46] INFO Epoch 017 | train batch=500/1427 | elapsed=2.2 min | eta=4.1 min
[2026-08-12 15:43:49] INFO Epoch 017 | train batch=510/1427 | elapsed=2.3 min | eta=4.1 min
[2026-08-12 15:43:51] INFO Epoch 017 | train batch=520/1427 | elapsed=2.3 min | eta=4.0 min
[2026-08-12 15:43:54] INFO Epoch 017 | train batch=530/1427 | elapsed=2.4 min | eta=4.0 min
[2026-08-12 15:43:57] INFO Epoch 017 | train batch=540/1427 | elapsed=2.4 min | eta=4.0 min
[2026-08-12 15:44:00] INFO Epoch 017 | train batch=550/1427 | elapsed=2.5 min | eta=3.9 min
[2026-08-12 15:44:02] INFO Epoch 017 | train batch=560/1427 | elapsed=2.5 min | eta=3.9 min
[2026-08-12 15:44:05] INFO Epoch 017 | train batch=570/1427 | elapsed=2.5 min | eta=3.8 min
[2026-08-12 15:44:08] INFO Epoch 017 | train batch=580/1427 | elapsed=2.6 min | eta=3.8 min
[2026-08-12 15:44:11] INFO Epoch 017 | train batch=590/1427 | elapsed=2.6 min | eta=3.7 min
[2026-08-12 15:44:13] INFO Epoch 017 | train batch=600/1427 | elapsed=2.7 min | eta=3.7 min
[2026-08-12 15:44:16] INFO Epoch 017 | train batch=610/1427 | elapsed=2.7 min | eta=3.6 min
[2026-08-12 15:44:18] INFO Epoch 017 | train batch=620/1427 | elapsed=2.8 min | eta=3.6 min
[2026-08-12 15:44:21] INFO Epoch 017 | train batch=630/1427 | elapsed=2.8 min | eta=3.6 min
[2026-08-12 15:44:24] INFO Epoch 017 | train batch=640/1427 | elapsed=2.9 min | eta=3.5 min
[2026-08-12 15:44:27] INFO Epoch 017 | train batch=650/1427 | elapsed=2.9 min | eta=3.5 min
[2026-08-12 15:44:29] INFO Epoch 017 | train batch=660/1427 | elapsed=2.9 min | eta=3.4 min
[2026-08-12 15:44:32] INFO Epoch 017 | train batch=670/1427 | elapsed=3.0 min | eta=3.4 min
[2026-08-12 15:44:35] INFO Epoch 017 | train batch=680/1427 | elapsed=3.0 min | eta=3.3 min
[2026-08-12 15:44:37] INFO Epoch 017 | train batch=690/1427 | elapsed=3.1 min | eta=3.3 min
[2026-08-12 15:44:40] INFO Epoch 017 | train batch=700/1427 | elapsed=3.1 min | eta=3.2 min
[2026-08-12 15:44:43] INFO Epoch 017 | train batch=710/1427 | elapsed=3.2 min | eta=3.2 min
[2026-08-12 15:44:46] INFO Epoch 017 | train batch=720/1427 | elapsed=3.2 min | eta=3.2 min
[2026-08-12 15:44:48] INFO Epoch 017 | train batch=730/1427 | elapsed=3.3 min | eta=3.1 min
[2026-08-12 15:44:51] INFO Epoch 017 | train batch=740/1427 | elapsed=3.3 min | eta=3.1 min
[2026-08-12 15:44:53] INFO Epoch 017 | train batch=750/1427 | elapsed=3.3 min | eta=3.0 min
[2026-08-12 15:44:56] INFO Epoch 017 | train batch=760/1427 | elapsed=3.4 min | eta=3.0 min
[2026-08-12 15:44:58] INFO Epoch 017 | train batch=770/1427 | elapsed=3.4 min | eta=2.9 min
[2026-08-12 15:45:01] INFO Epoch 017 | train batch=780/1427 | elapsed=3.5 min | eta=2.9 min
[2026-08-12 15:45:03] INFO Epoch 017 | train batch=790/1427 | elapsed=3.5 min | eta=2.8 min
[2026-08-12 15:45:06] INFO Epoch 017 | train batch=800/1427 | elapsed=3.6 min | eta=2.8 min
[2026-08-12 15:45:09] INFO Epoch 017 | train batch=810/1427 | elapsed=3.6 min | eta=2.7 min
[2026-08-12 15:45:12] INFO Epoch 017 | train batch=820/1427 | elapsed=3.7 min | eta=2.7 min
[2026-08-12 15:45:14] INFO Epoch 017 | train batch=830/1427 | elapsed=3.7 min | eta=2.7 min
[2026-08-12 15:45:17] INFO Epoch 017 | train batch=840/1427 | elapsed=3.7 min | eta=2.6 min
[2026-08-12 15:45:19] INFO Epoch 017 | train batch=850/1427 | elapsed=3.8 min | eta=2.6 min
[2026-08-12 15:45:22] INFO Epoch 017 | train batch=860/1427 | elapsed=3.8 min | eta=2.5 min
[2026-08-12 15:45:25] INFO Epoch 017 | train batch=870/1427 | elapsed=3.9 min | eta=2.5 min
[2026-08-12 15:45:27] INFO Epoch 017 | train batch=880/1427 | elapsed=3.9 min | eta=2.4 min
[2026-08-12 15:45:30] INFO Epoch 017 | train batch=890/1427 | elapsed=4.0 min | eta=2.4 min
[2026-08-12 15:45:32] INFO Epoch 017 | train batch=900/1427 | elapsed=4.0 min | eta=2.3 min
[2026-08-12 15:45:35] INFO Epoch 017 | train batch=910/1427 | elapsed=4.0 min | eta=2.3 min
[2026-08-12 15:45:37] INFO Epoch 017 | train batch=920/1427 | elapsed=4.1 min | eta=2.2 min
[2026-08-12 15:45:40] INFO Epoch 017 | train batch=930/1427 | elapsed=4.1 min | eta=2.2 min
[2026-08-12 15:45:42] INFO Epoch 017 | train batch=940/1427 | elapsed=4.2 min | eta=2.2 min
[2026-08-12 15:45:45] INFO Epoch 017 | train batch=950/1427 | elapsed=4.2 min | eta=2.1 min
[2026-08-12 15:45:48] INFO Epoch 017 | train batch=960/1427 | elapsed=4.3 min | eta=2.1 min
[2026-08-12 15:45:50] INFO Epoch 017 | train batch=970/1427 | elapsed=4.3 min | eta=2.0 min
[2026-08-12 15:45:53] INFO Epoch 017 | train batch=980/1427 | elapsed=4.3 min | eta=2.0 min
[2026-08-12 15:45:56] INFO Epoch 017 | train batch=990/1427 | elapsed=4.4 min | eta=1.9 min
[2026-08-12 15:45:58] INFO Epoch 017 | train batch=1000/1427 | elapsed=4.4 min | eta=1.9 min
[2026-08-12 15:46:01] INFO Epoch 017 | train batch=1010/1427 | elapsed=4.5 min | eta=1.8 min
[2026-08-12 15:46:04] INFO Epoch 017 | train batch=1020/1427 | elapsed=4.5 min | eta=1.8 min
[2026-08-12 15:46:07] INFO Epoch 017 | train batch=1030/1427 | elapsed=4.6 min | eta=1.8 min
[2026-08-12 15:46:09] INFO Epoch 017 | train batch=1040/1427 | elapsed=4.6 min | eta=1.7 min
[2026-08-12 15:46:12] INFO Epoch 017 | train batch=1050/1427 | elapsed=4.7 min | eta=1.7 min
[2026-08-12 15:46:14] INFO Epoch 017 | train batch=1060/1427 | elapsed=4.7 min | eta=1.6 min
[2026-08-12 15:46:17] INFO Epoch 017 | train batch=1070/1427 | elapsed=4.7 min | eta=1.6 min
[2026-08-12 15:46:20] INFO Epoch 017 | train batch=1080/1427 | elapsed=4.8 min | eta=1.5 min
[2026-08-12 15:46:22] INFO Epoch 017 | train batch=1090/1427 | elapsed=4.8 min | eta=1.5 min
[2026-08-12 15:46:25] INFO Epoch 017 | train batch=1100/1427 | elapsed=4.9 min | eta=1.4 min
[2026-08-12 15:46:28] INFO Epoch 017 | train batch=1110/1427 | elapsed=4.9 min | eta=1.4 min
[2026-08-12 15:46:30] INFO Epoch 017 | train batch=1120/1427 | elapsed=5.0 min | eta=1.4 min
[2026-08-12 15:46:33] INFO Epoch 017 | train batch=1130/1427 | elapsed=5.0 min | eta=1.3 min
[2026-08-12 15:46:35] INFO Epoch 017 | train batch=1140/1427 | elapsed=5.0 min | eta=1.3 min
[2026-08-12 15:46:38] INFO Epoch 017 | train batch=1150/1427 | elapsed=5.1 min | eta=1.2 min
[2026-08-12 15:46:41] INFO Epoch 017 | train batch=1160/1427 | elapsed=5.1 min | eta=1.2 min
[2026-08-12 15:46:43] INFO Epoch 017 | train batch=1170/1427 | elapsed=5.2 min | eta=1.1 min
[2026-08-12 15:46:46] INFO Epoch 017 | train batch=1180/1427 | elapsed=5.2 min | eta=1.1 min
[2026-08-12 15:46:48] INFO Epoch 017 | train batch=1190/1427 | elapsed=5.3 min | eta=1.0 min
[2026-08-12 15:46:51] INFO Epoch 017 | train batch=1200/1427 | elapsed=5.3 min | eta=1.0 min
[2026-08-12 15:46:54] INFO Epoch 017 | train batch=1210/1427 | elapsed=5.4 min | eta=1.0 min
[2026-08-12 15:46:56] INFO Epoch 017 | train batch=1220/1427 | elapsed=5.4 min | eta=0.9 min
[2026-08-12 15:46:59] INFO Epoch 017 | train batch=1230/1427 | elapsed=5.4 min | eta=0.9 min
[2026-08-12 15:47:02] INFO Epoch 017 | train batch=1240/1427 | elapsed=5.5 min | eta=0.8 min
[2026-08-12 15:47:04] INFO Epoch 017 | train batch=1250/1427 | elapsed=5.5 min | eta=0.8 min
[2026-08-12 15:47:07] INFO Epoch 017 | train batch=1260/1427 | elapsed=5.6 min | eta=0.7 min
[2026-08-12 15:47:09] INFO Epoch 017 | train batch=1270/1427 | elapsed=5.6 min | eta=0.7 min
[2026-08-12 15:47:12] INFO Epoch 017 | train batch=1280/1427 | elapsed=5.7 min | eta=0.6 min
[2026-08-12 15:47:14] INFO Epoch 017 | train batch=1290/1427 | elapsed=5.7 min | eta=0.6 min
[2026-08-12 15:47:17] INFO Epoch 017 | train batch=1300/1427 | elapsed=5.7 min | eta=0.6 min
[2026-08-12 15:47:20] INFO Epoch 017 | train batch=1310/1427 | elapsed=5.8 min | eta=0.5 min
[2026-08-12 15:47:22] INFO Epoch 017 | train batch=1320/1427 | elapsed=5.8 min | eta=0.5 min
[2026-08-12 15:47:24] INFO Epoch 017 | train batch=1330/1427 | elapsed=5.9 min | eta=0.4 min
[2026-08-12 15:47:27] INFO Epoch 017 | train batch=1340/1427 | elapsed=5.9 min | eta=0.4 min
[2026-08-12 15:47:30] INFO Epoch 017 | train batch=1350/1427 | elapsed=6.0 min | eta=0.3 min
[2026-08-12 15:47:33] INFO Epoch 017 | train batch=1360/1427 | elapsed=6.0 min | eta=0.3 min
[2026-08-12 15:47:35] INFO Epoch 017 | train batch=1370/1427 | elapsed=6.0 min | eta=0.3 min
[2026-08-12 15:47:39] INFO Epoch 017 | train batch=1380/1427 | elapsed=6.1 min | eta=0.2 min
[2026-08-12 15:47:41] INFO Epoch 017 | train batch=1390/1427 | elapsed=6.1 min | eta=0.2 min
[2026-08-12 15:47:44] INFO Epoch 017 | train batch=1400/1427 | elapsed=6.2 min | eta=0.1 min
[2026-08-12 15:47:46] INFO Epoch 017 | train batch=1410/1427 | elapsed=6.2 min | eta=0.1 min
[2026-08-12 15:47:49] INFO Epoch 017 | train batch=1420/1427 | elapsed=6.3 min | eta=0.0 min
[2026-08-12 15:47:51] INFO Epoch 017 | train batch=1427/1427 | elapsed=6.3 min | eta=0.0 min
[2026-08-12 15:47:51] INFO Epoch 017 | val batch=1/203 | elapsed=0.0 min | eta=0.3 min
[2026-08-12 15:47:52] INFO Epoch 017 | val batch=10/203 | elapsed=0.0 min | eta=0.4 min
[2026-08-12 15:47:54] INFO Epoch 017 | val batch=20/203 | elapsed=0.0 min | eta=0.4 min
[2026-08-12 15:47:55] INFO Epoch 017 | val batch=30/203 | elapsed=0.1 min | eta=0.4 min
[2026-08-12 15:47:56] INFO Epoch 017 | val batch=40/203 | elapsed=0.1 min | eta=0.4 min
[2026-08-12 15:47:57] INFO Epoch 017 | val batch=50/203 | elapsed=0.1 min | eta=0.3 min
[2026-08-12 15:47:59] INFO Epoch 017 | val batch=60/203 | elapsed=0.1 min | eta=0.3 min
[2026-08-12 15:48:00] INFO Epoch 017 | val batch=70/203 | elapsed=0.2 min | eta=0.3 min
[2026-08-12 15:48:01] INFO Epoch 017 | val batch=80/203 | elapsed=0.2 min | eta=0.3 min
[2026-08-12 15:48:03] INFO Epoch 017 | val batch=90/203 | elapsed=0.2 min | eta=0.2 min
[2026-08-12 15:48:04] INFO Epoch 017 | val batch=100/203 | elapsed=0.2 min | eta=0.2 min
[2026-08-12 15:48:05] INFO Epoch 017 | val batch=110/203 | elapsed=0.2 min | eta=0.2 min
[2026-08-12 15:48:06] INFO Epoch 017 | val batch=120/203 | elapsed=0.3 min | eta=0.2 min
[2026-08-12 15:48:08] INFO Epoch 017 | val batch=130/203 | elapsed=0.3 min | eta=0.2 min
[2026-08-12 15:48:09] INFO Epoch 017 | val batch=140/203 | elapsed=0.3 min | eta=0.1 min
[2026-08-12 15:48:10] INFO Epoch 017 | val batch=150/203 | elapsed=0.3 min | eta=0.1 min
[2026-08-12 15:48:12] INFO Epoch 017 | val batch=160/203 | elapsed=0.3 min | eta=0.1 min
[2026-08-12 15:48:13] INFO Epoch 017 | val batch=170/203 | elapsed=0.4 min | eta=0.1 min
[2026-08-12 15:48:14] INFO Epoch 017 | val batch=180/203 | elapsed=0.4 min | eta=0.0 min
[2026-08-12 15:48:16] INFO Epoch 017 | val batch=190/203 | elapsed=0.4 min | eta=0.0 min
[2026-08-12 15:48:17] INFO Epoch 017 | val batch=200/203 | elapsed=0.4 min | eta=0.0 min
[2026-08-12 15:48:17] INFO Epoch 017 | val batch=203/203 | elapsed=0.4 min | eta=0.0 min
[2026-08-12 15:48:17] INFO Epoch 017 | train_total=0.995051 | val_total=1.134256 | val_mask=0.896467 | val_retrieval=2.377892 | val_profile=0.000000 | val_anchors=660915 | val_positive_pairs=0 | val_hard_negatives=0 | val_relation_candidates=9654476 | val_teacher_keff=4.444 | val_student_keff=9.346 | val_masked_positions=1960083 | skipped(train/val)=0/0
[2026-08-12 15:48:17] INFO Epoch 018/050 started | train_batches=1427 | val_batches=203
[2026-08-12 15:48:17] INFO Epoch 018 | train batch=1/1427 | elapsed=0.0 min | eta=7.6 min
[2026-08-12 15:48:20] INFO Epoch 018 | train batch=10/1427 | elapsed=0.0 min | eta=6.8 min
[2026-08-12 15:48:23] INFO Epoch 018 | train batch=20/1427 | elapsed=0.1 min | eta=6.4 min
[2026-08-12 15:48:25] INFO Epoch 018 | train batch=30/1427 | elapsed=0.1 min | eta=6.3 min
[2026-08-12 15:48:28] INFO Epoch 018 | train batch=40/1427 | elapsed=0.2 min | eta=6.2 min
[2026-08-12 15:48:30] INFO Epoch 018 | train batch=50/1427 | elapsed=0.2 min | eta=6.1 min
[2026-08-12 15:48:33] INFO Epoch 018 | train batch=60/1427 | elapsed=0.3 min | eta=6.0 min
[2026-08-12 15:48:36] INFO Epoch 018 | train batch=70/1427 | elapsed=0.3 min | eta=6.1 min
[2026-08-12 15:48:39] INFO Epoch 018 | train batch=80/1427 | elapsed=0.4 min | eta=6.0 min
[2026-08-12 15:48:41] INFO Epoch 018 | train batch=90/1427 | elapsed=0.4 min | eta=5.9 min
[2026-08-12 15:48:44] INFO Epoch 018 | train batch=100/1427 | elapsed=0.5 min | eta=6.0 min
[2026-08-12 15:48:47] INFO Epoch 018 | train batch=110/1427 | elapsed=0.5 min | eta=5.9 min
[2026-08-12 15:48:50] INFO Epoch 018 | train batch=120/1427 | elapsed=0.5 min | eta=5.9 min
[2026-08-12 15:48:52] INFO Epoch 018 | train batch=130/1427 | elapsed=0.6 min | eta=5.8 min
[2026-08-12 15:48:54] INFO Epoch 018 | train batch=140/1427 | elapsed=0.6 min | eta=5.7 min
[2026-08-12 15:48:57] INFO Epoch 018 | train batch=150/1427 | elapsed=0.7 min | eta=5.7 min
[2026-08-12 15:49:00] INFO Epoch 018 | train batch=160/1427 | elapsed=0.7 min | eta=5.7 min
[2026-08-12 15:49:03] INFO Epoch 018 | train batch=170/1427 | elapsed=0.8 min | eta=5.6 min
[2026-08-12 15:49:05] INFO Epoch 018 | train batch=180/1427 | elapsed=0.8 min | eta=5.6 min
[2026-08-12 15:49:08] INFO Epoch 018 | train batch=190/1427 | elapsed=0.9 min | eta=5.5 min
[2026-08-12 15:49:11] INFO Epoch 018 | train batch=200/1427 | elapsed=0.9 min | eta=5.5 min
[2026-08-12 15:49:14] INFO Epoch 018 | train batch=210/1427 | elapsed=1.0 min | eta=5.5 min
[2026-08-12 15:49:17] INFO Epoch 018 | train batch=220/1427 | elapsed=1.0 min | eta=5.5 min
[2026-08-12 15:49:19] INFO Epoch 018 | train batch=230/1427 | elapsed=1.0 min | eta=5.4 min
[2026-08-12 15:49:22] INFO Epoch 018 | train batch=240/1427 | elapsed=1.1 min | eta=5.3 min
[2026-08-12 15:49:25] INFO Epoch 018 | train batch=250/1427 | elapsed=1.1 min | eta=5.3 min
[2026-08-12 15:49:27] INFO Epoch 018 | train batch=260/1427 | elapsed=1.2 min | eta=5.2 min
[2026-08-12 15:49:30] INFO Epoch 018 | train batch=270/1427 | elapsed=1.2 min | eta=5.2 min
[2026-08-12 15:49:32] INFO Epoch 018 | train batch=280/1427 | elapsed=1.3 min | eta=5.1 min
[2026-08-12 15:49:35] INFO Epoch 018 | train batch=290/1427 | elapsed=1.3 min | eta=5.1 min
[2026-08-12 15:49:37] INFO Epoch 018 | train batch=300/1427 | elapsed=1.3 min | eta=5.0 min
[2026-08-12 15:49:40] INFO Epoch 018 | train batch=310/1427 | elapsed=1.4 min | eta=5.0 min
[2026-08-12 15:49:43] INFO Epoch 018 | train batch=320/1427 | elapsed=1.4 min | eta=4.9 min
[2026-08-12 15:49:45] INFO Epoch 018 | train batch=330/1427 | elapsed=1.5 min | eta=4.9 min
[2026-08-12 15:49:48] INFO Epoch 018 | train batch=340/1427 | elapsed=1.5 min | eta=4.8 min
[2026-08-12 15:49:50] INFO Epoch 018 | train batch=350/1427 | elapsed=1.6 min | eta=4.8 min
[2026-08-12 15:49:53] INFO Epoch 018 | train batch=360/1427 | elapsed=1.6 min | eta=4.7 min
[2026-08-12 15:49:55] INFO Epoch 018 | train batch=370/1427 | elapsed=1.6 min | eta=4.7 min
[2026-08-12 15:49:58] INFO Epoch 018 | train batch=380/1427 | elapsed=1.7 min | eta=4.6 min
[2026-08-12 15:50:01] INFO Epoch 018 | train batch=390/1427 | elapsed=1.7 min | eta=4.6 min
[2026-08-12 15:50:04] INFO Epoch 018 | train batch=400/1427 | elapsed=1.8 min | eta=4.6 min
[2026-08-12 15:50:07] INFO Epoch 018 | train batch=410/1427 | elapsed=1.8 min | eta=4.5 min
[2026-08-12 15:50:10] INFO Epoch 018 | train batch=420/1427 | elapsed=1.9 min | eta=4.5 min
[2026-08-12 15:50:13] INFO Epoch 018 | train batch=430/1427 | elapsed=1.9 min | eta=4.5 min
[2026-08-12 15:50:15] INFO Epoch 018 | train batch=440/1427 | elapsed=2.0 min | eta=4.4 min
[2026-08-12 15:50:18] INFO Epoch 018 | train batch=450/1427 | elapsed=2.0 min | eta=4.4 min
[2026-08-12 15:50:21] INFO Epoch 018 | train batch=460/1427 | elapsed=2.1 min | eta=4.3 min
[2026-08-12 15:50:23] INFO Epoch 018 | train batch=470/1427 | elapsed=2.1 min | eta=4.3 min
[2026-08-12 15:50:27] INFO Epoch 018 | train batch=480/1427 | elapsed=2.2 min | eta=4.3 min
[2026-08-12 15:50:29] INFO Epoch 018 | train batch=490/1427 | elapsed=2.2 min | eta=4.2 min
[2026-08-12 15:50:32] INFO Epoch 018 | train batch=500/1427 | elapsed=2.3 min | eta=4.2 min
[2026-08-12 15:50:35] INFO Epoch 018 | train batch=510/1427 | elapsed=2.3 min | eta=4.1 min
[2026-08-12 15:50:38] INFO Epoch 018 | train batch=520/1427 | elapsed=2.3 min | eta=4.1 min
[2026-08-12 15:50:40] INFO Epoch 018 | train batch=530/1427 | elapsed=2.4 min | eta=4.0 min
[2026-08-12 15:50:43] INFO Epoch 018 | train batch=540/1427 | elapsed=2.4 min | eta=4.0 min
[2026-08-12 15:50:46] INFO Epoch 018 | train batch=550/1427 | elapsed=2.5 min | eta=3.9 min
[2026-08-12 15:50:48] INFO Epoch 018 | train batch=560/1427 | elapsed=2.5 min | eta=3.9 min
[2026-08-12 15:50:51] INFO Epoch 018 | train batch=570/1427 | elapsed=2.6 min | eta=3.9 min
[2026-08-12 15:50:54] INFO Epoch 018 | train batch=580/1427 | elapsed=2.6 min | eta=3.8 min
[2026-08-12 15:50:57] INFO Epoch 018 | train batch=590/1427 | elapsed=2.7 min | eta=3.8 min
[2026-08-12 15:50:59] INFO Epoch 018 | train batch=600/1427 | elapsed=2.7 min | eta=3.7 min
[2026-08-12 15:51:02] INFO Epoch 018 | train batch=610/1427 | elapsed=2.7 min | eta=3.7 min
[2026-08-12 15:51:04] INFO Epoch 018 | train batch=620/1427 | elapsed=2.8 min | eta=3.6 min
[2026-08-12 15:51:07] INFO Epoch 018 | train batch=630/1427 | elapsed=2.8 min | eta=3.6 min
[2026-08-12 15:51:09] INFO Epoch 018 | train batch=640/1427 | elapsed=2.9 min | eta=3.5 min
[2026-08-12 15:51:12] INFO Epoch 018 | train batch=650/1427 | elapsed=2.9 min | eta=3.5 min
[2026-08-12 15:51:15] INFO Epoch 018 | train batch=660/1427 | elapsed=3.0 min | eta=3.4 min
[2026-08-12 15:51:17] INFO Epoch 018 | train batch=670/1427 | elapsed=3.0 min | eta=3.4 min
[2026-08-12 15:51:20] INFO Epoch 018 | train batch=680/1427 | elapsed=3.0 min | eta=3.3 min
[2026-08-12 15:51:23] INFO Epoch 018 | train batch=690/1427 | elapsed=3.1 min | eta=3.3 min
[2026-08-12 15:51:25] INFO Epoch 018 | train batch=700/1427 | elapsed=3.1 min | eta=3.3 min
[2026-08-12 15:51:28] INFO Epoch 018 | train batch=710/1427 | elapsed=3.2 min | eta=3.2 min
[2026-08-12 15:51:31] INFO Epoch 018 | train batch=720/1427 | elapsed=3.2 min | eta=3.2 min
[2026-08-12 15:51:33] INFO Epoch 018 | train batch=730/1427 | elapsed=3.3 min | eta=3.1 min
[2026-08-12 15:51:36] INFO Epoch 018 | train batch=740/1427 | elapsed=3.3 min | eta=3.1 min
[2026-08-12 15:51:39] INFO Epoch 018 | train batch=750/1427 | elapsed=3.4 min | eta=3.0 min
[2026-08-12 15:51:41] INFO Epoch 018 | train batch=760/1427 | elapsed=3.4 min | eta=3.0 min
[2026-08-12 15:51:44] INFO Epoch 018 | train batch=770/1427 | elapsed=3.4 min | eta=2.9 min
[2026-08-12 15:51:46] INFO Epoch 018 | train batch=780/1427 | elapsed=3.5 min | eta=2.9 min
[2026-08-12 15:51:49] INFO Epoch 018 | train batch=790/1427 | elapsed=3.5 min | eta=2.8 min
[2026-08-12 15:51:52] INFO Epoch 018 | train batch=800/1427 | elapsed=3.6 min | eta=2.8 min
[2026-08-12 15:51:55] INFO Epoch 018 | train batch=810/1427 | elapsed=3.6 min | eta=2.8 min
[2026-08-12 15:51:57] INFO Epoch 018 | train batch=820/1427 | elapsed=3.7 min | eta=2.7 min
[2026-08-12 15:51:59] INFO Epoch 018 | train batch=830/1427 | elapsed=3.7 min | eta=2.7 min
[2026-08-12 15:52:02] INFO Epoch 018 | train batch=840/1427 | elapsed=3.7 min | eta=2.6 min
[2026-08-12 15:52:05] INFO Epoch 018 | train batch=850/1427 | elapsed=3.8 min | eta=2.6 min
[2026-08-12 15:52:07] INFO Epoch 018 | train batch=860/1427 | elapsed=3.8 min | eta=2.5 min
[2026-08-12 15:52:10] INFO Epoch 018 | train batch=870/1427 | elapsed=3.9 min | eta=2.5 min
[2026-08-12 15:52:13] INFO Epoch 018 | train batch=880/1427 | elapsed=3.9 min | eta=2.4 min
[2026-08-12 15:52:16] INFO Epoch 018 | train batch=890/1427 | elapsed=4.0 min | eta=2.4 min
[2026-08-12 15:52:18] INFO Epoch 018 | train batch=900/1427 | elapsed=4.0 min | eta=2.4 min
[2026-08-12 15:52:21] INFO Epoch 018 | train batch=910/1427 | elapsed=4.1 min | eta=2.3 min
[2026-08-12 15:52:23] INFO Epoch 018 | train batch=920/1427 | elapsed=4.1 min | eta=2.3 min
[2026-08-12 15:52:26] INFO Epoch 018 | train batch=930/1427 | elapsed=4.1 min | eta=2.2 min
[2026-08-12 15:52:28] INFO Epoch 018 | train batch=940/1427 | elapsed=4.2 min | eta=2.2 min
[2026-08-12 15:52:31] INFO Epoch 018 | train batch=950/1427 | elapsed=4.2 min | eta=2.1 min
[2026-08-12 15:52:34] INFO Epoch 018 | train batch=960/1427 | elapsed=4.3 min | eta=2.1 min
[2026-08-12 15:52:36] INFO Epoch 018 | train batch=970/1427 | elapsed=4.3 min | eta=2.0 min
[2026-08-12 15:52:39] INFO Epoch 018 | train batch=980/1427 | elapsed=4.4 min | eta=2.0 min
[2026-08-12 15:52:42] INFO Epoch 018 | train batch=990/1427 | elapsed=4.4 min | eta=1.9 min
[2026-08-12 15:52:45] INFO Epoch 018 | train batch=1000/1427 | elapsed=4.5 min | eta=1.9 min
[2026-08-12 15:52:47] INFO Epoch 018 | train batch=1010/1427 | elapsed=4.5 min | eta=1.9 min
[2026-08-12 15:52:49] INFO Epoch 018 | train batch=1020/1427 | elapsed=4.5 min | eta=1.8 min
[2026-08-12 15:52:52] INFO Epoch 018 | train batch=1030/1427 | elapsed=4.6 min | eta=1.8 min
[2026-08-12 15:52:55] INFO Epoch 018 | train batch=1040/1427 | elapsed=4.6 min | eta=1.7 min
[2026-08-12 15:52:57] INFO Epoch 018 | train batch=1050/1427 | elapsed=4.7 min | eta=1.7 min
[2026-08-12 15:53:00] INFO Epoch 018 | train batch=1060/1427 | elapsed=4.7 min | eta=1.6 min
[2026-08-12 15:53:02] INFO Epoch 018 | train batch=1070/1427 | elapsed=4.8 min | eta=1.6 min
[2026-08-12 15:53:05] INFO Epoch 018 | train batch=1080/1427 | elapsed=4.8 min | eta=1.5 min
[2026-08-12 15:53:08] INFO Epoch 018 | train batch=1090/1427 | elapsed=4.8 min | eta=1.5 min
[2026-08-12 15:53:10] INFO Epoch 018 | train batch=1100/1427 | elapsed=4.9 min | eta=1.5 min
[2026-08-12 15:53:13] INFO Epoch 018 | train batch=1110/1427 | elapsed=4.9 min | eta=1.4 min
[2026-08-12 15:53:15] INFO Epoch 018 | train batch=1120/1427 | elapsed=5.0 min | eta=1.4 min
[2026-08-12 15:53:18] INFO Epoch 018 | train batch=1130/1427 | elapsed=5.0 min | eta=1.3 min
[2026-08-12 15:53:21] INFO Epoch 018 | train batch=1140/1427 | elapsed=5.1 min | eta=1.3 min
[2026-08-12 15:53:23] INFO Epoch 018 | train batch=1150/1427 | elapsed=5.1 min | eta=1.2 min
[2026-08-12 15:53:26] INFO Epoch 018 | train batch=1160/1427 | elapsed=5.2 min | eta=1.2 min
[2026-08-12 15:53:29] INFO Epoch 018 | train batch=1170/1427 | elapsed=5.2 min | eta=1.1 min
[2026-08-12 15:53:32] INFO Epoch 018 | train batch=1180/1427 | elapsed=5.2 min | eta=1.1 min
[2026-08-12 15:53:34] INFO Epoch 018 | train batch=1190/1427 | elapsed=5.3 min | eta=1.1 min
[2026-08-12 15:53:37] INFO Epoch 018 | train batch=1200/1427 | elapsed=5.3 min | eta=1.0 min
[2026-08-12 15:53:40] INFO Epoch 018 | train batch=1210/1427 | elapsed=5.4 min | eta=1.0 min
[2026-08-12 15:53:42] INFO Epoch 018 | train batch=1220/1427 | elapsed=5.4 min | eta=0.9 min
[2026-08-12 15:53:45] INFO Epoch 018 | train batch=1230/1427 | elapsed=5.5 min | eta=0.9 min
[2026-08-12 15:53:48] INFO Epoch 018 | train batch=1240/1427 | elapsed=5.5 min | eta=0.8 min
[2026-08-12 15:53:51] INFO Epoch 018 | train batch=1250/1427 | elapsed=5.6 min | eta=0.8 min
[2026-08-12 15:53:53] INFO Epoch 018 | train batch=1260/1427 | elapsed=5.6 min | eta=0.7 min
[2026-08-12 15:53:56] INFO Epoch 018 | train batch=1270/1427 | elapsed=5.6 min | eta=0.7 min
[2026-08-12 15:53:59] INFO Epoch 018 | train batch=1280/1427 | elapsed=5.7 min | eta=0.7 min
[2026-08-12 15:54:02] INFO Epoch 018 | train batch=1290/1427 | elapsed=5.7 min | eta=0.6 min
[2026-08-12 15:54:05] INFO Epoch 018 | train batch=1300/1427 | elapsed=5.8 min | eta=0.6 min
[2026-08-12 15:54:07] INFO Epoch 018 | train batch=1310/1427 | elapsed=5.8 min | eta=0.5 min
[2026-08-12 15:54:10] INFO Epoch 018 | train batch=1320/1427 | elapsed=5.9 min | eta=0.5 min
[2026-08-12 15:54:13] INFO Epoch 018 | train batch=1330/1427 | elapsed=5.9 min | eta=0.4 min
[2026-08-12 15:54:15] INFO Epoch 018 | train batch=1340/1427 | elapsed=6.0 min | eta=0.4 min
[2026-08-12 15:54:18] INFO Epoch 018 | train batch=1350/1427 | elapsed=6.0 min | eta=0.3 min
[2026-08-12 15:54:21] INFO Epoch 018 | train batch=1360/1427 | elapsed=6.1 min | eta=0.3 min
[2026-08-12 15:54:24] INFO Epoch 018 | train batch=1370/1427 | elapsed=6.1 min | eta=0.3 min
[2026-08-12 15:54:26] INFO Epoch 018 | train batch=1380/1427 | elapsed=6.1 min | eta=0.2 min
[2026-08-12 15:54:29] INFO Epoch 018 | train batch=1390/1427 | elapsed=6.2 min | eta=0.2 min
[2026-08-12 15:54:32] INFO Epoch 018 | train batch=1400/1427 | elapsed=6.2 min | eta=0.1 min
[2026-08-12 15:54:34] INFO Epoch 018 | train batch=1410/1427 | elapsed=6.3 min | eta=0.1 min
[2026-08-12 15:54:37] INFO Epoch 018 | train batch=1420/1427 | elapsed=6.3 min | eta=0.0 min
[2026-08-12 15:54:39] INFO Epoch 018 | train batch=1427/1427 | elapsed=6.4 min | eta=0.0 min
[2026-08-12 15:54:39] INFO Epoch 018 | val batch=1/203 | elapsed=0.0 min | eta=0.3 min
[2026-08-12 15:54:40] INFO Epoch 018 | val batch=10/203 | elapsed=0.0 min | eta=0.4 min
[2026-08-12 15:54:41] INFO Epoch 018 | val batch=20/203 | elapsed=0.0 min | eta=0.4 min
[2026-08-12 15:54:43] INFO Epoch 018 | val batch=30/203 | elapsed=0.1 min | eta=0.4 min
[2026-08-12 15:54:44] INFO Epoch 018 | val batch=40/203 | elapsed=0.1 min | eta=0.4 min
[2026-08-12 15:54:45] INFO Epoch 018 | val batch=50/203 | elapsed=0.1 min | eta=0.3 min
[2026-08-12 15:54:46] INFO Epoch 018 | val batch=60/203 | elapsed=0.1 min | eta=0.3 min
[2026-08-12 15:54:48] INFO Epoch 018 | val batch=70/203 | elapsed=0.2 min | eta=0.3 min
[2026-08-12 15:54:49] INFO Epoch 018 | val batch=80/203 | elapsed=0.2 min | eta=0.3 min
[2026-08-12 15:54:50] INFO Epoch 018 | val batch=90/203 | elapsed=0.2 min | eta=0.2 min
[2026-08-12 15:54:52] INFO Epoch 018 | val batch=100/203 | elapsed=0.2 min | eta=0.2 min
[2026-08-12 15:54:53] INFO Epoch 018 | val batch=110/203 | elapsed=0.2 min | eta=0.2 min
[2026-08-12 15:54:54] INFO Epoch 018 | val batch=120/203 | elapsed=0.3 min | eta=0.2 min
[2026-08-12 15:54:56] INFO Epoch 018 | val batch=130/203 | elapsed=0.3 min | eta=0.2 min
[2026-08-12 15:54:57] INFO Epoch 018 | val batch=140/203 | elapsed=0.3 min | eta=0.1 min
[2026-08-12 15:54:58] INFO Epoch 018 | val batch=150/203 | elapsed=0.3 min | eta=0.1 min
[2026-08-12 15:54:59] INFO Epoch 018 | val batch=160/203 | elapsed=0.3 min | eta=0.1 min
[2026-08-12 15:55:01] INFO Epoch 018 | val batch=170/203 | elapsed=0.4 min | eta=0.1 min
[2026-08-12 15:55:02] INFO Epoch 018 | val batch=180/203 | elapsed=0.4 min | eta=0.0 min
[2026-08-12 15:55:03] INFO Epoch 018 | val batch=190/203 | elapsed=0.4 min | eta=0.0 min
[2026-08-12 15:55:05] INFO Epoch 018 | val batch=200/203 | elapsed=0.4 min | eta=0.0 min
[2026-08-12 15:55:05] INFO Epoch 018 | val batch=203/203 | elapsed=0.4 min | eta=0.0 min
[2026-08-12 15:55:05] INFO Epoch 018 | train_total=1.043977 | val_total=0.869521 | val_mask=0.632079 | val_retrieval=2.374417 | val_profile=0.000000 | val_anchors=660915 | val_positive_pairs=0 | val_hard_negatives=0 | val_relation_candidates=9654476 | val_teacher_keff=4.444 | val_student_keff=9.546 | val_masked_positions=1960130 | skipped(train/val)=0/0
[2026-08-12 15:55:05] INFO Epoch 019/050 started | train_batches=1427 | val_batches=203
[2026-08-12 15:55:05] INFO Epoch 019 | train batch=1/1427 | elapsed=0.0 min | eta=7.6 min
[2026-08-12 15:55:08] INFO Epoch 019 | train batch=10/1427 | elapsed=0.0 min | eta=6.5 min
[2026-08-12 15:55:11] INFO Epoch 019 | train batch=20/1427 | elapsed=0.1 min | eta=6.6 min
[2026-08-12 15:55:13] INFO Epoch 019 | train batch=30/1427 | elapsed=0.1 min | eta=6.4 min
[2026-08-12 15:55:16] INFO Epoch 019 | train batch=40/1427 | elapsed=0.2 min | eta=6.4 min
[2026-08-12 15:55:19] INFO Epoch 019 | train batch=50/1427 | elapsed=0.2 min | eta=6.5 min
[2026-08-12 15:55:22] INFO Epoch 019 | train batch=60/1427 | elapsed=0.3 min | eta=6.4 min
[2026-08-12 15:55:24] INFO Epoch 019 | train batch=70/1427 | elapsed=0.3 min | eta=6.2 min
[2026-08-12 15:55:27] INFO Epoch 019 | train batch=80/1427 | elapsed=0.4 min | eta=6.1 min
[2026-08-12 15:55:30] INFO Epoch 019 | train batch=90/1427 | elapsed=0.4 min | eta=6.1 min
[2026-08-12 15:55:32] INFO Epoch 019 | train batch=100/1427 | elapsed=0.5 min | eta=6.1 min
[2026-08-12 15:55:35] INFO Epoch 019 | train batch=110/1427 | elapsed=0.5 min | eta=6.1 min
[2026-08-12 15:55:38] INFO Epoch 019 | train batch=120/1427 | elapsed=0.5 min | eta=6.0 min
[2026-08-12 15:55:40] INFO Epoch 019 | train batch=130/1427 | elapsed=0.6 min | eta=5.9 min
[2026-08-12 15:55:43] INFO Epoch 019 | train batch=140/1427 | elapsed=0.6 min | eta=5.8 min
[2026-08-12 15:55:46] INFO Epoch 019 | train batch=150/1427 | elapsed=0.7 min | eta=5.8 min
[2026-08-12 15:55:48] INFO Epoch 019 | train batch=160/1427 | elapsed=0.7 min | eta=5.7 min
[2026-08-12 15:55:51] INFO Epoch 019 | train batch=170/1427 | elapsed=0.8 min | eta=5.7 min
[2026-08-12 15:55:53] INFO Epoch 019 | train batch=180/1427 | elapsed=0.8 min | eta=5.6 min
[2026-08-12 15:55:56] INFO Epoch 019 | train batch=190/1427 | elapsed=0.8 min | eta=5.5 min
[2026-08-12 15:55:59] INFO Epoch 019 | train batch=200/1427 | elapsed=0.9 min | eta=5.5 min
[2026-08-12 15:56:01] INFO Epoch 019 | train batch=210/1427 | elapsed=0.9 min | eta=5.5 min
[2026-08-12 15:56:04] INFO Epoch 019 | train batch=220/1427 | elapsed=1.0 min | eta=5.4 min
[2026-08-12 15:56:07] INFO Epoch 019 | train batch=230/1427 | elapsed=1.0 min | eta=5.4 min
[2026-08-12 15:56:10] INFO Epoch 019 | train batch=240/1427 | elapsed=1.1 min | eta=5.3 min
[2026-08-12 15:56:12] INFO Epoch 019 | train batch=250/1427 | elapsed=1.1 min | eta=5.3 min
[2026-08-12 15:56:15] INFO Epoch 019 | train batch=260/1427 | elapsed=1.2 min | eta=5.2 min
[2026-08-12 15:56:17] INFO Epoch 019 | train batch=270/1427 | elapsed=1.2 min | eta=5.1 min
[2026-08-12 15:56:20] INFO Epoch 019 | train batch=280/1427 | elapsed=1.2 min | eta=5.1 min
[2026-08-12 15:56:22] INFO Epoch 019 | train batch=290/1427 | elapsed=1.3 min | eta=5.0 min
[2026-08-12 15:56:25] INFO Epoch 019 | train batch=300/1427 | elapsed=1.3 min | eta=5.0 min
[2026-08-12 15:56:28] INFO Epoch 019 | train batch=310/1427 | elapsed=1.4 min | eta=5.0 min
[2026-08-12 15:56:30] INFO Epoch 019 | train batch=320/1427 | elapsed=1.4 min | eta=4.9 min
[2026-08-12 15:56:33] INFO Epoch 019 | train batch=330/1427 | elapsed=1.5 min | eta=4.9 min
[2026-08-12 15:56:36] INFO Epoch 019 | train batch=340/1427 | elapsed=1.5 min | eta=4.8 min
[2026-08-12 15:56:38] INFO Epoch 019 | train batch=350/1427 | elapsed=1.6 min | eta=4.8 min
[2026-08-12 15:56:41] INFO Epoch 019 | train batch=360/1427 | elapsed=1.6 min | eta=4.7 min
[2026-08-12 15:56:44] INFO Epoch 019 | train batch=370/1427 | elapsed=1.6 min | eta=4.7 min
[2026-08-12 15:56:47] INFO Epoch 019 | train batch=380/1427 | elapsed=1.7 min | eta=4.7 min
[2026-08-12 15:56:49] INFO Epoch 019 | train batch=390/1427 | elapsed=1.7 min | eta=4.6 min
[2026-08-12 15:56:52] INFO Epoch 019 | train batch=400/1427 | elapsed=1.8 min | eta=4.6 min
[2026-08-12 15:56:55] INFO Epoch 019 | train batch=410/1427 | elapsed=1.8 min | eta=4.5 min
[2026-08-12 15:56:57] INFO Epoch 019 | train batch=420/1427 | elapsed=1.9 min | eta=4.5 min
[2026-08-12 15:57:00] INFO Epoch 019 | train batch=430/1427 | elapsed=1.9 min | eta=4.5 min
[2026-08-12 15:57:03] INFO Epoch 019 | train batch=440/1427 | elapsed=2.0 min | eta=4.4 min
[2026-08-12 15:57:06] INFO Epoch 019 | train batch=450/1427 | elapsed=2.0 min | eta=4.4 min
[2026-08-12 15:57:08] INFO Epoch 019 | train batch=460/1427 | elapsed=2.1 min | eta=4.3 min
[2026-08-12 15:57:11] INFO Epoch 019 | train batch=470/1427 | elapsed=2.1 min | eta=4.3 min
[2026-08-12 15:57:14] INFO Epoch 019 | train batch=480/1427 | elapsed=2.1 min | eta=4.2 min
[2026-08-12 15:57:16] INFO Epoch 019 | train batch=490/1427 | elapsed=2.2 min | eta=4.2 min
[2026-08-12 15:57:19] INFO Epoch 019 | train batch=500/1427 | elapsed=2.2 min | eta=4.1 min
[2026-08-12 15:57:21] INFO Epoch 019 | train batch=510/1427 | elapsed=2.3 min | eta=4.1 min
[2026-08-12 15:57:24] INFO Epoch 019 | train batch=520/1427 | elapsed=2.3 min | eta=4.0 min
[2026-08-12 15:57:27] INFO Epoch 019 | train batch=530/1427 | elapsed=2.4 min | eta=4.0 min
[2026-08-12 15:57:30] INFO Epoch 019 | train batch=540/1427 | elapsed=2.4 min | eta=4.0 min
[2026-08-12 15:57:33] INFO Epoch 019 | train batch=550/1427 | elapsed=2.5 min | eta=3.9 min
[2026-08-12 15:57:35] INFO Epoch 019 | train batch=560/1427 | elapsed=2.5 min | eta=3.9 min
[2026-08-12 15:57:38] INFO Epoch 019 | train batch=570/1427 | elapsed=2.5 min | eta=3.8 min
[2026-08-12 15:57:41] INFO Epoch 019 | train batch=580/1427 | elapsed=2.6 min | eta=3.8 min
[2026-08-12 15:57:43] INFO Epoch 019 | train batch=590/1427 | elapsed=2.6 min | eta=3.7 min
[2026-08-12 15:57:46] INFO Epoch 019 | train batch=600/1427 | elapsed=2.7 min | eta=3.7 min
[2026-08-12 15:57:48] INFO Epoch 019 | train batch=610/1427 | elapsed=2.7 min | eta=3.6 min
[2026-08-12 15:57:51] INFO Epoch 019 | train batch=620/1427 | elapsed=2.8 min | eta=3.6 min
[2026-08-12 15:57:54] INFO Epoch 019 | train batch=630/1427 | elapsed=2.8 min | eta=3.6 min
[2026-08-12 15:57:56] INFO Epoch 019 | train batch=640/1427 | elapsed=2.9 min | eta=3.5 min
[2026-08-12 15:57:59] INFO Epoch 019 | train batch=650/1427 | elapsed=2.9 min | eta=3.5 min
[2026-08-12 15:58:02] INFO Epoch 019 | train batch=660/1427 | elapsed=2.9 min | eta=3.4 min
[2026-08-12 15:58:05] INFO Epoch 019 | train batch=670/1427 | elapsed=3.0 min | eta=3.4 min
[2026-08-12 15:58:07] INFO Epoch 019 | train batch=680/1427 | elapsed=3.0 min | eta=3.3 min
[2026-08-12 15:58:10] INFO Epoch 019 | train batch=690/1427 | elapsed=3.1 min | eta=3.3 min
[2026-08-12 15:58:12] INFO Epoch 019 | train batch=700/1427 | elapsed=3.1 min | eta=3.2 min
[2026-08-12 15:58:15] INFO Epoch 019 | train batch=710/1427 | elapsed=3.2 min | eta=3.2 min
[2026-08-12 15:58:18] INFO Epoch 019 | train batch=720/1427 | elapsed=3.2 min | eta=3.2 min
[2026-08-12 15:58:21] INFO Epoch 019 | train batch=730/1427 | elapsed=3.3 min | eta=3.1 min
[2026-08-12 15:58:23] INFO Epoch 019 | train batch=740/1427 | elapsed=3.3 min | eta=3.1 min
[2026-08-12 15:58:26] INFO Epoch 019 | train batch=750/1427 | elapsed=3.3 min | eta=3.0 min
[2026-08-12 15:58:28] INFO Epoch 019 | train batch=760/1427 | elapsed=3.4 min | eta=3.0 min
[2026-08-12 15:58:31] INFO Epoch 019 | train batch=770/1427 | elapsed=3.4 min | eta=2.9 min
[2026-08-12 15:58:34] INFO Epoch 019 | train batch=780/1427 | elapsed=3.5 min | eta=2.9 min
[2026-08-12 15:58:36] INFO Epoch 019 | train batch=790/1427 | elapsed=3.5 min | eta=2.8 min
[2026-08-12 15:58:38] INFO Epoch 019 | train batch=800/1427 | elapsed=3.6 min | eta=2.8 min
[2026-08-12 15:58:41] INFO Epoch 019 | train batch=810/1427 | elapsed=3.6 min | eta=2.7 min
[2026-08-12 15:58:44] INFO Epoch 019 | train batch=820/1427 | elapsed=3.6 min | eta=2.7 min
[2026-08-12 15:58:46] INFO Epoch 019 | train batch=830/1427 | elapsed=3.7 min | eta=2.6 min
[2026-08-12 15:58:48] INFO Epoch 019 | train batch=840/1427 | elapsed=3.7 min | eta=2.6 min
[2026-08-12 15:58:51] INFO Epoch 019 | train batch=850/1427 | elapsed=3.8 min | eta=2.6 min
[2026-08-12 15:58:54] INFO Epoch 019 | train batch=860/1427 | elapsed=3.8 min | eta=2.5 min
[2026-08-12 15:58:56] INFO Epoch 019 | train batch=870/1427 | elapsed=3.9 min | eta=2.5 min
[2026-08-12 15:58:59] INFO Epoch 019 | train batch=880/1427 | elapsed=3.9 min | eta=2.4 min
[2026-08-12 15:59:02] INFO Epoch 019 | train batch=890/1427 | elapsed=3.9 min | eta=2.4 min
[2026-08-12 15:59:04] INFO Epoch 019 | train batch=900/1427 | elapsed=4.0 min | eta=2.3 min
[2026-08-12 15:59:07] INFO Epoch 019 | train batch=910/1427 | elapsed=4.0 min | eta=2.3 min
[2026-08-12 15:59:09] INFO Epoch 019 | train batch=920/1427 | elapsed=4.1 min | eta=2.2 min
[2026-08-12 15:59:11] INFO Epoch 019 | train batch=930/1427 | elapsed=4.1 min | eta=2.2 min
[2026-08-12 15:59:14] INFO Epoch 019 | train batch=940/1427 | elapsed=4.1 min | eta=2.1 min
[2026-08-12 15:59:16] INFO Epoch 019 | train batch=950/1427 | elapsed=4.2 min | eta=2.1 min
[2026-08-12 15:59:19] INFO Epoch 019 | train batch=960/1427 | elapsed=4.2 min | eta=2.1 min
[2026-08-12 15:59:21] INFO Epoch 019 | train batch=970/1427 | elapsed=4.3 min | eta=2.0 min
[2026-08-12 15:59:24] INFO Epoch 019 | train batch=980/1427 | elapsed=4.3 min | eta=2.0 min
[2026-08-12 15:59:26] INFO Epoch 019 | train batch=990/1427 | elapsed=4.4 min | eta=1.9 min
[2026-08-12 15:59:29] INFO Epoch 019 | train batch=1000/1427 | elapsed=4.4 min | eta=1.9 min
[2026-08-12 15:59:31] INFO Epoch 019 | train batch=1010/1427 | elapsed=4.4 min | eta=1.8 min
[2026-08-12 15:59:34] INFO Epoch 019 | train batch=1020/1427 | elapsed=4.5 min | eta=1.8 min
[2026-08-12 15:59:36] INFO Epoch 019 | train batch=1030/1427 | elapsed=4.5 min | eta=1.7 min
[2026-08-12 15:59:39] INFO Epoch 019 | train batch=1040/1427 | elapsed=4.6 min | eta=1.7 min
[2026-08-12 15:59:42] INFO Epoch 019 | train batch=1050/1427 | elapsed=4.6 min | eta=1.7 min
[2026-08-12 15:59:44] INFO Epoch 019 | train batch=1060/1427 | elapsed=4.7 min | eta=1.6 min
[2026-08-12 15:59:47] INFO Epoch 019 | train batch=1070/1427 | elapsed=4.7 min | eta=1.6 min
[2026-08-12 15:59:50] INFO Epoch 019 | train batch=1080/1427 | elapsed=4.7 min | eta=1.5 min
[2026-08-12 15:59:52] INFO Epoch 019 | train batch=1090/1427 | elapsed=4.8 min | eta=1.5 min
[2026-08-12 15:59:55] INFO Epoch 019 | train batch=1100/1427 | elapsed=4.8 min | eta=1.4 min
[2026-08-12 15:59:58] INFO Epoch 019 | train batch=1110/1427 | elapsed=4.9 min | eta=1.4 min
[2026-08-12 16:00:01] INFO Epoch 019 | train batch=1120/1427 | elapsed=4.9 min | eta=1.4 min
[2026-08-12 16:00:03] INFO Epoch 019 | train batch=1130/1427 | elapsed=5.0 min | eta=1.3 min
[2026-08-12 16:00:06] INFO Epoch 019 | train batch=1140/1427 | elapsed=5.0 min | eta=1.3 min
[2026-08-12 16:00:09] INFO Epoch 019 | train batch=1150/1427 | elapsed=5.1 min | eta=1.2 min
[2026-08-12 16:00:11] INFO Epoch 019 | train batch=1160/1427 | elapsed=5.1 min | eta=1.2 min
[2026-08-12 16:00:14] INFO Epoch 019 | train batch=1170/1427 | elapsed=5.1 min | eta=1.1 min
[2026-08-12 16:00:16] INFO Epoch 019 | train batch=1180/1427 | elapsed=5.2 min | eta=1.1 min
[2026-08-12 16:00:19] INFO Epoch 019 | train batch=1190/1427 | elapsed=5.2 min | eta=1.0 min
[2026-08-12 16:00:21] INFO Epoch 019 | train batch=1200/1427 | elapsed=5.3 min | eta=1.0 min
[2026-08-12 16:00:24] INFO Epoch 019 | train batch=1210/1427 | elapsed=5.3 min | eta=1.0 min
[2026-08-12 16:00:27] INFO Epoch 019 | train batch=1220/1427 | elapsed=5.4 min | eta=0.9 min
[2026-08-12 16:00:30] INFO Epoch 019 | train batch=1230/1427 | elapsed=5.4 min | eta=0.9 min
[2026-08-12 16:00:32] INFO Epoch 019 | train batch=1240/1427 | elapsed=5.5 min | eta=0.8 min
[2026-08-12 16:00:35] INFO Epoch 019 | train batch=1250/1427 | elapsed=5.5 min | eta=0.8 min
[2026-08-12 16:00:37] INFO Epoch 019 | train batch=1260/1427 | elapsed=5.5 min | eta=0.7 min
[2026-08-12 16:00:40] INFO Epoch 019 | train batch=1270/1427 | elapsed=5.6 min | eta=0.7 min
[2026-08-12 16:00:42] INFO Epoch 019 | train batch=1280/1427 | elapsed=5.6 min | eta=0.6 min
[2026-08-12 16:00:45] INFO Epoch 019 | train batch=1290/1427 | elapsed=5.7 min | eta=0.6 min
[2026-08-12 16:00:48] INFO Epoch 019 | train batch=1300/1427 | elapsed=5.7 min | eta=0.6 min
[2026-08-12 16:00:51] INFO Epoch 019 | train batch=1310/1427 | elapsed=5.8 min | eta=0.5 min
[2026-08-12 16:00:54] INFO Epoch 019 | train batch=1320/1427 | elapsed=5.8 min | eta=0.5 min
[2026-08-12 16:00:56] INFO Epoch 019 | train batch=1330/1427 | elapsed=5.9 min | eta=0.4 min
[2026-08-12 16:00:59] INFO Epoch 019 | train batch=1340/1427 | elapsed=5.9 min | eta=0.4 min
[2026-08-12 16:01:02] INFO Epoch 019 | train batch=1350/1427 | elapsed=5.9 min | eta=0.3 min
[2026-08-12 16:01:04] INFO Epoch 019 | train batch=1360/1427 | elapsed=6.0 min | eta=0.3 min
[2026-08-12 16:01:07] INFO Epoch 019 | train batch=1370/1427 | elapsed=6.0 min | eta=0.3 min
[2026-08-12 16:01:10] INFO Epoch 019 | train batch=1380/1427 | elapsed=6.1 min | eta=0.2 min
[2026-08-12 16:01:13] INFO Epoch 019 | train batch=1390/1427 | elapsed=6.1 min | eta=0.2 min
[2026-08-12 16:01:15] INFO Epoch 019 | train batch=1400/1427 | elapsed=6.2 min | eta=0.1 min
[2026-08-12 16:01:18] INFO Epoch 019 | train batch=1410/1427 | elapsed=6.2 min | eta=0.1 min
[2026-08-12 16:01:21] INFO Epoch 019 | train batch=1420/1427 | elapsed=6.3 min | eta=0.0 min
[2026-08-12 16:01:22] INFO Epoch 019 | train batch=1427/1427 | elapsed=6.3 min | eta=0.0 min
[2026-08-12 16:01:22] INFO Epoch 019 | val batch=1/203 | elapsed=0.0 min | eta=0.3 min
[2026-08-12 16:01:24] INFO Epoch 019 | val batch=10/203 | elapsed=0.0 min | eta=0.4 min
[2026-08-12 16:01:25] INFO Epoch 019 | val batch=20/203 | elapsed=0.0 min | eta=0.4 min
[2026-08-12 16:01:26] INFO Epoch 019 | val batch=30/203 | elapsed=0.1 min | eta=0.4 min
[2026-08-12 16:01:27] INFO Epoch 019 | val batch=40/203 | elapsed=0.1 min | eta=0.3 min
[2026-08-12 16:01:29] INFO Epoch 019 | val batch=50/203 | elapsed=0.1 min | eta=0.3 min
[2026-08-12 16:01:30] INFO Epoch 019 | val batch=60/203 | elapsed=0.1 min | eta=0.3 min
[2026-08-12 16:01:31] INFO Epoch 019 | val batch=70/203 | elapsed=0.1 min | eta=0.3 min
[2026-08-12 16:01:33] INFO Epoch 019 | val batch=80/203 | elapsed=0.2 min | eta=0.3 min
[2026-08-12 16:01:34] INFO Epoch 019 | val batch=90/203 | elapsed=0.2 min | eta=0.2 min
[2026-08-12 16:01:35] INFO Epoch 019 | val batch=100/203 | elapsed=0.2 min | eta=0.2 min
[2026-08-12 16:01:36] INFO Epoch 019 | val batch=110/203 | elapsed=0.2 min | eta=0.2 min
[2026-08-12 16:01:38] INFO Epoch 019 | val batch=120/203 | elapsed=0.3 min | eta=0.2 min
[2026-08-12 16:01:39] INFO Epoch 019 | val batch=130/203 | elapsed=0.3 min | eta=0.2 min
[2026-08-12 16:01:40] INFO Epoch 019 | val batch=140/203 | elapsed=0.3 min | eta=0.1 min
[2026-08-12 16:01:41] INFO Epoch 019 | val batch=150/203 | elapsed=0.3 min | eta=0.1 min
[2026-08-12 16:01:43] INFO Epoch 019 | val batch=160/203 | elapsed=0.3 min | eta=0.1 min
[2026-08-12 16:01:44] INFO Epoch 019 | val batch=170/203 | elapsed=0.4 min | eta=0.1 min
[2026-08-12 16:01:45] INFO Epoch 019 | val batch=180/203 | elapsed=0.4 min | eta=0.0 min
[2026-08-12 16:01:47] INFO Epoch 019 | val batch=190/203 | elapsed=0.4 min | eta=0.0 min
[2026-08-12 16:01:48] INFO Epoch 019 | val batch=200/203 | elapsed=0.4 min | eta=0.0 min
[2026-08-12 16:01:48] INFO Epoch 019 | val batch=203/203 | elapsed=0.4 min | eta=0.0 min
[2026-08-12 16:01:48] INFO Epoch 019 | train_total=0.962074 | val_total=0.947090 | val_mask=0.709412 | val_retrieval=2.376776 | val_profile=0.000000 | val_anchors=660915 | val_positive_pairs=0 | val_hard_negatives=0 | val_relation_candidates=9654476 | val_teacher_keff=4.444 | val_student_keff=9.685 | val_masked_positions=1957358 | skipped(train/val)=0/0
[2026-08-12 16:01:48] INFO Epoch 020/050 started | train_batches=1427 | val_batches=203
[2026-08-12 16:01:48] INFO Epoch 020 | train batch=1/1427 | elapsed=0.0 min | eta=5.0 min
[2026-08-12 16:01:51] INFO Epoch 020 | train batch=10/1427 | elapsed=0.0 min | eta=5.6 min
[2026-08-12 16:01:53] INFO Epoch 020 | train batch=20/1427 | elapsed=0.1 min | eta=5.5 min
[2026-08-12 16:01:55] INFO Epoch 020 | train batch=30/1427 | elapsed=0.1 min | eta=5.5 min
[2026-08-12 16:01:58] INFO Epoch 020 | train batch=40/1427 | elapsed=0.2 min | eta=5.8 min
[2026-08-12 16:02:01] INFO Epoch 020 | train batch=50/1427 | elapsed=0.2 min | eta=5.9 min
[2026-08-12 16:02:04] INFO Epoch 020 | train batch=60/1427 | elapsed=0.3 min | eta=5.9 min
[2026-08-12 16:02:06] INFO Epoch 020 | train batch=70/1427 | elapsed=0.3 min | eta=5.9 min
[2026-08-12 16:02:09] INFO Epoch 020 | train batch=80/1427 | elapsed=0.3 min | eta=5.9 min
[2026-08-12 16:02:12] INFO Epoch 020 | train batch=90/1427 | elapsed=0.4 min | eta=5.8 min
[2026-08-12 16:02:14] INFO Epoch 020 | train batch=100/1427 | elapsed=0.4 min | eta=5.8 min
[2026-08-12 16:02:17] INFO Epoch 020 | train batch=110/1427 | elapsed=0.5 min | eta=5.8 min
[2026-08-12 16:02:20] INFO Epoch 020 | train batch=120/1427 | elapsed=0.5 min | eta=5.8 min
[2026-08-12 16:02:23] INFO Epoch 020 | train batch=130/1427 | elapsed=0.6 min | eta=5.7 min
[2026-08-12 16:02:25] INFO Epoch 020 | train batch=140/1427 | elapsed=0.6 min | eta=5.6 min
[2026-08-12 16:02:28] INFO Epoch 020 | train batch=150/1427 | elapsed=0.7 min | eta=5.6 min
[2026-08-12 16:02:30] INFO Epoch 020 | train batch=160/1427 | elapsed=0.7 min | eta=5.5 min
[2026-08-12 16:02:33] INFO Epoch 020 | train batch=170/1427 | elapsed=0.7 min | eta=5.5 min
[2026-08-12 16:02:36] INFO Epoch 020 | train batch=180/1427 | elapsed=0.8 min | eta=5.5 min
[2026-08-12 16:02:38] INFO Epoch 020 | train batch=190/1427 | elapsed=0.8 min | eta=5.5 min
[2026-08-12 16:02:41] INFO Epoch 020 | train batch=200/1427 | elapsed=0.9 min | eta=5.4 min
[2026-08-12 16:02:44] INFO Epoch 020 | train batch=210/1427 | elapsed=0.9 min | eta=5.4 min
[2026-08-12 16:02:46] INFO Epoch 020 | train batch=220/1427 | elapsed=1.0 min | eta=5.3 min
[2026-08-12 16:02:49] INFO Epoch 020 | train batch=230/1427 | elapsed=1.0 min | eta=5.3 min
[2026-08-12 16:02:52] INFO Epoch 020 | train batch=240/1427 | elapsed=1.1 min | eta=5.2 min
[2026-08-12 16:02:54] INFO Epoch 020 | train batch=250/1427 | elapsed=1.1 min | eta=5.2 min
[2026-08-12 16:02:57] INFO Epoch 020 | train batch=260/1427 | elapsed=1.1 min | eta=5.2 min
[2026-08-12 16:03:00] INFO Epoch 020 | train batch=270/1427 | elapsed=1.2 min | eta=5.1 min
[2026-08-12 16:03:02] INFO Epoch 020 | train batch=280/1427 | elapsed=1.2 min | eta=5.0 min
[2026-08-12 16:03:04] INFO Epoch 020 | train batch=290/1427 | elapsed=1.3 min | eta=5.0 min
[2026-08-12 16:03:07] INFO Epoch 020 | train batch=300/1427 | elapsed=1.3 min | eta=4.9 min
[2026-08-12 16:03:10] INFO Epoch 020 | train batch=310/1427 | elapsed=1.4 min | eta=4.9 min
[2026-08-12 16:03:12] INFO Epoch 020 | train batch=320/1427 | elapsed=1.4 min | eta=4.8 min
[2026-08-12 16:03:15] INFO Epoch 020 | train batch=330/1427 | elapsed=1.4 min | eta=4.8 min
[2026-08-12 16:03:17] INFO Epoch 020 | train batch=340/1427 | elapsed=1.5 min | eta=4.8 min
[2026-08-12 16:03:20] INFO Epoch 020 | train batch=350/1427 | elapsed=1.5 min | eta=4.7 min
[2026-08-12 16:03:22] INFO Epoch 020 | train batch=360/1427 | elapsed=1.6 min | eta=4.7 min
[2026-08-12 16:03:25] INFO Epoch 020 | train batch=370/1427 | elapsed=1.6 min | eta=4.6 min
[2026-08-12 16:03:28] INFO Epoch 020 | train batch=380/1427 | elapsed=1.7 min | eta=4.6 min
[2026-08-12 16:03:30] INFO Epoch 020 | train batch=390/1427 | elapsed=1.7 min | eta=4.5 min
[2026-08-12 16:03:33] INFO Epoch 020 | train batch=400/1427 | elapsed=1.7 min | eta=4.5 min
[2026-08-12 16:03:36] INFO Epoch 020 | train batch=410/1427 | elapsed=1.8 min | eta=4.4 min
[2026-08-12 16:03:38] INFO Epoch 020 | train batch=420/1427 | elapsed=1.8 min | eta=4.4 min
[2026-08-12 16:03:41] INFO Epoch 020 | train batch=430/1427 | elapsed=1.9 min | eta=4.4 min
[2026-08-12 16:03:43] INFO Epoch 020 | train batch=440/1427 | elapsed=1.9 min | eta=4.3 min
[2026-08-12 16:03:46] INFO Epoch 020 | train batch=450/1427 | elapsed=2.0 min | eta=4.3 min
[2026-08-12 16:03:49] INFO Epoch 020 | train batch=460/1427 | elapsed=2.0 min | eta=4.2 min
[2026-08-12 16:03:52] INFO Epoch 020 | train batch=470/1427 | elapsed=2.1 min | eta=4.2 min
[2026-08-12 16:03:54] INFO Epoch 020 | train batch=480/1427 | elapsed=2.1 min | eta=4.1 min
[2026-08-12 16:03:57] INFO Epoch 020 | train batch=490/1427 | elapsed=2.1 min | eta=4.1 min
[2026-08-12 16:03:59] INFO Epoch 020 | train batch=500/1427 | elapsed=2.2 min | eta=4.1 min
[2026-08-12 16:04:02] INFO Epoch 020 | train batch=510/1427 | elapsed=2.2 min | eta=4.0 min
[2026-08-12 16:04:04] INFO Epoch 020 | train batch=520/1427 | elapsed=2.3 min | eta=4.0 min
[2026-08-12 16:04:07] INFO Epoch 020 | train batch=530/1427 | elapsed=2.3 min | eta=3.9 min
[2026-08-12 16:04:10] INFO Epoch 020 | train batch=540/1427 | elapsed=2.4 min | eta=3.9 min
[2026-08-12 16:04:13] INFO Epoch 020 | train batch=550/1427 | elapsed=2.4 min | eta=3.8 min
[2026-08-12 16:04:15] INFO Epoch 020 | train batch=560/1427 | elapsed=2.4 min | eta=3.8 min
[2026-08-12 16:04:18] INFO Epoch 020 | train batch=570/1427 | elapsed=2.5 min | eta=3.7 min
[2026-08-12 16:04:20] INFO Epoch 020 | train batch=580/1427 | elapsed=2.5 min | eta=3.7 min
[2026-08-12 16:04:23] INFO Epoch 020 | train batch=590/1427 | elapsed=2.6 min | eta=3.7 min
[2026-08-12 16:04:26] INFO Epoch 020 | train batch=600/1427 | elapsed=2.6 min | eta=3.6 min
[2026-08-12 16:04:28] INFO Epoch 020 | train batch=610/1427 | elapsed=2.7 min | eta=3.6 min
[2026-08-12 16:04:31] INFO Epoch 020 | train batch=620/1427 | elapsed=2.7 min | eta=3.5 min
[2026-08-12 16:04:34] INFO Epoch 020 | train batch=630/1427 | elapsed=2.8 min | eta=3.5 min
[2026-08-12 16:04:36] INFO Epoch 020 | train batch=640/1427 | elapsed=2.8 min | eta=3.4 min
[2026-08-12 16:04:39] INFO Epoch 020 | train batch=650/1427 | elapsed=2.8 min | eta=3.4 min
[2026-08-12 16:04:42] INFO Epoch 020 | train batch=660/1427 | elapsed=2.9 min | eta=3.4 min
[2026-08-12 16:04:44] INFO Epoch 020 | train batch=670/1427 | elapsed=2.9 min | eta=3.3 min
[2026-08-12 16:04:47] INFO Epoch 020 | train batch=680/1427 | elapsed=3.0 min | eta=3.3 min
[2026-08-12 16:04:49] INFO Epoch 020 | train batch=690/1427 | elapsed=3.0 min | eta=3.2 min
[2026-08-12 16:04:52] INFO Epoch 020 | train batch=700/1427 | elapsed=3.1 min | eta=3.2 min
[2026-08-12 16:04:54] INFO Epoch 020 | train batch=710/1427 | elapsed=3.1 min | eta=3.1 min
[2026-08-12 16:04:57] INFO Epoch 020 | train batch=720/1427 | elapsed=3.1 min | eta=3.1 min
[2026-08-12 16:04:59] INFO Epoch 020 | train batch=730/1427 | elapsed=3.2 min | eta=3.0 min
[2026-08-12 16:05:02] INFO Epoch 020 | train batch=740/1427 | elapsed=3.2 min | eta=3.0 min
[2026-08-12 16:05:04] INFO Epoch 020 | train batch=750/1427 | elapsed=3.3 min | eta=3.0 min
[2026-08-12 16:05:07] INFO Epoch 020 | train batch=760/1427 | elapsed=3.3 min | eta=2.9 min
[2026-08-12 16:05:10] INFO Epoch 020 | train batch=770/1427 | elapsed=3.4 min | eta=2.9 min
[2026-08-12 16:05:12] INFO Epoch 020 | train batch=780/1427 | elapsed=3.4 min | eta=2.8 min
[2026-08-12 16:05:15] INFO Epoch 020 | train batch=790/1427 | elapsed=3.4 min | eta=2.8 min
[2026-08-12 16:05:17] INFO Epoch 020 | train batch=800/1427 | elapsed=3.5 min | eta=2.7 min
[2026-08-12 16:05:20] INFO Epoch 020 | train batch=810/1427 | elapsed=3.5 min | eta=2.7 min
[2026-08-12 16:05:22] INFO Epoch 020 | train batch=820/1427 | elapsed=3.6 min | eta=2.6 min
[2026-08-12 16:05:25] INFO Epoch 020 | train batch=830/1427 | elapsed=3.6 min | eta=2.6 min
[2026-08-12 16:05:28] INFO Epoch 020 | train batch=840/1427 | elapsed=3.7 min | eta=2.6 min
[2026-08-12 16:05:30] INFO Epoch 020 | train batch=850/1427 | elapsed=3.7 min | eta=2.5 min
[2026-08-12 16:05:33] INFO Epoch 020 | train batch=860/1427 | elapsed=3.7 min | eta=2.5 min
[2026-08-12 16:05:36] INFO Epoch 020 | train batch=870/1427 | elapsed=3.8 min | eta=2.4 min
[2026-08-12 16:05:38] INFO Epoch 020 | train batch=880/1427 | elapsed=3.8 min | eta=2.4 min
[2026-08-12 16:05:41] INFO Epoch 020 | train batch=890/1427 | elapsed=3.9 min | eta=2.3 min
[2026-08-12 16:05:43] INFO Epoch 020 | train batch=900/1427 | elapsed=3.9 min | eta=2.3 min
[2026-08-12 16:05:46] INFO Epoch 020 | train batch=910/1427 | elapsed=4.0 min | eta=2.3 min
[2026-08-12 16:05:49] INFO Epoch 020 | train batch=920/1427 | elapsed=4.0 min | eta=2.2 min
[2026-08-12 16:05:52] INFO Epoch 020 | train batch=930/1427 | elapsed=4.1 min | eta=2.2 min
[2026-08-12 16:05:54] INFO Epoch 020 | train batch=940/1427 | elapsed=4.1 min | eta=2.1 min
[2026-08-12 16:05:57] INFO Epoch 020 | train batch=950/1427 | elapsed=4.2 min | eta=2.1 min
[2026-08-12 16:06:00] INFO Epoch 020 | train batch=960/1427 | elapsed=4.2 min | eta=2.0 min
[2026-08-12 16:06:03] INFO Epoch 020 | train batch=970/1427 | elapsed=4.2 min | eta=2.0 min
[2026-08-12 16:06:06] INFO Epoch 020 | train batch=980/1427 | elapsed=4.3 min | eta=2.0 min
[2026-08-12 16:06:08] INFO Epoch 020 | train batch=990/1427 | elapsed=4.3 min | eta=1.9 min
[2026-08-12 16:06:11] INFO Epoch 020 | train batch=1000/1427 | elapsed=4.4 min | eta=1.9 min
[2026-08-12 16:06:14] INFO Epoch 020 | train batch=1010/1427 | elapsed=4.4 min | eta=1.8 min
[2026-08-12 16:06:16] INFO Epoch 020 | train batch=1020/1427 | elapsed=4.5 min | eta=1.8 min
[2026-08-12 16:06:19] INFO Epoch 020 | train batch=1030/1427 | elapsed=4.5 min | eta=1.7 min
[2026-08-12 16:06:21] INFO Epoch 020 | train batch=1040/1427 | elapsed=4.6 min | eta=1.7 min
[2026-08-12 16:06:24] INFO Epoch 020 | train batch=1050/1427 | elapsed=4.6 min | eta=1.7 min
[2026-08-12 16:06:27] INFO Epoch 020 | train batch=1060/1427 | elapsed=4.6 min | eta=1.6 min
[2026-08-12 16:06:29] INFO Epoch 020 | train batch=1070/1427 | elapsed=4.7 min | eta=1.6 min
[2026-08-12 16:06:32] INFO Epoch 020 | train batch=1080/1427 | elapsed=4.7 min | eta=1.5 min
[2026-08-12 16:06:35] INFO Epoch 020 | train batch=1090/1427 | elapsed=4.8 min | eta=1.5 min
[2026-08-12 16:06:37] INFO Epoch 020 | train batch=1100/1427 | elapsed=4.8 min | eta=1.4 min
[2026-08-12 16:06:40] INFO Epoch 020 | train batch=1110/1427 | elapsed=4.9 min | eta=1.4 min
[2026-08-12 16:06:43] INFO Epoch 020 | train batch=1120/1427 | elapsed=4.9 min | eta=1.3 min
[2026-08-12 16:06:45] INFO Epoch 020 | train batch=1130/1427 | elapsed=5.0 min | eta=1.3 min
[2026-08-12 16:06:48] INFO Epoch 020 | train batch=1140/1427 | elapsed=5.0 min | eta=1.3 min
[2026-08-12 16:06:50] INFO Epoch 020 | train batch=1150/1427 | elapsed=5.0 min | eta=1.2 min
[2026-08-12 16:06:53] INFO Epoch 020 | train batch=1160/1427 | elapsed=5.1 min | eta=1.2 min
[2026-08-12 16:06:55] INFO Epoch 020 | train batch=1170/1427 | elapsed=5.1 min | eta=1.1 min
[2026-08-12 16:06:58] INFO Epoch 020 | train batch=1180/1427 | elapsed=5.2 min | eta=1.1 min
[2026-08-12 16:07:00] INFO Epoch 020 | train batch=1190/1427 | elapsed=5.2 min | eta=1.0 min
[2026-08-12 16:07:03] INFO Epoch 020 | train batch=1200/1427 | elapsed=5.2 min | eta=1.0 min
[2026-08-12 16:07:05] INFO Epoch 020 | train batch=1210/1427 | elapsed=5.3 min | eta=0.9 min
[2026-08-12 16:07:08] INFO Epoch 020 | train batch=1220/1427 | elapsed=5.3 min | eta=0.9 min
[2026-08-12 16:07:11] INFO Epoch 020 | train batch=1230/1427 | elapsed=5.4 min | eta=0.9 min
[2026-08-12 16:07:14] INFO Epoch 020 | train batch=1240/1427 | elapsed=5.4 min | eta=0.8 min
[2026-08-12 16:07:16] INFO Epoch 020 | train batch=1250/1427 | elapsed=5.5 min | eta=0.8 min
[2026-08-12 16:07:18] INFO Epoch 020 | train batch=1260/1427 | elapsed=5.5 min | eta=0.7 min
[2026-08-12 16:07:21] INFO Epoch 020 | train batch=1270/1427 | elapsed=5.5 min | eta=0.7 min
[2026-08-12 16:07:24] INFO Epoch 020 | train batch=1280/1427 | elapsed=5.6 min | eta=0.6 min
[2026-08-12 16:07:26] INFO Epoch 020 | train batch=1290/1427 | elapsed=5.6 min | eta=0.6 min
[2026-08-12 16:07:29] INFO Epoch 020 | train batch=1300/1427 | elapsed=5.7 min | eta=0.6 min
[2026-08-12 16:07:31] INFO Epoch 020 | train batch=1310/1427 | elapsed=5.7 min | eta=0.5 min
[2026-08-12 16:07:34] INFO Epoch 020 | train batch=1320/1427 | elapsed=5.8 min | eta=0.5 min
[2026-08-12 16:07:36] INFO Epoch 020 | train batch=1330/1427 | elapsed=5.8 min | eta=0.4 min
[2026-08-12 16:07:39] INFO Epoch 020 | train batch=1340/1427 | elapsed=5.8 min | eta=0.4 min
[2026-08-12 16:07:42] INFO Epoch 020 | train batch=1350/1427 | elapsed=5.9 min | eta=0.3 min
[2026-08-12 16:07:44] INFO Epoch 020 | train batch=1360/1427 | elapsed=5.9 min | eta=0.3 min
[2026-08-12 16:07:47] INFO Epoch 020 | train batch=1370/1427 | elapsed=6.0 min | eta=0.2 min
[2026-08-12 16:07:49] INFO Epoch 020 | train batch=1380/1427 | elapsed=6.0 min | eta=0.2 min
[2026-08-12 16:07:52] INFO Epoch 020 | train batch=1390/1427 | elapsed=6.1 min | eta=0.2 min
[2026-08-12 16:07:54] INFO Epoch 020 | train batch=1400/1427 | elapsed=6.1 min | eta=0.1 min
[2026-08-12 16:07:56] INFO Epoch 020 | train batch=1410/1427 | elapsed=6.1 min | eta=0.1 min
[2026-08-12 16:07:59] INFO Epoch 020 | train batch=1420/1427 | elapsed=6.2 min | eta=0.0 min
[2026-08-12 16:08:00] INFO Epoch 020 | train batch=1427/1427 | elapsed=6.2 min | eta=0.0 min
[2026-08-12 16:08:01] INFO Epoch 020 | val batch=1/203 | elapsed=0.0 min | eta=0.3 min
[2026-08-12 16:08:02] INFO Epoch 020 | val batch=10/203 | elapsed=0.0 min | eta=0.4 min
[2026-08-12 16:08:03] INFO Epoch 020 | val batch=20/203 | elapsed=0.0 min | eta=0.4 min
[2026-08-12 16:08:04] INFO Epoch 020 | val batch=30/203 | elapsed=0.1 min | eta=0.4 min
[2026-08-12 16:08:06] INFO Epoch 020 | val batch=40/203 | elapsed=0.1 min | eta=0.3 min
[2026-08-12 16:08:07] INFO Epoch 020 | val batch=50/203 | elapsed=0.1 min | eta=0.3 min
[2026-08-12 16:08:08] INFO Epoch 020 | val batch=60/203 | elapsed=0.1 min | eta=0.3 min
[2026-08-12 16:08:09] INFO Epoch 020 | val batch=70/203 | elapsed=0.1 min | eta=0.3 min
[2026-08-12 16:08:11] INFO Epoch 020 | val batch=80/203 | elapsed=0.2 min | eta=0.3 min
[2026-08-12 16:08:12] INFO Epoch 020 | val batch=90/203 | elapsed=0.2 min | eta=0.2 min
[2026-08-12 16:08:13] INFO Epoch 020 | val batch=100/203 | elapsed=0.2 min | eta=0.2 min
[2026-08-12 16:08:15] INFO Epoch 020 | val batch=110/203 | elapsed=0.2 min | eta=0.2 min
[2026-08-12 16:08:16] INFO Epoch 020 | val batch=120/203 | elapsed=0.3 min | eta=0.2 min
[2026-08-12 16:08:17] INFO Epoch 020 | val batch=130/203 | elapsed=0.3 min | eta=0.2 min
[2026-08-12 16:08:18] INFO Epoch 020 | val batch=140/203 | elapsed=0.3 min | eta=0.1 min
[2026-08-12 16:08:20] INFO Epoch 020 | val batch=150/203 | elapsed=0.3 min | eta=0.1 min
[2026-08-12 16:08:21] INFO Epoch 020 | val batch=160/203 | elapsed=0.3 min | eta=0.1 min
[2026-08-12 16:08:22] INFO Epoch 020 | val batch=170/203 | elapsed=0.4 min | eta=0.1 min
[2026-08-12 16:08:23] INFO Epoch 020 | val batch=180/203 | elapsed=0.4 min | eta=0.0 min
[2026-08-12 16:08:25] INFO Epoch 020 | val batch=190/203 | elapsed=0.4 min | eta=0.0 min
[2026-08-12 16:08:26] INFO Epoch 020 | val batch=200/203 | elapsed=0.4 min | eta=0.0 min
[2026-08-12 16:08:26] INFO Epoch 020 | val batch=203/203 | elapsed=0.4 min | eta=0.0 min
[2026-08-12 16:08:26] INFO Epoch 020 | train_total=0.962554 | val_total=1.006539 | val_mask=0.769589 | val_retrieval=2.369506 | val_profile=0.000000 | val_anchors=660915 | val_positive_pairs=0 | val_hard_negatives=0 | val_relation_candidates=9654476 | val_teacher_keff=4.444 | val_student_keff=9.395 | val_masked_positions=1959673 | skipped(train/val)=0/0
[2026-08-12 16:08:26] INFO Early stopping | epoch=20 | stale_epochs=10 | best_val=0.767649
[2026-08-12 16:08:26] INFO Pretraining finished | best_val=0.767649 | best_val_relation=2.372996 | checkpoint=C:\Users\clw\projects\researchRep\STAnchor-BlockMemory\artifacts\metrla_e5_final_symnorm_local12_seed42\pretrain_best.pt | relation_checkpoint=C:\Users\clw\projects\researchRep\STAnchor-BlockMemory\artifacts\metrla_e5_final_symnorm_local12_seed42\pretrain_best_relation.pt
