
===== 2026-09-16T01:22:03.709021 pemsbay_retrieval_finetune =====
C:\Users\clw\anaconda\envs\experiment\python.exe -u scripts/finetune_retrieval.py --config C:\Users\clw\projects\researchRep\STAnchor-BlockMemory\artifacts\paper_final_joint_context_offset_only_seed42\resolved_configs\adaptation\pemsbay_joint_context_offset_only.yaml --source-checkpoint C:\Users\clw\projects\researchRep\STAnchor-BlockMemory\artifacts\metrla_e5_tgge_joint_context_offset_only_v1_transfer_hidden128_ffn2_b16_seed42\pretrain_best.pt --epochs 8 --run-name paper_final_joint_context_offset_only_seed42/retrieval_adaptation/pemsbay --seed 42
[2026-09-16 01:22:08] INFO T1 retrieval adaptation start | run=paper_final_joint_context_offset_only_seed42/retrieval_adaptation/pemsbay | device=cuda:0 (requested=cuda:0) | seed=42 | output=C:\Users\clw\projects\researchRep\STAnchor-BlockMemory\artifacts\paper_final_joint_context_offset_only_seed42\retrieval_adaptation\pemsbay
[2026-09-16 01:22:08] INFO Data | steps=52116 | nodes=325 | channels=1 | train/val/test=36182/4912/10125
[2026-09-16 01:22:08] INFO Transfer | stage=t1_head_adapter | source=C:\Users\clw\projects\researchRep\STAnchor-BlockMemory\artifacts\metrla_e5_tgge_joint_context_offset_only_v1_transfer_hidden128_ffn2_b16_seed42\pretrain_best.pt | source_fingerprint=fe9a2189a1dddc8c1c27e7b248da13216fe6de05ef56ca29c3159c3cfae5ed42 | graph_fingerprint=e4774416a2be331d44d76a98399fb95689b724f06d65d8e24f601a3a40178db0
[2026-09-16 01:22:08] INFO Parameters | total=958,704 | trainable=66,208 | trainable_tensors=11 | prefixes=retrieval_head.pool_projection.,retrieval_head.pool_score.,retrieval_head.key_mlp.,retrieval_head.domain_adapter.
[2026-09-16 01:22:08] INFO Optimization | epochs=8 | batch_size=16 | lr=0.0003 | weight_decay=0.0001 | relation_weight=1.000 | distill_weight=0.050 | reconstruction_weight=0
[2026-09-16 01:22:08] INFO Epoch 001/008 started | train_batches=2262 | val_batches=307
[2026-09-16 01:22:09] INFO Epoch 001 | train batch=1/2262 | elapsed=0.0 min | eta=35.3 min
[2026-09-16 01:22:11] INFO Epoch 001 | train batch=10/2262 | elapsed=0.0 min | eta=10.1 min
[2026-09-16 01:22:12] INFO Epoch 001 | train batch=20/2262 | elapsed=0.1 min | eta=8.7 min
[2026-09-16 01:22:14] INFO Epoch 001 | train batch=30/2262 | elapsed=0.1 min | eta=8.2 min
[2026-09-16 01:22:16] INFO Epoch 001 | train batch=40/2262 | elapsed=0.1 min | eta=7.9 min
[2026-09-16 01:22:18] INFO Epoch 001 | train batch=50/2262 | elapsed=0.2 min | eta=7.7 min
[2026-09-16 01:22:20] INFO Epoch 001 | train batch=60/2262 | elapsed=0.2 min | eta=7.6 min
[2026-09-16 01:22:22] INFO Epoch 001 | train batch=70/2262 | elapsed=0.2 min | eta=7.5 min
[2026-09-16 01:22:24] INFO Epoch 001 | train batch=80/2262 | elapsed=0.3 min | eta=7.4 min
[2026-09-16 01:22:26] INFO Epoch 001 | train batch=90/2262 | elapsed=0.3 min | eta=7.4 min
[2026-09-16 01:22:28] INFO Epoch 001 | train batch=100/2262 | elapsed=0.3 min | eta=7.3 min
[2026-09-16 01:22:30] INFO Epoch 001 | train batch=110/2262 | elapsed=0.4 min | eta=7.3 min
[2026-09-16 01:22:32] INFO Epoch 001 | train batch=120/2262 | elapsed=0.4 min | eta=7.2 min
[2026-09-16 01:22:34] INFO Epoch 001 | train batch=130/2262 | elapsed=0.4 min | eta=7.2 min
[2026-09-16 01:22:36] INFO Epoch 001 | train batch=140/2262 | elapsed=0.5 min | eta=7.1 min
[2026-09-16 01:22:38] INFO Epoch 001 | train batch=150/2262 | elapsed=0.5 min | eta=7.1 min
[2026-09-16 01:22:40] INFO Epoch 001 | train batch=160/2262 | elapsed=0.5 min | eta=7.0 min
[2026-09-16 01:22:42] INFO Epoch 001 | train batch=170/2262 | elapsed=0.6 min | eta=7.0 min
[2026-09-16 01:22:44] INFO Epoch 001 | train batch=180/2262 | elapsed=0.6 min | eta=7.0 min
[2026-09-16 01:22:46] INFO Epoch 001 | train batch=190/2262 | elapsed=0.6 min | eta=6.9 min
[2026-09-16 01:22:48] INFO Epoch 001 | train batch=200/2262 | elapsed=0.7 min | eta=6.9 min
[2026-09-16 01:22:50] INFO Epoch 001 | train batch=210/2262 | elapsed=0.7 min | eta=6.9 min
[2026-09-16 01:22:52] INFO Epoch 001 | train batch=220/2262 | elapsed=0.7 min | eta=6.8 min
[2026-09-16 01:22:54] INFO Epoch 001 | train batch=230/2262 | elapsed=0.8 min | eta=6.8 min
[2026-09-16 01:22:56] INFO Epoch 001 | train batch=240/2262 | elapsed=0.8 min | eta=6.8 min
[2026-09-16 01:22:58] INFO Epoch 001 | train batch=250/2262 | elapsed=0.8 min | eta=6.7 min
[2026-09-16 01:23:00] INFO Epoch 001 | train batch=260/2262 | elapsed=0.9 min | eta=6.7 min
[2026-09-16 01:23:02] INFO Epoch 001 | train batch=270/2262 | elapsed=0.9 min | eta=6.7 min
[2026-09-16 01:23:04] INFO Epoch 001 | train batch=280/2262 | elapsed=0.9 min | eta=6.6 min
[2026-09-16 01:23:06] INFO Epoch 001 | train batch=290/2262 | elapsed=1.0 min | eta=6.6 min
[2026-09-16 01:23:08] INFO Epoch 001 | train batch=300/2262 | elapsed=1.0 min | eta=6.6 min
[2026-09-16 01:23:10] INFO Epoch 001 | train batch=310/2262 | elapsed=1.0 min | eta=6.5 min
[2026-09-16 01:23:12] INFO Epoch 001 | train batch=320/2262 | elapsed=1.1 min | eta=6.5 min
[2026-09-16 01:23:14] INFO Epoch 001 | train batch=330/2262 | elapsed=1.1 min | eta=6.5 min
[2026-09-16 01:23:16] INFO Epoch 001 | train batch=340/2262 | elapsed=1.1 min | eta=6.4 min
[2026-09-16 01:23:18] INFO Epoch 001 | train batch=350/2262 | elapsed=1.2 min | eta=6.4 min
[2026-09-16 01:23:20] INFO Epoch 001 | train batch=360/2262 | elapsed=1.2 min | eta=6.4 min
[2026-09-16 01:23:22] INFO Epoch 001 | train batch=370/2262 | elapsed=1.2 min | eta=6.3 min
[2026-09-16 01:23:24] INFO Epoch 001 | train batch=380/2262 | elapsed=1.3 min | eta=6.3 min
[2026-09-16 01:23:26] INFO Epoch 001 | train batch=390/2262 | elapsed=1.3 min | eta=6.3 min
[2026-09-16 01:23:28] INFO Epoch 001 | train batch=400/2262 | elapsed=1.3 min | eta=6.2 min
[2026-09-16 01:23:30] INFO Epoch 001 | train batch=410/2262 | elapsed=1.4 min | eta=6.2 min
[2026-09-16 01:23:32] INFO Epoch 001 | train batch=420/2262 | elapsed=1.4 min | eta=6.2 min
[2026-09-16 01:23:34] INFO Epoch 001 | train batch=430/2262 | elapsed=1.4 min | eta=6.1 min
[2026-09-16 01:23:36] INFO Epoch 001 | train batch=440/2262 | elapsed=1.5 min | eta=6.1 min
[2026-09-16 01:23:38] INFO Epoch 001 | train batch=450/2262 | elapsed=1.5 min | eta=6.1 min
[2026-09-16 01:23:40] INFO Epoch 001 | train batch=460/2262 | elapsed=1.5 min | eta=6.0 min
[2026-09-16 01:23:42] INFO Epoch 001 | train batch=470/2262 | elapsed=1.6 min | eta=6.0 min
[2026-09-16 01:23:44] INFO Epoch 001 | train batch=480/2262 | elapsed=1.6 min | eta=6.0 min
[2026-09-16 01:23:46] INFO Epoch 001 | train batch=490/2262 | elapsed=1.6 min | eta=5.9 min
[2026-09-16 01:23:48] INFO Epoch 001 | train batch=500/2262 | elapsed=1.7 min | eta=5.9 min
[2026-09-16 01:23:50] INFO Epoch 001 | train batch=510/2262 | elapsed=1.7 min | eta=5.9 min
[2026-09-16 01:23:52] INFO Epoch 001 | train batch=520/2262 | elapsed=1.7 min | eta=5.8 min
[2026-09-16 01:23:54] INFO Epoch 001 | train batch=530/2262 | elapsed=1.8 min | eta=5.8 min
[2026-09-16 01:23:56] INFO Epoch 001 | train batch=540/2262 | elapsed=1.8 min | eta=5.8 min
[2026-09-16 01:23:58] INFO Epoch 001 | train batch=550/2262 | elapsed=1.8 min | eta=5.7 min
[2026-09-16 01:24:00] INFO Epoch 001 | train batch=560/2262 | elapsed=1.9 min | eta=5.7 min
[2026-09-16 01:24:03] INFO Epoch 001 | train batch=570/2262 | elapsed=1.9 min | eta=5.7 min
[2026-09-16 01:24:05] INFO Epoch 001 | train batch=580/2262 | elapsed=1.9 min | eta=5.6 min
[2026-09-16 01:24:07] INFO Epoch 001 | train batch=590/2262 | elapsed=2.0 min | eta=5.6 min
[2026-09-16 01:24:09] INFO Epoch 001 | train batch=600/2262 | elapsed=2.0 min | eta=5.6 min
[2026-09-16 01:24:11] INFO Epoch 001 | train batch=610/2262 | elapsed=2.0 min | eta=5.5 min
[2026-09-16 01:24:13] INFO Epoch 001 | train batch=620/2262 | elapsed=2.1 min | eta=5.5 min
[2026-09-16 01:24:15] INFO Epoch 001 | train batch=630/2262 | elapsed=2.1 min | eta=5.5 min
[2026-09-16 01:24:17] INFO Epoch 001 | train batch=640/2262 | elapsed=2.1 min | eta=5.4 min
[2026-09-16 01:24:19] INFO Epoch 001 | train batch=650/2262 | elapsed=2.2 min | eta=5.4 min
[2026-09-16 01:24:21] INFO Epoch 001 | train batch=660/2262 | elapsed=2.2 min | eta=5.4 min
[2026-09-16 01:24:23] INFO Epoch 001 | train batch=670/2262 | elapsed=2.2 min | eta=5.3 min
[2026-09-16 01:24:25] INFO Epoch 001 | train batch=680/2262 | elapsed=2.3 min | eta=5.3 min
[2026-09-16 01:24:27] INFO Epoch 001 | train batch=690/2262 | elapsed=2.3 min | eta=5.3 min
[2026-09-16 01:24:29] INFO Epoch 001 | train batch=700/2262 | elapsed=2.3 min | eta=5.2 min
[2026-09-16 01:24:31] INFO Epoch 001 | train batch=710/2262 | elapsed=2.4 min | eta=5.2 min
[2026-09-16 01:24:33] INFO Epoch 001 | train batch=720/2262 | elapsed=2.4 min | eta=5.2 min
[2026-09-16 01:24:35] INFO Epoch 001 | train batch=730/2262 | elapsed=2.5 min | eta=5.1 min
[2026-09-16 01:24:37] INFO Epoch 001 | train batch=740/2262 | elapsed=2.5 min | eta=5.1 min
[2026-09-16 01:24:39] INFO Epoch 001 | train batch=750/2262 | elapsed=2.5 min | eta=5.1 min
[2026-09-16 01:24:41] INFO Epoch 001 | train batch=760/2262 | elapsed=2.6 min | eta=5.0 min
[2026-09-16 01:24:43] INFO Epoch 001 | train batch=770/2262 | elapsed=2.6 min | eta=5.0 min
[2026-09-16 01:24:45] INFO Epoch 001 | train batch=780/2262 | elapsed=2.6 min | eta=5.0 min
[2026-09-16 01:24:47] INFO Epoch 001 | train batch=790/2262 | elapsed=2.7 min | eta=4.9 min
[2026-09-16 01:24:49] INFO Epoch 001 | train batch=800/2262 | elapsed=2.7 min | eta=4.9 min
[2026-09-16 01:24:51] INFO Epoch 001 | train batch=810/2262 | elapsed=2.7 min | eta=4.9 min
[2026-09-16 01:24:53] INFO Epoch 001 | train batch=820/2262 | elapsed=2.8 min | eta=4.8 min
[2026-09-16 01:24:55] INFO Epoch 001 | train batch=830/2262 | elapsed=2.8 min | eta=4.8 min
[2026-09-16 01:24:57] INFO Epoch 001 | train batch=840/2262 | elapsed=2.8 min | eta=4.8 min
[2026-09-16 01:24:59] INFO Epoch 001 | train batch=850/2262 | elapsed=2.9 min | eta=4.7 min
[2026-09-16 01:25:01] INFO Epoch 001 | train batch=860/2262 | elapsed=2.9 min | eta=4.7 min
[2026-09-16 01:25:03] INFO Epoch 001 | train batch=870/2262 | elapsed=2.9 min | eta=4.7 min
[2026-09-16 01:25:05] INFO Epoch 001 | train batch=880/2262 | elapsed=3.0 min | eta=4.6 min
[2026-09-16 01:25:07] INFO Epoch 001 | train batch=890/2262 | elapsed=3.0 min | eta=4.6 min
[2026-09-16 01:25:09] INFO Epoch 001 | train batch=900/2262 | elapsed=3.0 min | eta=4.6 min
[2026-09-16 01:25:12] INFO Epoch 001 | train batch=910/2262 | elapsed=3.1 min | eta=4.5 min
[2026-09-16 01:25:14] INFO Epoch 001 | train batch=920/2262 | elapsed=3.1 min | eta=4.5 min
[2026-09-16 01:25:16] INFO Epoch 001 | train batch=930/2262 | elapsed=3.1 min | eta=4.5 min
[2026-09-16 01:25:18] INFO Epoch 001 | train batch=940/2262 | elapsed=3.2 min | eta=4.4 min
[2026-09-16 01:25:20] INFO Epoch 001 | train batch=950/2262 | elapsed=3.2 min | eta=4.4 min
[2026-09-16 01:25:22] INFO Epoch 001 | train batch=960/2262 | elapsed=3.2 min | eta=4.4 min
[2026-09-16 01:25:24] INFO Epoch 001 | train batch=970/2262 | elapsed=3.3 min | eta=4.3 min
[2026-09-16 01:25:26] INFO Epoch 001 | train batch=980/2262 | elapsed=3.3 min | eta=4.3 min
[2026-09-16 01:25:28] INFO Epoch 001 | train batch=990/2262 | elapsed=3.3 min | eta=4.3 min
[2026-09-16 01:25:30] INFO Epoch 001 | train batch=1000/2262 | elapsed=3.4 min | eta=4.2 min
[2026-09-16 01:25:32] INFO Epoch 001 | train batch=1010/2262 | elapsed=3.4 min | eta=4.2 min
[2026-09-16 01:25:34] INFO Epoch 001 | train batch=1020/2262 | elapsed=3.4 min | eta=4.2 min
[2026-09-16 01:25:36] INFO Epoch 001 | train batch=1030/2262 | elapsed=3.5 min | eta=4.1 min
[2026-09-16 01:25:38] INFO Epoch 001 | train batch=1040/2262 | elapsed=3.5 min | eta=4.1 min
[2026-09-16 01:25:40] INFO Epoch 001 | train batch=1050/2262 | elapsed=3.5 min | eta=4.1 min
[2026-09-16 01:25:42] INFO Epoch 001 | train batch=1060/2262 | elapsed=3.6 min | eta=4.0 min
[2026-09-16 01:25:44] INFO Epoch 001 | train batch=1070/2262 | elapsed=3.6 min | eta=4.0 min
[2026-09-16 01:25:46] INFO Epoch 001 | train batch=1080/2262 | elapsed=3.6 min | eta=4.0 min
[2026-09-16 01:25:48] INFO Epoch 001 | train batch=1090/2262 | elapsed=3.7 min | eta=3.9 min
[2026-09-16 01:25:50] INFO Epoch 001 | train batch=1100/2262 | elapsed=3.7 min | eta=3.9 min
[2026-09-16 01:25:52] INFO Epoch 001 | train batch=1110/2262 | elapsed=3.7 min | eta=3.9 min
[2026-09-16 01:25:54] INFO Epoch 001 | train batch=1120/2262 | elapsed=3.8 min | eta=3.8 min
[2026-09-16 01:25:56] INFO Epoch 001 | train batch=1130/2262 | elapsed=3.8 min | eta=3.8 min
[2026-09-16 01:25:58] INFO Epoch 001 | train batch=1140/2262 | elapsed=3.8 min | eta=3.8 min
[2026-09-16 01:26:00] INFO Epoch 001 | train batch=1150/2262 | elapsed=3.9 min | eta=3.7 min
[2026-09-16 01:26:02] INFO Epoch 001 | train batch=1160/2262 | elapsed=3.9 min | eta=3.7 min
[2026-09-16 01:26:04] INFO Epoch 001 | train batch=1170/2262 | elapsed=3.9 min | eta=3.7 min
[2026-09-16 01:26:06] INFO Epoch 001 | train batch=1180/2262 | elapsed=4.0 min | eta=3.6 min
[2026-09-16 01:26:09] INFO Epoch 001 | train batch=1190/2262 | elapsed=4.0 min | eta=3.6 min
[2026-09-16 01:26:11] INFO Epoch 001 | train batch=1200/2262 | elapsed=4.0 min | eta=3.6 min
[2026-09-16 01:26:13] INFO Epoch 001 | train batch=1210/2262 | elapsed=4.1 min | eta=3.5 min
[2026-09-16 01:26:15] INFO Epoch 001 | train batch=1220/2262 | elapsed=4.1 min | eta=3.5 min
[2026-09-16 01:26:17] INFO Epoch 001 | train batch=1230/2262 | elapsed=4.1 min | eta=3.5 min
[2026-09-16 01:26:19] INFO Epoch 001 | train batch=1240/2262 | elapsed=4.2 min | eta=3.4 min
[2026-09-16 01:26:21] INFO Epoch 001 | train batch=1250/2262 | elapsed=4.2 min | eta=3.4 min
[2026-09-16 01:26:23] INFO Epoch 001 | train batch=1260/2262 | elapsed=4.2 min | eta=3.4 min
[2026-09-16 01:26:25] INFO Epoch 001 | train batch=1270/2262 | elapsed=4.3 min | eta=3.3 min
[2026-09-16 01:26:27] INFO Epoch 001 | train batch=1280/2262 | elapsed=4.3 min | eta=3.3 min
[2026-09-16 01:26:29] INFO Epoch 001 | train batch=1290/2262 | elapsed=4.4 min | eta=3.3 min
[2026-09-16 01:26:31] INFO Epoch 001 | train batch=1300/2262 | elapsed=4.4 min | eta=3.2 min
[2026-09-16 01:26:33] INFO Epoch 001 | train batch=1310/2262 | elapsed=4.4 min | eta=3.2 min
[2026-09-16 01:26:35] INFO Epoch 001 | train batch=1320/2262 | elapsed=4.5 min | eta=3.2 min
[2026-09-16 01:26:37] INFO Epoch 001 | train batch=1330/2262 | elapsed=4.5 min | eta=3.1 min
[2026-09-16 01:26:39] INFO Epoch 001 | train batch=1340/2262 | elapsed=4.5 min | eta=3.1 min
[2026-09-16 01:26:41] INFO Epoch 001 | train batch=1350/2262 | elapsed=4.6 min | eta=3.1 min
[2026-09-16 01:26:43] INFO Epoch 001 | train batch=1360/2262 | elapsed=4.6 min | eta=3.0 min
[2026-09-16 01:26:45] INFO Epoch 001 | train batch=1370/2262 | elapsed=4.6 min | eta=3.0 min
[2026-09-16 01:26:47] INFO Epoch 001 | train batch=1380/2262 | elapsed=4.7 min | eta=3.0 min
[2026-09-16 01:26:49] INFO Epoch 001 | train batch=1390/2262 | elapsed=4.7 min | eta=2.9 min
[2026-09-16 01:26:51] INFO Epoch 001 | train batch=1400/2262 | elapsed=4.7 min | eta=2.9 min
[2026-09-16 01:26:53] INFO Epoch 001 | train batch=1410/2262 | elapsed=4.8 min | eta=2.9 min
[2026-09-16 01:26:55] INFO Epoch 001 | train batch=1420/2262 | elapsed=4.8 min | eta=2.8 min
[2026-09-16 01:26:57] INFO Epoch 001 | train batch=1430/2262 | elapsed=4.8 min | eta=2.8 min
[2026-09-16 01:26:59] INFO Epoch 001 | train batch=1440/2262 | elapsed=4.9 min | eta=2.8 min
[2026-09-16 01:27:02] INFO Epoch 001 | train batch=1450/2262 | elapsed=4.9 min | eta=2.7 min
[2026-09-16 01:27:04] INFO Epoch 001 | train batch=1460/2262 | elapsed=4.9 min | eta=2.7 min
[2026-09-16 01:27:06] INFO Epoch 001 | train batch=1470/2262 | elapsed=5.0 min | eta=2.7 min
[2026-09-16 01:27:08] INFO Epoch 001 | train batch=1480/2262 | elapsed=5.0 min | eta=2.6 min
[2026-09-16 01:27:10] INFO Epoch 001 | train batch=1490/2262 | elapsed=5.0 min | eta=2.6 min
[2026-09-16 01:27:12] INFO Epoch 001 | train batch=1500/2262 | elapsed=5.1 min | eta=2.6 min
[2026-09-16 01:27:14] INFO Epoch 001 | train batch=1510/2262 | elapsed=5.1 min | eta=2.5 min
[2026-09-16 01:27:16] INFO Epoch 001 | train batch=1520/2262 | elapsed=5.1 min | eta=2.5 min
[2026-09-16 01:27:18] INFO Epoch 001 | train batch=1530/2262 | elapsed=5.2 min | eta=2.5 min
[2026-09-16 01:27:20] INFO Epoch 001 | train batch=1540/2262 | elapsed=5.2 min | eta=2.4 min
[2026-09-16 01:27:22] INFO Epoch 001 | train batch=1550/2262 | elapsed=5.2 min | eta=2.4 min
[2026-09-16 01:27:24] INFO Epoch 001 | train batch=1560/2262 | elapsed=5.3 min | eta=2.4 min
[2026-09-16 01:27:26] INFO Epoch 001 | train batch=1570/2262 | elapsed=5.3 min | eta=2.3 min
[2026-09-16 01:27:28] INFO Epoch 001 | train batch=1580/2262 | elapsed=5.3 min | eta=2.3 min
[2026-09-16 01:27:30] INFO Epoch 001 | train batch=1590/2262 | elapsed=5.4 min | eta=2.3 min
[2026-09-16 01:27:32] INFO Epoch 001 | train batch=1600/2262 | elapsed=5.4 min | eta=2.2 min
[2026-09-16 01:27:34] INFO Epoch 001 | train batch=1610/2262 | elapsed=5.4 min | eta=2.2 min
[2026-09-16 01:27:36] INFO Epoch 001 | train batch=1620/2262 | elapsed=5.5 min | eta=2.2 min
[2026-09-16 01:27:38] INFO Epoch 001 | train batch=1630/2262 | elapsed=5.5 min | eta=2.1 min
[2026-09-16 01:27:40] INFO Epoch 001 | train batch=1640/2262 | elapsed=5.5 min | eta=2.1 min
[2026-09-16 01:27:42] INFO Epoch 001 | train batch=1650/2262 | elapsed=5.6 min | eta=2.1 min
[2026-09-16 01:27:44] INFO Epoch 001 | train batch=1660/2262 | elapsed=5.6 min | eta=2.0 min
[2026-09-16 01:27:46] INFO Epoch 001 | train batch=1670/2262 | elapsed=5.6 min | eta=2.0 min
[2026-09-16 01:27:48] INFO Epoch 001 | train batch=1680/2262 | elapsed=5.7 min | eta=2.0 min
[2026-09-16 01:27:50] INFO Epoch 001 | train batch=1690/2262 | elapsed=5.7 min | eta=1.9 min
[2026-09-16 01:27:53] INFO Epoch 001 | train batch=1700/2262 | elapsed=5.7 min | eta=1.9 min
[2026-09-16 01:27:55] INFO Epoch 001 | train batch=1710/2262 | elapsed=5.8 min | eta=1.9 min
[2026-09-16 01:27:57] INFO Epoch 001 | train batch=1720/2262 | elapsed=5.8 min | eta=1.8 min
[2026-09-16 01:27:59] INFO Epoch 001 | train batch=1730/2262 | elapsed=5.8 min | eta=1.8 min
[2026-09-16 01:28:01] INFO Epoch 001 | train batch=1740/2262 | elapsed=5.9 min | eta=1.8 min
[2026-09-16 01:28:03] INFO Epoch 001 | train batch=1750/2262 | elapsed=5.9 min | eta=1.7 min
[2026-09-16 01:28:05] INFO Epoch 001 | train batch=1760/2262 | elapsed=5.9 min | eta=1.7 min
[2026-09-16 01:28:07] INFO Epoch 001 | train batch=1770/2262 | elapsed=6.0 min | eta=1.7 min
[2026-09-16 01:28:09] INFO Epoch 001 | train batch=1780/2262 | elapsed=6.0 min | eta=1.6 min
[2026-09-16 01:28:11] INFO Epoch 001 | train batch=1790/2262 | elapsed=6.0 min | eta=1.6 min
[2026-09-16 01:28:13] INFO Epoch 001 | train batch=1800/2262 | elapsed=6.1 min | eta=1.6 min
[2026-09-16 01:28:15] INFO Epoch 001 | train batch=1810/2262 | elapsed=6.1 min | eta=1.5 min
[2026-09-16 01:28:17] INFO Epoch 001 | train batch=1820/2262 | elapsed=6.2 min | eta=1.5 min
[2026-09-16 01:28:19] INFO Epoch 001 | train batch=1830/2262 | elapsed=6.2 min | eta=1.5 min
[2026-09-16 01:28:21] INFO Epoch 001 | train batch=1840/2262 | elapsed=6.2 min | eta=1.4 min
[2026-09-16 01:28:23] INFO Epoch 001 | train batch=1850/2262 | elapsed=6.3 min | eta=1.4 min
[2026-09-16 01:28:25] INFO Epoch 001 | train batch=1860/2262 | elapsed=6.3 min | eta=1.4 min
[2026-09-16 01:28:27] INFO Epoch 001 | train batch=1870/2262 | elapsed=6.3 min | eta=1.3 min
[2026-09-16 01:28:29] INFO Epoch 001 | train batch=1880/2262 | elapsed=6.4 min | eta=1.3 min
[2026-09-16 01:28:31] INFO Epoch 001 | train batch=1890/2262 | elapsed=6.4 min | eta=1.3 min
[2026-09-16 01:28:33] INFO Epoch 001 | train batch=1900/2262 | elapsed=6.4 min | eta=1.2 min
[2026-09-16 01:28:35] INFO Epoch 001 | train batch=1910/2262 | elapsed=6.5 min | eta=1.2 min
[2026-09-16 01:28:37] INFO Epoch 001 | train batch=1920/2262 | elapsed=6.5 min | eta=1.2 min
[2026-09-16 01:28:39] INFO Epoch 001 | train batch=1930/2262 | elapsed=6.5 min | eta=1.1 min
[2026-09-16 01:28:41] INFO Epoch 001 | train batch=1940/2262 | elapsed=6.6 min | eta=1.1 min
[2026-09-16 01:28:43] INFO Epoch 001 | train batch=1950/2262 | elapsed=6.6 min | eta=1.1 min
[2026-09-16 01:28:45] INFO Epoch 001 | train batch=1960/2262 | elapsed=6.6 min | eta=1.0 min
[2026-09-16 01:28:47] INFO Epoch 001 | train batch=1970/2262 | elapsed=6.7 min | eta=1.0 min
[2026-09-16 01:28:49] INFO Epoch 001 | train batch=1980/2262 | elapsed=6.7 min | eta=1.0 min
[2026-09-16 01:28:52] INFO Epoch 001 | train batch=1990/2262 | elapsed=6.7 min | eta=0.9 min
[2026-09-16 01:28:54] INFO Epoch 001 | train batch=2000/2262 | elapsed=6.8 min | eta=0.9 min
[2026-09-16 01:28:56] INFO Epoch 001 | train batch=2010/2262 | elapsed=6.8 min | eta=0.9 min
[2026-09-16 01:28:58] INFO Epoch 001 | train batch=2020/2262 | elapsed=6.8 min | eta=0.8 min
[2026-09-16 01:29:00] INFO Epoch 001 | train batch=2030/2262 | elapsed=6.9 min | eta=0.8 min
[2026-09-16 01:29:02] INFO Epoch 001 | train batch=2040/2262 | elapsed=6.9 min | eta=0.8 min
[2026-09-16 01:29:04] INFO Epoch 001 | train batch=2050/2262 | elapsed=6.9 min | eta=0.7 min
[2026-09-16 01:29:06] INFO Epoch 001 | train batch=2060/2262 | elapsed=7.0 min | eta=0.7 min
[2026-09-16 01:29:08] INFO Epoch 001 | train batch=2070/2262 | elapsed=7.0 min | eta=0.6 min
[2026-09-16 01:29:10] INFO Epoch 001 | train batch=2080/2262 | elapsed=7.0 min | eta=0.6 min
[2026-09-16 01:29:12] INFO Epoch 001 | train batch=2090/2262 | elapsed=7.1 min | eta=0.6 min
[2026-09-16 01:29:14] INFO Epoch 001 | train batch=2100/2262 | elapsed=7.1 min | eta=0.5 min
[2026-09-16 01:29:16] INFO Epoch 001 | train batch=2110/2262 | elapsed=7.1 min | eta=0.5 min
[2026-09-16 01:29:18] INFO Epoch 001 | train batch=2120/2262 | elapsed=7.2 min | eta=0.5 min
[2026-09-16 01:29:20] INFO Epoch 001 | train batch=2130/2262 | elapsed=7.2 min | eta=0.4 min
[2026-09-16 01:29:22] INFO Epoch 001 | train batch=2140/2262 | elapsed=7.2 min | eta=0.4 min
[2026-09-16 01:29:24] INFO Epoch 001 | train batch=2150/2262 | elapsed=7.3 min | eta=0.4 min
[2026-09-16 01:29:26] INFO Epoch 001 | train batch=2160/2262 | elapsed=7.3 min | eta=0.3 min
[2026-09-16 01:29:28] INFO Epoch 001 | train batch=2170/2262 | elapsed=7.3 min | eta=0.3 min
[2026-09-16 01:29:30] INFO Epoch 001 | train batch=2180/2262 | elapsed=7.4 min | eta=0.3 min
[2026-09-16 01:29:32] INFO Epoch 001 | train batch=2190/2262 | elapsed=7.4 min | eta=0.2 min
[2026-09-16 01:29:34] INFO Epoch 001 | train batch=2200/2262 | elapsed=7.4 min | eta=0.2 min
[2026-09-16 01:29:36] INFO Epoch 001 | train batch=2210/2262 | elapsed=7.5 min | eta=0.2 min
[2026-09-16 01:29:38] INFO Epoch 001 | train batch=2220/2262 | elapsed=7.5 min | eta=0.1 min
[2026-09-16 01:29:40] INFO Epoch 001 | train batch=2230/2262 | elapsed=7.5 min | eta=0.1 min
[2026-09-16 01:29:42] INFO Epoch 001 | train batch=2240/2262 | elapsed=7.6 min | eta=0.1 min
[2026-09-16 01:29:44] INFO Epoch 001 | train batch=2250/2262 | elapsed=7.6 min | eta=0.0 min
[2026-09-16 01:29:47] INFO Epoch 001 | train batch=2260/2262 | elapsed=7.6 min | eta=0.0 min
[2026-09-16 01:29:47] INFO Epoch 001 | train batch=2262/2262 | elapsed=7.6 min | eta=0.0 min
[2026-09-16 01:29:47] INFO Epoch 001 | val batch=1/307 | elapsed=0.0 min | eta=1.0 min
[2026-09-16 01:29:49] INFO Epoch 001 | val batch=10/307 | elapsed=0.0 min | eta=1.0 min
[2026-09-16 01:29:51] INFO Epoch 001 | val batch=20/307 | elapsed=0.1 min | eta=0.9 min
[2026-09-16 01:29:53] INFO Epoch 001 | val batch=30/307 | elapsed=0.1 min | eta=0.9 min
[2026-09-16 01:29:55] INFO Epoch 001 | val batch=40/307 | elapsed=0.1 min | eta=0.9 min
[2026-09-16 01:29:57] INFO Epoch 001 | val batch=50/307 | elapsed=0.2 min | eta=0.8 min
[2026-09-16 01:29:59] INFO Epoch 001 | val batch=60/307 | elapsed=0.2 min | eta=0.8 min
[2026-09-16 01:30:01] INFO Epoch 001 | val batch=70/307 | elapsed=0.2 min | eta=0.8 min
[2026-09-16 01:30:03] INFO Epoch 001 | val batch=80/307 | elapsed=0.3 min | eta=0.7 min
[2026-09-16 01:30:05] INFO Epoch 001 | val batch=90/307 | elapsed=0.3 min | eta=0.7 min
[2026-09-16 01:30:07] INFO Epoch 001 | val batch=100/307 | elapsed=0.3 min | eta=0.7 min
[2026-09-16 01:30:09] INFO Epoch 001 | val batch=110/307 | elapsed=0.4 min | eta=0.7 min
[2026-09-16 01:30:11] INFO Epoch 001 | val batch=120/307 | elapsed=0.4 min | eta=0.6 min
[2026-09-16 01:30:13] INFO Epoch 001 | val batch=130/307 | elapsed=0.4 min | eta=0.6 min
[2026-09-16 01:30:15] INFO Epoch 001 | val batch=140/307 | elapsed=0.5 min | eta=0.6 min
[2026-09-16 01:30:17] INFO Epoch 001 | val batch=150/307 | elapsed=0.5 min | eta=0.5 min
[2026-09-16 01:30:19] INFO Epoch 001 | val batch=160/307 | elapsed=0.5 min | eta=0.5 min
[2026-09-16 01:30:20] INFO Epoch 001 | val batch=170/307 | elapsed=0.6 min | eta=0.5 min
[2026-09-16 01:30:22] INFO Epoch 001 | val batch=180/307 | elapsed=0.6 min | eta=0.4 min
[2026-09-16 01:30:24] INFO Epoch 001 | val batch=190/307 | elapsed=0.6 min | eta=0.4 min
[2026-09-16 01:30:26] INFO Epoch 001 | val batch=200/307 | elapsed=0.7 min | eta=0.4 min
[2026-09-16 01:30:28] INFO Epoch 001 | val batch=210/307 | elapsed=0.7 min | eta=0.3 min
[2026-09-16 01:30:30] INFO Epoch 001 | val batch=220/307 | elapsed=0.7 min | eta=0.3 min
[2026-09-16 01:30:32] INFO Epoch 001 | val batch=230/307 | elapsed=0.8 min | eta=0.3 min
[2026-09-16 01:30:34] INFO Epoch 001 | val batch=240/307 | elapsed=0.8 min | eta=0.2 min
[2026-09-16 01:30:36] INFO Epoch 001 | val batch=250/307 | elapsed=0.8 min | eta=0.2 min
[2026-09-16 01:30:38] INFO Epoch 001 | val batch=260/307 | elapsed=0.9 min | eta=0.2 min
[2026-09-16 01:30:40] INFO Epoch 001 | val batch=270/307 | elapsed=0.9 min | eta=0.1 min
[2026-09-16 01:30:42] INFO Epoch 001 | val batch=280/307 | elapsed=0.9 min | eta=0.1 min
[2026-09-16 01:30:44] INFO Epoch 001 | val batch=290/307 | elapsed=1.0 min | eta=0.1 min
[2026-09-16 01:30:46] INFO Epoch 001 | val batch=300/307 | elapsed=1.0 min | eta=0.0 min
[2026-09-16 01:30:48] INFO Epoch 001 | val batch=307/307 | elapsed=1.0 min | eta=0.0 min
[2026-09-16 01:30:48] INFO Epoch 001 | train_total=2.376367 | train_relation=2.374824 | train_distill=0.030860 | val_total=2.197812 | val_relation=2.195782 | val_distill=0.040602 | val_anchors=1596400 | val_candidates=21057400 | val_teacher_keff=4.222 | val_student_keff=7.628 | seconds(train/val)=458.96/60.78
[2026-09-16 01:30:48] INFO Checkpoint updated | epoch=1 | best_val_relation=2.195782 | path=C:\Users\clw\projects\researchRep\STAnchor-BlockMemory\artifacts\paper_final_joint_context_offset_only_seed42\retrieval_adaptation\pemsbay\retrieval_t1_best.pt
[2026-09-16 01:30:48] INFO Epoch 002/008 started | train_batches=2262 | val_batches=307
[2026-09-16 01:30:48] INFO Epoch 002 | train batch=1/2262 | elapsed=0.0 min | eta=7.7 min
[2026-09-16 01:30:50] INFO Epoch 002 | train batch=10/2262 | elapsed=0.0 min | eta=7.6 min
[2026-09-16 01:30:52] INFO Epoch 002 | train batch=20/2262 | elapsed=0.1 min | eta=7.6 min
[2026-09-16 01:30:54] INFO Epoch 002 | train batch=30/2262 | elapsed=0.1 min | eta=7.6 min
[2026-09-16 01:30:56] INFO Epoch 002 | train batch=40/2262 | elapsed=0.1 min | eta=7.5 min
[2026-09-16 01:30:58] INFO Epoch 002 | train batch=50/2262 | elapsed=0.2 min | eta=7.5 min
[2026-09-16 01:31:00] INFO Epoch 002 | train batch=60/2262 | elapsed=0.2 min | eta=7.5 min
[2026-09-16 01:31:02] INFO Epoch 002 | train batch=70/2262 | elapsed=0.2 min | eta=7.4 min
[2026-09-16 01:31:04] INFO Epoch 002 | train batch=80/2262 | elapsed=0.3 min | eta=7.4 min
[2026-09-16 01:31:06] INFO Epoch 002 | train batch=90/2262 | elapsed=0.3 min | eta=7.4 min
[2026-09-16 01:31:08] INFO Epoch 002 | train batch=100/2262 | elapsed=0.3 min | eta=7.3 min
[2026-09-16 01:31:10] INFO Epoch 002 | train batch=110/2262 | elapsed=0.4 min | eta=7.3 min
[2026-09-16 01:31:12] INFO Epoch 002 | train batch=120/2262 | elapsed=0.4 min | eta=7.3 min
[2026-09-16 01:31:14] INFO Epoch 002 | train batch=130/2262 | elapsed=0.4 min | eta=7.2 min
[2026-09-16 01:31:16] INFO Epoch 002 | train batch=140/2262 | elapsed=0.5 min | eta=7.2 min
[2026-09-16 01:31:18] INFO Epoch 002 | train batch=150/2262 | elapsed=0.5 min | eta=7.2 min
[2026-09-16 01:31:20] INFO Epoch 002 | train batch=160/2262 | elapsed=0.5 min | eta=7.1 min
[2026-09-16 01:31:22] INFO Epoch 002 | train batch=170/2262 | elapsed=0.6 min | eta=7.1 min
[2026-09-16 01:31:24] INFO Epoch 002 | train batch=180/2262 | elapsed=0.6 min | eta=7.1 min
[2026-09-16 01:31:26] INFO Epoch 002 | train batch=190/2262 | elapsed=0.6 min | eta=7.0 min
[2026-09-16 01:31:28] INFO Epoch 002 | train batch=200/2262 | elapsed=0.7 min | eta=7.0 min
[2026-09-16 01:31:30] INFO Epoch 002 | train batch=210/2262 | elapsed=0.7 min | eta=7.0 min
[2026-09-16 01:31:32] INFO Epoch 002 | train batch=220/2262 | elapsed=0.7 min | eta=6.9 min
[2026-09-16 01:31:34] INFO Epoch 002 | train batch=230/2262 | elapsed=0.8 min | eta=6.9 min
[2026-09-16 01:31:36] INFO Epoch 002 | train batch=240/2262 | elapsed=0.8 min | eta=6.9 min
[2026-09-16 01:31:38] INFO Epoch 002 | train batch=250/2262 | elapsed=0.8 min | eta=6.8 min
[2026-09-16 01:31:41] INFO Epoch 002 | train batch=260/2262 | elapsed=0.9 min | eta=6.8 min
[2026-09-16 01:31:43] INFO Epoch 002 | train batch=270/2262 | elapsed=0.9 min | eta=6.7 min
[2026-09-16 01:31:45] INFO Epoch 002 | train batch=280/2262 | elapsed=0.9 min | eta=6.7 min
[2026-09-16 01:31:47] INFO Epoch 002 | train batch=290/2262 | elapsed=1.0 min | eta=6.7 min
[2026-09-16 01:31:49] INFO Epoch 002 | train batch=300/2262 | elapsed=1.0 min | eta=6.6 min
[2026-09-16 01:31:51] INFO Epoch 002 | train batch=310/2262 | elapsed=1.1 min | eta=6.6 min
[2026-09-16 01:31:53] INFO Epoch 002 | train batch=320/2262 | elapsed=1.1 min | eta=6.6 min
[2026-09-16 01:31:55] INFO Epoch 002 | train batch=330/2262 | elapsed=1.1 min | eta=6.5 min
[2026-09-16 01:31:57] INFO Epoch 002 | train batch=340/2262 | elapsed=1.2 min | eta=6.5 min
[2026-09-16 01:31:59] INFO Epoch 002 | train batch=350/2262 | elapsed=1.2 min | eta=6.5 min
[2026-09-16 01:32:01] INFO Epoch 002 | train batch=360/2262 | elapsed=1.2 min | eta=6.4 min
[2026-09-16 01:32:03] INFO Epoch 002 | train batch=370/2262 | elapsed=1.3 min | eta=6.4 min
[2026-09-16 01:32:05] INFO Epoch 002 | train batch=380/2262 | elapsed=1.3 min | eta=6.4 min
[2026-09-16 01:32:07] INFO Epoch 002 | train batch=390/2262 | elapsed=1.3 min | eta=6.3 min
[2026-09-16 01:32:09] INFO Epoch 002 | train batch=400/2262 | elapsed=1.4 min | eta=6.3 min
[2026-09-16 01:32:11] INFO Epoch 002 | train batch=410/2262 | elapsed=1.4 min | eta=6.3 min
[2026-09-16 01:32:13] INFO Epoch 002 | train batch=420/2262 | elapsed=1.4 min | eta=6.2 min
[2026-09-16 01:32:15] INFO Epoch 002 | train batch=430/2262 | elapsed=1.5 min | eta=6.2 min
[2026-09-16 01:32:17] INFO Epoch 002 | train batch=440/2262 | elapsed=1.5 min | eta=6.2 min
[2026-09-16 01:32:19] INFO Epoch 002 | train batch=450/2262 | elapsed=1.5 min | eta=6.1 min
[2026-09-16 01:32:21] INFO Epoch 002 | train batch=460/2262 | elapsed=1.6 min | eta=6.1 min
[2026-09-16 01:32:23] INFO Epoch 002 | train batch=470/2262 | elapsed=1.6 min | eta=6.1 min
[2026-09-16 01:32:25] INFO Epoch 002 | train batch=480/2262 | elapsed=1.6 min | eta=6.0 min
[2026-09-16 01:32:27] INFO Epoch 002 | train batch=490/2262 | elapsed=1.7 min | eta=6.0 min
[2026-09-16 01:32:29] INFO Epoch 002 | train batch=500/2262 | elapsed=1.7 min | eta=6.0 min
[2026-09-16 01:32:31] INFO Epoch 002 | train batch=510/2262 | elapsed=1.7 min | eta=5.9 min
[2026-09-16 01:32:33] INFO Epoch 002 | train batch=520/2262 | elapsed=1.8 min | eta=5.9 min
[2026-09-16 01:32:35] INFO Epoch 002 | train batch=530/2262 | elapsed=1.8 min | eta=5.9 min
[2026-09-16 01:32:37] INFO Epoch 002 | train batch=540/2262 | elapsed=1.8 min | eta=5.8 min
[2026-09-16 01:32:40] INFO Epoch 002 | train batch=550/2262 | elapsed=1.9 min | eta=5.8 min
[2026-09-16 01:32:42] INFO Epoch 002 | train batch=560/2262 | elapsed=1.9 min | eta=5.8 min
[2026-09-16 01:32:44] INFO Epoch 002 | train batch=570/2262 | elapsed=1.9 min | eta=5.7 min
[2026-09-16 01:32:46] INFO Epoch 002 | train batch=580/2262 | elapsed=2.0 min | eta=5.7 min
[2026-09-16 01:32:48] INFO Epoch 002 | train batch=590/2262 | elapsed=2.0 min | eta=5.7 min
[2026-09-16 01:32:50] INFO Epoch 002 | train batch=600/2262 | elapsed=2.0 min | eta=5.6 min
[2026-09-16 01:32:52] INFO Epoch 002 | train batch=610/2262 | elapsed=2.1 min | eta=5.6 min
[2026-09-16 01:32:54] INFO Epoch 002 | train batch=620/2262 | elapsed=2.1 min | eta=5.6 min
[2026-09-16 01:32:56] INFO Epoch 002 | train batch=630/2262 | elapsed=2.1 min | eta=5.5 min
[2026-09-16 01:32:58] INFO Epoch 002 | train batch=640/2262 | elapsed=2.2 min | eta=5.5 min
[2026-09-16 01:33:00] INFO Epoch 002 | train batch=650/2262 | elapsed=2.2 min | eta=5.5 min
[2026-09-16 01:33:02] INFO Epoch 002 | train batch=660/2262 | elapsed=2.2 min | eta=5.4 min
[2026-09-16 01:33:04] INFO Epoch 002 | train batch=670/2262 | elapsed=2.3 min | eta=5.4 min
[2026-09-16 01:33:06] INFO Epoch 002 | train batch=680/2262 | elapsed=2.3 min | eta=5.4 min
[2026-09-16 01:33:08] INFO Epoch 002 | train batch=690/2262 | elapsed=2.3 min | eta=5.3 min
[2026-09-16 01:33:10] INFO Epoch 002 | train batch=700/2262 | elapsed=2.4 min | eta=5.3 min
[2026-09-16 01:33:12] INFO Epoch 002 | train batch=710/2262 | elapsed=2.4 min | eta=5.3 min
[2026-09-16 01:33:14] INFO Epoch 002 | train batch=720/2262 | elapsed=2.4 min | eta=5.2 min
[2026-09-16 01:33:16] INFO Epoch 002 | train batch=730/2262 | elapsed=2.5 min | eta=5.2 min
[2026-09-16 01:33:18] INFO Epoch 002 | train batch=740/2262 | elapsed=2.5 min | eta=5.2 min
[2026-09-16 01:33:20] INFO Epoch 002 | train batch=750/2262 | elapsed=2.5 min | eta=5.1 min
[2026-09-16 01:33:22] INFO Epoch 002 | train batch=760/2262 | elapsed=2.6 min | eta=5.1 min
[2026-09-16 01:33:24] INFO Epoch 002 | train batch=770/2262 | elapsed=2.6 min | eta=5.1 min
[2026-09-16 01:33:26] INFO Epoch 002 | train batch=780/2262 | elapsed=2.6 min | eta=5.0 min
[2026-09-16 01:33:28] INFO Epoch 002 | train batch=790/2262 | elapsed=2.7 min | eta=5.0 min
[2026-09-16 01:33:30] INFO Epoch 002 | train batch=800/2262 | elapsed=2.7 min | eta=5.0 min
[2026-09-16 01:33:32] INFO Epoch 002 | train batch=810/2262 | elapsed=2.7 min | eta=4.9 min
[2026-09-16 01:33:35] INFO Epoch 002 | train batch=820/2262 | elapsed=2.8 min | eta=4.9 min
[2026-09-16 01:33:37] INFO Epoch 002 | train batch=830/2262 | elapsed=2.8 min | eta=4.9 min
[2026-09-16 01:33:39] INFO Epoch 002 | train batch=840/2262 | elapsed=2.8 min | eta=4.8 min
[2026-09-16 01:33:41] INFO Epoch 002 | train batch=850/2262 | elapsed=2.9 min | eta=4.8 min
[2026-09-16 01:33:43] INFO Epoch 002 | train batch=860/2262 | elapsed=2.9 min | eta=4.8 min
[2026-09-16 01:33:45] INFO Epoch 002 | train batch=870/2262 | elapsed=3.0 min | eta=4.7 min
[2026-09-16 01:33:47] INFO Epoch 002 | train batch=880/2262 | elapsed=3.0 min | eta=4.7 min
[2026-09-16 01:33:49] INFO Epoch 002 | train batch=890/2262 | elapsed=3.0 min | eta=4.7 min
[2026-09-16 01:33:51] INFO Epoch 002 | train batch=900/2262 | elapsed=3.1 min | eta=4.6 min
[2026-09-16 01:33:53] INFO Epoch 002 | train batch=910/2262 | elapsed=3.1 min | eta=4.6 min
[2026-09-16 01:33:55] INFO Epoch 002 | train batch=920/2262 | elapsed=3.1 min | eta=4.6 min
[2026-09-16 01:33:57] INFO Epoch 002 | train batch=930/2262 | elapsed=3.2 min | eta=4.5 min
[2026-09-16 01:33:59] INFO Epoch 002 | train batch=940/2262 | elapsed=3.2 min | eta=4.5 min
[2026-09-16 01:34:01] INFO Epoch 002 | train batch=950/2262 | elapsed=3.2 min | eta=4.4 min
[2026-09-16 01:34:03] INFO Epoch 002 | train batch=960/2262 | elapsed=3.3 min | eta=4.4 min
[2026-09-16 01:34:05] INFO Epoch 002 | train batch=970/2262 | elapsed=3.3 min | eta=4.4 min
[2026-09-16 01:34:07] INFO Epoch 002 | train batch=980/2262 | elapsed=3.3 min | eta=4.3 min
[2026-09-16 01:34:09] INFO Epoch 002 | train batch=990/2262 | elapsed=3.4 min | eta=4.3 min
[2026-09-16 01:34:11] INFO Epoch 002 | train batch=1000/2262 | elapsed=3.4 min | eta=4.3 min
[2026-09-16 01:34:13] INFO Epoch 002 | train batch=1010/2262 | elapsed=3.4 min | eta=4.2 min
[2026-09-16 01:34:15] INFO Epoch 002 | train batch=1020/2262 | elapsed=3.5 min | eta=4.2 min
[2026-09-16 01:34:17] INFO Epoch 002 | train batch=1030/2262 | elapsed=3.5 min | eta=4.2 min
[2026-09-16 01:34:19] INFO Epoch 002 | train batch=1040/2262 | elapsed=3.5 min | eta=4.1 min
[2026-09-16 01:34:21] INFO Epoch 002 | train batch=1050/2262 | elapsed=3.6 min | eta=4.1 min
[2026-09-16 01:34:23] INFO Epoch 002 | train batch=1060/2262 | elapsed=3.6 min | eta=4.1 min
[2026-09-16 01:34:25] INFO Epoch 002 | train batch=1070/2262 | elapsed=3.6 min | eta=4.0 min
[2026-09-16 01:34:27] INFO Epoch 002 | train batch=1080/2262 | elapsed=3.7 min | eta=4.0 min
[2026-09-16 01:34:29] INFO Epoch 002 | train batch=1090/2262 | elapsed=3.7 min | eta=4.0 min
[2026-09-16 01:34:32] INFO Epoch 002 | train batch=1100/2262 | elapsed=3.7 min | eta=3.9 min
[2026-09-16 01:34:34] INFO Epoch 002 | train batch=1110/2262 | elapsed=3.8 min | eta=3.9 min
[2026-09-16 01:34:36] INFO Epoch 002 | train batch=1120/2262 | elapsed=3.8 min | eta=3.9 min
[2026-09-16 01:34:38] INFO Epoch 002 | train batch=1130/2262 | elapsed=3.8 min | eta=3.8 min
[2026-09-16 01:34:40] INFO Epoch 002 | train batch=1140/2262 | elapsed=3.9 min | eta=3.8 min
[2026-09-16 01:34:42] INFO Epoch 002 | train batch=1150/2262 | elapsed=3.9 min | eta=3.8 min
[2026-09-16 01:34:44] INFO Epoch 002 | train batch=1160/2262 | elapsed=3.9 min | eta=3.7 min
[2026-09-16 01:34:46] INFO Epoch 002 | train batch=1170/2262 | elapsed=4.0 min | eta=3.7 min
[2026-09-16 01:34:48] INFO Epoch 002 | train batch=1180/2262 | elapsed=4.0 min | eta=3.7 min
[2026-09-16 01:34:50] INFO Epoch 002 | train batch=1190/2262 | elapsed=4.0 min | eta=3.6 min
[2026-09-16 01:34:52] INFO Epoch 002 | train batch=1200/2262 | elapsed=4.1 min | eta=3.6 min
[2026-09-16 01:34:54] INFO Epoch 002 | train batch=1210/2262 | elapsed=4.1 min | eta=3.6 min
[2026-09-16 01:34:56] INFO Epoch 002 | train batch=1220/2262 | elapsed=4.1 min | eta=3.5 min
[2026-09-16 01:34:58] INFO Epoch 002 | train batch=1230/2262 | elapsed=4.2 min | eta=3.5 min
[2026-09-16 01:35:00] INFO Epoch 002 | train batch=1240/2262 | elapsed=4.2 min | eta=3.5 min
[2026-09-16 01:35:02] INFO Epoch 002 | train batch=1250/2262 | elapsed=4.2 min | eta=3.4 min
[2026-09-16 01:35:04] INFO Epoch 002 | train batch=1260/2262 | elapsed=4.3 min | eta=3.4 min
[2026-09-16 01:35:06] INFO Epoch 002 | train batch=1270/2262 | elapsed=4.3 min | eta=3.4 min
[2026-09-16 01:35:08] INFO Epoch 002 | train batch=1280/2262 | elapsed=4.3 min | eta=3.3 min
[2026-09-16 01:35:10] INFO Epoch 002 | train batch=1290/2262 | elapsed=4.4 min | eta=3.3 min
[2026-09-16 01:35:12] INFO Epoch 002 | train batch=1300/2262 | elapsed=4.4 min | eta=3.3 min
[2026-09-16 01:35:14] INFO Epoch 002 | train batch=1310/2262 | elapsed=4.4 min | eta=3.2 min
[2026-09-16 01:35:16] INFO Epoch 002 | train batch=1320/2262 | elapsed=4.5 min | eta=3.2 min
[2026-09-16 01:35:18] INFO Epoch 002 | train batch=1330/2262 | elapsed=4.5 min | eta=3.2 min
[2026-09-16 01:35:20] INFO Epoch 002 | train batch=1340/2262 | elapsed=4.5 min | eta=3.1 min
[2026-09-16 01:35:22] INFO Epoch 002 | train batch=1350/2262 | elapsed=4.6 min | eta=3.1 min
[2026-09-16 01:35:24] INFO Epoch 002 | train batch=1360/2262 | elapsed=4.6 min | eta=3.1 min
[2026-09-16 01:35:26] INFO Epoch 002 | train batch=1370/2262 | elapsed=4.6 min | eta=3.0 min
[2026-09-16 01:35:28] INFO Epoch 002 | train batch=1380/2262 | elapsed=4.7 min | eta=3.0 min
[2026-09-16 01:35:30] INFO Epoch 002 | train batch=1390/2262 | elapsed=4.7 min | eta=3.0 min
[2026-09-16 01:35:33] INFO Epoch 002 | train batch=1400/2262 | elapsed=4.7 min | eta=2.9 min
[2026-09-16 01:35:35] INFO Epoch 002 | train batch=1410/2262 | elapsed=4.8 min | eta=2.9 min
[2026-09-16 01:35:37] INFO Epoch 002 | train batch=1420/2262 | elapsed=4.8 min | eta=2.9 min
[2026-09-16 01:35:39] INFO Epoch 002 | train batch=1430/2262 | elapsed=4.8 min | eta=2.8 min
[2026-09-16 01:35:41] INFO Epoch 002 | train batch=1440/2262 | elapsed=4.9 min | eta=2.8 min
[2026-09-16 01:35:43] INFO Epoch 002 | train batch=1450/2262 | elapsed=4.9 min | eta=2.8 min
[2026-09-16 01:35:45] INFO Epoch 002 | train batch=1460/2262 | elapsed=5.0 min | eta=2.7 min
[2026-09-16 01:35:47] INFO Epoch 002 | train batch=1470/2262 | elapsed=5.0 min | eta=2.7 min
[2026-09-16 01:35:49] INFO Epoch 002 | train batch=1480/2262 | elapsed=5.0 min | eta=2.7 min
[2026-09-16 01:35:51] INFO Epoch 002 | train batch=1490/2262 | elapsed=5.1 min | eta=2.6 min
[2026-09-16 01:35:53] INFO Epoch 002 | train batch=1500/2262 | elapsed=5.1 min | eta=2.6 min
[2026-09-16 01:35:55] INFO Epoch 002 | train batch=1510/2262 | elapsed=5.1 min | eta=2.6 min
[2026-09-16 01:35:57] INFO Epoch 002 | train batch=1520/2262 | elapsed=5.2 min | eta=2.5 min
[2026-09-16 01:35:59] INFO Epoch 002 | train batch=1530/2262 | elapsed=5.2 min | eta=2.5 min
[2026-09-16 01:36:01] INFO Epoch 002 | train batch=1540/2262 | elapsed=5.2 min | eta=2.4 min
[2026-09-16 01:36:03] INFO Epoch 002 | train batch=1550/2262 | elapsed=5.3 min | eta=2.4 min
[2026-09-16 01:36:05] INFO Epoch 002 | train batch=1560/2262 | elapsed=5.3 min | eta=2.4 min
[2026-09-16 01:36:07] INFO Epoch 002 | train batch=1570/2262 | elapsed=5.3 min | eta=2.3 min
[2026-09-16 01:36:09] INFO Epoch 002 | train batch=1580/2262 | elapsed=5.4 min | eta=2.3 min
[2026-09-16 01:36:11] INFO Epoch 002 | train batch=1590/2262 | elapsed=5.4 min | eta=2.3 min
[2026-09-16 01:36:13] INFO Epoch 002 | train batch=1600/2262 | elapsed=5.4 min | eta=2.2 min
[2026-09-16 01:36:15] INFO Epoch 002 | train batch=1610/2262 | elapsed=5.5 min | eta=2.2 min
[2026-09-16 01:36:17] INFO Epoch 002 | train batch=1620/2262 | elapsed=5.5 min | eta=2.2 min
[2026-09-16 01:36:19] INFO Epoch 002 | train batch=1630/2262 | elapsed=5.5 min | eta=2.1 min
[2026-09-16 01:36:21] INFO Epoch 002 | train batch=1640/2262 | elapsed=5.6 min | eta=2.1 min
[2026-09-16 01:36:23] INFO Epoch 002 | train batch=1650/2262 | elapsed=5.6 min | eta=2.1 min
[2026-09-16 01:36:25] INFO Epoch 002 | train batch=1660/2262 | elapsed=5.6 min | eta=2.0 min
[2026-09-16 01:36:27] INFO Epoch 002 | train batch=1670/2262 | elapsed=5.7 min | eta=2.0 min
[2026-09-16 01:36:30] INFO Epoch 002 | train batch=1680/2262 | elapsed=5.7 min | eta=2.0 min
[2026-09-16 01:36:32] INFO Epoch 002 | train batch=1690/2262 | elapsed=5.7 min | eta=1.9 min
[2026-09-16 01:36:34] INFO Epoch 002 | train batch=1700/2262 | elapsed=5.8 min | eta=1.9 min
[2026-09-16 01:36:36] INFO Epoch 002 | train batch=1710/2262 | elapsed=5.8 min | eta=1.9 min
[2026-09-16 01:36:38] INFO Epoch 002 | train batch=1720/2262 | elapsed=5.8 min | eta=1.8 min
[2026-09-16 01:36:40] INFO Epoch 002 | train batch=1730/2262 | elapsed=5.9 min | eta=1.8 min
[2026-09-16 01:36:42] INFO Epoch 002 | train batch=1740/2262 | elapsed=5.9 min | eta=1.8 min
[2026-09-16 01:36:44] INFO Epoch 002 | train batch=1750/2262 | elapsed=5.9 min | eta=1.7 min
[2026-09-16 01:36:46] INFO Epoch 002 | train batch=1760/2262 | elapsed=6.0 min | eta=1.7 min
[2026-09-16 01:36:48] INFO Epoch 002 | train batch=1770/2262 | elapsed=6.0 min | eta=1.7 min
[2026-09-16 01:36:50] INFO Epoch 002 | train batch=1780/2262 | elapsed=6.0 min | eta=1.6 min
[2026-09-16 01:36:52] INFO Epoch 002 | train batch=1790/2262 | elapsed=6.1 min | eta=1.6 min
[2026-09-16 01:36:54] INFO Epoch 002 | train batch=1800/2262 | elapsed=6.1 min | eta=1.6 min
[2026-09-16 01:36:56] INFO Epoch 002 | train batch=1810/2262 | elapsed=6.1 min | eta=1.5 min
[2026-09-16 01:36:58] INFO Epoch 002 | train batch=1820/2262 | elapsed=6.2 min | eta=1.5 min
[2026-09-16 01:37:00] INFO Epoch 002 | train batch=1830/2262 | elapsed=6.2 min | eta=1.5 min
[2026-09-16 01:37:02] INFO Epoch 002 | train batch=1840/2262 | elapsed=6.2 min | eta=1.4 min
[2026-09-16 01:37:04] INFO Epoch 002 | train batch=1850/2262 | elapsed=6.3 min | eta=1.4 min
[2026-09-16 01:37:06] INFO Epoch 002 | train batch=1860/2262 | elapsed=6.3 min | eta=1.4 min
[2026-09-16 01:37:08] INFO Epoch 002 | train batch=1870/2262 | elapsed=6.3 min | eta=1.3 min
[2026-09-16 01:37:10] INFO Epoch 002 | train batch=1880/2262 | elapsed=6.4 min | eta=1.3 min
[2026-09-16 01:37:12] INFO Epoch 002 | train batch=1890/2262 | elapsed=6.4 min | eta=1.3 min
[2026-09-16 01:37:14] INFO Epoch 002 | train batch=1900/2262 | elapsed=6.4 min | eta=1.2 min
[2026-09-16 01:37:16] INFO Epoch 002 | train batch=1910/2262 | elapsed=6.5 min | eta=1.2 min
[2026-09-16 01:37:18] INFO Epoch 002 | train batch=1920/2262 | elapsed=6.5 min | eta=1.2 min
[2026-09-16 01:37:20] INFO Epoch 002 | train batch=1930/2262 | elapsed=6.5 min | eta=1.1 min
[2026-09-16 01:37:22] INFO Epoch 002 | train batch=1940/2262 | elapsed=6.6 min | eta=1.1 min
[2026-09-16 01:37:24] INFO Epoch 002 | train batch=1950/2262 | elapsed=6.6 min | eta=1.1 min
[2026-09-16 01:37:26] INFO Epoch 002 | train batch=1960/2262 | elapsed=6.6 min | eta=1.0 min
[2026-09-16 01:37:29] INFO Epoch 002 | train batch=1970/2262 | elapsed=6.7 min | eta=1.0 min
[2026-09-16 01:37:31] INFO Epoch 002 | train batch=1980/2262 | elapsed=6.7 min | eta=1.0 min
[2026-09-16 01:37:33] INFO Epoch 002 | train batch=1990/2262 | elapsed=6.7 min | eta=0.9 min
[2026-09-16 01:37:35] INFO Epoch 002 | train batch=2000/2262 | elapsed=6.8 min | eta=0.9 min
[2026-09-16 01:37:37] INFO Epoch 002 | train batch=2010/2262 | elapsed=6.8 min | eta=0.9 min
[2026-09-16 01:37:39] INFO Epoch 002 | train batch=2020/2262 | elapsed=6.9 min | eta=0.8 min
[2026-09-16 01:37:41] INFO Epoch 002 | train batch=2030/2262 | elapsed=6.9 min | eta=0.8 min
[2026-09-16 01:37:43] INFO Epoch 002 | train batch=2040/2262 | elapsed=6.9 min | eta=0.8 min
[2026-09-16 01:37:45] INFO Epoch 002 | train batch=2050/2262 | elapsed=7.0 min | eta=0.7 min
[2026-09-16 01:37:47] INFO Epoch 002 | train batch=2060/2262 | elapsed=7.0 min | eta=0.7 min
[2026-09-16 01:37:49] INFO Epoch 002 | train batch=2070/2262 | elapsed=7.0 min | eta=0.7 min
[2026-09-16 01:37:51] INFO Epoch 002 | train batch=2080/2262 | elapsed=7.1 min | eta=0.6 min
[2026-09-16 01:37:53] INFO Epoch 002 | train batch=2090/2262 | elapsed=7.1 min | eta=0.6 min
[2026-09-16 01:37:55] INFO Epoch 002 | train batch=2100/2262 | elapsed=7.1 min | eta=0.5 min
[2026-09-16 01:37:57] INFO Epoch 002 | train batch=2110/2262 | elapsed=7.2 min | eta=0.5 min
[2026-09-16 01:37:59] INFO Epoch 002 | train batch=2120/2262 | elapsed=7.2 min | eta=0.5 min
[2026-09-16 01:38:01] INFO Epoch 002 | train batch=2130/2262 | elapsed=7.2 min | eta=0.4 min
[2026-09-16 01:38:03] INFO Epoch 002 | train batch=2140/2262 | elapsed=7.3 min | eta=0.4 min
[2026-09-16 01:38:05] INFO Epoch 002 | train batch=2150/2262 | elapsed=7.3 min | eta=0.4 min
[2026-09-16 01:38:07] INFO Epoch 002 | train batch=2160/2262 | elapsed=7.3 min | eta=0.3 min
[2026-09-16 01:38:09] INFO Epoch 002 | train batch=2170/2262 | elapsed=7.4 min | eta=0.3 min
[2026-09-16 01:38:11] INFO Epoch 002 | train batch=2180/2262 | elapsed=7.4 min | eta=0.3 min
[2026-09-16 01:38:13] INFO Epoch 002 | train batch=2190/2262 | elapsed=7.4 min | eta=0.2 min
[2026-09-16 01:38:15] INFO Epoch 002 | train batch=2200/2262 | elapsed=7.5 min | eta=0.2 min
[2026-09-16 01:38:17] INFO Epoch 002 | train batch=2210/2262 | elapsed=7.5 min | eta=0.2 min
[2026-09-16 01:38:19] INFO Epoch 002 | train batch=2220/2262 | elapsed=7.5 min | eta=0.1 min
[2026-09-16 01:38:21] INFO Epoch 002 | train batch=2230/2262 | elapsed=7.6 min | eta=0.1 min
[2026-09-16 01:38:23] INFO Epoch 002 | train batch=2240/2262 | elapsed=7.6 min | eta=0.1 min
[2026-09-16 01:38:25] INFO Epoch 002 | train batch=2250/2262 | elapsed=7.6 min | eta=0.0 min
[2026-09-16 01:38:28] INFO Epoch 002 | train batch=2260/2262 | elapsed=7.7 min | eta=0.0 min
[2026-09-16 01:38:28] INFO Epoch 002 | train batch=2262/2262 | elapsed=7.7 min | eta=0.0 min
[2026-09-16 01:38:28] INFO Epoch 002 | val batch=1/307 | elapsed=0.0 min | eta=1.0 min
[2026-09-16 01:38:30] INFO Epoch 002 | val batch=10/307 | elapsed=0.0 min | eta=1.0 min
[2026-09-16 01:38:32] INFO Epoch 002 | val batch=20/307 | elapsed=0.1 min | eta=0.9 min
[2026-09-16 01:38:34] INFO Epoch 002 | val batch=30/307 | elapsed=0.1 min | eta=0.9 min
[2026-09-16 01:38:36] INFO Epoch 002 | val batch=40/307 | elapsed=0.1 min | eta=0.9 min
[2026-09-16 01:38:38] INFO Epoch 002 | val batch=50/307 | elapsed=0.2 min | eta=0.8 min
[2026-09-16 01:38:40] INFO Epoch 002 | val batch=60/307 | elapsed=0.2 min | eta=0.8 min
[2026-09-16 01:38:42] INFO Epoch 002 | val batch=70/307 | elapsed=0.2 min | eta=0.8 min
[2026-09-16 01:38:44] INFO Epoch 002 | val batch=80/307 | elapsed=0.3 min | eta=0.7 min
[2026-09-16 01:38:46] INFO Epoch 002 | val batch=90/307 | elapsed=0.3 min | eta=0.7 min
[2026-09-16 01:38:48] INFO Epoch 002 | val batch=100/307 | elapsed=0.3 min | eta=0.7 min
[2026-09-16 01:38:50] INFO Epoch 002 | val batch=110/307 | elapsed=0.4 min | eta=0.7 min
[2026-09-16 01:38:52] INFO Epoch 002 | val batch=120/307 | elapsed=0.4 min | eta=0.6 min
[2026-09-16 01:38:54] INFO Epoch 002 | val batch=130/307 | elapsed=0.4 min | eta=0.6 min
[2026-09-16 01:38:56] INFO Epoch 002 | val batch=140/307 | elapsed=0.5 min | eta=0.6 min
[2026-09-16 01:38:58] INFO Epoch 002 | val batch=150/307 | elapsed=0.5 min | eta=0.5 min
[2026-09-16 01:39:00] INFO Epoch 002 | val batch=160/307 | elapsed=0.5 min | eta=0.5 min
[2026-09-16 01:39:01] INFO Epoch 002 | val batch=170/307 | elapsed=0.6 min | eta=0.5 min
[2026-09-16 01:39:03] INFO Epoch 002 | val batch=180/307 | elapsed=0.6 min | eta=0.4 min
[2026-09-16 01:39:05] INFO Epoch 002 | val batch=190/307 | elapsed=0.6 min | eta=0.4 min
[2026-09-16 01:39:07] INFO Epoch 002 | val batch=200/307 | elapsed=0.7 min | eta=0.4 min
[2026-09-16 01:39:09] INFO Epoch 002 | val batch=210/307 | elapsed=0.7 min | eta=0.3 min
[2026-09-16 01:39:11] INFO Epoch 002 | val batch=220/307 | elapsed=0.7 min | eta=0.3 min
[2026-09-16 01:39:13] INFO Epoch 002 | val batch=230/307 | elapsed=0.8 min | eta=0.3 min
[2026-09-16 01:39:15] INFO Epoch 002 | val batch=240/307 | elapsed=0.8 min | eta=0.2 min
[2026-09-16 01:39:17] INFO Epoch 002 | val batch=250/307 | elapsed=0.8 min | eta=0.2 min
[2026-09-16 01:39:19] INFO Epoch 002 | val batch=260/307 | elapsed=0.9 min | eta=0.2 min
[2026-09-16 01:39:21] INFO Epoch 002 | val batch=270/307 | elapsed=0.9 min | eta=0.1 min
[2026-09-16 01:39:23] INFO Epoch 002 | val batch=280/307 | elapsed=0.9 min | eta=0.1 min
[2026-09-16 01:39:25] INFO Epoch 002 | val batch=290/307 | elapsed=1.0 min | eta=0.1 min
[2026-09-16 01:39:27] INFO Epoch 002 | val batch=300/307 | elapsed=1.0 min | eta=0.0 min
[2026-09-16 01:39:29] INFO Epoch 002 | val batch=307/307 | elapsed=1.0 min | eta=0.0 min
[2026-09-16 01:39:29] INFO Epoch 002 | train_total=2.354408 | train_relation=2.352309 | train_distill=0.041968 | val_total=2.190371 | val_relation=2.188106 | val_distill=0.045314 | val_anchors=1596400 | val_candidates=21057400 | val_teacher_keff=4.222 | val_student_keff=7.521 | seconds(train/val)=460.13/60.82
[2026-09-16 01:39:29] INFO Checkpoint updated | epoch=2 | best_val_relation=2.188106 | path=C:\Users\clw\projects\researchRep\STAnchor-BlockMemory\artifacts\paper_final_joint_context_offset_only_seed42\retrieval_adaptation\pemsbay\retrieval_t1_best.pt
[2026-09-16 01:39:29] INFO Epoch 003/008 started | train_batches=2262 | val_batches=307
[2026-09-16 01:39:29] INFO Epoch 003 | train batch=1/2262 | elapsed=0.0 min | eta=7.7 min
[2026-09-16 01:39:31] INFO Epoch 003 | train batch=10/2262 | elapsed=0.0 min | eta=7.6 min
[2026-09-16 01:39:33] INFO Epoch 003 | train batch=20/2262 | elapsed=0.1 min | eta=7.6 min
[2026-09-16 01:39:35] INFO Epoch 003 | train batch=30/2262 | elapsed=0.1 min | eta=7.6 min
[2026-09-16 01:39:37] INFO Epoch 003 | train batch=40/2262 | elapsed=0.1 min | eta=7.5 min
[2026-09-16 01:39:39] INFO Epoch 003 | train batch=50/2262 | elapsed=0.2 min | eta=7.5 min
[2026-09-16 01:39:41] INFO Epoch 003 | train batch=60/2262 | elapsed=0.2 min | eta=7.5 min
[2026-09-16 01:39:43] INFO Epoch 003 | train batch=70/2262 | elapsed=0.2 min | eta=7.4 min
[2026-09-16 01:39:45] INFO Epoch 003 | train batch=80/2262 | elapsed=0.3 min | eta=7.4 min
[2026-09-16 01:39:47] INFO Epoch 003 | train batch=90/2262 | elapsed=0.3 min | eta=7.4 min
[2026-09-16 01:39:49] INFO Epoch 003 | train batch=100/2262 | elapsed=0.3 min | eta=7.4 min
[2026-09-16 01:39:51] INFO Epoch 003 | train batch=110/2262 | elapsed=0.4 min | eta=7.3 min
[2026-09-16 01:39:53] INFO Epoch 003 | train batch=120/2262 | elapsed=0.4 min | eta=7.3 min
[2026-09-16 01:39:55] INFO Epoch 003 | train batch=130/2262 | elapsed=0.4 min | eta=7.3 min
[2026-09-16 01:39:57] INFO Epoch 003 | train batch=140/2262 | elapsed=0.5 min | eta=7.2 min
[2026-09-16 01:39:59] INFO Epoch 003 | train batch=150/2262 | elapsed=0.5 min | eta=7.2 min
[2026-09-16 01:40:01] INFO Epoch 003 | train batch=160/2262 | elapsed=0.5 min | eta=7.2 min
[2026-09-16 01:40:03] INFO Epoch 003 | train batch=170/2262 | elapsed=0.6 min | eta=7.1 min
[2026-09-16 01:40:05] INFO Epoch 003 | train batch=180/2262 | elapsed=0.6 min | eta=7.1 min
[2026-09-16 01:40:08] INFO Epoch 003 | train batch=190/2262 | elapsed=0.6 min | eta=7.1 min
[2026-09-16 01:40:10] INFO Epoch 003 | train batch=200/2262 | elapsed=0.7 min | eta=7.0 min
[2026-09-16 01:40:12] INFO Epoch 003 | train batch=210/2262 | elapsed=0.7 min | eta=7.0 min
[2026-09-16 01:40:14] INFO Epoch 003 | train batch=220/2262 | elapsed=0.7 min | eta=6.9 min
[2026-09-16 01:40:16] INFO Epoch 003 | train batch=230/2262 | elapsed=0.8 min | eta=6.9 min
[2026-09-16 01:40:18] INFO Epoch 003 | train batch=240/2262 | elapsed=0.8 min | eta=6.9 min
[2026-09-16 01:40:20] INFO Epoch 003 | train batch=250/2262 | elapsed=0.9 min | eta=6.8 min
[2026-09-16 01:40:22] INFO Epoch 003 | train batch=260/2262 | elapsed=0.9 min | eta=6.8 min
[2026-09-16 01:40:24] INFO Epoch 003 | train batch=270/2262 | elapsed=0.9 min | eta=6.8 min
[2026-09-16 01:40:26] INFO Epoch 003 | train batch=280/2262 | elapsed=1.0 min | eta=6.7 min
[2026-09-16 01:40:28] INFO Epoch 003 | train batch=290/2262 | elapsed=1.0 min | eta=6.7 min
[2026-09-16 01:40:30] INFO Epoch 003 | train batch=300/2262 | elapsed=1.0 min | eta=6.7 min
[2026-09-16 01:40:32] INFO Epoch 003 | train batch=310/2262 | elapsed=1.1 min | eta=6.6 min
[2026-09-16 01:40:34] INFO Epoch 003 | train batch=320/2262 | elapsed=1.1 min | eta=6.6 min
[2026-09-16 01:40:36] INFO Epoch 003 | train batch=330/2262 | elapsed=1.1 min | eta=6.6 min
[2026-09-16 01:40:38] INFO Epoch 003 | train batch=340/2262 | elapsed=1.2 min | eta=6.5 min
[2026-09-16 01:40:40] INFO Epoch 003 | train batch=350/2262 | elapsed=1.2 min | eta=6.5 min
[2026-09-16 01:40:42] INFO Epoch 003 | train batch=360/2262 | elapsed=1.2 min | eta=6.5 min
[2026-09-16 01:40:44] INFO Epoch 003 | train batch=370/2262 | elapsed=1.3 min | eta=6.4 min
[2026-09-16 01:40:46] INFO Epoch 003 | train batch=380/2262 | elapsed=1.3 min | eta=6.4 min
[2026-09-16 01:40:48] INFO Epoch 003 | train batch=390/2262 | elapsed=1.3 min | eta=6.4 min
[2026-09-16 01:40:50] INFO Epoch 003 | train batch=400/2262 | elapsed=1.4 min | eta=6.3 min
[2026-09-16 01:40:52] INFO Epoch 003 | train batch=410/2262 | elapsed=1.4 min | eta=6.3 min
[2026-09-16 01:40:54] INFO Epoch 003 | train batch=420/2262 | elapsed=1.4 min | eta=6.3 min
[2026-09-16 01:40:56] INFO Epoch 003 | train batch=430/2262 | elapsed=1.5 min | eta=6.2 min
[2026-09-16 01:40:58] INFO Epoch 003 | train batch=440/2262 | elapsed=1.5 min | eta=6.2 min
[2026-09-16 01:41:00] INFO Epoch 003 | train batch=450/2262 | elapsed=1.5 min | eta=6.2 min
[2026-09-16 01:41:02] INFO Epoch 003 | train batch=460/2262 | elapsed=1.6 min | eta=6.1 min
[2026-09-16 01:41:04] INFO Epoch 003 | train batch=470/2262 | elapsed=1.6 min | eta=6.1 min
[2026-09-16 01:41:06] INFO Epoch 003 | train batch=480/2262 | elapsed=1.6 min | eta=6.1 min
[2026-09-16 01:41:09] INFO Epoch 003 | train batch=490/2262 | elapsed=1.7 min | eta=6.0 min
[2026-09-16 01:41:11] INFO Epoch 003 | train batch=500/2262 | elapsed=1.7 min | eta=6.0 min
[2026-09-16 01:41:13] INFO Epoch 003 | train batch=510/2262 | elapsed=1.7 min | eta=5.9 min
[2026-09-16 01:41:15] INFO Epoch 003 | train batch=520/2262 | elapsed=1.8 min | eta=5.9 min
[2026-09-16 01:41:17] INFO Epoch 003 | train batch=530/2262 | elapsed=1.8 min | eta=5.9 min
[2026-09-16 01:41:19] INFO Epoch 003 | train batch=540/2262 | elapsed=1.8 min | eta=5.8 min
[2026-09-16 01:41:21] INFO Epoch 003 | train batch=550/2262 | elapsed=1.9 min | eta=5.8 min
[2026-09-16 01:41:23] INFO Epoch 003 | train batch=560/2262 | elapsed=1.9 min | eta=5.8 min
[2026-09-16 01:41:25] INFO Epoch 003 | train batch=570/2262 | elapsed=1.9 min | eta=5.7 min
[2026-09-16 01:41:27] INFO Epoch 003 | train batch=580/2262 | elapsed=2.0 min | eta=5.7 min
[2026-09-16 01:41:29] INFO Epoch 003 | train batch=590/2262 | elapsed=2.0 min | eta=5.7 min
[2026-09-16 01:41:31] INFO Epoch 003 | train batch=600/2262 | elapsed=2.0 min | eta=5.6 min
[2026-09-16 01:41:33] INFO Epoch 003 | train batch=610/2262 | elapsed=2.1 min | eta=5.6 min
[2026-09-16 01:41:35] INFO Epoch 003 | train batch=620/2262 | elapsed=2.1 min | eta=5.6 min
[2026-09-16 01:41:37] INFO Epoch 003 | train batch=630/2262 | elapsed=2.1 min | eta=5.5 min
[2026-09-16 01:41:39] INFO Epoch 003 | train batch=640/2262 | elapsed=2.2 min | eta=5.5 min
[2026-09-16 01:41:41] INFO Epoch 003 | train batch=650/2262 | elapsed=2.2 min | eta=5.5 min
[2026-09-16 01:41:43] INFO Epoch 003 | train batch=660/2262 | elapsed=2.2 min | eta=5.4 min
[2026-09-16 01:41:45] INFO Epoch 003 | train batch=670/2262 | elapsed=2.3 min | eta=5.4 min
[2026-09-16 01:41:47] INFO Epoch 003 | train batch=680/2262 | elapsed=2.3 min | eta=5.4 min
[2026-09-16 01:41:49] INFO Epoch 003 | train batch=690/2262 | elapsed=2.3 min | eta=5.3 min
[2026-09-16 01:41:51] INFO Epoch 003 | train batch=700/2262 | elapsed=2.4 min | eta=5.3 min
[2026-09-16 01:41:53] INFO Epoch 003 | train batch=710/2262 | elapsed=2.4 min | eta=5.3 min
[2026-09-16 01:41:55] INFO Epoch 003 | train batch=720/2262 | elapsed=2.4 min | eta=5.2 min
[2026-09-16 01:41:57] INFO Epoch 003 | train batch=730/2262 | elapsed=2.5 min | eta=5.2 min
[2026-09-16 01:41:59] INFO Epoch 003 | train batch=740/2262 | elapsed=2.5 min | eta=5.2 min
[2026-09-16 01:42:01] INFO Epoch 003 | train batch=750/2262 | elapsed=2.5 min | eta=5.1 min
[2026-09-16 01:42:03] INFO Epoch 003 | train batch=760/2262 | elapsed=2.6 min | eta=5.1 min
[2026-09-16 01:42:05] INFO Epoch 003 | train batch=770/2262 | elapsed=2.6 min | eta=5.1 min
[2026-09-16 01:42:08] INFO Epoch 003 | train batch=780/2262 | elapsed=2.6 min | eta=5.0 min
[2026-09-16 01:42:10] INFO Epoch 003 | train batch=790/2262 | elapsed=2.7 min | eta=5.0 min
[2026-09-16 01:42:12] INFO Epoch 003 | train batch=800/2262 | elapsed=2.7 min | eta=5.0 min
[2026-09-16 01:42:14] INFO Epoch 003 | train batch=810/2262 | elapsed=2.7 min | eta=4.9 min
[2026-09-16 01:42:16] INFO Epoch 003 | train batch=820/2262 | elapsed=2.8 min | eta=4.9 min
[2026-09-16 01:42:18] INFO Epoch 003 | train batch=830/2262 | elapsed=2.8 min | eta=4.9 min
[2026-09-16 01:42:20] INFO Epoch 003 | train batch=840/2262 | elapsed=2.9 min | eta=4.8 min
[2026-09-16 01:42:22] INFO Epoch 003 | train batch=850/2262 | elapsed=2.9 min | eta=4.8 min
[2026-09-16 01:42:24] INFO Epoch 003 | train batch=860/2262 | elapsed=2.9 min | eta=4.8 min
[2026-09-16 01:42:26] INFO Epoch 003 | train batch=870/2262 | elapsed=3.0 min | eta=4.7 min
[2026-09-16 01:42:28] INFO Epoch 003 | train batch=880/2262 | elapsed=3.0 min | eta=4.7 min
[2026-09-16 01:42:30] INFO Epoch 003 | train batch=890/2262 | elapsed=3.0 min | eta=4.7 min
[2026-09-16 01:42:32] INFO Epoch 003 | train batch=900/2262 | elapsed=3.1 min | eta=4.6 min
[2026-09-16 01:42:34] INFO Epoch 003 | train batch=910/2262 | elapsed=3.1 min | eta=4.6 min
[2026-09-16 01:42:36] INFO Epoch 003 | train batch=920/2262 | elapsed=3.1 min | eta=4.6 min
[2026-09-16 01:42:38] INFO Epoch 003 | train batch=930/2262 | elapsed=3.2 min | eta=4.5 min
[2026-09-16 01:42:40] INFO Epoch 003 | train batch=940/2262 | elapsed=3.2 min | eta=4.5 min
[2026-09-16 01:42:42] INFO Epoch 003 | train batch=950/2262 | elapsed=3.2 min | eta=4.5 min
[2026-09-16 01:42:44] INFO Epoch 003 | train batch=960/2262 | elapsed=3.3 min | eta=4.4 min
[2026-09-16 01:42:46] INFO Epoch 003 | train batch=970/2262 | elapsed=3.3 min | eta=4.4 min
[2026-09-16 01:42:48] INFO Epoch 003 | train batch=980/2262 | elapsed=3.3 min | eta=4.3 min
[2026-09-16 01:42:50] INFO Epoch 003 | train batch=990/2262 | elapsed=3.4 min | eta=4.3 min
[2026-09-16 01:42:52] INFO Epoch 003 | train batch=1000/2262 | elapsed=3.4 min | eta=4.3 min
[2026-09-16 01:42:54] INFO Epoch 003 | train batch=1010/2262 | elapsed=3.4 min | eta=4.2 min
[2026-09-16 01:42:56] INFO Epoch 003 | train batch=1020/2262 | elapsed=3.5 min | eta=4.2 min
[2026-09-16 01:42:58] INFO Epoch 003 | train batch=1030/2262 | elapsed=3.5 min | eta=4.2 min
[2026-09-16 01:43:00] INFO Epoch 003 | train batch=1040/2262 | elapsed=3.5 min | eta=4.1 min
[2026-09-16 01:43:02] INFO Epoch 003 | train batch=1050/2262 | elapsed=3.6 min | eta=4.1 min
[2026-09-16 01:43:04] INFO Epoch 003 | train batch=1060/2262 | elapsed=3.6 min | eta=4.1 min
[2026-09-16 01:43:06] INFO Epoch 003 | train batch=1070/2262 | elapsed=3.6 min | eta=4.0 min
[2026-09-16 01:43:08] INFO Epoch 003 | train batch=1080/2262 | elapsed=3.7 min | eta=4.0 min
[2026-09-16 01:43:11] INFO Epoch 003 | train batch=1090/2262 | elapsed=3.7 min | eta=4.0 min
[2026-09-16 01:43:13] INFO Epoch 003 | train batch=1100/2262 | elapsed=3.7 min | eta=3.9 min
[2026-09-16 01:43:15] INFO Epoch 003 | train batch=1110/2262 | elapsed=3.8 min | eta=3.9 min
[2026-09-16 01:43:17] INFO Epoch 003 | train batch=1120/2262 | elapsed=3.8 min | eta=3.9 min
[2026-09-16 01:43:19] INFO Epoch 003 | train batch=1130/2262 | elapsed=3.8 min | eta=3.8 min
[2026-09-16 01:43:21] INFO Epoch 003 | train batch=1140/2262 | elapsed=3.9 min | eta=3.8 min
[2026-09-16 01:43:23] INFO Epoch 003 | train batch=1150/2262 | elapsed=3.9 min | eta=3.8 min
[2026-09-16 01:43:25] INFO Epoch 003 | train batch=1160/2262 | elapsed=3.9 min | eta=3.7 min
[2026-09-16 01:43:27] INFO Epoch 003 | train batch=1170/2262 | elapsed=4.0 min | eta=3.7 min
[2026-09-16 01:43:29] INFO Epoch 003 | train batch=1180/2262 | elapsed=4.0 min | eta=3.7 min
[2026-09-16 01:43:31] INFO Epoch 003 | train batch=1190/2262 | elapsed=4.0 min | eta=3.6 min
[2026-09-16 01:43:33] INFO Epoch 003 | train batch=1200/2262 | elapsed=4.1 min | eta=3.6 min
[2026-09-16 01:43:35] INFO Epoch 003 | train batch=1210/2262 | elapsed=4.1 min | eta=3.6 min
[2026-09-16 01:43:37] INFO Epoch 003 | train batch=1220/2262 | elapsed=4.1 min | eta=3.5 min
[2026-09-16 01:43:39] INFO Epoch 003 | train batch=1230/2262 | elapsed=4.2 min | eta=3.5 min
[2026-09-16 01:43:41] INFO Epoch 003 | train batch=1240/2262 | elapsed=4.2 min | eta=3.5 min
[2026-09-16 01:43:43] INFO Epoch 003 | train batch=1250/2262 | elapsed=4.2 min | eta=3.4 min
[2026-09-16 01:43:45] INFO Epoch 003 | train batch=1260/2262 | elapsed=4.3 min | eta=3.4 min
[2026-09-16 01:43:47] INFO Epoch 003 | train batch=1270/2262 | elapsed=4.3 min | eta=3.4 min
[2026-09-16 01:43:49] INFO Epoch 003 | train batch=1280/2262 | elapsed=4.3 min | eta=3.3 min
[2026-09-16 01:43:51] INFO Epoch 003 | train batch=1290/2262 | elapsed=4.4 min | eta=3.3 min
[2026-09-16 01:43:53] INFO Epoch 003 | train batch=1300/2262 | elapsed=4.4 min | eta=3.3 min
[2026-09-16 01:43:55] INFO Epoch 003 | train batch=1310/2262 | elapsed=4.4 min | eta=3.2 min
[2026-09-16 01:43:57] INFO Epoch 003 | train batch=1320/2262 | elapsed=4.5 min | eta=3.2 min
[2026-09-16 01:43:59] INFO Epoch 003 | train batch=1330/2262 | elapsed=4.5 min | eta=3.2 min
[2026-09-16 01:44:01] INFO Epoch 003 | train batch=1340/2262 | elapsed=4.5 min | eta=3.1 min
[2026-09-16 01:44:03] INFO Epoch 003 | train batch=1350/2262 | elapsed=4.6 min | eta=3.1 min
[2026-09-16 01:44:05] INFO Epoch 003 | train batch=1360/2262 | elapsed=4.6 min | eta=3.1 min
[2026-09-16 01:44:07] INFO Epoch 003 | train batch=1370/2262 | elapsed=4.6 min | eta=3.0 min
[2026-09-16 01:44:09] INFO Epoch 003 | train batch=1380/2262 | elapsed=4.7 min | eta=3.0 min
[2026-09-16 01:44:11] INFO Epoch 003 | train batch=1390/2262 | elapsed=4.7 min | eta=3.0 min
[2026-09-16 01:44:14] INFO Epoch 003 | train batch=1400/2262 | elapsed=4.7 min | eta=2.9 min
[2026-09-16 01:44:16] INFO Epoch 003 | train batch=1410/2262 | elapsed=4.8 min | eta=2.9 min
[2026-09-16 01:44:18] INFO Epoch 003 | train batch=1420/2262 | elapsed=4.8 min | eta=2.9 min
[2026-09-16 01:44:20] INFO Epoch 003 | train batch=1430/2262 | elapsed=4.8 min | eta=2.8 min
[2026-09-16 01:44:22] INFO Epoch 003 | train batch=1440/2262 | elapsed=4.9 min | eta=2.8 min
[2026-09-16 01:44:24] INFO Epoch 003 | train batch=1450/2262 | elapsed=4.9 min | eta=2.8 min
[2026-09-16 01:44:26] INFO Epoch 003 | train batch=1460/2262 | elapsed=5.0 min | eta=2.7 min
[2026-09-16 01:44:28] INFO Epoch 003 | train batch=1470/2262 | elapsed=5.0 min | eta=2.7 min
[2026-09-16 01:44:30] INFO Epoch 003 | train batch=1480/2262 | elapsed=5.0 min | eta=2.7 min
[2026-09-16 01:44:32] INFO Epoch 003 | train batch=1490/2262 | elapsed=5.1 min | eta=2.6 min
[2026-09-16 01:44:34] INFO Epoch 003 | train batch=1500/2262 | elapsed=5.1 min | eta=2.6 min
[2026-09-16 01:44:36] INFO Epoch 003 | train batch=1510/2262 | elapsed=5.1 min | eta=2.5 min
[2026-09-16 01:44:38] INFO Epoch 003 | train batch=1520/2262 | elapsed=5.2 min | eta=2.5 min
[2026-09-16 01:44:40] INFO Epoch 003 | train batch=1530/2262 | elapsed=5.2 min | eta=2.5 min
[2026-09-16 01:44:42] INFO Epoch 003 | train batch=1540/2262 | elapsed=5.2 min | eta=2.4 min
[2026-09-16 01:44:44] INFO Epoch 003 | train batch=1550/2262 | elapsed=5.3 min | eta=2.4 min
[2026-09-16 01:44:46] INFO Epoch 003 | train batch=1560/2262 | elapsed=5.3 min | eta=2.4 min
[2026-09-16 01:44:48] INFO Epoch 003 | train batch=1570/2262 | elapsed=5.3 min | eta=2.3 min
[2026-09-16 01:44:50] INFO Epoch 003 | train batch=1580/2262 | elapsed=5.4 min | eta=2.3 min
[2026-09-16 01:44:52] INFO Epoch 003 | train batch=1590/2262 | elapsed=5.4 min | eta=2.3 min
[2026-09-16 01:44:54] INFO Epoch 003 | train batch=1600/2262 | elapsed=5.4 min | eta=2.2 min
[2026-09-16 01:44:56] INFO Epoch 003 | train batch=1610/2262 | elapsed=5.5 min | eta=2.2 min
[2026-09-16 01:44:58] INFO Epoch 003 | train batch=1620/2262 | elapsed=5.5 min | eta=2.2 min
[2026-09-16 01:45:00] INFO Epoch 003 | train batch=1630/2262 | elapsed=5.5 min | eta=2.1 min
[2026-09-16 01:45:02] INFO Epoch 003 | train batch=1640/2262 | elapsed=5.6 min | eta=2.1 min
[2026-09-16 01:45:04] INFO Epoch 003 | train batch=1650/2262 | elapsed=5.6 min | eta=2.1 min
[2026-09-16 01:45:06] INFO Epoch 003 | train batch=1660/2262 | elapsed=5.6 min | eta=2.0 min
[2026-09-16 01:45:08] INFO Epoch 003 | train batch=1670/2262 | elapsed=5.7 min | eta=2.0 min
[2026-09-16 01:45:10] INFO Epoch 003 | train batch=1680/2262 | elapsed=5.7 min | eta=2.0 min
[2026-09-16 01:45:12] INFO Epoch 003 | train batch=1690/2262 | elapsed=5.7 min | eta=1.9 min
[2026-09-16 01:45:14] INFO Epoch 003 | train batch=1700/2262 | elapsed=5.8 min | eta=1.9 min
[2026-09-16 01:45:17] INFO Epoch 003 | train batch=1710/2262 | elapsed=5.8 min | eta=1.9 min
[2026-09-16 01:45:19] INFO Epoch 003 | train batch=1720/2262 | elapsed=5.8 min | eta=1.8 min
[2026-09-16 01:45:21] INFO Epoch 003 | train batch=1730/2262 | elapsed=5.9 min | eta=1.8 min
[2026-09-16 01:45:23] INFO Epoch 003 | train batch=1740/2262 | elapsed=5.9 min | eta=1.8 min
[2026-09-16 01:45:25] INFO Epoch 003 | train batch=1750/2262 | elapsed=5.9 min | eta=1.7 min
[2026-09-16 01:45:27] INFO Epoch 003 | train batch=1760/2262 | elapsed=6.0 min | eta=1.7 min
[2026-09-16 01:45:29] INFO Epoch 003 | train batch=1770/2262 | elapsed=6.0 min | eta=1.7 min
[2026-09-16 01:45:31] INFO Epoch 003 | train batch=1780/2262 | elapsed=6.0 min | eta=1.6 min
[2026-09-16 01:45:33] INFO Epoch 003 | train batch=1790/2262 | elapsed=6.1 min | eta=1.6 min
[2026-09-16 01:45:35] INFO Epoch 003 | train batch=1800/2262 | elapsed=6.1 min | eta=1.6 min
[2026-09-16 01:45:37] INFO Epoch 003 | train batch=1810/2262 | elapsed=6.1 min | eta=1.5 min
[2026-09-16 01:45:39] INFO Epoch 003 | train batch=1820/2262 | elapsed=6.2 min | eta=1.5 min
[2026-09-16 01:45:41] INFO Epoch 003 | train batch=1830/2262 | elapsed=6.2 min | eta=1.5 min
[2026-09-16 01:45:43] INFO Epoch 003 | train batch=1840/2262 | elapsed=6.2 min | eta=1.4 min
[2026-09-16 01:45:45] INFO Epoch 003 | train batch=1850/2262 | elapsed=6.3 min | eta=1.4 min
[2026-09-16 01:45:47] INFO Epoch 003 | train batch=1860/2262 | elapsed=6.3 min | eta=1.4 min
[2026-09-16 01:45:49] INFO Epoch 003 | train batch=1870/2262 | elapsed=6.3 min | eta=1.3 min
[2026-09-16 01:45:51] INFO Epoch 003 | train batch=1880/2262 | elapsed=6.4 min | eta=1.3 min
[2026-09-16 01:45:53] INFO Epoch 003 | train batch=1890/2262 | elapsed=6.4 min | eta=1.3 min
[2026-09-16 01:45:55] INFO Epoch 003 | train batch=1900/2262 | elapsed=6.4 min | eta=1.2 min
[2026-09-16 01:45:57] INFO Epoch 003 | train batch=1910/2262 | elapsed=6.5 min | eta=1.2 min
[2026-09-16 01:45:59] INFO Epoch 003 | train batch=1920/2262 | elapsed=6.5 min | eta=1.2 min
[2026-09-16 01:46:01] INFO Epoch 003 | train batch=1930/2262 | elapsed=6.5 min | eta=1.1 min
[2026-09-16 01:46:03] INFO Epoch 003 | train batch=1940/2262 | elapsed=6.6 min | eta=1.1 min
[2026-09-16 01:46:05] INFO Epoch 003 | train batch=1950/2262 | elapsed=6.6 min | eta=1.1 min
[2026-09-16 01:46:07] INFO Epoch 003 | train batch=1960/2262 | elapsed=6.6 min | eta=1.0 min
[2026-09-16 01:46:09] INFO Epoch 003 | train batch=1970/2262 | elapsed=6.7 min | eta=1.0 min
[2026-09-16 01:46:11] INFO Epoch 003 | train batch=1980/2262 | elapsed=6.7 min | eta=1.0 min
[2026-09-16 01:46:14] INFO Epoch 003 | train batch=1990/2262 | elapsed=6.7 min | eta=0.9 min
[2026-09-16 01:46:16] INFO Epoch 003 | train batch=2000/2262 | elapsed=6.8 min | eta=0.9 min
[2026-09-16 01:46:18] INFO Epoch 003 | train batch=2010/2262 | elapsed=6.8 min | eta=0.9 min
[2026-09-16 01:46:20] INFO Epoch 003 | train batch=2020/2262 | elapsed=6.8 min | eta=0.8 min
[2026-09-16 01:46:22] INFO Epoch 003 | train batch=2030/2262 | elapsed=6.9 min | eta=0.8 min
[2026-09-16 01:46:24] INFO Epoch 003 | train batch=2040/2262 | elapsed=6.9 min | eta=0.8 min
[2026-09-16 01:46:26] INFO Epoch 003 | train batch=2050/2262 | elapsed=7.0 min | eta=0.7 min
[2026-09-16 01:46:28] INFO Epoch 003 | train batch=2060/2262 | elapsed=7.0 min | eta=0.7 min
[2026-09-16 01:46:30] INFO Epoch 003 | train batch=2070/2262 | elapsed=7.0 min | eta=0.7 min
[2026-09-16 01:46:32] INFO Epoch 003 | train batch=2080/2262 | elapsed=7.1 min | eta=0.6 min
[2026-09-16 01:46:34] INFO Epoch 003 | train batch=2090/2262 | elapsed=7.1 min | eta=0.6 min
[2026-09-16 01:46:36] INFO Epoch 003 | train batch=2100/2262 | elapsed=7.1 min | eta=0.5 min
[2026-09-16 01:46:38] INFO Epoch 003 | train batch=2110/2262 | elapsed=7.2 min | eta=0.5 min
[2026-09-16 01:46:40] INFO Epoch 003 | train batch=2120/2262 | elapsed=7.2 min | eta=0.5 min
[2026-09-16 01:46:42] INFO Epoch 003 | train batch=2130/2262 | elapsed=7.2 min | eta=0.4 min
[2026-09-16 01:46:44] INFO Epoch 003 | train batch=2140/2262 | elapsed=7.3 min | eta=0.4 min
[2026-09-16 01:46:46] INFO Epoch 003 | train batch=2150/2262 | elapsed=7.3 min | eta=0.4 min
[2026-09-16 01:46:48] INFO Epoch 003 | train batch=2160/2262 | elapsed=7.3 min | eta=0.3 min
[2026-09-16 01:46:50] INFO Epoch 003 | train batch=2170/2262 | elapsed=7.4 min | eta=0.3 min
[2026-09-16 01:46:52] INFO Epoch 003 | train batch=2180/2262 | elapsed=7.4 min | eta=0.3 min
[2026-09-16 01:46:54] INFO Epoch 003 | train batch=2190/2262 | elapsed=7.4 min | eta=0.2 min
[2026-09-16 01:46:56] INFO Epoch 003 | train batch=2200/2262 | elapsed=7.5 min | eta=0.2 min
[2026-09-16 01:46:58] INFO Epoch 003 | train batch=2210/2262 | elapsed=7.5 min | eta=0.2 min
[2026-09-16 01:47:00] INFO Epoch 003 | train batch=2220/2262 | elapsed=7.5 min | eta=0.1 min
[2026-09-16 01:47:02] INFO Epoch 003 | train batch=2230/2262 | elapsed=7.6 min | eta=0.1 min
[2026-09-16 01:47:04] INFO Epoch 003 | train batch=2240/2262 | elapsed=7.6 min | eta=0.1 min
[2026-09-16 01:47:06] INFO Epoch 003 | train batch=2250/2262 | elapsed=7.6 min | eta=0.0 min
[2026-09-16 01:47:08] INFO Epoch 003 | train batch=2260/2262 | elapsed=7.7 min | eta=0.0 min
[2026-09-16 01:47:09] INFO Epoch 003 | train batch=2262/2262 | elapsed=7.7 min | eta=0.0 min
[2026-09-16 01:47:09] INFO Epoch 003 | val batch=1/307 | elapsed=0.0 min | eta=1.0 min
[2026-09-16 01:47:11] INFO Epoch 003 | val batch=10/307 | elapsed=0.0 min | eta=1.0 min
[2026-09-16 01:47:13] INFO Epoch 003 | val batch=20/307 | elapsed=0.1 min | eta=0.9 min
[2026-09-16 01:47:15] INFO Epoch 003 | val batch=30/307 | elapsed=0.1 min | eta=0.9 min
[2026-09-16 01:47:17] INFO Epoch 003 | val batch=40/307 | elapsed=0.1 min | eta=0.9 min
[2026-09-16 01:47:19] INFO Epoch 003 | val batch=50/307 | elapsed=0.2 min | eta=0.8 min
[2026-09-16 01:47:21] INFO Epoch 003 | val batch=60/307 | elapsed=0.2 min | eta=0.8 min
[2026-09-16 01:47:23] INFO Epoch 003 | val batch=70/307 | elapsed=0.2 min | eta=0.8 min
[2026-09-16 01:47:25] INFO Epoch 003 | val batch=80/307 | elapsed=0.3 min | eta=0.7 min
[2026-09-16 01:47:27] INFO Epoch 003 | val batch=90/307 | elapsed=0.3 min | eta=0.7 min
[2026-09-16 01:47:29] INFO Epoch 003 | val batch=100/307 | elapsed=0.3 min | eta=0.7 min
[2026-09-16 01:47:31] INFO Epoch 003 | val batch=110/307 | elapsed=0.4 min | eta=0.7 min
[2026-09-16 01:47:33] INFO Epoch 003 | val batch=120/307 | elapsed=0.4 min | eta=0.6 min
[2026-09-16 01:47:35] INFO Epoch 003 | val batch=130/307 | elapsed=0.4 min | eta=0.6 min
[2026-09-16 01:47:37] INFO Epoch 003 | val batch=140/307 | elapsed=0.5 min | eta=0.6 min
[2026-09-16 01:47:39] INFO Epoch 003 | val batch=150/307 | elapsed=0.5 min | eta=0.5 min
[2026-09-16 01:47:40] INFO Epoch 003 | val batch=160/307 | elapsed=0.5 min | eta=0.5 min
[2026-09-16 01:47:42] INFO Epoch 003 | val batch=170/307 | elapsed=0.6 min | eta=0.5 min
[2026-09-16 01:47:44] INFO Epoch 003 | val batch=180/307 | elapsed=0.6 min | eta=0.4 min
[2026-09-16 01:47:46] INFO Epoch 003 | val batch=190/307 | elapsed=0.6 min | eta=0.4 min
[2026-09-16 01:47:48] INFO Epoch 003 | val batch=200/307 | elapsed=0.7 min | eta=0.4 min
[2026-09-16 01:47:50] INFO Epoch 003 | val batch=210/307 | elapsed=0.7 min | eta=0.3 min
[2026-09-16 01:47:52] INFO Epoch 003 | val batch=220/307 | elapsed=0.7 min | eta=0.3 min
[2026-09-16 01:47:54] INFO Epoch 003 | val batch=230/307 | elapsed=0.8 min | eta=0.3 min
[2026-09-16 01:47:56] INFO Epoch 003 | val batch=240/307 | elapsed=0.8 min | eta=0.2 min
[2026-09-16 01:47:58] INFO Epoch 003 | val batch=250/307 | elapsed=0.8 min | eta=0.2 min
[2026-09-16 01:48:00] INFO Epoch 003 | val batch=260/307 | elapsed=0.9 min | eta=0.2 min
[2026-09-16 01:48:02] INFO Epoch 003 | val batch=270/307 | elapsed=0.9 min | eta=0.1 min
[2026-09-16 01:48:04] INFO Epoch 003 | val batch=280/307 | elapsed=0.9 min | eta=0.1 min
[2026-09-16 01:48:06] INFO Epoch 003 | val batch=290/307 | elapsed=1.0 min | eta=0.1 min
[2026-09-16 01:48:08] INFO Epoch 003 | val batch=300/307 | elapsed=1.0 min | eta=0.0 min
[2026-09-16 01:48:10] INFO Epoch 003 | val batch=307/307 | elapsed=1.0 min | eta=0.0 min
[2026-09-16 01:48:10] INFO Epoch 003 | train_total=2.348675 | train_relation=2.346364 | train_distill=0.046224 | val_total=2.187569 | val_relation=2.185164 | val_distill=0.048108 | val_anchors=1596400 | val_candidates=21057400 | val_teacher_keff=4.222 | val_student_keff=7.612 | seconds(train/val)=460.07/60.82
[2026-09-16 01:48:10] INFO Checkpoint updated | epoch=3 | best_val_relation=2.185164 | path=C:\Users\clw\projects\researchRep\STAnchor-BlockMemory\artifacts\paper_final_joint_context_offset_only_seed42\retrieval_adaptation\pemsbay\retrieval_t1_best.pt
[2026-09-16 01:48:10] INFO Epoch 004/008 started | train_batches=2262 | val_batches=307
[2026-09-16 01:48:10] INFO Epoch 004 | train batch=1/2262 | elapsed=0.0 min | eta=7.7 min
[2026-09-16 01:48:12] INFO Epoch 004 | train batch=10/2262 | elapsed=0.0 min | eta=7.6 min
[2026-09-16 01:48:14] INFO Epoch 004 | train batch=20/2262 | elapsed=0.1 min | eta=7.6 min
[2026-09-16 01:48:16] INFO Epoch 004 | train batch=30/2262 | elapsed=0.1 min | eta=7.6 min
[2026-09-16 01:48:18] INFO Epoch 004 | train batch=40/2262 | elapsed=0.1 min | eta=7.5 min
[2026-09-16 01:48:20] INFO Epoch 004 | train batch=50/2262 | elapsed=0.2 min | eta=7.5 min
[2026-09-16 01:48:22] INFO Epoch 004 | train batch=60/2262 | elapsed=0.2 min | eta=7.5 min
[2026-09-16 01:48:24] INFO Epoch 004 | train batch=70/2262 | elapsed=0.2 min | eta=7.4 min
[2026-09-16 01:48:26] INFO Epoch 004 | train batch=80/2262 | elapsed=0.3 min | eta=7.4 min
[2026-09-16 01:48:28] INFO Epoch 004 | train batch=90/2262 | elapsed=0.3 min | eta=7.4 min
[2026-09-16 01:48:30] INFO Epoch 004 | train batch=100/2262 | elapsed=0.3 min | eta=7.3 min
[2026-09-16 01:48:32] INFO Epoch 004 | train batch=110/2262 | elapsed=0.4 min | eta=7.3 min
[2026-09-16 01:48:34] INFO Epoch 004 | train batch=120/2262 | elapsed=0.4 min | eta=7.3 min
[2026-09-16 01:48:36] INFO Epoch 004 | train batch=130/2262 | elapsed=0.4 min | eta=7.2 min
[2026-09-16 01:48:38] INFO Epoch 004 | train batch=140/2262 | elapsed=0.5 min | eta=7.2 min
[2026-09-16 01:48:40] INFO Epoch 004 | train batch=150/2262 | elapsed=0.5 min | eta=7.2 min
[2026-09-16 01:48:42] INFO Epoch 004 | train batch=160/2262 | elapsed=0.5 min | eta=7.1 min
[2026-09-16 01:48:44] INFO Epoch 004 | train batch=170/2262 | elapsed=0.6 min | eta=7.1 min
[2026-09-16 01:48:46] INFO Epoch 004 | train batch=180/2262 | elapsed=0.6 min | eta=7.1 min
[2026-09-16 01:48:48] INFO Epoch 004 | train batch=190/2262 | elapsed=0.6 min | eta=7.0 min
[2026-09-16 01:48:50] INFO Epoch 004 | train batch=200/2262 | elapsed=0.7 min | eta=7.0 min
[2026-09-16 01:48:52] INFO Epoch 004 | train batch=210/2262 | elapsed=0.7 min | eta=7.0 min
[2026-09-16 01:48:54] INFO Epoch 004 | train batch=220/2262 | elapsed=0.7 min | eta=6.9 min
[2026-09-16 01:48:56] INFO Epoch 004 | train batch=230/2262 | elapsed=0.8 min | eta=6.9 min
[2026-09-16 01:48:58] INFO Epoch 004 | train batch=240/2262 | elapsed=0.8 min | eta=6.9 min
[2026-09-16 01:49:01] INFO Epoch 004 | train batch=250/2262 | elapsed=0.8 min | eta=6.8 min
[2026-09-16 01:49:03] INFO Epoch 004 | train batch=260/2262 | elapsed=0.9 min | eta=6.8 min
[2026-09-16 01:49:05] INFO Epoch 004 | train batch=270/2262 | elapsed=0.9 min | eta=6.8 min
[2026-09-16 01:49:07] INFO Epoch 004 | train batch=280/2262 | elapsed=0.9 min | eta=6.7 min
[2026-09-16 01:49:09] INFO Epoch 004 | train batch=290/2262 | elapsed=1.0 min | eta=6.7 min
[2026-09-16 01:49:11] INFO Epoch 004 | train batch=300/2262 | elapsed=1.0 min | eta=6.7 min
[2026-09-16 01:49:13] INFO Epoch 004 | train batch=310/2262 | elapsed=1.1 min | eta=6.6 min
[2026-09-16 01:49:15] INFO Epoch 004 | train batch=320/2262 | elapsed=1.1 min | eta=6.6 min
[2026-09-16 01:49:17] INFO Epoch 004 | train batch=330/2262 | elapsed=1.1 min | eta=6.5 min
[2026-09-16 01:49:19] INFO Epoch 004 | train batch=340/2262 | elapsed=1.2 min | eta=6.5 min
[2026-09-16 01:49:21] INFO Epoch 004 | train batch=350/2262 | elapsed=1.2 min | eta=6.5 min
[2026-09-16 01:49:23] INFO Epoch 004 | train batch=360/2262 | elapsed=1.2 min | eta=6.4 min
[2026-09-16 01:49:25] INFO Epoch 004 | train batch=370/2262 | elapsed=1.3 min | eta=6.4 min
[2026-09-16 01:49:27] INFO Epoch 004 | train batch=380/2262 | elapsed=1.3 min | eta=6.4 min
[2026-09-16 01:49:29] INFO Epoch 004 | train batch=390/2262 | elapsed=1.3 min | eta=6.3 min
[2026-09-16 01:49:31] INFO Epoch 004 | train batch=400/2262 | elapsed=1.4 min | eta=6.3 min
[2026-09-16 01:49:33] INFO Epoch 004 | train batch=410/2262 | elapsed=1.4 min | eta=6.3 min
[2026-09-16 01:49:35] INFO Epoch 004 | train batch=420/2262 | elapsed=1.4 min | eta=6.2 min
[2026-09-16 01:49:37] INFO Epoch 004 | train batch=430/2262 | elapsed=1.5 min | eta=6.2 min
[2026-09-16 01:49:39] INFO Epoch 004 | train batch=440/2262 | elapsed=1.5 min | eta=6.2 min
[2026-09-16 01:49:41] INFO Epoch 004 | train batch=450/2262 | elapsed=1.5 min | eta=6.1 min
[2026-09-16 01:49:43] INFO Epoch 004 | train batch=460/2262 | elapsed=1.6 min | eta=6.1 min
[2026-09-16 01:49:45] INFO Epoch 004 | train batch=470/2262 | elapsed=1.6 min | eta=6.1 min
[2026-09-16 01:49:47] INFO Epoch 004 | train batch=480/2262 | elapsed=1.6 min | eta=6.0 min
[2026-09-16 01:49:49] INFO Epoch 004 | train batch=490/2262 | elapsed=1.7 min | eta=6.0 min
[2026-09-16 01:49:51] INFO Epoch 004 | train batch=500/2262 | elapsed=1.7 min | eta=6.0 min
[2026-09-16 01:49:53] INFO Epoch 004 | train batch=510/2262 | elapsed=1.7 min | eta=5.9 min
[2026-09-16 01:49:55] INFO Epoch 004 | train batch=520/2262 | elapsed=1.8 min | eta=5.9 min
[2026-09-16 01:49:57] INFO Epoch 004 | train batch=530/2262 | elapsed=1.8 min | eta=5.9 min
[2026-09-16 01:50:00] INFO Epoch 004 | train batch=540/2262 | elapsed=1.8 min | eta=5.8 min
[2026-09-16 01:50:02] INFO Epoch 004 | train batch=550/2262 | elapsed=1.9 min | eta=5.8 min
[2026-09-16 01:50:04] INFO Epoch 004 | train batch=560/2262 | elapsed=1.9 min | eta=5.8 min
[2026-09-16 01:50:06] INFO Epoch 004 | train batch=570/2262 | elapsed=1.9 min | eta=5.7 min
[2026-09-16 01:50:08] INFO Epoch 004 | train batch=580/2262 | elapsed=2.0 min | eta=5.7 min
[2026-09-16 01:50:10] INFO Epoch 004 | train batch=590/2262 | elapsed=2.0 min | eta=5.7 min
[2026-09-16 01:50:12] INFO Epoch 004 | train batch=600/2262 | elapsed=2.0 min | eta=5.6 min
[2026-09-16 01:50:14] INFO Epoch 004 | train batch=610/2262 | elapsed=2.1 min | eta=5.6 min
[2026-09-16 01:50:16] INFO Epoch 004 | train batch=620/2262 | elapsed=2.1 min | eta=5.6 min
[2026-09-16 01:50:18] INFO Epoch 004 | train batch=630/2262 | elapsed=2.1 min | eta=5.5 min
[2026-09-16 01:50:20] INFO Epoch 004 | train batch=640/2262 | elapsed=2.2 min | eta=5.5 min
[2026-09-16 01:50:22] INFO Epoch 004 | train batch=650/2262 | elapsed=2.2 min | eta=5.5 min
[2026-09-16 01:50:24] INFO Epoch 004 | train batch=660/2262 | elapsed=2.2 min | eta=5.4 min
[2026-09-16 01:50:26] INFO Epoch 004 | train batch=670/2262 | elapsed=2.3 min | eta=5.4 min
[2026-09-16 01:50:28] INFO Epoch 004 | train batch=680/2262 | elapsed=2.3 min | eta=5.4 min
[2026-09-16 01:50:30] INFO Epoch 004 | train batch=690/2262 | elapsed=2.3 min | eta=5.3 min
[2026-09-16 01:50:32] INFO Epoch 004 | train batch=700/2262 | elapsed=2.4 min | eta=5.3 min
[2026-09-16 01:50:34] INFO Epoch 004 | train batch=710/2262 | elapsed=2.4 min | eta=5.3 min
[2026-09-16 01:50:36] INFO Epoch 004 | train batch=720/2262 | elapsed=2.4 min | eta=5.2 min
[2026-09-16 01:50:38] INFO Epoch 004 | train batch=730/2262 | elapsed=2.5 min | eta=5.2 min
[2026-09-16 01:50:40] INFO Epoch 004 | train batch=740/2262 | elapsed=2.5 min | eta=5.2 min
[2026-09-16 01:50:42] INFO Epoch 004 | train batch=750/2262 | elapsed=2.5 min | eta=5.1 min
[2026-09-16 01:50:44] INFO Epoch 004 | train batch=760/2262 | elapsed=2.6 min | eta=5.1 min
[2026-09-16 01:50:46] INFO Epoch 004 | train batch=770/2262 | elapsed=2.6 min | eta=5.1 min
[2026-09-16 01:50:48] INFO Epoch 004 | train batch=780/2262 | elapsed=2.6 min | eta=5.0 min
[2026-09-16 01:50:50] INFO Epoch 004 | train batch=790/2262 | elapsed=2.7 min | eta=5.0 min
[2026-09-16 01:50:52] INFO Epoch 004 | train batch=800/2262 | elapsed=2.7 min | eta=5.0 min
[2026-09-16 01:50:54] INFO Epoch 004 | train batch=810/2262 | elapsed=2.7 min | eta=4.9 min
[2026-09-16 01:50:56] INFO Epoch 004 | train batch=820/2262 | elapsed=2.8 min | eta=4.9 min
[2026-09-16 01:50:59] INFO Epoch 004 | train batch=830/2262 | elapsed=2.8 min | eta=4.9 min
[2026-09-16 01:51:01] INFO Epoch 004 | train batch=840/2262 | elapsed=2.8 min | eta=4.8 min
[2026-09-16 01:51:03] INFO Epoch 004 | train batch=850/2262 | elapsed=2.9 min | eta=4.8 min
[2026-09-16 01:51:05] INFO Epoch 004 | train batch=860/2262 | elapsed=2.9 min | eta=4.8 min
[2026-09-16 01:51:07] INFO Epoch 004 | train batch=870/2262 | elapsed=2.9 min | eta=4.7 min
[2026-09-16 01:51:09] INFO Epoch 004 | train batch=880/2262 | elapsed=3.0 min | eta=4.7 min
[2026-09-16 01:51:11] INFO Epoch 004 | train batch=890/2262 | elapsed=3.0 min | eta=4.7 min
[2026-09-16 01:51:13] INFO Epoch 004 | train batch=900/2262 | elapsed=3.1 min | eta=4.6 min
[2026-09-16 01:51:15] INFO Epoch 004 | train batch=910/2262 | elapsed=3.1 min | eta=4.6 min
[2026-09-16 01:51:17] INFO Epoch 004 | train batch=920/2262 | elapsed=3.1 min | eta=4.6 min
[2026-09-16 01:51:19] INFO Epoch 004 | train batch=930/2262 | elapsed=3.2 min | eta=4.5 min
[2026-09-16 01:51:21] INFO Epoch 004 | train batch=940/2262 | elapsed=3.2 min | eta=4.5 min
[2026-09-16 01:51:23] INFO Epoch 004 | train batch=950/2262 | elapsed=3.2 min | eta=4.4 min
[2026-09-16 01:51:25] INFO Epoch 004 | train batch=960/2262 | elapsed=3.3 min | eta=4.4 min
[2026-09-16 01:51:27] INFO Epoch 004 | train batch=970/2262 | elapsed=3.3 min | eta=4.4 min
[2026-09-16 01:51:29] INFO Epoch 004 | train batch=980/2262 | elapsed=3.3 min | eta=4.3 min
[2026-09-16 01:51:31] INFO Epoch 004 | train batch=990/2262 | elapsed=3.4 min | eta=4.3 min
[2026-09-16 01:51:33] INFO Epoch 004 | train batch=1000/2262 | elapsed=3.4 min | eta=4.3 min
[2026-09-16 01:51:35] INFO Epoch 004 | train batch=1010/2262 | elapsed=3.4 min | eta=4.2 min
[2026-09-16 01:51:37] INFO Epoch 004 | train batch=1020/2262 | elapsed=3.5 min | eta=4.2 min
[2026-09-16 01:51:39] INFO Epoch 004 | train batch=1030/2262 | elapsed=3.5 min | eta=4.2 min
[2026-09-16 01:51:41] INFO Epoch 004 | train batch=1040/2262 | elapsed=3.5 min | eta=4.1 min
[2026-09-16 01:51:43] INFO Epoch 004 | train batch=1050/2262 | elapsed=3.6 min | eta=4.1 min
[2026-09-16 01:51:45] INFO Epoch 004 | train batch=1060/2262 | elapsed=3.6 min | eta=4.1 min
[2026-09-16 01:51:47] INFO Epoch 004 | train batch=1070/2262 | elapsed=3.6 min | eta=4.0 min
[2026-09-16 01:51:49] INFO Epoch 004 | train batch=1080/2262 | elapsed=3.7 min | eta=4.0 min
[2026-09-16 01:51:51] INFO Epoch 004 | train batch=1090/2262 | elapsed=3.7 min | eta=4.0 min
[2026-09-16 01:51:53] INFO Epoch 004 | train batch=1100/2262 | elapsed=3.7 min | eta=3.9 min
[2026-09-16 01:51:55] INFO Epoch 004 | train batch=1110/2262 | elapsed=3.8 min | eta=3.9 min
[2026-09-16 01:51:57] INFO Epoch 004 | train batch=1120/2262 | elapsed=3.8 min | eta=3.9 min
[2026-09-16 01:52:00] INFO Epoch 004 | train batch=1130/2262 | elapsed=3.8 min | eta=3.8 min
[2026-09-16 01:52:02] INFO Epoch 004 | train batch=1140/2262 | elapsed=3.9 min | eta=3.8 min
[2026-09-16 01:52:04] INFO Epoch 004 | train batch=1150/2262 | elapsed=3.9 min | eta=3.8 min
[2026-09-16 01:52:06] INFO Epoch 004 | train batch=1160/2262 | elapsed=3.9 min | eta=3.7 min
[2026-09-16 01:52:08] INFO Epoch 004 | train batch=1170/2262 | elapsed=4.0 min | eta=3.7 min
[2026-09-16 01:52:10] INFO Epoch 004 | train batch=1180/2262 | elapsed=4.0 min | eta=3.7 min
[2026-09-16 01:52:12] INFO Epoch 004 | train batch=1190/2262 | elapsed=4.0 min | eta=3.6 min
[2026-09-16 01:52:14] INFO Epoch 004 | train batch=1200/2262 | elapsed=4.1 min | eta=3.6 min
[2026-09-16 01:52:16] INFO Epoch 004 | train batch=1210/2262 | elapsed=4.1 min | eta=3.6 min
[2026-09-16 01:52:18] INFO Epoch 004 | train batch=1220/2262 | elapsed=4.1 min | eta=3.5 min
[2026-09-16 01:52:20] INFO Epoch 004 | train batch=1230/2262 | elapsed=4.2 min | eta=3.5 min
[2026-09-16 01:52:22] INFO Epoch 004 | train batch=1240/2262 | elapsed=4.2 min | eta=3.5 min
[2026-09-16 01:52:24] INFO Epoch 004 | train batch=1250/2262 | elapsed=4.2 min | eta=3.4 min
[2026-09-16 01:52:26] INFO Epoch 004 | train batch=1260/2262 | elapsed=4.3 min | eta=3.4 min
[2026-09-16 01:52:28] INFO Epoch 004 | train batch=1270/2262 | elapsed=4.3 min | eta=3.4 min
[2026-09-16 01:52:30] INFO Epoch 004 | train batch=1280/2262 | elapsed=4.3 min | eta=3.3 min
[2026-09-16 01:52:32] INFO Epoch 004 | train batch=1290/2262 | elapsed=4.4 min | eta=3.3 min
[2026-09-16 01:52:34] INFO Epoch 004 | train batch=1300/2262 | elapsed=4.4 min | eta=3.3 min
[2026-09-16 01:52:36] INFO Epoch 004 | train batch=1310/2262 | elapsed=4.4 min | eta=3.2 min
[2026-09-16 01:52:38] INFO Epoch 004 | train batch=1320/2262 | elapsed=4.5 min | eta=3.2 min
[2026-09-16 01:52:40] INFO Epoch 004 | train batch=1330/2262 | elapsed=4.5 min | eta=3.2 min
[2026-09-16 01:52:42] INFO Epoch 004 | train batch=1340/2262 | elapsed=4.5 min | eta=3.1 min
[2026-09-16 01:52:44] INFO Epoch 004 | train batch=1350/2262 | elapsed=4.6 min | eta=3.1 min
[2026-09-16 01:52:46] INFO Epoch 004 | train batch=1360/2262 | elapsed=4.6 min | eta=3.1 min
[2026-09-16 01:52:48] INFO Epoch 004 | train batch=1370/2262 | elapsed=4.6 min | eta=3.0 min
[2026-09-16 01:52:50] INFO Epoch 004 | train batch=1380/2262 | elapsed=4.7 min | eta=3.0 min
[2026-09-16 01:52:52] INFO Epoch 004 | train batch=1390/2262 | elapsed=4.7 min | eta=3.0 min
[2026-09-16 01:52:54] INFO Epoch 004 | train batch=1400/2262 | elapsed=4.7 min | eta=2.9 min
[2026-09-16 01:52:57] INFO Epoch 004 | train batch=1410/2262 | elapsed=4.8 min | eta=2.9 min
[2026-09-16 01:52:59] INFO Epoch 004 | train batch=1420/2262 | elapsed=4.8 min | eta=2.9 min
[2026-09-16 01:53:01] INFO Epoch 004 | train batch=1430/2262 | elapsed=4.8 min | eta=2.8 min
[2026-09-16 01:53:03] INFO Epoch 004 | train batch=1440/2262 | elapsed=4.9 min | eta=2.8 min
[2026-09-16 01:53:05] INFO Epoch 004 | train batch=1450/2262 | elapsed=4.9 min | eta=2.8 min
[2026-09-16 01:53:07] INFO Epoch 004 | train batch=1460/2262 | elapsed=5.0 min | eta=2.7 min
[2026-09-16 01:53:09] INFO Epoch 004 | train batch=1470/2262 | elapsed=5.0 min | eta=2.7 min
[2026-09-16 01:53:11] INFO Epoch 004 | train batch=1480/2262 | elapsed=5.0 min | eta=2.7 min
[2026-09-16 01:53:13] INFO Epoch 004 | train batch=1490/2262 | elapsed=5.1 min | eta=2.6 min
[2026-09-16 01:53:15] INFO Epoch 004 | train batch=1500/2262 | elapsed=5.1 min | eta=2.6 min
[2026-09-16 01:53:17] INFO Epoch 004 | train batch=1510/2262 | elapsed=5.1 min | eta=2.5 min
[2026-09-16 01:53:19] INFO Epoch 004 | train batch=1520/2262 | elapsed=5.2 min | eta=2.5 min
[2026-09-16 01:53:21] INFO Epoch 004 | train batch=1530/2262 | elapsed=5.2 min | eta=2.5 min
[2026-09-16 01:53:23] INFO Epoch 004 | train batch=1540/2262 | elapsed=5.2 min | eta=2.4 min
[2026-09-16 01:53:25] INFO Epoch 004 | train batch=1550/2262 | elapsed=5.3 min | eta=2.4 min
[2026-09-16 01:53:27] INFO Epoch 004 | train batch=1560/2262 | elapsed=5.3 min | eta=2.4 min
[2026-09-16 01:53:29] INFO Epoch 004 | train batch=1570/2262 | elapsed=5.3 min | eta=2.3 min
[2026-09-16 01:53:31] INFO Epoch 004 | train batch=1580/2262 | elapsed=5.4 min | eta=2.3 min
[2026-09-16 01:53:33] INFO Epoch 004 | train batch=1590/2262 | elapsed=5.4 min | eta=2.3 min
[2026-09-16 01:53:35] INFO Epoch 004 | train batch=1600/2262 | elapsed=5.4 min | eta=2.2 min
[2026-09-16 01:53:37] INFO Epoch 004 | train batch=1610/2262 | elapsed=5.5 min | eta=2.2 min
[2026-09-16 01:53:39] INFO Epoch 004 | train batch=1620/2262 | elapsed=5.5 min | eta=2.2 min
[2026-09-16 01:53:41] INFO Epoch 004 | train batch=1630/2262 | elapsed=5.5 min | eta=2.1 min
[2026-09-16 01:53:43] INFO Epoch 004 | train batch=1640/2262 | elapsed=5.6 min | eta=2.1 min
[2026-09-16 01:53:45] INFO Epoch 004 | train batch=1650/2262 | elapsed=5.6 min | eta=2.1 min
[2026-09-16 01:53:47] INFO Epoch 004 | train batch=1660/2262 | elapsed=5.6 min | eta=2.0 min
[2026-09-16 01:53:49] INFO Epoch 004 | train batch=1670/2262 | elapsed=5.7 min | eta=2.0 min
[2026-09-16 01:53:51] INFO Epoch 004 | train batch=1680/2262 | elapsed=5.7 min | eta=2.0 min
[2026-09-16 01:53:53] INFO Epoch 004 | train batch=1690/2262 | elapsed=5.7 min | eta=1.9 min
[2026-09-16 01:53:56] INFO Epoch 004 | train batch=1700/2262 | elapsed=5.8 min | eta=1.9 min
[2026-09-16 01:53:58] INFO Epoch 004 | train batch=1710/2262 | elapsed=5.8 min | eta=1.9 min
[2026-09-16 01:54:00] INFO Epoch 004 | train batch=1720/2262 | elapsed=5.8 min | eta=1.8 min
[2026-09-16 01:54:02] INFO Epoch 004 | train batch=1730/2262 | elapsed=5.9 min | eta=1.8 min
[2026-09-16 01:54:04] INFO Epoch 004 | train batch=1740/2262 | elapsed=5.9 min | eta=1.8 min
[2026-09-16 01:54:06] INFO Epoch 004 | train batch=1750/2262 | elapsed=5.9 min | eta=1.7 min
[2026-09-16 01:54:08] INFO Epoch 004 | train batch=1760/2262 | elapsed=6.0 min | eta=1.7 min
[2026-09-16 01:54:10] INFO Epoch 004 | train batch=1770/2262 | elapsed=6.0 min | eta=1.7 min
[2026-09-16 01:54:12] INFO Epoch 004 | train batch=1780/2262 | elapsed=6.0 min | eta=1.6 min
[2026-09-16 01:54:14] INFO Epoch 004 | train batch=1790/2262 | elapsed=6.1 min | eta=1.6 min
[2026-09-16 01:54:16] INFO Epoch 004 | train batch=1800/2262 | elapsed=6.1 min | eta=1.6 min
[2026-09-16 01:54:18] INFO Epoch 004 | train batch=1810/2262 | elapsed=6.1 min | eta=1.5 min
[2026-09-16 01:54:20] INFO Epoch 004 | train batch=1820/2262 | elapsed=6.2 min | eta=1.5 min
[2026-09-16 01:54:22] INFO Epoch 004 | train batch=1830/2262 | elapsed=6.2 min | eta=1.5 min
[2026-09-16 01:54:24] INFO Epoch 004 | train batch=1840/2262 | elapsed=6.2 min | eta=1.4 min
[2026-09-16 01:54:26] INFO Epoch 004 | train batch=1850/2262 | elapsed=6.3 min | eta=1.4 min
[2026-09-16 01:54:28] INFO Epoch 004 | train batch=1860/2262 | elapsed=6.3 min | eta=1.4 min
[2026-09-16 01:54:30] INFO Epoch 004 | train batch=1870/2262 | elapsed=6.3 min | eta=1.3 min
[2026-09-16 01:54:32] INFO Epoch 004 | train batch=1880/2262 | elapsed=6.4 min | eta=1.3 min
[2026-09-16 01:54:34] INFO Epoch 004 | train batch=1890/2262 | elapsed=6.4 min | eta=1.3 min
[2026-09-16 01:54:36] INFO Epoch 004 | train batch=1900/2262 | elapsed=6.4 min | eta=1.2 min
[2026-09-16 01:54:38] INFO Epoch 004 | train batch=1910/2262 | elapsed=6.5 min | eta=1.2 min
[2026-09-16 01:54:40] INFO Epoch 004 | train batch=1920/2262 | elapsed=6.5 min | eta=1.2 min
[2026-09-16 01:54:42] INFO Epoch 004 | train batch=1930/2262 | elapsed=6.5 min | eta=1.1 min
[2026-09-16 01:54:44] INFO Epoch 004 | train batch=1940/2262 | elapsed=6.6 min | eta=1.1 min
[2026-09-16 01:54:46] INFO Epoch 004 | train batch=1950/2262 | elapsed=6.6 min | eta=1.1 min
[2026-09-16 01:54:48] INFO Epoch 004 | train batch=1960/2262 | elapsed=6.6 min | eta=1.0 min
[2026-09-16 01:54:50] INFO Epoch 004 | train batch=1970/2262 | elapsed=6.7 min | eta=1.0 min
[2026-09-16 01:54:52] INFO Epoch 004 | train batch=1980/2262 | elapsed=6.7 min | eta=1.0 min
[2026-09-16 01:54:55] INFO Epoch 004 | train batch=1990/2262 | elapsed=6.7 min | eta=0.9 min
[2026-09-16 01:54:57] INFO Epoch 004 | train batch=2000/2262 | elapsed=6.8 min | eta=0.9 min
[2026-09-16 01:54:59] INFO Epoch 004 | train batch=2010/2262 | elapsed=6.8 min | eta=0.9 min
[2026-09-16 01:55:01] INFO Epoch 004 | train batch=2020/2262 | elapsed=6.8 min | eta=0.8 min
[2026-09-16 01:55:03] INFO Epoch 004 | train batch=2030/2262 | elapsed=6.9 min | eta=0.8 min
[2026-09-16 01:55:05] INFO Epoch 004 | train batch=2040/2262 | elapsed=6.9 min | eta=0.8 min
[2026-09-16 01:55:07] INFO Epoch 004 | train batch=2050/2262 | elapsed=7.0 min | eta=0.7 min
[2026-09-16 01:55:09] INFO Epoch 004 | train batch=2060/2262 | elapsed=7.0 min | eta=0.7 min
[2026-09-16 01:55:11] INFO Epoch 004 | train batch=2070/2262 | elapsed=7.0 min | eta=0.7 min
[2026-09-16 01:55:13] INFO Epoch 004 | train batch=2080/2262 | elapsed=7.1 min | eta=0.6 min
[2026-09-16 01:55:15] INFO Epoch 004 | train batch=2090/2262 | elapsed=7.1 min | eta=0.6 min
[2026-09-16 01:55:17] INFO Epoch 004 | train batch=2100/2262 | elapsed=7.1 min | eta=0.5 min
[2026-09-16 01:55:19] INFO Epoch 004 | train batch=2110/2262 | elapsed=7.2 min | eta=0.5 min
[2026-09-16 01:55:21] INFO Epoch 004 | train batch=2120/2262 | elapsed=7.2 min | eta=0.5 min
[2026-09-16 01:55:23] INFO Epoch 004 | train batch=2130/2262 | elapsed=7.2 min | eta=0.4 min
[2026-09-16 01:55:25] INFO Epoch 004 | train batch=2140/2262 | elapsed=7.3 min | eta=0.4 min
[2026-09-16 01:55:27] INFO Epoch 004 | train batch=2150/2262 | elapsed=7.3 min | eta=0.4 min
[2026-09-16 01:55:29] INFO Epoch 004 | train batch=2160/2262 | elapsed=7.3 min | eta=0.3 min
[2026-09-16 01:55:31] INFO Epoch 004 | train batch=2170/2262 | elapsed=7.4 min | eta=0.3 min
[2026-09-16 01:55:33] INFO Epoch 004 | train batch=2180/2262 | elapsed=7.4 min | eta=0.3 min
[2026-09-16 01:55:35] INFO Epoch 004 | train batch=2190/2262 | elapsed=7.4 min | eta=0.2 min
[2026-09-16 01:55:37] INFO Epoch 004 | train batch=2200/2262 | elapsed=7.5 min | eta=0.2 min
[2026-09-16 01:55:39] INFO Epoch 004 | train batch=2210/2262 | elapsed=7.5 min | eta=0.2 min
[2026-09-16 01:55:41] INFO Epoch 004 | train batch=2220/2262 | elapsed=7.5 min | eta=0.1 min
[2026-09-16 01:55:43] INFO Epoch 004 | train batch=2230/2262 | elapsed=7.6 min | eta=0.1 min
[2026-09-16 01:55:45] INFO Epoch 004 | train batch=2240/2262 | elapsed=7.6 min | eta=0.1 min
[2026-09-16 01:55:47] INFO Epoch 004 | train batch=2250/2262 | elapsed=7.6 min | eta=0.0 min
[2026-09-16 01:55:49] INFO Epoch 004 | train batch=2260/2262 | elapsed=7.7 min | eta=0.0 min
[2026-09-16 01:55:50] INFO Epoch 004 | train batch=2262/2262 | elapsed=7.7 min | eta=0.0 min
[2026-09-16 01:55:50] INFO Epoch 004 | val batch=1/307 | elapsed=0.0 min | eta=1.0 min
[2026-09-16 01:55:52] INFO Epoch 004 | val batch=10/307 | elapsed=0.0 min | eta=1.0 min
[2026-09-16 01:55:54] INFO Epoch 004 | val batch=20/307 | elapsed=0.1 min | eta=0.9 min
[2026-09-16 01:55:56] INFO Epoch 004 | val batch=30/307 | elapsed=0.1 min | eta=0.9 min
[2026-09-16 01:55:58] INFO Epoch 004 | val batch=40/307 | elapsed=0.1 min | eta=0.9 min
[2026-09-16 01:56:00] INFO Epoch 004 | val batch=50/307 | elapsed=0.2 min | eta=0.8 min
[2026-09-16 01:56:02] INFO Epoch 004 | val batch=60/307 | elapsed=0.2 min | eta=0.8 min
[2026-09-16 01:56:04] INFO Epoch 004 | val batch=70/307 | elapsed=0.2 min | eta=0.8 min
[2026-09-16 01:56:06] INFO Epoch 004 | val batch=80/307 | elapsed=0.3 min | eta=0.7 min
[2026-09-16 01:56:08] INFO Epoch 004 | val batch=90/307 | elapsed=0.3 min | eta=0.7 min
[2026-09-16 01:56:10] INFO Epoch 004 | val batch=100/307 | elapsed=0.3 min | eta=0.7 min
[2026-09-16 01:56:12] INFO Epoch 004 | val batch=110/307 | elapsed=0.4 min | eta=0.7 min
[2026-09-16 01:56:14] INFO Epoch 004 | val batch=120/307 | elapsed=0.4 min | eta=0.6 min
[2026-09-16 01:56:16] INFO Epoch 004 | val batch=130/307 | elapsed=0.4 min | eta=0.6 min
[2026-09-16 01:56:17] INFO Epoch 004 | val batch=140/307 | elapsed=0.5 min | eta=0.6 min
[2026-09-16 01:56:19] INFO Epoch 004 | val batch=150/307 | elapsed=0.5 min | eta=0.5 min
[2026-09-16 01:56:21] INFO Epoch 004 | val batch=160/307 | elapsed=0.5 min | eta=0.5 min
[2026-09-16 01:56:23] INFO Epoch 004 | val batch=170/307 | elapsed=0.6 min | eta=0.5 min
[2026-09-16 01:56:25] INFO Epoch 004 | val batch=180/307 | elapsed=0.6 min | eta=0.4 min
[2026-09-16 01:56:27] INFO Epoch 004 | val batch=190/307 | elapsed=0.6 min | eta=0.4 min
[2026-09-16 01:56:29] INFO Epoch 004 | val batch=200/307 | elapsed=0.7 min | eta=0.4 min
[2026-09-16 01:56:31] INFO Epoch 004 | val batch=210/307 | elapsed=0.7 min | eta=0.3 min
[2026-09-16 01:56:33] INFO Epoch 004 | val batch=220/307 | elapsed=0.7 min | eta=0.3 min
[2026-09-16 01:56:35] INFO Epoch 004 | val batch=230/307 | elapsed=0.8 min | eta=0.3 min
[2026-09-16 01:56:37] INFO Epoch 004 | val batch=240/307 | elapsed=0.8 min | eta=0.2 min
[2026-09-16 01:56:39] INFO Epoch 004 | val batch=250/307 | elapsed=0.8 min | eta=0.2 min
[2026-09-16 01:56:41] INFO Epoch 004 | val batch=260/307 | elapsed=0.9 min | eta=0.2 min
[2026-09-16 01:56:43] INFO Epoch 004 | val batch=270/307 | elapsed=0.9 min | eta=0.1 min
[2026-09-16 01:56:45] INFO Epoch 004 | val batch=280/307 | elapsed=0.9 min | eta=0.1 min
[2026-09-16 01:56:47] INFO Epoch 004 | val batch=290/307 | elapsed=1.0 min | eta=0.1 min
[2026-09-16 01:56:49] INFO Epoch 004 | val batch=300/307 | elapsed=1.0 min | eta=0.0 min
[2026-09-16 01:56:51] INFO Epoch 004 | val batch=307/307 | elapsed=1.0 min | eta=0.0 min
[2026-09-16 01:56:51] INFO Epoch 004 | train_total=2.342507 | train_relation=2.340054 | train_distill=0.049049 | val_total=2.183465 | val_relation=2.180960 | val_distill=0.050116 | val_anchors=1596400 | val_candidates=21057400 | val_teacher_keff=4.222 | val_student_keff=7.581 | seconds(train/val)=460.09/60.84
[2026-09-16 01:56:51] INFO Checkpoint updated | epoch=4 | best_val_relation=2.180960 | path=C:\Users\clw\projects\researchRep\STAnchor-BlockMemory\artifacts\paper_final_joint_context_offset_only_seed42\retrieval_adaptation\pemsbay\retrieval_t1_best.pt
[2026-09-16 01:56:51] INFO Epoch 005/008 started | train_batches=2262 | val_batches=307
[2026-09-16 01:56:51] INFO Epoch 005 | train batch=1/2262 | elapsed=0.0 min | eta=7.7 min
[2026-09-16 01:56:53] INFO Epoch 005 | train batch=10/2262 | elapsed=0.0 min | eta=7.6 min
[2026-09-16 01:56:55] INFO Epoch 005 | train batch=20/2262 | elapsed=0.1 min | eta=7.6 min
[2026-09-16 01:56:57] INFO Epoch 005 | train batch=30/2262 | elapsed=0.1 min | eta=7.6 min
[2026-09-16 01:56:59] INFO Epoch 005 | train batch=40/2262 | elapsed=0.1 min | eta=7.5 min
[2026-09-16 01:57:01] INFO Epoch 005 | train batch=50/2262 | elapsed=0.2 min | eta=7.5 min
[2026-09-16 01:57:03] INFO Epoch 005 | train batch=60/2262 | elapsed=0.2 min | eta=7.5 min
[2026-09-16 01:57:05] INFO Epoch 005 | train batch=70/2262 | elapsed=0.2 min | eta=7.4 min
[2026-09-16 01:57:07] INFO Epoch 005 | train batch=80/2262 | elapsed=0.3 min | eta=7.4 min
[2026-09-16 01:57:09] INFO Epoch 005 | train batch=90/2262 | elapsed=0.3 min | eta=7.4 min
[2026-09-16 01:57:11] INFO Epoch 005 | train batch=100/2262 | elapsed=0.3 min | eta=7.3 min
[2026-09-16 01:57:13] INFO Epoch 005 | train batch=110/2262 | elapsed=0.4 min | eta=7.3 min
[2026-09-16 01:57:15] INFO Epoch 005 | train batch=120/2262 | elapsed=0.4 min | eta=7.3 min
[2026-09-16 01:57:17] INFO Epoch 005 | train batch=130/2262 | elapsed=0.4 min | eta=7.2 min
[2026-09-16 01:57:19] INFO Epoch 005 | train batch=140/2262 | elapsed=0.5 min | eta=7.2 min
[2026-09-16 01:57:21] INFO Epoch 005 | train batch=150/2262 | elapsed=0.5 min | eta=7.2 min
[2026-09-16 01:57:23] INFO Epoch 005 | train batch=160/2262 | elapsed=0.5 min | eta=7.1 min
[2026-09-16 01:57:25] INFO Epoch 005 | train batch=170/2262 | elapsed=0.6 min | eta=7.1 min
[2026-09-16 01:57:27] INFO Epoch 005 | train batch=180/2262 | elapsed=0.6 min | eta=7.1 min
[2026-09-16 01:57:29] INFO Epoch 005 | train batch=190/2262 | elapsed=0.6 min | eta=7.0 min
[2026-09-16 01:57:31] INFO Epoch 005 | train batch=200/2262 | elapsed=0.7 min | eta=7.0 min
[2026-09-16 01:57:33] INFO Epoch 005 | train batch=210/2262 | elapsed=0.7 min | eta=7.0 min
[2026-09-16 01:57:35] INFO Epoch 005 | train batch=220/2262 | elapsed=0.7 min | eta=6.9 min
[2026-09-16 01:57:37] INFO Epoch 005 | train batch=230/2262 | elapsed=0.8 min | eta=6.9 min
[2026-09-16 01:57:40] INFO Epoch 005 | train batch=240/2262 | elapsed=0.8 min | eta=6.9 min
[2026-09-16 01:57:42] INFO Epoch 005 | train batch=250/2262 | elapsed=0.8 min | eta=6.8 min
[2026-09-16 01:57:44] INFO Epoch 005 | train batch=260/2262 | elapsed=0.9 min | eta=6.8 min
[2026-09-16 01:57:46] INFO Epoch 005 | train batch=270/2262 | elapsed=0.9 min | eta=6.8 min
[2026-09-16 01:57:48] INFO Epoch 005 | train batch=280/2262 | elapsed=1.0 min | eta=6.7 min
[2026-09-16 01:57:50] INFO Epoch 005 | train batch=290/2262 | elapsed=1.0 min | eta=6.7 min
[2026-09-16 01:57:52] INFO Epoch 005 | train batch=300/2262 | elapsed=1.0 min | eta=6.7 min
[2026-09-16 01:57:54] INFO Epoch 005 | train batch=310/2262 | elapsed=1.1 min | eta=6.6 min
[2026-09-16 01:57:56] INFO Epoch 005 | train batch=320/2262 | elapsed=1.1 min | eta=6.6 min
[2026-09-16 01:57:58] INFO Epoch 005 | train batch=330/2262 | elapsed=1.1 min | eta=6.6 min
[2026-09-16 01:58:00] INFO Epoch 005 | train batch=340/2262 | elapsed=1.2 min | eta=6.5 min
[2026-09-16 01:58:02] INFO Epoch 005 | train batch=350/2262 | elapsed=1.2 min | eta=6.5 min
[2026-09-16 01:58:04] INFO Epoch 005 | train batch=360/2262 | elapsed=1.2 min | eta=6.5 min
[2026-09-16 01:58:06] INFO Epoch 005 | train batch=370/2262 | elapsed=1.3 min | eta=6.4 min
[2026-09-16 01:58:08] INFO Epoch 005 | train batch=380/2262 | elapsed=1.3 min | eta=6.4 min
[2026-09-16 01:58:10] INFO Epoch 005 | train batch=390/2262 | elapsed=1.3 min | eta=6.4 min
[2026-09-16 01:58:12] INFO Epoch 005 | train batch=400/2262 | elapsed=1.4 min | eta=6.3 min
[2026-09-16 01:58:14] INFO Epoch 005 | train batch=410/2262 | elapsed=1.4 min | eta=6.3 min
[2026-09-16 01:58:16] INFO Epoch 005 | train batch=420/2262 | elapsed=1.4 min | eta=6.3 min
[2026-09-16 01:58:18] INFO Epoch 005 | train batch=430/2262 | elapsed=1.5 min | eta=6.2 min
[2026-09-16 01:58:20] INFO Epoch 005 | train batch=440/2262 | elapsed=1.5 min | eta=6.2 min
[2026-09-16 01:58:22] INFO Epoch 005 | train batch=450/2262 | elapsed=1.5 min | eta=6.1 min
[2026-09-16 01:58:24] INFO Epoch 005 | train batch=460/2262 | elapsed=1.6 min | eta=6.1 min
[2026-09-16 01:58:26] INFO Epoch 005 | train batch=470/2262 | elapsed=1.6 min | eta=6.1 min
[2026-09-16 01:58:28] INFO Epoch 005 | train batch=480/2262 | elapsed=1.6 min | eta=6.0 min
[2026-09-16 01:58:30] INFO Epoch 005 | train batch=490/2262 | elapsed=1.7 min | eta=6.0 min
[2026-09-16 01:58:32] INFO Epoch 005 | train batch=500/2262 | elapsed=1.7 min | eta=6.0 min
[2026-09-16 01:58:34] INFO Epoch 005 | train batch=510/2262 | elapsed=1.7 min | eta=5.9 min
[2026-09-16 01:58:37] INFO Epoch 005 | train batch=520/2262 | elapsed=1.8 min | eta=5.9 min
[2026-09-16 01:58:39] INFO Epoch 005 | train batch=530/2262 | elapsed=1.8 min | eta=5.9 min
[2026-09-16 01:58:41] INFO Epoch 005 | train batch=540/2262 | elapsed=1.8 min | eta=5.8 min
[2026-09-16 01:58:43] INFO Epoch 005 | train batch=550/2262 | elapsed=1.9 min | eta=5.8 min
[2026-09-16 01:58:45] INFO Epoch 005 | train batch=560/2262 | elapsed=1.9 min | eta=5.8 min
[2026-09-16 01:58:47] INFO Epoch 005 | train batch=570/2262 | elapsed=1.9 min | eta=5.7 min
[2026-09-16 01:58:49] INFO Epoch 005 | train batch=580/2262 | elapsed=2.0 min | eta=5.7 min
[2026-09-16 01:58:51] INFO Epoch 005 | train batch=590/2262 | elapsed=2.0 min | eta=5.7 min
[2026-09-16 01:58:53] INFO Epoch 005 | train batch=600/2262 | elapsed=2.0 min | eta=5.6 min
[2026-09-16 01:58:55] INFO Epoch 005 | train batch=610/2262 | elapsed=2.1 min | eta=5.6 min
[2026-09-16 01:58:57] INFO Epoch 005 | train batch=620/2262 | elapsed=2.1 min | eta=5.6 min
[2026-09-16 01:58:59] INFO Epoch 005 | train batch=630/2262 | elapsed=2.1 min | eta=5.5 min
[2026-09-16 01:59:01] INFO Epoch 005 | train batch=640/2262 | elapsed=2.2 min | eta=5.5 min
[2026-09-16 01:59:03] INFO Epoch 005 | train batch=650/2262 | elapsed=2.2 min | eta=5.5 min
[2026-09-16 01:59:05] INFO Epoch 005 | train batch=660/2262 | elapsed=2.2 min | eta=5.4 min
[2026-09-16 01:59:07] INFO Epoch 005 | train batch=670/2262 | elapsed=2.3 min | eta=5.4 min
[2026-09-16 01:59:09] INFO Epoch 005 | train batch=680/2262 | elapsed=2.3 min | eta=5.4 min
[2026-09-16 01:59:11] INFO Epoch 005 | train batch=690/2262 | elapsed=2.3 min | eta=5.3 min
[2026-09-16 01:59:13] INFO Epoch 005 | train batch=700/2262 | elapsed=2.4 min | eta=5.3 min
[2026-09-16 01:59:15] INFO Epoch 005 | train batch=710/2262 | elapsed=2.4 min | eta=5.3 min
[2026-09-16 01:59:17] INFO Epoch 005 | train batch=720/2262 | elapsed=2.4 min | eta=5.2 min
[2026-09-16 01:59:19] INFO Epoch 005 | train batch=730/2262 | elapsed=2.5 min | eta=5.2 min
[2026-09-16 01:59:21] INFO Epoch 005 | train batch=740/2262 | elapsed=2.5 min | eta=5.2 min
[2026-09-16 01:59:23] INFO Epoch 005 | train batch=750/2262 | elapsed=2.5 min | eta=5.1 min
[2026-09-16 01:59:25] INFO Epoch 005 | train batch=760/2262 | elapsed=2.6 min | eta=5.1 min
[2026-09-16 01:59:27] INFO Epoch 005 | train batch=770/2262 | elapsed=2.6 min | eta=5.1 min
[2026-09-16 01:59:29] INFO Epoch 005 | train batch=780/2262 | elapsed=2.6 min | eta=5.0 min
[2026-09-16 01:59:31] INFO Epoch 005 | train batch=790/2262 | elapsed=2.7 min | eta=5.0 min
[2026-09-16 01:59:33] INFO Epoch 005 | train batch=800/2262 | elapsed=2.7 min | eta=5.0 min
[2026-09-16 01:59:36] INFO Epoch 005 | train batch=810/2262 | elapsed=2.7 min | eta=4.9 min
[2026-09-16 01:59:38] INFO Epoch 005 | train batch=820/2262 | elapsed=2.8 min | eta=4.9 min
[2026-09-16 01:59:40] INFO Epoch 005 | train batch=830/2262 | elapsed=2.8 min | eta=4.9 min
[2026-09-16 01:59:42] INFO Epoch 005 | train batch=840/2262 | elapsed=2.8 min | eta=4.8 min
[2026-09-16 01:59:44] INFO Epoch 005 | train batch=850/2262 | elapsed=2.9 min | eta=4.8 min
[2026-09-16 01:59:46] INFO Epoch 005 | train batch=860/2262 | elapsed=2.9 min | eta=4.8 min
[2026-09-16 01:59:48] INFO Epoch 005 | train batch=870/2262 | elapsed=3.0 min | eta=4.7 min
[2026-09-16 01:59:50] INFO Epoch 005 | train batch=880/2262 | elapsed=3.0 min | eta=4.7 min
[2026-09-16 01:59:52] INFO Epoch 005 | train batch=890/2262 | elapsed=3.0 min | eta=4.7 min
[2026-09-16 01:59:54] INFO Epoch 005 | train batch=900/2262 | elapsed=3.1 min | eta=4.6 min
[2026-09-16 01:59:56] INFO Epoch 005 | train batch=910/2262 | elapsed=3.1 min | eta=4.6 min
[2026-09-16 01:59:58] INFO Epoch 005 | train batch=920/2262 | elapsed=3.1 min | eta=4.6 min
[2026-09-16 02:00:00] INFO Epoch 005 | train batch=930/2262 | elapsed=3.2 min | eta=4.5 min
[2026-09-16 02:00:02] INFO Epoch 005 | train batch=940/2262 | elapsed=3.2 min | eta=4.5 min
[2026-09-16 02:00:04] INFO Epoch 005 | train batch=950/2262 | elapsed=3.2 min | eta=4.4 min
[2026-09-16 02:00:06] INFO Epoch 005 | train batch=960/2262 | elapsed=3.3 min | eta=4.4 min
[2026-09-16 02:00:08] INFO Epoch 005 | train batch=970/2262 | elapsed=3.3 min | eta=4.4 min
[2026-09-16 02:00:10] INFO Epoch 005 | train batch=980/2262 | elapsed=3.3 min | eta=4.3 min
[2026-09-16 02:00:12] INFO Epoch 005 | train batch=990/2262 | elapsed=3.4 min | eta=4.3 min
[2026-09-16 02:00:14] INFO Epoch 005 | train batch=1000/2262 | elapsed=3.4 min | eta=4.3 min
[2026-09-16 02:00:16] INFO Epoch 005 | train batch=1010/2262 | elapsed=3.4 min | eta=4.2 min
[2026-09-16 02:00:18] INFO Epoch 005 | train batch=1020/2262 | elapsed=3.5 min | eta=4.2 min
[2026-09-16 02:00:20] INFO Epoch 005 | train batch=1030/2262 | elapsed=3.5 min | eta=4.2 min
[2026-09-16 02:00:22] INFO Epoch 005 | train batch=1040/2262 | elapsed=3.5 min | eta=4.1 min
[2026-09-16 02:00:24] INFO Epoch 005 | train batch=1050/2262 | elapsed=3.6 min | eta=4.1 min
[2026-09-16 02:00:26] INFO Epoch 005 | train batch=1060/2262 | elapsed=3.6 min | eta=4.1 min
[2026-09-16 02:00:28] INFO Epoch 005 | train batch=1070/2262 | elapsed=3.6 min | eta=4.0 min
[2026-09-16 02:00:30] INFO Epoch 005 | train batch=1080/2262 | elapsed=3.7 min | eta=4.0 min
[2026-09-16 02:00:33] INFO Epoch 005 | train batch=1090/2262 | elapsed=3.7 min | eta=4.0 min
[2026-09-16 02:00:35] INFO Epoch 005 | train batch=1100/2262 | elapsed=3.7 min | eta=3.9 min
[2026-09-16 02:00:37] INFO Epoch 005 | train batch=1110/2262 | elapsed=3.8 min | eta=3.9 min
[2026-09-16 02:00:39] INFO Epoch 005 | train batch=1120/2262 | elapsed=3.8 min | eta=3.9 min
[2026-09-16 02:00:41] INFO Epoch 005 | train batch=1130/2262 | elapsed=3.8 min | eta=3.8 min
[2026-09-16 02:00:43] INFO Epoch 005 | train batch=1140/2262 | elapsed=3.9 min | eta=3.8 min
[2026-09-16 02:00:45] INFO Epoch 005 | train batch=1150/2262 | elapsed=3.9 min | eta=3.8 min
[2026-09-16 02:00:47] INFO Epoch 005 | train batch=1160/2262 | elapsed=3.9 min | eta=3.7 min
[2026-09-16 02:00:49] INFO Epoch 005 | train batch=1170/2262 | elapsed=4.0 min | eta=3.7 min
[2026-09-16 02:00:51] INFO Epoch 005 | train batch=1180/2262 | elapsed=4.0 min | eta=3.7 min
[2026-09-16 02:00:53] INFO Epoch 005 | train batch=1190/2262 | elapsed=4.0 min | eta=3.6 min
[2026-09-16 02:00:55] INFO Epoch 005 | train batch=1200/2262 | elapsed=4.1 min | eta=3.6 min
[2026-09-16 02:00:57] INFO Epoch 005 | train batch=1210/2262 | elapsed=4.1 min | eta=3.6 min
[2026-09-16 02:00:59] INFO Epoch 005 | train batch=1220/2262 | elapsed=4.1 min | eta=3.5 min
[2026-09-16 02:01:01] INFO Epoch 005 | train batch=1230/2262 | elapsed=4.2 min | eta=3.5 min
[2026-09-16 02:01:03] INFO Epoch 005 | train batch=1240/2262 | elapsed=4.2 min | eta=3.5 min
[2026-09-16 02:01:05] INFO Epoch 005 | train batch=1250/2262 | elapsed=4.2 min | eta=3.4 min
[2026-09-16 02:01:07] INFO Epoch 005 | train batch=1260/2262 | elapsed=4.3 min | eta=3.4 min
[2026-09-16 02:01:09] INFO Epoch 005 | train batch=1270/2262 | elapsed=4.3 min | eta=3.4 min
[2026-09-16 02:01:11] INFO Epoch 005 | train batch=1280/2262 | elapsed=4.3 min | eta=3.3 min
[2026-09-16 02:01:13] INFO Epoch 005 | train batch=1290/2262 | elapsed=4.4 min | eta=3.3 min
[2026-09-16 02:01:15] INFO Epoch 005 | train batch=1300/2262 | elapsed=4.4 min | eta=3.3 min
[2026-09-16 02:01:17] INFO Epoch 005 | train batch=1310/2262 | elapsed=4.4 min | eta=3.2 min
[2026-09-16 02:01:19] INFO Epoch 005 | train batch=1320/2262 | elapsed=4.5 min | eta=3.2 min
[2026-09-16 02:01:21] INFO Epoch 005 | train batch=1330/2262 | elapsed=4.5 min | eta=3.2 min
[2026-09-16 02:01:23] INFO Epoch 005 | train batch=1340/2262 | elapsed=4.5 min | eta=3.1 min
[2026-09-16 02:01:25] INFO Epoch 005 | train batch=1350/2262 | elapsed=4.6 min | eta=3.1 min
[2026-09-16 02:01:27] INFO Epoch 005 | train batch=1360/2262 | elapsed=4.6 min | eta=3.1 min
[2026-09-16 02:01:30] INFO Epoch 005 | train batch=1370/2262 | elapsed=4.6 min | eta=3.0 min
[2026-09-16 02:01:32] INFO Epoch 005 | train batch=1380/2262 | elapsed=4.7 min | eta=3.0 min
[2026-09-16 02:01:34] INFO Epoch 005 | train batch=1390/2262 | elapsed=4.7 min | eta=3.0 min
[2026-09-16 02:01:36] INFO Epoch 005 | train batch=1400/2262 | elapsed=4.7 min | eta=2.9 min
[2026-09-16 02:01:38] INFO Epoch 005 | train batch=1410/2262 | elapsed=4.8 min | eta=2.9 min
[2026-09-16 02:01:40] INFO Epoch 005 | train batch=1420/2262 | elapsed=4.8 min | eta=2.9 min
[2026-09-16 02:01:42] INFO Epoch 005 | train batch=1430/2262 | elapsed=4.9 min | eta=2.8 min
[2026-09-16 02:01:44] INFO Epoch 005 | train batch=1440/2262 | elapsed=4.9 min | eta=2.8 min
[2026-09-16 02:01:46] INFO Epoch 005 | train batch=1450/2262 | elapsed=4.9 min | eta=2.8 min
[2026-09-16 02:01:48] INFO Epoch 005 | train batch=1460/2262 | elapsed=5.0 min | eta=2.7 min
[2026-09-16 02:01:50] INFO Epoch 005 | train batch=1470/2262 | elapsed=5.0 min | eta=2.7 min
[2026-09-16 02:01:52] INFO Epoch 005 | train batch=1480/2262 | elapsed=5.0 min | eta=2.7 min
[2026-09-16 02:01:54] INFO Epoch 005 | train batch=1490/2262 | elapsed=5.1 min | eta=2.6 min
[2026-09-16 02:01:56] INFO Epoch 005 | train batch=1500/2262 | elapsed=5.1 min | eta=2.6 min
[2026-09-16 02:01:58] INFO Epoch 005 | train batch=1510/2262 | elapsed=5.1 min | eta=2.6 min
[2026-09-16 02:02:00] INFO Epoch 005 | train batch=1520/2262 | elapsed=5.2 min | eta=2.5 min
[2026-09-16 02:02:02] INFO Epoch 005 | train batch=1530/2262 | elapsed=5.2 min | eta=2.5 min
[2026-09-16 02:02:04] INFO Epoch 005 | train batch=1540/2262 | elapsed=5.2 min | eta=2.4 min
[2026-09-16 02:02:06] INFO Epoch 005 | train batch=1550/2262 | elapsed=5.3 min | eta=2.4 min
[2026-09-16 02:02:08] INFO Epoch 005 | train batch=1560/2262 | elapsed=5.3 min | eta=2.4 min
[2026-09-16 02:02:10] INFO Epoch 005 | train batch=1570/2262 | elapsed=5.3 min | eta=2.3 min
[2026-09-16 02:02:12] INFO Epoch 005 | train batch=1580/2262 | elapsed=5.4 min | eta=2.3 min
[2026-09-16 02:02:14] INFO Epoch 005 | train batch=1590/2262 | elapsed=5.4 min | eta=2.3 min
[2026-09-16 02:02:16] INFO Epoch 005 | train batch=1600/2262 | elapsed=5.4 min | eta=2.2 min
[2026-09-16 02:02:18] INFO Epoch 005 | train batch=1610/2262 | elapsed=5.5 min | eta=2.2 min
[2026-09-16 02:02:20] INFO Epoch 005 | train batch=1620/2262 | elapsed=5.5 min | eta=2.2 min
[2026-09-16 02:02:22] INFO Epoch 005 | train batch=1630/2262 | elapsed=5.5 min | eta=2.1 min
[2026-09-16 02:02:24] INFO Epoch 005 | train batch=1640/2262 | elapsed=5.6 min | eta=2.1 min
[2026-09-16 02:02:27] INFO Epoch 005 | train batch=1650/2262 | elapsed=5.6 min | eta=2.1 min
[2026-09-16 02:02:29] INFO Epoch 005 | train batch=1660/2262 | elapsed=5.6 min | eta=2.0 min
[2026-09-16 02:02:31] INFO Epoch 005 | train batch=1670/2262 | elapsed=5.7 min | eta=2.0 min
[2026-09-16 02:02:33] INFO Epoch 005 | train batch=1680/2262 | elapsed=5.7 min | eta=2.0 min
[2026-09-16 02:02:35] INFO Epoch 005 | train batch=1690/2262 | elapsed=5.7 min | eta=1.9 min
[2026-09-16 02:02:37] INFO Epoch 005 | train batch=1700/2262 | elapsed=5.8 min | eta=1.9 min
[2026-09-16 02:02:39] INFO Epoch 005 | train batch=1710/2262 | elapsed=5.8 min | eta=1.9 min
[2026-09-16 02:02:41] INFO Epoch 005 | train batch=1720/2262 | elapsed=5.8 min | eta=1.8 min
[2026-09-16 02:02:43] INFO Epoch 005 | train batch=1730/2262 | elapsed=5.9 min | eta=1.8 min
[2026-09-16 02:02:45] INFO Epoch 005 | train batch=1740/2262 | elapsed=5.9 min | eta=1.8 min
[2026-09-16 02:02:47] INFO Epoch 005 | train batch=1750/2262 | elapsed=5.9 min | eta=1.7 min
[2026-09-16 02:02:49] INFO Epoch 005 | train batch=1760/2262 | elapsed=6.0 min | eta=1.7 min
[2026-09-16 02:02:51] INFO Epoch 005 | train batch=1770/2262 | elapsed=6.0 min | eta=1.7 min
[2026-09-16 02:02:53] INFO Epoch 005 | train batch=1780/2262 | elapsed=6.0 min | eta=1.6 min
[2026-09-16 02:02:55] INFO Epoch 005 | train batch=1790/2262 | elapsed=6.1 min | eta=1.6 min
[2026-09-16 02:02:57] INFO Epoch 005 | train batch=1800/2262 | elapsed=6.1 min | eta=1.6 min
[2026-09-16 02:02:59] INFO Epoch 005 | train batch=1810/2262 | elapsed=6.1 min | eta=1.5 min
[2026-09-16 02:03:01] INFO Epoch 005 | train batch=1820/2262 | elapsed=6.2 min | eta=1.5 min
[2026-09-16 02:03:03] INFO Epoch 005 | train batch=1830/2262 | elapsed=6.2 min | eta=1.5 min
[2026-09-16 02:03:05] INFO Epoch 005 | train batch=1840/2262 | elapsed=6.2 min | eta=1.4 min
[2026-09-16 02:03:07] INFO Epoch 005 | train batch=1850/2262 | elapsed=6.3 min | eta=1.4 min
[2026-09-16 02:03:09] INFO Epoch 005 | train batch=1860/2262 | elapsed=6.3 min | eta=1.4 min
[2026-09-16 02:03:11] INFO Epoch 005 | train batch=1870/2262 | elapsed=6.3 min | eta=1.3 min
[2026-09-16 02:03:13] INFO Epoch 005 | train batch=1880/2262 | elapsed=6.4 min | eta=1.3 min
[2026-09-16 02:03:15] INFO Epoch 005 | train batch=1890/2262 | elapsed=6.4 min | eta=1.3 min
[2026-09-16 02:03:17] INFO Epoch 005 | train batch=1900/2262 | elapsed=6.4 min | eta=1.2 min
[2026-09-16 02:03:19] INFO Epoch 005 | train batch=1910/2262 | elapsed=6.5 min | eta=1.2 min
[2026-09-16 02:03:21] INFO Epoch 005 | train batch=1920/2262 | elapsed=6.5 min | eta=1.2 min
[2026-09-16 02:03:24] INFO Epoch 005 | train batch=1930/2262 | elapsed=6.5 min | eta=1.1 min
[2026-09-16 02:03:26] INFO Epoch 005 | train batch=1940/2262 | elapsed=6.6 min | eta=1.1 min
[2026-09-16 02:03:28] INFO Epoch 005 | train batch=1950/2262 | elapsed=6.6 min | eta=1.1 min
[2026-09-16 02:03:30] INFO Epoch 005 | train batch=1960/2262 | elapsed=6.6 min | eta=1.0 min
[2026-09-16 02:03:32] INFO Epoch 005 | train batch=1970/2262 | elapsed=6.7 min | eta=1.0 min
[2026-09-16 02:03:34] INFO Epoch 005 | train batch=1980/2262 | elapsed=6.7 min | eta=1.0 min
[2026-09-16 02:03:36] INFO Epoch 005 | train batch=1990/2262 | elapsed=6.8 min | eta=0.9 min
[2026-09-16 02:03:38] INFO Epoch 005 | train batch=2000/2262 | elapsed=6.8 min | eta=0.9 min
[2026-09-16 02:03:40] INFO Epoch 005 | train batch=2010/2262 | elapsed=6.8 min | eta=0.9 min
[2026-09-16 02:03:42] INFO Epoch 005 | train batch=2020/2262 | elapsed=6.9 min | eta=0.8 min
[2026-09-16 02:03:44] INFO Epoch 005 | train batch=2030/2262 | elapsed=6.9 min | eta=0.8 min
[2026-09-16 02:03:46] INFO Epoch 005 | train batch=2040/2262 | elapsed=6.9 min | eta=0.8 min
[2026-09-16 02:03:48] INFO Epoch 005 | train batch=2050/2262 | elapsed=7.0 min | eta=0.7 min
[2026-09-16 02:03:50] INFO Epoch 005 | train batch=2060/2262 | elapsed=7.0 min | eta=0.7 min
[2026-09-16 02:03:52] INFO Epoch 005 | train batch=2070/2262 | elapsed=7.0 min | eta=0.7 min
[2026-09-16 02:03:54] INFO Epoch 005 | train batch=2080/2262 | elapsed=7.1 min | eta=0.6 min
[2026-09-16 02:03:56] INFO Epoch 005 | train batch=2090/2262 | elapsed=7.1 min | eta=0.6 min
[2026-09-16 02:03:58] INFO Epoch 005 | train batch=2100/2262 | elapsed=7.1 min | eta=0.5 min
[2026-09-16 02:04:00] INFO Epoch 005 | train batch=2110/2262 | elapsed=7.2 min | eta=0.5 min
[2026-09-16 02:04:02] INFO Epoch 005 | train batch=2120/2262 | elapsed=7.2 min | eta=0.5 min
[2026-09-16 02:04:04] INFO Epoch 005 | train batch=2130/2262 | elapsed=7.2 min | eta=0.4 min
[2026-09-16 02:04:06] INFO Epoch 005 | train batch=2140/2262 | elapsed=7.3 min | eta=0.4 min
[2026-09-16 02:04:08] INFO Epoch 005 | train batch=2150/2262 | elapsed=7.3 min | eta=0.4 min
[2026-09-16 02:04:10] INFO Epoch 005 | train batch=2160/2262 | elapsed=7.3 min | eta=0.3 min
[2026-09-16 02:04:12] INFO Epoch 005 | train batch=2170/2262 | elapsed=7.4 min | eta=0.3 min
[2026-09-16 02:04:14] INFO Epoch 005 | train batch=2180/2262 | elapsed=7.4 min | eta=0.3 min
[2026-09-16 02:04:16] INFO Epoch 005 | train batch=2190/2262 | elapsed=7.4 min | eta=0.2 min
[2026-09-16 02:04:18] INFO Epoch 005 | train batch=2200/2262 | elapsed=7.5 min | eta=0.2 min
[2026-09-16 02:04:20] INFO Epoch 005 | train batch=2210/2262 | elapsed=7.5 min | eta=0.2 min
[2026-09-16 02:04:23] INFO Epoch 005 | train batch=2220/2262 | elapsed=7.5 min | eta=0.1 min
[2026-09-16 02:04:25] INFO Epoch 005 | train batch=2230/2262 | elapsed=7.6 min | eta=0.1 min
[2026-09-16 02:04:27] INFO Epoch 005 | train batch=2240/2262 | elapsed=7.6 min | eta=0.1 min
[2026-09-16 02:04:29] INFO Epoch 005 | train batch=2250/2262 | elapsed=7.6 min | eta=0.0 min
[2026-09-16 02:04:31] INFO Epoch 005 | train batch=2260/2262 | elapsed=7.7 min | eta=0.0 min
[2026-09-16 02:04:31] INFO Epoch 005 | train batch=2262/2262 | elapsed=7.7 min | eta=0.0 min
[2026-09-16 02:04:31] INFO Epoch 005 | val batch=1/307 | elapsed=0.0 min | eta=1.0 min
[2026-09-16 02:04:33] INFO Epoch 005 | val batch=10/307 | elapsed=0.0 min | eta=1.0 min
[2026-09-16 02:04:35] INFO Epoch 005 | val batch=20/307 | elapsed=0.1 min | eta=1.0 min
[2026-09-16 02:04:37] INFO Epoch 005 | val batch=30/307 | elapsed=0.1 min | eta=0.9 min
[2026-09-16 02:04:39] INFO Epoch 005 | val batch=40/307 | elapsed=0.1 min | eta=0.9 min
[2026-09-16 02:04:41] INFO Epoch 005 | val batch=50/307 | elapsed=0.2 min | eta=0.9 min
[2026-09-16 02:04:43] INFO Epoch 005 | val batch=60/307 | elapsed=0.2 min | eta=0.8 min
[2026-09-16 02:04:45] INFO Epoch 005 | val batch=70/307 | elapsed=0.2 min | eta=0.8 min
[2026-09-16 02:04:47] INFO Epoch 005 | val batch=80/307 | elapsed=0.3 min | eta=0.8 min
[2026-09-16 02:04:49] INFO Epoch 005 | val batch=90/307 | elapsed=0.3 min | eta=0.7 min
[2026-09-16 02:04:51] INFO Epoch 005 | val batch=100/307 | elapsed=0.3 min | eta=0.7 min
[2026-09-16 02:04:53] INFO Epoch 005 | val batch=110/307 | elapsed=0.4 min | eta=0.7 min
[2026-09-16 02:04:55] INFO Epoch 005 | val batch=120/307 | elapsed=0.4 min | eta=0.6 min
[2026-09-16 02:04:57] INFO Epoch 005 | val batch=130/307 | elapsed=0.4 min | eta=0.6 min
[2026-09-16 02:04:59] INFO Epoch 005 | val batch=140/307 | elapsed=0.5 min | eta=0.6 min
[2026-09-16 02:05:01] INFO Epoch 005 | val batch=150/307 | elapsed=0.5 min | eta=0.5 min
[2026-09-16 02:05:03] INFO Epoch 005 | val batch=160/307 | elapsed=0.5 min | eta=0.5 min
[2026-09-16 02:05:05] INFO Epoch 005 | val batch=170/307 | elapsed=0.6 min | eta=0.5 min
[2026-09-16 02:05:07] INFO Epoch 005 | val batch=180/307 | elapsed=0.6 min | eta=0.4 min
[2026-09-16 02:05:09] INFO Epoch 005 | val batch=190/307 | elapsed=0.6 min | eta=0.4 min
[2026-09-16 02:05:11] INFO Epoch 005 | val batch=200/307 | elapsed=0.7 min | eta=0.4 min
[2026-09-16 02:05:13] INFO Epoch 005 | val batch=210/307 | elapsed=0.7 min | eta=0.3 min
[2026-09-16 02:05:15] INFO Epoch 005 | val batch=220/307 | elapsed=0.7 min | eta=0.3 min
[2026-09-16 02:05:17] INFO Epoch 005 | val batch=230/307 | elapsed=0.8 min | eta=0.3 min
[2026-09-16 02:05:19] INFO Epoch 005 | val batch=240/307 | elapsed=0.8 min | eta=0.2 min
[2026-09-16 02:05:21] INFO Epoch 005 | val batch=250/307 | elapsed=0.8 min | eta=0.2 min
[2026-09-16 02:05:22] INFO Epoch 005 | val batch=260/307 | elapsed=0.9 min | eta=0.2 min
[2026-09-16 02:05:24] INFO Epoch 005 | val batch=270/307 | elapsed=0.9 min | eta=0.1 min
[2026-09-16 02:05:26] INFO Epoch 005 | val batch=280/307 | elapsed=0.9 min | eta=0.1 min
[2026-09-16 02:05:28] INFO Epoch 005 | val batch=290/307 | elapsed=1.0 min | eta=0.1 min
[2026-09-16 02:05:30] INFO Epoch 005 | val batch=300/307 | elapsed=1.0 min | eta=0.0 min
[2026-09-16 02:05:32] INFO Epoch 005 | val batch=307/307 | elapsed=1.0 min | eta=0.0 min
[2026-09-16 02:05:32] INFO Epoch 005 | train_total=2.339066 | train_relation=2.336511 | train_distill=0.051100 | val_total=2.182387 | val_relation=2.179754 | val_distill=0.052658 | val_anchors=1596400 | val_candidates=21057400 | val_teacher_keff=4.222 | val_student_keff=7.481 | seconds(train/val)=460.25/60.87
[2026-09-16 02:05:32] INFO Checkpoint updated | epoch=5 | best_val_relation=2.179754 | path=C:\Users\clw\projects\researchRep\STAnchor-BlockMemory\artifacts\paper_final_joint_context_offset_only_seed42\retrieval_adaptation\pemsbay\retrieval_t1_best.pt
[2026-09-16 02:05:32] INFO Epoch 006/008 started | train_batches=2262 | val_batches=307
[2026-09-16 02:05:32] INFO Epoch 006 | train batch=1/2262 | elapsed=0.0 min | eta=7.7 min
[2026-09-16 02:05:34] INFO Epoch 006 | train batch=10/2262 | elapsed=0.0 min | eta=7.6 min
[2026-09-16 02:05:36] INFO Epoch 006 | train batch=20/2262 | elapsed=0.1 min | eta=7.6 min
[2026-09-16 02:05:38] INFO Epoch 006 | train batch=30/2262 | elapsed=0.1 min | eta=7.6 min
[2026-09-16 02:05:40] INFO Epoch 006 | train batch=40/2262 | elapsed=0.1 min | eta=7.5 min
[2026-09-16 02:05:42] INFO Epoch 006 | train batch=50/2262 | elapsed=0.2 min | eta=7.5 min
[2026-09-16 02:05:44] INFO Epoch 006 | train batch=60/2262 | elapsed=0.2 min | eta=7.5 min
[2026-09-16 02:05:46] INFO Epoch 006 | train batch=70/2262 | elapsed=0.2 min | eta=7.4 min
[2026-09-16 02:05:48] INFO Epoch 006 | train batch=80/2262 | elapsed=0.3 min | eta=7.4 min
[2026-09-16 02:05:50] INFO Epoch 006 | train batch=90/2262 | elapsed=0.3 min | eta=7.4 min
[2026-09-16 02:05:52] INFO Epoch 006 | train batch=100/2262 | elapsed=0.3 min | eta=7.3 min
[2026-09-16 02:05:54] INFO Epoch 006 | train batch=110/2262 | elapsed=0.4 min | eta=7.3 min
[2026-09-16 02:05:56] INFO Epoch 006 | train batch=120/2262 | elapsed=0.4 min | eta=7.3 min
[2026-09-16 02:05:58] INFO Epoch 006 | train batch=130/2262 | elapsed=0.4 min | eta=7.2 min
[2026-09-16 02:06:00] INFO Epoch 006 | train batch=140/2262 | elapsed=0.5 min | eta=7.2 min
[2026-09-16 02:06:02] INFO Epoch 006 | train batch=150/2262 | elapsed=0.5 min | eta=7.2 min
[2026-09-16 02:06:04] INFO Epoch 006 | train batch=160/2262 | elapsed=0.5 min | eta=7.1 min
[2026-09-16 02:06:06] INFO Epoch 006 | train batch=170/2262 | elapsed=0.6 min | eta=7.1 min
[2026-09-16 02:06:09] INFO Epoch 006 | train batch=180/2262 | elapsed=0.6 min | eta=7.1 min
[2026-09-16 02:06:11] INFO Epoch 006 | train batch=190/2262 | elapsed=0.6 min | eta=7.0 min
[2026-09-16 02:06:13] INFO Epoch 006 | train batch=200/2262 | elapsed=0.7 min | eta=7.0 min
[2026-09-16 02:06:15] INFO Epoch 006 | train batch=210/2262 | elapsed=0.7 min | eta=7.0 min
[2026-09-16 02:06:17] INFO Epoch 006 | train batch=220/2262 | elapsed=0.7 min | eta=6.9 min
[2026-09-16 02:06:19] INFO Epoch 006 | train batch=230/2262 | elapsed=0.8 min | eta=6.9 min
[2026-09-16 02:06:21] INFO Epoch 006 | train batch=240/2262 | elapsed=0.8 min | eta=6.9 min
[2026-09-16 02:06:23] INFO Epoch 006 | train batch=250/2262 | elapsed=0.8 min | eta=6.8 min
[2026-09-16 02:06:25] INFO Epoch 006 | train batch=260/2262 | elapsed=0.9 min | eta=6.8 min
[2026-09-16 02:06:27] INFO Epoch 006 | train batch=270/2262 | elapsed=0.9 min | eta=6.8 min
[2026-09-16 02:06:29] INFO Epoch 006 | train batch=280/2262 | elapsed=0.9 min | eta=6.7 min
[2026-09-16 02:06:31] INFO Epoch 006 | train batch=290/2262 | elapsed=1.0 min | eta=6.7 min
[2026-09-16 02:06:33] INFO Epoch 006 | train batch=300/2262 | elapsed=1.0 min | eta=6.7 min
[2026-09-16 02:06:35] INFO Epoch 006 | train batch=310/2262 | elapsed=1.1 min | eta=6.6 min
[2026-09-16 02:06:37] INFO Epoch 006 | train batch=320/2262 | elapsed=1.1 min | eta=6.6 min
[2026-09-16 02:06:39] INFO Epoch 006 | train batch=330/2262 | elapsed=1.1 min | eta=6.6 min
[2026-09-16 02:06:41] INFO Epoch 006 | train batch=340/2262 | elapsed=1.2 min | eta=6.5 min
[2026-09-16 02:06:43] INFO Epoch 006 | train batch=350/2262 | elapsed=1.2 min | eta=6.5 min
[2026-09-16 02:06:45] INFO Epoch 006 | train batch=360/2262 | elapsed=1.2 min | eta=6.5 min
[2026-09-16 02:06:47] INFO Epoch 006 | train batch=370/2262 | elapsed=1.3 min | eta=6.4 min
[2026-09-16 02:06:49] INFO Epoch 006 | train batch=380/2262 | elapsed=1.3 min | eta=6.4 min
[2026-09-16 02:06:51] INFO Epoch 006 | train batch=390/2262 | elapsed=1.3 min | eta=6.4 min
[2026-09-16 02:06:53] INFO Epoch 006 | train batch=400/2262 | elapsed=1.4 min | eta=6.3 min
[2026-09-16 02:06:55] INFO Epoch 006 | train batch=410/2262 | elapsed=1.4 min | eta=6.3 min
[2026-09-16 02:06:57] INFO Epoch 006 | train batch=420/2262 | elapsed=1.4 min | eta=6.2 min
[2026-09-16 02:06:59] INFO Epoch 006 | train batch=430/2262 | elapsed=1.5 min | eta=6.2 min
[2026-09-16 02:07:01] INFO Epoch 006 | train batch=440/2262 | elapsed=1.5 min | eta=6.2 min
[2026-09-16 02:07:03] INFO Epoch 006 | train batch=450/2262 | elapsed=1.5 min | eta=6.1 min
[2026-09-16 02:07:06] INFO Epoch 006 | train batch=460/2262 | elapsed=1.6 min | eta=6.1 min
[2026-09-16 02:07:08] INFO Epoch 006 | train batch=470/2262 | elapsed=1.6 min | eta=6.1 min
[2026-09-16 02:07:10] INFO Epoch 006 | train batch=480/2262 | elapsed=1.6 min | eta=6.0 min
[2026-09-16 02:07:12] INFO Epoch 006 | train batch=490/2262 | elapsed=1.7 min | eta=6.0 min
[2026-09-16 02:07:14] INFO Epoch 006 | train batch=500/2262 | elapsed=1.7 min | eta=6.0 min
[2026-09-16 02:07:16] INFO Epoch 006 | train batch=510/2262 | elapsed=1.7 min | eta=5.9 min
[2026-09-16 02:07:18] INFO Epoch 006 | train batch=520/2262 | elapsed=1.8 min | eta=5.9 min
[2026-09-16 02:07:20] INFO Epoch 006 | train batch=530/2262 | elapsed=1.8 min | eta=5.9 min
[2026-09-16 02:07:22] INFO Epoch 006 | train batch=540/2262 | elapsed=1.8 min | eta=5.8 min
[2026-09-16 02:07:24] INFO Epoch 006 | train batch=550/2262 | elapsed=1.9 min | eta=5.8 min
[2026-09-16 02:07:26] INFO Epoch 006 | train batch=560/2262 | elapsed=1.9 min | eta=5.8 min
[2026-09-16 02:07:28] INFO Epoch 006 | train batch=570/2262 | elapsed=1.9 min | eta=5.7 min
[2026-09-16 02:07:30] INFO Epoch 006 | train batch=580/2262 | elapsed=2.0 min | eta=5.7 min
[2026-09-16 02:07:32] INFO Epoch 006 | train batch=590/2262 | elapsed=2.0 min | eta=5.7 min
[2026-09-16 02:07:34] INFO Epoch 006 | train batch=600/2262 | elapsed=2.0 min | eta=5.6 min
[2026-09-16 02:07:36] INFO Epoch 006 | train batch=610/2262 | elapsed=2.1 min | eta=5.6 min
[2026-09-16 02:07:38] INFO Epoch 006 | train batch=620/2262 | elapsed=2.1 min | eta=5.6 min
[2026-09-16 02:07:40] INFO Epoch 006 | train batch=630/2262 | elapsed=2.1 min | eta=5.5 min
[2026-09-16 02:07:42] INFO Epoch 006 | train batch=640/2262 | elapsed=2.2 min | eta=5.5 min
[2026-09-16 02:07:44] INFO Epoch 006 | train batch=650/2262 | elapsed=2.2 min | eta=5.5 min
[2026-09-16 02:07:46] INFO Epoch 006 | train batch=660/2262 | elapsed=2.2 min | eta=5.4 min
[2026-09-16 02:07:48] INFO Epoch 006 | train batch=670/2262 | elapsed=2.3 min | eta=5.4 min
[2026-09-16 02:07:50] INFO Epoch 006 | train batch=680/2262 | elapsed=2.3 min | eta=5.4 min
[2026-09-16 02:07:52] INFO Epoch 006 | train batch=690/2262 | elapsed=2.3 min | eta=5.3 min
[2026-09-16 02:07:54] INFO Epoch 006 | train batch=700/2262 | elapsed=2.4 min | eta=5.3 min
[2026-09-16 02:07:56] INFO Epoch 006 | train batch=710/2262 | elapsed=2.4 min | eta=5.3 min
[2026-09-16 02:07:58] INFO Epoch 006 | train batch=720/2262 | elapsed=2.4 min | eta=5.2 min
[2026-09-16 02:08:00] INFO Epoch 006 | train batch=730/2262 | elapsed=2.5 min | eta=5.2 min
[2026-09-16 02:08:02] INFO Epoch 006 | train batch=740/2262 | elapsed=2.5 min | eta=5.2 min
[2026-09-16 02:08:04] INFO Epoch 006 | train batch=750/2262 | elapsed=2.5 min | eta=5.1 min
[2026-09-16 02:08:07] INFO Epoch 006 | train batch=760/2262 | elapsed=2.6 min | eta=5.1 min
[2026-09-16 02:08:09] INFO Epoch 006 | train batch=770/2262 | elapsed=2.6 min | eta=5.1 min
[2026-09-16 02:08:11] INFO Epoch 006 | train batch=780/2262 | elapsed=2.6 min | eta=5.0 min
[2026-09-16 02:08:13] INFO Epoch 006 | train batch=790/2262 | elapsed=2.7 min | eta=5.0 min
[2026-09-16 02:08:15] INFO Epoch 006 | train batch=800/2262 | elapsed=2.7 min | eta=5.0 min
[2026-09-16 02:08:17] INFO Epoch 006 | train batch=810/2262 | elapsed=2.7 min | eta=4.9 min
[2026-09-16 02:08:19] INFO Epoch 006 | train batch=820/2262 | elapsed=2.8 min | eta=4.9 min
[2026-09-16 02:08:21] INFO Epoch 006 | train batch=830/2262 | elapsed=2.8 min | eta=4.9 min
[2026-09-16 02:08:23] INFO Epoch 006 | train batch=840/2262 | elapsed=2.8 min | eta=4.8 min
[2026-09-16 02:08:25] INFO Epoch 006 | train batch=850/2262 | elapsed=2.9 min | eta=4.8 min
[2026-09-16 02:08:27] INFO Epoch 006 | train batch=860/2262 | elapsed=2.9 min | eta=4.8 min
[2026-09-16 02:08:29] INFO Epoch 006 | train batch=870/2262 | elapsed=3.0 min | eta=4.7 min
[2026-09-16 02:08:31] INFO Epoch 006 | train batch=880/2262 | elapsed=3.0 min | eta=4.7 min
[2026-09-16 02:08:33] INFO Epoch 006 | train batch=890/2262 | elapsed=3.0 min | eta=4.7 min
[2026-09-16 02:08:35] INFO Epoch 006 | train batch=900/2262 | elapsed=3.1 min | eta=4.6 min
[2026-09-16 02:08:37] INFO Epoch 006 | train batch=910/2262 | elapsed=3.1 min | eta=4.6 min
[2026-09-16 02:08:39] INFO Epoch 006 | train batch=920/2262 | elapsed=3.1 min | eta=4.6 min
[2026-09-16 02:08:41] INFO Epoch 006 | train batch=930/2262 | elapsed=3.2 min | eta=4.5 min
[2026-09-16 02:08:43] INFO Epoch 006 | train batch=940/2262 | elapsed=3.2 min | eta=4.5 min
[2026-09-16 02:08:45] INFO Epoch 006 | train batch=950/2262 | elapsed=3.2 min | eta=4.4 min
[2026-09-16 02:08:47] INFO Epoch 006 | train batch=960/2262 | elapsed=3.3 min | eta=4.4 min
[2026-09-16 02:08:49] INFO Epoch 006 | train batch=970/2262 | elapsed=3.3 min | eta=4.4 min
[2026-09-16 02:08:51] INFO Epoch 006 | train batch=980/2262 | elapsed=3.3 min | eta=4.3 min
[2026-09-16 02:08:53] INFO Epoch 006 | train batch=990/2262 | elapsed=3.4 min | eta=4.3 min
[2026-09-16 02:08:55] INFO Epoch 006 | train batch=1000/2262 | elapsed=3.4 min | eta=4.3 min
[2026-09-16 02:08:57] INFO Epoch 006 | train batch=1010/2262 | elapsed=3.4 min | eta=4.2 min
[2026-09-16 02:08:59] INFO Epoch 006 | train batch=1020/2262 | elapsed=3.5 min | eta=4.2 min
[2026-09-16 02:09:01] INFO Epoch 006 | train batch=1030/2262 | elapsed=3.5 min | eta=4.2 min
[2026-09-16 02:09:03] INFO Epoch 006 | train batch=1040/2262 | elapsed=3.5 min | eta=4.1 min
[2026-09-16 02:09:06] INFO Epoch 006 | train batch=1050/2262 | elapsed=3.6 min | eta=4.1 min
[2026-09-16 02:09:08] INFO Epoch 006 | train batch=1060/2262 | elapsed=3.6 min | eta=4.1 min
[2026-09-16 02:09:10] INFO Epoch 006 | train batch=1070/2262 | elapsed=3.6 min | eta=4.0 min
[2026-09-16 02:09:12] INFO Epoch 006 | train batch=1080/2262 | elapsed=3.7 min | eta=4.0 min
[2026-09-16 02:09:14] INFO Epoch 006 | train batch=1090/2262 | elapsed=3.7 min | eta=4.0 min
[2026-09-16 02:09:16] INFO Epoch 006 | train batch=1100/2262 | elapsed=3.7 min | eta=3.9 min
[2026-09-16 02:09:18] INFO Epoch 006 | train batch=1110/2262 | elapsed=3.8 min | eta=3.9 min
[2026-09-16 02:09:20] INFO Epoch 006 | train batch=1120/2262 | elapsed=3.8 min | eta=3.9 min
[2026-09-16 02:09:22] INFO Epoch 006 | train batch=1130/2262 | elapsed=3.8 min | eta=3.8 min
[2026-09-16 02:09:24] INFO Epoch 006 | train batch=1140/2262 | elapsed=3.9 min | eta=3.8 min
[2026-09-16 02:09:26] INFO Epoch 006 | train batch=1150/2262 | elapsed=3.9 min | eta=3.8 min
[2026-09-16 02:09:28] INFO Epoch 006 | train batch=1160/2262 | elapsed=3.9 min | eta=3.7 min
[2026-09-16 02:09:30] INFO Epoch 006 | train batch=1170/2262 | elapsed=4.0 min | eta=3.7 min
[2026-09-16 02:09:32] INFO Epoch 006 | train batch=1180/2262 | elapsed=4.0 min | eta=3.7 min
[2026-09-16 02:09:34] INFO Epoch 006 | train batch=1190/2262 | elapsed=4.0 min | eta=3.6 min
[2026-09-16 02:09:36] INFO Epoch 006 | train batch=1200/2262 | elapsed=4.1 min | eta=3.6 min
[2026-09-16 02:09:38] INFO Epoch 006 | train batch=1210/2262 | elapsed=4.1 min | eta=3.6 min
[2026-09-16 02:09:40] INFO Epoch 006 | train batch=1220/2262 | elapsed=4.1 min | eta=3.5 min
[2026-09-16 02:09:42] INFO Epoch 006 | train batch=1230/2262 | elapsed=4.2 min | eta=3.5 min
[2026-09-16 02:09:44] INFO Epoch 006 | train batch=1240/2262 | elapsed=4.2 min | eta=3.5 min
[2026-09-16 02:09:46] INFO Epoch 006 | train batch=1250/2262 | elapsed=4.2 min | eta=3.4 min
[2026-09-16 02:09:48] INFO Epoch 006 | train batch=1260/2262 | elapsed=4.3 min | eta=3.4 min
[2026-09-16 02:09:50] INFO Epoch 006 | train batch=1270/2262 | elapsed=4.3 min | eta=3.4 min
[2026-09-16 02:09:52] INFO Epoch 006 | train batch=1280/2262 | elapsed=4.3 min | eta=3.3 min
[2026-09-16 02:09:54] INFO Epoch 006 | train batch=1290/2262 | elapsed=4.4 min | eta=3.3 min
[2026-09-16 02:09:56] INFO Epoch 006 | train batch=1300/2262 | elapsed=4.4 min | eta=3.3 min
[2026-09-16 02:09:58] INFO Epoch 006 | train batch=1310/2262 | elapsed=4.4 min | eta=3.2 min
[2026-09-16 02:10:00] INFO Epoch 006 | train batch=1320/2262 | elapsed=4.5 min | eta=3.2 min
[2026-09-16 02:10:03] INFO Epoch 006 | train batch=1330/2262 | elapsed=4.5 min | eta=3.2 min
[2026-09-16 02:10:05] INFO Epoch 006 | train batch=1340/2262 | elapsed=4.5 min | eta=3.1 min
[2026-09-16 02:10:07] INFO Epoch 006 | train batch=1350/2262 | elapsed=4.6 min | eta=3.1 min
[2026-09-16 02:10:09] INFO Epoch 006 | train batch=1360/2262 | elapsed=4.6 min | eta=3.1 min
[2026-09-16 02:10:11] INFO Epoch 006 | train batch=1370/2262 | elapsed=4.6 min | eta=3.0 min
[2026-09-16 02:10:13] INFO Epoch 006 | train batch=1380/2262 | elapsed=4.7 min | eta=3.0 min
[2026-09-16 02:10:15] INFO Epoch 006 | train batch=1390/2262 | elapsed=4.7 min | eta=3.0 min
[2026-09-16 02:10:17] INFO Epoch 006 | train batch=1400/2262 | elapsed=4.7 min | eta=2.9 min
[2026-09-16 02:10:19] INFO Epoch 006 | train batch=1410/2262 | elapsed=4.8 min | eta=2.9 min
[2026-09-16 02:10:21] INFO Epoch 006 | train batch=1420/2262 | elapsed=4.8 min | eta=2.9 min
[2026-09-16 02:10:23] INFO Epoch 006 | train batch=1430/2262 | elapsed=4.8 min | eta=2.8 min
[2026-09-16 02:10:25] INFO Epoch 006 | train batch=1440/2262 | elapsed=4.9 min | eta=2.8 min
[2026-09-16 02:10:27] INFO Epoch 006 | train batch=1450/2262 | elapsed=4.9 min | eta=2.8 min
[2026-09-16 02:10:29] INFO Epoch 006 | train batch=1460/2262 | elapsed=5.0 min | eta=2.7 min
[2026-09-16 02:10:31] INFO Epoch 006 | train batch=1470/2262 | elapsed=5.0 min | eta=2.7 min
[2026-09-16 02:10:33] INFO Epoch 006 | train batch=1480/2262 | elapsed=5.0 min | eta=2.7 min
[2026-09-16 02:10:35] INFO Epoch 006 | train batch=1490/2262 | elapsed=5.1 min | eta=2.6 min
[2026-09-16 02:10:37] INFO Epoch 006 | train batch=1500/2262 | elapsed=5.1 min | eta=2.6 min
[2026-09-16 02:10:39] INFO Epoch 006 | train batch=1510/2262 | elapsed=5.1 min | eta=2.6 min
[2026-09-16 02:10:41] INFO Epoch 006 | train batch=1520/2262 | elapsed=5.2 min | eta=2.5 min
[2026-09-16 02:10:43] INFO Epoch 006 | train batch=1530/2262 | elapsed=5.2 min | eta=2.5 min
[2026-09-16 02:10:45] INFO Epoch 006 | train batch=1540/2262 | elapsed=5.2 min | eta=2.4 min
[2026-09-16 02:10:47] INFO Epoch 006 | train batch=1550/2262 | elapsed=5.3 min | eta=2.4 min
[2026-09-16 02:10:49] INFO Epoch 006 | train batch=1560/2262 | elapsed=5.3 min | eta=2.4 min
[2026-09-16 02:10:51] INFO Epoch 006 | train batch=1570/2262 | elapsed=5.3 min | eta=2.3 min
[2026-09-16 02:10:53] INFO Epoch 006 | train batch=1580/2262 | elapsed=5.4 min | eta=2.3 min
[2026-09-16 02:10:55] INFO Epoch 006 | train batch=1590/2262 | elapsed=5.4 min | eta=2.3 min
[2026-09-16 02:10:57] INFO Epoch 006 | train batch=1600/2262 | elapsed=5.4 min | eta=2.2 min
[2026-09-16 02:10:59] INFO Epoch 006 | train batch=1610/2262 | elapsed=5.5 min | eta=2.2 min
[2026-09-16 02:11:02] INFO Epoch 006 | train batch=1620/2262 | elapsed=5.5 min | eta=2.2 min
[2026-09-16 02:11:04] INFO Epoch 006 | train batch=1630/2262 | elapsed=5.5 min | eta=2.1 min
[2026-09-16 02:11:06] INFO Epoch 006 | train batch=1640/2262 | elapsed=5.6 min | eta=2.1 min
[2026-09-16 02:11:08] INFO Epoch 006 | train batch=1650/2262 | elapsed=5.6 min | eta=2.1 min
[2026-09-16 02:11:10] INFO Epoch 006 | train batch=1660/2262 | elapsed=5.6 min | eta=2.0 min
[2026-09-16 02:11:12] INFO Epoch 006 | train batch=1670/2262 | elapsed=5.7 min | eta=2.0 min
[2026-09-16 02:11:14] INFO Epoch 006 | train batch=1680/2262 | elapsed=5.7 min | eta=2.0 min
[2026-09-16 02:11:16] INFO Epoch 006 | train batch=1690/2262 | elapsed=5.7 min | eta=1.9 min
[2026-09-16 02:11:18] INFO Epoch 006 | train batch=1700/2262 | elapsed=5.8 min | eta=1.9 min
[2026-09-16 02:11:20] INFO Epoch 006 | train batch=1710/2262 | elapsed=5.8 min | eta=1.9 min
[2026-09-16 02:11:22] INFO Epoch 006 | train batch=1720/2262 | elapsed=5.8 min | eta=1.8 min
[2026-09-16 02:11:24] INFO Epoch 006 | train batch=1730/2262 | elapsed=5.9 min | eta=1.8 min
[2026-09-16 02:11:26] INFO Epoch 006 | train batch=1740/2262 | elapsed=5.9 min | eta=1.8 min
[2026-09-16 02:11:28] INFO Epoch 006 | train batch=1750/2262 | elapsed=5.9 min | eta=1.7 min
[2026-09-16 02:11:30] INFO Epoch 006 | train batch=1760/2262 | elapsed=6.0 min | eta=1.7 min
[2026-09-16 02:11:32] INFO Epoch 006 | train batch=1770/2262 | elapsed=6.0 min | eta=1.7 min
[2026-09-16 02:11:34] INFO Epoch 006 | train batch=1780/2262 | elapsed=6.0 min | eta=1.6 min
[2026-09-16 02:11:36] INFO Epoch 006 | train batch=1790/2262 | elapsed=6.1 min | eta=1.6 min
[2026-09-16 02:11:38] INFO Epoch 006 | train batch=1800/2262 | elapsed=6.1 min | eta=1.6 min
[2026-09-16 02:11:40] INFO Epoch 006 | train batch=1810/2262 | elapsed=6.1 min | eta=1.5 min
[2026-09-16 02:11:42] INFO Epoch 006 | train batch=1820/2262 | elapsed=6.2 min | eta=1.5 min
[2026-09-16 02:11:44] INFO Epoch 006 | train batch=1830/2262 | elapsed=6.2 min | eta=1.5 min
[2026-09-16 02:11:46] INFO Epoch 006 | train batch=1840/2262 | elapsed=6.2 min | eta=1.4 min
[2026-09-16 02:11:48] INFO Epoch 006 | train batch=1850/2262 | elapsed=6.3 min | eta=1.4 min
[2026-09-16 02:11:50] INFO Epoch 006 | train batch=1860/2262 | elapsed=6.3 min | eta=1.4 min
[2026-09-16 02:11:52] INFO Epoch 006 | train batch=1870/2262 | elapsed=6.3 min | eta=1.3 min
[2026-09-16 02:11:54] INFO Epoch 006 | train batch=1880/2262 | elapsed=6.4 min | eta=1.3 min
[2026-09-16 02:11:56] INFO Epoch 006 | train batch=1890/2262 | elapsed=6.4 min | eta=1.3 min
[2026-09-16 02:11:59] INFO Epoch 006 | train batch=1900/2262 | elapsed=6.4 min | eta=1.2 min
[2026-09-16 02:12:01] INFO Epoch 006 | train batch=1910/2262 | elapsed=6.5 min | eta=1.2 min
[2026-09-16 02:12:03] INFO Epoch 006 | train batch=1920/2262 | elapsed=6.5 min | eta=1.2 min
[2026-09-16 02:12:05] INFO Epoch 006 | train batch=1930/2262 | elapsed=6.5 min | eta=1.1 min
[2026-09-16 02:12:07] INFO Epoch 006 | train batch=1940/2262 | elapsed=6.6 min | eta=1.1 min
[2026-09-16 02:12:09] INFO Epoch 006 | train batch=1950/2262 | elapsed=6.6 min | eta=1.1 min
[2026-09-16 02:12:11] INFO Epoch 006 | train batch=1960/2262 | elapsed=6.6 min | eta=1.0 min
[2026-09-16 02:12:13] INFO Epoch 006 | train batch=1970/2262 | elapsed=6.7 min | eta=1.0 min
[2026-09-16 02:12:15] INFO Epoch 006 | train batch=1980/2262 | elapsed=6.7 min | eta=1.0 min
[2026-09-16 02:12:17] INFO Epoch 006 | train batch=1990/2262 | elapsed=6.7 min | eta=0.9 min
[2026-09-16 02:12:19] INFO Epoch 006 | train batch=2000/2262 | elapsed=6.8 min | eta=0.9 min
[2026-09-16 02:12:21] INFO Epoch 006 | train batch=2010/2262 | elapsed=6.8 min | eta=0.9 min
[2026-09-16 02:12:23] INFO Epoch 006 | train batch=2020/2262 | elapsed=6.9 min | eta=0.8 min
[2026-09-16 02:12:25] INFO Epoch 006 | train batch=2030/2262 | elapsed=6.9 min | eta=0.8 min
[2026-09-16 02:12:27] INFO Epoch 006 | train batch=2040/2262 | elapsed=6.9 min | eta=0.8 min
[2026-09-16 02:12:29] INFO Epoch 006 | train batch=2050/2262 | elapsed=7.0 min | eta=0.7 min
[2026-09-16 02:12:31] INFO Epoch 006 | train batch=2060/2262 | elapsed=7.0 min | eta=0.7 min
[2026-09-16 02:12:33] INFO Epoch 006 | train batch=2070/2262 | elapsed=7.0 min | eta=0.7 min
[2026-09-16 02:12:35] INFO Epoch 006 | train batch=2080/2262 | elapsed=7.1 min | eta=0.6 min
[2026-09-16 02:12:37] INFO Epoch 006 | train batch=2090/2262 | elapsed=7.1 min | eta=0.6 min
[2026-09-16 02:12:39] INFO Epoch 006 | train batch=2100/2262 | elapsed=7.1 min | eta=0.5 min
[2026-09-16 02:12:41] INFO Epoch 006 | train batch=2110/2262 | elapsed=7.2 min | eta=0.5 min
[2026-09-16 02:12:43] INFO Epoch 006 | train batch=2120/2262 | elapsed=7.2 min | eta=0.5 min
[2026-09-16 02:12:45] INFO Epoch 006 | train batch=2130/2262 | elapsed=7.2 min | eta=0.4 min
[2026-09-16 02:12:47] INFO Epoch 006 | train batch=2140/2262 | elapsed=7.3 min | eta=0.4 min
[2026-09-16 02:12:49] INFO Epoch 006 | train batch=2150/2262 | elapsed=7.3 min | eta=0.4 min
[2026-09-16 02:12:51] INFO Epoch 006 | train batch=2160/2262 | elapsed=7.3 min | eta=0.3 min
[2026-09-16 02:12:53] INFO Epoch 006 | train batch=2170/2262 | elapsed=7.4 min | eta=0.3 min
[2026-09-16 02:12:56] INFO Epoch 006 | train batch=2180/2262 | elapsed=7.4 min | eta=0.3 min
[2026-09-16 02:12:58] INFO Epoch 006 | train batch=2190/2262 | elapsed=7.4 min | eta=0.2 min
[2026-09-16 02:13:00] INFO Epoch 006 | train batch=2200/2262 | elapsed=7.5 min | eta=0.2 min
[2026-09-16 02:13:02] INFO Epoch 006 | train batch=2210/2262 | elapsed=7.5 min | eta=0.2 min
[2026-09-16 02:13:04] INFO Epoch 006 | train batch=2220/2262 | elapsed=7.5 min | eta=0.1 min
[2026-09-16 02:13:06] INFO Epoch 006 | train batch=2230/2262 | elapsed=7.6 min | eta=0.1 min
[2026-09-16 02:13:08] INFO Epoch 006 | train batch=2240/2262 | elapsed=7.6 min | eta=0.1 min
[2026-09-16 02:13:10] INFO Epoch 006 | train batch=2250/2262 | elapsed=7.6 min | eta=0.0 min
[2026-09-16 02:13:12] INFO Epoch 006 | train batch=2260/2262 | elapsed=7.7 min | eta=0.0 min
[2026-09-16 02:13:12] INFO Epoch 006 | train batch=2262/2262 | elapsed=7.7 min | eta=0.0 min
[2026-09-16 02:13:12] INFO Epoch 006 | val batch=1/307 | elapsed=0.0 min | eta=1.0 min
[2026-09-16 02:13:14] INFO Epoch 006 | val batch=10/307 | elapsed=0.0 min | eta=1.0 min
[2026-09-16 02:13:16] INFO Epoch 006 | val batch=20/307 | elapsed=0.1 min | eta=0.9 min
[2026-09-16 02:13:18] INFO Epoch 006 | val batch=30/307 | elapsed=0.1 min | eta=0.9 min
[2026-09-16 02:13:20] INFO Epoch 006 | val batch=40/307 | elapsed=0.1 min | eta=0.9 min
[2026-09-16 02:13:22] INFO Epoch 006 | val batch=50/307 | elapsed=0.2 min | eta=0.8 min
[2026-09-16 02:13:24] INFO Epoch 006 | val batch=60/307 | elapsed=0.2 min | eta=0.8 min
[2026-09-16 02:13:26] INFO Epoch 006 | val batch=70/307 | elapsed=0.2 min | eta=0.8 min
[2026-09-16 02:13:28] INFO Epoch 006 | val batch=80/307 | elapsed=0.3 min | eta=0.7 min
[2026-09-16 02:13:30] INFO Epoch 006 | val batch=90/307 | elapsed=0.3 min | eta=0.7 min
[2026-09-16 02:13:32] INFO Epoch 006 | val batch=100/307 | elapsed=0.3 min | eta=0.7 min
[2026-09-16 02:13:34] INFO Epoch 006 | val batch=110/307 | elapsed=0.4 min | eta=0.7 min
[2026-09-16 02:13:36] INFO Epoch 006 | val batch=120/307 | elapsed=0.4 min | eta=0.6 min
[2026-09-16 02:13:38] INFO Epoch 006 | val batch=130/307 | elapsed=0.4 min | eta=0.6 min
[2026-09-16 02:13:40] INFO Epoch 006 | val batch=140/307 | elapsed=0.5 min | eta=0.6 min
[2026-09-16 02:13:42] INFO Epoch 006 | val batch=150/307 | elapsed=0.5 min | eta=0.5 min
[2026-09-16 02:13:44] INFO Epoch 006 | val batch=160/307 | elapsed=0.5 min | eta=0.5 min
[2026-09-16 02:13:46] INFO Epoch 006 | val batch=170/307 | elapsed=0.6 min | eta=0.5 min
[2026-09-16 02:13:48] INFO Epoch 006 | val batch=180/307 | elapsed=0.6 min | eta=0.4 min
[2026-09-16 02:13:50] INFO Epoch 006 | val batch=190/307 | elapsed=0.6 min | eta=0.4 min
[2026-09-16 02:13:52] INFO Epoch 006 | val batch=200/307 | elapsed=0.7 min | eta=0.4 min
[2026-09-16 02:13:54] INFO Epoch 006 | val batch=210/307 | elapsed=0.7 min | eta=0.3 min
[2026-09-16 02:13:56] INFO Epoch 006 | val batch=220/307 | elapsed=0.7 min | eta=0.3 min
[2026-09-16 02:13:58] INFO Epoch 006 | val batch=230/307 | elapsed=0.8 min | eta=0.3 min
[2026-09-16 02:14:00] INFO Epoch 006 | val batch=240/307 | elapsed=0.8 min | eta=0.2 min
[2026-09-16 02:14:02] INFO Epoch 006 | val batch=250/307 | elapsed=0.8 min | eta=0.2 min
[2026-09-16 02:14:04] INFO Epoch 006 | val batch=260/307 | elapsed=0.9 min | eta=0.2 min
[2026-09-16 02:14:06] INFO Epoch 006 | val batch=270/307 | elapsed=0.9 min | eta=0.1 min
[2026-09-16 02:14:08] INFO Epoch 006 | val batch=280/307 | elapsed=0.9 min | eta=0.1 min
[2026-09-16 02:14:10] INFO Epoch 006 | val batch=290/307 | elapsed=1.0 min | eta=0.1 min
[2026-09-16 02:14:12] INFO Epoch 006 | val batch=300/307 | elapsed=1.0 min | eta=0.0 min
[2026-09-16 02:14:13] INFO Epoch 006 | val batch=307/307 | elapsed=1.0 min | eta=0.0 min
[2026-09-16 02:14:13] INFO Epoch 006 | train_total=2.336460 | train_relation=2.333823 | train_distill=0.052738 | val_total=2.181333 | val_relation=2.178628 | val_distill=0.054111 | val_anchors=1596400 | val_candidates=21057400 | val_teacher_keff=4.222 | val_student_keff=7.502 | seconds(train/val)=460.19/60.80
[2026-09-16 02:14:13] INFO Checkpoint updated | epoch=6 | best_val_relation=2.178628 | path=C:\Users\clw\projects\researchRep\STAnchor-BlockMemory\artifacts\paper_final_joint_context_offset_only_seed42\retrieval_adaptation\pemsbay\retrieval_t1_best.pt
[2026-09-16 02:14:13] INFO Epoch 007/008 started | train_batches=2262 | val_batches=307
[2026-09-16 02:14:13] INFO Epoch 007 | train batch=1/2262 | elapsed=0.0 min | eta=7.8 min
[2026-09-16 02:14:15] INFO Epoch 007 | train batch=10/2262 | elapsed=0.0 min | eta=7.7 min
[2026-09-16 02:14:17] INFO Epoch 007 | train batch=20/2262 | elapsed=0.1 min | eta=7.6 min
[2026-09-16 02:14:19] INFO Epoch 007 | train batch=30/2262 | elapsed=0.1 min | eta=7.6 min
[2026-09-16 02:14:21] INFO Epoch 007 | train batch=40/2262 | elapsed=0.1 min | eta=7.6 min
[2026-09-16 02:14:23] INFO Epoch 007 | train batch=50/2262 | elapsed=0.2 min | eta=7.5 min
[2026-09-16 02:14:25] INFO Epoch 007 | train batch=60/2262 | elapsed=0.2 min | eta=7.5 min
[2026-09-16 02:14:27] INFO Epoch 007 | train batch=70/2262 | elapsed=0.2 min | eta=7.4 min
[2026-09-16 02:14:29] INFO Epoch 007 | train batch=80/2262 | elapsed=0.3 min | eta=7.4 min
[2026-09-16 02:14:31] INFO Epoch 007 | train batch=90/2262 | elapsed=0.3 min | eta=7.4 min
[2026-09-16 02:14:33] INFO Epoch 007 | train batch=100/2262 | elapsed=0.3 min | eta=7.3 min
[2026-09-16 02:14:35] INFO Epoch 007 | train batch=110/2262 | elapsed=0.4 min | eta=7.3 min
[2026-09-16 02:14:37] INFO Epoch 007 | train batch=120/2262 | elapsed=0.4 min | eta=7.3 min
[2026-09-16 02:14:39] INFO Epoch 007 | train batch=130/2262 | elapsed=0.4 min | eta=7.2 min
[2026-09-16 02:14:41] INFO Epoch 007 | train batch=140/2262 | elapsed=0.5 min | eta=7.2 min
[2026-09-16 02:14:44] INFO Epoch 007 | train batch=150/2262 | elapsed=0.5 min | eta=7.2 min
[2026-09-16 02:14:46] INFO Epoch 007 | train batch=160/2262 | elapsed=0.5 min | eta=7.1 min
[2026-09-16 02:14:48] INFO Epoch 007 | train batch=170/2262 | elapsed=0.6 min | eta=7.1 min
[2026-09-16 02:14:50] INFO Epoch 007 | train batch=180/2262 | elapsed=0.6 min | eta=7.1 min
[2026-09-16 02:14:52] INFO Epoch 007 | train batch=190/2262 | elapsed=0.6 min | eta=7.0 min
[2026-09-16 02:14:54] INFO Epoch 007 | train batch=200/2262 | elapsed=0.7 min | eta=7.0 min
[2026-09-16 02:14:56] INFO Epoch 007 | train batch=210/2262 | elapsed=0.7 min | eta=7.0 min
[2026-09-16 02:14:58] INFO Epoch 007 | train batch=220/2262 | elapsed=0.7 min | eta=6.9 min
[2026-09-16 02:15:00] INFO Epoch 007 | train batch=230/2262 | elapsed=0.8 min | eta=6.9 min
[2026-09-16 02:15:02] INFO Epoch 007 | train batch=240/2262 | elapsed=0.8 min | eta=6.9 min
[2026-09-16 02:15:04] INFO Epoch 007 | train batch=250/2262 | elapsed=0.8 min | eta=6.8 min
[2026-09-16 02:15:06] INFO Epoch 007 | train batch=260/2262 | elapsed=0.9 min | eta=6.8 min
[2026-09-16 02:15:08] INFO Epoch 007 | train batch=270/2262 | elapsed=0.9 min | eta=6.8 min
[2026-09-16 02:15:10] INFO Epoch 007 | train batch=280/2262 | elapsed=1.0 min | eta=6.7 min
[2026-09-16 02:15:12] INFO Epoch 007 | train batch=290/2262 | elapsed=1.0 min | eta=6.7 min
[2026-09-16 02:15:14] INFO Epoch 007 | train batch=300/2262 | elapsed=1.0 min | eta=6.7 min
[2026-09-16 02:15:16] INFO Epoch 007 | train batch=310/2262 | elapsed=1.1 min | eta=6.6 min
[2026-09-16 02:15:18] INFO Epoch 007 | train batch=320/2262 | elapsed=1.1 min | eta=6.6 min
[2026-09-16 02:15:20] INFO Epoch 007 | train batch=330/2262 | elapsed=1.1 min | eta=6.6 min
[2026-09-16 02:15:22] INFO Epoch 007 | train batch=340/2262 | elapsed=1.2 min | eta=6.5 min
[2026-09-16 02:15:24] INFO Epoch 007 | train batch=350/2262 | elapsed=1.2 min | eta=6.5 min
[2026-09-16 02:15:26] INFO Epoch 007 | train batch=360/2262 | elapsed=1.2 min | eta=6.5 min
[2026-09-16 02:15:28] INFO Epoch 007 | train batch=370/2262 | elapsed=1.3 min | eta=6.4 min
[2026-09-16 02:15:30] INFO Epoch 007 | train batch=380/2262 | elapsed=1.3 min | eta=6.4 min
[2026-09-16 02:15:32] INFO Epoch 007 | train batch=390/2262 | elapsed=1.3 min | eta=6.4 min
[2026-09-16 02:15:34] INFO Epoch 007 | train batch=400/2262 | elapsed=1.4 min | eta=6.3 min
[2026-09-16 02:15:36] INFO Epoch 007 | train batch=410/2262 | elapsed=1.4 min | eta=6.3 min
[2026-09-16 02:15:38] INFO Epoch 007 | train batch=420/2262 | elapsed=1.4 min | eta=6.3 min
[2026-09-16 02:15:41] INFO Epoch 007 | train batch=430/2262 | elapsed=1.5 min | eta=6.2 min
[2026-09-16 02:15:43] INFO Epoch 007 | train batch=440/2262 | elapsed=1.5 min | eta=6.2 min
[2026-09-16 02:15:45] INFO Epoch 007 | train batch=450/2262 | elapsed=1.5 min | eta=6.1 min
[2026-09-16 02:15:47] INFO Epoch 007 | train batch=460/2262 | elapsed=1.6 min | eta=6.1 min
[2026-09-16 02:15:49] INFO Epoch 007 | train batch=470/2262 | elapsed=1.6 min | eta=6.1 min
[2026-09-16 02:15:51] INFO Epoch 007 | train batch=480/2262 | elapsed=1.6 min | eta=6.0 min
[2026-09-16 02:15:53] INFO Epoch 007 | train batch=490/2262 | elapsed=1.7 min | eta=6.0 min
[2026-09-16 02:15:55] INFO Epoch 007 | train batch=500/2262 | elapsed=1.7 min | eta=6.0 min
[2026-09-16 02:15:57] INFO Epoch 007 | train batch=510/2262 | elapsed=1.7 min | eta=5.9 min
[2026-09-16 02:15:59] INFO Epoch 007 | train batch=520/2262 | elapsed=1.8 min | eta=5.9 min
[2026-09-16 02:16:01] INFO Epoch 007 | train batch=530/2262 | elapsed=1.8 min | eta=5.9 min
[2026-09-16 02:16:03] INFO Epoch 007 | train batch=540/2262 | elapsed=1.8 min | eta=5.8 min
[2026-09-16 02:16:05] INFO Epoch 007 | train batch=550/2262 | elapsed=1.9 min | eta=5.8 min
[2026-09-16 02:16:07] INFO Epoch 007 | train batch=560/2262 | elapsed=1.9 min | eta=5.8 min
[2026-09-16 02:16:09] INFO Epoch 007 | train batch=570/2262 | elapsed=1.9 min | eta=5.7 min
[2026-09-16 02:16:11] INFO Epoch 007 | train batch=580/2262 | elapsed=2.0 min | eta=5.7 min
[2026-09-16 02:16:13] INFO Epoch 007 | train batch=590/2262 | elapsed=2.0 min | eta=5.7 min
[2026-09-16 02:16:15] INFO Epoch 007 | train batch=600/2262 | elapsed=2.0 min | eta=5.6 min
[2026-09-16 02:16:17] INFO Epoch 007 | train batch=610/2262 | elapsed=2.1 min | eta=5.6 min
[2026-09-16 02:16:19] INFO Epoch 007 | train batch=620/2262 | elapsed=2.1 min | eta=5.6 min
[2026-09-16 02:16:21] INFO Epoch 007 | train batch=630/2262 | elapsed=2.1 min | eta=5.5 min
[2026-09-16 02:16:23] INFO Epoch 007 | train batch=640/2262 | elapsed=2.2 min | eta=5.5 min
[2026-09-16 02:16:25] INFO Epoch 007 | train batch=650/2262 | elapsed=2.2 min | eta=5.5 min
[2026-09-16 02:16:27] INFO Epoch 007 | train batch=660/2262 | elapsed=2.2 min | eta=5.4 min
[2026-09-16 02:16:29] INFO Epoch 007 | train batch=670/2262 | elapsed=2.3 min | eta=5.4 min
[2026-09-16 02:16:31] INFO Epoch 007 | train batch=680/2262 | elapsed=2.3 min | eta=5.4 min
[2026-09-16 02:16:33] INFO Epoch 007 | train batch=690/2262 | elapsed=2.3 min | eta=5.3 min
[2026-09-16 02:16:35] INFO Epoch 007 | train batch=700/2262 | elapsed=2.4 min | eta=5.3 min
[2026-09-16 02:16:37] INFO Epoch 007 | train batch=710/2262 | elapsed=2.4 min | eta=5.3 min
[2026-09-16 02:16:40] INFO Epoch 007 | train batch=720/2262 | elapsed=2.4 min | eta=5.2 min
[2026-09-16 02:16:42] INFO Epoch 007 | train batch=730/2262 | elapsed=2.5 min | eta=5.2 min
[2026-09-16 02:16:44] INFO Epoch 007 | train batch=740/2262 | elapsed=2.5 min | eta=5.2 min
[2026-09-16 02:16:46] INFO Epoch 007 | train batch=750/2262 | elapsed=2.5 min | eta=5.1 min
[2026-09-16 02:16:48] INFO Epoch 007 | train batch=760/2262 | elapsed=2.6 min | eta=5.1 min
[2026-09-16 02:16:50] INFO Epoch 007 | train batch=770/2262 | elapsed=2.6 min | eta=5.1 min
[2026-09-16 02:16:52] INFO Epoch 007 | train batch=780/2262 | elapsed=2.6 min | eta=5.0 min
[2026-09-16 02:16:54] INFO Epoch 007 | train batch=790/2262 | elapsed=2.7 min | eta=5.0 min
[2026-09-16 02:16:56] INFO Epoch 007 | train batch=800/2262 | elapsed=2.7 min | eta=5.0 min
[2026-09-16 02:16:58] INFO Epoch 007 | train batch=810/2262 | elapsed=2.7 min | eta=4.9 min
[2026-09-16 02:17:00] INFO Epoch 007 | train batch=820/2262 | elapsed=2.8 min | eta=4.9 min
[2026-09-16 02:17:02] INFO Epoch 007 | train batch=830/2262 | elapsed=2.8 min | eta=4.9 min
[2026-09-16 02:17:04] INFO Epoch 007 | train batch=840/2262 | elapsed=2.9 min | eta=4.8 min
[2026-09-16 02:17:06] INFO Epoch 007 | train batch=850/2262 | elapsed=2.9 min | eta=4.8 min
[2026-09-16 02:17:08] INFO Epoch 007 | train batch=860/2262 | elapsed=2.9 min | eta=4.8 min
[2026-09-16 02:17:10] INFO Epoch 007 | train batch=870/2262 | elapsed=3.0 min | eta=4.7 min
[2026-09-16 02:17:12] INFO Epoch 007 | train batch=880/2262 | elapsed=3.0 min | eta=4.7 min
[2026-09-16 02:17:14] INFO Epoch 007 | train batch=890/2262 | elapsed=3.0 min | eta=4.7 min
[2026-09-16 02:17:16] INFO Epoch 007 | train batch=900/2262 | elapsed=3.1 min | eta=4.6 min
[2026-09-16 02:17:18] INFO Epoch 007 | train batch=910/2262 | elapsed=3.1 min | eta=4.6 min
[2026-09-16 02:17:20] INFO Epoch 007 | train batch=920/2262 | elapsed=3.1 min | eta=4.6 min
[2026-09-16 02:17:22] INFO Epoch 007 | train batch=930/2262 | elapsed=3.2 min | eta=4.5 min
[2026-09-16 02:17:24] INFO Epoch 007 | train batch=940/2262 | elapsed=3.2 min | eta=4.5 min
[2026-09-16 02:17:26] INFO Epoch 007 | train batch=950/2262 | elapsed=3.2 min | eta=4.5 min
[2026-09-16 02:17:28] INFO Epoch 007 | train batch=960/2262 | elapsed=3.3 min | eta=4.4 min
[2026-09-16 02:17:30] INFO Epoch 007 | train batch=970/2262 | elapsed=3.3 min | eta=4.4 min
[2026-09-16 02:17:32] INFO Epoch 007 | train batch=980/2262 | elapsed=3.3 min | eta=4.3 min
[2026-09-16 02:17:34] INFO Epoch 007 | train batch=990/2262 | elapsed=3.4 min | eta=4.3 min
[2026-09-16 02:17:36] INFO Epoch 007 | train batch=1000/2262 | elapsed=3.4 min | eta=4.3 min
[2026-09-16 02:17:39] INFO Epoch 007 | train batch=1010/2262 | elapsed=3.4 min | eta=4.2 min
[2026-09-16 02:17:41] INFO Epoch 007 | train batch=1020/2262 | elapsed=3.5 min | eta=4.2 min
[2026-09-16 02:17:43] INFO Epoch 007 | train batch=1030/2262 | elapsed=3.5 min | eta=4.2 min
[2026-09-16 02:17:45] INFO Epoch 007 | train batch=1040/2262 | elapsed=3.5 min | eta=4.1 min
[2026-09-16 02:17:47] INFO Epoch 007 | train batch=1050/2262 | elapsed=3.6 min | eta=4.1 min
[2026-09-16 02:17:49] INFO Epoch 007 | train batch=1060/2262 | elapsed=3.6 min | eta=4.1 min
[2026-09-16 02:17:51] INFO Epoch 007 | train batch=1070/2262 | elapsed=3.6 min | eta=4.0 min
[2026-09-16 02:17:53] INFO Epoch 007 | train batch=1080/2262 | elapsed=3.7 min | eta=4.0 min
[2026-09-16 02:17:55] INFO Epoch 007 | train batch=1090/2262 | elapsed=3.7 min | eta=4.0 min
[2026-09-16 02:17:57] INFO Epoch 007 | train batch=1100/2262 | elapsed=3.7 min | eta=3.9 min
[2026-09-16 02:17:59] INFO Epoch 007 | train batch=1110/2262 | elapsed=3.8 min | eta=3.9 min
[2026-09-16 02:18:01] INFO Epoch 007 | train batch=1120/2262 | elapsed=3.8 min | eta=3.9 min
[2026-09-16 02:18:03] INFO Epoch 007 | train batch=1130/2262 | elapsed=3.8 min | eta=3.8 min
[2026-09-16 02:18:05] INFO Epoch 007 | train batch=1140/2262 | elapsed=3.9 min | eta=3.8 min
[2026-09-16 02:18:07] INFO Epoch 007 | train batch=1150/2262 | elapsed=3.9 min | eta=3.8 min
[2026-09-16 02:18:09] INFO Epoch 007 | train batch=1160/2262 | elapsed=3.9 min | eta=3.7 min
[2026-09-16 02:18:11] INFO Epoch 007 | train batch=1170/2262 | elapsed=4.0 min | eta=3.7 min
[2026-09-16 02:18:13] INFO Epoch 007 | train batch=1180/2262 | elapsed=4.0 min | eta=3.7 min
[2026-09-16 02:18:15] INFO Epoch 007 | train batch=1190/2262 | elapsed=4.0 min | eta=3.6 min
[2026-09-16 02:18:17] INFO Epoch 007 | train batch=1200/2262 | elapsed=4.1 min | eta=3.6 min
[2026-09-16 02:18:19] INFO Epoch 007 | train batch=1210/2262 | elapsed=4.1 min | eta=3.6 min
[2026-09-16 02:18:21] INFO Epoch 007 | train batch=1220/2262 | elapsed=4.1 min | eta=3.5 min
[2026-09-16 02:18:23] INFO Epoch 007 | train batch=1230/2262 | elapsed=4.2 min | eta=3.5 min
[2026-09-16 02:18:25] INFO Epoch 007 | train batch=1240/2262 | elapsed=4.2 min | eta=3.5 min
[2026-09-16 02:18:27] INFO Epoch 007 | train batch=1250/2262 | elapsed=4.2 min | eta=3.4 min
[2026-09-16 02:18:29] INFO Epoch 007 | train batch=1260/2262 | elapsed=4.3 min | eta=3.4 min
[2026-09-16 02:18:31] INFO Epoch 007 | train batch=1270/2262 | elapsed=4.3 min | eta=3.4 min
[2026-09-16 02:18:33] INFO Epoch 007 | train batch=1280/2262 | elapsed=4.3 min | eta=3.3 min
[2026-09-16 02:18:36] INFO Epoch 007 | train batch=1290/2262 | elapsed=4.4 min | eta=3.3 min
[2026-09-16 02:18:38] INFO Epoch 007 | train batch=1300/2262 | elapsed=4.4 min | eta=3.3 min
[2026-09-16 02:18:40] INFO Epoch 007 | train batch=1310/2262 | elapsed=4.4 min | eta=3.2 min
[2026-09-16 02:18:42] INFO Epoch 007 | train batch=1320/2262 | elapsed=4.5 min | eta=3.2 min
[2026-09-16 02:18:44] INFO Epoch 007 | train batch=1330/2262 | elapsed=4.5 min | eta=3.2 min
[2026-09-16 02:18:46] INFO Epoch 007 | train batch=1340/2262 | elapsed=4.5 min | eta=3.1 min
[2026-09-16 02:18:48] INFO Epoch 007 | train batch=1350/2262 | elapsed=4.6 min | eta=3.1 min
[2026-09-16 02:18:50] INFO Epoch 007 | train batch=1360/2262 | elapsed=4.6 min | eta=3.1 min
[2026-09-16 02:18:52] INFO Epoch 007 | train batch=1370/2262 | elapsed=4.6 min | eta=3.0 min
[2026-09-16 02:18:54] INFO Epoch 007 | train batch=1380/2262 | elapsed=4.7 min | eta=3.0 min
[2026-09-16 02:18:56] INFO Epoch 007 | train batch=1390/2262 | elapsed=4.7 min | eta=3.0 min
[2026-09-16 02:18:58] INFO Epoch 007 | train batch=1400/2262 | elapsed=4.7 min | eta=2.9 min
[2026-09-16 02:19:00] INFO Epoch 007 | train batch=1410/2262 | elapsed=4.8 min | eta=2.9 min
[2026-09-16 02:19:02] INFO Epoch 007 | train batch=1420/2262 | elapsed=4.8 min | eta=2.9 min
[2026-09-16 02:19:04] INFO Epoch 007 | train batch=1430/2262 | elapsed=4.9 min | eta=2.8 min
[2026-09-16 02:19:06] INFO Epoch 007 | train batch=1440/2262 | elapsed=4.9 min | eta=2.8 min
[2026-09-16 02:19:08] INFO Epoch 007 | train batch=1450/2262 | elapsed=4.9 min | eta=2.8 min
[2026-09-16 02:19:10] INFO Epoch 007 | train batch=1460/2262 | elapsed=5.0 min | eta=2.7 min
[2026-09-16 02:19:12] INFO Epoch 007 | train batch=1470/2262 | elapsed=5.0 min | eta=2.7 min
[2026-09-16 02:19:14] INFO Epoch 007 | train batch=1480/2262 | elapsed=5.0 min | eta=2.7 min
[2026-09-16 02:19:16] INFO Epoch 007 | train batch=1490/2262 | elapsed=5.1 min | eta=2.6 min
[2026-09-16 02:19:18] INFO Epoch 007 | train batch=1500/2262 | elapsed=5.1 min | eta=2.6 min
[2026-09-16 02:19:20] INFO Epoch 007 | train batch=1510/2262 | elapsed=5.1 min | eta=2.6 min
[2026-09-16 02:19:22] INFO Epoch 007 | train batch=1520/2262 | elapsed=5.2 min | eta=2.5 min
[2026-09-16 02:19:24] INFO Epoch 007 | train batch=1530/2262 | elapsed=5.2 min | eta=2.5 min
[2026-09-16 02:19:26] INFO Epoch 007 | train batch=1540/2262 | elapsed=5.2 min | eta=2.4 min
[2026-09-16 02:19:28] INFO Epoch 007 | train batch=1550/2262 | elapsed=5.3 min | eta=2.4 min
[2026-09-16 02:19:30] INFO Epoch 007 | train batch=1560/2262 | elapsed=5.3 min | eta=2.4 min
[2026-09-16 02:19:33] INFO Epoch 007 | train batch=1570/2262 | elapsed=5.3 min | eta=2.3 min
[2026-09-16 02:19:35] INFO Epoch 007 | train batch=1580/2262 | elapsed=5.4 min | eta=2.3 min
[2026-09-16 02:19:37] INFO Epoch 007 | train batch=1590/2262 | elapsed=5.4 min | eta=2.3 min
[2026-09-16 02:19:39] INFO Epoch 007 | train batch=1600/2262 | elapsed=5.4 min | eta=2.2 min
[2026-09-16 02:19:41] INFO Epoch 007 | train batch=1610/2262 | elapsed=5.5 min | eta=2.2 min
[2026-09-16 02:19:43] INFO Epoch 007 | train batch=1620/2262 | elapsed=5.5 min | eta=2.2 min
[2026-09-16 02:19:45] INFO Epoch 007 | train batch=1630/2262 | elapsed=5.5 min | eta=2.1 min
[2026-09-16 02:19:47] INFO Epoch 007 | train batch=1640/2262 | elapsed=5.6 min | eta=2.1 min
[2026-09-16 02:19:49] INFO Epoch 007 | train batch=1650/2262 | elapsed=5.6 min | eta=2.1 min
[2026-09-16 02:19:51] INFO Epoch 007 | train batch=1660/2262 | elapsed=5.6 min | eta=2.0 min
[2026-09-16 02:19:53] INFO Epoch 007 | train batch=1670/2262 | elapsed=5.7 min | eta=2.0 min
[2026-09-16 02:19:55] INFO Epoch 007 | train batch=1680/2262 | elapsed=5.7 min | eta=2.0 min
[2026-09-16 02:19:57] INFO Epoch 007 | train batch=1690/2262 | elapsed=5.7 min | eta=1.9 min
[2026-09-16 02:19:59] INFO Epoch 007 | train batch=1700/2262 | elapsed=5.8 min | eta=1.9 min
[2026-09-16 02:20:01] INFO Epoch 007 | train batch=1710/2262 | elapsed=5.8 min | eta=1.9 min
[2026-09-16 02:20:03] INFO Epoch 007 | train batch=1720/2262 | elapsed=5.8 min | eta=1.8 min
[2026-09-16 02:20:05] INFO Epoch 007 | train batch=1730/2262 | elapsed=5.9 min | eta=1.8 min
[2026-09-16 02:20:07] INFO Epoch 007 | train batch=1740/2262 | elapsed=5.9 min | eta=1.8 min
[2026-09-16 02:20:09] INFO Epoch 007 | train batch=1750/2262 | elapsed=5.9 min | eta=1.7 min
[2026-09-16 02:20:11] INFO Epoch 007 | train batch=1760/2262 | elapsed=6.0 min | eta=1.7 min
[2026-09-16 02:20:13] INFO Epoch 007 | train batch=1770/2262 | elapsed=6.0 min | eta=1.7 min
[2026-09-16 02:20:15] INFO Epoch 007 | train batch=1780/2262 | elapsed=6.0 min | eta=1.6 min
[2026-09-16 02:20:17] INFO Epoch 007 | train batch=1790/2262 | elapsed=6.1 min | eta=1.6 min
[2026-09-16 02:20:19] INFO Epoch 007 | train batch=1800/2262 | elapsed=6.1 min | eta=1.6 min
[2026-09-16 02:20:21] INFO Epoch 007 | train batch=1810/2262 | elapsed=6.1 min | eta=1.5 min
[2026-09-16 02:20:23] INFO Epoch 007 | train batch=1820/2262 | elapsed=6.2 min | eta=1.5 min
[2026-09-16 02:20:25] INFO Epoch 007 | train batch=1830/2262 | elapsed=6.2 min | eta=1.5 min
[2026-09-16 02:20:27] INFO Epoch 007 | train batch=1840/2262 | elapsed=6.2 min | eta=1.4 min
[2026-09-16 02:20:29] INFO Epoch 007 | train batch=1850/2262 | elapsed=6.3 min | eta=1.4 min
[2026-09-16 02:20:32] INFO Epoch 007 | train batch=1860/2262 | elapsed=6.3 min | eta=1.4 min
[2026-09-16 02:20:34] INFO Epoch 007 | train batch=1870/2262 | elapsed=6.3 min | eta=1.3 min
[2026-09-16 02:20:36] INFO Epoch 007 | train batch=1880/2262 | elapsed=6.4 min | eta=1.3 min
[2026-09-16 02:20:38] INFO Epoch 007 | train batch=1890/2262 | elapsed=6.4 min | eta=1.3 min
[2026-09-16 02:20:40] INFO Epoch 007 | train batch=1900/2262 | elapsed=6.4 min | eta=1.2 min
[2026-09-16 02:20:42] INFO Epoch 007 | train batch=1910/2262 | elapsed=6.5 min | eta=1.2 min
[2026-09-16 02:20:44] INFO Epoch 007 | train batch=1920/2262 | elapsed=6.5 min | eta=1.2 min
[2026-09-16 02:20:46] INFO Epoch 007 | train batch=1930/2262 | elapsed=6.5 min | eta=1.1 min
[2026-09-16 02:20:48] INFO Epoch 007 | train batch=1940/2262 | elapsed=6.6 min | eta=1.1 min
[2026-09-16 02:20:50] INFO Epoch 007 | train batch=1950/2262 | elapsed=6.6 min | eta=1.1 min
[2026-09-16 02:20:52] INFO Epoch 007 | train batch=1960/2262 | elapsed=6.6 min | eta=1.0 min
[2026-09-16 02:20:54] INFO Epoch 007 | train batch=1970/2262 | elapsed=6.7 min | eta=1.0 min
[2026-09-16 02:20:56] INFO Epoch 007 | train batch=1980/2262 | elapsed=6.7 min | eta=1.0 min
[2026-09-16 02:20:58] INFO Epoch 007 | train batch=1990/2262 | elapsed=6.8 min | eta=0.9 min
[2026-09-16 02:21:00] INFO Epoch 007 | train batch=2000/2262 | elapsed=6.8 min | eta=0.9 min
[2026-09-16 02:21:02] INFO Epoch 007 | train batch=2010/2262 | elapsed=6.8 min | eta=0.9 min
[2026-09-16 02:21:04] INFO Epoch 007 | train batch=2020/2262 | elapsed=6.9 min | eta=0.8 min
[2026-09-16 02:21:06] INFO Epoch 007 | train batch=2030/2262 | elapsed=6.9 min | eta=0.8 min
[2026-09-16 02:21:08] INFO Epoch 007 | train batch=2040/2262 | elapsed=6.9 min | eta=0.8 min
[2026-09-16 02:21:10] INFO Epoch 007 | train batch=2050/2262 | elapsed=7.0 min | eta=0.7 min
[2026-09-16 02:21:12] INFO Epoch 007 | train batch=2060/2262 | elapsed=7.0 min | eta=0.7 min
[2026-09-16 02:21:14] INFO Epoch 007 | train batch=2070/2262 | elapsed=7.0 min | eta=0.7 min
[2026-09-16 02:21:16] INFO Epoch 007 | train batch=2080/2262 | elapsed=7.1 min | eta=0.6 min
[2026-09-16 02:21:18] INFO Epoch 007 | train batch=2090/2262 | elapsed=7.1 min | eta=0.6 min
[2026-09-16 02:21:20] INFO Epoch 007 | train batch=2100/2262 | elapsed=7.1 min | eta=0.5 min
[2026-09-16 02:21:22] INFO Epoch 007 | train batch=2110/2262 | elapsed=7.2 min | eta=0.5 min
[2026-09-16 02:21:24] INFO Epoch 007 | train batch=2120/2262 | elapsed=7.2 min | eta=0.5 min
[2026-09-16 02:21:26] INFO Epoch 007 | train batch=2130/2262 | elapsed=7.2 min | eta=0.4 min
[2026-09-16 02:21:29] INFO Epoch 007 | train batch=2140/2262 | elapsed=7.3 min | eta=0.4 min
[2026-09-16 02:21:31] INFO Epoch 007 | train batch=2150/2262 | elapsed=7.3 min | eta=0.4 min
[2026-09-16 02:21:33] INFO Epoch 007 | train batch=2160/2262 | elapsed=7.3 min | eta=0.3 min
[2026-09-16 02:21:35] INFO Epoch 007 | train batch=2170/2262 | elapsed=7.4 min | eta=0.3 min
[2026-09-16 02:21:37] INFO Epoch 007 | train batch=2180/2262 | elapsed=7.4 min | eta=0.3 min
[2026-09-16 02:21:39] INFO Epoch 007 | train batch=2190/2262 | elapsed=7.4 min | eta=0.2 min
[2026-09-16 02:21:41] INFO Epoch 007 | train batch=2200/2262 | elapsed=7.5 min | eta=0.2 min
[2026-09-16 02:21:43] INFO Epoch 007 | train batch=2210/2262 | elapsed=7.5 min | eta=0.2 min
[2026-09-16 02:21:45] INFO Epoch 007 | train batch=2220/2262 | elapsed=7.5 min | eta=0.1 min
[2026-09-16 02:21:47] INFO Epoch 007 | train batch=2230/2262 | elapsed=7.6 min | eta=0.1 min
[2026-09-16 02:21:49] INFO Epoch 007 | train batch=2240/2262 | elapsed=7.6 min | eta=0.1 min
[2026-09-16 02:21:51] INFO Epoch 007 | train batch=2250/2262 | elapsed=7.6 min | eta=0.0 min
[2026-09-16 02:21:53] INFO Epoch 007 | train batch=2260/2262 | elapsed=7.7 min | eta=0.0 min
[2026-09-16 02:21:53] INFO Epoch 007 | train batch=2262/2262 | elapsed=7.7 min | eta=0.0 min
[2026-09-16 02:21:53] INFO Epoch 007 | val batch=1/307 | elapsed=0.0 min | eta=1.0 min
[2026-09-16 02:21:55] INFO Epoch 007 | val batch=10/307 | elapsed=0.0 min | eta=1.0 min
[2026-09-16 02:21:57] INFO Epoch 007 | val batch=20/307 | elapsed=0.1 min | eta=0.9 min
[2026-09-16 02:21:59] INFO Epoch 007 | val batch=30/307 | elapsed=0.1 min | eta=0.9 min
[2026-09-16 02:22:01] INFO Epoch 007 | val batch=40/307 | elapsed=0.1 min | eta=0.9 min
[2026-09-16 02:22:03] INFO Epoch 007 | val batch=50/307 | elapsed=0.2 min | eta=0.8 min
[2026-09-16 02:22:05] INFO Epoch 007 | val batch=60/307 | elapsed=0.2 min | eta=0.8 min
[2026-09-16 02:22:07] INFO Epoch 007 | val batch=70/307 | elapsed=0.2 min | eta=0.8 min
[2026-09-16 02:22:09] INFO Epoch 007 | val batch=80/307 | elapsed=0.3 min | eta=0.7 min
[2026-09-16 02:22:11] INFO Epoch 007 | val batch=90/307 | elapsed=0.3 min | eta=0.7 min
[2026-09-16 02:22:13] INFO Epoch 007 | val batch=100/307 | elapsed=0.3 min | eta=0.7 min
[2026-09-16 02:22:15] INFO Epoch 007 | val batch=110/307 | elapsed=0.4 min | eta=0.7 min
[2026-09-16 02:22:17] INFO Epoch 007 | val batch=120/307 | elapsed=0.4 min | eta=0.6 min
[2026-09-16 02:22:19] INFO Epoch 007 | val batch=130/307 | elapsed=0.4 min | eta=0.6 min
[2026-09-16 02:22:21] INFO Epoch 007 | val batch=140/307 | elapsed=0.5 min | eta=0.6 min
[2026-09-16 02:22:23] INFO Epoch 007 | val batch=150/307 | elapsed=0.5 min | eta=0.5 min
[2026-09-16 02:22:25] INFO Epoch 007 | val batch=160/307 | elapsed=0.5 min | eta=0.5 min
[2026-09-16 02:22:27] INFO Epoch 007 | val batch=170/307 | elapsed=0.6 min | eta=0.5 min
[2026-09-16 02:22:29] INFO Epoch 007 | val batch=180/307 | elapsed=0.6 min | eta=0.4 min
[2026-09-16 02:22:31] INFO Epoch 007 | val batch=190/307 | elapsed=0.6 min | eta=0.4 min
[2026-09-16 02:22:33] INFO Epoch 007 | val batch=200/307 | elapsed=0.7 min | eta=0.4 min
[2026-09-16 02:22:35] INFO Epoch 007 | val batch=210/307 | elapsed=0.7 min | eta=0.3 min
[2026-09-16 02:22:37] INFO Epoch 007 | val batch=220/307 | elapsed=0.7 min | eta=0.3 min
[2026-09-16 02:22:39] INFO Epoch 007 | val batch=230/307 | elapsed=0.8 min | eta=0.3 min
[2026-09-16 02:22:41] INFO Epoch 007 | val batch=240/307 | elapsed=0.8 min | eta=0.2 min
[2026-09-16 02:22:43] INFO Epoch 007 | val batch=250/307 | elapsed=0.8 min | eta=0.2 min
[2026-09-16 02:22:45] INFO Epoch 007 | val batch=260/307 | elapsed=0.9 min | eta=0.2 min
[2026-09-16 02:22:47] INFO Epoch 007 | val batch=270/307 | elapsed=0.9 min | eta=0.1 min
[2026-09-16 02:22:49] INFO Epoch 007 | val batch=280/307 | elapsed=0.9 min | eta=0.1 min
[2026-09-16 02:22:51] INFO Epoch 007 | val batch=290/307 | elapsed=1.0 min | eta=0.1 min
[2026-09-16 02:22:53] INFO Epoch 007 | val batch=300/307 | elapsed=1.0 min | eta=0.0 min
[2026-09-16 02:22:54] INFO Epoch 007 | val batch=307/307 | elapsed=1.0 min | eta=0.0 min
[2026-09-16 02:22:54] INFO Epoch 007 | train_total=2.333719 | train_relation=2.331015 | train_distill=0.054093 | val_total=2.180135 | val_relation=2.177378 | val_distill=0.055146 | val_anchors=1596400 | val_candidates=21057400 | val_teacher_keff=4.222 | val_student_keff=7.447 | seconds(train/val)=460.27/60.79
[2026-09-16 02:22:54] INFO Checkpoint updated | epoch=7 | best_val_relation=2.177378 | path=C:\Users\clw\projects\researchRep\STAnchor-BlockMemory\artifacts\paper_final_joint_context_offset_only_seed42\retrieval_adaptation\pemsbay\retrieval_t1_best.pt
[2026-09-16 02:22:54] INFO Epoch 008/008 started | train_batches=2262 | val_batches=307
[2026-09-16 02:22:54] INFO Epoch 008 | train batch=1/2262 | elapsed=0.0 min | eta=7.7 min
[2026-09-16 02:22:56] INFO Epoch 008 | train batch=10/2262 | elapsed=0.0 min | eta=7.7 min
[2026-09-16 02:22:58] INFO Epoch 008 | train batch=20/2262 | elapsed=0.1 min | eta=7.6 min
[2026-09-16 02:23:00] INFO Epoch 008 | train batch=30/2262 | elapsed=0.1 min | eta=7.6 min
[2026-09-16 02:23:02] INFO Epoch 008 | train batch=40/2262 | elapsed=0.1 min | eta=7.6 min
[2026-09-16 02:23:04] INFO Epoch 008 | train batch=50/2262 | elapsed=0.2 min | eta=7.5 min
[2026-09-16 02:23:06] INFO Epoch 008 | train batch=60/2262 | elapsed=0.2 min | eta=7.5 min
[2026-09-16 02:23:08] INFO Epoch 008 | train batch=70/2262 | elapsed=0.2 min | eta=7.4 min
[2026-09-16 02:23:10] INFO Epoch 008 | train batch=80/2262 | elapsed=0.3 min | eta=7.4 min
[2026-09-16 02:23:12] INFO Epoch 008 | train batch=90/2262 | elapsed=0.3 min | eta=7.4 min
[2026-09-16 02:23:14] INFO Epoch 008 | train batch=100/2262 | elapsed=0.3 min | eta=7.3 min
[2026-09-16 02:23:17] INFO Epoch 008 | train batch=110/2262 | elapsed=0.4 min | eta=7.3 min
[2026-09-16 02:23:19] INFO Epoch 008 | train batch=120/2262 | elapsed=0.4 min | eta=7.3 min
[2026-09-16 02:23:21] INFO Epoch 008 | train batch=130/2262 | elapsed=0.4 min | eta=7.2 min
[2026-09-16 02:23:23] INFO Epoch 008 | train batch=140/2262 | elapsed=0.5 min | eta=7.2 min
[2026-09-16 02:23:25] INFO Epoch 008 | train batch=150/2262 | elapsed=0.5 min | eta=7.2 min
[2026-09-16 02:23:27] INFO Epoch 008 | train batch=160/2262 | elapsed=0.5 min | eta=7.1 min
[2026-09-16 02:23:29] INFO Epoch 008 | train batch=170/2262 | elapsed=0.6 min | eta=7.1 min
[2026-09-16 02:23:31] INFO Epoch 008 | train batch=180/2262 | elapsed=0.6 min | eta=7.1 min
[2026-09-16 02:23:33] INFO Epoch 008 | train batch=190/2262 | elapsed=0.6 min | eta=7.0 min
[2026-09-16 02:23:35] INFO Epoch 008 | train batch=200/2262 | elapsed=0.7 min | eta=7.0 min
[2026-09-16 02:23:37] INFO Epoch 008 | train batch=210/2262 | elapsed=0.7 min | eta=7.0 min
[2026-09-16 02:23:39] INFO Epoch 008 | train batch=220/2262 | elapsed=0.7 min | eta=6.9 min
[2026-09-16 02:23:41] INFO Epoch 008 | train batch=230/2262 | elapsed=0.8 min | eta=6.9 min
[2026-09-16 02:23:43] INFO Epoch 008 | train batch=240/2262 | elapsed=0.8 min | eta=6.9 min
[2026-09-16 02:23:45] INFO Epoch 008 | train batch=250/2262 | elapsed=0.8 min | eta=6.8 min
[2026-09-16 02:23:47] INFO Epoch 008 | train batch=260/2262 | elapsed=0.9 min | eta=6.8 min
[2026-09-16 02:23:49] INFO Epoch 008 | train batch=270/2262 | elapsed=0.9 min | eta=6.8 min
[2026-09-16 02:23:51] INFO Epoch 008 | train batch=280/2262 | elapsed=0.9 min | eta=6.7 min
[2026-09-16 02:23:53] INFO Epoch 008 | train batch=290/2262 | elapsed=1.0 min | eta=6.7 min
[2026-09-16 02:23:55] INFO Epoch 008 | train batch=300/2262 | elapsed=1.0 min | eta=6.7 min
[2026-09-16 02:23:57] INFO Epoch 008 | train batch=310/2262 | elapsed=1.1 min | eta=6.6 min
[2026-09-16 02:23:59] INFO Epoch 008 | train batch=320/2262 | elapsed=1.1 min | eta=6.6 min
[2026-09-16 02:24:01] INFO Epoch 008 | train batch=330/2262 | elapsed=1.1 min | eta=6.6 min
[2026-09-16 02:24:03] INFO Epoch 008 | train batch=340/2262 | elapsed=1.2 min | eta=6.5 min
[2026-09-16 02:24:05] INFO Epoch 008 | train batch=350/2262 | elapsed=1.2 min | eta=6.5 min
[2026-09-16 02:24:07] INFO Epoch 008 | train batch=360/2262 | elapsed=1.2 min | eta=6.5 min
[2026-09-16 02:24:09] INFO Epoch 008 | train batch=370/2262 | elapsed=1.3 min | eta=6.4 min
[2026-09-16 02:24:11] INFO Epoch 008 | train batch=380/2262 | elapsed=1.3 min | eta=6.4 min
[2026-09-16 02:24:13] INFO Epoch 008 | train batch=390/2262 | elapsed=1.3 min | eta=6.3 min
[2026-09-16 02:24:15] INFO Epoch 008 | train batch=400/2262 | elapsed=1.4 min | eta=6.3 min
[2026-09-16 02:24:18] INFO Epoch 008 | train batch=410/2262 | elapsed=1.4 min | eta=6.3 min
[2026-09-16 02:24:20] INFO Epoch 008 | train batch=420/2262 | elapsed=1.4 min | eta=6.2 min
[2026-09-16 02:24:22] INFO Epoch 008 | train batch=430/2262 | elapsed=1.5 min | eta=6.2 min
[2026-09-16 02:24:24] INFO Epoch 008 | train batch=440/2262 | elapsed=1.5 min | eta=6.2 min
[2026-09-16 02:24:26] INFO Epoch 008 | train batch=450/2262 | elapsed=1.5 min | eta=6.1 min
[2026-09-16 02:24:28] INFO Epoch 008 | train batch=460/2262 | elapsed=1.6 min | eta=6.1 min
[2026-09-16 02:24:30] INFO Epoch 008 | train batch=470/2262 | elapsed=1.6 min | eta=6.1 min
[2026-09-16 02:24:32] INFO Epoch 008 | train batch=480/2262 | elapsed=1.6 min | eta=6.0 min
[2026-09-16 02:24:34] INFO Epoch 008 | train batch=490/2262 | elapsed=1.7 min | eta=6.0 min
[2026-09-16 02:24:36] INFO Epoch 008 | train batch=500/2262 | elapsed=1.7 min | eta=6.0 min
[2026-09-16 02:24:38] INFO Epoch 008 | train batch=510/2262 | elapsed=1.7 min | eta=5.9 min
[2026-09-16 02:24:40] INFO Epoch 008 | train batch=520/2262 | elapsed=1.8 min | eta=5.9 min
[2026-09-16 02:24:42] INFO Epoch 008 | train batch=530/2262 | elapsed=1.8 min | eta=5.9 min
[2026-09-16 02:24:44] INFO Epoch 008 | train batch=540/2262 | elapsed=1.8 min | eta=5.8 min
[2026-09-16 02:24:46] INFO Epoch 008 | train batch=550/2262 | elapsed=1.9 min | eta=5.8 min
[2026-09-16 02:24:48] INFO Epoch 008 | train batch=560/2262 | elapsed=1.9 min | eta=5.8 min
[2026-09-16 02:24:50] INFO Epoch 008 | train batch=570/2262 | elapsed=1.9 min | eta=5.7 min
[2026-09-16 02:24:52] INFO Epoch 008 | train batch=580/2262 | elapsed=2.0 min | eta=5.7 min
[2026-09-16 02:24:54] INFO Epoch 008 | train batch=590/2262 | elapsed=2.0 min | eta=5.7 min
[2026-09-16 02:24:56] INFO Epoch 008 | train batch=600/2262 | elapsed=2.0 min | eta=5.6 min
[2026-09-16 02:24:58] INFO Epoch 008 | train batch=610/2262 | elapsed=2.1 min | eta=5.6 min
[2026-09-16 02:25:00] INFO Epoch 008 | train batch=620/2262 | elapsed=2.1 min | eta=5.6 min
[2026-09-16 02:25:02] INFO Epoch 008 | train batch=630/2262 | elapsed=2.1 min | eta=5.5 min
[2026-09-16 02:25:04] INFO Epoch 008 | train batch=640/2262 | elapsed=2.2 min | eta=5.5 min
[2026-09-16 02:25:06] INFO Epoch 008 | train batch=650/2262 | elapsed=2.2 min | eta=5.5 min
[2026-09-16 02:25:08] INFO Epoch 008 | train batch=660/2262 | elapsed=2.2 min | eta=5.4 min
[2026-09-16 02:25:10] INFO Epoch 008 | train batch=670/2262 | elapsed=2.3 min | eta=5.4 min
[2026-09-16 02:25:12] INFO Epoch 008 | train batch=680/2262 | elapsed=2.3 min | eta=5.4 min
[2026-09-16 02:25:15] INFO Epoch 008 | train batch=690/2262 | elapsed=2.3 min | eta=5.3 min
[2026-09-16 02:25:17] INFO Epoch 008 | train batch=700/2262 | elapsed=2.4 min | eta=5.3 min
[2026-09-16 02:25:19] INFO Epoch 008 | train batch=710/2262 | elapsed=2.4 min | eta=5.3 min
[2026-09-16 02:25:21] INFO Epoch 008 | train batch=720/2262 | elapsed=2.4 min | eta=5.2 min
[2026-09-16 02:25:23] INFO Epoch 008 | train batch=730/2262 | elapsed=2.5 min | eta=5.2 min
[2026-09-16 02:25:25] INFO Epoch 008 | train batch=740/2262 | elapsed=2.5 min | eta=5.2 min
[2026-09-16 02:25:27] INFO Epoch 008 | train batch=750/2262 | elapsed=2.5 min | eta=5.1 min
[2026-09-16 02:25:29] INFO Epoch 008 | train batch=760/2262 | elapsed=2.6 min | eta=5.1 min
[2026-09-16 02:25:31] INFO Epoch 008 | train batch=770/2262 | elapsed=2.6 min | eta=5.1 min
[2026-09-16 02:25:33] INFO Epoch 008 | train batch=780/2262 | elapsed=2.6 min | eta=5.0 min
[2026-09-16 02:25:35] INFO Epoch 008 | train batch=790/2262 | elapsed=2.7 min | eta=5.0 min
[2026-09-16 02:25:37] INFO Epoch 008 | train batch=800/2262 | elapsed=2.7 min | eta=5.0 min
[2026-09-16 02:25:39] INFO Epoch 008 | train batch=810/2262 | elapsed=2.7 min | eta=4.9 min
[2026-09-16 02:25:41] INFO Epoch 008 | train batch=820/2262 | elapsed=2.8 min | eta=4.9 min
[2026-09-16 02:25:43] INFO Epoch 008 | train batch=830/2262 | elapsed=2.8 min | eta=4.9 min
[2026-09-16 02:25:45] INFO Epoch 008 | train batch=840/2262 | elapsed=2.8 min | eta=4.8 min
[2026-09-16 02:25:47] INFO Epoch 008 | train batch=850/2262 | elapsed=2.9 min | eta=4.8 min
[2026-09-16 02:25:49] INFO Epoch 008 | train batch=860/2262 | elapsed=2.9 min | eta=4.8 min
[2026-09-16 02:25:51] INFO Epoch 008 | train batch=870/2262 | elapsed=3.0 min | eta=4.7 min
[2026-09-16 02:25:53] INFO Epoch 008 | train batch=880/2262 | elapsed=3.0 min | eta=4.7 min
[2026-09-16 02:25:55] INFO Epoch 008 | train batch=890/2262 | elapsed=3.0 min | eta=4.7 min
[2026-09-16 02:25:57] INFO Epoch 008 | train batch=900/2262 | elapsed=3.1 min | eta=4.6 min
[2026-09-16 02:25:59] INFO Epoch 008 | train batch=910/2262 | elapsed=3.1 min | eta=4.6 min
[2026-09-16 02:26:01] INFO Epoch 008 | train batch=920/2262 | elapsed=3.1 min | eta=4.6 min
[2026-09-16 02:26:03] INFO Epoch 008 | train batch=930/2262 | elapsed=3.2 min | eta=4.5 min
[2026-09-16 02:26:05] INFO Epoch 008 | train batch=940/2262 | elapsed=3.2 min | eta=4.5 min
[2026-09-16 02:26:07] INFO Epoch 008 | train batch=950/2262 | elapsed=3.2 min | eta=4.5 min
[2026-09-16 02:26:10] INFO Epoch 008 | train batch=960/2262 | elapsed=3.3 min | eta=4.4 min
[2026-09-16 02:26:12] INFO Epoch 008 | train batch=970/2262 | elapsed=3.3 min | eta=4.4 min
[2026-09-16 02:26:14] INFO Epoch 008 | train batch=980/2262 | elapsed=3.3 min | eta=4.3 min
[2026-09-16 02:26:16] INFO Epoch 008 | train batch=990/2262 | elapsed=3.4 min | eta=4.3 min
[2026-09-16 02:26:18] INFO Epoch 008 | train batch=1000/2262 | elapsed=3.4 min | eta=4.3 min
[2026-09-16 02:26:20] INFO Epoch 008 | train batch=1010/2262 | elapsed=3.4 min | eta=4.2 min
[2026-09-16 02:26:22] INFO Epoch 008 | train batch=1020/2262 | elapsed=3.5 min | eta=4.2 min
[2026-09-16 02:26:24] INFO Epoch 008 | train batch=1030/2262 | elapsed=3.5 min | eta=4.2 min
[2026-09-16 02:26:26] INFO Epoch 008 | train batch=1040/2262 | elapsed=3.5 min | eta=4.1 min
[2026-09-16 02:26:28] INFO Epoch 008 | train batch=1050/2262 | elapsed=3.6 min | eta=4.1 min
[2026-09-16 02:26:30] INFO Epoch 008 | train batch=1060/2262 | elapsed=3.6 min | eta=4.1 min
[2026-09-16 02:26:32] INFO Epoch 008 | train batch=1070/2262 | elapsed=3.6 min | eta=4.0 min
[2026-09-16 02:26:34] INFO Epoch 008 | train batch=1080/2262 | elapsed=3.7 min | eta=4.0 min
[2026-09-16 02:26:36] INFO Epoch 008 | train batch=1090/2262 | elapsed=3.7 min | eta=4.0 min
[2026-09-16 02:26:38] INFO Epoch 008 | train batch=1100/2262 | elapsed=3.7 min | eta=3.9 min
[2026-09-16 02:26:40] INFO Epoch 008 | train batch=1110/2262 | elapsed=3.8 min | eta=3.9 min
[2026-09-16 02:26:42] INFO Epoch 008 | train batch=1120/2262 | elapsed=3.8 min | eta=3.9 min
[2026-09-16 02:26:44] INFO Epoch 008 | train batch=1130/2262 | elapsed=3.8 min | eta=3.8 min
[2026-09-16 02:26:46] INFO Epoch 008 | train batch=1140/2262 | elapsed=3.9 min | eta=3.8 min
[2026-09-16 02:26:48] INFO Epoch 008 | train batch=1150/2262 | elapsed=3.9 min | eta=3.8 min
[2026-09-16 02:26:50] INFO Epoch 008 | train batch=1160/2262 | elapsed=3.9 min | eta=3.7 min
[2026-09-16 02:26:52] INFO Epoch 008 | train batch=1170/2262 | elapsed=4.0 min | eta=3.7 min
[2026-09-16 02:26:54] INFO Epoch 008 | train batch=1180/2262 | elapsed=4.0 min | eta=3.7 min
[2026-09-16 02:26:56] INFO Epoch 008 | train batch=1190/2262 | elapsed=4.0 min | eta=3.6 min
[2026-09-16 02:26:58] INFO Epoch 008 | train batch=1200/2262 | elapsed=4.1 min | eta=3.6 min
[2026-09-16 02:27:00] INFO Epoch 008 | train batch=1210/2262 | elapsed=4.1 min | eta=3.6 min
[2026-09-16 02:27:02] INFO Epoch 008 | train batch=1220/2262 | elapsed=4.1 min | eta=3.5 min
[2026-09-16 02:27:04] INFO Epoch 008 | train batch=1230/2262 | elapsed=4.2 min | eta=3.5 min
[2026-09-16 02:27:07] INFO Epoch 008 | train batch=1240/2262 | elapsed=4.2 min | eta=3.5 min
[2026-09-16 02:27:09] INFO Epoch 008 | train batch=1250/2262 | elapsed=4.2 min | eta=3.4 min
[2026-09-16 02:27:11] INFO Epoch 008 | train batch=1260/2262 | elapsed=4.3 min | eta=3.4 min
[2026-09-16 02:27:13] INFO Epoch 008 | train batch=1270/2262 | elapsed=4.3 min | eta=3.4 min
[2026-09-16 02:27:15] INFO Epoch 008 | train batch=1280/2262 | elapsed=4.3 min | eta=3.3 min
[2026-09-16 02:27:17] INFO Epoch 008 | train batch=1290/2262 | elapsed=4.4 min | eta=3.3 min
[2026-09-16 02:27:19] INFO Epoch 008 | train batch=1300/2262 | elapsed=4.4 min | eta=3.3 min
[2026-09-16 02:27:21] INFO Epoch 008 | train batch=1310/2262 | elapsed=4.4 min | eta=3.2 min
[2026-09-16 02:27:23] INFO Epoch 008 | train batch=1320/2262 | elapsed=4.5 min | eta=3.2 min
[2026-09-16 02:27:25] INFO Epoch 008 | train batch=1330/2262 | elapsed=4.5 min | eta=3.2 min
[2026-09-16 02:27:27] INFO Epoch 008 | train batch=1340/2262 | elapsed=4.5 min | eta=3.1 min
[2026-09-16 02:27:29] INFO Epoch 008 | train batch=1350/2262 | elapsed=4.6 min | eta=3.1 min
[2026-09-16 02:27:31] INFO Epoch 008 | train batch=1360/2262 | elapsed=4.6 min | eta=3.1 min
[2026-09-16 02:27:33] INFO Epoch 008 | train batch=1370/2262 | elapsed=4.6 min | eta=3.0 min
[2026-09-16 02:27:35] INFO Epoch 008 | train batch=1380/2262 | elapsed=4.7 min | eta=3.0 min
[2026-09-16 02:27:37] INFO Epoch 008 | train batch=1390/2262 | elapsed=4.7 min | eta=3.0 min
[2026-09-16 02:27:39] INFO Epoch 008 | train batch=1400/2262 | elapsed=4.8 min | eta=2.9 min
[2026-09-16 02:27:41] INFO Epoch 008 | train batch=1410/2262 | elapsed=4.8 min | eta=2.9 min
[2026-09-16 02:27:43] INFO Epoch 008 | train batch=1420/2262 | elapsed=4.8 min | eta=2.9 min
[2026-09-16 02:27:45] INFO Epoch 008 | train batch=1430/2262 | elapsed=4.9 min | eta=2.8 min
[2026-09-16 02:27:47] INFO Epoch 008 | train batch=1440/2262 | elapsed=4.9 min | eta=2.8 min
[2026-09-16 02:27:49] INFO Epoch 008 | train batch=1450/2262 | elapsed=4.9 min | eta=2.8 min
[2026-09-16 02:27:51] INFO Epoch 008 | train batch=1460/2262 | elapsed=5.0 min | eta=2.7 min
[2026-09-16 02:27:53] INFO Epoch 008 | train batch=1470/2262 | elapsed=5.0 min | eta=2.7 min
[2026-09-16 02:27:55] INFO Epoch 008 | train batch=1480/2262 | elapsed=5.0 min | eta=2.7 min
[2026-09-16 02:27:57] INFO Epoch 008 | train batch=1490/2262 | elapsed=5.1 min | eta=2.6 min
[2026-09-16 02:28:00] INFO Epoch 008 | train batch=1500/2262 | elapsed=5.1 min | eta=2.6 min
[2026-09-16 02:28:02] INFO Epoch 008 | train batch=1510/2262 | elapsed=5.1 min | eta=2.6 min
[2026-09-16 02:28:04] INFO Epoch 008 | train batch=1520/2262 | elapsed=5.2 min | eta=2.5 min
[2026-09-16 02:28:06] INFO Epoch 008 | train batch=1530/2262 | elapsed=5.2 min | eta=2.5 min
[2026-09-16 02:28:08] INFO Epoch 008 | train batch=1540/2262 | elapsed=5.2 min | eta=2.5 min
[2026-09-16 02:28:10] INFO Epoch 008 | train batch=1550/2262 | elapsed=5.3 min | eta=2.4 min
[2026-09-16 02:28:12] INFO Epoch 008 | train batch=1560/2262 | elapsed=5.3 min | eta=2.4 min
[2026-09-16 02:28:14] INFO Epoch 008 | train batch=1570/2262 | elapsed=5.3 min | eta=2.3 min
[2026-09-16 02:28:16] INFO Epoch 008 | train batch=1580/2262 | elapsed=5.4 min | eta=2.3 min
[2026-09-16 02:28:18] INFO Epoch 008 | train batch=1590/2262 | elapsed=5.4 min | eta=2.3 min
[2026-09-16 02:28:20] INFO Epoch 008 | train batch=1600/2262 | elapsed=5.4 min | eta=2.2 min
[2026-09-16 02:28:22] INFO Epoch 008 | train batch=1610/2262 | elapsed=5.5 min | eta=2.2 min
[2026-09-16 02:28:24] INFO Epoch 008 | train batch=1620/2262 | elapsed=5.5 min | eta=2.2 min
[2026-09-16 02:28:26] INFO Epoch 008 | train batch=1630/2262 | elapsed=5.5 min | eta=2.1 min
[2026-09-16 02:28:28] INFO Epoch 008 | train batch=1640/2262 | elapsed=5.6 min | eta=2.1 min
[2026-09-16 02:28:30] INFO Epoch 008 | train batch=1650/2262 | elapsed=5.6 min | eta=2.1 min
[2026-09-16 02:28:32] INFO Epoch 008 | train batch=1660/2262 | elapsed=5.6 min | eta=2.0 min
[2026-09-16 02:28:34] INFO Epoch 008 | train batch=1670/2262 | elapsed=5.7 min | eta=2.0 min
[2026-09-16 02:28:36] INFO Epoch 008 | train batch=1680/2262 | elapsed=5.7 min | eta=2.0 min
[2026-09-16 02:28:38] INFO Epoch 008 | train batch=1690/2262 | elapsed=5.7 min | eta=1.9 min
[2026-09-16 02:28:40] INFO Epoch 008 | train batch=1700/2262 | elapsed=5.8 min | eta=1.9 min
[2026-09-16 02:28:42] INFO Epoch 008 | train batch=1710/2262 | elapsed=5.8 min | eta=1.9 min
[2026-09-16 02:28:44] INFO Epoch 008 | train batch=1720/2262 | elapsed=5.8 min | eta=1.8 min
[2026-09-16 02:28:46] INFO Epoch 008 | train batch=1730/2262 | elapsed=5.9 min | eta=1.8 min
[2026-09-16 02:28:48] INFO Epoch 008 | train batch=1740/2262 | elapsed=5.9 min | eta=1.8 min
[2026-09-16 02:28:50] INFO Epoch 008 | train batch=1750/2262 | elapsed=5.9 min | eta=1.7 min
[2026-09-16 02:28:52] INFO Epoch 008 | train batch=1760/2262 | elapsed=6.0 min | eta=1.7 min
[2026-09-16 02:28:54] INFO Epoch 008 | train batch=1770/2262 | elapsed=6.0 min | eta=1.7 min
[2026-09-16 02:28:57] INFO Epoch 008 | train batch=1780/2262 | elapsed=6.0 min | eta=1.6 min
[2026-09-16 02:28:59] INFO Epoch 008 | train batch=1790/2262 | elapsed=6.1 min | eta=1.6 min
[2026-09-16 02:29:01] INFO Epoch 008 | train batch=1800/2262 | elapsed=6.1 min | eta=1.6 min
[2026-09-16 02:29:03] INFO Epoch 008 | train batch=1810/2262 | elapsed=6.1 min | eta=1.5 min
[2026-09-16 02:29:05] INFO Epoch 008 | train batch=1820/2262 | elapsed=6.2 min | eta=1.5 min
[2026-09-16 02:29:07] INFO Epoch 008 | train batch=1830/2262 | elapsed=6.2 min | eta=1.5 min
[2026-09-16 02:29:09] INFO Epoch 008 | train batch=1840/2262 | elapsed=6.2 min | eta=1.4 min
[2026-09-16 02:29:11] INFO Epoch 008 | train batch=1850/2262 | elapsed=6.3 min | eta=1.4 min
[2026-09-16 02:29:13] INFO Epoch 008 | train batch=1860/2262 | elapsed=6.3 min | eta=1.4 min
[2026-09-16 02:29:15] INFO Epoch 008 | train batch=1870/2262 | elapsed=6.3 min | eta=1.3 min
[2026-09-16 02:29:17] INFO Epoch 008 | train batch=1880/2262 | elapsed=6.4 min | eta=1.3 min
[2026-09-16 02:29:19] INFO Epoch 008 | train batch=1890/2262 | elapsed=6.4 min | eta=1.3 min
[2026-09-16 02:29:21] INFO Epoch 008 | train batch=1900/2262 | elapsed=6.4 min | eta=1.2 min
[2026-09-16 02:29:23] INFO Epoch 008 | train batch=1910/2262 | elapsed=6.5 min | eta=1.2 min
[2026-09-16 02:29:25] INFO Epoch 008 | train batch=1920/2262 | elapsed=6.5 min | eta=1.2 min
[2026-09-16 02:29:27] INFO Epoch 008 | train batch=1930/2262 | elapsed=6.5 min | eta=1.1 min
[2026-09-16 02:29:29] INFO Epoch 008 | train batch=1940/2262 | elapsed=6.6 min | eta=1.1 min
[2026-09-16 02:29:31] INFO Epoch 008 | train batch=1950/2262 | elapsed=6.6 min | eta=1.1 min
[2026-09-16 02:29:33] INFO Epoch 008 | train batch=1960/2262 | elapsed=6.7 min | eta=1.0 min
[2026-09-16 02:29:35] INFO Epoch 008 | train batch=1970/2262 | elapsed=6.7 min | eta=1.0 min
[2026-09-16 02:29:37] INFO Epoch 008 | train batch=1980/2262 | elapsed=6.7 min | eta=1.0 min
[2026-09-16 02:29:39] INFO Epoch 008 | train batch=1990/2262 | elapsed=6.8 min | eta=0.9 min
[2026-09-16 02:29:41] INFO Epoch 008 | train batch=2000/2262 | elapsed=6.8 min | eta=0.9 min
[2026-09-16 02:29:43] INFO Epoch 008 | train batch=2010/2262 | elapsed=6.8 min | eta=0.9 min
[2026-09-16 02:29:45] INFO Epoch 008 | train batch=2020/2262 | elapsed=6.9 min | eta=0.8 min
[2026-09-16 02:29:47] INFO Epoch 008 | train batch=2030/2262 | elapsed=6.9 min | eta=0.8 min
[2026-09-16 02:29:49] INFO Epoch 008 | train batch=2040/2262 | elapsed=6.9 min | eta=0.8 min
[2026-09-16 02:29:51] INFO Epoch 008 | train batch=2050/2262 | elapsed=7.0 min | eta=0.7 min
[2026-09-16 02:29:53] INFO Epoch 008 | train batch=2060/2262 | elapsed=7.0 min | eta=0.7 min
[2026-09-16 02:29:56] INFO Epoch 008 | train batch=2070/2262 | elapsed=7.0 min | eta=0.7 min
[2026-09-16 02:29:58] INFO Epoch 008 | train batch=2080/2262 | elapsed=7.1 min | eta=0.6 min
[2026-09-16 02:30:00] INFO Epoch 008 | train batch=2090/2262 | elapsed=7.1 min | eta=0.6 min
[2026-09-16 02:30:02] INFO Epoch 008 | train batch=2100/2262 | elapsed=7.1 min | eta=0.5 min
[2026-09-16 02:30:04] INFO Epoch 008 | train batch=2110/2262 | elapsed=7.2 min | eta=0.5 min
[2026-09-16 02:30:06] INFO Epoch 008 | train batch=2120/2262 | elapsed=7.2 min | eta=0.5 min
[2026-09-16 02:30:08] INFO Epoch 008 | train batch=2130/2262 | elapsed=7.2 min | eta=0.4 min
[2026-09-16 02:30:10] INFO Epoch 008 | train batch=2140/2262 | elapsed=7.3 min | eta=0.4 min
[2026-09-16 02:30:12] INFO Epoch 008 | train batch=2150/2262 | elapsed=7.3 min | eta=0.4 min
[2026-09-16 02:30:14] INFO Epoch 008 | train batch=2160/2262 | elapsed=7.3 min | eta=0.3 min
[2026-09-16 02:30:16] INFO Epoch 008 | train batch=2170/2262 | elapsed=7.4 min | eta=0.3 min
[2026-09-16 02:30:18] INFO Epoch 008 | train batch=2180/2262 | elapsed=7.4 min | eta=0.3 min
[2026-09-16 02:30:20] INFO Epoch 008 | train batch=2190/2262 | elapsed=7.4 min | eta=0.2 min
[2026-09-16 02:30:22] INFO Epoch 008 | train batch=2200/2262 | elapsed=7.5 min | eta=0.2 min
[2026-09-16 02:30:24] INFO Epoch 008 | train batch=2210/2262 | elapsed=7.5 min | eta=0.2 min
[2026-09-16 02:30:26] INFO Epoch 008 | train batch=2220/2262 | elapsed=7.5 min | eta=0.1 min
[2026-09-16 02:30:28] INFO Epoch 008 | train batch=2230/2262 | elapsed=7.6 min | eta=0.1 min
[2026-09-16 02:30:30] INFO Epoch 008 | train batch=2240/2262 | elapsed=7.6 min | eta=0.1 min
[2026-09-16 02:30:32] INFO Epoch 008 | train batch=2250/2262 | elapsed=7.6 min | eta=0.0 min
[2026-09-16 02:30:34] INFO Epoch 008 | train batch=2260/2262 | elapsed=7.7 min | eta=0.0 min
[2026-09-16 02:30:34] INFO Epoch 008 | train batch=2262/2262 | elapsed=7.7 min | eta=0.0 min
[2026-09-16 02:30:35] INFO Epoch 008 | val batch=1/307 | elapsed=0.0 min | eta=1.0 min
[2026-09-16 02:30:36] INFO Epoch 008 | val batch=10/307 | elapsed=0.0 min | eta=1.0 min
[2026-09-16 02:30:38] INFO Epoch 008 | val batch=20/307 | elapsed=0.1 min | eta=0.9 min
[2026-09-16 02:30:40] INFO Epoch 008 | val batch=30/307 | elapsed=0.1 min | eta=0.9 min
[2026-09-16 02:30:42] INFO Epoch 008 | val batch=40/307 | elapsed=0.1 min | eta=0.9 min
[2026-09-16 02:30:44] INFO Epoch 008 | val batch=50/307 | elapsed=0.2 min | eta=0.8 min
[2026-09-16 02:30:46] INFO Epoch 008 | val batch=60/307 | elapsed=0.2 min | eta=0.8 min
[2026-09-16 02:30:48] INFO Epoch 008 | val batch=70/307 | elapsed=0.2 min | eta=0.8 min
[2026-09-16 02:30:50] INFO Epoch 008 | val batch=80/307 | elapsed=0.3 min | eta=0.7 min
[2026-09-16 02:30:52] INFO Epoch 008 | val batch=90/307 | elapsed=0.3 min | eta=0.7 min
[2026-09-16 02:30:54] INFO Epoch 008 | val batch=100/307 | elapsed=0.3 min | eta=0.7 min
[2026-09-16 02:30:56] INFO Epoch 008 | val batch=110/307 | elapsed=0.4 min | eta=0.7 min
[2026-09-16 02:30:58] INFO Epoch 008 | val batch=120/307 | elapsed=0.4 min | eta=0.6 min
[2026-09-16 02:31:00] INFO Epoch 008 | val batch=130/307 | elapsed=0.4 min | eta=0.6 min
[2026-09-16 02:31:02] INFO Epoch 008 | val batch=140/307 | elapsed=0.5 min | eta=0.6 min
[2026-09-16 02:31:04] INFO Epoch 008 | val batch=150/307 | elapsed=0.5 min | eta=0.5 min
[2026-09-16 02:31:06] INFO Epoch 008 | val batch=160/307 | elapsed=0.5 min | eta=0.5 min
[2026-09-16 02:31:08] INFO Epoch 008 | val batch=170/307 | elapsed=0.6 min | eta=0.5 min
[2026-09-16 02:31:10] INFO Epoch 008 | val batch=180/307 | elapsed=0.6 min | eta=0.4 min
[2026-09-16 02:31:12] INFO Epoch 008 | val batch=190/307 | elapsed=0.6 min | eta=0.4 min
[2026-09-16 02:31:14] INFO Epoch 008 | val batch=200/307 | elapsed=0.7 min | eta=0.4 min
[2026-09-16 02:31:16] INFO Epoch 008 | val batch=210/307 | elapsed=0.7 min | eta=0.3 min
[2026-09-16 02:31:18] INFO Epoch 008 | val batch=220/307 | elapsed=0.7 min | eta=0.3 min
[2026-09-16 02:31:20] INFO Epoch 008 | val batch=230/307 | elapsed=0.8 min | eta=0.3 min
[2026-09-16 02:31:22] INFO Epoch 008 | val batch=240/307 | elapsed=0.8 min | eta=0.2 min
[2026-09-16 02:31:24] INFO Epoch 008 | val batch=250/307 | elapsed=0.8 min | eta=0.2 min
[2026-09-16 02:31:26] INFO Epoch 008 | val batch=260/307 | elapsed=0.9 min | eta=0.2 min
[2026-09-16 02:31:28] INFO Epoch 008 | val batch=270/307 | elapsed=0.9 min | eta=0.1 min
[2026-09-16 02:31:30] INFO Epoch 008 | val batch=280/307 | elapsed=0.9 min | eta=0.1 min
[2026-09-16 02:31:32] INFO Epoch 008 | val batch=290/307 | elapsed=1.0 min | eta=0.1 min
[2026-09-16 02:31:34] INFO Epoch 008 | val batch=300/307 | elapsed=1.0 min | eta=0.0 min
[2026-09-16 02:31:35] INFO Epoch 008 | val batch=307/307 | elapsed=1.0 min | eta=0.0 min
[2026-09-16 02:31:35] INFO Epoch 008 | train_total=2.331785 | train_relation=2.329030 | train_distill=0.055102 | val_total=2.178815 | val_relation=2.176014 | val_distill=0.056018 | val_anchors=1596400 | val_candidates=21057400 | val_teacher_keff=4.222 | val_student_keff=7.497 | seconds(train/val)=460.39/60.88
[2026-09-16 02:31:35] INFO Checkpoint updated | epoch=8 | best_val_relation=2.176014 | path=C:\Users\clw\projects\researchRep\STAnchor-BlockMemory\artifacts\paper_final_joint_context_offset_only_seed42\retrieval_adaptation\pemsbay\retrieval_t1_best.pt
[2026-09-16 02:31:35] INFO T1 retrieval adaptation finished | best_epoch=8 | best_val_relation=2.176014 | checkpoint=C:\Users\clw\projects\researchRep\STAnchor-BlockMemory\artifacts\paper_final_joint_context_offset_only_seed42\retrieval_adaptation\pemsbay\retrieval_t1_best.pt
T1 retrieval adaptation checkpoint: C:\Users\clw\projects\researchRep\STAnchor-BlockMemory\artifacts\paper_final_joint_context_offset_only_seed42\retrieval_adaptation\pemsbay\retrieval_t1_best.pt
