[2026-08-14 18:41:14] INFO Pretraining start | run=metrla_e5_final_latent48_global288_seed42 | device=cuda:0 (requested=cuda:0) | seed=42 | output=C:\Users\clw\projects\researchRep\STAnchor-BlockMemory\artifacts\metrla_e5_final_latent48_global288_seed42
[2026-08-14 18:41:14] INFO Data | steps=34272 | nodes=207 | channels=1 | train/val/test=22681/2993/6025 | dropped_unobserved=1010/135/531
[2026-08-14 18:41:14] INFO Tensor contract | retrieval_x=[B,288,207,1] | forecast_x=[B,12,207,1] | patches=24 | hidden=96 | retrieval_dim=48 | y=[B,12,207,1] | graph_edges=1722
[2026-08-14 18:41:14] INFO Parameters | total=391,836 | trainable=391,836 | embedding=30,432 | encoder=336,864 | dynamics_adapter=0 | retrieval_head=23,376 | reconstruction_head=1,164
[2026-08-14 18:41:14] INFO Optimization | epochs=50 | batch_size=16 | lr=0.001 | weight_decay=0.0001 | time_mask=0.250 | time_mask_block=36 steps | space_mask=0.250 | retrieval_loss=relation | teacher_mode=offset_decay | distance_normalization=symmetric_geometric_mean | future_increment_weight=0.000 | retrieval_weight=0.100 | student_tau=0.100 | teacher_tau=0.100 | adapter=none | adapter_bottleneck=16 | patience=10
[2026-08-14 18:41:14] INFO Epoch 001/050 started | train_batches=1418 | val_batches=188
[2026-08-14 18:41:15] INFO Epoch 001 | train batch=1/1418 | elapsed=0.0 min | eta=24.9 min
[2026-08-14 18:41:19] INFO Epoch 001 | train batch=10/1418 | elapsed=0.1 min | eta=11.5 min
[2026-08-14 18:41:23] INFO Epoch 001 | train batch=20/1418 | elapsed=0.2 min | eta=10.8 min
[2026-08-14 18:41:28] INFO Epoch 001 | train batch=30/1418 | elapsed=0.2 min | eta=10.8 min
[2026-08-14 18:41:32] INFO Epoch 001 | train batch=40/1418 | elapsed=0.3 min | eta=10.6 min
[2026-08-14 18:41:37] INFO Epoch 001 | train batch=50/1418 | elapsed=0.4 min | eta=10.4 min
[2026-08-14 18:41:41] INFO Epoch 001 | train batch=60/1418 | elapsed=0.5 min | eta=10.2 min
[2026-08-14 18:41:45] INFO Epoch 001 | train batch=70/1418 | elapsed=0.5 min | eta=10.1 min
[2026-08-14 18:41:50] INFO Epoch 001 | train batch=80/1418 | elapsed=0.6 min | eta=10.0 min
[2026-08-14 18:41:54] INFO Epoch 001 | train batch=90/1418 | elapsed=0.7 min | eta=9.9 min
[2026-08-14 18:41:58] INFO Epoch 001 | train batch=100/1418 | elapsed=0.7 min | eta=9.8 min
[2026-08-14 18:42:03] INFO Epoch 001 | train batch=110/1418 | elapsed=0.8 min | eta=9.7 min
[2026-08-14 18:42:07] INFO Epoch 001 | train batch=120/1418 | elapsed=0.9 min | eta=9.6 min
[2026-08-14 18:42:11] INFO Epoch 001 | train batch=130/1418 | elapsed=1.0 min | eta=9.5 min
[2026-08-14 18:42:15] INFO Epoch 001 | train batch=140/1418 | elapsed=1.0 min | eta=9.4 min
[2026-08-14 18:42:19] INFO Epoch 001 | train batch=150/1418 | elapsed=1.1 min | eta=9.3 min
[2026-08-14 18:42:24] INFO Epoch 001 | train batch=160/1418 | elapsed=1.2 min | eta=9.2 min
[2026-08-14 18:42:28] INFO Epoch 001 | train batch=170/1418 | elapsed=1.2 min | eta=9.1 min
[2026-08-14 18:42:32] INFO Epoch 001 | train batch=180/1418 | elapsed=1.3 min | eta=9.0 min
[2026-08-14 18:42:37] INFO Epoch 001 | train batch=190/1418 | elapsed=1.4 min | eta=8.9 min
[2026-08-14 18:42:41] INFO Epoch 001 | train batch=200/1418 | elapsed=1.5 min | eta=8.8 min
[2026-08-14 18:42:45] INFO Epoch 001 | train batch=210/1418 | elapsed=1.5 min | eta=8.7 min
[2026-08-14 18:42:50] INFO Epoch 001 | train batch=220/1418 | elapsed=1.6 min | eta=8.7 min
[2026-08-14 18:42:54] INFO Epoch 001 | train batch=230/1418 | elapsed=1.7 min | eta=8.6 min
[2026-08-14 18:42:58] INFO Epoch 001 | train batch=240/1418 | elapsed=1.7 min | eta=8.6 min
[2026-08-14 18:43:03] INFO Epoch 001 | train batch=250/1418 | elapsed=1.8 min | eta=8.5 min
[2026-08-14 18:43:07] INFO Epoch 001 | train batch=260/1418 | elapsed=1.9 min | eta=8.4 min
[2026-08-14 18:43:11] INFO Epoch 001 | train batch=270/1418 | elapsed=2.0 min | eta=8.3 min
[2026-08-14 18:43:16] INFO Epoch 001 | train batch=280/1418 | elapsed=2.0 min | eta=8.3 min
[2026-08-14 18:43:20] INFO Epoch 001 | train batch=290/1418 | elapsed=2.1 min | eta=8.2 min
[2026-08-14 18:43:24] INFO Epoch 001 | train batch=300/1418 | elapsed=2.2 min | eta=8.1 min
[2026-08-14 18:43:28] INFO Epoch 001 | train batch=310/1418 | elapsed=2.2 min | eta=8.0 min
[2026-08-14 18:43:33] INFO Epoch 001 | train batch=320/1418 | elapsed=2.3 min | eta=7.9 min
[2026-08-14 18:43:37] INFO Epoch 001 | train batch=330/1418 | elapsed=2.4 min | eta=7.9 min
[2026-08-14 18:43:41] INFO Epoch 001 | train batch=340/1418 | elapsed=2.5 min | eta=7.8 min
[2026-08-14 18:43:46] INFO Epoch 001 | train batch=350/1418 | elapsed=2.5 min | eta=7.7 min
[2026-08-14 18:43:50] INFO Epoch 001 | train batch=360/1418 | elapsed=2.6 min | eta=7.7 min
[2026-08-14 18:43:54] INFO Epoch 001 | train batch=370/1418 | elapsed=2.7 min | eta=7.6 min
[2026-08-14 18:43:59] INFO Epoch 001 | train batch=380/1418 | elapsed=2.7 min | eta=7.5 min
[2026-08-14 18:44:03] INFO Epoch 001 | train batch=390/1418 | elapsed=2.8 min | eta=7.4 min
[2026-08-14 18:44:08] INFO Epoch 001 | train batch=400/1418 | elapsed=2.9 min | eta=7.4 min
[2026-08-14 18:44:12] INFO Epoch 001 | train batch=410/1418 | elapsed=3.0 min | eta=7.3 min
[2026-08-14 18:44:16] INFO Epoch 001 | train batch=420/1418 | elapsed=3.0 min | eta=7.2 min
[2026-08-14 18:44:20] INFO Epoch 001 | train batch=430/1418 | elapsed=3.1 min | eta=7.1 min
[2026-08-14 18:44:24] INFO Epoch 001 | train batch=440/1418 | elapsed=3.2 min | eta=7.1 min
[2026-08-14 18:44:29] INFO Epoch 001 | train batch=450/1418 | elapsed=3.2 min | eta=7.0 min
[2026-08-14 18:44:33] INFO Epoch 001 | train batch=460/1418 | elapsed=3.3 min | eta=6.9 min
[2026-08-14 18:44:37] INFO Epoch 001 | train batch=470/1418 | elapsed=3.4 min | eta=6.8 min
[2026-08-14 18:44:41] INFO Epoch 001 | train batch=480/1418 | elapsed=3.5 min | eta=6.8 min
[2026-08-14 18:44:46] INFO Epoch 001 | train batch=490/1418 | elapsed=3.5 min | eta=6.7 min
[2026-08-14 18:44:50] INFO Epoch 001 | train batch=500/1418 | elapsed=3.6 min | eta=6.6 min
[2026-08-14 18:44:55] INFO Epoch 001 | train batch=510/1418 | elapsed=3.7 min | eta=6.6 min
[2026-08-14 18:44:59] INFO Epoch 001 | train batch=520/1418 | elapsed=3.8 min | eta=6.5 min
[2026-08-14 18:45:03] INFO Epoch 001 | train batch=530/1418 | elapsed=3.8 min | eta=6.4 min
[2026-08-14 18:45:07] INFO Epoch 001 | train batch=540/1418 | elapsed=3.9 min | eta=6.3 min
[2026-08-14 18:45:12] INFO Epoch 001 | train batch=550/1418 | elapsed=4.0 min | eta=6.3 min
[2026-08-14 18:45:16] INFO Epoch 001 | train batch=560/1418 | elapsed=4.0 min | eta=6.2 min
[2026-08-14 18:45:20] INFO Epoch 001 | train batch=570/1418 | elapsed=4.1 min | eta=6.1 min
[2026-08-14 18:45:25] INFO Epoch 001 | train batch=580/1418 | elapsed=4.2 min | eta=6.0 min
[2026-08-14 18:45:30] INFO Epoch 001 | train batch=590/1418 | elapsed=4.3 min | eta=6.0 min
[2026-08-14 18:45:34] INFO Epoch 001 | train batch=600/1418 | elapsed=4.3 min | eta=5.9 min
[2026-08-14 18:45:38] INFO Epoch 001 | train batch=610/1418 | elapsed=4.4 min | eta=5.8 min
[2026-08-14 18:45:43] INFO Epoch 001 | train batch=620/1418 | elapsed=4.5 min | eta=5.8 min
[2026-08-14 18:45:47] INFO Epoch 001 | train batch=630/1418 | elapsed=4.6 min | eta=5.7 min
[2026-08-14 18:45:51] INFO Epoch 001 | train batch=640/1418 | elapsed=4.6 min | eta=5.6 min
[2026-08-14 18:45:56] INFO Epoch 001 | train batch=650/1418 | elapsed=4.7 min | eta=5.6 min
[2026-08-14 18:46:00] INFO Epoch 001 | train batch=660/1418 | elapsed=4.8 min | eta=5.5 min
[2026-08-14 18:46:04] INFO Epoch 001 | train batch=670/1418 | elapsed=4.8 min | eta=5.4 min
[2026-08-14 18:46:09] INFO Epoch 001 | train batch=680/1418 | elapsed=4.9 min | eta=5.3 min
[2026-08-14 18:46:13] INFO Epoch 001 | train batch=690/1418 | elapsed=5.0 min | eta=5.3 min
[2026-08-14 18:46:18] INFO Epoch 001 | train batch=700/1418 | elapsed=5.1 min | eta=5.2 min
[2026-08-14 18:46:23] INFO Epoch 001 | train batch=710/1418 | elapsed=5.1 min | eta=5.1 min
[2026-08-14 18:46:27] INFO Epoch 001 | train batch=720/1418 | elapsed=5.2 min | eta=5.1 min
[2026-08-14 18:46:31] INFO Epoch 001 | train batch=730/1418 | elapsed=5.3 min | eta=5.0 min
[2026-08-14 18:46:36] INFO Epoch 001 | train batch=740/1418 | elapsed=5.4 min | eta=4.9 min
[2026-08-14 18:46:41] INFO Epoch 001 | train batch=750/1418 | elapsed=5.4 min | eta=4.9 min
[2026-08-14 18:46:45] INFO Epoch 001 | train batch=760/1418 | elapsed=5.5 min | eta=4.8 min
[2026-08-14 18:46:49] INFO Epoch 001 | train batch=770/1418 | elapsed=5.6 min | eta=4.7 min
[2026-08-14 18:46:54] INFO Epoch 001 | train batch=780/1418 | elapsed=5.7 min | eta=4.6 min
[2026-08-14 18:46:58] INFO Epoch 001 | train batch=790/1418 | elapsed=5.7 min | eta=4.6 min
[2026-08-14 18:47:03] INFO Epoch 001 | train batch=800/1418 | elapsed=5.8 min | eta=4.5 min
[2026-08-14 18:47:07] INFO Epoch 001 | train batch=810/1418 | elapsed=5.9 min | eta=4.4 min
[2026-08-14 18:47:12] INFO Epoch 001 | train batch=820/1418 | elapsed=6.0 min | eta=4.3 min
[2026-08-14 18:47:16] INFO Epoch 001 | train batch=830/1418 | elapsed=6.0 min | eta=4.3 min
[2026-08-14 18:47:21] INFO Epoch 001 | train batch=840/1418 | elapsed=6.1 min | eta=4.2 min
[2026-08-14 18:47:25] INFO Epoch 001 | train batch=850/1418 | elapsed=6.2 min | eta=4.1 min
[2026-08-14 18:47:29] INFO Epoch 001 | train batch=860/1418 | elapsed=6.3 min | eta=4.1 min
[2026-08-14 18:47:33] INFO Epoch 001 | train batch=870/1418 | elapsed=6.3 min | eta=4.0 min
[2026-08-14 18:47:38] INFO Epoch 001 | train batch=880/1418 | elapsed=6.4 min | eta=3.9 min
[2026-08-14 18:47:42] INFO Epoch 001 | train batch=890/1418 | elapsed=6.5 min | eta=3.8 min
[2026-08-14 18:47:46] INFO Epoch 001 | train batch=900/1418 | elapsed=6.5 min | eta=3.8 min
[2026-08-14 18:47:51] INFO Epoch 001 | train batch=910/1418 | elapsed=6.6 min | eta=3.7 min
[2026-08-14 18:47:55] INFO Epoch 001 | train batch=920/1418 | elapsed=6.7 min | eta=3.6 min
[2026-08-14 18:48:00] INFO Epoch 001 | train batch=930/1418 | elapsed=6.8 min | eta=3.6 min
[2026-08-14 18:48:04] INFO Epoch 001 | train batch=940/1418 | elapsed=6.8 min | eta=3.5 min
[2026-08-14 18:48:08] INFO Epoch 001 | train batch=950/1418 | elapsed=6.9 min | eta=3.4 min
[2026-08-14 18:48:13] INFO Epoch 001 | train batch=960/1418 | elapsed=7.0 min | eta=3.3 min
[2026-08-14 18:48:17] INFO Epoch 001 | train batch=970/1418 | elapsed=7.1 min | eta=3.3 min
[2026-08-14 18:48:21] INFO Epoch 001 | train batch=980/1418 | elapsed=7.1 min | eta=3.2 min
[2026-08-14 18:48:26] INFO Epoch 001 | train batch=990/1418 | elapsed=7.2 min | eta=3.1 min
[2026-08-14 18:48:30] INFO Epoch 001 | train batch=1000/1418 | elapsed=7.3 min | eta=3.0 min
[2026-08-14 18:48:34] INFO Epoch 001 | train batch=1010/1418 | elapsed=7.3 min | eta=3.0 min
[2026-08-14 18:48:38] INFO Epoch 001 | train batch=1020/1418 | elapsed=7.4 min | eta=2.9 min
[2026-08-14 18:48:43] INFO Epoch 001 | train batch=1030/1418 | elapsed=7.5 min | eta=2.8 min
[2026-08-14 18:48:47] INFO Epoch 001 | train batch=1040/1418 | elapsed=7.6 min | eta=2.7 min
[2026-08-14 18:48:51] INFO Epoch 001 | train batch=1050/1418 | elapsed=7.6 min | eta=2.7 min
[2026-08-14 18:48:56] INFO Epoch 001 | train batch=1060/1418 | elapsed=7.7 min | eta=2.6 min
[2026-08-14 18:49:00] INFO Epoch 001 | train batch=1070/1418 | elapsed=7.8 min | eta=2.5 min
[2026-08-14 18:49:05] INFO Epoch 001 | train batch=1080/1418 | elapsed=7.9 min | eta=2.5 min
[2026-08-14 18:49:09] INFO Epoch 001 | train batch=1090/1418 | elapsed=7.9 min | eta=2.4 min
[2026-08-14 18:49:14] INFO Epoch 001 | train batch=1100/1418 | elapsed=8.0 min | eta=2.3 min
[2026-08-14 18:49:18] INFO Epoch 001 | train batch=1110/1418 | elapsed=8.1 min | eta=2.2 min
[2026-08-14 18:49:22] INFO Epoch 001 | train batch=1120/1418 | elapsed=8.1 min | eta=2.2 min
[2026-08-14 18:49:27] INFO Epoch 001 | train batch=1130/1418 | elapsed=8.2 min | eta=2.1 min
[2026-08-14 18:49:31] INFO Epoch 001 | train batch=1140/1418 | elapsed=8.3 min | eta=2.0 min
[2026-08-14 18:49:35] INFO Epoch 001 | train batch=1150/1418 | elapsed=8.4 min | eta=1.9 min
[2026-08-14 18:49:40] INFO Epoch 001 | train batch=1160/1418 | elapsed=8.4 min | eta=1.9 min
[2026-08-14 18:49:44] INFO Epoch 001 | train batch=1170/1418 | elapsed=8.5 min | eta=1.8 min
[2026-08-14 18:49:48] INFO Epoch 001 | train batch=1180/1418 | elapsed=8.6 min | eta=1.7 min
[2026-08-14 18:49:52] INFO Epoch 001 | train batch=1190/1418 | elapsed=8.6 min | eta=1.7 min
[2026-08-14 18:49:56] INFO Epoch 001 | train batch=1200/1418 | elapsed=8.7 min | eta=1.6 min
[2026-08-14 18:50:01] INFO Epoch 001 | train batch=1210/1418 | elapsed=8.8 min | eta=1.5 min
[2026-08-14 18:50:05] INFO Epoch 001 | train batch=1220/1418 | elapsed=8.9 min | eta=1.4 min
[2026-08-14 18:50:09] INFO Epoch 001 | train batch=1230/1418 | elapsed=8.9 min | eta=1.4 min
[2026-08-14 18:50:14] INFO Epoch 001 | train batch=1240/1418 | elapsed=9.0 min | eta=1.3 min
[2026-08-14 18:50:18] INFO Epoch 001 | train batch=1250/1418 | elapsed=9.1 min | eta=1.2 min
[2026-08-14 18:50:22] INFO Epoch 001 | train batch=1260/1418 | elapsed=9.1 min | eta=1.1 min
[2026-08-14 18:50:26] INFO Epoch 001 | train batch=1270/1418 | elapsed=9.2 min | eta=1.1 min
[2026-08-14 18:50:31] INFO Epoch 001 | train batch=1280/1418 | elapsed=9.3 min | eta=1.0 min
[2026-08-14 18:50:35] INFO Epoch 001 | train batch=1290/1418 | elapsed=9.4 min | eta=0.9 min
[2026-08-14 18:50:39] INFO Epoch 001 | train batch=1300/1418 | elapsed=9.4 min | eta=0.9 min
[2026-08-14 18:50:44] INFO Epoch 001 | train batch=1310/1418 | elapsed=9.5 min | eta=0.8 min
[2026-08-14 18:50:48] INFO Epoch 001 | train batch=1320/1418 | elapsed=9.6 min | eta=0.7 min
[2026-08-14 18:50:52] INFO Epoch 001 | train batch=1330/1418 | elapsed=9.6 min | eta=0.6 min
[2026-08-14 18:50:57] INFO Epoch 001 | train batch=1340/1418 | elapsed=9.7 min | eta=0.6 min
[2026-08-14 18:51:01] INFO Epoch 001 | train batch=1350/1418 | elapsed=9.8 min | eta=0.5 min
[2026-08-14 18:51:05] INFO Epoch 001 | train batch=1360/1418 | elapsed=9.9 min | eta=0.4 min
[2026-08-14 18:51:09] INFO Epoch 001 | train batch=1370/1418 | elapsed=9.9 min | eta=0.3 min
[2026-08-14 18:51:14] INFO Epoch 001 | train batch=1380/1418 | elapsed=10.0 min | eta=0.3 min
[2026-08-14 18:51:18] INFO Epoch 001 | train batch=1390/1418 | elapsed=10.1 min | eta=0.2 min
[2026-08-14 18:51:22] INFO Epoch 001 | train batch=1400/1418 | elapsed=10.1 min | eta=0.1 min
[2026-08-14 18:51:27] INFO Epoch 001 | train batch=1410/1418 | elapsed=10.2 min | eta=0.1 min
[2026-08-14 18:51:30] INFO Epoch 001 | train batch=1418/1418 | elapsed=10.3 min | eta=0.0 min
[2026-08-14 18:51:30] INFO Epoch 001 | val batch=1/188 | elapsed=0.0 min | eta=0.4 min
[2026-08-14 18:51:32] INFO Epoch 001 | val batch=10/188 | elapsed=0.0 min | eta=0.6 min
[2026-08-14 18:51:34] INFO Epoch 001 | val batch=20/188 | elapsed=0.1 min | eta=0.5 min
[2026-08-14 18:51:36] INFO Epoch 001 | val batch=30/188 | elapsed=0.1 min | eta=0.5 min
[2026-08-14 18:51:38] INFO Epoch 001 | val batch=40/188 | elapsed=0.1 min | eta=0.5 min
[2026-08-14 18:51:39] INFO Epoch 001 | val batch=50/188 | elapsed=0.2 min | eta=0.4 min
[2026-08-14 18:51:41] INFO Epoch 001 | val batch=60/188 | elapsed=0.2 min | eta=0.4 min
[2026-08-14 18:51:43] INFO Epoch 001 | val batch=70/188 | elapsed=0.2 min | eta=0.4 min
[2026-08-14 18:51:45] INFO Epoch 001 | val batch=80/188 | elapsed=0.3 min | eta=0.3 min
[2026-08-14 18:51:47] INFO Epoch 001 | val batch=90/188 | elapsed=0.3 min | eta=0.3 min
[2026-08-14 18:51:49] INFO Epoch 001 | val batch=100/188 | elapsed=0.3 min | eta=0.3 min
[2026-08-14 18:51:51] INFO Epoch 001 | val batch=110/188 | elapsed=0.3 min | eta=0.2 min
[2026-08-14 18:51:53] INFO Epoch 001 | val batch=120/188 | elapsed=0.4 min | eta=0.2 min
[2026-08-14 18:51:54] INFO Epoch 001 | val batch=130/188 | elapsed=0.4 min | eta=0.2 min
[2026-08-14 18:51:56] INFO Epoch 001 | val batch=140/188 | elapsed=0.4 min | eta=0.1 min
[2026-08-14 18:51:58] INFO Epoch 001 | val batch=150/188 | elapsed=0.5 min | eta=0.1 min
[2026-08-14 18:52:00] INFO Epoch 001 | val batch=160/188 | elapsed=0.5 min | eta=0.1 min
[2026-08-14 18:52:02] INFO Epoch 001 | val batch=170/188 | elapsed=0.5 min | eta=0.1 min
[2026-08-14 18:52:04] INFO Epoch 001 | val batch=180/188 | elapsed=0.6 min | eta=0.0 min
[2026-08-14 18:52:05] INFO Epoch 001 | val batch=188/188 | elapsed=0.6 min | eta=0.0 min
[2026-08-14 18:52:05] INFO Epoch 001 | train_total=0.586786 | val_total=0.512641 | val_mask=0.283677 | val_retrieval=2.289646 | val_profile=0.000000 | val_anchors=604396 | val_positive_pairs=0 | val_hard_negatives=0 | val_relation_candidates=7268824 | val_teacher_keff=3.787 | val_student_keff=9.422 | val_adapter_valid=0.000 | val_adapter_gate=0.000 | val_adapter_spatial_gate=0.000 | val_adapter_ratio=0.000000 | val_adapter_modulation=0.000000 | val_adapter_modulation_std=0.000000 | val_adapter_group_gate_std=0.000000 | val_adapter_low_rank=0.000000 | val_adapter_direct=0.000000 | val_masked_positions=42204974 | skipped(train/val)=0/0
[2026-08-14 18:52:05] INFO Checkpoint updated | epoch=1 | best_val=0.512641 | path=C:\Users\clw\projects\researchRep\STAnchor-BlockMemory\artifacts\metrla_e5_final_latent48_global288_seed42\pretrain_best.pt
[2026-08-14 18:52:05] INFO Relation checkpoint updated | epoch=1 | best_val_relation=2.289646 | path=C:\Users\clw\projects\researchRep\STAnchor-BlockMemory\artifacts\metrla_e5_final_latent48_global288_seed42\pretrain_best_relation.pt
[2026-08-14 18:52:05] INFO Epoch 002/050 started | train_batches=1418 | val_batches=188
[2026-08-14 18:52:06] INFO Epoch 002 | train batch=1/1418 | elapsed=0.0 min | eta=9.0 min
[2026-08-14 18:52:09] INFO Epoch 002 | train batch=10/1418 | elapsed=0.1 min | eta=9.9 min
[2026-08-14 18:52:14] INFO Epoch 002 | train batch=20/1418 | elapsed=0.1 min | eta=10.4 min
[2026-08-14 18:52:18] INFO Epoch 002 | train batch=30/1418 | elapsed=0.2 min | eta=10.2 min
[2026-08-14 18:52:23] INFO Epoch 002 | train batch=40/1418 | elapsed=0.3 min | eta=10.0 min
[2026-08-14 18:52:27] INFO Epoch 002 | train batch=50/1418 | elapsed=0.4 min | eta=9.9 min
[2026-08-14 18:52:31] INFO Epoch 002 | train batch=60/1418 | elapsed=0.4 min | eta=9.8 min
[2026-08-14 18:52:35] INFO Epoch 002 | train batch=70/1418 | elapsed=0.5 min | eta=9.7 min
[2026-08-14 18:52:40] INFO Epoch 002 | train batch=80/1418 | elapsed=0.6 min | eta=9.6 min
[2026-08-14 18:52:44] INFO Epoch 002 | train batch=90/1418 | elapsed=0.6 min | eta=9.5 min
[2026-08-14 18:52:48] INFO Epoch 002 | train batch=100/1418 | elapsed=0.7 min | eta=9.4 min
[2026-08-14 18:52:52] INFO Epoch 002 | train batch=110/1418 | elapsed=0.8 min | eta=9.4 min
[2026-08-14 18:52:57] INFO Epoch 002 | train batch=120/1418 | elapsed=0.9 min | eta=9.3 min
[2026-08-14 18:53:01] INFO Epoch 002 | train batch=130/1418 | elapsed=0.9 min | eta=9.2 min
[2026-08-14 18:53:06] INFO Epoch 002 | train batch=140/1418 | elapsed=1.0 min | eta=9.2 min
[2026-08-14 18:53:10] INFO Epoch 002 | train batch=150/1418 | elapsed=1.1 min | eta=9.2 min
[2026-08-14 18:53:15] INFO Epoch 002 | train batch=160/1418 | elapsed=1.2 min | eta=9.1 min
[2026-08-14 18:53:19] INFO Epoch 002 | train batch=170/1418 | elapsed=1.2 min | eta=9.0 min
[2026-08-14 18:53:23] INFO Epoch 002 | train batch=180/1418 | elapsed=1.3 min | eta=8.9 min
[2026-08-14 18:53:27] INFO Epoch 002 | train batch=190/1418 | elapsed=1.4 min | eta=8.9 min
[2026-08-14 18:53:31] INFO Epoch 002 | train batch=200/1418 | elapsed=1.4 min | eta=8.8 min
[2026-08-14 18:53:36] INFO Epoch 002 | train batch=210/1418 | elapsed=1.5 min | eta=8.7 min
[2026-08-14 18:53:40] INFO Epoch 002 | train batch=220/1418 | elapsed=1.6 min | eta=8.6 min
[2026-08-14 18:53:44] INFO Epoch 002 | train batch=230/1418 | elapsed=1.7 min | eta=8.5 min
[2026-08-14 18:53:48] INFO Epoch 002 | train batch=240/1418 | elapsed=1.7 min | eta=8.4 min
[2026-08-14 18:53:52] INFO Epoch 002 | train batch=250/1418 | elapsed=1.8 min | eta=8.3 min
[2026-08-14 18:53:57] INFO Epoch 002 | train batch=260/1418 | elapsed=1.9 min | eta=8.3 min
[2026-08-14 18:54:01] INFO Epoch 002 | train batch=270/1418 | elapsed=1.9 min | eta=8.2 min
[2026-08-14 18:54:05] INFO Epoch 002 | train batch=280/1418 | elapsed=2.0 min | eta=8.1 min
[2026-08-14 18:54:10] INFO Epoch 002 | train batch=290/1418 | elapsed=2.1 min | eta=8.1 min
[2026-08-14 18:54:14] INFO Epoch 002 | train batch=300/1418 | elapsed=2.1 min | eta=8.0 min
[2026-08-14 18:54:18] INFO Epoch 002 | train batch=310/1418 | elapsed=2.2 min | eta=7.9 min
[2026-08-14 18:54:23] INFO Epoch 002 | train batch=320/1418 | elapsed=2.3 min | eta=7.9 min
[2026-08-14 18:54:27] INFO Epoch 002 | train batch=330/1418 | elapsed=2.4 min | eta=7.8 min
[2026-08-14 18:54:31] INFO Epoch 002 | train batch=340/1418 | elapsed=2.4 min | eta=7.7 min
[2026-08-14 18:54:36] INFO Epoch 002 | train batch=350/1418 | elapsed=2.5 min | eta=7.7 min
[2026-08-14 18:54:40] INFO Epoch 002 | train batch=360/1418 | elapsed=2.6 min | eta=7.6 min
[2026-08-14 18:54:44] INFO Epoch 002 | train batch=370/1418 | elapsed=2.7 min | eta=7.5 min
[2026-08-14 18:54:49] INFO Epoch 002 | train batch=380/1418 | elapsed=2.7 min | eta=7.4 min
[2026-08-14 18:54:53] INFO Epoch 002 | train batch=390/1418 | elapsed=2.8 min | eta=7.4 min
[2026-08-14 18:54:57] INFO Epoch 002 | train batch=400/1418 | elapsed=2.9 min | eta=7.3 min
[2026-08-14 18:55:02] INFO Epoch 002 | train batch=410/1418 | elapsed=2.9 min | eta=7.2 min
[2026-08-14 18:55:06] INFO Epoch 002 | train batch=420/1418 | elapsed=3.0 min | eta=7.2 min
[2026-08-14 18:55:10] INFO Epoch 002 | train batch=430/1418 | elapsed=3.1 min | eta=7.1 min
[2026-08-14 18:55:15] INFO Epoch 002 | train batch=440/1418 | elapsed=3.2 min | eta=7.0 min
[2026-08-14 18:55:19] INFO Epoch 002 | train batch=450/1418 | elapsed=3.2 min | eta=7.0 min
[2026-08-14 18:55:24] INFO Epoch 002 | train batch=460/1418 | elapsed=3.3 min | eta=6.9 min
[2026-08-14 18:55:28] INFO Epoch 002 | train batch=470/1418 | elapsed=3.4 min | eta=6.8 min
[2026-08-14 18:55:33] INFO Epoch 002 | train batch=480/1418 | elapsed=3.5 min | eta=6.8 min
[2026-08-14 18:55:36] INFO Epoch 002 | train batch=490/1418 | elapsed=3.5 min | eta=6.7 min
[2026-08-14 18:55:41] INFO Epoch 002 | train batch=500/1418 | elapsed=3.6 min | eta=6.6 min
[2026-08-14 18:55:45] INFO Epoch 002 | train batch=510/1418 | elapsed=3.7 min | eta=6.5 min
[2026-08-14 18:55:49] INFO Epoch 002 | train batch=520/1418 | elapsed=3.7 min | eta=6.5 min
[2026-08-14 18:55:54] INFO Epoch 002 | train batch=530/1418 | elapsed=3.8 min | eta=6.4 min
[2026-08-14 18:55:58] INFO Epoch 002 | train batch=540/1418 | elapsed=3.9 min | eta=6.3 min
[2026-08-14 18:56:02] INFO Epoch 002 | train batch=550/1418 | elapsed=4.0 min | eta=6.2 min
[2026-08-14 18:56:07] INFO Epoch 002 | train batch=560/1418 | elapsed=4.0 min | eta=6.2 min
[2026-08-14 18:56:12] INFO Epoch 002 | train batch=570/1418 | elapsed=4.1 min | eta=6.1 min
[2026-08-14 18:56:16] INFO Epoch 002 | train batch=580/1418 | elapsed=4.2 min | eta=6.0 min
[2026-08-14 18:56:20] INFO Epoch 002 | train batch=590/1418 | elapsed=4.3 min | eta=6.0 min
[2026-08-14 18:56:24] INFO Epoch 002 | train batch=600/1418 | elapsed=4.3 min | eta=5.9 min
[2026-08-14 18:56:29] INFO Epoch 002 | train batch=610/1418 | elapsed=4.4 min | eta=5.8 min
[2026-08-14 18:56:33] INFO Epoch 002 | train batch=620/1418 | elapsed=4.5 min | eta=5.8 min
[2026-08-14 18:56:38] INFO Epoch 002 | train batch=630/1418 | elapsed=4.5 min | eta=5.7 min
[2026-08-14 18:56:42] INFO Epoch 002 | train batch=640/1418 | elapsed=4.6 min | eta=5.6 min
[2026-08-14 18:56:47] INFO Epoch 002 | train batch=650/1418 | elapsed=4.7 min | eta=5.5 min
[2026-08-14 18:56:51] INFO Epoch 002 | train batch=660/1418 | elapsed=4.8 min | eta=5.5 min
[2026-08-14 18:56:55] INFO Epoch 002 | train batch=670/1418 | elapsed=4.8 min | eta=5.4 min
[2026-08-14 18:57:00] INFO Epoch 002 | train batch=680/1418 | elapsed=4.9 min | eta=5.3 min
[2026-08-14 18:57:04] INFO Epoch 002 | train batch=690/1418 | elapsed=5.0 min | eta=5.3 min
[2026-08-14 18:57:08] INFO Epoch 002 | train batch=700/1418 | elapsed=5.1 min | eta=5.2 min
[2026-08-14 18:57:13] INFO Epoch 002 | train batch=710/1418 | elapsed=5.1 min | eta=5.1 min
[2026-08-14 18:57:17] INFO Epoch 002 | train batch=720/1418 | elapsed=5.2 min | eta=5.0 min
[2026-08-14 18:57:21] INFO Epoch 002 | train batch=730/1418 | elapsed=5.3 min | eta=5.0 min
[2026-08-14 18:57:26] INFO Epoch 002 | train batch=740/1418 | elapsed=5.3 min | eta=4.9 min
[2026-08-14 18:57:30] INFO Epoch 002 | train batch=750/1418 | elapsed=5.4 min | eta=4.8 min
[2026-08-14 18:57:34] INFO Epoch 002 | train batch=760/1418 | elapsed=5.5 min | eta=4.7 min
[2026-08-14 18:57:39] INFO Epoch 002 | train batch=770/1418 | elapsed=5.6 min | eta=4.7 min
[2026-08-14 18:57:43] INFO Epoch 002 | train batch=780/1418 | elapsed=5.6 min | eta=4.6 min
[2026-08-14 18:57:47] INFO Epoch 002 | train batch=790/1418 | elapsed=5.7 min | eta=4.5 min
[2026-08-14 18:57:51] INFO Epoch 002 | train batch=800/1418 | elapsed=5.8 min | eta=4.5 min
[2026-08-14 18:57:56] INFO Epoch 002 | train batch=810/1418 | elapsed=5.8 min | eta=4.4 min
[2026-08-14 18:58:00] INFO Epoch 002 | train batch=820/1418 | elapsed=5.9 min | eta=4.3 min
[2026-08-14 18:58:04] INFO Epoch 002 | train batch=830/1418 | elapsed=6.0 min | eta=4.2 min
[2026-08-14 18:58:09] INFO Epoch 002 | train batch=840/1418 | elapsed=6.1 min | eta=4.2 min
[2026-08-14 18:58:13] INFO Epoch 002 | train batch=850/1418 | elapsed=6.1 min | eta=4.1 min
[2026-08-14 18:58:18] INFO Epoch 002 | train batch=860/1418 | elapsed=6.2 min | eta=4.0 min
[2026-08-14 18:58:22] INFO Epoch 002 | train batch=870/1418 | elapsed=6.3 min | eta=4.0 min
[2026-08-14 18:58:26] INFO Epoch 002 | train batch=880/1418 | elapsed=6.4 min | eta=3.9 min
[2026-08-14 18:58:31] INFO Epoch 002 | train batch=890/1418 | elapsed=6.4 min | eta=3.8 min
[2026-08-14 18:58:35] INFO Epoch 002 | train batch=900/1418 | elapsed=6.5 min | eta=3.7 min
[2026-08-14 18:58:40] INFO Epoch 002 | train batch=910/1418 | elapsed=6.6 min | eta=3.7 min
[2026-08-14 18:58:44] INFO Epoch 002 | train batch=920/1418 | elapsed=6.6 min | eta=3.6 min
[2026-08-14 18:58:48] INFO Epoch 002 | train batch=930/1418 | elapsed=6.7 min | eta=3.5 min
[2026-08-14 18:58:52] INFO Epoch 002 | train batch=940/1418 | elapsed=6.8 min | eta=3.5 min
[2026-08-14 18:58:57] INFO Epoch 002 | train batch=950/1418 | elapsed=6.9 min | eta=3.4 min
[2026-08-14 18:59:01] INFO Epoch 002 | train batch=960/1418 | elapsed=6.9 min | eta=3.3 min
[2026-08-14 18:59:06] INFO Epoch 002 | train batch=970/1418 | elapsed=7.0 min | eta=3.2 min
[2026-08-14 18:59:10] INFO Epoch 002 | train batch=980/1418 | elapsed=7.1 min | eta=3.2 min
[2026-08-14 18:59:14] INFO Epoch 002 | train batch=990/1418 | elapsed=7.2 min | eta=3.1 min
[2026-08-14 18:59:19] INFO Epoch 002 | train batch=1000/1418 | elapsed=7.2 min | eta=3.0 min
[2026-08-14 18:59:23] INFO Epoch 002 | train batch=1010/1418 | elapsed=7.3 min | eta=2.9 min
[2026-08-14 18:59:27] INFO Epoch 002 | train batch=1020/1418 | elapsed=7.4 min | eta=2.9 min
[2026-08-14 18:59:32] INFO Epoch 002 | train batch=1030/1418 | elapsed=7.4 min | eta=2.8 min
[2026-08-14 18:59:36] INFO Epoch 002 | train batch=1040/1418 | elapsed=7.5 min | eta=2.7 min
[2026-08-14 18:59:40] INFO Epoch 002 | train batch=1050/1418 | elapsed=7.6 min | eta=2.7 min
[2026-08-14 18:59:45] INFO Epoch 002 | train batch=1060/1418 | elapsed=7.7 min | eta=2.6 min
[2026-08-14 18:59:49] INFO Epoch 002 | train batch=1070/1418 | elapsed=7.7 min | eta=2.5 min
[2026-08-14 18:59:54] INFO Epoch 002 | train batch=1080/1418 | elapsed=7.8 min | eta=2.4 min
[2026-08-14 18:59:58] INFO Epoch 002 | train batch=1090/1418 | elapsed=7.9 min | eta=2.4 min
[2026-08-14 19:00:02] INFO Epoch 002 | train batch=1100/1418 | elapsed=8.0 min | eta=2.3 min
[2026-08-14 19:00:07] INFO Epoch 002 | train batch=1110/1418 | elapsed=8.0 min | eta=2.2 min
[2026-08-14 19:00:11] INFO Epoch 002 | train batch=1120/1418 | elapsed=8.1 min | eta=2.2 min
[2026-08-14 19:00:15] INFO Epoch 002 | train batch=1130/1418 | elapsed=8.2 min | eta=2.1 min
[2026-08-14 19:00:19] INFO Epoch 002 | train batch=1140/1418 | elapsed=8.2 min | eta=2.0 min
[2026-08-14 19:00:24] INFO Epoch 002 | train batch=1150/1418 | elapsed=8.3 min | eta=1.9 min
[2026-08-14 19:00:28] INFO Epoch 002 | train batch=1160/1418 | elapsed=8.4 min | eta=1.9 min
[2026-08-14 19:00:32] INFO Epoch 002 | train batch=1170/1418 | elapsed=8.5 min | eta=1.8 min
[2026-08-14 19:00:36] INFO Epoch 002 | train batch=1180/1418 | elapsed=8.5 min | eta=1.7 min
[2026-08-14 19:00:41] INFO Epoch 002 | train batch=1190/1418 | elapsed=8.6 min | eta=1.6 min
[2026-08-14 19:00:45] INFO Epoch 002 | train batch=1200/1418 | elapsed=8.7 min | eta=1.6 min
[2026-08-14 19:00:49] INFO Epoch 002 | train batch=1210/1418 | elapsed=8.7 min | eta=1.5 min
[2026-08-14 19:00:54] INFO Epoch 002 | train batch=1220/1418 | elapsed=8.8 min | eta=1.4 min
[2026-08-14 19:00:58] INFO Epoch 002 | train batch=1230/1418 | elapsed=8.9 min | eta=1.4 min
[2026-08-14 19:01:02] INFO Epoch 002 | train batch=1240/1418 | elapsed=8.9 min | eta=1.3 min
[2026-08-14 19:01:06] INFO Epoch 002 | train batch=1250/1418 | elapsed=9.0 min | eta=1.2 min
[2026-08-14 19:01:10] INFO Epoch 002 | train batch=1260/1418 | elapsed=9.1 min | eta=1.1 min
[2026-08-14 19:01:15] INFO Epoch 002 | train batch=1270/1418 | elapsed=9.2 min | eta=1.1 min
[2026-08-14 19:01:19] INFO Epoch 002 | train batch=1280/1418 | elapsed=9.2 min | eta=1.0 min
[2026-08-14 19:01:24] INFO Epoch 002 | train batch=1290/1418 | elapsed=9.3 min | eta=0.9 min
[2026-08-14 19:01:28] INFO Epoch 002 | train batch=1300/1418 | elapsed=9.4 min | eta=0.9 min
[2026-08-14 19:01:33] INFO Epoch 002 | train batch=1310/1418 | elapsed=9.5 min | eta=0.8 min
[2026-08-14 19:01:37] INFO Epoch 002 | train batch=1320/1418 | elapsed=9.5 min | eta=0.7 min
[2026-08-14 19:01:41] INFO Epoch 002 | train batch=1330/1418 | elapsed=9.6 min | eta=0.6 min
[2026-08-14 19:01:46] INFO Epoch 002 | train batch=1340/1418 | elapsed=9.7 min | eta=0.6 min
[2026-08-14 19:01:50] INFO Epoch 002 | train batch=1350/1418 | elapsed=9.7 min | eta=0.5 min
[2026-08-14 19:01:54] INFO Epoch 002 | train batch=1360/1418 | elapsed=9.8 min | eta=0.4 min
[2026-08-14 19:01:59] INFO Epoch 002 | train batch=1370/1418 | elapsed=9.9 min | eta=0.3 min
[2026-08-14 19:02:03] INFO Epoch 002 | train batch=1380/1418 | elapsed=10.0 min | eta=0.3 min
[2026-08-14 19:02:07] INFO Epoch 002 | train batch=1390/1418 | elapsed=10.0 min | eta=0.2 min
[2026-08-14 19:02:12] INFO Epoch 002 | train batch=1400/1418 | elapsed=10.1 min | eta=0.1 min
[2026-08-14 19:02:16] INFO Epoch 002 | train batch=1410/1418 | elapsed=10.2 min | eta=0.1 min
[2026-08-14 19:02:19] INFO Epoch 002 | train batch=1418/1418 | elapsed=10.2 min | eta=0.0 min
[2026-08-14 19:02:19] INFO Epoch 002 | val batch=1/188 | elapsed=0.0 min | eta=0.4 min
[2026-08-14 19:02:21] INFO Epoch 002 | val batch=10/188 | elapsed=0.0 min | eta=0.6 min
[2026-08-14 19:02:23] INFO Epoch 002 | val batch=20/188 | elapsed=0.1 min | eta=0.5 min
[2026-08-14 19:02:25] INFO Epoch 002 | val batch=30/188 | elapsed=0.1 min | eta=0.5 min
[2026-08-14 19:02:27] INFO Epoch 002 | val batch=40/188 | elapsed=0.1 min | eta=0.5 min
[2026-08-14 19:02:29] INFO Epoch 002 | val batch=50/188 | elapsed=0.2 min | eta=0.4 min
[2026-08-14 19:02:30] INFO Epoch 002 | val batch=60/188 | elapsed=0.2 min | eta=0.4 min
[2026-08-14 19:02:32] INFO Epoch 002 | val batch=70/188 | elapsed=0.2 min | eta=0.4 min
[2026-08-14 19:02:34] INFO Epoch 002 | val batch=80/188 | elapsed=0.2 min | eta=0.3 min
[2026-08-14 19:02:36] INFO Epoch 002 | val batch=90/188 | elapsed=0.3 min | eta=0.3 min
[2026-08-14 19:02:38] INFO Epoch 002 | val batch=100/188 | elapsed=0.3 min | eta=0.3 min
[2026-08-14 19:02:40] INFO Epoch 002 | val batch=110/188 | elapsed=0.3 min | eta=0.2 min
[2026-08-14 19:02:42] INFO Epoch 002 | val batch=120/188 | elapsed=0.4 min | eta=0.2 min
[2026-08-14 19:02:44] INFO Epoch 002 | val batch=130/188 | elapsed=0.4 min | eta=0.2 min
[2026-08-14 19:02:45] INFO Epoch 002 | val batch=140/188 | elapsed=0.4 min | eta=0.1 min
[2026-08-14 19:02:47] INFO Epoch 002 | val batch=150/188 | elapsed=0.5 min | eta=0.1 min
[2026-08-14 19:02:49] INFO Epoch 002 | val batch=160/188 | elapsed=0.5 min | eta=0.1 min
[2026-08-14 19:02:51] INFO Epoch 002 | val batch=170/188 | elapsed=0.5 min | eta=0.1 min
[2026-08-14 19:02:53] INFO Epoch 002 | val batch=180/188 | elapsed=0.6 min | eta=0.0 min
[2026-08-14 19:02:54] INFO Epoch 002 | val batch=188/188 | elapsed=0.6 min | eta=0.0 min
[2026-08-14 19:02:54] INFO Epoch 002 | train_total=0.536678 | val_total=0.490335 | val_mask=0.264875 | val_retrieval=2.254601 | val_profile=0.000000 | val_anchors=604396 | val_positive_pairs=0 | val_hard_negatives=0 | val_relation_candidates=7268824 | val_teacher_keff=3.787 | val_student_keff=8.863 | val_adapter_valid=0.000 | val_adapter_gate=0.000 | val_adapter_spatial_gate=0.000 | val_adapter_ratio=0.000000 | val_adapter_modulation=0.000000 | val_adapter_modulation_std=0.000000 | val_adapter_group_gate_std=0.000000 | val_adapter_low_rank=0.000000 | val_adapter_direct=0.000000 | val_masked_positions=42178385 | skipped(train/val)=0/0
[2026-08-14 19:02:54] INFO Checkpoint updated | epoch=2 | best_val=0.490335 | path=C:\Users\clw\projects\researchRep\STAnchor-BlockMemory\artifacts\metrla_e5_final_latent48_global288_seed42\pretrain_best.pt
[2026-08-14 19:02:54] INFO Relation checkpoint updated | epoch=2 | best_val_relation=2.254601 | path=C:\Users\clw\projects\researchRep\STAnchor-BlockMemory\artifacts\metrla_e5_final_latent48_global288_seed42\pretrain_best_relation.pt
[2026-08-14 19:02:54] INFO Epoch 003/050 started | train_batches=1418 | val_batches=188
[2026-08-14 19:02:55] INFO Epoch 003 | train batch=1/1418 | elapsed=0.0 min | eta=11.5 min
[2026-08-14 19:02:59] INFO Epoch 003 | train batch=10/1418 | elapsed=0.1 min | eta=10.4 min
[2026-08-14 19:03:03] INFO Epoch 003 | train batch=20/1418 | elapsed=0.1 min | eta=10.2 min
[2026-08-14 19:03:07] INFO Epoch 003 | train batch=30/1418 | elapsed=0.2 min | eta=10.2 min
[2026-08-14 19:03:12] INFO Epoch 003 | train batch=40/1418 | elapsed=0.3 min | eta=10.1 min
[2026-08-14 19:03:17] INFO Epoch 003 | train batch=50/1418 | elapsed=0.4 min | eta=10.2 min
[2026-08-14 19:03:21] INFO Epoch 003 | train batch=60/1418 | elapsed=0.4 min | eta=10.1 min
[2026-08-14 19:03:25] INFO Epoch 003 | train batch=70/1418 | elapsed=0.5 min | eta=10.0 min
[2026-08-14 19:03:30] INFO Epoch 003 | train batch=80/1418 | elapsed=0.6 min | eta=9.9 min
[2026-08-14 19:03:34] INFO Epoch 003 | train batch=90/1418 | elapsed=0.7 min | eta=9.9 min
[2026-08-14 19:03:38] INFO Epoch 003 | train batch=100/1418 | elapsed=0.7 min | eta=9.7 min
[2026-08-14 19:03:43] INFO Epoch 003 | train batch=110/1418 | elapsed=0.8 min | eta=9.7 min
[2026-08-14 19:03:47] INFO Epoch 003 | train batch=120/1418 | elapsed=0.9 min | eta=9.5 min
[2026-08-14 19:03:52] INFO Epoch 003 | train batch=130/1418 | elapsed=1.0 min | eta=9.5 min
[2026-08-14 19:03:56] INFO Epoch 003 | train batch=140/1418 | elapsed=1.0 min | eta=9.4 min
[2026-08-14 19:04:01] INFO Epoch 003 | train batch=150/1418 | elapsed=1.1 min | eta=9.4 min
[2026-08-14 19:04:05] INFO Epoch 003 | train batch=160/1418 | elapsed=1.2 min | eta=9.2 min
[2026-08-14 19:04:09] INFO Epoch 003 | train batch=170/1418 | elapsed=1.2 min | eta=9.1 min
[2026-08-14 19:04:13] INFO Epoch 003 | train batch=180/1418 | elapsed=1.3 min | eta=9.0 min
[2026-08-14 19:04:17] INFO Epoch 003 | train batch=190/1418 | elapsed=1.4 min | eta=8.9 min
[2026-08-14 19:04:21] INFO Epoch 003 | train batch=200/1418 | elapsed=1.5 min | eta=8.8 min
[2026-08-14 19:04:26] INFO Epoch 003 | train batch=210/1418 | elapsed=1.5 min | eta=8.8 min
[2026-08-14 19:04:30] INFO Epoch 003 | train batch=220/1418 | elapsed=1.6 min | eta=8.7 min
[2026-08-14 19:04:34] INFO Epoch 003 | train batch=230/1418 | elapsed=1.7 min | eta=8.6 min
[2026-08-14 19:04:39] INFO Epoch 003 | train batch=240/1418 | elapsed=1.7 min | eta=8.6 min
[2026-08-14 19:04:43] INFO Epoch 003 | train batch=250/1418 | elapsed=1.8 min | eta=8.5 min
[2026-08-14 19:04:47] INFO Epoch 003 | train batch=260/1418 | elapsed=1.9 min | eta=8.4 min
[2026-08-14 19:04:52] INFO Epoch 003 | train batch=270/1418 | elapsed=2.0 min | eta=8.3 min
[2026-08-14 19:04:56] INFO Epoch 003 | train batch=280/1418 | elapsed=2.0 min | eta=8.3 min
[2026-08-14 19:05:01] INFO Epoch 003 | train batch=290/1418 | elapsed=2.1 min | eta=8.2 min
[2026-08-14 19:05:05] INFO Epoch 003 | train batch=300/1418 | elapsed=2.2 min | eta=8.1 min
[2026-08-14 19:05:09] INFO Epoch 003 | train batch=310/1418 | elapsed=2.2 min | eta=8.0 min
[2026-08-14 19:05:13] INFO Epoch 003 | train batch=320/1418 | elapsed=2.3 min | eta=7.9 min
[2026-08-14 19:05:18] INFO Epoch 003 | train batch=330/1418 | elapsed=2.4 min | eta=7.9 min
[2026-08-14 19:05:22] INFO Epoch 003 | train batch=340/1418 | elapsed=2.5 min | eta=7.8 min
[2026-08-14 19:05:27] INFO Epoch 003 | train batch=350/1418 | elapsed=2.5 min | eta=7.7 min
[2026-08-14 19:05:31] INFO Epoch 003 | train batch=360/1418 | elapsed=2.6 min | eta=7.7 min
[2026-08-14 19:05:35] INFO Epoch 003 | train batch=370/1418 | elapsed=2.7 min | eta=7.6 min
[2026-08-14 19:05:39] INFO Epoch 003 | train batch=380/1418 | elapsed=2.7 min | eta=7.5 min
[2026-08-14 19:05:43] INFO Epoch 003 | train batch=390/1418 | elapsed=2.8 min | eta=7.4 min
[2026-08-14 19:05:48] INFO Epoch 003 | train batch=400/1418 | elapsed=2.9 min | eta=7.4 min
[2026-08-14 19:05:52] INFO Epoch 003 | train batch=410/1418 | elapsed=3.0 min | eta=7.3 min
[2026-08-14 19:05:56] INFO Epoch 003 | train batch=420/1418 | elapsed=3.0 min | eta=7.2 min
[2026-08-14 19:06:01] INFO Epoch 003 | train batch=430/1418 | elapsed=3.1 min | eta=7.1 min
[2026-08-14 19:06:05] INFO Epoch 003 | train batch=440/1418 | elapsed=3.2 min | eta=7.1 min
[2026-08-14 19:06:09] INFO Epoch 003 | train batch=450/1418 | elapsed=3.3 min | eta=7.0 min
[2026-08-14 19:06:14] INFO Epoch 003 | train batch=460/1418 | elapsed=3.3 min | eta=6.9 min
[2026-08-14 19:06:18] INFO Epoch 003 | train batch=470/1418 | elapsed=3.4 min | eta=6.9 min
[2026-08-14 19:06:23] INFO Epoch 003 | train batch=480/1418 | elapsed=3.5 min | eta=6.8 min
[2026-08-14 19:06:27] INFO Epoch 003 | train batch=490/1418 | elapsed=3.5 min | eta=6.7 min
[2026-08-14 19:06:32] INFO Epoch 003 | train batch=500/1418 | elapsed=3.6 min | eta=6.7 min
[2026-08-14 19:06:36] INFO Epoch 003 | train batch=510/1418 | elapsed=3.7 min | eta=6.6 min
[2026-08-14 19:06:41] INFO Epoch 003 | train batch=520/1418 | elapsed=3.8 min | eta=6.5 min
[2026-08-14 19:06:45] INFO Epoch 003 | train batch=530/1418 | elapsed=3.8 min | eta=6.4 min
[2026-08-14 19:06:49] INFO Epoch 003 | train batch=540/1418 | elapsed=3.9 min | eta=6.4 min
[2026-08-14 19:06:54] INFO Epoch 003 | train batch=550/1418 | elapsed=4.0 min | eta=6.3 min
[2026-08-14 19:06:58] INFO Epoch 003 | train batch=560/1418 | elapsed=4.1 min | eta=6.2 min
[2026-08-14 19:07:02] INFO Epoch 003 | train batch=570/1418 | elapsed=4.1 min | eta=6.2 min
[2026-08-14 19:07:07] INFO Epoch 003 | train batch=580/1418 | elapsed=4.2 min | eta=6.1 min
[2026-08-14 19:07:11] INFO Epoch 003 | train batch=590/1418 | elapsed=4.3 min | eta=6.0 min
[2026-08-14 19:07:15] INFO Epoch 003 | train batch=600/1418 | elapsed=4.3 min | eta=5.9 min
[2026-08-14 19:07:20] INFO Epoch 003 | train batch=610/1418 | elapsed=4.4 min | eta=5.9 min
[2026-08-14 19:07:24] INFO Epoch 003 | train batch=620/1418 | elapsed=4.5 min | eta=5.8 min
[2026-08-14 19:07:28] INFO Epoch 003 | train batch=630/1418 | elapsed=4.6 min | eta=5.7 min
[2026-08-14 19:07:32] INFO Epoch 003 | train batch=640/1418 | elapsed=4.6 min | eta=5.6 min
[2026-08-14 19:07:37] INFO Epoch 003 | train batch=650/1418 | elapsed=4.7 min | eta=5.6 min
[2026-08-14 19:07:41] INFO Epoch 003 | train batch=660/1418 | elapsed=4.8 min | eta=5.5 min
[2026-08-14 19:07:45] INFO Epoch 003 | train batch=670/1418 | elapsed=4.9 min | eta=5.4 min
[2026-08-14 19:07:49] INFO Epoch 003 | train batch=680/1418 | elapsed=4.9 min | eta=5.3 min
[2026-08-14 19:07:54] INFO Epoch 003 | train batch=690/1418 | elapsed=5.0 min | eta=5.3 min
[2026-08-14 19:07:58] INFO Epoch 003 | train batch=700/1418 | elapsed=5.1 min | eta=5.2 min
[2026-08-14 19:08:02] INFO Epoch 003 | train batch=710/1418 | elapsed=5.1 min | eta=5.1 min
[2026-08-14 19:08:06] INFO Epoch 003 | train batch=720/1418 | elapsed=5.2 min | eta=5.0 min
[2026-08-14 19:08:11] INFO Epoch 003 | train batch=730/1418 | elapsed=5.3 min | eta=5.0 min
[2026-08-14 19:08:15] INFO Epoch 003 | train batch=740/1418 | elapsed=5.3 min | eta=4.9 min
[2026-08-14 19:08:20] INFO Epoch 003 | train batch=750/1418 | elapsed=5.4 min | eta=4.8 min
[2026-08-14 19:08:24] INFO Epoch 003 | train batch=760/1418 | elapsed=5.5 min | eta=4.8 min
[2026-08-14 19:08:28] INFO Epoch 003 | train batch=770/1418 | elapsed=5.6 min | eta=4.7 min
[2026-08-14 19:08:32] INFO Epoch 003 | train batch=780/1418 | elapsed=5.6 min | eta=4.6 min
[2026-08-14 19:08:37] INFO Epoch 003 | train batch=790/1418 | elapsed=5.7 min | eta=4.5 min
[2026-08-14 19:08:41] INFO Epoch 003 | train batch=800/1418 | elapsed=5.8 min | eta=4.5 min
[2026-08-14 19:08:46] INFO Epoch 003 | train batch=810/1418 | elapsed=5.9 min | eta=4.4 min
[2026-08-14 19:08:50] INFO Epoch 003 | train batch=820/1418 | elapsed=5.9 min | eta=4.3 min
[2026-08-14 19:08:54] INFO Epoch 003 | train batch=830/1418 | elapsed=6.0 min | eta=4.2 min
[2026-08-14 19:08:59] INFO Epoch 003 | train batch=840/1418 | elapsed=6.1 min | eta=4.2 min
[2026-08-14 19:09:03] INFO Epoch 003 | train batch=850/1418 | elapsed=6.1 min | eta=4.1 min
[2026-08-14 19:09:07] INFO Epoch 003 | train batch=860/1418 | elapsed=6.2 min | eta=4.0 min
[2026-08-14 19:09:12] INFO Epoch 003 | train batch=870/1418 | elapsed=6.3 min | eta=4.0 min
[2026-08-14 19:09:16] INFO Epoch 003 | train batch=880/1418 | elapsed=6.4 min | eta=3.9 min
[2026-08-14 19:09:21] INFO Epoch 003 | train batch=890/1418 | elapsed=6.4 min | eta=3.8 min
[2026-08-14 19:09:25] INFO Epoch 003 | train batch=900/1418 | elapsed=6.5 min | eta=3.7 min
[2026-08-14 19:09:29] INFO Epoch 003 | train batch=910/1418 | elapsed=6.6 min | eta=3.7 min
[2026-08-14 19:09:34] INFO Epoch 003 | train batch=920/1418 | elapsed=6.7 min | eta=3.6 min
[2026-08-14 19:09:38] INFO Epoch 003 | train batch=930/1418 | elapsed=6.7 min | eta=3.5 min
[2026-08-14 19:09:42] INFO Epoch 003 | train batch=940/1418 | elapsed=6.8 min | eta=3.5 min
[2026-08-14 19:09:47] INFO Epoch 003 | train batch=950/1418 | elapsed=6.9 min | eta=3.4 min
[2026-08-14 19:09:51] INFO Epoch 003 | train batch=960/1418 | elapsed=6.9 min | eta=3.3 min
[2026-08-14 19:09:55] INFO Epoch 003 | train batch=970/1418 | elapsed=7.0 min | eta=3.2 min
[2026-08-14 19:09:59] INFO Epoch 003 | train batch=980/1418 | elapsed=7.1 min | eta=3.2 min
[2026-08-14 19:10:03] INFO Epoch 003 | train batch=990/1418 | elapsed=7.2 min | eta=3.1 min
[2026-08-14 19:10:08] INFO Epoch 003 | train batch=1000/1418 | elapsed=7.2 min | eta=3.0 min
[2026-08-14 19:10:13] INFO Epoch 003 | train batch=1010/1418 | elapsed=7.3 min | eta=3.0 min
[2026-08-14 19:10:17] INFO Epoch 003 | train batch=1020/1418 | elapsed=7.4 min | eta=2.9 min
[2026-08-14 19:10:21] INFO Epoch 003 | train batch=1030/1418 | elapsed=7.5 min | eta=2.8 min
[2026-08-14 19:10:26] INFO Epoch 003 | train batch=1040/1418 | elapsed=7.5 min | eta=2.7 min
[2026-08-14 19:10:30] INFO Epoch 003 | train batch=1050/1418 | elapsed=7.6 min | eta=2.7 min
[2026-08-14 19:10:35] INFO Epoch 003 | train batch=1060/1418 | elapsed=7.7 min | eta=2.6 min
[2026-08-14 19:10:40] INFO Epoch 003 | train batch=1070/1418 | elapsed=7.8 min | eta=2.5 min
[2026-08-14 19:10:44] INFO Epoch 003 | train batch=1080/1418 | elapsed=7.8 min | eta=2.5 min
[2026-08-14 19:10:49] INFO Epoch 003 | train batch=1090/1418 | elapsed=7.9 min | eta=2.4 min
[2026-08-14 19:10:53] INFO Epoch 003 | train batch=1100/1418 | elapsed=8.0 min | eta=2.3 min
[2026-08-14 19:10:57] INFO Epoch 003 | train batch=1110/1418 | elapsed=8.0 min | eta=2.2 min
[2026-08-14 19:11:01] INFO Epoch 003 | train batch=1120/1418 | elapsed=8.1 min | eta=2.2 min
[2026-08-14 19:11:06] INFO Epoch 003 | train batch=1130/1418 | elapsed=8.2 min | eta=2.1 min
[2026-08-14 19:11:10] INFO Epoch 003 | train batch=1140/1418 | elapsed=8.3 min | eta=2.0 min
[2026-08-14 19:11:14] INFO Epoch 003 | train batch=1150/1418 | elapsed=8.3 min | eta=1.9 min
[2026-08-14 19:11:18] INFO Epoch 003 | train batch=1160/1418 | elapsed=8.4 min | eta=1.9 min
[2026-08-14 19:11:23] INFO Epoch 003 | train batch=1170/1418 | elapsed=8.5 min | eta=1.8 min
[2026-08-14 19:11:27] INFO Epoch 003 | train batch=1180/1418 | elapsed=8.5 min | eta=1.7 min
[2026-08-14 19:11:31] INFO Epoch 003 | train batch=1190/1418 | elapsed=8.6 min | eta=1.7 min
[2026-08-14 19:11:36] INFO Epoch 003 | train batch=1200/1418 | elapsed=8.7 min | eta=1.6 min
[2026-08-14 19:11:40] INFO Epoch 003 | train batch=1210/1418 | elapsed=8.8 min | eta=1.5 min
[2026-08-14 19:11:44] INFO Epoch 003 | train batch=1220/1418 | elapsed=8.8 min | eta=1.4 min
[2026-08-14 19:11:49] INFO Epoch 003 | train batch=1230/1418 | elapsed=8.9 min | eta=1.4 min
[2026-08-14 19:11:53] INFO Epoch 003 | train batch=1240/1418 | elapsed=9.0 min | eta=1.3 min
[2026-08-14 19:11:57] INFO Epoch 003 | train batch=1250/1418 | elapsed=9.0 min | eta=1.2 min
[2026-08-14 19:12:02] INFO Epoch 003 | train batch=1260/1418 | elapsed=9.1 min | eta=1.1 min
[2026-08-14 19:12:06] INFO Epoch 003 | train batch=1270/1418 | elapsed=9.2 min | eta=1.1 min
[2026-08-14 19:12:10] INFO Epoch 003 | train batch=1280/1418 | elapsed=9.3 min | eta=1.0 min
[2026-08-14 19:12:15] INFO Epoch 003 | train batch=1290/1418 | elapsed=9.3 min | eta=0.9 min
[2026-08-14 19:12:19] INFO Epoch 003 | train batch=1300/1418 | elapsed=9.4 min | eta=0.9 min
[2026-08-14 19:12:23] INFO Epoch 003 | train batch=1310/1418 | elapsed=9.5 min | eta=0.8 min
[2026-08-14 19:12:28] INFO Epoch 003 | train batch=1320/1418 | elapsed=9.6 min | eta=0.7 min
[2026-08-14 19:12:32] INFO Epoch 003 | train batch=1330/1418 | elapsed=9.6 min | eta=0.6 min
[2026-08-14 19:12:36] INFO Epoch 003 | train batch=1340/1418 | elapsed=9.7 min | eta=0.6 min
[2026-08-14 19:12:40] INFO Epoch 003 | train batch=1350/1418 | elapsed=9.8 min | eta=0.5 min
[2026-08-14 19:12:45] INFO Epoch 003 | train batch=1360/1418 | elapsed=9.8 min | eta=0.4 min
[2026-08-14 19:12:49] INFO Epoch 003 | train batch=1370/1418 | elapsed=9.9 min | eta=0.3 min
[2026-08-14 19:12:53] INFO Epoch 003 | train batch=1380/1418 | elapsed=10.0 min | eta=0.3 min
[2026-08-14 19:12:58] INFO Epoch 003 | train batch=1390/1418 | elapsed=10.1 min | eta=0.2 min
[2026-08-14 19:13:02] INFO Epoch 003 | train batch=1400/1418 | elapsed=10.1 min | eta=0.1 min
[2026-08-14 19:13:06] INFO Epoch 003 | train batch=1410/1418 | elapsed=10.2 min | eta=0.1 min
[2026-08-14 19:13:10] INFO Epoch 003 | train batch=1418/1418 | elapsed=10.3 min | eta=0.0 min
[2026-08-14 19:13:10] INFO Epoch 003 | val batch=1/188 | elapsed=0.0 min | eta=0.4 min
[2026-08-14 19:13:12] INFO Epoch 003 | val batch=10/188 | elapsed=0.0 min | eta=0.6 min
[2026-08-14 19:13:14] INFO Epoch 003 | val batch=20/188 | elapsed=0.1 min | eta=0.5 min
[2026-08-14 19:13:15] INFO Epoch 003 | val batch=30/188 | elapsed=0.1 min | eta=0.5 min
[2026-08-14 19:13:17] INFO Epoch 003 | val batch=40/188 | elapsed=0.1 min | eta=0.5 min
[2026-08-14 19:13:19] INFO Epoch 003 | val batch=50/188 | elapsed=0.2 min | eta=0.4 min
[2026-08-14 19:13:21] INFO Epoch 003 | val batch=60/188 | elapsed=0.2 min | eta=0.4 min
[2026-08-14 19:13:23] INFO Epoch 003 | val batch=70/188 | elapsed=0.2 min | eta=0.4 min
[2026-08-14 19:13:25] INFO Epoch 003 | val batch=80/188 | elapsed=0.2 min | eta=0.3 min
[2026-08-14 19:13:27] INFO Epoch 003 | val batch=90/188 | elapsed=0.3 min | eta=0.3 min
[2026-08-14 19:13:29] INFO Epoch 003 | val batch=100/188 | elapsed=0.3 min | eta=0.3 min
[2026-08-14 19:13:30] INFO Epoch 003 | val batch=110/188 | elapsed=0.3 min | eta=0.2 min
[2026-08-14 19:13:32] INFO Epoch 003 | val batch=120/188 | elapsed=0.4 min | eta=0.2 min
[2026-08-14 19:13:34] INFO Epoch 003 | val batch=130/188 | elapsed=0.4 min | eta=0.2 min
[2026-08-14 19:13:36] INFO Epoch 003 | val batch=140/188 | elapsed=0.4 min | eta=0.1 min
[2026-08-14 19:13:38] INFO Epoch 003 | val batch=150/188 | elapsed=0.5 min | eta=0.1 min
[2026-08-14 19:13:40] INFO Epoch 003 | val batch=160/188 | elapsed=0.5 min | eta=0.1 min
[2026-08-14 19:13:42] INFO Epoch 003 | val batch=170/188 | elapsed=0.5 min | eta=0.1 min
[2026-08-14 19:13:44] INFO Epoch 003 | val batch=180/188 | elapsed=0.6 min | eta=0.0 min
[2026-08-14 19:13:45] INFO Epoch 003 | val batch=188/188 | elapsed=0.6 min | eta=0.0 min
[2026-08-14 19:13:45] INFO Epoch 003 | train_total=0.512960 | val_total=0.481339 | val_mask=0.257733 | val_retrieval=2.236061 | val_profile=0.000000 | val_anchors=604396 | val_positive_pairs=0 | val_hard_negatives=0 | val_relation_candidates=7268824 | val_teacher_keff=3.787 | val_student_keff=8.715 | val_adapter_valid=0.000 | val_adapter_gate=0.000 | val_adapter_spatial_gate=0.000 | val_adapter_ratio=0.000000 | val_adapter_modulation=0.000000 | val_adapter_modulation_std=0.000000 | val_adapter_group_gate_std=0.000000 | val_adapter_low_rank=0.000000 | val_adapter_direct=0.000000 | val_masked_positions=42199203 | skipped(train/val)=0/0
[2026-08-14 19:13:45] INFO Checkpoint updated | epoch=3 | best_val=0.481339 | path=C:\Users\clw\projects\researchRep\STAnchor-BlockMemory\artifacts\metrla_e5_final_latent48_global288_seed42\pretrain_best.pt
[2026-08-14 19:13:45] INFO Relation checkpoint updated | epoch=3 | best_val_relation=2.236061 | path=C:\Users\clw\projects\researchRep\STAnchor-BlockMemory\artifacts\metrla_e5_final_latent48_global288_seed42\pretrain_best_relation.pt
[2026-08-14 19:13:45] INFO Epoch 004/050 started | train_batches=1418 | val_batches=188
[2026-08-14 19:13:45] INFO Epoch 004 | train batch=1/1418 | elapsed=0.0 min | eta=9.0 min
[2026-08-14 19:13:49] INFO Epoch 004 | train batch=10/1418 | elapsed=0.1 min | eta=10.7 min
[2026-08-14 19:13:54] INFO Epoch 004 | train batch=20/1418 | elapsed=0.1 min | eta=10.4 min
[2026-08-14 19:13:58] INFO Epoch 004 | train batch=30/1418 | elapsed=0.2 min | eta=10.1 min
[2026-08-14 19:14:02] INFO Epoch 004 | train batch=40/1418 | elapsed=0.3 min | eta=10.1 min
[2026-08-14 19:14:07] INFO Epoch 004 | train batch=50/1418 | elapsed=0.4 min | eta=9.9 min
[2026-08-14 19:14:11] INFO Epoch 004 | train batch=60/1418 | elapsed=0.4 min | eta=9.8 min
[2026-08-14 19:14:15] INFO Epoch 004 | train batch=70/1418 | elapsed=0.5 min | eta=9.6 min
[2026-08-14 19:14:20] INFO Epoch 004 | train batch=80/1418 | elapsed=0.6 min | eta=9.7 min
[2026-08-14 19:14:24] INFO Epoch 004 | train batch=90/1418 | elapsed=0.7 min | eta=9.6 min
[2026-08-14 19:14:28] INFO Epoch 004 | train batch=100/1418 | elapsed=0.7 min | eta=9.5 min
[2026-08-14 19:14:33] INFO Epoch 004 | train batch=110/1418 | elapsed=0.8 min | eta=9.4 min
[2026-08-14 19:14:37] INFO Epoch 004 | train batch=120/1418 | elapsed=0.9 min | eta=9.4 min
[2026-08-14 19:14:41] INFO Epoch 004 | train batch=130/1418 | elapsed=0.9 min | eta=9.3 min
[2026-08-14 19:14:46] INFO Epoch 004 | train batch=140/1418 | elapsed=1.0 min | eta=9.3 min
[2026-08-14 19:14:50] INFO Epoch 004 | train batch=150/1418 | elapsed=1.1 min | eta=9.2 min
[2026-08-14 19:14:54] INFO Epoch 004 | train batch=160/1418 | elapsed=1.2 min | eta=9.1 min
[2026-08-14 19:14:58] INFO Epoch 004 | train batch=170/1418 | elapsed=1.2 min | eta=9.0 min
[2026-08-14 19:15:03] INFO Epoch 004 | train batch=180/1418 | elapsed=1.3 min | eta=8.9 min
[2026-08-14 19:15:07] INFO Epoch 004 | train batch=190/1418 | elapsed=1.4 min | eta=8.9 min
[2026-08-14 19:15:12] INFO Epoch 004 | train batch=200/1418 | elapsed=1.4 min | eta=8.8 min
[2026-08-14 19:15:16] INFO Epoch 004 | train batch=210/1418 | elapsed=1.5 min | eta=8.7 min
[2026-08-14 19:15:21] INFO Epoch 004 | train batch=220/1418 | elapsed=1.6 min | eta=8.7 min
[2026-08-14 19:15:25] INFO Epoch 004 | train batch=230/1418 | elapsed=1.7 min | eta=8.6 min
[2026-08-14 19:15:29] INFO Epoch 004 | train batch=240/1418 | elapsed=1.7 min | eta=8.5 min
[2026-08-14 19:15:33] INFO Epoch 004 | train batch=250/1418 | elapsed=1.8 min | eta=8.5 min
[2026-08-14 19:15:38] INFO Epoch 004 | train batch=260/1418 | elapsed=1.9 min | eta=8.4 min
[2026-08-14 19:15:42] INFO Epoch 004 | train batch=270/1418 | elapsed=2.0 min | eta=8.3 min
[2026-08-14 19:15:46] INFO Epoch 004 | train batch=280/1418 | elapsed=2.0 min | eta=8.2 min
[2026-08-14 19:15:51] INFO Epoch 004 | train batch=290/1418 | elapsed=2.1 min | eta=8.2 min
[2026-08-14 19:15:55] INFO Epoch 004 | train batch=300/1418 | elapsed=2.2 min | eta=8.1 min
[2026-08-14 19:15:59] INFO Epoch 004 | train batch=310/1418 | elapsed=2.2 min | eta=8.0 min
[2026-08-14 19:16:04] INFO Epoch 004 | train batch=320/1418 | elapsed=2.3 min | eta=7.9 min
[2026-08-14 19:16:08] INFO Epoch 004 | train batch=330/1418 | elapsed=2.4 min | eta=7.9 min
[2026-08-14 19:16:12] INFO Epoch 004 | train batch=340/1418 | elapsed=2.5 min | eta=7.8 min
[2026-08-14 19:16:17] INFO Epoch 004 | train batch=350/1418 | elapsed=2.5 min | eta=7.7 min
[2026-08-14 19:16:21] INFO Epoch 004 | train batch=360/1418 | elapsed=2.6 min | eta=7.6 min
[2026-08-14 19:16:25] INFO Epoch 004 | train batch=370/1418 | elapsed=2.7 min | eta=7.6 min
[2026-08-14 19:16:30] INFO Epoch 004 | train batch=380/1418 | elapsed=2.7 min | eta=7.5 min
[2026-08-14 19:16:34] INFO Epoch 004 | train batch=390/1418 | elapsed=2.8 min | eta=7.4 min
[2026-08-14 19:16:38] INFO Epoch 004 | train batch=400/1418 | elapsed=2.9 min | eta=7.4 min
[2026-08-14 19:16:43] INFO Epoch 004 | train batch=410/1418 | elapsed=3.0 min | eta=7.3 min
[2026-08-14 19:16:47] INFO Epoch 004 | train batch=420/1418 | elapsed=3.0 min | eta=7.2 min
[2026-08-14 19:16:51] INFO Epoch 004 | train batch=430/1418 | elapsed=3.1 min | eta=7.1 min
[2026-08-14 19:16:55] INFO Epoch 004 | train batch=440/1418 | elapsed=3.2 min | eta=7.1 min
[2026-08-14 19:16:59] INFO Epoch 004 | train batch=450/1418 | elapsed=3.2 min | eta=7.0 min
[2026-08-14 19:17:04] INFO Epoch 004 | train batch=460/1418 | elapsed=3.3 min | eta=6.9 min
[2026-08-14 19:17:08] INFO Epoch 004 | train batch=470/1418 | elapsed=3.4 min | eta=6.8 min
[2026-08-14 19:17:12] INFO Epoch 004 | train batch=480/1418 | elapsed=3.5 min | eta=6.8 min
[2026-08-14 19:17:17] INFO Epoch 004 | train batch=490/1418 | elapsed=3.5 min | eta=6.7 min
[2026-08-14 19:17:21] INFO Epoch 004 | train batch=500/1418 | elapsed=3.6 min | eta=6.6 min
[2026-08-14 19:17:25] INFO Epoch 004 | train batch=510/1418 | elapsed=3.7 min | eta=6.5 min
[2026-08-14 19:17:30] INFO Epoch 004 | train batch=520/1418 | elapsed=3.7 min | eta=6.5 min
[2026-08-14 19:17:34] INFO Epoch 004 | train batch=530/1418 | elapsed=3.8 min | eta=6.4 min
[2026-08-14 19:17:38] INFO Epoch 004 | train batch=540/1418 | elapsed=3.9 min | eta=6.3 min
[2026-08-14 19:17:43] INFO Epoch 004 | train batch=550/1418 | elapsed=4.0 min | eta=6.3 min
[2026-08-14 19:17:47] INFO Epoch 004 | train batch=560/1418 | elapsed=4.0 min | eta=6.2 min
[2026-08-14 19:17:51] INFO Epoch 004 | train batch=570/1418 | elapsed=4.1 min | eta=6.1 min
[2026-08-14 19:17:55] INFO Epoch 004 | train batch=580/1418 | elapsed=4.2 min | eta=6.0 min
[2026-08-14 19:18:00] INFO Epoch 004 | train batch=590/1418 | elapsed=4.2 min | eta=6.0 min
[2026-08-14 19:18:04] INFO Epoch 004 | train batch=600/1418 | elapsed=4.3 min | eta=5.9 min
[2026-08-14 19:18:08] INFO Epoch 004 | train batch=610/1418 | elapsed=4.4 min | eta=5.8 min
[2026-08-14 19:18:13] INFO Epoch 004 | train batch=620/1418 | elapsed=4.5 min | eta=5.7 min
[2026-08-14 19:18:17] INFO Epoch 004 | train batch=630/1418 | elapsed=4.5 min | eta=5.7 min
[2026-08-14 19:18:21] INFO Epoch 004 | train batch=640/1418 | elapsed=4.6 min | eta=5.6 min
[2026-08-14 19:18:25] INFO Epoch 004 | train batch=650/1418 | elapsed=4.7 min | eta=5.5 min
[2026-08-14 19:18:29] INFO Epoch 004 | train batch=660/1418 | elapsed=4.7 min | eta=5.4 min
[2026-08-14 19:18:34] INFO Epoch 004 | train batch=670/1418 | elapsed=4.8 min | eta=5.4 min
[2026-08-14 19:18:38] INFO Epoch 004 | train batch=680/1418 | elapsed=4.9 min | eta=5.3 min
[2026-08-14 19:18:42] INFO Epoch 004 | train batch=690/1418 | elapsed=5.0 min | eta=5.2 min
[2026-08-14 19:18:47] INFO Epoch 004 | train batch=700/1418 | elapsed=5.0 min | eta=5.2 min
[2026-08-14 19:18:51] INFO Epoch 004 | train batch=710/1418 | elapsed=5.1 min | eta=5.1 min
[2026-08-14 19:18:55] INFO Epoch 004 | train batch=720/1418 | elapsed=5.2 min | eta=5.0 min
[2026-08-14 19:19:00] INFO Epoch 004 | train batch=730/1418 | elapsed=5.2 min | eta=4.9 min
[2026-08-14 19:19:04] INFO Epoch 004 | train batch=740/1418 | elapsed=5.3 min | eta=4.9 min
[2026-08-14 19:19:08] INFO Epoch 004 | train batch=750/1418 | elapsed=5.4 min | eta=4.8 min
[2026-08-14 19:19:13] INFO Epoch 004 | train batch=760/1418 | elapsed=5.5 min | eta=4.7 min
[2026-08-14 19:19:17] INFO Epoch 004 | train batch=770/1418 | elapsed=5.5 min | eta=4.7 min
[2026-08-14 19:19:22] INFO Epoch 004 | train batch=780/1418 | elapsed=5.6 min | eta=4.6 min
[2026-08-14 19:19:26] INFO Epoch 004 | train batch=790/1418 | elapsed=5.7 min | eta=4.5 min
[2026-08-14 19:19:30] INFO Epoch 004 | train batch=800/1418 | elapsed=5.8 min | eta=4.4 min
[2026-08-14 19:19:35] INFO Epoch 004 | train batch=810/1418 | elapsed=5.8 min | eta=4.4 min
[2026-08-14 19:19:39] INFO Epoch 004 | train batch=820/1418 | elapsed=5.9 min | eta=4.3 min
[2026-08-14 19:19:43] INFO Epoch 004 | train batch=830/1418 | elapsed=6.0 min | eta=4.2 min
[2026-08-14 19:19:48] INFO Epoch 004 | train batch=840/1418 | elapsed=6.0 min | eta=4.2 min
[2026-08-14 19:19:52] INFO Epoch 004 | train batch=850/1418 | elapsed=6.1 min | eta=4.1 min
[2026-08-14 19:19:56] INFO Epoch 004 | train batch=860/1418 | elapsed=6.2 min | eta=4.0 min
[2026-08-14 19:20:01] INFO Epoch 004 | train batch=870/1418 | elapsed=6.3 min | eta=3.9 min
[2026-08-14 19:20:05] INFO Epoch 004 | train batch=880/1418 | elapsed=6.3 min | eta=3.9 min
[2026-08-14 19:20:09] INFO Epoch 004 | train batch=890/1418 | elapsed=6.4 min | eta=3.8 min
[2026-08-14 19:20:14] INFO Epoch 004 | train batch=900/1418 | elapsed=6.5 min | eta=3.7 min
[2026-08-14 19:20:18] INFO Epoch 004 | train batch=910/1418 | elapsed=6.6 min | eta=3.7 min
[2026-08-14 19:20:22] INFO Epoch 004 | train batch=920/1418 | elapsed=6.6 min | eta=3.6 min
[2026-08-14 19:20:26] INFO Epoch 004 | train batch=930/1418 | elapsed=6.7 min | eta=3.5 min
[2026-08-14 19:20:31] INFO Epoch 004 | train batch=940/1418 | elapsed=6.8 min | eta=3.4 min
[2026-08-14 19:20:35] INFO Epoch 004 | train batch=950/1418 | elapsed=6.8 min | eta=3.4 min
[2026-08-14 19:20:39] INFO Epoch 004 | train batch=960/1418 | elapsed=6.9 min | eta=3.3 min
[2026-08-14 19:20:43] INFO Epoch 004 | train batch=970/1418 | elapsed=7.0 min | eta=3.2 min
[2026-08-14 19:20:48] INFO Epoch 004 | train batch=980/1418 | elapsed=7.0 min | eta=3.1 min
[2026-08-14 19:20:52] INFO Epoch 004 | train batch=990/1418 | elapsed=7.1 min | eta=3.1 min
[2026-08-14 19:20:56] INFO Epoch 004 | train batch=1000/1418 | elapsed=7.2 min | eta=3.0 min
[2026-08-14 19:21:00] INFO Epoch 004 | train batch=1010/1418 | elapsed=7.3 min | eta=2.9 min
[2026-08-14 19:21:05] INFO Epoch 004 | train batch=1020/1418 | elapsed=7.3 min | eta=2.9 min
[2026-08-14 19:21:09] INFO Epoch 004 | train batch=1030/1418 | elapsed=7.4 min | eta=2.8 min
[2026-08-14 19:21:13] INFO Epoch 004 | train batch=1040/1418 | elapsed=7.5 min | eta=2.7 min
[2026-08-14 19:21:18] INFO Epoch 004 | train batch=1050/1418 | elapsed=7.5 min | eta=2.6 min
[2026-08-14 19:21:22] INFO Epoch 004 | train batch=1060/1418 | elapsed=7.6 min | eta=2.6 min
[2026-08-14 19:21:26] INFO Epoch 004 | train batch=1070/1418 | elapsed=7.7 min | eta=2.5 min
[2026-08-14 19:21:30] INFO Epoch 004 | train batch=1080/1418 | elapsed=7.8 min | eta=2.4 min
[2026-08-14 19:21:35] INFO Epoch 004 | train batch=1090/1418 | elapsed=7.8 min | eta=2.4 min
[2026-08-14 19:21:39] INFO Epoch 004 | train batch=1100/1418 | elapsed=7.9 min | eta=2.3 min
[2026-08-14 19:21:43] INFO Epoch 004 | train batch=1110/1418 | elapsed=8.0 min | eta=2.2 min
[2026-08-14 19:21:48] INFO Epoch 004 | train batch=1120/1418 | elapsed=8.1 min | eta=2.1 min
[2026-08-14 19:21:52] INFO Epoch 004 | train batch=1130/1418 | elapsed=8.1 min | eta=2.1 min
[2026-08-14 19:21:57] INFO Epoch 004 | train batch=1140/1418 | elapsed=8.2 min | eta=2.0 min
[2026-08-14 19:22:01] INFO Epoch 004 | train batch=1150/1418 | elapsed=8.3 min | eta=1.9 min
[2026-08-14 19:22:05] INFO Epoch 004 | train batch=1160/1418 | elapsed=8.3 min | eta=1.9 min
[2026-08-14 19:22:09] INFO Epoch 004 | train batch=1170/1418 | elapsed=8.4 min | eta=1.8 min
[2026-08-14 19:22:14] INFO Epoch 004 | train batch=1180/1418 | elapsed=8.5 min | eta=1.7 min
[2026-08-14 19:22:18] INFO Epoch 004 | train batch=1190/1418 | elapsed=8.6 min | eta=1.6 min
[2026-08-14 19:22:22] INFO Epoch 004 | train batch=1200/1418 | elapsed=8.6 min | eta=1.6 min
[2026-08-14 19:22:27] INFO Epoch 004 | train batch=1210/1418 | elapsed=8.7 min | eta=1.5 min
[2026-08-14 19:22:31] INFO Epoch 004 | train batch=1220/1418 | elapsed=8.8 min | eta=1.4 min
[2026-08-14 19:22:36] INFO Epoch 004 | train batch=1230/1418 | elapsed=8.8 min | eta=1.4 min
[2026-08-14 19:22:40] INFO Epoch 004 | train batch=1240/1418 | elapsed=8.9 min | eta=1.3 min
[2026-08-14 19:22:44] INFO Epoch 004 | train batch=1250/1418 | elapsed=9.0 min | eta=1.2 min
[2026-08-14 19:22:49] INFO Epoch 004 | train batch=1260/1418 | elapsed=9.1 min | eta=1.1 min
[2026-08-14 19:22:53] INFO Epoch 004 | train batch=1270/1418 | elapsed=9.1 min | eta=1.1 min
[2026-08-14 19:22:57] INFO Epoch 004 | train batch=1280/1418 | elapsed=9.2 min | eta=1.0 min
[2026-08-14 19:23:02] INFO Epoch 004 | train batch=1290/1418 | elapsed=9.3 min | eta=0.9 min
[2026-08-14 19:23:06] INFO Epoch 004 | train batch=1300/1418 | elapsed=9.4 min | eta=0.8 min
[2026-08-14 19:23:10] INFO Epoch 004 | train batch=1310/1418 | elapsed=9.4 min | eta=0.8 min
[2026-08-14 19:23:15] INFO Epoch 004 | train batch=1320/1418 | elapsed=9.5 min | eta=0.7 min
[2026-08-14 19:23:19] INFO Epoch 004 | train batch=1330/1418 | elapsed=9.6 min | eta=0.6 min
[2026-08-14 19:23:24] INFO Epoch 004 | train batch=1340/1418 | elapsed=9.6 min | eta=0.6 min
[2026-08-14 19:23:28] INFO Epoch 004 | train batch=1350/1418 | elapsed=9.7 min | eta=0.5 min
[2026-08-14 19:23:32] INFO Epoch 004 | train batch=1360/1418 | elapsed=9.8 min | eta=0.4 min
[2026-08-14 19:23:36] INFO Epoch 004 | train batch=1370/1418 | elapsed=9.9 min | eta=0.3 min
[2026-08-14 19:23:41] INFO Epoch 004 | train batch=1380/1418 | elapsed=9.9 min | eta=0.3 min
[2026-08-14 19:23:45] INFO Epoch 004 | train batch=1390/1418 | elapsed=10.0 min | eta=0.2 min
[2026-08-14 19:23:50] INFO Epoch 004 | train batch=1400/1418 | elapsed=10.1 min | eta=0.1 min
[2026-08-14 19:23:54] INFO Epoch 004 | train batch=1410/1418 | elapsed=10.1 min | eta=0.1 min
[2026-08-14 19:23:57] INFO Epoch 004 | train batch=1418/1418 | elapsed=10.2 min | eta=0.0 min
[2026-08-14 19:23:57] INFO Epoch 004 | val batch=1/188 | elapsed=0.0 min | eta=0.4 min
[2026-08-14 19:23:59] INFO Epoch 004 | val batch=10/188 | elapsed=0.0 min | eta=0.6 min
[2026-08-14 19:24:01] INFO Epoch 004 | val batch=20/188 | elapsed=0.1 min | eta=0.5 min
[2026-08-14 19:24:03] INFO Epoch 004 | val batch=30/188 | elapsed=0.1 min | eta=0.5 min
[2026-08-14 19:24:04] INFO Epoch 004 | val batch=40/188 | elapsed=0.1 min | eta=0.5 min
[2026-08-14 19:24:06] INFO Epoch 004 | val batch=50/188 | elapsed=0.2 min | eta=0.4 min
[2026-08-14 19:24:08] INFO Epoch 004 | val batch=60/188 | elapsed=0.2 min | eta=0.4 min
[2026-08-14 19:24:10] INFO Epoch 004 | val batch=70/188 | elapsed=0.2 min | eta=0.4 min
[2026-08-14 19:24:12] INFO Epoch 004 | val batch=80/188 | elapsed=0.2 min | eta=0.3 min
[2026-08-14 19:24:14] INFO Epoch 004 | val batch=90/188 | elapsed=0.3 min | eta=0.3 min
[2026-08-14 19:24:16] INFO Epoch 004 | val batch=100/188 | elapsed=0.3 min | eta=0.3 min
[2026-08-14 19:24:18] INFO Epoch 004 | val batch=110/188 | elapsed=0.3 min | eta=0.2 min
[2026-08-14 19:24:19] INFO Epoch 004 | val batch=120/188 | elapsed=0.4 min | eta=0.2 min
[2026-08-14 19:24:21] INFO Epoch 004 | val batch=130/188 | elapsed=0.4 min | eta=0.2 min
[2026-08-14 19:24:23] INFO Epoch 004 | val batch=140/188 | elapsed=0.4 min | eta=0.1 min
[2026-08-14 19:24:25] INFO Epoch 004 | val batch=150/188 | elapsed=0.5 min | eta=0.1 min
[2026-08-14 19:24:27] INFO Epoch 004 | val batch=160/188 | elapsed=0.5 min | eta=0.1 min
[2026-08-14 19:24:29] INFO Epoch 004 | val batch=170/188 | elapsed=0.5 min | eta=0.1 min
[2026-08-14 19:24:31] INFO Epoch 004 | val batch=180/188 | elapsed=0.6 min | eta=0.0 min
[2026-08-14 19:24:32] INFO Epoch 004 | val batch=188/188 | elapsed=0.6 min | eta=0.0 min
[2026-08-14 19:24:32] INFO Epoch 004 | train_total=0.503929 | val_total=0.473811 | val_mask=0.250541 | val_retrieval=2.232707 | val_profile=0.000000 | val_anchors=604396 | val_positive_pairs=0 | val_hard_negatives=0 | val_relation_candidates=7268824 | val_teacher_keff=3.787 | val_student_keff=8.468 | val_adapter_valid=0.000 | val_adapter_gate=0.000 | val_adapter_spatial_gate=0.000 | val_adapter_ratio=0.000000 | val_adapter_modulation=0.000000 | val_adapter_modulation_std=0.000000 | val_adapter_group_gate_std=0.000000 | val_adapter_low_rank=0.000000 | val_adapter_direct=0.000000 | val_masked_positions=42212243 | skipped(train/val)=0/0
[2026-08-14 19:24:32] INFO Checkpoint updated | epoch=4 | best_val=0.473811 | path=C:\Users\clw\projects\researchRep\STAnchor-BlockMemory\artifacts\metrla_e5_final_latent48_global288_seed42\pretrain_best.pt
[2026-08-14 19:24:32] INFO Relation checkpoint updated | epoch=4 | best_val_relation=2.232707 | path=C:\Users\clw\projects\researchRep\STAnchor-BlockMemory\artifacts\metrla_e5_final_latent48_global288_seed42\pretrain_best_relation.pt
[2026-08-14 19:24:32] INFO Epoch 005/050 started | train_batches=1418 | val_batches=188
[2026-08-14 19:24:33] INFO Epoch 005 | train batch=1/1418 | elapsed=0.0 min | eta=11.5 min
[2026-08-14 19:24:37] INFO Epoch 005 | train batch=10/1418 | elapsed=0.1 min | eta=10.7 min
[2026-08-14 19:24:41] INFO Epoch 005 | train batch=20/1418 | elapsed=0.1 min | eta=10.5 min
[2026-08-14 19:24:45] INFO Epoch 005 | train batch=30/1418 | elapsed=0.2 min | eta=10.2 min
[2026-08-14 19:24:50] INFO Epoch 005 | train batch=40/1418 | elapsed=0.3 min | eta=10.1 min
[2026-08-14 19:24:54] INFO Epoch 005 | train batch=50/1418 | elapsed=0.4 min | eta=9.9 min
[2026-08-14 19:24:58] INFO Epoch 005 | train batch=60/1418 | elapsed=0.4 min | eta=9.7 min
[2026-08-14 19:25:02] INFO Epoch 005 | train batch=70/1418 | elapsed=0.5 min | eta=9.6 min
[2026-08-14 19:25:06] INFO Epoch 005 | train batch=80/1418 | elapsed=0.6 min | eta=9.5 min
[2026-08-14 19:25:10] INFO Epoch 005 | train batch=90/1418 | elapsed=0.6 min | eta=9.4 min
[2026-08-14 19:25:15] INFO Epoch 005 | train batch=100/1418 | elapsed=0.7 min | eta=9.4 min
[2026-08-14 19:25:19] INFO Epoch 005 | train batch=110/1418 | elapsed=0.8 min | eta=9.3 min
[2026-08-14 19:25:23] INFO Epoch 005 | train batch=120/1418 | elapsed=0.9 min | eta=9.3 min
[2026-08-14 19:25:27] INFO Epoch 005 | train batch=130/1418 | elapsed=0.9 min | eta=9.2 min
[2026-08-14 19:25:32] INFO Epoch 005 | train batch=140/1418 | elapsed=1.0 min | eta=9.1 min
[2026-08-14 19:25:36] INFO Epoch 005 | train batch=150/1418 | elapsed=1.1 min | eta=9.0 min
[2026-08-14 19:25:41] INFO Epoch 005 | train batch=160/1418 | elapsed=1.1 min | eta=9.0 min
[2026-08-14 19:25:45] INFO Epoch 005 | train batch=170/1418 | elapsed=1.2 min | eta=8.9 min
[2026-08-14 19:25:49] INFO Epoch 005 | train batch=180/1418 | elapsed=1.3 min | eta=8.8 min
[2026-08-14 19:25:53] INFO Epoch 005 | train batch=190/1418 | elapsed=1.4 min | eta=8.8 min
[2026-08-14 19:25:58] INFO Epoch 005 | train batch=200/1418 | elapsed=1.4 min | eta=8.7 min
[2026-08-14 19:26:02] INFO Epoch 005 | train batch=210/1418 | elapsed=1.5 min | eta=8.6 min
[2026-08-14 19:26:07] INFO Epoch 005 | train batch=220/1418 | elapsed=1.6 min | eta=8.6 min
[2026-08-14 19:26:11] INFO Epoch 005 | train batch=230/1418 | elapsed=1.6 min | eta=8.5 min
[2026-08-14 19:26:15] INFO Epoch 005 | train batch=240/1418 | elapsed=1.7 min | eta=8.4 min
[2026-08-14 19:26:19] INFO Epoch 005 | train batch=250/1418 | elapsed=1.8 min | eta=8.4 min
[2026-08-14 19:26:24] INFO Epoch 005 | train batch=260/1418 | elapsed=1.9 min | eta=8.3 min
[2026-08-14 19:26:28] INFO Epoch 005 | train batch=270/1418 | elapsed=1.9 min | eta=8.2 min
[2026-08-14 19:26:32] INFO Epoch 005 | train batch=280/1418 | elapsed=2.0 min | eta=8.1 min
[2026-08-14 19:26:36] INFO Epoch 005 | train batch=290/1418 | elapsed=2.1 min | eta=8.1 min
[2026-08-14 19:26:41] INFO Epoch 005 | train batch=300/1418 | elapsed=2.1 min | eta=8.0 min
[2026-08-14 19:26:45] INFO Epoch 005 | train batch=310/1418 | elapsed=2.2 min | eta=7.9 min
[2026-08-14 19:26:49] INFO Epoch 005 | train batch=320/1418 | elapsed=2.3 min | eta=7.9 min
[2026-08-14 19:26:54] INFO Epoch 005 | train batch=330/1418 | elapsed=2.4 min | eta=7.8 min
[2026-08-14 19:26:58] INFO Epoch 005 | train batch=340/1418 | elapsed=2.4 min | eta=7.7 min
[2026-08-14 19:27:02] INFO Epoch 005 | train batch=350/1418 | elapsed=2.5 min | eta=7.6 min
[2026-08-14 19:27:06] INFO Epoch 005 | train batch=360/1418 | elapsed=2.6 min | eta=7.6 min
[2026-08-14 19:27:11] INFO Epoch 005 | train batch=370/1418 | elapsed=2.6 min | eta=7.5 min
[2026-08-14 19:27:15] INFO Epoch 005 | train batch=380/1418 | elapsed=2.7 min | eta=7.4 min
[2026-08-14 19:27:19] INFO Epoch 005 | train batch=390/1418 | elapsed=2.8 min | eta=7.4 min
[2026-08-14 19:27:24] INFO Epoch 005 | train batch=400/1418 | elapsed=2.9 min | eta=7.3 min
[2026-08-14 19:27:28] INFO Epoch 005 | train batch=410/1418 | elapsed=2.9 min | eta=7.2 min
[2026-08-14 19:27:32] INFO Epoch 005 | train batch=420/1418 | elapsed=3.0 min | eta=7.1 min
[2026-08-14 19:27:37] INFO Epoch 005 | train batch=430/1418 | elapsed=3.1 min | eta=7.1 min
[2026-08-14 19:27:41] INFO Epoch 005 | train batch=440/1418 | elapsed=3.1 min | eta=7.0 min
[2026-08-14 19:27:45] INFO Epoch 005 | train batch=450/1418 | elapsed=3.2 min | eta=6.9 min
[2026-08-14 19:27:50] INFO Epoch 005 | train batch=460/1418 | elapsed=3.3 min | eta=6.9 min
[2026-08-14 19:27:54] INFO Epoch 005 | train batch=470/1418 | elapsed=3.4 min | eta=6.8 min
[2026-08-14 19:27:58] INFO Epoch 005 | train batch=480/1418 | elapsed=3.4 min | eta=6.7 min
[2026-08-14 19:28:03] INFO Epoch 005 | train batch=490/1418 | elapsed=3.5 min | eta=6.6 min
[2026-08-14 19:28:07] INFO Epoch 005 | train batch=500/1418 | elapsed=3.6 min | eta=6.6 min
[2026-08-14 19:28:11] INFO Epoch 005 | train batch=510/1418 | elapsed=3.7 min | eta=6.5 min
[2026-08-14 19:28:15] INFO Epoch 005 | train batch=520/1418 | elapsed=3.7 min | eta=6.4 min
[2026-08-14 19:28:20] INFO Epoch 005 | train batch=530/1418 | elapsed=3.8 min | eta=6.4 min
[2026-08-14 19:28:24] INFO Epoch 005 | train batch=540/1418 | elapsed=3.9 min | eta=6.3 min
[2026-08-14 19:28:28] INFO Epoch 005 | train batch=550/1418 | elapsed=3.9 min | eta=6.2 min
[2026-08-14 19:28:33] INFO Epoch 005 | train batch=560/1418 | elapsed=4.0 min | eta=6.1 min
[2026-08-14 19:28:37] INFO Epoch 005 | train batch=570/1418 | elapsed=4.1 min | eta=6.1 min
[2026-08-14 19:28:41] INFO Epoch 005 | train batch=580/1418 | elapsed=4.1 min | eta=6.0 min
[2026-08-14 19:28:45] INFO Epoch 005 | train batch=590/1418 | elapsed=4.2 min | eta=5.9 min
[2026-08-14 19:28:50] INFO Epoch 005 | train batch=600/1418 | elapsed=4.3 min | eta=5.9 min
[2026-08-14 19:28:54] INFO Epoch 005 | train batch=610/1418 | elapsed=4.4 min | eta=5.8 min
[2026-08-14 19:28:59] INFO Epoch 005 | train batch=620/1418 | elapsed=4.4 min | eta=5.7 min
[2026-08-14 19:29:03] INFO Epoch 005 | train batch=630/1418 | elapsed=4.5 min | eta=5.6 min
[2026-08-14 19:29:07] INFO Epoch 005 | train batch=640/1418 | elapsed=4.6 min | eta=5.6 min
[2026-08-14 19:29:11] INFO Epoch 005 | train batch=650/1418 | elapsed=4.7 min | eta=5.5 min
[2026-08-14 19:29:16] INFO Epoch 005 | train batch=660/1418 | elapsed=4.7 min | eta=5.4 min
[2026-08-14 19:29:20] INFO Epoch 005 | train batch=670/1418 | elapsed=4.8 min | eta=5.4 min
[2026-08-14 19:29:25] INFO Epoch 005 | train batch=680/1418 | elapsed=4.9 min | eta=5.3 min
[2026-08-14 19:29:29] INFO Epoch 005 | train batch=690/1418 | elapsed=4.9 min | eta=5.2 min
[2026-08-14 19:29:33] INFO Epoch 005 | train batch=700/1418 | elapsed=5.0 min | eta=5.1 min
[2026-08-14 19:29:37] INFO Epoch 005 | train batch=710/1418 | elapsed=5.1 min | eta=5.1 min
[2026-08-14 19:29:42] INFO Epoch 005 | train batch=720/1418 | elapsed=5.2 min | eta=5.0 min
[2026-08-14 19:29:46] INFO Epoch 005 | train batch=730/1418 | elapsed=5.2 min | eta=4.9 min
[2026-08-14 19:29:50] INFO Epoch 005 | train batch=740/1418 | elapsed=5.3 min | eta=4.9 min
[2026-08-14 19:29:54] INFO Epoch 005 | train batch=750/1418 | elapsed=5.4 min | eta=4.8 min
[2026-08-14 19:29:59] INFO Epoch 005 | train batch=760/1418 | elapsed=5.4 min | eta=4.7 min
[2026-08-14 19:30:03] INFO Epoch 005 | train batch=770/1418 | elapsed=5.5 min | eta=4.6 min
[2026-08-14 19:30:08] INFO Epoch 005 | train batch=780/1418 | elapsed=5.6 min | eta=4.6 min
[2026-08-14 19:30:12] INFO Epoch 005 | train batch=790/1418 | elapsed=5.7 min | eta=4.5 min
[2026-08-14 19:30:16] INFO Epoch 005 | train batch=800/1418 | elapsed=5.7 min | eta=4.4 min
[2026-08-14 19:30:21] INFO Epoch 005 | train batch=810/1418 | elapsed=5.8 min | eta=4.4 min
[2026-08-14 19:30:25] INFO Epoch 005 | train batch=820/1418 | elapsed=5.9 min | eta=4.3 min
[2026-08-14 19:30:30] INFO Epoch 005 | train batch=830/1418 | elapsed=6.0 min | eta=4.2 min
[2026-08-14 19:30:34] INFO Epoch 005 | train batch=840/1418 | elapsed=6.0 min | eta=4.1 min
[2026-08-14 19:30:38] INFO Epoch 005 | train batch=850/1418 | elapsed=6.1 min | eta=4.1 min
[2026-08-14 19:30:42] INFO Epoch 005 | train batch=860/1418 | elapsed=6.2 min | eta=4.0 min
[2026-08-14 19:30:46] INFO Epoch 005 | train batch=870/1418 | elapsed=6.2 min | eta=3.9 min
[2026-08-14 19:30:50] INFO Epoch 005 | train batch=880/1418 | elapsed=6.3 min | eta=3.9 min
[2026-08-14 19:30:55] INFO Epoch 005 | train batch=890/1418 | elapsed=6.4 min | eta=3.8 min
[2026-08-14 19:30:59] INFO Epoch 005 | train batch=900/1418 | elapsed=6.5 min | eta=3.7 min
[2026-08-14 19:31:04] INFO Epoch 005 | train batch=910/1418 | elapsed=6.5 min | eta=3.6 min
[2026-08-14 19:31:08] INFO Epoch 005 | train batch=920/1418 | elapsed=6.6 min | eta=3.6 min
[2026-08-14 19:31:12] INFO Epoch 005 | train batch=930/1418 | elapsed=6.7 min | eta=3.5 min
[2026-08-14 19:31:17] INFO Epoch 005 | train batch=940/1418 | elapsed=6.7 min | eta=3.4 min
[2026-08-14 19:31:21] INFO Epoch 005 | train batch=950/1418 | elapsed=6.8 min | eta=3.4 min
[2026-08-14 19:31:26] INFO Epoch 005 | train batch=960/1418 | elapsed=6.9 min | eta=3.3 min
[2026-08-14 19:31:30] INFO Epoch 005 | train batch=970/1418 | elapsed=7.0 min | eta=3.2 min
[2026-08-14 19:31:34] INFO Epoch 005 | train batch=980/1418 | elapsed=7.0 min | eta=3.1 min
[2026-08-14 19:31:38] INFO Epoch 005 | train batch=990/1418 | elapsed=7.1 min | eta=3.1 min
[2026-08-14 19:31:43] INFO Epoch 005 | train batch=1000/1418 | elapsed=7.2 min | eta=3.0 min
[2026-08-14 19:31:47] INFO Epoch 005 | train batch=1010/1418 | elapsed=7.3 min | eta=2.9 min
[2026-08-14 19:31:51] INFO Epoch 005 | train batch=1020/1418 | elapsed=7.3 min | eta=2.9 min
[2026-08-14 19:31:56] INFO Epoch 005 | train batch=1030/1418 | elapsed=7.4 min | eta=2.8 min
[2026-08-14 19:32:00] INFO Epoch 005 | train batch=1040/1418 | elapsed=7.5 min | eta=2.7 min
[2026-08-14 19:32:04] INFO Epoch 005 | train batch=1050/1418 | elapsed=7.5 min | eta=2.6 min
[2026-08-14 19:32:09] INFO Epoch 005 | train batch=1060/1418 | elapsed=7.6 min | eta=2.6 min
[2026-08-14 19:32:13] INFO Epoch 005 | train batch=1070/1418 | elapsed=7.7 min | eta=2.5 min
[2026-08-14 19:32:17] INFO Epoch 005 | train batch=1080/1418 | elapsed=7.7 min | eta=2.4 min
[2026-08-14 19:32:21] INFO Epoch 005 | train batch=1090/1418 | elapsed=7.8 min | eta=2.4 min
[2026-08-14 19:32:25] INFO Epoch 005 | train batch=1100/1418 | elapsed=7.9 min | eta=2.3 min
[2026-08-14 19:32:30] INFO Epoch 005 | train batch=1110/1418 | elapsed=8.0 min | eta=2.2 min
[2026-08-14 19:32:34] INFO Epoch 005 | train batch=1120/1418 | elapsed=8.0 min | eta=2.1 min
[2026-08-14 19:32:38] INFO Epoch 005 | train batch=1130/1418 | elapsed=8.1 min | eta=2.1 min
[2026-08-14 19:32:43] INFO Epoch 005 | train batch=1140/1418 | elapsed=8.2 min | eta=2.0 min
[2026-08-14 19:32:47] INFO Epoch 005 | train batch=1150/1418 | elapsed=8.2 min | eta=1.9 min
[2026-08-14 19:32:51] INFO Epoch 005 | train batch=1160/1418 | elapsed=8.3 min | eta=1.8 min
[2026-08-14 19:32:55] INFO Epoch 005 | train batch=1170/1418 | elapsed=8.4 min | eta=1.8 min
[2026-08-14 19:33:00] INFO Epoch 005 | train batch=1180/1418 | elapsed=8.5 min | eta=1.7 min
[2026-08-14 19:33:04] INFO Epoch 005 | train batch=1190/1418 | elapsed=8.5 min | eta=1.6 min
[2026-08-14 19:33:08] INFO Epoch 005 | train batch=1200/1418 | elapsed=8.6 min | eta=1.6 min
[2026-08-14 19:33:13] INFO Epoch 005 | train batch=1210/1418 | elapsed=8.7 min | eta=1.5 min
[2026-08-14 19:33:17] INFO Epoch 005 | train batch=1220/1418 | elapsed=8.7 min | eta=1.4 min
[2026-08-14 19:33:21] INFO Epoch 005 | train batch=1230/1418 | elapsed=8.8 min | eta=1.3 min
[2026-08-14 19:33:25] INFO Epoch 005 | train batch=1240/1418 | elapsed=8.9 min | eta=1.3 min
[2026-08-14 19:33:29] INFO Epoch 005 | train batch=1250/1418 | elapsed=9.0 min | eta=1.2 min
[2026-08-14 19:33:34] INFO Epoch 005 | train batch=1260/1418 | elapsed=9.0 min | eta=1.1 min
[2026-08-14 19:33:38] INFO Epoch 005 | train batch=1270/1418 | elapsed=9.1 min | eta=1.1 min
[2026-08-14 19:33:42] INFO Epoch 005 | train batch=1280/1418 | elapsed=9.2 min | eta=1.0 min
[2026-08-14 19:33:46] INFO Epoch 005 | train batch=1290/1418 | elapsed=9.2 min | eta=0.9 min
[2026-08-14 19:33:51] INFO Epoch 005 | train batch=1300/1418 | elapsed=9.3 min | eta=0.8 min
[2026-08-14 19:33:55] INFO Epoch 005 | train batch=1310/1418 | elapsed=9.4 min | eta=0.8 min
[2026-08-14 19:33:59] INFO Epoch 005 | train batch=1320/1418 | elapsed=9.5 min | eta=0.7 min
[2026-08-14 19:34:04] INFO Epoch 005 | train batch=1330/1418 | elapsed=9.5 min | eta=0.6 min
[2026-08-14 19:34:08] INFO Epoch 005 | train batch=1340/1418 | elapsed=9.6 min | eta=0.6 min
[2026-08-14 19:34:12] INFO Epoch 005 | train batch=1350/1418 | elapsed=9.7 min | eta=0.5 min
[2026-08-14 19:34:16] INFO Epoch 005 | train batch=1360/1418 | elapsed=9.7 min | eta=0.4 min
[2026-08-14 19:34:21] INFO Epoch 005 | train batch=1370/1418 | elapsed=9.8 min | eta=0.3 min
[2026-08-14 19:34:25] INFO Epoch 005 | train batch=1380/1418 | elapsed=9.9 min | eta=0.3 min
[2026-08-14 19:34:30] INFO Epoch 005 | train batch=1390/1418 | elapsed=10.0 min | eta=0.2 min
[2026-08-14 19:34:34] INFO Epoch 005 | train batch=1400/1418 | elapsed=10.0 min | eta=0.1 min
[2026-08-14 19:34:38] INFO Epoch 005 | train batch=1410/1418 | elapsed=10.1 min | eta=0.1 min
[2026-08-14 19:34:42] INFO Epoch 005 | train batch=1418/1418 | elapsed=10.2 min | eta=0.0 min
[2026-08-14 19:34:42] INFO Epoch 005 | val batch=1/188 | elapsed=0.0 min | eta=0.4 min
[2026-08-14 19:34:44] INFO Epoch 005 | val batch=10/188 | elapsed=0.0 min | eta=0.6 min
[2026-08-14 19:34:45] INFO Epoch 005 | val batch=20/188 | elapsed=0.1 min | eta=0.5 min
[2026-08-14 19:34:47] INFO Epoch 005 | val batch=30/188 | elapsed=0.1 min | eta=0.5 min
[2026-08-14 19:34:49] INFO Epoch 005 | val batch=40/188 | elapsed=0.1 min | eta=0.5 min
[2026-08-14 19:34:51] INFO Epoch 005 | val batch=50/188 | elapsed=0.2 min | eta=0.4 min
[2026-08-14 19:34:53] INFO Epoch 005 | val batch=60/188 | elapsed=0.2 min | eta=0.4 min
[2026-08-14 19:34:55] INFO Epoch 005 | val batch=70/188 | elapsed=0.2 min | eta=0.4 min
[2026-08-14 19:34:57] INFO Epoch 005 | val batch=80/188 | elapsed=0.3 min | eta=0.3 min
[2026-08-14 19:34:59] INFO Epoch 005 | val batch=90/188 | elapsed=0.3 min | eta=0.3 min
[2026-08-14 19:35:01] INFO Epoch 005 | val batch=100/188 | elapsed=0.3 min | eta=0.3 min
[2026-08-14 19:35:02] INFO Epoch 005 | val batch=110/188 | elapsed=0.3 min | eta=0.2 min
[2026-08-14 19:35:04] INFO Epoch 005 | val batch=120/188 | elapsed=0.4 min | eta=0.2 min
[2026-08-14 19:35:06] INFO Epoch 005 | val batch=130/188 | elapsed=0.4 min | eta=0.2 min
[2026-08-14 19:35:08] INFO Epoch 005 | val batch=140/188 | elapsed=0.4 min | eta=0.2 min
[2026-08-14 19:35:10] INFO Epoch 005 | val batch=150/188 | elapsed=0.5 min | eta=0.1 min
[2026-08-14 19:35:12] INFO Epoch 005 | val batch=160/188 | elapsed=0.5 min | eta=0.1 min
[2026-08-14 19:35:14] INFO Epoch 005 | val batch=170/188 | elapsed=0.5 min | eta=0.1 min
[2026-08-14 19:35:15] INFO Epoch 005 | val batch=180/188 | elapsed=0.6 min | eta=0.0 min
[2026-08-14 19:35:17] INFO Epoch 005 | val batch=188/188 | elapsed=0.6 min | eta=0.0 min
[2026-08-14 19:35:17] INFO Epoch 005 | train_total=0.501479 | val_total=0.476752 | val_mask=0.254616 | val_retrieval=2.221362 | val_profile=0.000000 | val_anchors=604396 | val_positive_pairs=0 | val_hard_negatives=0 | val_relation_candidates=7268824 | val_teacher_keff=3.787 | val_student_keff=8.536 | val_adapter_valid=0.000 | val_adapter_gate=0.000 | val_adapter_spatial_gate=0.000 | val_adapter_ratio=0.000000 | val_adapter_modulation=0.000000 | val_adapter_modulation_std=0.000000 | val_adapter_group_gate_std=0.000000 | val_adapter_low_rank=0.000000 | val_adapter_direct=0.000000 | val_masked_positions=42180108 | skipped(train/val)=0/0
[2026-08-14 19:35:17] INFO Relation checkpoint updated | epoch=5 | best_val_relation=2.221362 | path=C:\Users\clw\projects\researchRep\STAnchor-BlockMemory\artifacts\metrla_e5_final_latent48_global288_seed42\pretrain_best_relation.pt
[2026-08-14 19:35:17] INFO Epoch 006/050 started | train_batches=1418 | val_batches=188
[2026-08-14 19:35:17] INFO Epoch 006 | train batch=1/1418 | elapsed=0.0 min | eta=8.9 min
[2026-08-14 19:35:21] INFO Epoch 006 | train batch=10/1418 | elapsed=0.1 min | eta=10.2 min
[2026-08-14 19:35:26] INFO Epoch 006 | train batch=20/1418 | elapsed=0.1 min | eta=10.2 min
[2026-08-14 19:35:30] INFO Epoch 006 | train batch=30/1418 | elapsed=0.2 min | eta=10.2 min
[2026-08-14 19:35:35] INFO Epoch 006 | train batch=40/1418 | elapsed=0.3 min | eta=10.2 min
[2026-08-14 19:35:39] INFO Epoch 006 | train batch=50/1418 | elapsed=0.4 min | eta=10.1 min
[2026-08-14 19:35:43] INFO Epoch 006 | train batch=60/1418 | elapsed=0.4 min | eta=10.0 min
[2026-08-14 19:35:48] INFO Epoch 006 | train batch=70/1418 | elapsed=0.5 min | eta=9.9 min
[2026-08-14 19:35:52] INFO Epoch 006 | train batch=80/1418 | elapsed=0.6 min | eta=9.8 min
[2026-08-14 19:35:56] INFO Epoch 006 | train batch=90/1418 | elapsed=0.7 min | eta=9.7 min
[2026-08-14 19:36:00] INFO Epoch 006 | train batch=100/1418 | elapsed=0.7 min | eta=9.6 min
[2026-08-14 19:36:05] INFO Epoch 006 | train batch=110/1418 | elapsed=0.8 min | eta=9.5 min
[2026-08-14 19:36:09] INFO Epoch 006 | train batch=120/1418 | elapsed=0.9 min | eta=9.4 min
[2026-08-14 19:36:13] INFO Epoch 006 | train batch=130/1418 | elapsed=0.9 min | eta=9.3 min
[2026-08-14 19:36:17] INFO Epoch 006 | train batch=140/1418 | elapsed=1.0 min | eta=9.2 min
[2026-08-14 19:36:22] INFO Epoch 006 | train batch=150/1418 | elapsed=1.1 min | eta=9.1 min
[2026-08-14 19:36:26] INFO Epoch 006 | train batch=160/1418 | elapsed=1.2 min | eta=9.1 min
[2026-08-14 19:36:30] INFO Epoch 006 | train batch=170/1418 | elapsed=1.2 min | eta=9.0 min
[2026-08-14 19:36:35] INFO Epoch 006 | train batch=180/1418 | elapsed=1.3 min | eta=8.9 min
[2026-08-14 19:36:39] INFO Epoch 006 | train batch=190/1418 | elapsed=1.4 min | eta=8.9 min
[2026-08-14 19:36:43] INFO Epoch 006 | train batch=200/1418 | elapsed=1.4 min | eta=8.8 min
[2026-08-14 19:36:48] INFO Epoch 006 | train batch=210/1418 | elapsed=1.5 min | eta=8.7 min
[2026-08-14 19:36:52] INFO Epoch 006 | train batch=220/1418 | elapsed=1.6 min | eta=8.6 min
[2026-08-14 19:36:56] INFO Epoch 006 | train batch=230/1418 | elapsed=1.7 min | eta=8.6 min
[2026-08-14 19:37:00] INFO Epoch 006 | train batch=240/1418 | elapsed=1.7 min | eta=8.5 min
[2026-08-14 19:37:05] INFO Epoch 006 | train batch=250/1418 | elapsed=1.8 min | eta=8.4 min
[2026-08-14 19:37:09] INFO Epoch 006 | train batch=260/1418 | elapsed=1.9 min | eta=8.4 min
[2026-08-14 19:37:14] INFO Epoch 006 | train batch=270/1418 | elapsed=1.9 min | eta=8.3 min
[2026-08-14 19:37:18] INFO Epoch 006 | train batch=280/1418 | elapsed=2.0 min | eta=8.2 min
[2026-08-14 19:37:22] INFO Epoch 006 | train batch=290/1418 | elapsed=2.1 min | eta=8.1 min
[2026-08-14 19:37:26] INFO Epoch 006 | train batch=300/1418 | elapsed=2.2 min | eta=8.0 min
[2026-08-14 19:37:31] INFO Epoch 006 | train batch=310/1418 | elapsed=2.2 min | eta=8.0 min
[2026-08-14 19:37:35] INFO Epoch 006 | train batch=320/1418 | elapsed=2.3 min | eta=7.9 min
[2026-08-14 19:37:39] INFO Epoch 006 | train batch=330/1418 | elapsed=2.4 min | eta=7.8 min
[2026-08-14 19:37:43] INFO Epoch 006 | train batch=340/1418 | elapsed=2.4 min | eta=7.7 min
[2026-08-14 19:37:47] INFO Epoch 006 | train batch=350/1418 | elapsed=2.5 min | eta=7.7 min
[2026-08-14 19:37:52] INFO Epoch 006 | train batch=360/1418 | elapsed=2.6 min | eta=7.6 min
[2026-08-14 19:37:56] INFO Epoch 006 | train batch=370/1418 | elapsed=2.7 min | eta=7.5 min
[2026-08-14 19:38:00] INFO Epoch 006 | train batch=380/1418 | elapsed=2.7 min | eta=7.5 min
[2026-08-14 19:38:05] INFO Epoch 006 | train batch=390/1418 | elapsed=2.8 min | eta=7.4 min
[2026-08-14 19:38:09] INFO Epoch 006 | train batch=400/1418 | elapsed=2.9 min | eta=7.3 min
[2026-08-14 19:38:13] INFO Epoch 006 | train batch=410/1418 | elapsed=2.9 min | eta=7.2 min
[2026-08-14 19:38:18] INFO Epoch 006 | train batch=420/1418 | elapsed=3.0 min | eta=7.2 min
[2026-08-14 19:38:22] INFO Epoch 006 | train batch=430/1418 | elapsed=3.1 min | eta=7.1 min
[2026-08-14 19:38:27] INFO Epoch 006 | train batch=440/1418 | elapsed=3.2 min | eta=7.0 min
[2026-08-14 19:38:31] INFO Epoch 006 | train batch=450/1418 | elapsed=3.2 min | eta=7.0 min
[2026-08-14 19:38:35] INFO Epoch 006 | train batch=460/1418 | elapsed=3.3 min | eta=6.9 min
[2026-08-14 19:38:40] INFO Epoch 006 | train batch=470/1418 | elapsed=3.4 min | eta=6.8 min
[2026-08-14 19:38:44] INFO Epoch 006 | train batch=480/1418 | elapsed=3.5 min | eta=6.8 min
[2026-08-14 19:38:48] INFO Epoch 006 | train batch=490/1418 | elapsed=3.5 min | eta=6.7 min
[2026-08-14 19:38:53] INFO Epoch 006 | train batch=500/1418 | elapsed=3.6 min | eta=6.6 min
[2026-08-14 19:38:57] INFO Epoch 006 | train batch=510/1418 | elapsed=3.7 min | eta=6.5 min
[2026-08-14 19:39:01] INFO Epoch 006 | train batch=520/1418 | elapsed=3.7 min | eta=6.5 min
[2026-08-14 19:39:05] INFO Epoch 006 | train batch=530/1418 | elapsed=3.8 min | eta=6.4 min
[2026-08-14 19:39:10] INFO Epoch 006 | train batch=540/1418 | elapsed=3.9 min | eta=6.3 min
[2026-08-14 19:39:14] INFO Epoch 006 | train batch=550/1418 | elapsed=4.0 min | eta=6.2 min
[2026-08-14 19:39:19] INFO Epoch 006 | train batch=560/1418 | elapsed=4.0 min | eta=6.2 min
[2026-08-14 19:39:23] INFO Epoch 006 | train batch=570/1418 | elapsed=4.1 min | eta=6.1 min
[2026-08-14 19:39:28] INFO Epoch 006 | train batch=580/1418 | elapsed=4.2 min | eta=6.0 min
[2026-08-14 19:39:32] INFO Epoch 006 | train batch=590/1418 | elapsed=4.2 min | eta=6.0 min
[2026-08-14 19:39:36] INFO Epoch 006 | train batch=600/1418 | elapsed=4.3 min | eta=5.9 min
[2026-08-14 19:39:40] INFO Epoch 006 | train batch=610/1418 | elapsed=4.4 min | eta=5.8 min
[2026-08-14 19:39:45] INFO Epoch 006 | train batch=620/1418 | elapsed=4.5 min | eta=5.7 min
[2026-08-14 19:39:49] INFO Epoch 006 | train batch=630/1418 | elapsed=4.5 min | eta=5.7 min
[2026-08-14 19:39:54] INFO Epoch 006 | train batch=640/1418 | elapsed=4.6 min | eta=5.6 min
[2026-08-14 19:39:58] INFO Epoch 006 | train batch=650/1418 | elapsed=4.7 min | eta=5.5 min
[2026-08-14 19:40:02] INFO Epoch 006 | train batch=660/1418 | elapsed=4.8 min | eta=5.5 min
[2026-08-14 19:40:06] INFO Epoch 006 | train batch=670/1418 | elapsed=4.8 min | eta=5.4 min
[2026-08-14 19:40:11] INFO Epoch 006 | train batch=680/1418 | elapsed=4.9 min | eta=5.3 min
[2026-08-14 19:40:15] INFO Epoch 006 | train batch=690/1418 | elapsed=5.0 min | eta=5.2 min
[2026-08-14 19:40:19] INFO Epoch 006 | train batch=700/1418 | elapsed=5.0 min | eta=5.2 min
[2026-08-14 19:40:24] INFO Epoch 006 | train batch=710/1418 | elapsed=5.1 min | eta=5.1 min
[2026-08-14 19:40:28] INFO Epoch 006 | train batch=720/1418 | elapsed=5.2 min | eta=5.0 min
[2026-08-14 19:40:32] INFO Epoch 006 | train batch=730/1418 | elapsed=5.3 min | eta=4.9 min
[2026-08-14 19:40:36] INFO Epoch 006 | train batch=740/1418 | elapsed=5.3 min | eta=4.9 min
[2026-08-14 19:40:41] INFO Epoch 006 | train batch=750/1418 | elapsed=5.4 min | eta=4.8 min
[2026-08-14 19:40:46] INFO Epoch 006 | train batch=760/1418 | elapsed=5.5 min | eta=4.7 min
[2026-08-14 19:40:50] INFO Epoch 006 | train batch=770/1418 | elapsed=5.6 min | eta=4.7 min
[2026-08-14 19:40:54] INFO Epoch 006 | train batch=780/1418 | elapsed=5.6 min | eta=4.6 min
[2026-08-14 19:40:59] INFO Epoch 006 | train batch=790/1418 | elapsed=5.7 min | eta=4.5 min
[2026-08-14 19:41:03] INFO Epoch 006 | train batch=800/1418 | elapsed=5.8 min | eta=4.5 min
[2026-08-14 19:41:07] INFO Epoch 006 | train batch=810/1418 | elapsed=5.8 min | eta=4.4 min
[2026-08-14 19:41:12] INFO Epoch 006 | train batch=820/1418 | elapsed=5.9 min | eta=4.3 min
[2026-08-14 19:41:16] INFO Epoch 006 | train batch=830/1418 | elapsed=6.0 min | eta=4.2 min
[2026-08-14 19:41:20] INFO Epoch 006 | train batch=840/1418 | elapsed=6.1 min | eta=4.2 min
[2026-08-14 19:41:25] INFO Epoch 006 | train batch=850/1418 | elapsed=6.1 min | eta=4.1 min
[2026-08-14 19:41:30] INFO Epoch 006 | train batch=860/1418 | elapsed=6.2 min | eta=4.0 min
[2026-08-14 19:41:34] INFO Epoch 006 | train batch=870/1418 | elapsed=6.3 min | eta=4.0 min
[2026-08-14 19:41:38] INFO Epoch 006 | train batch=880/1418 | elapsed=6.4 min | eta=3.9 min
[2026-08-14 19:41:42] INFO Epoch 006 | train batch=890/1418 | elapsed=6.4 min | eta=3.8 min
[2026-08-14 19:41:47] INFO Epoch 006 | train batch=900/1418 | elapsed=6.5 min | eta=3.7 min
[2026-08-14 19:41:51] INFO Epoch 006 | train batch=910/1418 | elapsed=6.6 min | eta=3.7 min
[2026-08-14 19:41:55] INFO Epoch 006 | train batch=920/1418 | elapsed=6.6 min | eta=3.6 min
[2026-08-14 19:41:59] INFO Epoch 006 | train batch=930/1418 | elapsed=6.7 min | eta=3.5 min
[2026-08-14 19:42:04] INFO Epoch 006 | train batch=940/1418 | elapsed=6.8 min | eta=3.4 min
[2026-08-14 19:42:08] INFO Epoch 006 | train batch=950/1418 | elapsed=6.8 min | eta=3.4 min
[2026-08-14 19:42:12] INFO Epoch 006 | train batch=960/1418 | elapsed=6.9 min | eta=3.3 min
[2026-08-14 19:42:16] INFO Epoch 006 | train batch=970/1418 | elapsed=7.0 min | eta=3.2 min
[2026-08-14 19:42:20] INFO Epoch 006 | train batch=980/1418 | elapsed=7.1 min | eta=3.2 min
[2026-08-14 19:42:24] INFO Epoch 006 | train batch=990/1418 | elapsed=7.1 min | eta=3.1 min
[2026-08-14 19:42:29] INFO Epoch 006 | train batch=1000/1418 | elapsed=7.2 min | eta=3.0 min
[2026-08-14 19:42:33] INFO Epoch 006 | train batch=1010/1418 | elapsed=7.3 min | eta=2.9 min
[2026-08-14 19:42:37] INFO Epoch 006 | train batch=1020/1418 | elapsed=7.3 min | eta=2.9 min
[2026-08-14 19:42:42] INFO Epoch 006 | train batch=1030/1418 | elapsed=7.4 min | eta=2.8 min
[2026-08-14 19:42:46] INFO Epoch 006 | train batch=1040/1418 | elapsed=7.5 min | eta=2.7 min
[2026-08-14 19:42:51] INFO Epoch 006 | train batch=1050/1418 | elapsed=7.6 min | eta=2.7 min
[2026-08-14 19:42:55] INFO Epoch 006 | train batch=1060/1418 | elapsed=7.6 min | eta=2.6 min
[2026-08-14 19:42:59] INFO Epoch 006 | train batch=1070/1418 | elapsed=7.7 min | eta=2.5 min
[2026-08-14 19:43:03] INFO Epoch 006 | train batch=1080/1418 | elapsed=7.8 min | eta=2.4 min
[2026-08-14 19:43:07] INFO Epoch 006 | train batch=1090/1418 | elapsed=7.8 min | eta=2.4 min
[2026-08-14 19:43:12] INFO Epoch 006 | train batch=1100/1418 | elapsed=7.9 min | eta=2.3 min
[2026-08-14 19:43:16] INFO Epoch 006 | train batch=1110/1418 | elapsed=8.0 min | eta=2.2 min
[2026-08-14 19:43:20] INFO Epoch 006 | train batch=1120/1418 | elapsed=8.1 min | eta=2.1 min
[2026-08-14 19:43:25] INFO Epoch 006 | train batch=1130/1418 | elapsed=8.1 min | eta=2.1 min
[2026-08-14 19:43:29] INFO Epoch 006 | train batch=1140/1418 | elapsed=8.2 min | eta=2.0 min
[2026-08-14 19:43:33] INFO Epoch 006 | train batch=1150/1418 | elapsed=8.3 min | eta=1.9 min
[2026-08-14 19:43:38] INFO Epoch 006 | train batch=1160/1418 | elapsed=8.3 min | eta=1.9 min
[2026-08-14 19:43:42] INFO Epoch 006 | train batch=1170/1418 | elapsed=8.4 min | eta=1.8 min
[2026-08-14 19:43:46] INFO Epoch 006 | train batch=1180/1418 | elapsed=8.5 min | eta=1.7 min
[2026-08-14 19:43:51] INFO Epoch 006 | train batch=1190/1418 | elapsed=8.6 min | eta=1.6 min
[2026-08-14 19:43:55] INFO Epoch 006 | train batch=1200/1418 | elapsed=8.6 min | eta=1.6 min
[2026-08-14 19:43:59] INFO Epoch 006 | train batch=1210/1418 | elapsed=8.7 min | eta=1.5 min
[2026-08-14 19:44:04] INFO Epoch 006 | train batch=1220/1418 | elapsed=8.8 min | eta=1.4 min
[2026-08-14 19:44:08] INFO Epoch 006 | train batch=1230/1418 | elapsed=8.9 min | eta=1.4 min
[2026-08-14 19:44:12] INFO Epoch 006 | train batch=1240/1418 | elapsed=8.9 min | eta=1.3 min
[2026-08-14 19:44:17] INFO Epoch 006 | train batch=1250/1418 | elapsed=9.0 min | eta=1.2 min
[2026-08-14 19:44:21] INFO Epoch 006 | train batch=1260/1418 | elapsed=9.1 min | eta=1.1 min
[2026-08-14 19:44:26] INFO Epoch 006 | train batch=1270/1418 | elapsed=9.2 min | eta=1.1 min
[2026-08-14 19:44:31] INFO Epoch 006 | train batch=1280/1418 | elapsed=9.2 min | eta=1.0 min
[2026-08-14 19:44:35] INFO Epoch 006 | train batch=1290/1418 | elapsed=9.3 min | eta=0.9 min
[2026-08-14 19:44:39] INFO Epoch 006 | train batch=1300/1418 | elapsed=9.4 min | eta=0.9 min
[2026-08-14 19:44:43] INFO Epoch 006 | train batch=1310/1418 | elapsed=9.4 min | eta=0.8 min
[2026-08-14 19:44:48] INFO Epoch 006 | train batch=1320/1418 | elapsed=9.5 min | eta=0.7 min
[2026-08-14 19:44:52] INFO Epoch 006 | train batch=1330/1418 | elapsed=9.6 min | eta=0.6 min
[2026-08-14 19:44:56] INFO Epoch 006 | train batch=1340/1418 | elapsed=9.7 min | eta=0.6 min
[2026-08-14 19:45:01] INFO Epoch 006 | train batch=1350/1418 | elapsed=9.7 min | eta=0.5 min
[2026-08-14 19:45:05] INFO Epoch 006 | train batch=1360/1418 | elapsed=9.8 min | eta=0.4 min
[2026-08-14 19:45:09] INFO Epoch 006 | train batch=1370/1418 | elapsed=9.9 min | eta=0.3 min
[2026-08-14 19:45:13] INFO Epoch 006 | train batch=1380/1418 | elapsed=9.9 min | eta=0.3 min
[2026-08-14 19:45:18] INFO Epoch 006 | train batch=1390/1418 | elapsed=10.0 min | eta=0.2 min
[2026-08-14 19:45:22] INFO Epoch 006 | train batch=1400/1418 | elapsed=10.1 min | eta=0.1 min
[2026-08-14 19:45:26] INFO Epoch 006 | train batch=1410/1418 | elapsed=10.2 min | eta=0.1 min
[2026-08-14 19:45:29] INFO Epoch 006 | train batch=1418/1418 | elapsed=10.2 min | eta=0.0 min
[2026-08-14 19:45:29] INFO Epoch 006 | val batch=1/188 | elapsed=0.0 min | eta=0.4 min
[2026-08-14 19:45:31] INFO Epoch 006 | val batch=10/188 | elapsed=0.0 min | eta=0.6 min
[2026-08-14 19:45:33] INFO Epoch 006 | val batch=20/188 | elapsed=0.1 min | eta=0.5 min
[2026-08-14 19:45:35] INFO Epoch 006 | val batch=30/188 | elapsed=0.1 min | eta=0.5 min
[2026-08-14 19:45:37] INFO Epoch 006 | val batch=40/188 | elapsed=0.1 min | eta=0.5 min
[2026-08-14 19:45:39] INFO Epoch 006 | val batch=50/188 | elapsed=0.2 min | eta=0.4 min
[2026-08-14 19:45:40] INFO Epoch 006 | val batch=60/188 | elapsed=0.2 min | eta=0.4 min
[2026-08-14 19:45:42] INFO Epoch 006 | val batch=70/188 | elapsed=0.2 min | eta=0.4 min
[2026-08-14 19:45:44] INFO Epoch 006 | val batch=80/188 | elapsed=0.3 min | eta=0.3 min
[2026-08-14 19:45:46] INFO Epoch 006 | val batch=90/188 | elapsed=0.3 min | eta=0.3 min
[2026-08-14 19:45:48] INFO Epoch 006 | val batch=100/188 | elapsed=0.3 min | eta=0.3 min
[2026-08-14 19:45:50] INFO Epoch 006 | val batch=110/188 | elapsed=0.3 min | eta=0.2 min
[2026-08-14 19:45:52] INFO Epoch 006 | val batch=120/188 | elapsed=0.4 min | eta=0.2 min
[2026-08-14 19:45:54] INFO Epoch 006 | val batch=130/188 | elapsed=0.4 min | eta=0.2 min
[2026-08-14 19:45:55] INFO Epoch 006 | val batch=140/188 | elapsed=0.4 min | eta=0.2 min
[2026-08-14 19:45:57] INFO Epoch 006 | val batch=150/188 | elapsed=0.5 min | eta=0.1 min
[2026-08-14 19:45:59] INFO Epoch 006 | val batch=160/188 | elapsed=0.5 min | eta=0.1 min
[2026-08-14 19:46:01] INFO Epoch 006 | val batch=170/188 | elapsed=0.5 min | eta=0.1 min
[2026-08-14 19:46:03] INFO Epoch 006 | val batch=180/188 | elapsed=0.6 min | eta=0.0 min
[2026-08-14 19:46:04] INFO Epoch 006 | val batch=188/188 | elapsed=0.6 min | eta=0.0 min
[2026-08-14 19:46:04] INFO Epoch 006 | train_total=0.489509 | val_total=0.462969 | val_mask=0.241325 | val_retrieval=2.216445 | val_profile=0.000000 | val_anchors=604396 | val_positive_pairs=0 | val_hard_negatives=0 | val_relation_candidates=7268824 | val_teacher_keff=3.787 | val_student_keff=8.299 | val_adapter_valid=0.000 | val_adapter_gate=0.000 | val_adapter_spatial_gate=0.000 | val_adapter_ratio=0.000000 | val_adapter_modulation=0.000000 | val_adapter_modulation_std=0.000000 | val_adapter_group_gate_std=0.000000 | val_adapter_low_rank=0.000000 | val_adapter_direct=0.000000 | val_masked_positions=42176649 | skipped(train/val)=0/0
[2026-08-14 19:46:04] INFO Checkpoint updated | epoch=6 | best_val=0.462969 | path=C:\Users\clw\projects\researchRep\STAnchor-BlockMemory\artifacts\metrla_e5_final_latent48_global288_seed42\pretrain_best.pt
[2026-08-14 19:46:04] INFO Relation checkpoint updated | epoch=6 | best_val_relation=2.216445 | path=C:\Users\clw\projects\researchRep\STAnchor-BlockMemory\artifacts\metrla_e5_final_latent48_global288_seed42\pretrain_best_relation.pt
[2026-08-14 19:46:04] INFO Epoch 007/050 started | train_batches=1418 | val_batches=188
[2026-08-14 19:46:05] INFO Epoch 007 | train batch=1/1418 | elapsed=0.0 min | eta=11.5 min
[2026-08-14 19:46:09] INFO Epoch 007 | train batch=10/1418 | elapsed=0.1 min | eta=11.1 min
[2026-08-14 19:46:14] INFO Epoch 007 | train batch=20/1418 | elapsed=0.2 min | eta=10.9 min
[2026-08-14 19:46:18] INFO Epoch 007 | train batch=30/1418 | elapsed=0.2 min | eta=10.6 min
[2026-08-14 19:46:22] INFO Epoch 007 | train batch=40/1418 | elapsed=0.3 min | eta=10.3 min
[2026-08-14 19:46:27] INFO Epoch 007 | train batch=50/1418 | elapsed=0.4 min | eta=10.1 min
[2026-08-14 19:46:31] INFO Epoch 007 | train batch=60/1418 | elapsed=0.4 min | eta=10.1 min
[2026-08-14 19:46:35] INFO Epoch 007 | train batch=70/1418 | elapsed=0.5 min | eta=10.0 min
[2026-08-14 19:46:40] INFO Epoch 007 | train batch=80/1418 | elapsed=0.6 min | eta=9.8 min
[2026-08-14 19:46:44] INFO Epoch 007 | train batch=90/1418 | elapsed=0.7 min | eta=9.7 min
[2026-08-14 19:46:48] INFO Epoch 007 | train batch=100/1418 | elapsed=0.7 min | eta=9.6 min
[2026-08-14 19:46:52] INFO Epoch 007 | train batch=110/1418 | elapsed=0.8 min | eta=9.5 min
[2026-08-14 19:46:57] INFO Epoch 007 | train batch=120/1418 | elapsed=0.9 min | eta=9.5 min
[2026-08-14 19:47:01] INFO Epoch 007 | train batch=130/1418 | elapsed=0.9 min | eta=9.3 min
[2026-08-14 19:47:05] INFO Epoch 007 | train batch=140/1418 | elapsed=1.0 min | eta=9.3 min
[2026-08-14 19:47:10] INFO Epoch 007 | train batch=150/1418 | elapsed=1.1 min | eta=9.2 min
[2026-08-14 19:47:14] INFO Epoch 007 | train batch=160/1418 | elapsed=1.2 min | eta=9.1 min
[2026-08-14 19:47:18] INFO Epoch 007 | train batch=170/1418 | elapsed=1.2 min | eta=9.0 min
[2026-08-14 19:47:23] INFO Epoch 007 | train batch=180/1418 | elapsed=1.3 min | eta=9.0 min
[2026-08-14 19:47:27] INFO Epoch 007 | train batch=190/1418 | elapsed=1.4 min | eta=8.9 min
[2026-08-14 19:47:31] INFO Epoch 007 | train batch=200/1418 | elapsed=1.4 min | eta=8.8 min
[2026-08-14 19:47:35] INFO Epoch 007 | train batch=210/1418 | elapsed=1.5 min | eta=8.7 min
[2026-08-14 19:47:40] INFO Epoch 007 | train batch=220/1418 | elapsed=1.6 min | eta=8.6 min
[2026-08-14 19:47:44] INFO Epoch 007 | train batch=230/1418 | elapsed=1.7 min | eta=8.6 min
[2026-08-14 19:47:48] INFO Epoch 007 | train batch=240/1418 | elapsed=1.7 min | eta=8.5 min
[2026-08-14 19:47:52] INFO Epoch 007 | train batch=250/1418 | elapsed=1.8 min | eta=8.4 min
[2026-08-14 19:47:56] INFO Epoch 007 | train batch=260/1418 | elapsed=1.9 min | eta=8.3 min
[2026-08-14 19:48:01] INFO Epoch 007 | train batch=270/1418 | elapsed=1.9 min | eta=8.3 min
[2026-08-14 19:48:05] INFO Epoch 007 | train batch=280/1418 | elapsed=2.0 min | eta=8.2 min
[2026-08-14 19:48:10] INFO Epoch 007 | train batch=290/1418 | elapsed=2.1 min | eta=8.1 min
[2026-08-14 19:48:14] INFO Epoch 007 | train batch=300/1418 | elapsed=2.2 min | eta=8.1 min
[2026-08-14 19:48:18] INFO Epoch 007 | train batch=310/1418 | elapsed=2.2 min | eta=8.0 min
[2026-08-14 19:48:23] INFO Epoch 007 | train batch=320/1418 | elapsed=2.3 min | eta=7.9 min
[2026-08-14 19:48:27] INFO Epoch 007 | train batch=330/1418 | elapsed=2.4 min | eta=7.9 min
[2026-08-14 19:48:32] INFO Epoch 007 | train batch=340/1418 | elapsed=2.5 min | eta=7.8 min
[2026-08-14 19:48:36] INFO Epoch 007 | train batch=350/1418 | elapsed=2.5 min | eta=7.7 min
[2026-08-14 19:48:40] INFO Epoch 007 | train batch=360/1418 | elapsed=2.6 min | eta=7.6 min
[2026-08-14 19:48:44] INFO Epoch 007 | train batch=370/1418 | elapsed=2.7 min | eta=7.6 min
[2026-08-14 19:48:49] INFO Epoch 007 | train batch=380/1418 | elapsed=2.7 min | eta=7.5 min
[2026-08-14 19:48:53] INFO Epoch 007 | train batch=390/1418 | elapsed=2.8 min | eta=7.4 min
[2026-08-14 19:48:57] INFO Epoch 007 | train batch=400/1418 | elapsed=2.9 min | eta=7.3 min
[2026-08-14 19:49:01] INFO Epoch 007 | train batch=410/1418 | elapsed=2.9 min | eta=7.2 min
[2026-08-14 19:49:05] INFO Epoch 007 | train batch=420/1418 | elapsed=3.0 min | eta=7.2 min
[2026-08-14 19:49:10] INFO Epoch 007 | train batch=430/1418 | elapsed=3.1 min | eta=7.1 min
[2026-08-14 19:49:14] INFO Epoch 007 | train batch=440/1418 | elapsed=3.2 min | eta=7.0 min
[2026-08-14 19:49:18] INFO Epoch 007 | train batch=450/1418 | elapsed=3.2 min | eta=6.9 min
[2026-08-14 19:49:22] INFO Epoch 007 | train batch=460/1418 | elapsed=3.3 min | eta=6.9 min
[2026-08-14 19:49:26] INFO Epoch 007 | train batch=470/1418 | elapsed=3.4 min | eta=6.8 min
[2026-08-14 19:49:31] INFO Epoch 007 | train batch=480/1418 | elapsed=3.4 min | eta=6.7 min
[2026-08-14 19:49:35] INFO Epoch 007 | train batch=490/1418 | elapsed=3.5 min | eta=6.7 min
[2026-08-14 19:49:40] INFO Epoch 007 | train batch=500/1418 | elapsed=3.6 min | eta=6.6 min
[2026-08-14 19:49:44] INFO Epoch 007 | train batch=510/1418 | elapsed=3.7 min | eta=6.5 min
[2026-08-14 19:49:49] INFO Epoch 007 | train batch=520/1418 | elapsed=3.7 min | eta=6.5 min
[2026-08-14 19:49:53] INFO Epoch 007 | train batch=530/1418 | elapsed=3.8 min | eta=6.4 min
[2026-08-14 19:49:58] INFO Epoch 007 | train batch=540/1418 | elapsed=3.9 min | eta=6.3 min
[2026-08-14 19:50:02] INFO Epoch 007 | train batch=550/1418 | elapsed=4.0 min | eta=6.2 min
[2026-08-14 19:50:06] INFO Epoch 007 | train batch=560/1418 | elapsed=4.0 min | eta=6.2 min
[2026-08-14 19:50:10] INFO Epoch 007 | train batch=570/1418 | elapsed=4.1 min | eta=6.1 min
[2026-08-14 19:50:15] INFO Epoch 007 | train batch=580/1418 | elapsed=4.2 min | eta=6.0 min
[2026-08-14 19:50:19] INFO Epoch 007 | train batch=590/1418 | elapsed=4.2 min | eta=6.0 min
[2026-08-14 19:50:24] INFO Epoch 007 | train batch=600/1418 | elapsed=4.3 min | eta=5.9 min
[2026-08-14 19:50:28] INFO Epoch 007 | train batch=610/1418 | elapsed=4.4 min | eta=5.8 min
[2026-08-14 19:50:32] INFO Epoch 007 | train batch=620/1418 | elapsed=4.5 min | eta=5.8 min
[2026-08-14 19:50:37] INFO Epoch 007 | train batch=630/1418 | elapsed=4.5 min | eta=5.7 min
[2026-08-14 19:50:41] INFO Epoch 007 | train batch=640/1418 | elapsed=4.6 min | eta=5.6 min
[2026-08-14 19:50:45] INFO Epoch 007 | train batch=650/1418 | elapsed=4.7 min | eta=5.5 min
[2026-08-14 19:50:50] INFO Epoch 007 | train batch=660/1418 | elapsed=4.8 min | eta=5.5 min
[2026-08-14 19:50:54] INFO Epoch 007 | train batch=670/1418 | elapsed=4.8 min | eta=5.4 min
[2026-08-14 19:50:58] INFO Epoch 007 | train batch=680/1418 | elapsed=4.9 min | eta=5.3 min
[2026-08-14 19:51:03] INFO Epoch 007 | train batch=690/1418 | elapsed=5.0 min | eta=5.3 min
[2026-08-14 19:51:07] INFO Epoch 007 | train batch=700/1418 | elapsed=5.0 min | eta=5.2 min
[2026-08-14 19:51:12] INFO Epoch 007 | train batch=710/1418 | elapsed=5.1 min | eta=5.1 min
[2026-08-14 19:51:16] INFO Epoch 007 | train batch=720/1418 | elapsed=5.2 min | eta=5.0 min
[2026-08-14 19:51:21] INFO Epoch 007 | train batch=730/1418 | elapsed=5.3 min | eta=5.0 min
[2026-08-14 19:51:25] INFO Epoch 007 | train batch=740/1418 | elapsed=5.3 min | eta=4.9 min
[2026-08-14 19:51:30] INFO Epoch 007 | train batch=750/1418 | elapsed=5.4 min | eta=4.8 min
[2026-08-14 19:51:34] INFO Epoch 007 | train batch=760/1418 | elapsed=5.5 min | eta=4.8 min
[2026-08-14 19:51:38] INFO Epoch 007 | train batch=770/1418 | elapsed=5.6 min | eta=4.7 min
[2026-08-14 19:51:43] INFO Epoch 007 | train batch=780/1418 | elapsed=5.6 min | eta=4.6 min
[2026-08-14 19:51:47] INFO Epoch 007 | train batch=790/1418 | elapsed=5.7 min | eta=4.5 min
[2026-08-14 19:51:51] INFO Epoch 007 | train batch=800/1418 | elapsed=5.8 min | eta=4.5 min
[2026-08-14 19:51:56] INFO Epoch 007 | train batch=810/1418 | elapsed=5.9 min | eta=4.4 min
[2026-08-14 19:52:00] INFO Epoch 007 | train batch=820/1418 | elapsed=5.9 min | eta=4.3 min
[2026-08-14 19:52:05] INFO Epoch 007 | train batch=830/1418 | elapsed=6.0 min | eta=4.3 min
[2026-08-14 19:52:09] INFO Epoch 007 | train batch=840/1418 | elapsed=6.1 min | eta=4.2 min
[2026-08-14 19:52:13] INFO Epoch 007 | train batch=850/1418 | elapsed=6.1 min | eta=4.1 min
[2026-08-14 19:52:17] INFO Epoch 007 | train batch=860/1418 | elapsed=6.2 min | eta=4.0 min
[2026-08-14 19:52:22] INFO Epoch 007 | train batch=870/1418 | elapsed=6.3 min | eta=4.0 min
[2026-08-14 19:52:26] INFO Epoch 007 | train batch=880/1418 | elapsed=6.4 min | eta=3.9 min
[2026-08-14 19:52:31] INFO Epoch 007 | train batch=890/1418 | elapsed=6.4 min | eta=3.8 min
[2026-08-14 19:52:35] INFO Epoch 007 | train batch=900/1418 | elapsed=6.5 min | eta=3.7 min
[2026-08-14 19:52:39] INFO Epoch 007 | train batch=910/1418 | elapsed=6.6 min | eta=3.7 min
[2026-08-14 19:52:44] INFO Epoch 007 | train batch=920/1418 | elapsed=6.7 min | eta=3.6 min
[2026-08-14 19:52:48] INFO Epoch 007 | train batch=930/1418 | elapsed=6.7 min | eta=3.5 min
[2026-08-14 19:52:53] INFO Epoch 007 | train batch=940/1418 | elapsed=6.8 min | eta=3.5 min
[2026-08-14 19:52:57] INFO Epoch 007 | train batch=950/1418 | elapsed=6.9 min | eta=3.4 min
[2026-08-14 19:53:02] INFO Epoch 007 | train batch=960/1418 | elapsed=7.0 min | eta=3.3 min
[2026-08-14 19:53:06] INFO Epoch 007 | train batch=970/1418 | elapsed=7.0 min | eta=3.2 min
[2026-08-14 19:53:11] INFO Epoch 007 | train batch=980/1418 | elapsed=7.1 min | eta=3.2 min
[2026-08-14 19:53:15] INFO Epoch 007 | train batch=990/1418 | elapsed=7.2 min | eta=3.1 min
[2026-08-14 19:53:19] INFO Epoch 007 | train batch=1000/1418 | elapsed=7.2 min | eta=3.0 min
[2026-08-14 19:53:24] INFO Epoch 007 | train batch=1010/1418 | elapsed=7.3 min | eta=3.0 min
[2026-08-14 19:53:28] INFO Epoch 007 | train batch=1020/1418 | elapsed=7.4 min | eta=2.9 min
[2026-08-14 19:53:33] INFO Epoch 007 | train batch=1030/1418 | elapsed=7.5 min | eta=2.8 min
[2026-08-14 19:53:37] INFO Epoch 007 | train batch=1040/1418 | elapsed=7.5 min | eta=2.7 min
[2026-08-14 19:53:41] INFO Epoch 007 | train batch=1050/1418 | elapsed=7.6 min | eta=2.7 min
[2026-08-14 19:53:45] INFO Epoch 007 | train batch=1060/1418 | elapsed=7.7 min | eta=2.6 min
[2026-08-14 19:53:49] INFO Epoch 007 | train batch=1070/1418 | elapsed=7.8 min | eta=2.5 min
[2026-08-14 19:53:54] INFO Epoch 007 | train batch=1080/1418 | elapsed=7.8 min | eta=2.4 min
[2026-08-14 19:53:58] INFO Epoch 007 | train batch=1090/1418 | elapsed=7.9 min | eta=2.4 min
[2026-08-14 19:54:02] INFO Epoch 007 | train batch=1100/1418 | elapsed=8.0 min | eta=2.3 min
[2026-08-14 19:54:07] INFO Epoch 007 | train batch=1110/1418 | elapsed=8.0 min | eta=2.2 min
[2026-08-14 19:54:12] INFO Epoch 007 | train batch=1120/1418 | elapsed=8.1 min | eta=2.2 min
[2026-08-14 19:54:16] INFO Epoch 007 | train batch=1130/1418 | elapsed=8.2 min | eta=2.1 min
[2026-08-14 19:54:20] INFO Epoch 007 | train batch=1140/1418 | elapsed=8.3 min | eta=2.0 min
[2026-08-14 19:54:25] INFO Epoch 007 | train batch=1150/1418 | elapsed=8.3 min | eta=1.9 min
[2026-08-14 19:54:29] INFO Epoch 007 | train batch=1160/1418 | elapsed=8.4 min | eta=1.9 min
[2026-08-14 19:54:33] INFO Epoch 007 | train batch=1170/1418 | elapsed=8.5 min | eta=1.8 min
[2026-08-14 19:54:38] INFO Epoch 007 | train batch=1180/1418 | elapsed=8.6 min | eta=1.7 min
[2026-08-14 19:54:42] INFO Epoch 007 | train batch=1190/1418 | elapsed=8.6 min | eta=1.7 min
[2026-08-14 19:54:46] INFO Epoch 007 | train batch=1200/1418 | elapsed=8.7 min | eta=1.6 min
[2026-08-14 19:54:51] INFO Epoch 007 | train batch=1210/1418 | elapsed=8.8 min | eta=1.5 min
[2026-08-14 19:54:55] INFO Epoch 007 | train batch=1220/1418 | elapsed=8.8 min | eta=1.4 min
[2026-08-14 19:55:00] INFO Epoch 007 | train batch=1230/1418 | elapsed=8.9 min | eta=1.4 min
[2026-08-14 19:55:04] INFO Epoch 007 | train batch=1240/1418 | elapsed=9.0 min | eta=1.3 min
[2026-08-14 19:55:08] INFO Epoch 007 | train batch=1250/1418 | elapsed=9.1 min | eta=1.2 min
[2026-08-14 19:55:13] INFO Epoch 007 | train batch=1260/1418 | elapsed=9.1 min | eta=1.1 min
[2026-08-14 19:55:17] INFO Epoch 007 | train batch=1270/1418 | elapsed=9.2 min | eta=1.1 min
[2026-08-14 19:55:21] INFO Epoch 007 | train batch=1280/1418 | elapsed=9.3 min | eta=1.0 min
[2026-08-14 19:55:25] INFO Epoch 007 | train batch=1290/1418 | elapsed=9.3 min | eta=0.9 min
[2026-08-14 19:55:29] INFO Epoch 007 | train batch=1300/1418 | elapsed=9.4 min | eta=0.9 min
[2026-08-14 19:55:34] INFO Epoch 007 | train batch=1310/1418 | elapsed=9.5 min | eta=0.8 min
[2026-08-14 19:55:38] INFO Epoch 007 | train batch=1320/1418 | elapsed=9.6 min | eta=0.7 min
[2026-08-14 19:55:42] INFO Epoch 007 | train batch=1330/1418 | elapsed=9.6 min | eta=0.6 min
[2026-08-14 19:55:47] INFO Epoch 007 | train batch=1340/1418 | elapsed=9.7 min | eta=0.6 min
[2026-08-14 19:55:51] INFO Epoch 007 | train batch=1350/1418 | elapsed=9.8 min | eta=0.5 min
[2026-08-14 19:55:55] INFO Epoch 007 | train batch=1360/1418 | elapsed=9.8 min | eta=0.4 min
[2026-08-14 19:55:59] INFO Epoch 007 | train batch=1370/1418 | elapsed=9.9 min | eta=0.3 min
[2026-08-14 19:56:04] INFO Epoch 007 | train batch=1380/1418 | elapsed=10.0 min | eta=0.3 min
[2026-08-14 19:56:08] INFO Epoch 007 | train batch=1390/1418 | elapsed=10.1 min | eta=0.2 min
[2026-08-14 19:56:12] INFO Epoch 007 | train batch=1400/1418 | elapsed=10.1 min | eta=0.1 min
[2026-08-14 19:56:17] INFO Epoch 007 | train batch=1410/1418 | elapsed=10.2 min | eta=0.1 min
[2026-08-14 19:56:20] INFO Epoch 007 | train batch=1418/1418 | elapsed=10.3 min | eta=0.0 min
[2026-08-14 19:56:20] INFO Epoch 007 | val batch=1/188 | elapsed=0.0 min | eta=0.4 min
[2026-08-14 19:56:22] INFO Epoch 007 | val batch=10/188 | elapsed=0.0 min | eta=0.6 min
[2026-08-14 19:56:23] INFO Epoch 007 | val batch=20/188 | elapsed=0.1 min | eta=0.5 min
[2026-08-14 19:56:25] INFO Epoch 007 | val batch=30/188 | elapsed=0.1 min | eta=0.5 min
[2026-08-14 19:56:27] INFO Epoch 007 | val batch=40/188 | elapsed=0.1 min | eta=0.5 min
[2026-08-14 19:56:29] INFO Epoch 007 | val batch=50/188 | elapsed=0.2 min | eta=0.4 min
[2026-08-14 19:56:31] INFO Epoch 007 | val batch=60/188 | elapsed=0.2 min | eta=0.4 min
[2026-08-14 19:56:33] INFO Epoch 007 | val batch=70/188 | elapsed=0.2 min | eta=0.4 min
[2026-08-14 19:56:35] INFO Epoch 007 | val batch=80/188 | elapsed=0.2 min | eta=0.3 min
[2026-08-14 19:56:37] INFO Epoch 007 | val batch=90/188 | elapsed=0.3 min | eta=0.3 min
[2026-08-14 19:56:38] INFO Epoch 007 | val batch=100/188 | elapsed=0.3 min | eta=0.3 min
[2026-08-14 19:56:40] INFO Epoch 007 | val batch=110/188 | elapsed=0.3 min | eta=0.2 min
[2026-08-14 19:56:42] INFO Epoch 007 | val batch=120/188 | elapsed=0.4 min | eta=0.2 min
[2026-08-14 19:56:44] INFO Epoch 007 | val batch=130/188 | elapsed=0.4 min | eta=0.2 min
[2026-08-14 19:56:46] INFO Epoch 007 | val batch=140/188 | elapsed=0.4 min | eta=0.1 min
[2026-08-14 19:56:48] INFO Epoch 007 | val batch=150/188 | elapsed=0.5 min | eta=0.1 min
[2026-08-14 19:56:50] INFO Epoch 007 | val batch=160/188 | elapsed=0.5 min | eta=0.1 min
[2026-08-14 19:56:52] INFO Epoch 007 | val batch=170/188 | elapsed=0.5 min | eta=0.1 min
[2026-08-14 19:56:53] INFO Epoch 007 | val batch=180/188 | elapsed=0.6 min | eta=0.0 min
[2026-08-14 19:56:55] INFO Epoch 007 | val batch=188/188 | elapsed=0.6 min | eta=0.0 min
[2026-08-14 19:56:55] INFO Epoch 007 | train_total=0.522213 | val_total=0.467195 | val_mask=0.246157 | val_retrieval=2.210379 | val_profile=0.000000 | val_anchors=604396 | val_positive_pairs=0 | val_hard_negatives=0 | val_relation_candidates=7268824 | val_teacher_keff=3.787 | val_student_keff=8.547 | val_adapter_valid=0.000 | val_adapter_gate=0.000 | val_adapter_spatial_gate=0.000 | val_adapter_ratio=0.000000 | val_adapter_modulation=0.000000 | val_adapter_modulation_std=0.000000 | val_adapter_group_gate_std=0.000000 | val_adapter_low_rank=0.000000 | val_adapter_direct=0.000000 | val_masked_positions=42120865 | skipped(train/val)=0/0
[2026-08-14 19:56:55] INFO Relation checkpoint updated | epoch=7 | best_val_relation=2.210379 | path=C:\Users\clw\projects\researchRep\STAnchor-BlockMemory\artifacts\metrla_e5_final_latent48_global288_seed42\pretrain_best_relation.pt
[2026-08-14 19:56:55] INFO Epoch 008/050 started | train_batches=1418 | val_batches=188
[2026-08-14 19:56:55] INFO Epoch 008 | train batch=1/1418 | elapsed=0.0 min | eta=11.3 min
[2026-08-14 19:56:59] INFO Epoch 008 | train batch=10/1418 | elapsed=0.1 min | eta=9.9 min
[2026-08-14 19:57:04] INFO Epoch 008 | train batch=20/1418 | elapsed=0.1 min | eta=10.2 min
[2026-08-14 19:57:08] INFO Epoch 008 | train batch=30/1418 | elapsed=0.2 min | eta=10.1 min
[2026-08-14 19:57:12] INFO Epoch 008 | train batch=40/1418 | elapsed=0.3 min | eta=9.9 min
[2026-08-14 19:57:16] INFO Epoch 008 | train batch=50/1418 | elapsed=0.4 min | eta=9.9 min
[2026-08-14 19:57:21] INFO Epoch 008 | train batch=60/1418 | elapsed=0.4 min | eta=9.8 min
[2026-08-14 19:57:25] INFO Epoch 008 | train batch=70/1418 | elapsed=0.5 min | eta=9.8 min
[2026-08-14 19:57:29] INFO Epoch 008 | train batch=80/1418 | elapsed=0.6 min | eta=9.7 min
[2026-08-14 19:57:34] INFO Epoch 008 | train batch=90/1418 | elapsed=0.6 min | eta=9.5 min
[2026-08-14 19:57:38] INFO Epoch 008 | train batch=100/1418 | elapsed=0.7 min | eta=9.5 min
[2026-08-14 19:57:42] INFO Epoch 008 | train batch=110/1418 | elapsed=0.8 min | eta=9.4 min
[2026-08-14 19:57:47] INFO Epoch 008 | train batch=120/1418 | elapsed=0.9 min | eta=9.3 min
[2026-08-14 19:57:51] INFO Epoch 008 | train batch=130/1418 | elapsed=0.9 min | eta=9.3 min
[2026-08-14 19:57:55] INFO Epoch 008 | train batch=140/1418 | elapsed=1.0 min | eta=9.2 min
[2026-08-14 19:58:00] INFO Epoch 008 | train batch=150/1418 | elapsed=1.1 min | eta=9.2 min
[2026-08-14 19:58:04] INFO Epoch 008 | train batch=160/1418 | elapsed=1.2 min | eta=9.1 min
[2026-08-14 19:58:09] INFO Epoch 008 | train batch=170/1418 | elapsed=1.2 min | eta=9.0 min
[2026-08-14 19:58:13] INFO Epoch 008 | train batch=180/1418 | elapsed=1.3 min | eta=8.9 min
[2026-08-14 19:58:17] INFO Epoch 008 | train batch=190/1418 | elapsed=1.4 min | eta=8.8 min
[2026-08-14 19:58:21] INFO Epoch 008 | train batch=200/1418 | elapsed=1.4 min | eta=8.7 min
[2026-08-14 19:58:25] INFO Epoch 008 | train batch=210/1418 | elapsed=1.5 min | eta=8.7 min
[2026-08-14 19:58:30] INFO Epoch 008 | train batch=220/1418 | elapsed=1.6 min | eta=8.6 min
[2026-08-14 19:58:34] INFO Epoch 008 | train batch=230/1418 | elapsed=1.7 min | eta=8.5 min
[2026-08-14 19:58:38] INFO Epoch 008 | train batch=240/1418 | elapsed=1.7 min | eta=8.5 min
[2026-08-14 19:58:43] INFO Epoch 008 | train batch=250/1418 | elapsed=1.8 min | eta=8.4 min
[2026-08-14 19:58:47] INFO Epoch 008 | train batch=260/1418 | elapsed=1.9 min | eta=8.3 min
[2026-08-14 19:58:51] INFO Epoch 008 | train batch=270/1418 | elapsed=1.9 min | eta=8.2 min
[2026-08-14 19:58:55] INFO Epoch 008 | train batch=280/1418 | elapsed=2.0 min | eta=8.2 min
[2026-08-14 19:58:59] INFO Epoch 008 | train batch=290/1418 | elapsed=2.1 min | eta=8.1 min
[2026-08-14 19:59:04] INFO Epoch 008 | train batch=300/1418 | elapsed=2.2 min | eta=8.0 min
[2026-08-14 19:59:08] INFO Epoch 008 | train batch=310/1418 | elapsed=2.2 min | eta=7.9 min
[2026-08-14 19:59:12] INFO Epoch 008 | train batch=320/1418 | elapsed=2.3 min | eta=7.9 min
[2026-08-14 19:59:17] INFO Epoch 008 | train batch=330/1418 | elapsed=2.4 min | eta=7.8 min
[2026-08-14 19:59:21] INFO Epoch 008 | train batch=340/1418 | elapsed=2.4 min | eta=7.7 min
[2026-08-14 19:59:26] INFO Epoch 008 | train batch=350/1418 | elapsed=2.5 min | eta=7.7 min
[2026-08-14 19:59:30] INFO Epoch 008 | train batch=360/1418 | elapsed=2.6 min | eta=7.6 min
[2026-08-14 19:59:34] INFO Epoch 008 | train batch=370/1418 | elapsed=2.7 min | eta=7.5 min
[2026-08-14 19:59:39] INFO Epoch 008 | train batch=380/1418 | elapsed=2.7 min | eta=7.5 min
[2026-08-14 19:59:43] INFO Epoch 008 | train batch=390/1418 | elapsed=2.8 min | eta=7.4 min
[2026-08-14 19:59:48] INFO Epoch 008 | train batch=400/1418 | elapsed=2.9 min | eta=7.3 min
[2026-08-14 19:59:52] INFO Epoch 008 | train batch=410/1418 | elapsed=3.0 min | eta=7.3 min
[2026-08-14 19:59:56] INFO Epoch 008 | train batch=420/1418 | elapsed=3.0 min | eta=7.2 min
[2026-08-14 20:00:01] INFO Epoch 008 | train batch=430/1418 | elapsed=3.1 min | eta=7.1 min
[2026-08-14 20:00:05] INFO Epoch 008 | train batch=440/1418 | elapsed=3.2 min | eta=7.1 min
[2026-08-14 20:00:10] INFO Epoch 008 | train batch=450/1418 | elapsed=3.3 min | eta=7.0 min
[2026-08-14 20:00:14] INFO Epoch 008 | train batch=460/1418 | elapsed=3.3 min | eta=6.9 min
[2026-08-14 20:00:18] INFO Epoch 008 | train batch=470/1418 | elapsed=3.4 min | eta=6.8 min
[2026-08-14 20:00:22] INFO Epoch 008 | train batch=480/1418 | elapsed=3.5 min | eta=6.8 min
[2026-08-14 20:00:27] INFO Epoch 008 | train batch=490/1418 | elapsed=3.5 min | eta=6.7 min
[2026-08-14 20:00:32] INFO Epoch 008 | train batch=500/1418 | elapsed=3.6 min | eta=6.6 min
[2026-08-14 20:00:36] INFO Epoch 008 | train batch=510/1418 | elapsed=3.7 min | eta=6.6 min
[2026-08-14 20:00:40] INFO Epoch 008 | train batch=520/1418 | elapsed=3.8 min | eta=6.5 min
[2026-08-14 20:00:45] INFO Epoch 008 | train batch=530/1418 | elapsed=3.8 min | eta=6.4 min
[2026-08-14 20:00:49] INFO Epoch 008 | train batch=540/1418 | elapsed=3.9 min | eta=6.3 min
[2026-08-14 20:00:53] INFO Epoch 008 | train batch=550/1418 | elapsed=4.0 min | eta=6.3 min
[2026-08-14 20:00:57] INFO Epoch 008 | train batch=560/1418 | elapsed=4.0 min | eta=6.2 min
[2026-08-14 20:01:02] INFO Epoch 008 | train batch=570/1418 | elapsed=4.1 min | eta=6.1 min
[2026-08-14 20:01:06] INFO Epoch 008 | train batch=580/1418 | elapsed=4.2 min | eta=6.0 min
[2026-08-14 20:01:10] INFO Epoch 008 | train batch=590/1418 | elapsed=4.3 min | eta=6.0 min
[2026-08-14 20:01:14] INFO Epoch 008 | train batch=600/1418 | elapsed=4.3 min | eta=5.9 min
[2026-08-14 20:01:18] INFO Epoch 008 | train batch=610/1418 | elapsed=4.4 min | eta=5.8 min
[2026-08-14 20:01:23] INFO Epoch 008 | train batch=620/1418 | elapsed=4.5 min | eta=5.7 min
[2026-08-14 20:01:27] INFO Epoch 008 | train batch=630/1418 | elapsed=4.5 min | eta=5.7 min
[2026-08-14 20:01:31] INFO Epoch 008 | train batch=640/1418 | elapsed=4.6 min | eta=5.6 min
[2026-08-14 20:01:36] INFO Epoch 008 | train batch=650/1418 | elapsed=4.7 min | eta=5.5 min
[2026-08-14 20:01:40] INFO Epoch 008 | train batch=660/1418 | elapsed=4.7 min | eta=5.5 min
[2026-08-14 20:01:44] INFO Epoch 008 | train batch=670/1418 | elapsed=4.8 min | eta=5.4 min
[2026-08-14 20:01:48] INFO Epoch 008 | train batch=680/1418 | elapsed=4.9 min | eta=5.3 min
[2026-08-14 20:01:52] INFO Epoch 008 | train batch=690/1418 | elapsed=5.0 min | eta=5.2 min
[2026-08-14 20:01:57] INFO Epoch 008 | train batch=700/1418 | elapsed=5.0 min | eta=5.2 min
[2026-08-14 20:02:01] INFO Epoch 008 | train batch=710/1418 | elapsed=5.1 min | eta=5.1 min
[2026-08-14 20:02:06] INFO Epoch 008 | train batch=720/1418 | elapsed=5.2 min | eta=5.0 min
[2026-08-14 20:02:10] INFO Epoch 008 | train batch=730/1418 | elapsed=5.3 min | eta=4.9 min
[2026-08-14 20:02:14] INFO Epoch 008 | train batch=740/1418 | elapsed=5.3 min | eta=4.9 min
[2026-08-14 20:02:19] INFO Epoch 008 | train batch=750/1418 | elapsed=5.4 min | eta=4.8 min
[2026-08-14 20:02:23] INFO Epoch 008 | train batch=760/1418 | elapsed=5.5 min | eta=4.7 min
[2026-08-14 20:02:28] INFO Epoch 008 | train batch=770/1418 | elapsed=5.5 min | eta=4.7 min
[2026-08-14 20:02:32] INFO Epoch 008 | train batch=780/1418 | elapsed=5.6 min | eta=4.6 min
[2026-08-14 20:02:37] INFO Epoch 008 | train batch=790/1418 | elapsed=5.7 min | eta=4.5 min
[2026-08-14 20:02:41] INFO Epoch 008 | train batch=800/1418 | elapsed=5.8 min | eta=4.5 min
[2026-08-14 20:02:45] INFO Epoch 008 | train batch=810/1418 | elapsed=5.8 min | eta=4.4 min
[2026-08-14 20:02:49] INFO Epoch 008 | train batch=820/1418 | elapsed=5.9 min | eta=4.3 min
[2026-08-14 20:02:54] INFO Epoch 008 | train batch=830/1418 | elapsed=6.0 min | eta=4.2 min
[2026-08-14 20:02:58] INFO Epoch 008 | train batch=840/1418 | elapsed=6.1 min | eta=4.2 min
[2026-08-14 20:03:02] INFO Epoch 008 | train batch=850/1418 | elapsed=6.1 min | eta=4.1 min
[2026-08-14 20:03:07] INFO Epoch 008 | train batch=860/1418 | elapsed=6.2 min | eta=4.0 min
[2026-08-14 20:03:11] INFO Epoch 008 | train batch=870/1418 | elapsed=6.3 min | eta=4.0 min
[2026-08-14 20:03:15] INFO Epoch 008 | train batch=880/1418 | elapsed=6.3 min | eta=3.9 min
[2026-08-14 20:03:20] INFO Epoch 008 | train batch=890/1418 | elapsed=6.4 min | eta=3.8 min
[2026-08-14 20:03:24] INFO Epoch 008 | train batch=900/1418 | elapsed=6.5 min | eta=3.7 min
[2026-08-14 20:03:28] INFO Epoch 008 | train batch=910/1418 | elapsed=6.6 min | eta=3.7 min
[2026-08-14 20:03:33] INFO Epoch 008 | train batch=920/1418 | elapsed=6.6 min | eta=3.6 min
[2026-08-14 20:03:37] INFO Epoch 008 | train batch=930/1418 | elapsed=6.7 min | eta=3.5 min
[2026-08-14 20:03:41] INFO Epoch 008 | train batch=940/1418 | elapsed=6.8 min | eta=3.4 min
[2026-08-14 20:03:46] INFO Epoch 008 | train batch=950/1418 | elapsed=6.8 min | eta=3.4 min
[2026-08-14 20:03:50] INFO Epoch 008 | train batch=960/1418 | elapsed=6.9 min | eta=3.3 min
[2026-08-14 20:03:54] INFO Epoch 008 | train batch=970/1418 | elapsed=7.0 min | eta=3.2 min
[2026-08-14 20:03:59] INFO Epoch 008 | train batch=980/1418 | elapsed=7.1 min | eta=3.2 min
[2026-08-14 20:04:03] INFO Epoch 008 | train batch=990/1418 | elapsed=7.1 min | eta=3.1 min
[2026-08-14 20:04:07] INFO Epoch 008 | train batch=1000/1418 | elapsed=7.2 min | eta=3.0 min
[2026-08-14 20:04:12] INFO Epoch 008 | train batch=1010/1418 | elapsed=7.3 min | eta=2.9 min
[2026-08-14 20:04:16] INFO Epoch 008 | train batch=1020/1418 | elapsed=7.4 min | eta=2.9 min
[2026-08-14 20:04:21] INFO Epoch 008 | train batch=1030/1418 | elapsed=7.4 min | eta=2.8 min
[2026-08-14 20:04:25] INFO Epoch 008 | train batch=1040/1418 | elapsed=7.5 min | eta=2.7 min
[2026-08-14 20:04:29] INFO Epoch 008 | train batch=1050/1418 | elapsed=7.6 min | eta=2.7 min
[2026-08-14 20:04:33] INFO Epoch 008 | train batch=1060/1418 | elapsed=7.6 min | eta=2.6 min
[2026-08-14 20:04:38] INFO Epoch 008 | train batch=1070/1418 | elapsed=7.7 min | eta=2.5 min
[2026-08-14 20:04:42] INFO Epoch 008 | train batch=1080/1418 | elapsed=7.8 min | eta=2.4 min
[2026-08-14 20:04:47] INFO Epoch 008 | train batch=1090/1418 | elapsed=7.9 min | eta=2.4 min
[2026-08-14 20:04:51] INFO Epoch 008 | train batch=1100/1418 | elapsed=7.9 min | eta=2.3 min
[2026-08-14 20:04:55] INFO Epoch 008 | train batch=1110/1418 | elapsed=8.0 min | eta=2.2 min
[2026-08-14 20:04:59] INFO Epoch 008 | train batch=1120/1418 | elapsed=8.1 min | eta=2.1 min
[2026-08-14 20:05:04] INFO Epoch 008 | train batch=1130/1418 | elapsed=8.1 min | eta=2.1 min
[2026-08-14 20:05:08] INFO Epoch 008 | train batch=1140/1418 | elapsed=8.2 min | eta=2.0 min
[2026-08-14 20:05:12] INFO Epoch 008 | train batch=1150/1418 | elapsed=8.3 min | eta=1.9 min
[2026-08-14 20:05:17] INFO Epoch 008 | train batch=1160/1418 | elapsed=8.4 min | eta=1.9 min
[2026-08-14 20:05:21] INFO Epoch 008 | train batch=1170/1418 | elapsed=8.4 min | eta=1.8 min
[2026-08-14 20:05:25] INFO Epoch 008 | train batch=1180/1418 | elapsed=8.5 min | eta=1.7 min
[2026-08-14 20:05:30] INFO Epoch 008 | train batch=1190/1418 | elapsed=8.6 min | eta=1.6 min
[2026-08-14 20:05:34] INFO Epoch 008 | train batch=1200/1418 | elapsed=8.7 min | eta=1.6 min
[2026-08-14 20:05:38] INFO Epoch 008 | train batch=1210/1418 | elapsed=8.7 min | eta=1.5 min
[2026-08-14 20:05:42] INFO Epoch 008 | train batch=1220/1418 | elapsed=8.8 min | eta=1.4 min
[2026-08-14 20:05:47] INFO Epoch 008 | train batch=1230/1418 | elapsed=8.9 min | eta=1.4 min
[2026-08-14 20:05:51] INFO Epoch 008 | train batch=1240/1418 | elapsed=8.9 min | eta=1.3 min
[2026-08-14 20:05:55] INFO Epoch 008 | train batch=1250/1418 | elapsed=9.0 min | eta=1.2 min
[2026-08-14 20:05:59] INFO Epoch 008 | train batch=1260/1418 | elapsed=9.1 min | eta=1.1 min
[2026-08-14 20:06:04] INFO Epoch 008 | train batch=1270/1418 | elapsed=9.1 min | eta=1.1 min
[2026-08-14 20:06:08] INFO Epoch 008 | train batch=1280/1418 | elapsed=9.2 min | eta=1.0 min
[2026-08-14 20:06:12] INFO Epoch 008 | train batch=1290/1418 | elapsed=9.3 min | eta=0.9 min
[2026-08-14 20:06:16] INFO Epoch 008 | train batch=1300/1418 | elapsed=9.4 min | eta=0.8 min
[2026-08-14 20:06:21] INFO Epoch 008 | train batch=1310/1418 | elapsed=9.4 min | eta=0.8 min
[2026-08-14 20:06:25] INFO Epoch 008 | train batch=1320/1418 | elapsed=9.5 min | eta=0.7 min
[2026-08-14 20:06:29] INFO Epoch 008 | train batch=1330/1418 | elapsed=9.6 min | eta=0.6 min
[2026-08-14 20:06:34] INFO Epoch 008 | train batch=1340/1418 | elapsed=9.6 min | eta=0.6 min
[2026-08-14 20:06:38] INFO Epoch 008 | train batch=1350/1418 | elapsed=9.7 min | eta=0.5 min
[2026-08-14 20:06:42] INFO Epoch 008 | train batch=1360/1418 | elapsed=9.8 min | eta=0.4 min
[2026-08-14 20:06:47] INFO Epoch 008 | train batch=1370/1418 | elapsed=9.9 min | eta=0.3 min
[2026-08-14 20:06:51] INFO Epoch 008 | train batch=1380/1418 | elapsed=9.9 min | eta=0.3 min
[2026-08-14 20:06:56] INFO Epoch 008 | train batch=1390/1418 | elapsed=10.0 min | eta=0.2 min
[2026-08-14 20:07:00] INFO Epoch 008 | train batch=1400/1418 | elapsed=10.1 min | eta=0.1 min
[2026-08-14 20:07:04] INFO Epoch 008 | train batch=1410/1418 | elapsed=10.2 min | eta=0.1 min
[2026-08-14 20:07:07] INFO Epoch 008 | train batch=1418/1418 | elapsed=10.2 min | eta=0.0 min
[2026-08-14 20:07:07] INFO Epoch 008 | val batch=1/188 | elapsed=0.0 min | eta=0.4 min
[2026-08-14 20:07:09] INFO Epoch 008 | val batch=10/188 | elapsed=0.0 min | eta=0.6 min
[2026-08-14 20:07:11] INFO Epoch 008 | val batch=20/188 | elapsed=0.1 min | eta=0.5 min
[2026-08-14 20:07:13] INFO Epoch 008 | val batch=30/188 | elapsed=0.1 min | eta=0.5 min
[2026-08-14 20:07:15] INFO Epoch 008 | val batch=40/188 | elapsed=0.1 min | eta=0.5 min
[2026-08-14 20:07:17] INFO Epoch 008 | val batch=50/188 | elapsed=0.2 min | eta=0.4 min
[2026-08-14 20:07:18] INFO Epoch 008 | val batch=60/188 | elapsed=0.2 min | eta=0.4 min
[2026-08-14 20:07:20] INFO Epoch 008 | val batch=70/188 | elapsed=0.2 min | eta=0.4 min
[2026-08-14 20:07:22] INFO Epoch 008 | val batch=80/188 | elapsed=0.2 min | eta=0.3 min
[2026-08-14 20:07:24] INFO Epoch 008 | val batch=90/188 | elapsed=0.3 min | eta=0.3 min
[2026-08-14 20:07:26] INFO Epoch 008 | val batch=100/188 | elapsed=0.3 min | eta=0.3 min
[2026-08-14 20:07:28] INFO Epoch 008 | val batch=110/188 | elapsed=0.3 min | eta=0.2 min
[2026-08-14 20:07:30] INFO Epoch 008 | val batch=120/188 | elapsed=0.4 min | eta=0.2 min
[2026-08-14 20:07:32] INFO Epoch 008 | val batch=130/188 | elapsed=0.4 min | eta=0.2 min
[2026-08-14 20:07:33] INFO Epoch 008 | val batch=140/188 | elapsed=0.4 min | eta=0.1 min
[2026-08-14 20:07:35] INFO Epoch 008 | val batch=150/188 | elapsed=0.5 min | eta=0.1 min
[2026-08-14 20:07:37] INFO Epoch 008 | val batch=160/188 | elapsed=0.5 min | eta=0.1 min
[2026-08-14 20:07:39] INFO Epoch 008 | val batch=170/188 | elapsed=0.5 min | eta=0.1 min
[2026-08-14 20:07:41] INFO Epoch 008 | val batch=180/188 | elapsed=0.6 min | eta=0.0 min
[2026-08-14 20:07:42] INFO Epoch 008 | val batch=188/188 | elapsed=0.6 min | eta=0.0 min
[2026-08-14 20:07:42] INFO Epoch 008 | train_total=0.477353 | val_total=0.465144 | val_mask=0.244500 | val_retrieval=2.206438 | val_profile=0.000000 | val_anchors=604396 | val_positive_pairs=0 | val_hard_negatives=0 | val_relation_candidates=7268824 | val_teacher_keff=3.787 | val_student_keff=8.367 | val_adapter_valid=0.000 | val_adapter_gate=0.000 | val_adapter_spatial_gate=0.000 | val_adapter_ratio=0.000000 | val_adapter_modulation=0.000000 | val_adapter_modulation_std=0.000000 | val_adapter_group_gate_std=0.000000 | val_adapter_low_rank=0.000000 | val_adapter_direct=0.000000 | val_masked_positions=42218624 | skipped(train/val)=0/0
[2026-08-14 20:07:42] INFO Relation checkpoint updated | epoch=8 | best_val_relation=2.206438 | path=C:\Users\clw\projects\researchRep\STAnchor-BlockMemory\artifacts\metrla_e5_final_latent48_global288_seed42\pretrain_best_relation.pt
[2026-08-14 20:07:42] INFO Epoch 009/050 started | train_batches=1418 | val_batches=188
[2026-08-14 20:07:43] INFO Epoch 009 | train batch=1/1418 | elapsed=0.0 min | eta=11.1 min
[2026-08-14 20:07:47] INFO Epoch 009 | train batch=10/1418 | elapsed=0.1 min | eta=10.6 min
[2026-08-14 20:07:51] INFO Epoch 009 | train batch=20/1418 | elapsed=0.1 min | eta=10.4 min
[2026-08-14 20:07:55] INFO Epoch 009 | train batch=30/1418 | elapsed=0.2 min | eta=10.1 min
[2026-08-14 20:08:00] INFO Epoch 009 | train batch=40/1418 | elapsed=0.3 min | eta=10.1 min
[2026-08-14 20:08:04] INFO Epoch 009 | train batch=50/1418 | elapsed=0.4 min | eta=9.9 min
[2026-08-14 20:08:08] INFO Epoch 009 | train batch=60/1418 | elapsed=0.4 min | eta=9.7 min
[2026-08-14 20:08:12] INFO Epoch 009 | train batch=70/1418 | elapsed=0.5 min | eta=9.5 min
[2026-08-14 20:08:16] INFO Epoch 009 | train batch=80/1418 | elapsed=0.6 min | eta=9.5 min
[2026-08-14 20:08:21] INFO Epoch 009 | train batch=90/1418 | elapsed=0.6 min | eta=9.5 min
[2026-08-14 20:08:25] INFO Epoch 009 | train batch=100/1418 | elapsed=0.7 min | eta=9.4 min
[2026-08-14 20:08:29] INFO Epoch 009 | train batch=110/1418 | elapsed=0.8 min | eta=9.3 min
[2026-08-14 20:08:33] INFO Epoch 009 | train batch=120/1418 | elapsed=0.9 min | eta=9.2 min
[2026-08-14 20:08:38] INFO Epoch 009 | train batch=130/1418 | elapsed=0.9 min | eta=9.2 min
[2026-08-14 20:08:42] INFO Epoch 009 | train batch=140/1418 | elapsed=1.0 min | eta=9.2 min
[2026-08-14 20:08:47] INFO Epoch 009 | train batch=150/1418 | elapsed=1.1 min | eta=9.1 min
[2026-08-14 20:08:51] INFO Epoch 009 | train batch=160/1418 | elapsed=1.1 min | eta=9.0 min
[2026-08-14 20:08:55] INFO Epoch 009 | train batch=170/1418 | elapsed=1.2 min | eta=8.9 min
[2026-08-14 20:09:00] INFO Epoch 009 | train batch=180/1418 | elapsed=1.3 min | eta=8.9 min
[2026-08-14 20:09:04] INFO Epoch 009 | train batch=190/1418 | elapsed=1.4 min | eta=8.8 min
[2026-08-14 20:09:08] INFO Epoch 009 | train batch=200/1418 | elapsed=1.4 min | eta=8.7 min
[2026-08-14 20:09:12] INFO Epoch 009 | train batch=210/1418 | elapsed=1.5 min | eta=8.6 min
[2026-08-14 20:09:16] INFO Epoch 009 | train batch=220/1418 | elapsed=1.6 min | eta=8.5 min
[2026-08-14 20:09:21] INFO Epoch 009 | train batch=230/1418 | elapsed=1.6 min | eta=8.5 min
[2026-08-14 20:09:25] INFO Epoch 009 | train batch=240/1418 | elapsed=1.7 min | eta=8.4 min
[2026-08-14 20:09:29] INFO Epoch 009 | train batch=250/1418 | elapsed=1.8 min | eta=8.3 min
[2026-08-14 20:09:33] INFO Epoch 009 | train batch=260/1418 | elapsed=1.9 min | eta=8.3 min
[2026-08-14 20:09:38] INFO Epoch 009 | train batch=270/1418 | elapsed=1.9 min | eta=8.2 min
[2026-08-14 20:09:42] INFO Epoch 009 | train batch=280/1418 | elapsed=2.0 min | eta=8.1 min
[2026-08-14 20:09:46] INFO Epoch 009 | train batch=290/1418 | elapsed=2.1 min | eta=8.1 min
[2026-08-14 20:09:51] INFO Epoch 009 | train batch=300/1418 | elapsed=2.1 min | eta=8.0 min
[2026-08-14 20:09:55] INFO Epoch 009 | train batch=310/1418 | elapsed=2.2 min | eta=7.9 min
[2026-08-14 20:10:00] INFO Epoch 009 | train batch=320/1418 | elapsed=2.3 min | eta=7.9 min
[2026-08-14 20:10:04] INFO Epoch 009 | train batch=330/1418 | elapsed=2.4 min | eta=7.8 min
[2026-08-14 20:10:09] INFO Epoch 009 | train batch=340/1418 | elapsed=2.4 min | eta=7.7 min
[2026-08-14 20:10:13] INFO Epoch 009 | train batch=350/1418 | elapsed=2.5 min | eta=7.7 min
[2026-08-14 20:10:17] INFO Epoch 009 | train batch=360/1418 | elapsed=2.6 min | eta=7.6 min
[2026-08-14 20:10:22] INFO Epoch 009 | train batch=370/1418 | elapsed=2.7 min | eta=7.5 min
[2026-08-14 20:10:26] INFO Epoch 009 | train batch=380/1418 | elapsed=2.7 min | eta=7.4 min
[2026-08-14 20:10:30] INFO Epoch 009 | train batch=390/1418 | elapsed=2.8 min | eta=7.4 min
[2026-08-14 20:10:35] INFO Epoch 009 | train batch=400/1418 | elapsed=2.9 min | eta=7.3 min
[2026-08-14 20:10:39] INFO Epoch 009 | train batch=410/1418 | elapsed=2.9 min | eta=7.2 min
[2026-08-14 20:10:43] INFO Epoch 009 | train batch=420/1418 | elapsed=3.0 min | eta=7.2 min
[2026-08-14 20:10:47] INFO Epoch 009 | train batch=430/1418 | elapsed=3.1 min | eta=7.1 min
[2026-08-14 20:10:52] INFO Epoch 009 | train batch=440/1418 | elapsed=3.2 min | eta=7.0 min
[2026-08-14 20:10:56] INFO Epoch 009 | train batch=450/1418 | elapsed=3.2 min | eta=7.0 min
[2026-08-14 20:11:00] INFO Epoch 009 | train batch=460/1418 | elapsed=3.3 min | eta=6.9 min
[2026-08-14 20:11:05] INFO Epoch 009 | train batch=470/1418 | elapsed=3.4 min | eta=6.8 min
[2026-08-14 20:11:09] INFO Epoch 009 | train batch=480/1418 | elapsed=3.4 min | eta=6.7 min
[2026-08-14 20:11:14] INFO Epoch 009 | train batch=490/1418 | elapsed=3.5 min | eta=6.7 min
[2026-08-14 20:11:18] INFO Epoch 009 | train batch=500/1418 | elapsed=3.6 min | eta=6.6 min
[2026-08-14 20:11:22] INFO Epoch 009 | train batch=510/1418 | elapsed=3.7 min | eta=6.5 min
[2026-08-14 20:11:27] INFO Epoch 009 | train batch=520/1418 | elapsed=3.7 min | eta=6.5 min
[2026-08-14 20:11:31] INFO Epoch 009 | train batch=530/1418 | elapsed=3.8 min | eta=6.4 min
[2026-08-14 20:11:35] INFO Epoch 009 | train batch=540/1418 | elapsed=3.9 min | eta=6.3 min
[2026-08-14 20:11:39] INFO Epoch 009 | train batch=550/1418 | elapsed=4.0 min | eta=6.2 min
[2026-08-14 20:11:44] INFO Epoch 009 | train batch=560/1418 | elapsed=4.0 min | eta=6.2 min
[2026-08-14 20:11:48] INFO Epoch 009 | train batch=570/1418 | elapsed=4.1 min | eta=6.1 min
[2026-08-14 20:11:52] INFO Epoch 009 | train batch=580/1418 | elapsed=4.2 min | eta=6.0 min
[2026-08-14 20:11:57] INFO Epoch 009 | train batch=590/1418 | elapsed=4.2 min | eta=6.0 min
[2026-08-14 20:12:01] INFO Epoch 009 | train batch=600/1418 | elapsed=4.3 min | eta=5.9 min
[2026-08-14 20:12:05] INFO Epoch 009 | train batch=610/1418 | elapsed=4.4 min | eta=5.8 min
[2026-08-14 20:12:09] INFO Epoch 009 | train batch=620/1418 | elapsed=4.5 min | eta=5.7 min
[2026-08-14 20:12:14] INFO Epoch 009 | train batch=630/1418 | elapsed=4.5 min | eta=5.7 min
[2026-08-14 20:12:18] INFO Epoch 009 | train batch=640/1418 | elapsed=4.6 min | eta=5.6 min
[2026-08-14 20:12:22] INFO Epoch 009 | train batch=650/1418 | elapsed=4.7 min | eta=5.5 min
[2026-08-14 20:12:27] INFO Epoch 009 | train batch=660/1418 | elapsed=4.7 min | eta=5.4 min
[2026-08-14 20:12:31] INFO Epoch 009 | train batch=670/1418 | elapsed=4.8 min | eta=5.4 min
[2026-08-14 20:12:36] INFO Epoch 009 | train batch=680/1418 | elapsed=4.9 min | eta=5.3 min
[2026-08-14 20:12:40] INFO Epoch 009 | train batch=690/1418 | elapsed=5.0 min | eta=5.2 min
[2026-08-14 20:12:44] INFO Epoch 009 | train batch=700/1418 | elapsed=5.0 min | eta=5.2 min
[2026-08-14 20:12:49] INFO Epoch 009 | train batch=710/1418 | elapsed=5.1 min | eta=5.1 min
[2026-08-14 20:12:53] INFO Epoch 009 | train batch=720/1418 | elapsed=5.2 min | eta=5.0 min
[2026-08-14 20:12:57] INFO Epoch 009 | train batch=730/1418 | elapsed=5.3 min | eta=4.9 min
[2026-08-14 20:13:02] INFO Epoch 009 | train batch=740/1418 | elapsed=5.3 min | eta=4.9 min
[2026-08-14 20:13:06] INFO Epoch 009 | train batch=750/1418 | elapsed=5.4 min | eta=4.8 min
[2026-08-14 20:13:10] INFO Epoch 009 | train batch=760/1418 | elapsed=5.5 min | eta=4.7 min
[2026-08-14 20:13:14] INFO Epoch 009 | train batch=770/1418 | elapsed=5.5 min | eta=4.7 min
[2026-08-14 20:13:19] INFO Epoch 009 | train batch=780/1418 | elapsed=5.6 min | eta=4.6 min
[2026-08-14 20:13:23] INFO Epoch 009 | train batch=790/1418 | elapsed=5.7 min | eta=4.5 min
[2026-08-14 20:13:28] INFO Epoch 009 | train batch=800/1418 | elapsed=5.8 min | eta=4.4 min
[2026-08-14 20:13:32] INFO Epoch 009 | train batch=810/1418 | elapsed=5.8 min | eta=4.4 min
[2026-08-14 20:13:36] INFO Epoch 009 | train batch=820/1418 | elapsed=5.9 min | eta=4.3 min
[2026-08-14 20:13:41] INFO Epoch 009 | train batch=830/1418 | elapsed=6.0 min | eta=4.2 min
[2026-08-14 20:13:45] INFO Epoch 009 | train batch=840/1418 | elapsed=6.1 min | eta=4.2 min
[2026-08-14 20:13:49] INFO Epoch 009 | train batch=850/1418 | elapsed=6.1 min | eta=4.1 min
[2026-08-14 20:13:54] INFO Epoch 009 | train batch=860/1418 | elapsed=6.2 min | eta=4.0 min
[2026-08-14 20:13:58] INFO Epoch 009 | train batch=870/1418 | elapsed=6.3 min | eta=3.9 min
[2026-08-14 20:14:03] INFO Epoch 009 | train batch=880/1418 | elapsed=6.3 min | eta=3.9 min
[2026-08-14 20:14:06] INFO Epoch 009 | train batch=890/1418 | elapsed=6.4 min | eta=3.8 min
[2026-08-14 20:14:11] INFO Epoch 009 | train batch=900/1418 | elapsed=6.5 min | eta=3.7 min
[2026-08-14 20:14:15] INFO Epoch 009 | train batch=910/1418 | elapsed=6.5 min | eta=3.7 min
[2026-08-14 20:14:19] INFO Epoch 009 | train batch=920/1418 | elapsed=6.6 min | eta=3.6 min
[2026-08-14 20:14:24] INFO Epoch 009 | train batch=930/1418 | elapsed=6.7 min | eta=3.5 min
[2026-08-14 20:14:28] INFO Epoch 009 | train batch=940/1418 | elapsed=6.8 min | eta=3.4 min
[2026-08-14 20:14:32] INFO Epoch 009 | train batch=950/1418 | elapsed=6.8 min | eta=3.4 min
[2026-08-14 20:14:36] INFO Epoch 009 | train batch=960/1418 | elapsed=6.9 min | eta=3.3 min
[2026-08-14 20:14:41] INFO Epoch 009 | train batch=970/1418 | elapsed=7.0 min | eta=3.2 min
[2026-08-14 20:14:45] INFO Epoch 009 | train batch=980/1418 | elapsed=7.0 min | eta=3.1 min
[2026-08-14 20:14:49] INFO Epoch 009 | train batch=990/1418 | elapsed=7.1 min | eta=3.1 min
[2026-08-14 20:14:54] INFO Epoch 009 | train batch=1000/1418 | elapsed=7.2 min | eta=3.0 min
[2026-08-14 20:14:58] INFO Epoch 009 | train batch=1010/1418 | elapsed=7.3 min | eta=2.9 min
[2026-08-14 20:15:02] INFO Epoch 009 | train batch=1020/1418 | elapsed=7.3 min | eta=2.9 min
[2026-08-14 20:15:06] INFO Epoch 009 | train batch=1030/1418 | elapsed=7.4 min | eta=2.8 min
[2026-08-14 20:15:11] INFO Epoch 009 | train batch=1040/1418 | elapsed=7.5 min | eta=2.7 min
[2026-08-14 20:15:15] INFO Epoch 009 | train batch=1050/1418 | elapsed=7.5 min | eta=2.6 min
[2026-08-14 20:15:19] INFO Epoch 009 | train batch=1060/1418 | elapsed=7.6 min | eta=2.6 min
[2026-08-14 20:15:24] INFO Epoch 009 | train batch=1070/1418 | elapsed=7.7 min | eta=2.5 min
[2026-08-14 20:15:28] INFO Epoch 009 | train batch=1080/1418 | elapsed=7.8 min | eta=2.4 min
[2026-08-14 20:15:33] INFO Epoch 009 | train batch=1090/1418 | elapsed=7.8 min | eta=2.4 min
[2026-08-14 20:15:37] INFO Epoch 009 | train batch=1100/1418 | elapsed=7.9 min | eta=2.3 min
[2026-08-14 20:15:41] INFO Epoch 009 | train batch=1110/1418 | elapsed=8.0 min | eta=2.2 min
[2026-08-14 20:15:46] INFO Epoch 009 | train batch=1120/1418 | elapsed=8.1 min | eta=2.1 min
[2026-08-14 20:15:50] INFO Epoch 009 | train batch=1130/1418 | elapsed=8.1 min | eta=2.1 min
[2026-08-14 20:15:55] INFO Epoch 009 | train batch=1140/1418 | elapsed=8.2 min | eta=2.0 min
[2026-08-14 20:15:59] INFO Epoch 009 | train batch=1150/1418 | elapsed=8.3 min | eta=1.9 min
[2026-08-14 20:16:04] INFO Epoch 009 | train batch=1160/1418 | elapsed=8.4 min | eta=1.9 min
[2026-08-14 20:16:09] INFO Epoch 009 | train batch=1170/1418 | elapsed=8.4 min | eta=1.8 min
[2026-08-14 20:16:13] INFO Epoch 009 | train batch=1180/1418 | elapsed=8.5 min | eta=1.7 min
[2026-08-14 20:16:17] INFO Epoch 009 | train batch=1190/1418 | elapsed=8.6 min | eta=1.6 min
[2026-08-14 20:16:21] INFO Epoch 009 | train batch=1200/1418 | elapsed=8.7 min | eta=1.6 min
[2026-08-14 20:16:26] INFO Epoch 009 | train batch=1210/1418 | elapsed=8.7 min | eta=1.5 min
[2026-08-14 20:16:30] INFO Epoch 009 | train batch=1220/1418 | elapsed=8.8 min | eta=1.4 min
[2026-08-14 20:16:35] INFO Epoch 009 | train batch=1230/1418 | elapsed=8.9 min | eta=1.4 min
[2026-08-14 20:16:39] INFO Epoch 009 | train batch=1240/1418 | elapsed=9.0 min | eta=1.3 min
[2026-08-14 20:16:44] INFO Epoch 009 | train batch=1250/1418 | elapsed=9.0 min | eta=1.2 min
[2026-08-14 20:16:48] INFO Epoch 009 | train batch=1260/1418 | elapsed=9.1 min | eta=1.1 min
[2026-08-14 20:16:53] INFO Epoch 009 | train batch=1270/1418 | elapsed=9.2 min | eta=1.1 min
[2026-08-14 20:16:57] INFO Epoch 009 | train batch=1280/1418 | elapsed=9.2 min | eta=1.0 min
[2026-08-14 20:17:01] INFO Epoch 009 | train batch=1290/1418 | elapsed=9.3 min | eta=0.9 min
[2026-08-14 20:17:06] INFO Epoch 009 | train batch=1300/1418 | elapsed=9.4 min | eta=0.9 min
[2026-08-14 20:17:10] INFO Epoch 009 | train batch=1310/1418 | elapsed=9.5 min | eta=0.8 min
[2026-08-14 20:17:14] INFO Epoch 009 | train batch=1320/1418 | elapsed=9.5 min | eta=0.7 min
[2026-08-14 20:17:18] INFO Epoch 009 | train batch=1330/1418 | elapsed=9.6 min | eta=0.6 min
[2026-08-14 20:17:22] INFO Epoch 009 | train batch=1340/1418 | elapsed=9.7 min | eta=0.6 min
[2026-08-14 20:17:27] INFO Epoch 009 | train batch=1350/1418 | elapsed=9.7 min | eta=0.5 min
[2026-08-14 20:17:31] INFO Epoch 009 | train batch=1360/1418 | elapsed=9.8 min | eta=0.4 min
[2026-08-14 20:17:35] INFO Epoch 009 | train batch=1370/1418 | elapsed=9.9 min | eta=0.3 min
[2026-08-14 20:17:40] INFO Epoch 009 | train batch=1380/1418 | elapsed=10.0 min | eta=0.3 min
[2026-08-14 20:17:44] INFO Epoch 009 | train batch=1390/1418 | elapsed=10.0 min | eta=0.2 min
[2026-08-14 20:17:48] INFO Epoch 009 | train batch=1400/1418 | elapsed=10.1 min | eta=0.1 min
[2026-08-14 20:17:53] INFO Epoch 009 | train batch=1410/1418 | elapsed=10.2 min | eta=0.1 min
[2026-08-14 20:17:56] INFO Epoch 009 | train batch=1418/1418 | elapsed=10.2 min | eta=0.0 min
[2026-08-14 20:17:56] INFO Epoch 009 | val batch=1/188 | elapsed=0.0 min | eta=0.4 min
[2026-08-14 20:17:58] INFO Epoch 009 | val batch=10/188 | elapsed=0.0 min | eta=0.6 min
[2026-08-14 20:18:00] INFO Epoch 009 | val batch=20/188 | elapsed=0.1 min | eta=0.5 min
[2026-08-14 20:18:02] INFO Epoch 009 | val batch=30/188 | elapsed=0.1 min | eta=0.5 min
[2026-08-14 20:18:04] INFO Epoch 009 | val batch=40/188 | elapsed=0.1 min | eta=0.5 min
[2026-08-14 20:18:05] INFO Epoch 009 | val batch=50/188 | elapsed=0.2 min | eta=0.4 min
[2026-08-14 20:18:07] INFO Epoch 009 | val batch=60/188 | elapsed=0.2 min | eta=0.4 min
[2026-08-14 20:18:09] INFO Epoch 009 | val batch=70/188 | elapsed=0.2 min | eta=0.4 min
[2026-08-14 20:18:11] INFO Epoch 009 | val batch=80/188 | elapsed=0.2 min | eta=0.3 min
[2026-08-14 20:18:13] INFO Epoch 009 | val batch=90/188 | elapsed=0.3 min | eta=0.3 min
[2026-08-14 20:18:15] INFO Epoch 009 | val batch=100/188 | elapsed=0.3 min | eta=0.3 min
[2026-08-14 20:18:17] INFO Epoch 009 | val batch=110/188 | elapsed=0.3 min | eta=0.2 min
[2026-08-14 20:18:18] INFO Epoch 009 | val batch=120/188 | elapsed=0.4 min | eta=0.2 min
[2026-08-14 20:18:20] INFO Epoch 009 | val batch=130/188 | elapsed=0.4 min | eta=0.2 min
[2026-08-14 20:18:22] INFO Epoch 009 | val batch=140/188 | elapsed=0.4 min | eta=0.1 min
[2026-08-14 20:18:24] INFO Epoch 009 | val batch=150/188 | elapsed=0.5 min | eta=0.1 min
[2026-08-14 20:18:26] INFO Epoch 009 | val batch=160/188 | elapsed=0.5 min | eta=0.1 min
[2026-08-14 20:18:28] INFO Epoch 009 | val batch=170/188 | elapsed=0.5 min | eta=0.1 min
[2026-08-14 20:18:30] INFO Epoch 009 | val batch=180/188 | elapsed=0.6 min | eta=0.0 min
[2026-08-14 20:18:31] INFO Epoch 009 | val batch=188/188 | elapsed=0.6 min | eta=0.0 min
[2026-08-14 20:18:31] INFO Epoch 009 | train_total=0.475448 | val_total=0.458232 | val_mask=0.238508 | val_retrieval=2.197237 | val_profile=0.000000 | val_anchors=604396 | val_positive_pairs=0 | val_hard_negatives=0 | val_relation_candidates=7268824 | val_teacher_keff=3.787 | val_student_keff=8.131 | val_adapter_valid=0.000 | val_adapter_gate=0.000 | val_adapter_spatial_gate=0.000 | val_adapter_ratio=0.000000 | val_adapter_modulation=0.000000 | val_adapter_modulation_std=0.000000 | val_adapter_group_gate_std=0.000000 | val_adapter_low_rank=0.000000 | val_adapter_direct=0.000000 | val_masked_positions=42172325 | skipped(train/val)=0/0
[2026-08-14 20:18:31] INFO Checkpoint updated | epoch=9 | best_val=0.458232 | path=C:\Users\clw\projects\researchRep\STAnchor-BlockMemory\artifacts\metrla_e5_final_latent48_global288_seed42\pretrain_best.pt
[2026-08-14 20:18:31] INFO Relation checkpoint updated | epoch=9 | best_val_relation=2.197237 | path=C:\Users\clw\projects\researchRep\STAnchor-BlockMemory\artifacts\metrla_e5_final_latent48_global288_seed42\pretrain_best_relation.pt
[2026-08-14 20:18:31] INFO Epoch 010/050 started | train_batches=1418 | val_batches=188
[2026-08-14 20:18:31] INFO Epoch 010 | train batch=1/1418 | elapsed=0.0 min | eta=9.1 min
[2026-08-14 20:18:35] INFO Epoch 010 | train batch=10/1418 | elapsed=0.1 min | eta=10.1 min
[2026-08-14 20:18:40] INFO Epoch 010 | train batch=20/1418 | elapsed=0.1 min | eta=10.1 min
[2026-08-14 20:18:44] INFO Epoch 010 | train batch=30/1418 | elapsed=0.2 min | eta=10.1 min
[2026-08-14 20:18:49] INFO Epoch 010 | train batch=40/1418 | elapsed=0.3 min | eta=10.0 min
[2026-08-14 20:18:53] INFO Epoch 010 | train batch=50/1418 | elapsed=0.4 min | eta=10.0 min
[2026-08-14 20:18:57] INFO Epoch 010 | train batch=60/1418 | elapsed=0.4 min | eta=9.8 min
[2026-08-14 20:19:01] INFO Epoch 010 | train batch=70/1418 | elapsed=0.5 min | eta=9.7 min
[2026-08-14 20:19:06] INFO Epoch 010 | train batch=80/1418 | elapsed=0.6 min | eta=9.7 min
[2026-08-14 20:19:10] INFO Epoch 010 | train batch=90/1418 | elapsed=0.7 min | eta=9.6 min
[2026-08-14 20:19:14] INFO Epoch 010 | train batch=100/1418 | elapsed=0.7 min | eta=9.5 min
[2026-08-14 20:19:19] INFO Epoch 010 | train batch=110/1418 | elapsed=0.8 min | eta=9.5 min
[2026-08-14 20:19:23] INFO Epoch 010 | train batch=120/1418 | elapsed=0.9 min | eta=9.4 min
[2026-08-14 20:19:27] INFO Epoch 010 | train batch=130/1418 | elapsed=0.9 min | eta=9.3 min
[2026-08-14 20:19:32] INFO Epoch 010 | train batch=140/1418 | elapsed=1.0 min | eta=9.3 min
[2026-08-14 20:19:36] INFO Epoch 010 | train batch=150/1418 | elapsed=1.1 min | eta=9.2 min
[2026-08-14 20:19:41] INFO Epoch 010 | train batch=160/1418 | elapsed=1.2 min | eta=9.1 min
[2026-08-14 20:19:45] INFO Epoch 010 | train batch=170/1418 | elapsed=1.2 min | eta=9.0 min
[2026-08-14 20:19:50] INFO Epoch 010 | train batch=180/1418 | elapsed=1.3 min | eta=9.0 min
[2026-08-14 20:19:54] INFO Epoch 010 | train batch=190/1418 | elapsed=1.4 min | eta=8.9 min
[2026-08-14 20:19:58] INFO Epoch 010 | train batch=200/1418 | elapsed=1.5 min | eta=8.9 min
[2026-08-14 20:20:03] INFO Epoch 010 | train batch=210/1418 | elapsed=1.5 min | eta=8.8 min
[2026-08-14 20:20:07] INFO Epoch 010 | train batch=220/1418 | elapsed=1.6 min | eta=8.7 min
[2026-08-14 20:20:11] INFO Epoch 010 | train batch=230/1418 | elapsed=1.7 min | eta=8.6 min
[2026-08-14 20:20:16] INFO Epoch 010 | train batch=240/1418 | elapsed=1.7 min | eta=8.6 min
[2026-08-14 20:20:20] INFO Epoch 010 | train batch=250/1418 | elapsed=1.8 min | eta=8.5 min
[2026-08-14 20:20:25] INFO Epoch 010 | train batch=260/1418 | elapsed=1.9 min | eta=8.4 min
[2026-08-14 20:20:29] INFO Epoch 010 | train batch=270/1418 | elapsed=2.0 min | eta=8.3 min
[2026-08-14 20:20:33] INFO Epoch 010 | train batch=280/1418 | elapsed=2.0 min | eta=8.3 min
[2026-08-14 20:20:38] INFO Epoch 010 | train batch=290/1418 | elapsed=2.1 min | eta=8.2 min
[2026-08-14 20:20:42] INFO Epoch 010 | train batch=300/1418 | elapsed=2.2 min | eta=8.1 min
[2026-08-14 20:20:46] INFO Epoch 010 | train batch=310/1418 | elapsed=2.3 min | eta=8.1 min
[2026-08-14 20:20:51] INFO Epoch 010 | train batch=320/1418 | elapsed=2.3 min | eta=8.0 min
[2026-08-14 20:20:55] INFO Epoch 010 | train batch=330/1418 | elapsed=2.4 min | eta=7.9 min
[2026-08-14 20:20:59] INFO Epoch 010 | train batch=340/1418 | elapsed=2.5 min | eta=7.8 min
[2026-08-14 20:21:04] INFO Epoch 010 | train batch=350/1418 | elapsed=2.5 min | eta=7.8 min
[2026-08-14 20:21:08] INFO Epoch 010 | train batch=360/1418 | elapsed=2.6 min | eta=7.7 min
[2026-08-14 20:21:13] INFO Epoch 010 | train batch=370/1418 | elapsed=2.7 min | eta=7.6 min
[2026-08-14 20:21:17] INFO Epoch 010 | train batch=380/1418 | elapsed=2.8 min | eta=7.6 min
[2026-08-14 20:21:21] INFO Epoch 010 | train batch=390/1418 | elapsed=2.8 min | eta=7.5 min
[2026-08-14 20:21:26] INFO Epoch 010 | train batch=400/1418 | elapsed=2.9 min | eta=7.4 min
[2026-08-14 20:21:30] INFO Epoch 010 | train batch=410/1418 | elapsed=3.0 min | eta=7.3 min
[2026-08-14 20:21:34] INFO Epoch 010 | train batch=420/1418 | elapsed=3.1 min | eta=7.3 min
[2026-08-14 20:21:39] INFO Epoch 010 | train batch=430/1418 | elapsed=3.1 min | eta=7.2 min
[2026-08-14 20:21:43] INFO Epoch 010 | train batch=440/1418 | elapsed=3.2 min | eta=7.1 min
[2026-08-14 20:21:48] INFO Epoch 010 | train batch=450/1418 | elapsed=3.3 min | eta=7.1 min
[2026-08-14 20:21:52] INFO Epoch 010 | train batch=460/1418 | elapsed=3.3 min | eta=7.0 min
[2026-08-14 20:21:56] INFO Epoch 010 | train batch=470/1418 | elapsed=3.4 min | eta=6.9 min
[2026-08-14 20:22:01] INFO Epoch 010 | train batch=480/1418 | elapsed=3.5 min | eta=6.8 min
[2026-08-14 20:22:05] INFO Epoch 010 | train batch=490/1418 | elapsed=3.6 min | eta=6.8 min
[2026-08-14 20:22:09] INFO Epoch 010 | train batch=500/1418 | elapsed=3.6 min | eta=6.7 min
[2026-08-14 20:22:14] INFO Epoch 010 | train batch=510/1418 | elapsed=3.7 min | eta=6.6 min
[2026-08-14 20:22:18] INFO Epoch 010 | train batch=520/1418 | elapsed=3.8 min | eta=6.5 min
[2026-08-14 20:22:23] INFO Epoch 010 | train batch=530/1418 | elapsed=3.9 min | eta=6.5 min
[2026-08-14 20:22:27] INFO Epoch 010 | train batch=540/1418 | elapsed=3.9 min | eta=6.4 min
[2026-08-14 20:22:31] INFO Epoch 010 | train batch=550/1418 | elapsed=4.0 min | eta=6.3 min
[2026-08-14 20:22:35] INFO Epoch 010 | train batch=560/1418 | elapsed=4.1 min | eta=6.2 min
[2026-08-14 20:22:40] INFO Epoch 010 | train batch=570/1418 | elapsed=4.2 min | eta=6.2 min
[2026-08-14 20:22:45] INFO Epoch 010 | train batch=580/1418 | elapsed=4.2 min | eta=6.1 min
[2026-08-14 20:22:49] INFO Epoch 010 | train batch=590/1418 | elapsed=4.3 min | eta=6.0 min
[2026-08-14 20:22:53] INFO Epoch 010 | train batch=600/1418 | elapsed=4.4 min | eta=6.0 min
[2026-08-14 20:22:57] INFO Epoch 010 | train batch=610/1418 | elapsed=4.4 min | eta=5.9 min
[2026-08-14 20:23:01] INFO Epoch 010 | train batch=620/1418 | elapsed=4.5 min | eta=5.8 min
[2026-08-14 20:23:06] INFO Epoch 010 | train batch=630/1418 | elapsed=4.6 min | eta=5.7 min
[2026-08-14 20:23:11] INFO Epoch 010 | train batch=640/1418 | elapsed=4.7 min | eta=5.7 min
[2026-08-14 20:23:15] INFO Epoch 010 | train batch=650/1418 | elapsed=4.7 min | eta=5.6 min
[2026-08-14 20:23:19] INFO Epoch 010 | train batch=660/1418 | elapsed=4.8 min | eta=5.5 min
[2026-08-14 20:23:24] INFO Epoch 010 | train batch=670/1418 | elapsed=4.9 min | eta=5.4 min
[2026-08-14 20:23:28] INFO Epoch 010 | train batch=680/1418 | elapsed=4.9 min | eta=5.4 min
[2026-08-14 20:23:32] INFO Epoch 010 | train batch=690/1418 | elapsed=5.0 min | eta=5.3 min
[2026-08-14 20:23:37] INFO Epoch 010 | train batch=700/1418 | elapsed=5.1 min | eta=5.2 min
[2026-08-14 20:23:41] INFO Epoch 010 | train batch=710/1418 | elapsed=5.2 min | eta=5.1 min
[2026-08-14 20:23:45] INFO Epoch 010 | train batch=720/1418 | elapsed=5.2 min | eta=5.1 min
[2026-08-14 20:23:49] INFO Epoch 010 | train batch=730/1418 | elapsed=5.3 min | eta=5.0 min
[2026-08-14 20:23:54] INFO Epoch 010 | train batch=740/1418 | elapsed=5.4 min | eta=4.9 min
[2026-08-14 20:23:58] INFO Epoch 010 | train batch=750/1418 | elapsed=5.5 min | eta=4.9 min
[2026-08-14 20:24:03] INFO Epoch 010 | train batch=760/1418 | elapsed=5.5 min | eta=4.8 min
[2026-08-14 20:24:07] INFO Epoch 010 | train batch=770/1418 | elapsed=5.6 min | eta=4.7 min
[2026-08-14 20:24:11] INFO Epoch 010 | train batch=780/1418 | elapsed=5.7 min | eta=4.6 min
[2026-08-14 20:24:16] INFO Epoch 010 | train batch=790/1418 | elapsed=5.7 min | eta=4.6 min
[2026-08-14 20:24:20] INFO Epoch 010 | train batch=800/1418 | elapsed=5.8 min | eta=4.5 min
[2026-08-14 20:24:24] INFO Epoch 010 | train batch=810/1418 | elapsed=5.9 min | eta=4.4 min
[2026-08-14 20:24:28] INFO Epoch 010 | train batch=820/1418 | elapsed=6.0 min | eta=4.3 min
[2026-08-14 20:24:33] INFO Epoch 010 | train batch=830/1418 | elapsed=6.0 min | eta=4.3 min
[2026-08-14 20:24:37] INFO Epoch 010 | train batch=840/1418 | elapsed=6.1 min | eta=4.2 min
[2026-08-14 20:24:41] INFO Epoch 010 | train batch=850/1418 | elapsed=6.2 min | eta=4.1 min
[2026-08-14 20:24:46] INFO Epoch 010 | train batch=860/1418 | elapsed=6.2 min | eta=4.0 min
[2026-08-14 20:24:50] INFO Epoch 010 | train batch=870/1418 | elapsed=6.3 min | eta=4.0 min
[2026-08-14 20:24:54] INFO Epoch 010 | train batch=880/1418 | elapsed=6.4 min | eta=3.9 min
[2026-08-14 20:24:59] INFO Epoch 010 | train batch=890/1418 | elapsed=6.5 min | eta=3.8 min
[2026-08-14 20:25:03] INFO Epoch 010 | train batch=900/1418 | elapsed=6.5 min | eta=3.8 min
[2026-08-14 20:25:07] INFO Epoch 010 | train batch=910/1418 | elapsed=6.6 min | eta=3.7 min
[2026-08-14 20:25:11] INFO Epoch 010 | train batch=920/1418 | elapsed=6.7 min | eta=3.6 min
[2026-08-14 20:25:16] INFO Epoch 010 | train batch=930/1418 | elapsed=6.7 min | eta=3.5 min
[2026-08-14 20:25:20] INFO Epoch 010 | train batch=940/1418 | elapsed=6.8 min | eta=3.5 min
[2026-08-14 20:25:24] INFO Epoch 010 | train batch=950/1418 | elapsed=6.9 min | eta=3.4 min
[2026-08-14 20:25:28] INFO Epoch 010 | train batch=960/1418 | elapsed=7.0 min | eta=3.3 min
[2026-08-14 20:25:33] INFO Epoch 010 | train batch=970/1418 | elapsed=7.0 min | eta=3.2 min
[2026-08-14 20:25:37] INFO Epoch 010 | train batch=980/1418 | elapsed=7.1 min | eta=3.2 min
[2026-08-14 20:25:41] INFO Epoch 010 | train batch=990/1418 | elapsed=7.2 min | eta=3.1 min
[2026-08-14 20:25:45] INFO Epoch 010 | train batch=1000/1418 | elapsed=7.2 min | eta=3.0 min
[2026-08-14 20:25:50] INFO Epoch 010 | train batch=1010/1418 | elapsed=7.3 min | eta=3.0 min
[2026-08-14 20:25:54] INFO Epoch 010 | train batch=1020/1418 | elapsed=7.4 min | eta=2.9 min
[2026-08-14 20:25:58] INFO Epoch 010 | train batch=1030/1418 | elapsed=7.5 min | eta=2.8 min
[2026-08-14 20:26:03] INFO Epoch 010 | train batch=1040/1418 | elapsed=7.5 min | eta=2.7 min
[2026-08-14 20:26:07] INFO Epoch 010 | train batch=1050/1418 | elapsed=7.6 min | eta=2.7 min
[2026-08-14 20:26:11] INFO Epoch 010 | train batch=1060/1418 | elapsed=7.7 min | eta=2.6 min
[2026-08-14 20:26:16] INFO Epoch 010 | train batch=1070/1418 | elapsed=7.7 min | eta=2.5 min
[2026-08-14 20:26:20] INFO Epoch 010 | train batch=1080/1418 | elapsed=7.8 min | eta=2.4 min
[2026-08-14 20:26:24] INFO Epoch 010 | train batch=1090/1418 | elapsed=7.9 min | eta=2.4 min
[2026-08-14 20:26:28] INFO Epoch 010 | train batch=1100/1418 | elapsed=8.0 min | eta=2.3 min
[2026-08-14 20:26:33] INFO Epoch 010 | train batch=1110/1418 | elapsed=8.0 min | eta=2.2 min
[2026-08-14 20:26:37] INFO Epoch 010 | train batch=1120/1418 | elapsed=8.1 min | eta=2.2 min
[2026-08-14 20:26:41] INFO Epoch 010 | train batch=1130/1418 | elapsed=8.2 min | eta=2.1 min
[2026-08-14 20:26:45] INFO Epoch 010 | train batch=1140/1418 | elapsed=8.2 min | eta=2.0 min
[2026-08-14 20:26:50] INFO Epoch 010 | train batch=1150/1418 | elapsed=8.3 min | eta=1.9 min
[2026-08-14 20:26:54] INFO Epoch 010 | train batch=1160/1418 | elapsed=8.4 min | eta=1.9 min
[2026-08-14 20:26:58] INFO Epoch 010 | train batch=1170/1418 | elapsed=8.4 min | eta=1.8 min
[2026-08-14 20:27:02] INFO Epoch 010 | train batch=1180/1418 | elapsed=8.5 min | eta=1.7 min
[2026-08-14 20:27:07] INFO Epoch 010 | train batch=1190/1418 | elapsed=8.6 min | eta=1.6 min
[2026-08-14 20:27:11] INFO Epoch 010 | train batch=1200/1418 | elapsed=8.7 min | eta=1.6 min
[2026-08-14 20:27:15] INFO Epoch 010 | train batch=1210/1418 | elapsed=8.7 min | eta=1.5 min
[2026-08-14 20:27:20] INFO Epoch 010 | train batch=1220/1418 | elapsed=8.8 min | eta=1.4 min
[2026-08-14 20:27:24] INFO Epoch 010 | train batch=1230/1418 | elapsed=8.9 min | eta=1.4 min
[2026-08-14 20:27:29] INFO Epoch 010 | train batch=1240/1418 | elapsed=9.0 min | eta=1.3 min
[2026-08-14 20:27:33] INFO Epoch 010 | train batch=1250/1418 | elapsed=9.0 min | eta=1.2 min
[2026-08-14 20:27:38] INFO Epoch 010 | train batch=1260/1418 | elapsed=9.1 min | eta=1.1 min
[2026-08-14 20:27:42] INFO Epoch 010 | train batch=1270/1418 | elapsed=9.2 min | eta=1.1 min
[2026-08-14 20:27:47] INFO Epoch 010 | train batch=1280/1418 | elapsed=9.3 min | eta=1.0 min
[2026-08-14 20:27:51] INFO Epoch 010 | train batch=1290/1418 | elapsed=9.3 min | eta=0.9 min
[2026-08-14 20:27:55] INFO Epoch 010 | train batch=1300/1418 | elapsed=9.4 min | eta=0.9 min
[2026-08-14 20:27:59] INFO Epoch 010 | train batch=1310/1418 | elapsed=9.5 min | eta=0.8 min
[2026-08-14 20:28:04] INFO Epoch 010 | train batch=1320/1418 | elapsed=9.5 min | eta=0.7 min
[2026-08-14 20:28:08] INFO Epoch 010 | train batch=1330/1418 | elapsed=9.6 min | eta=0.6 min
[2026-08-14 20:28:12] INFO Epoch 010 | train batch=1340/1418 | elapsed=9.7 min | eta=0.6 min
[2026-08-14 20:28:17] INFO Epoch 010 | train batch=1350/1418 | elapsed=9.8 min | eta=0.5 min
[2026-08-14 20:28:21] INFO Epoch 010 | train batch=1360/1418 | elapsed=9.8 min | eta=0.4 min
[2026-08-14 20:28:26] INFO Epoch 010 | train batch=1370/1418 | elapsed=9.9 min | eta=0.3 min
[2026-08-14 20:28:30] INFO Epoch 010 | train batch=1380/1418 | elapsed=10.0 min | eta=0.3 min
[2026-08-14 20:28:34] INFO Epoch 010 | train batch=1390/1418 | elapsed=10.0 min | eta=0.2 min
[2026-08-14 20:28:38] INFO Epoch 010 | train batch=1400/1418 | elapsed=10.1 min | eta=0.1 min
[2026-08-14 20:28:43] INFO Epoch 010 | train batch=1410/1418 | elapsed=10.2 min | eta=0.1 min
[2026-08-14 20:28:46] INFO Epoch 010 | train batch=1418/1418 | elapsed=10.2 min | eta=0.0 min
[2026-08-14 20:28:46] INFO Epoch 010 | val batch=1/188 | elapsed=0.0 min | eta=0.4 min
[2026-08-14 20:28:48] INFO Epoch 010 | val batch=10/188 | elapsed=0.0 min | eta=0.6 min
[2026-08-14 20:28:50] INFO Epoch 010 | val batch=20/188 | elapsed=0.1 min | eta=0.5 min
[2026-08-14 20:28:51] INFO Epoch 010 | val batch=30/188 | elapsed=0.1 min | eta=0.5 min
[2026-08-14 20:28:53] INFO Epoch 010 | val batch=40/188 | elapsed=0.1 min | eta=0.5 min
[2026-08-14 20:28:55] INFO Epoch 010 | val batch=50/188 | elapsed=0.2 min | eta=0.4 min
[2026-08-14 20:28:57] INFO Epoch 010 | val batch=60/188 | elapsed=0.2 min | eta=0.4 min
[2026-08-14 20:28:59] INFO Epoch 010 | val batch=70/188 | elapsed=0.2 min | eta=0.4 min
[2026-08-14 20:29:01] INFO Epoch 010 | val batch=80/188 | elapsed=0.2 min | eta=0.3 min
[2026-08-14 20:29:03] INFO Epoch 010 | val batch=90/188 | elapsed=0.3 min | eta=0.3 min
[2026-08-14 20:29:04] INFO Epoch 010 | val batch=100/188 | elapsed=0.3 min | eta=0.3 min
[2026-08-14 20:29:06] INFO Epoch 010 | val batch=110/188 | elapsed=0.3 min | eta=0.2 min
[2026-08-14 20:29:08] INFO Epoch 010 | val batch=120/188 | elapsed=0.4 min | eta=0.2 min
[2026-08-14 20:29:10] INFO Epoch 010 | val batch=130/188 | elapsed=0.4 min | eta=0.2 min
[2026-08-14 20:29:12] INFO Epoch 010 | val batch=140/188 | elapsed=0.4 min | eta=0.1 min
[2026-08-14 20:29:14] INFO Epoch 010 | val batch=150/188 | elapsed=0.5 min | eta=0.1 min
[2026-08-14 20:29:16] INFO Epoch 010 | val batch=160/188 | elapsed=0.5 min | eta=0.1 min
[2026-08-14 20:29:18] INFO Epoch 010 | val batch=170/188 | elapsed=0.5 min | eta=0.1 min
[2026-08-14 20:29:19] INFO Epoch 010 | val batch=180/188 | elapsed=0.6 min | eta=0.0 min
[2026-08-14 20:29:21] INFO Epoch 010 | val batch=188/188 | elapsed=0.6 min | eta=0.0 min
[2026-08-14 20:29:21] INFO Epoch 010 | train_total=0.477190 | val_total=0.453852 | val_mask=0.234001 | val_retrieval=2.198509 | val_profile=0.000000 | val_anchors=604396 | val_positive_pairs=0 | val_hard_negatives=0 | val_relation_candidates=7268824 | val_teacher_keff=3.787 | val_student_keff=8.282 | val_adapter_valid=0.000 | val_adapter_gate=0.000 | val_adapter_spatial_gate=0.000 | val_adapter_ratio=0.000000 | val_adapter_modulation=0.000000 | val_adapter_modulation_std=0.000000 | val_adapter_group_gate_std=0.000000 | val_adapter_low_rank=0.000000 | val_adapter_direct=0.000000 | val_masked_positions=42138022 | skipped(train/val)=0/0
[2026-08-14 20:29:21] INFO Checkpoint updated | epoch=10 | best_val=0.453852 | path=C:\Users\clw\projects\researchRep\STAnchor-BlockMemory\artifacts\metrla_e5_final_latent48_global288_seed42\pretrain_best.pt
[2026-08-14 20:29:21] INFO Epoch 011/050 started | train_batches=1418 | val_batches=188
[2026-08-14 20:29:21] INFO Epoch 011 | train batch=1/1418 | elapsed=0.0 min | eta=9.1 min
[2026-08-14 20:29:25] INFO Epoch 011 | train batch=10/1418 | elapsed=0.1 min | eta=10.0 min
[2026-08-14 20:29:29] INFO Epoch 011 | train batch=20/1418 | elapsed=0.1 min | eta=10.0 min
[2026-08-14 20:29:34] INFO Epoch 011 | train batch=30/1418 | elapsed=0.2 min | eta=10.0 min
[2026-08-14 20:29:38] INFO Epoch 011 | train batch=40/1418 | elapsed=0.3 min | eta=9.8 min
[2026-08-14 20:29:42] INFO Epoch 011 | train batch=50/1418 | elapsed=0.4 min | eta=9.8 min
[2026-08-14 20:29:47] INFO Epoch 011 | train batch=60/1418 | elapsed=0.4 min | eta=9.7 min
[2026-08-14 20:29:51] INFO Epoch 011 | train batch=70/1418 | elapsed=0.5 min | eta=9.6 min
[2026-08-14 20:29:55] INFO Epoch 011 | train batch=80/1418 | elapsed=0.6 min | eta=9.6 min
[2026-08-14 20:29:59] INFO Epoch 011 | train batch=90/1418 | elapsed=0.6 min | eta=9.5 min
[2026-08-14 20:30:04] INFO Epoch 011 | train batch=100/1418 | elapsed=0.7 min | eta=9.4 min
[2026-08-14 20:30:08] INFO Epoch 011 | train batch=110/1418 | elapsed=0.8 min | eta=9.3 min
[2026-08-14 20:30:12] INFO Epoch 011 | train batch=120/1418 | elapsed=0.9 min | eta=9.3 min
[2026-08-14 20:30:17] INFO Epoch 011 | train batch=130/1418 | elapsed=0.9 min | eta=9.2 min
[2026-08-14 20:30:21] INFO Epoch 011 | train batch=140/1418 | elapsed=1.0 min | eta=9.2 min
[2026-08-14 20:30:26] INFO Epoch 011 | train batch=150/1418 | elapsed=1.1 min | eta=9.2 min
[2026-08-14 20:30:30] INFO Epoch 011 | train batch=160/1418 | elapsed=1.2 min | eta=9.1 min
[2026-08-14 20:30:34] INFO Epoch 011 | train batch=170/1418 | elapsed=1.2 min | eta=9.0 min
[2026-08-14 20:30:39] INFO Epoch 011 | train batch=180/1418 | elapsed=1.3 min | eta=8.9 min
[2026-08-14 20:30:43] INFO Epoch 011 | train batch=190/1418 | elapsed=1.4 min | eta=8.8 min
[2026-08-14 20:30:47] INFO Epoch 011 | train batch=200/1418 | elapsed=1.4 min | eta=8.7 min
[2026-08-14 20:30:51] INFO Epoch 011 | train batch=210/1418 | elapsed=1.5 min | eta=8.7 min
[2026-08-14 20:30:56] INFO Epoch 011 | train batch=220/1418 | elapsed=1.6 min | eta=8.6 min
[2026-08-14 20:31:00] INFO Epoch 011 | train batch=230/1418 | elapsed=1.7 min | eta=8.6 min
[2026-08-14 20:31:05] INFO Epoch 011 | train batch=240/1418 | elapsed=1.7 min | eta=8.5 min
[2026-08-14 20:31:09] INFO Epoch 011 | train batch=250/1418 | elapsed=1.8 min | eta=8.4 min
[2026-08-14 20:31:13] INFO Epoch 011 | train batch=260/1418 | elapsed=1.9 min | eta=8.3 min
[2026-08-14 20:31:17] INFO Epoch 011 | train batch=270/1418 | elapsed=1.9 min | eta=8.3 min
[2026-08-14 20:31:22] INFO Epoch 011 | train batch=280/1418 | elapsed=2.0 min | eta=8.2 min
[2026-08-14 20:31:26] INFO Epoch 011 | train batch=290/1418 | elapsed=2.1 min | eta=8.1 min
[2026-08-14 20:31:30] INFO Epoch 011 | train batch=300/1418 | elapsed=2.2 min | eta=8.1 min
[2026-08-14 20:31:35] INFO Epoch 011 | train batch=310/1418 | elapsed=2.2 min | eta=8.0 min
[2026-08-14 20:31:39] INFO Epoch 011 | train batch=320/1418 | elapsed=2.3 min | eta=7.9 min
[2026-08-14 20:31:44] INFO Epoch 011 | train batch=330/1418 | elapsed=2.4 min | eta=7.8 min
[2026-08-14 20:31:48] INFO Epoch 011 | train batch=340/1418 | elapsed=2.5 min | eta=7.8 min
[2026-08-14 20:31:52] INFO Epoch 011 | train batch=350/1418 | elapsed=2.5 min | eta=7.7 min
[2026-08-14 20:31:57] INFO Epoch 011 | train batch=360/1418 | elapsed=2.6 min | eta=7.6 min
[2026-08-14 20:32:01] INFO Epoch 011 | train batch=370/1418 | elapsed=2.7 min | eta=7.6 min
[2026-08-14 20:32:06] INFO Epoch 011 | train batch=380/1418 | elapsed=2.7 min | eta=7.5 min
[2026-08-14 20:32:10] INFO Epoch 011 | train batch=390/1418 | elapsed=2.8 min | eta=7.4 min
[2026-08-14 20:32:14] INFO Epoch 011 | train batch=400/1418 | elapsed=2.9 min | eta=7.4 min
[2026-08-14 20:32:19] INFO Epoch 011 | train batch=410/1418 | elapsed=3.0 min | eta=7.3 min
[2026-08-14 20:32:23] INFO Epoch 011 | train batch=420/1418 | elapsed=3.0 min | eta=7.2 min
[2026-08-14 20:32:27] INFO Epoch 011 | train batch=430/1418 | elapsed=3.1 min | eta=7.1 min
[2026-08-14 20:32:32] INFO Epoch 011 | train batch=440/1418 | elapsed=3.2 min | eta=7.1 min
[2026-08-14 20:32:36] INFO Epoch 011 | train batch=450/1418 | elapsed=3.3 min | eta=7.0 min
[2026-08-14 20:32:41] INFO Epoch 011 | train batch=460/1418 | elapsed=3.3 min | eta=6.9 min
[2026-08-14 20:32:45] INFO Epoch 011 | train batch=470/1418 | elapsed=3.4 min | eta=6.9 min
[2026-08-14 20:32:50] INFO Epoch 011 | train batch=480/1418 | elapsed=3.5 min | eta=6.8 min
[2026-08-14 20:32:54] INFO Epoch 011 | train batch=490/1418 | elapsed=3.6 min | eta=6.7 min
[2026-08-14 20:32:58] INFO Epoch 011 | train batch=500/1418 | elapsed=3.6 min | eta=6.7 min
[2026-08-14 20:33:03] INFO Epoch 011 | train batch=510/1418 | elapsed=3.7 min | eta=6.6 min
[2026-08-14 20:33:07] INFO Epoch 011 | train batch=520/1418 | elapsed=3.8 min | eta=6.5 min
[2026-08-14 20:33:11] INFO Epoch 011 | train batch=530/1418 | elapsed=3.8 min | eta=6.4 min
[2026-08-14 20:33:15] INFO Epoch 011 | train batch=540/1418 | elapsed=3.9 min | eta=6.4 min
[2026-08-14 20:33:20] INFO Epoch 011 | train batch=550/1418 | elapsed=4.0 min | eta=6.3 min
[2026-08-14 20:33:24] INFO Epoch 011 | train batch=560/1418 | elapsed=4.0 min | eta=6.2 min
[2026-08-14 20:33:28] INFO Epoch 011 | train batch=570/1418 | elapsed=4.1 min | eta=6.1 min
[2026-08-14 20:33:32] INFO Epoch 011 | train batch=580/1418 | elapsed=4.2 min | eta=6.1 min
[2026-08-14 20:33:37] INFO Epoch 011 | train batch=590/1418 | elapsed=4.3 min | eta=6.0 min
[2026-08-14 20:33:40] INFO Epoch 011 | train batch=600/1418 | elapsed=4.3 min | eta=5.9 min
[2026-08-14 20:33:45] INFO Epoch 011 | train batch=610/1418 | elapsed=4.4 min | eta=5.8 min
[2026-08-14 20:33:49] INFO Epoch 011 | train batch=620/1418 | elapsed=4.5 min | eta=5.7 min
[2026-08-14 20:33:53] INFO Epoch 011 | train batch=630/1418 | elapsed=4.5 min | eta=5.7 min
[2026-08-14 20:33:58] INFO Epoch 011 | train batch=640/1418 | elapsed=4.6 min | eta=5.6 min
[2026-08-14 20:34:02] INFO Epoch 011 | train batch=650/1418 | elapsed=4.7 min | eta=5.5 min
[2026-08-14 20:34:06] INFO Epoch 011 | train batch=660/1418 | elapsed=4.8 min | eta=5.5 min
[2026-08-14 20:34:11] INFO Epoch 011 | train batch=670/1418 | elapsed=4.8 min | eta=5.4 min
[2026-08-14 20:34:15] INFO Epoch 011 | train batch=680/1418 | elapsed=4.9 min | eta=5.3 min
[2026-08-14 20:34:19] INFO Epoch 011 | train batch=690/1418 | elapsed=5.0 min | eta=5.2 min
[2026-08-14 20:34:23] INFO Epoch 011 | train batch=700/1418 | elapsed=5.0 min | eta=5.2 min
[2026-08-14 20:34:27] INFO Epoch 011 | train batch=710/1418 | elapsed=5.1 min | eta=5.1 min
[2026-08-14 20:34:32] INFO Epoch 011 | train batch=720/1418 | elapsed=5.2 min | eta=5.0 min
[2026-08-14 20:34:36] INFO Epoch 011 | train batch=730/1418 | elapsed=5.3 min | eta=4.9 min
[2026-08-14 20:34:40] INFO Epoch 011 | train batch=740/1418 | elapsed=5.3 min | eta=4.9 min
[2026-08-14 20:34:44] INFO Epoch 011 | train batch=750/1418 | elapsed=5.4 min | eta=4.8 min
[2026-08-14 20:34:49] INFO Epoch 011 | train batch=760/1418 | elapsed=5.5 min | eta=4.7 min
[2026-08-14 20:34:53] INFO Epoch 011 | train batch=770/1418 | elapsed=5.5 min | eta=4.7 min
[2026-08-14 20:34:57] INFO Epoch 011 | train batch=780/1418 | elapsed=5.6 min | eta=4.6 min
[2026-08-14 20:35:01] INFO Epoch 011 | train batch=790/1418 | elapsed=5.7 min | eta=4.5 min
[2026-08-14 20:35:06] INFO Epoch 011 | train batch=800/1418 | elapsed=5.7 min | eta=4.4 min
[2026-08-14 20:35:10] INFO Epoch 011 | train batch=810/1418 | elapsed=5.8 min | eta=4.4 min
[2026-08-14 20:35:14] INFO Epoch 011 | train batch=820/1418 | elapsed=5.9 min | eta=4.3 min
[2026-08-14 20:35:19] INFO Epoch 011 | train batch=830/1418 | elapsed=6.0 min | eta=4.2 min
[2026-08-14 20:35:23] INFO Epoch 011 | train batch=840/1418 | elapsed=6.0 min | eta=4.2 min
[2026-08-14 20:35:27] INFO Epoch 011 | train batch=850/1418 | elapsed=6.1 min | eta=4.1 min
[2026-08-14 20:35:31] INFO Epoch 011 | train batch=860/1418 | elapsed=6.2 min | eta=4.0 min
[2026-08-14 20:35:36] INFO Epoch 011 | train batch=870/1418 | elapsed=6.2 min | eta=3.9 min
[2026-08-14 20:35:40] INFO Epoch 011 | train batch=880/1418 | elapsed=6.3 min | eta=3.9 min
[2026-08-14 20:35:44] INFO Epoch 011 | train batch=890/1418 | elapsed=6.4 min | eta=3.8 min
[2026-08-14 20:35:49] INFO Epoch 011 | train batch=900/1418 | elapsed=6.5 min | eta=3.7 min
[2026-08-14 20:35:53] INFO Epoch 011 | train batch=910/1418 | elapsed=6.5 min | eta=3.6 min
[2026-08-14 20:35:57] INFO Epoch 011 | train batch=920/1418 | elapsed=6.6 min | eta=3.6 min
[2026-08-14 20:36:02] INFO Epoch 011 | train batch=930/1418 | elapsed=6.7 min | eta=3.5 min
[2026-08-14 20:36:06] INFO Epoch 011 | train batch=940/1418 | elapsed=6.8 min | eta=3.4 min
[2026-08-14 20:36:10] INFO Epoch 011 | train batch=950/1418 | elapsed=6.8 min | eta=3.4 min
[2026-08-14 20:36:15] INFO Epoch 011 | train batch=960/1418 | elapsed=6.9 min | eta=3.3 min
[2026-08-14 20:36:19] INFO Epoch 011 | train batch=970/1418 | elapsed=7.0 min | eta=3.2 min
[2026-08-14 20:36:24] INFO Epoch 011 | train batch=980/1418 | elapsed=7.0 min | eta=3.2 min
[2026-08-14 20:36:28] INFO Epoch 011 | train batch=990/1418 | elapsed=7.1 min | eta=3.1 min
[2026-08-14 20:36:32] INFO Epoch 011 | train batch=1000/1418 | elapsed=7.2 min | eta=3.0 min
[2026-08-14 20:36:37] INFO Epoch 011 | train batch=1010/1418 | elapsed=7.3 min | eta=2.9 min
[2026-08-14 20:36:41] INFO Epoch 011 | train batch=1020/1418 | elapsed=7.3 min | eta=2.9 min
[2026-08-14 20:36:45] INFO Epoch 011 | train batch=1030/1418 | elapsed=7.4 min | eta=2.8 min
[2026-08-14 20:36:50] INFO Epoch 011 | train batch=1040/1418 | elapsed=7.5 min | eta=2.7 min
[2026-08-14 20:36:54] INFO Epoch 011 | train batch=1050/1418 | elapsed=7.6 min | eta=2.6 min
[2026-08-14 20:36:58] INFO Epoch 011 | train batch=1060/1418 | elapsed=7.6 min | eta=2.6 min
[2026-08-14 20:37:02] INFO Epoch 011 | train batch=1070/1418 | elapsed=7.7 min | eta=2.5 min
[2026-08-14 20:37:07] INFO Epoch 011 | train batch=1080/1418 | elapsed=7.8 min | eta=2.4 min
[2026-08-14 20:37:11] INFO Epoch 011 | train batch=1090/1418 | elapsed=7.8 min | eta=2.4 min
[2026-08-14 20:37:15] INFO Epoch 011 | train batch=1100/1418 | elapsed=7.9 min | eta=2.3 min
[2026-08-14 20:37:19] INFO Epoch 011 | train batch=1110/1418 | elapsed=8.0 min | eta=2.2 min
[2026-08-14 20:37:24] INFO Epoch 011 | train batch=1120/1418 | elapsed=8.0 min | eta=2.1 min
[2026-08-14 20:37:28] INFO Epoch 011 | train batch=1130/1418 | elapsed=8.1 min | eta=2.1 min
[2026-08-14 20:37:32] INFO Epoch 011 | train batch=1140/1418 | elapsed=8.2 min | eta=2.0 min
[2026-08-14 20:37:36] INFO Epoch 011 | train batch=1150/1418 | elapsed=8.3 min | eta=1.9 min
[2026-08-14 20:37:41] INFO Epoch 011 | train batch=1160/1418 | elapsed=8.3 min | eta=1.9 min
[2026-08-14 20:37:45] INFO Epoch 011 | train batch=1170/1418 | elapsed=8.4 min | eta=1.8 min
[2026-08-14 20:37:49] INFO Epoch 011 | train batch=1180/1418 | elapsed=8.5 min | eta=1.7 min
[2026-08-14 20:37:53] INFO Epoch 011 | train batch=1190/1418 | elapsed=8.5 min | eta=1.6 min
[2026-08-14 20:37:58] INFO Epoch 011 | train batch=1200/1418 | elapsed=8.6 min | eta=1.6 min
[2026-08-14 20:38:02] INFO Epoch 011 | train batch=1210/1418 | elapsed=8.7 min | eta=1.5 min
[2026-08-14 20:38:07] INFO Epoch 011 | train batch=1220/1418 | elapsed=8.8 min | eta=1.4 min
[2026-08-14 20:38:11] INFO Epoch 011 | train batch=1230/1418 | elapsed=8.8 min | eta=1.4 min
[2026-08-14 20:38:15] INFO Epoch 011 | train batch=1240/1418 | elapsed=8.9 min | eta=1.3 min
[2026-08-14 20:38:19] INFO Epoch 011 | train batch=1250/1418 | elapsed=9.0 min | eta=1.2 min
[2026-08-14 20:38:24] INFO Epoch 011 | train batch=1260/1418 | elapsed=9.0 min | eta=1.1 min
[2026-08-14 20:38:28] INFO Epoch 011 | train batch=1270/1418 | elapsed=9.1 min | eta=1.1 min
[2026-08-14 20:38:32] INFO Epoch 011 | train batch=1280/1418 | elapsed=9.2 min | eta=1.0 min
[2026-08-14 20:38:37] INFO Epoch 011 | train batch=1290/1418 | elapsed=9.3 min | eta=0.9 min
[2026-08-14 20:38:41] INFO Epoch 011 | train batch=1300/1418 | elapsed=9.3 min | eta=0.8 min
[2026-08-14 20:38:45] INFO Epoch 011 | train batch=1310/1418 | elapsed=9.4 min | eta=0.8 min
[2026-08-14 20:38:50] INFO Epoch 011 | train batch=1320/1418 | elapsed=9.5 min | eta=0.7 min
[2026-08-14 20:38:54] INFO Epoch 011 | train batch=1330/1418 | elapsed=9.6 min | eta=0.6 min
[2026-08-14 20:38:58] INFO Epoch 011 | train batch=1340/1418 | elapsed=9.6 min | eta=0.6 min
[2026-08-14 20:39:03] INFO Epoch 011 | train batch=1350/1418 | elapsed=9.7 min | eta=0.5 min
[2026-08-14 20:39:07] INFO Epoch 011 | train batch=1360/1418 | elapsed=9.8 min | eta=0.4 min
[2026-08-14 20:39:11] INFO Epoch 011 | train batch=1370/1418 | elapsed=9.8 min | eta=0.3 min
[2026-08-14 20:39:16] INFO Epoch 011 | train batch=1380/1418 | elapsed=9.9 min | eta=0.3 min
[2026-08-14 20:39:20] INFO Epoch 011 | train batch=1390/1418 | elapsed=10.0 min | eta=0.2 min
[2026-08-14 20:39:24] INFO Epoch 011 | train batch=1400/1418 | elapsed=10.1 min | eta=0.1 min
[2026-08-14 20:39:29] INFO Epoch 011 | train batch=1410/1418 | elapsed=10.1 min | eta=0.1 min
[2026-08-14 20:39:32] INFO Epoch 011 | train batch=1418/1418 | elapsed=10.2 min | eta=0.0 min
[2026-08-14 20:39:33] INFO Epoch 011 | val batch=1/188 | elapsed=0.0 min | eta=0.4 min
[2026-08-14 20:39:34] INFO Epoch 011 | val batch=10/188 | elapsed=0.0 min | eta=0.5 min
[2026-08-14 20:39:36] INFO Epoch 011 | val batch=20/188 | elapsed=0.1 min | eta=0.5 min
[2026-08-14 20:39:38] INFO Epoch 011 | val batch=30/188 | elapsed=0.1 min | eta=0.5 min
[2026-08-14 20:39:40] INFO Epoch 011 | val batch=40/188 | elapsed=0.1 min | eta=0.5 min
[2026-08-14 20:39:42] INFO Epoch 011 | val batch=50/188 | elapsed=0.2 min | eta=0.4 min
[2026-08-14 20:39:44] INFO Epoch 011 | val batch=60/188 | elapsed=0.2 min | eta=0.4 min
[2026-08-14 20:39:46] INFO Epoch 011 | val batch=70/188 | elapsed=0.2 min | eta=0.4 min
[2026-08-14 20:39:47] INFO Epoch 011 | val batch=80/188 | elapsed=0.2 min | eta=0.3 min
[2026-08-14 20:39:49] INFO Epoch 011 | val batch=90/188 | elapsed=0.3 min | eta=0.3 min
[2026-08-14 20:39:51] INFO Epoch 011 | val batch=100/188 | elapsed=0.3 min | eta=0.3 min
[2026-08-14 20:39:53] INFO Epoch 011 | val batch=110/188 | elapsed=0.3 min | eta=0.2 min
[2026-08-14 20:39:55] INFO Epoch 011 | val batch=120/188 | elapsed=0.4 min | eta=0.2 min
[2026-08-14 20:39:57] INFO Epoch 011 | val batch=130/188 | elapsed=0.4 min | eta=0.2 min
[2026-08-14 20:39:59] INFO Epoch 011 | val batch=140/188 | elapsed=0.4 min | eta=0.1 min
[2026-08-14 20:40:00] INFO Epoch 011 | val batch=150/188 | elapsed=0.5 min | eta=0.1 min
[2026-08-14 20:40:02] INFO Epoch 011 | val batch=160/188 | elapsed=0.5 min | eta=0.1 min
[2026-08-14 20:40:04] INFO Epoch 011 | val batch=170/188 | elapsed=0.5 min | eta=0.1 min
[2026-08-14 20:40:06] INFO Epoch 011 | val batch=180/188 | elapsed=0.6 min | eta=0.0 min
[2026-08-14 20:40:07] INFO Epoch 011 | val batch=188/188 | elapsed=0.6 min | eta=0.0 min
[2026-08-14 20:40:07] INFO Epoch 011 | train_total=0.469499 | val_total=0.460762 | val_mask=0.240787 | val_retrieval=2.199750 | val_profile=0.000000 | val_anchors=604396 | val_positive_pairs=0 | val_hard_negatives=0 | val_relation_candidates=7268824 | val_teacher_keff=3.787 | val_student_keff=8.233 | val_adapter_valid=0.000 | val_adapter_gate=0.000 | val_adapter_spatial_gate=0.000 | val_adapter_ratio=0.000000 | val_adapter_modulation=0.000000 | val_adapter_modulation_std=0.000000 | val_adapter_group_gate_std=0.000000 | val_adapter_low_rank=0.000000 | val_adapter_direct=0.000000 | val_masked_positions=42193153 | skipped(train/val)=0/0
[2026-08-14 20:40:07] INFO Epoch 012/050 started | train_batches=1418 | val_batches=188
[2026-08-14 20:40:08] INFO Epoch 012 | train batch=1/1418 | elapsed=0.0 min | eta=11.4 min
[2026-08-14 20:40:12] INFO Epoch 012 | train batch=10/1418 | elapsed=0.1 min | eta=10.6 min
[2026-08-14 20:40:16] INFO Epoch 012 | train batch=20/1418 | elapsed=0.2 min | eta=10.6 min
[2026-08-14 20:40:21] INFO Epoch 012 | train batch=30/1418 | elapsed=0.2 min | eta=10.3 min
[2026-08-14 20:40:25] INFO Epoch 012 | train batch=40/1418 | elapsed=0.3 min | eta=10.1 min
[2026-08-14 20:40:29] INFO Epoch 012 | train batch=50/1418 | elapsed=0.4 min | eta=9.9 min
[2026-08-14 20:40:34] INFO Epoch 012 | train batch=60/1418 | elapsed=0.4 min | eta=9.9 min
[2026-08-14 20:40:38] INFO Epoch 012 | train batch=70/1418 | elapsed=0.5 min | eta=9.8 min
[2026-08-14 20:40:42] INFO Epoch 012 | train batch=80/1418 | elapsed=0.6 min | eta=9.7 min
[2026-08-14 20:40:46] INFO Epoch 012 | train batch=90/1418 | elapsed=0.7 min | eta=9.6 min
[2026-08-14 20:40:51] INFO Epoch 012 | train batch=100/1418 | elapsed=0.7 min | eta=9.5 min
[2026-08-14 20:40:55] INFO Epoch 012 | train batch=110/1418 | elapsed=0.8 min | eta=9.4 min
[2026-08-14 20:40:59] INFO Epoch 012 | train batch=120/1418 | elapsed=0.9 min | eta=9.4 min
[2026-08-14 20:41:04] INFO Epoch 012 | train batch=130/1418 | elapsed=0.9 min | eta=9.3 min
[2026-08-14 20:41:08] INFO Epoch 012 | train batch=140/1418 | elapsed=1.0 min | eta=9.2 min
[2026-08-14 20:41:12] INFO Epoch 012 | train batch=150/1418 | elapsed=1.1 min | eta=9.1 min
[2026-08-14 20:41:17] INFO Epoch 012 | train batch=160/1418 | elapsed=1.2 min | eta=9.1 min
[2026-08-14 20:41:21] INFO Epoch 012 | train batch=170/1418 | elapsed=1.2 min | eta=9.0 min
[2026-08-14 20:41:25] INFO Epoch 012 | train batch=180/1418 | elapsed=1.3 min | eta=8.9 min
[2026-08-14 20:41:30] INFO Epoch 012 | train batch=190/1418 | elapsed=1.4 min | eta=8.9 min
[2026-08-14 20:41:35] INFO Epoch 012 | train batch=200/1418 | elapsed=1.5 min | eta=8.8 min
[2026-08-14 20:41:39] INFO Epoch 012 | train batch=210/1418 | elapsed=1.5 min | eta=8.8 min
[2026-08-14 20:41:43] INFO Epoch 012 | train batch=220/1418 | elapsed=1.6 min | eta=8.7 min
[2026-08-14 20:41:49] INFO Epoch 012 | train batch=230/1418 | elapsed=1.7 min | eta=8.7 min
[2026-08-14 20:41:53] INFO Epoch 012 | train batch=240/1418 | elapsed=1.8 min | eta=8.7 min
[2026-08-14 20:41:58] INFO Epoch 012 | train batch=250/1418 | elapsed=1.8 min | eta=8.6 min
[2026-08-14 20:42:02] INFO Epoch 012 | train batch=260/1418 | elapsed=1.9 min | eta=8.5 min
[2026-08-14 20:42:07] INFO Epoch 012 | train batch=270/1418 | elapsed=2.0 min | eta=8.5 min
[2026-08-14 20:42:11] INFO Epoch 012 | train batch=280/1418 | elapsed=2.1 min | eta=8.4 min
[2026-08-14 20:42:16] INFO Epoch 012 | train batch=290/1418 | elapsed=2.1 min | eta=8.3 min
[2026-08-14 20:42:20] INFO Epoch 012 | train batch=300/1418 | elapsed=2.2 min | eta=8.3 min
[2026-08-14 20:42:25] INFO Epoch 012 | train batch=310/1418 | elapsed=2.3 min | eta=8.2 min
[2026-08-14 20:42:29] INFO Epoch 012 | train batch=320/1418 | elapsed=2.4 min | eta=8.1 min
[2026-08-14 20:42:34] INFO Epoch 012 | train batch=330/1418 | elapsed=2.4 min | eta=8.1 min
[2026-08-14 20:42:38] INFO Epoch 012 | train batch=340/1418 | elapsed=2.5 min | eta=8.0 min
[2026-08-14 20:42:43] INFO Epoch 012 | train batch=350/1418 | elapsed=2.6 min | eta=7.9 min
[2026-08-14 20:42:47] INFO Epoch 012 | train batch=360/1418 | elapsed=2.7 min | eta=7.8 min
[2026-08-14 20:42:52] INFO Epoch 012 | train batch=370/1418 | elapsed=2.7 min | eta=7.8 min
[2026-08-14 20:42:56] INFO Epoch 012 | train batch=380/1418 | elapsed=2.8 min | eta=7.7 min
[2026-08-14 20:43:00] INFO Epoch 012 | train batch=390/1418 | elapsed=2.9 min | eta=7.6 min
[2026-08-14 20:43:04] INFO Epoch 012 | train batch=400/1418 | elapsed=3.0 min | eta=7.5 min
[2026-08-14 20:43:09] INFO Epoch 012 | train batch=410/1418 | elapsed=3.0 min | eta=7.4 min
[2026-08-14 20:43:13] INFO Epoch 012 | train batch=420/1418 | elapsed=3.1 min | eta=7.4 min
[2026-08-14 20:43:18] INFO Epoch 012 | train batch=430/1418 | elapsed=3.2 min | eta=7.3 min
[2026-08-14 20:43:22] INFO Epoch 012 | train batch=440/1418 | elapsed=3.2 min | eta=7.2 min
[2026-08-14 20:43:26] INFO Epoch 012 | train batch=450/1418 | elapsed=3.3 min | eta=7.1 min
[2026-08-14 20:43:30] INFO Epoch 012 | train batch=460/1418 | elapsed=3.4 min | eta=7.0 min
[2026-08-14 20:43:35] INFO Epoch 012 | train batch=470/1418 | elapsed=3.5 min | eta=7.0 min
[2026-08-14 20:43:39] INFO Epoch 012 | train batch=480/1418 | elapsed=3.5 min | eta=6.9 min
[2026-08-14 20:43:43] INFO Epoch 012 | train batch=490/1418 | elapsed=3.6 min | eta=6.8 min
[2026-08-14 20:43:47] INFO Epoch 012 | train batch=500/1418 | elapsed=3.7 min | eta=6.7 min
[2026-08-14 20:43:52] INFO Epoch 012 | train batch=510/1418 | elapsed=3.7 min | eta=6.7 min
[2026-08-14 20:43:56] INFO Epoch 012 | train batch=520/1418 | elapsed=3.8 min | eta=6.6 min
[2026-08-14 20:44:00] INFO Epoch 012 | train batch=530/1418 | elapsed=3.9 min | eta=6.5 min
[2026-08-14 20:44:05] INFO Epoch 012 | train batch=540/1418 | elapsed=4.0 min | eta=6.4 min
[2026-08-14 20:44:09] INFO Epoch 012 | train batch=550/1418 | elapsed=4.0 min | eta=6.4 min
[2026-08-14 20:44:13] INFO Epoch 012 | train batch=560/1418 | elapsed=4.1 min | eta=6.3 min
[2026-08-14 20:44:17] INFO Epoch 012 | train batch=570/1418 | elapsed=4.2 min | eta=6.2 min
[2026-08-14 20:44:21] INFO Epoch 012 | train batch=580/1418 | elapsed=4.2 min | eta=6.1 min
[2026-08-14 20:44:25] INFO Epoch 012 | train batch=590/1418 | elapsed=4.3 min | eta=6.0 min
[2026-08-14 20:44:29] INFO Epoch 012 | train batch=600/1418 | elapsed=4.4 min | eta=6.0 min
[2026-08-14 20:44:33] INFO Epoch 012 | train batch=610/1418 | elapsed=4.4 min | eta=5.9 min
[2026-08-14 20:44:38] INFO Epoch 012 | train batch=620/1418 | elapsed=4.5 min | eta=5.8 min
[2026-08-14 20:44:42] INFO Epoch 012 | train batch=630/1418 | elapsed=4.6 min | eta=5.7 min
[2026-08-14 20:44:46] INFO Epoch 012 | train batch=640/1418 | elapsed=4.6 min | eta=5.6 min
[2026-08-14 20:44:50] INFO Epoch 012 | train batch=650/1418 | elapsed=4.7 min | eta=5.6 min
[2026-08-14 20:44:54] INFO Epoch 012 | train batch=660/1418 | elapsed=4.8 min | eta=5.5 min
[2026-08-14 20:44:58] INFO Epoch 012 | train batch=670/1418 | elapsed=4.8 min | eta=5.4 min
[2026-08-14 20:45:02] INFO Epoch 012 | train batch=680/1418 | elapsed=4.9 min | eta=5.3 min
[2026-08-14 20:45:06] INFO Epoch 012 | train batch=690/1418 | elapsed=5.0 min | eta=5.3 min
[2026-08-14 20:45:11] INFO Epoch 012 | train batch=700/1418 | elapsed=5.1 min | eta=5.2 min
[2026-08-14 20:45:15] INFO Epoch 012 | train batch=710/1418 | elapsed=5.1 min | eta=5.1 min
[2026-08-14 20:45:19] INFO Epoch 012 | train batch=720/1418 | elapsed=5.2 min | eta=5.0 min
[2026-08-14 20:45:23] INFO Epoch 012 | train batch=730/1418 | elapsed=5.3 min | eta=5.0 min
[2026-08-14 20:45:27] INFO Epoch 012 | train batch=740/1418 | elapsed=5.3 min | eta=4.9 min
[2026-08-14 20:45:31] INFO Epoch 012 | train batch=750/1418 | elapsed=5.4 min | eta=4.8 min
[2026-08-14 20:45:35] INFO Epoch 012 | train batch=760/1418 | elapsed=5.5 min | eta=4.7 min
[2026-08-14 20:45:40] INFO Epoch 012 | train batch=770/1418 | elapsed=5.5 min | eta=4.7 min
[2026-08-14 20:45:44] INFO Epoch 012 | train batch=780/1418 | elapsed=5.6 min | eta=4.6 min
[2026-08-14 20:45:48] INFO Epoch 012 | train batch=790/1418 | elapsed=5.7 min | eta=4.5 min
[2026-08-14 20:45:52] INFO Epoch 012 | train batch=800/1418 | elapsed=5.7 min | eta=4.4 min
[2026-08-14 20:45:56] INFO Epoch 012 | train batch=810/1418 | elapsed=5.8 min | eta=4.4 min
[2026-08-14 20:46:01] INFO Epoch 012 | train batch=820/1418 | elapsed=5.9 min | eta=4.3 min
[2026-08-14 20:46:05] INFO Epoch 012 | train batch=830/1418 | elapsed=6.0 min | eta=4.2 min
[2026-08-14 20:46:09] INFO Epoch 012 | train batch=840/1418 | elapsed=6.0 min | eta=4.2 min
[2026-08-14 20:46:14] INFO Epoch 012 | train batch=850/1418 | elapsed=6.1 min | eta=4.1 min
[2026-08-14 20:46:18] INFO Epoch 012 | train batch=860/1418 | elapsed=6.2 min | eta=4.0 min
[2026-08-14 20:46:22] INFO Epoch 012 | train batch=870/1418 | elapsed=6.2 min | eta=3.9 min
[2026-08-14 20:46:26] INFO Epoch 012 | train batch=880/1418 | elapsed=6.3 min | eta=3.9 min
[2026-08-14 20:46:30] INFO Epoch 012 | train batch=890/1418 | elapsed=6.4 min | eta=3.8 min
[2026-08-14 20:46:35] INFO Epoch 012 | train batch=900/1418 | elapsed=6.5 min | eta=3.7 min
[2026-08-14 20:46:39] INFO Epoch 012 | train batch=910/1418 | elapsed=6.5 min | eta=3.6 min
[2026-08-14 20:46:43] INFO Epoch 012 | train batch=920/1418 | elapsed=6.6 min | eta=3.6 min
[2026-08-14 20:46:47] INFO Epoch 012 | train batch=930/1418 | elapsed=6.7 min | eta=3.5 min
[2026-08-14 20:46:51] INFO Epoch 012 | train batch=940/1418 | elapsed=6.7 min | eta=3.4 min
[2026-08-14 20:46:56] INFO Epoch 012 | train batch=950/1418 | elapsed=6.8 min | eta=3.4 min
[2026-08-14 20:47:00] INFO Epoch 012 | train batch=960/1418 | elapsed=6.9 min | eta=3.3 min
[2026-08-14 20:47:04] INFO Epoch 012 | train batch=970/1418 | elapsed=6.9 min | eta=3.2 min
[2026-08-14 20:47:08] INFO Epoch 012 | train batch=980/1418 | elapsed=7.0 min | eta=3.1 min
[2026-08-14 20:47:13] INFO Epoch 012 | train batch=990/1418 | elapsed=7.1 min | eta=3.1 min
[2026-08-14 20:47:17] INFO Epoch 012 | train batch=1000/1418 | elapsed=7.2 min | eta=3.0 min
[2026-08-14 20:47:21] INFO Epoch 012 | train batch=1010/1418 | elapsed=7.2 min | eta=2.9 min
[2026-08-14 20:47:25] INFO Epoch 012 | train batch=1020/1418 | elapsed=7.3 min | eta=2.8 min
[2026-08-14 20:47:30] INFO Epoch 012 | train batch=1030/1418 | elapsed=7.4 min | eta=2.8 min
[2026-08-14 20:47:34] INFO Epoch 012 | train batch=1040/1418 | elapsed=7.4 min | eta=2.7 min
[2026-08-14 20:47:38] INFO Epoch 012 | train batch=1050/1418 | elapsed=7.5 min | eta=2.6 min
[2026-08-14 20:47:43] INFO Epoch 012 | train batch=1060/1418 | elapsed=7.6 min | eta=2.6 min
[2026-08-14 20:47:47] INFO Epoch 012 | train batch=1070/1418 | elapsed=7.7 min | eta=2.5 min
[2026-08-14 20:47:51] INFO Epoch 012 | train batch=1080/1418 | elapsed=7.7 min | eta=2.4 min
[2026-08-14 20:47:55] INFO Epoch 012 | train batch=1090/1418 | elapsed=7.8 min | eta=2.3 min
[2026-08-14 20:48:00] INFO Epoch 012 | train batch=1100/1418 | elapsed=7.9 min | eta=2.3 min
[2026-08-14 20:48:04] INFO Epoch 012 | train batch=1110/1418 | elapsed=7.9 min | eta=2.2 min
[2026-08-14 20:48:08] INFO Epoch 012 | train batch=1120/1418 | elapsed=8.0 min | eta=2.1 min
[2026-08-14 20:48:12] INFO Epoch 012 | train batch=1130/1418 | elapsed=8.1 min | eta=2.1 min
[2026-08-14 20:48:16] INFO Epoch 012 | train batch=1140/1418 | elapsed=8.1 min | eta=2.0 min
[2026-08-14 20:48:20] INFO Epoch 012 | train batch=1150/1418 | elapsed=8.2 min | eta=1.9 min
[2026-08-14 20:48:24] INFO Epoch 012 | train batch=1160/1418 | elapsed=8.3 min | eta=1.8 min
[2026-08-14 20:48:29] INFO Epoch 012 | train batch=1170/1418 | elapsed=8.4 min | eta=1.8 min
[2026-08-14 20:48:33] INFO Epoch 012 | train batch=1180/1418 | elapsed=8.4 min | eta=1.7 min
[2026-08-14 20:48:37] INFO Epoch 012 | train batch=1190/1418 | elapsed=8.5 min | eta=1.6 min
[2026-08-14 20:48:41] INFO Epoch 012 | train batch=1200/1418 | elapsed=8.6 min | eta=1.6 min
[2026-08-14 20:48:45] INFO Epoch 012 | train batch=1210/1418 | elapsed=8.6 min | eta=1.5 min
[2026-08-14 20:48:49] INFO Epoch 012 | train batch=1220/1418 | elapsed=8.7 min | eta=1.4 min
[2026-08-14 20:48:54] INFO Epoch 012 | train batch=1230/1418 | elapsed=8.8 min | eta=1.3 min
[2026-08-14 20:48:58] INFO Epoch 012 | train batch=1240/1418 | elapsed=8.8 min | eta=1.3 min
[2026-08-14 20:49:02] INFO Epoch 012 | train batch=1250/1418 | elapsed=8.9 min | eta=1.2 min
[2026-08-14 20:49:06] INFO Epoch 012 | train batch=1260/1418 | elapsed=9.0 min | eta=1.1 min
[2026-08-14 20:49:10] INFO Epoch 012 | train batch=1270/1418 | elapsed=9.0 min | eta=1.1 min
[2026-08-14 20:49:14] INFO Epoch 012 | train batch=1280/1418 | elapsed=9.1 min | eta=1.0 min
[2026-08-14 20:49:18] INFO Epoch 012 | train batch=1290/1418 | elapsed=9.2 min | eta=0.9 min
[2026-08-14 20:49:23] INFO Epoch 012 | train batch=1300/1418 | elapsed=9.3 min | eta=0.8 min
[2026-08-14 20:49:27] INFO Epoch 012 | train batch=1310/1418 | elapsed=9.3 min | eta=0.8 min
[2026-08-14 20:49:31] INFO Epoch 012 | train batch=1320/1418 | elapsed=9.4 min | eta=0.7 min
[2026-08-14 20:49:35] INFO Epoch 012 | train batch=1330/1418 | elapsed=9.5 min | eta=0.6 min
[2026-08-14 20:49:39] INFO Epoch 012 | train batch=1340/1418 | elapsed=9.5 min | eta=0.6 min
[2026-08-14 20:49:43] INFO Epoch 012 | train batch=1350/1418 | elapsed=9.6 min | eta=0.5 min
[2026-08-14 20:49:47] INFO Epoch 012 | train batch=1360/1418 | elapsed=9.7 min | eta=0.4 min
[2026-08-14 20:49:52] INFO Epoch 012 | train batch=1370/1418 | elapsed=9.7 min | eta=0.3 min
[2026-08-14 20:49:56] INFO Epoch 012 | train batch=1380/1418 | elapsed=9.8 min | eta=0.3 min
[2026-08-14 20:50:00] INFO Epoch 012 | train batch=1390/1418 | elapsed=9.9 min | eta=0.2 min
[2026-08-14 20:50:04] INFO Epoch 012 | train batch=1400/1418 | elapsed=9.9 min | eta=0.1 min
[2026-08-14 20:50:09] INFO Epoch 012 | train batch=1410/1418 | elapsed=10.0 min | eta=0.1 min
[2026-08-14 20:50:12] INFO Epoch 012 | train batch=1418/1418 | elapsed=10.1 min | eta=0.0 min
[2026-08-14 20:50:12] INFO Epoch 012 | val batch=1/188 | elapsed=0.0 min | eta=0.4 min
[2026-08-14 20:50:14] INFO Epoch 012 | val batch=10/188 | elapsed=0.0 min | eta=0.5 min
[2026-08-14 20:50:15] INFO Epoch 012 | val batch=20/188 | elapsed=0.1 min | eta=0.5 min
[2026-08-14 20:50:17] INFO Epoch 012 | val batch=30/188 | elapsed=0.1 min | eta=0.5 min
[2026-08-14 20:50:19] INFO Epoch 012 | val batch=40/188 | elapsed=0.1 min | eta=0.5 min
[2026-08-14 20:50:21] INFO Epoch 012 | val batch=50/188 | elapsed=0.2 min | eta=0.4 min
[2026-08-14 20:50:23] INFO Epoch 012 | val batch=60/188 | elapsed=0.2 min | eta=0.4 min
[2026-08-14 20:50:25] INFO Epoch 012 | val batch=70/188 | elapsed=0.2 min | eta=0.4 min
[2026-08-14 20:50:26] INFO Epoch 012 | val batch=80/188 | elapsed=0.2 min | eta=0.3 min
[2026-08-14 20:50:28] INFO Epoch 012 | val batch=90/188 | elapsed=0.3 min | eta=0.3 min
[2026-08-14 20:50:30] INFO Epoch 012 | val batch=100/188 | elapsed=0.3 min | eta=0.3 min
[2026-08-14 20:50:32] INFO Epoch 012 | val batch=110/188 | elapsed=0.3 min | eta=0.2 min
[2026-08-14 20:50:34] INFO Epoch 012 | val batch=120/188 | elapsed=0.4 min | eta=0.2 min
[2026-08-14 20:50:36] INFO Epoch 012 | val batch=130/188 | elapsed=0.4 min | eta=0.2 min
[2026-08-14 20:50:37] INFO Epoch 012 | val batch=140/188 | elapsed=0.4 min | eta=0.1 min
[2026-08-14 20:50:39] INFO Epoch 012 | val batch=150/188 | elapsed=0.5 min | eta=0.1 min
[2026-08-14 20:50:41] INFO Epoch 012 | val batch=160/188 | elapsed=0.5 min | eta=0.1 min
[2026-08-14 20:50:43] INFO Epoch 012 | val batch=170/188 | elapsed=0.5 min | eta=0.1 min
[2026-08-14 20:50:45] INFO Epoch 012 | val batch=180/188 | elapsed=0.6 min | eta=0.0 min
[2026-08-14 20:50:46] INFO Epoch 012 | val batch=188/188 | elapsed=0.6 min | eta=0.0 min
[2026-08-14 20:50:46] INFO Epoch 012 | train_total=0.472200 | val_total=0.450785 | val_mask=0.232048 | val_retrieval=2.187369 | val_profile=0.000000 | val_anchors=604396 | val_positive_pairs=0 | val_hard_negatives=0 | val_relation_candidates=7268824 | val_teacher_keff=3.787 | val_student_keff=8.214 | val_adapter_valid=0.000 | val_adapter_gate=0.000 | val_adapter_spatial_gate=0.000 | val_adapter_ratio=0.000000 | val_adapter_modulation=0.000000 | val_adapter_modulation_std=0.000000 | val_adapter_group_gate_std=0.000000 | val_adapter_low_rank=0.000000 | val_adapter_direct=0.000000 | val_masked_positions=42185966 | skipped(train/val)=0/0
[2026-08-14 20:50:46] INFO Checkpoint updated | epoch=12 | best_val=0.450785 | path=C:\Users\clw\projects\researchRep\STAnchor-BlockMemory\artifacts\metrla_e5_final_latent48_global288_seed42\pretrain_best.pt
[2026-08-14 20:50:46] INFO Relation checkpoint updated | epoch=12 | best_val_relation=2.187369 | path=C:\Users\clw\projects\researchRep\STAnchor-BlockMemory\artifacts\metrla_e5_final_latent48_global288_seed42\pretrain_best_relation.pt
[2026-08-14 20:50:46] INFO Epoch 013/050 started | train_batches=1418 | val_batches=188
[2026-08-14 20:50:46] INFO Epoch 013 | train batch=1/1418 | elapsed=0.0 min | eta=8.8 min
[2026-08-14 20:50:50] INFO Epoch 013 | train batch=10/1418 | elapsed=0.1 min | eta=9.6 min
[2026-08-14 20:50:54] INFO Epoch 013 | train batch=20/1418 | elapsed=0.1 min | eta=9.7 min
[2026-08-14 20:50:59] INFO Epoch 013 | train batch=30/1418 | elapsed=0.2 min | eta=9.8 min
[2026-08-14 20:51:03] INFO Epoch 013 | train batch=40/1418 | elapsed=0.3 min | eta=9.7 min
[2026-08-14 20:51:07] INFO Epoch 013 | train batch=50/1418 | elapsed=0.4 min | eta=9.7 min
[2026-08-14 20:51:11] INFO Epoch 013 | train batch=60/1418 | elapsed=0.4 min | eta=9.6 min
[2026-08-14 20:51:16] INFO Epoch 013 | train batch=70/1418 | elapsed=0.5 min | eta=9.5 min
[2026-08-14 20:51:20] INFO Epoch 013 | train batch=80/1418 | elapsed=0.6 min | eta=9.4 min
[2026-08-14 20:51:24] INFO Epoch 013 | train batch=90/1418 | elapsed=0.6 min | eta=9.3 min
[2026-08-14 20:51:28] INFO Epoch 013 | train batch=100/1418 | elapsed=0.7 min | eta=9.2 min
[2026-08-14 20:51:32] INFO Epoch 013 | train batch=110/1418 | elapsed=0.8 min | eta=9.1 min
[2026-08-14 20:51:36] INFO Epoch 013 | train batch=120/1418 | elapsed=0.8 min | eta=9.0 min
[2026-08-14 20:51:40] INFO Epoch 013 | train batch=130/1418 | elapsed=0.9 min | eta=8.9 min
[2026-08-14 20:51:44] INFO Epoch 013 | train batch=140/1418 | elapsed=1.0 min | eta=8.9 min
[2026-08-14 20:51:48] INFO Epoch 013 | train batch=150/1418 | elapsed=1.0 min | eta=8.8 min
[2026-08-14 20:51:53] INFO Epoch 013 | train batch=160/1418 | elapsed=1.1 min | eta=8.7 min
[2026-08-14 20:51:57] INFO Epoch 013 | train batch=170/1418 | elapsed=1.2 min | eta=8.6 min
[2026-08-14 20:52:01] INFO Epoch 013 | train batch=180/1418 | elapsed=1.2 min | eta=8.6 min
[2026-08-14 20:52:05] INFO Epoch 013 | train batch=190/1418 | elapsed=1.3 min | eta=8.5 min
[2026-08-14 20:52:09] INFO Epoch 013 | train batch=200/1418 | elapsed=1.4 min | eta=8.5 min
[2026-08-14 20:52:14] INFO Epoch 013 | train batch=210/1418 | elapsed=1.5 min | eta=8.4 min
[2026-08-14 20:52:18] INFO Epoch 013 | train batch=220/1418 | elapsed=1.5 min | eta=8.3 min
[2026-08-14 20:52:22] INFO Epoch 013 | train batch=230/1418 | elapsed=1.6 min | eta=8.3 min
[2026-08-14 20:52:26] INFO Epoch 013 | train batch=240/1418 | elapsed=1.7 min | eta=8.2 min
[2026-08-14 20:52:31] INFO Epoch 013 | train batch=250/1418 | elapsed=1.7 min | eta=8.1 min
[2026-08-14 20:52:35] INFO Epoch 013 | train batch=260/1418 | elapsed=1.8 min | eta=8.1 min
[2026-08-14 20:52:39] INFO Epoch 013 | train batch=270/1418 | elapsed=1.9 min | eta=8.0 min
[2026-08-14 20:52:43] INFO Epoch 013 | train batch=280/1418 | elapsed=2.0 min | eta=7.9 min
[2026-08-14 20:52:48] INFO Epoch 013 | train batch=290/1418 | elapsed=2.0 min | eta=7.9 min
[2026-08-14 20:52:52] INFO Epoch 013 | train batch=300/1418 | elapsed=2.1 min | eta=7.8 min
[2026-08-14 20:52:56] INFO Epoch 013 | train batch=310/1418 | elapsed=2.2 min | eta=7.7 min
[2026-08-14 20:53:00] INFO Epoch 013 | train batch=320/1418 | elapsed=2.2 min | eta=7.7 min
[2026-08-14 20:53:04] INFO Epoch 013 | train batch=330/1418 | elapsed=2.3 min | eta=7.6 min
[2026-08-14 20:53:09] INFO Epoch 013 | train batch=340/1418 | elapsed=2.4 min | eta=7.5 min
[2026-08-14 20:53:13] INFO Epoch 013 | train batch=350/1418 | elapsed=2.4 min | eta=7.5 min
[2026-08-14 20:53:17] INFO Epoch 013 | train batch=360/1418 | elapsed=2.5 min | eta=7.4 min
[2026-08-14 20:53:21] INFO Epoch 013 | train batch=370/1418 | elapsed=2.6 min | eta=7.3 min
[2026-08-14 20:53:25] INFO Epoch 013 | train batch=380/1418 | elapsed=2.7 min | eta=7.2 min
[2026-08-14 20:53:29] INFO Epoch 013 | train batch=390/1418 | elapsed=2.7 min | eta=7.2 min
[2026-08-14 20:53:34] INFO Epoch 013 | train batch=400/1418 | elapsed=2.8 min | eta=7.1 min
[2026-08-14 20:53:38] INFO Epoch 013 | train batch=410/1418 | elapsed=2.9 min | eta=7.0 min
[2026-08-14 20:53:42] INFO Epoch 013 | train batch=420/1418 | elapsed=2.9 min | eta=7.0 min
[2026-08-14 20:53:46] INFO Epoch 013 | train batch=430/1418 | elapsed=3.0 min | eta=6.9 min
[2026-08-14 20:53:50] INFO Epoch 013 | train batch=440/1418 | elapsed=3.1 min | eta=6.8 min
[2026-08-14 20:53:54] INFO Epoch 013 | train batch=450/1418 | elapsed=3.1 min | eta=6.8 min
[2026-08-14 20:53:59] INFO Epoch 013 | train batch=460/1418 | elapsed=3.2 min | eta=6.7 min
[2026-08-14 20:54:03] INFO Epoch 013 | train batch=470/1418 | elapsed=3.3 min | eta=6.6 min
[2026-08-14 20:54:07] INFO Epoch 013 | train batch=480/1418 | elapsed=3.3 min | eta=6.5 min
[2026-08-14 20:54:11] INFO Epoch 013 | train batch=490/1418 | elapsed=3.4 min | eta=6.5 min
[2026-08-14 20:54:15] INFO Epoch 013 | train batch=500/1418 | elapsed=3.5 min | eta=6.4 min
[2026-08-14 20:54:19] INFO Epoch 013 | train batch=510/1418 | elapsed=3.6 min | eta=6.3 min
[2026-08-14 20:54:24] INFO Epoch 013 | train batch=520/1418 | elapsed=3.6 min | eta=6.3 min
[2026-08-14 20:54:28] INFO Epoch 013 | train batch=530/1418 | elapsed=3.7 min | eta=6.2 min
[2026-08-14 20:54:32] INFO Epoch 013 | train batch=540/1418 | elapsed=3.8 min | eta=6.1 min
[2026-08-14 20:54:36] INFO Epoch 013 | train batch=550/1418 | elapsed=3.8 min | eta=6.1 min
[2026-08-14 20:54:40] INFO Epoch 013 | train batch=560/1418 | elapsed=3.9 min | eta=6.0 min
[2026-08-14 20:54:44] INFO Epoch 013 | train batch=570/1418 | elapsed=4.0 min | eta=5.9 min
[2026-08-14 20:54:48] INFO Epoch 013 | train batch=580/1418 | elapsed=4.0 min | eta=5.8 min
[2026-08-14 20:54:53] INFO Epoch 013 | train batch=590/1418 | elapsed=4.1 min | eta=5.8 min
[2026-08-14 20:54:57] INFO Epoch 013 | train batch=600/1418 | elapsed=4.2 min | eta=5.7 min
[2026-08-14 20:55:01] INFO Epoch 013 | train batch=610/1418 | elapsed=4.3 min | eta=5.6 min
[2026-08-14 20:55:05] INFO Epoch 013 | train batch=620/1418 | elapsed=4.3 min | eta=5.6 min
[2026-08-14 20:55:10] INFO Epoch 013 | train batch=630/1418 | elapsed=4.4 min | eta=5.5 min
[2026-08-14 20:55:14] INFO Epoch 013 | train batch=640/1418 | elapsed=4.5 min | eta=5.4 min
[2026-08-14 20:55:18] INFO Epoch 013 | train batch=650/1418 | elapsed=4.5 min | eta=5.3 min
[2026-08-14 20:55:22] INFO Epoch 013 | train batch=660/1418 | elapsed=4.6 min | eta=5.3 min
[2026-08-14 20:55:26] INFO Epoch 013 | train batch=670/1418 | elapsed=4.7 min | eta=5.2 min
[2026-08-14 20:55:30] INFO Epoch 013 | train batch=680/1418 | elapsed=4.7 min | eta=5.1 min
[2026-08-14 20:55:34] INFO Epoch 013 | train batch=690/1418 | elapsed=4.8 min | eta=5.1 min
[2026-08-14 20:55:38] INFO Epoch 013 | train batch=700/1418 | elapsed=4.9 min | eta=5.0 min
[2026-08-14 20:55:42] INFO Epoch 013 | train batch=710/1418 | elapsed=4.9 min | eta=4.9 min
[2026-08-14 20:55:46] INFO Epoch 013 | train batch=720/1418 | elapsed=5.0 min | eta=4.8 min
[2026-08-14 20:55:50] INFO Epoch 013 | train batch=730/1418 | elapsed=5.1 min | eta=4.8 min
[2026-08-14 20:55:55] INFO Epoch 013 | train batch=740/1418 | elapsed=5.1 min | eta=4.7 min
[2026-08-14 20:55:59] INFO Epoch 013 | train batch=750/1418 | elapsed=5.2 min | eta=4.6 min
[2026-08-14 20:56:03] INFO Epoch 013 | train batch=760/1418 | elapsed=5.3 min | eta=4.6 min
[2026-08-14 20:56:07] INFO Epoch 013 | train batch=770/1418 | elapsed=5.4 min | eta=4.5 min
[2026-08-14 20:56:12] INFO Epoch 013 | train batch=780/1418 | elapsed=5.4 min | eta=4.4 min
[2026-08-14 20:56:16] INFO Epoch 013 | train batch=790/1418 | elapsed=5.5 min | eta=4.4 min
[2026-08-14 20:56:20] INFO Epoch 013 | train batch=800/1418 | elapsed=5.6 min | eta=4.3 min
[2026-08-14 20:56:24] INFO Epoch 013 | train batch=810/1418 | elapsed=5.6 min | eta=4.2 min
[2026-08-14 20:56:28] INFO Epoch 013 | train batch=820/1418 | elapsed=5.7 min | eta=4.2 min
[2026-08-14 20:56:32] INFO Epoch 013 | train batch=830/1418 | elapsed=5.8 min | eta=4.1 min
[2026-08-14 20:56:36] INFO Epoch 013 | train batch=840/1418 | elapsed=5.8 min | eta=4.0 min
[2026-08-14 20:56:41] INFO Epoch 013 | train batch=850/1418 | elapsed=5.9 min | eta=3.9 min
[2026-08-14 20:56:45] INFO Epoch 013 | train batch=860/1418 | elapsed=6.0 min | eta=3.9 min
[2026-08-14 20:56:49] INFO Epoch 013 | train batch=870/1418 | elapsed=6.0 min | eta=3.8 min
[2026-08-14 20:56:53] INFO Epoch 013 | train batch=880/1418 | elapsed=6.1 min | eta=3.7 min
[2026-08-14 20:56:58] INFO Epoch 013 | train batch=890/1418 | elapsed=6.2 min | eta=3.7 min
[2026-08-14 20:57:02] INFO Epoch 013 | train batch=900/1418 | elapsed=6.3 min | eta=3.6 min
[2026-08-14 20:57:07] INFO Epoch 013 | train batch=910/1418 | elapsed=6.3 min | eta=3.5 min
[2026-08-14 20:57:11] INFO Epoch 013 | train batch=920/1418 | elapsed=6.4 min | eta=3.5 min
[2026-08-14 20:57:15] INFO Epoch 013 | train batch=930/1418 | elapsed=6.5 min | eta=3.4 min
[2026-08-14 20:57:19] INFO Epoch 013 | train batch=940/1418 | elapsed=6.6 min | eta=3.3 min
[2026-08-14 20:57:23] INFO Epoch 013 | train batch=950/1418 | elapsed=6.6 min | eta=3.3 min
[2026-08-14 20:57:27] INFO Epoch 013 | train batch=960/1418 | elapsed=6.7 min | eta=3.2 min
[2026-08-14 20:57:31] INFO Epoch 013 | train batch=970/1418 | elapsed=6.8 min | eta=3.1 min
[2026-08-14 20:57:35] INFO Epoch 013 | train batch=980/1418 | elapsed=6.8 min | eta=3.0 min
[2026-08-14 20:57:39] INFO Epoch 013 | train batch=990/1418 | elapsed=6.9 min | eta=3.0 min
[2026-08-14 20:57:44] INFO Epoch 013 | train batch=1000/1418 | elapsed=7.0 min | eta=2.9 min
[2026-08-14 20:57:48] INFO Epoch 013 | train batch=1010/1418 | elapsed=7.0 min | eta=2.8 min
[2026-08-14 20:57:53] INFO Epoch 013 | train batch=1020/1418 | elapsed=7.1 min | eta=2.8 min
[2026-08-14 20:57:57] INFO Epoch 013 | train batch=1030/1418 | elapsed=7.2 min | eta=2.7 min
[2026-08-14 20:58:01] INFO Epoch 013 | train batch=1040/1418 | elapsed=7.3 min | eta=2.6 min
[2026-08-14 20:58:05] INFO Epoch 013 | train batch=1050/1418 | elapsed=7.3 min | eta=2.6 min
[2026-08-14 20:58:10] INFO Epoch 013 | train batch=1060/1418 | elapsed=7.4 min | eta=2.5 min
[2026-08-14 20:58:14] INFO Epoch 013 | train batch=1070/1418 | elapsed=7.5 min | eta=2.4 min
[2026-08-14 20:58:18] INFO Epoch 013 | train batch=1080/1418 | elapsed=7.5 min | eta=2.4 min
[2026-08-14 20:58:23] INFO Epoch 013 | train batch=1090/1418 | elapsed=7.6 min | eta=2.3 min
[2026-08-14 20:58:27] INFO Epoch 013 | train batch=1100/1418 | elapsed=7.7 min | eta=2.2 min
[2026-08-14 20:58:31] INFO Epoch 013 | train batch=1110/1418 | elapsed=7.7 min | eta=2.1 min
[2026-08-14 20:58:35] INFO Epoch 013 | train batch=1120/1418 | elapsed=7.8 min | eta=2.1 min
[2026-08-14 20:58:39] INFO Epoch 013 | train batch=1130/1418 | elapsed=7.9 min | eta=2.0 min
[2026-08-14 20:58:44] INFO Epoch 013 | train batch=1140/1418 | elapsed=8.0 min | eta=1.9 min
[2026-08-14 20:58:48] INFO Epoch 013 | train batch=1150/1418 | elapsed=8.0 min | eta=1.9 min
[2026-08-14 20:58:52] INFO Epoch 013 | train batch=1160/1418 | elapsed=8.1 min | eta=1.8 min
[2026-08-14 20:58:57] INFO Epoch 013 | train batch=1170/1418 | elapsed=8.2 min | eta=1.7 min
[2026-08-14 20:59:01] INFO Epoch 013 | train batch=1180/1418 | elapsed=8.3 min | eta=1.7 min
[2026-08-14 20:59:06] INFO Epoch 013 | train batch=1190/1418 | elapsed=8.3 min | eta=1.6 min
[2026-08-14 20:59:10] INFO Epoch 013 | train batch=1200/1418 | elapsed=8.4 min | eta=1.5 min
[2026-08-14 20:59:14] INFO Epoch 013 | train batch=1210/1418 | elapsed=8.5 min | eta=1.5 min
[2026-08-14 20:59:18] INFO Epoch 013 | train batch=1220/1418 | elapsed=8.5 min | eta=1.4 min
[2026-08-14 20:59:22] INFO Epoch 013 | train batch=1230/1418 | elapsed=8.6 min | eta=1.3 min
[2026-08-14 20:59:26] INFO Epoch 013 | train batch=1240/1418 | elapsed=8.7 min | eta=1.2 min
[2026-08-14 20:59:30] INFO Epoch 013 | train batch=1250/1418 | elapsed=8.7 min | eta=1.2 min
[2026-08-14 20:59:35] INFO Epoch 013 | train batch=1260/1418 | elapsed=8.8 min | eta=1.1 min
[2026-08-14 20:59:38] INFO Epoch 013 | train batch=1270/1418 | elapsed=8.9 min | eta=1.0 min
[2026-08-14 20:59:43] INFO Epoch 013 | train batch=1280/1418 | elapsed=8.9 min | eta=1.0 min
[2026-08-14 20:59:47] INFO Epoch 013 | train batch=1290/1418 | elapsed=9.0 min | eta=0.9 min
[2026-08-14 20:59:51] INFO Epoch 013 | train batch=1300/1418 | elapsed=9.1 min | eta=0.8 min
[2026-08-14 20:59:55] INFO Epoch 013 | train batch=1310/1418 | elapsed=9.2 min | eta=0.8 min
[2026-08-14 21:00:00] INFO Epoch 013 | train batch=1320/1418 | elapsed=9.2 min | eta=0.7 min
[2026-08-14 21:00:04] INFO Epoch 013 | train batch=1330/1418 | elapsed=9.3 min | eta=0.6 min
[2026-08-14 21:00:08] INFO Epoch 013 | train batch=1340/1418 | elapsed=9.4 min | eta=0.5 min
[2026-08-14 21:00:12] INFO Epoch 013 | train batch=1350/1418 | elapsed=9.4 min | eta=0.5 min
[2026-08-14 21:00:16] INFO Epoch 013 | train batch=1360/1418 | elapsed=9.5 min | eta=0.4 min
[2026-08-14 21:00:21] INFO Epoch 013 | train batch=1370/1418 | elapsed=9.6 min | eta=0.3 min
[2026-08-14 21:00:25] INFO Epoch 013 | train batch=1380/1418 | elapsed=9.6 min | eta=0.3 min
[2026-08-14 21:00:29] INFO Epoch 013 | train batch=1390/1418 | elapsed=9.7 min | eta=0.2 min
[2026-08-14 21:00:33] INFO Epoch 013 | train batch=1400/1418 | elapsed=9.8 min | eta=0.1 min
[2026-08-14 21:00:38] INFO Epoch 013 | train batch=1410/1418 | elapsed=9.9 min | eta=0.1 min
[2026-08-14 21:00:41] INFO Epoch 013 | train batch=1418/1418 | elapsed=9.9 min | eta=0.0 min
[2026-08-14 21:00:41] INFO Epoch 013 | val batch=1/188 | elapsed=0.0 min | eta=0.4 min
[2026-08-14 21:00:43] INFO Epoch 013 | val batch=10/188 | elapsed=0.0 min | eta=0.5 min
[2026-08-14 21:00:45] INFO Epoch 013 | val batch=20/188 | elapsed=0.1 min | eta=0.5 min
[2026-08-14 21:00:46] INFO Epoch 013 | val batch=30/188 | elapsed=0.1 min | eta=0.5 min
[2026-08-14 21:00:48] INFO Epoch 013 | val batch=40/188 | elapsed=0.1 min | eta=0.4 min
[2026-08-14 21:00:50] INFO Epoch 013 | val batch=50/188 | elapsed=0.2 min | eta=0.4 min
[2026-08-14 21:00:52] INFO Epoch 013 | val batch=60/188 | elapsed=0.2 min | eta=0.4 min
[2026-08-14 21:00:54] INFO Epoch 013 | val batch=70/188 | elapsed=0.2 min | eta=0.4 min
[2026-08-14 21:00:55] INFO Epoch 013 | val batch=80/188 | elapsed=0.2 min | eta=0.3 min
[2026-08-14 21:00:57] INFO Epoch 013 | val batch=90/188 | elapsed=0.3 min | eta=0.3 min
[2026-08-14 21:00:59] INFO Epoch 013 | val batch=100/188 | elapsed=0.3 min | eta=0.3 min
[2026-08-14 21:01:01] INFO Epoch 013 | val batch=110/188 | elapsed=0.3 min | eta=0.2 min
[2026-08-14 21:01:03] INFO Epoch 013 | val batch=120/188 | elapsed=0.4 min | eta=0.2 min
[2026-08-14 21:01:04] INFO Epoch 013 | val batch=130/188 | elapsed=0.4 min | eta=0.2 min
[2026-08-14 21:01:06] INFO Epoch 013 | val batch=140/188 | elapsed=0.4 min | eta=0.1 min
[2026-08-14 21:01:08] INFO Epoch 013 | val batch=150/188 | elapsed=0.5 min | eta=0.1 min
[2026-08-14 21:01:10] INFO Epoch 013 | val batch=160/188 | elapsed=0.5 min | eta=0.1 min
[2026-08-14 21:01:12] INFO Epoch 013 | val batch=170/188 | elapsed=0.5 min | eta=0.1 min
[2026-08-14 21:01:14] INFO Epoch 013 | val batch=180/188 | elapsed=0.5 min | eta=0.0 min
[2026-08-14 21:01:15] INFO Epoch 013 | val batch=188/188 | elapsed=0.6 min | eta=0.0 min
[2026-08-14 21:01:15] INFO Epoch 013 | train_total=0.468571 | val_total=0.446340 | val_mask=0.227988 | val_retrieval=2.183525 | val_profile=0.000000 | val_anchors=604396 | val_positive_pairs=0 | val_hard_negatives=0 | val_relation_candidates=7268824 | val_teacher_keff=3.787 | val_student_keff=7.999 | val_adapter_valid=0.000 | val_adapter_gate=0.000 | val_adapter_spatial_gate=0.000 | val_adapter_ratio=0.000000 | val_adapter_modulation=0.000000 | val_adapter_modulation_std=0.000000 | val_adapter_group_gate_std=0.000000 | val_adapter_low_rank=0.000000 | val_adapter_direct=0.000000 | val_masked_positions=42191306 | skipped(train/val)=0/0
[2026-08-14 21:01:15] INFO Checkpoint updated | epoch=13 | best_val=0.446340 | path=C:\Users\clw\projects\researchRep\STAnchor-BlockMemory\artifacts\metrla_e5_final_latent48_global288_seed42\pretrain_best.pt
[2026-08-14 21:01:15] INFO Relation checkpoint updated | epoch=13 | best_val_relation=2.183525 | path=C:\Users\clw\projects\researchRep\STAnchor-BlockMemory\artifacts\metrla_e5_final_latent48_global288_seed42\pretrain_best_relation.pt
[2026-08-14 21:01:15] INFO Epoch 014/050 started | train_batches=1418 | val_batches=188
[2026-08-14 21:01:15] INFO Epoch 014 | train batch=1/1418 | elapsed=0.0 min | eta=11.0 min
[2026-08-14 21:01:19] INFO Epoch 014 | train batch=10/1418 | elapsed=0.1 min | eta=10.3 min
[2026-08-14 21:01:23] INFO Epoch 014 | train batch=20/1418 | elapsed=0.1 min | eta=9.7 min
[2026-08-14 21:01:27] INFO Epoch 014 | train batch=30/1418 | elapsed=0.2 min | eta=9.6 min
[2026-08-14 21:01:31] INFO Epoch 014 | train batch=40/1418 | elapsed=0.3 min | eta=9.4 min
[2026-08-14 21:01:36] INFO Epoch 014 | train batch=50/1418 | elapsed=0.3 min | eta=9.5 min
[2026-08-14 21:01:40] INFO Epoch 014 | train batch=60/1418 | elapsed=0.4 min | eta=9.5 min
[2026-08-14 21:01:44] INFO Epoch 014 | train batch=70/1418 | elapsed=0.5 min | eta=9.5 min
[2026-08-14 21:01:49] INFO Epoch 014 | train batch=80/1418 | elapsed=0.6 min | eta=9.4 min
[2026-08-14 21:01:53] INFO Epoch 014 | train batch=90/1418 | elapsed=0.6 min | eta=9.4 min
[2026-08-14 21:01:57] INFO Epoch 014 | train batch=100/1418 | elapsed=0.7 min | eta=9.2 min
[2026-08-14 21:02:01] INFO Epoch 014 | train batch=110/1418 | elapsed=0.8 min | eta=9.2 min
[2026-08-14 21:02:05] INFO Epoch 014 | train batch=120/1418 | elapsed=0.8 min | eta=9.1 min
[2026-08-14 21:02:10] INFO Epoch 014 | train batch=130/1418 | elapsed=0.9 min | eta=9.0 min
[2026-08-14 21:02:14] INFO Epoch 014 | train batch=140/1418 | elapsed=1.0 min | eta=9.0 min
[2026-08-14 21:02:18] INFO Epoch 014 | train batch=150/1418 | elapsed=1.1 min | eta=8.9 min
[2026-08-14 21:02:22] INFO Epoch 014 | train batch=160/1418 | elapsed=1.1 min | eta=8.8 min
[2026-08-14 21:02:27] INFO Epoch 014 | train batch=170/1418 | elapsed=1.2 min | eta=8.8 min
[2026-08-14 21:02:31] INFO Epoch 014 | train batch=180/1418 | elapsed=1.3 min | eta=8.7 min
[2026-08-14 21:02:35] INFO Epoch 014 | train batch=190/1418 | elapsed=1.3 min | eta=8.6 min
[2026-08-14 21:02:39] INFO Epoch 014 | train batch=200/1418 | elapsed=1.4 min | eta=8.6 min
[2026-08-14 21:02:44] INFO Epoch 014 | train batch=210/1418 | elapsed=1.5 min | eta=8.5 min
[2026-08-14 21:02:48] INFO Epoch 014 | train batch=220/1418 | elapsed=1.6 min | eta=8.4 min
[2026-08-14 21:02:52] INFO Epoch 014 | train batch=230/1418 | elapsed=1.6 min | eta=8.4 min
[2026-08-14 21:02:56] INFO Epoch 014 | train batch=240/1418 | elapsed=1.7 min | eta=8.3 min
[2026-08-14 21:03:00] INFO Epoch 014 | train batch=250/1418 | elapsed=1.8 min | eta=8.2 min
[2026-08-14 21:03:05] INFO Epoch 014 | train batch=260/1418 | elapsed=1.8 min | eta=8.2 min
[2026-08-14 21:03:09] INFO Epoch 014 | train batch=270/1418 | elapsed=1.9 min | eta=8.1 min
[2026-08-14 21:03:13] INFO Epoch 014 | train batch=280/1418 | elapsed=2.0 min | eta=8.0 min
[2026-08-14 21:03:17] INFO Epoch 014 | train batch=290/1418 | elapsed=2.0 min | eta=7.9 min
[2026-08-14 21:03:21] INFO Epoch 014 | train batch=300/1418 | elapsed=2.1 min | eta=7.8 min
[2026-08-14 21:03:25] INFO Epoch 014 | train batch=310/1418 | elapsed=2.2 min | eta=7.8 min
[2026-08-14 21:03:29] INFO Epoch 014 | train batch=320/1418 | elapsed=2.2 min | eta=7.7 min
[2026-08-14 21:03:34] INFO Epoch 014 | train batch=330/1418 | elapsed=2.3 min | eta=7.6 min
[2026-08-14 21:03:38] INFO Epoch 014 | train batch=340/1418 | elapsed=2.4 min | eta=7.6 min
[2026-08-14 21:03:42] INFO Epoch 014 | train batch=350/1418 | elapsed=2.5 min | eta=7.5 min
[2026-08-14 21:03:46] INFO Epoch 014 | train batch=360/1418 | elapsed=2.5 min | eta=7.4 min
[2026-08-14 21:03:50] INFO Epoch 014 | train batch=370/1418 | elapsed=2.6 min | eta=7.3 min
[2026-08-14 21:03:55] INFO Epoch 014 | train batch=380/1418 | elapsed=2.7 min | eta=7.3 min
[2026-08-14 21:03:59] INFO Epoch 014 | train batch=390/1418 | elapsed=2.7 min | eta=7.2 min
[2026-08-14 21:04:03] INFO Epoch 014 | train batch=400/1418 | elapsed=2.8 min | eta=7.1 min
[2026-08-14 21:04:07] INFO Epoch 014 | train batch=410/1418 | elapsed=2.9 min | eta=7.1 min
[2026-08-14 21:04:12] INFO Epoch 014 | train batch=420/1418 | elapsed=2.9 min | eta=7.0 min
[2026-08-14 21:04:16] INFO Epoch 014 | train batch=430/1418 | elapsed=3.0 min | eta=6.9 min
[2026-08-14 21:04:20] INFO Epoch 014 | train batch=440/1418 | elapsed=3.1 min | eta=6.8 min
[2026-08-14 21:04:24] INFO Epoch 014 | train batch=450/1418 | elapsed=3.1 min | eta=6.8 min
[2026-08-14 21:04:28] INFO Epoch 014 | train batch=460/1418 | elapsed=3.2 min | eta=6.7 min
[2026-08-14 21:04:32] INFO Epoch 014 | train batch=470/1418 | elapsed=3.3 min | eta=6.6 min
[2026-08-14 21:04:36] INFO Epoch 014 | train batch=480/1418 | elapsed=3.4 min | eta=6.6 min
[2026-08-14 21:04:40] INFO Epoch 014 | train batch=490/1418 | elapsed=3.4 min | eta=6.5 min
[2026-08-14 21:04:44] INFO Epoch 014 | train batch=500/1418 | elapsed=3.5 min | eta=6.4 min
[2026-08-14 21:04:49] INFO Epoch 014 | train batch=510/1418 | elapsed=3.6 min | eta=6.3 min
[2026-08-14 21:04:53] INFO Epoch 014 | train batch=520/1418 | elapsed=3.6 min | eta=6.3 min
[2026-08-14 21:04:57] INFO Epoch 014 | train batch=530/1418 | elapsed=3.7 min | eta=6.2 min
[2026-08-14 21:05:01] INFO Epoch 014 | train batch=540/1418 | elapsed=3.8 min | eta=6.1 min
[2026-08-14 21:05:05] INFO Epoch 014 | train batch=550/1418 | elapsed=3.8 min | eta=6.1 min
[2026-08-14 21:05:09] INFO Epoch 014 | train batch=560/1418 | elapsed=3.9 min | eta=6.0 min
[2026-08-14 21:05:13] INFO Epoch 014 | train batch=570/1418 | elapsed=4.0 min | eta=5.9 min
[2026-08-14 21:05:18] INFO Epoch 014 | train batch=580/1418 | elapsed=4.0 min | eta=5.8 min
[2026-08-14 21:05:22] INFO Epoch 014 | train batch=590/1418 | elapsed=4.1 min | eta=5.8 min
[2026-08-14 21:05:26] INFO Epoch 014 | train batch=600/1418 | elapsed=4.2 min | eta=5.7 min
[2026-08-14 21:05:30] INFO Epoch 014 | train batch=610/1418 | elapsed=4.2 min | eta=5.6 min
[2026-08-14 21:05:34] INFO Epoch 014 | train batch=620/1418 | elapsed=4.3 min | eta=5.6 min
[2026-08-14 21:05:38] INFO Epoch 014 | train batch=630/1418 | elapsed=4.4 min | eta=5.5 min
[2026-08-14 21:05:43] INFO Epoch 014 | train batch=640/1418 | elapsed=4.5 min | eta=5.4 min
[2026-08-14 21:05:47] INFO Epoch 014 | train batch=650/1418 | elapsed=4.5 min | eta=5.4 min
[2026-08-14 21:05:51] INFO Epoch 014 | train batch=660/1418 | elapsed=4.6 min | eta=5.3 min
[2026-08-14 21:05:55] INFO Epoch 014 | train batch=670/1418 | elapsed=4.7 min | eta=5.2 min
[2026-08-14 21:05:59] INFO Epoch 014 | train batch=680/1418 | elapsed=4.7 min | eta=5.1 min
[2026-08-14 21:06:03] INFO Epoch 014 | train batch=690/1418 | elapsed=4.8 min | eta=5.1 min
[2026-08-14 21:06:08] INFO Epoch 014 | train batch=700/1418 | elapsed=4.9 min | eta=5.0 min
[2026-08-14 21:06:12] INFO Epoch 014 | train batch=710/1418 | elapsed=4.9 min | eta=4.9 min
[2026-08-14 21:06:16] INFO Epoch 014 | train batch=720/1418 | elapsed=5.0 min | eta=4.9 min
[2026-08-14 21:06:20] INFO Epoch 014 | train batch=730/1418 | elapsed=5.1 min | eta=4.8 min
[2026-08-14 21:06:24] INFO Epoch 014 | train batch=740/1418 | elapsed=5.2 min | eta=4.7 min
[2026-08-14 21:06:28] INFO Epoch 014 | train batch=750/1418 | elapsed=5.2 min | eta=4.7 min
[2026-08-14 21:06:32] INFO Epoch 014 | train batch=760/1418 | elapsed=5.3 min | eta=4.6 min
[2026-08-14 21:06:36] INFO Epoch 014 | train batch=770/1418 | elapsed=5.4 min | eta=4.5 min
[2026-08-14 21:06:40] INFO Epoch 014 | train batch=780/1418 | elapsed=5.4 min | eta=4.4 min
[2026-08-14 21:06:45] INFO Epoch 014 | train batch=790/1418 | elapsed=5.5 min | eta=4.4 min
[2026-08-14 21:06:49] INFO Epoch 014 | train batch=800/1418 | elapsed=5.6 min | eta=4.3 min
[2026-08-14 21:06:53] INFO Epoch 014 | train batch=810/1418 | elapsed=5.6 min | eta=4.2 min
[2026-08-14 21:06:57] INFO Epoch 014 | train batch=820/1418 | elapsed=5.7 min | eta=4.2 min
[2026-08-14 21:07:01] INFO Epoch 014 | train batch=830/1418 | elapsed=5.8 min | eta=4.1 min
[2026-08-14 21:07:06] INFO Epoch 014 | train batch=840/1418 | elapsed=5.8 min | eta=4.0 min
[2026-08-14 21:07:10] INFO Epoch 014 | train batch=850/1418 | elapsed=5.9 min | eta=4.0 min
[2026-08-14 21:07:15] INFO Epoch 014 | train batch=860/1418 | elapsed=6.0 min | eta=3.9 min
[2026-08-14 21:07:19] INFO Epoch 014 | train batch=870/1418 | elapsed=6.1 min | eta=3.8 min
[2026-08-14 21:07:23] INFO Epoch 014 | train batch=880/1418 | elapsed=6.1 min | eta=3.7 min
[2026-08-14 21:07:27] INFO Epoch 014 | train batch=890/1418 | elapsed=6.2 min | eta=3.7 min
[2026-08-14 21:07:31] INFO Epoch 014 | train batch=900/1418 | elapsed=6.3 min | eta=3.6 min
[2026-08-14 21:07:36] INFO Epoch 014 | train batch=910/1418 | elapsed=6.3 min | eta=3.5 min
[2026-08-14 21:07:40] INFO Epoch 014 | train batch=920/1418 | elapsed=6.4 min | eta=3.5 min
[2026-08-14 21:07:44] INFO Epoch 014 | train batch=930/1418 | elapsed=6.5 min | eta=3.4 min
[2026-08-14 21:07:48] INFO Epoch 014 | train batch=940/1418 | elapsed=6.5 min | eta=3.3 min
[2026-08-14 21:07:52] INFO Epoch 014 | train batch=950/1418 | elapsed=6.6 min | eta=3.3 min
[2026-08-14 21:07:56] INFO Epoch 014 | train batch=960/1418 | elapsed=6.7 min | eta=3.2 min
[2026-08-14 21:08:00] INFO Epoch 014 | train batch=970/1418 | elapsed=6.8 min | eta=3.1 min
[2026-08-14 21:08:04] INFO Epoch 014 | train batch=980/1418 | elapsed=6.8 min | eta=3.1 min
[2026-08-14 21:08:08] INFO Epoch 014 | train batch=990/1418 | elapsed=6.9 min | eta=3.0 min
[2026-08-14 21:08:13] INFO Epoch 014 | train batch=1000/1418 | elapsed=7.0 min | eta=2.9 min
[2026-08-14 21:08:17] INFO Epoch 014 | train batch=1010/1418 | elapsed=7.0 min | eta=2.8 min
[2026-08-14 21:08:21] INFO Epoch 014 | train batch=1020/1418 | elapsed=7.1 min | eta=2.8 min
[2026-08-14 21:08:25] INFO Epoch 014 | train batch=1030/1418 | elapsed=7.2 min | eta=2.7 min
[2026-08-14 21:08:30] INFO Epoch 014 | train batch=1040/1418 | elapsed=7.2 min | eta=2.6 min
[2026-08-14 21:08:34] INFO Epoch 014 | train batch=1050/1418 | elapsed=7.3 min | eta=2.6 min
[2026-08-14 21:08:38] INFO Epoch 014 | train batch=1060/1418 | elapsed=7.4 min | eta=2.5 min
[2026-08-14 21:08:42] INFO Epoch 014 | train batch=1070/1418 | elapsed=7.4 min | eta=2.4 min
[2026-08-14 21:08:45] INFO Epoch 014 | train batch=1080/1418 | elapsed=7.5 min | eta=2.3 min
[2026-08-14 21:08:50] INFO Epoch 014 | train batch=1090/1418 | elapsed=7.6 min | eta=2.3 min
[2026-08-14 21:08:54] INFO Epoch 014 | train batch=1100/1418 | elapsed=7.7 min | eta=2.2 min
[2026-08-14 21:08:58] INFO Epoch 014 | train batch=1110/1418 | elapsed=7.7 min | eta=2.1 min
[2026-08-14 21:09:03] INFO Epoch 014 | train batch=1120/1418 | elapsed=7.8 min | eta=2.1 min
[2026-08-14 21:09:07] INFO Epoch 014 | train batch=1130/1418 | elapsed=7.9 min | eta=2.0 min
[2026-08-14 21:09:11] INFO Epoch 014 | train batch=1140/1418 | elapsed=7.9 min | eta=1.9 min
[2026-08-14 21:09:15] INFO Epoch 014 | train batch=1150/1418 | elapsed=8.0 min | eta=1.9 min
[2026-08-14 21:09:19] INFO Epoch 014 | train batch=1160/1418 | elapsed=8.1 min | eta=1.8 min
[2026-08-14 21:09:24] INFO Epoch 014 | train batch=1170/1418 | elapsed=8.1 min | eta=1.7 min
[2026-08-14 21:09:28] INFO Epoch 014 | train batch=1180/1418 | elapsed=8.2 min | eta=1.7 min
[2026-08-14 21:09:32] INFO Epoch 014 | train batch=1190/1418 | elapsed=8.3 min | eta=1.6 min
[2026-08-14 21:09:36] INFO Epoch 014 | train batch=1200/1418 | elapsed=8.4 min | eta=1.5 min
[2026-08-14 21:09:41] INFO Epoch 014 | train batch=1210/1418 | elapsed=8.4 min | eta=1.4 min
[2026-08-14 21:09:45] INFO Epoch 014 | train batch=1220/1418 | elapsed=8.5 min | eta=1.4 min
[2026-08-14 21:09:49] INFO Epoch 014 | train batch=1230/1418 | elapsed=8.6 min | eta=1.3 min
[2026-08-14 21:09:54] INFO Epoch 014 | train batch=1240/1418 | elapsed=8.6 min | eta=1.2 min
[2026-08-14 21:09:58] INFO Epoch 014 | train batch=1250/1418 | elapsed=8.7 min | eta=1.2 min
[2026-08-14 21:10:02] INFO Epoch 014 | train batch=1260/1418 | elapsed=8.8 min | eta=1.1 min
[2026-08-14 21:10:06] INFO Epoch 014 | train batch=1270/1418 | elapsed=8.9 min | eta=1.0 min
[2026-08-14 21:10:10] INFO Epoch 014 | train batch=1280/1418 | elapsed=8.9 min | eta=1.0 min
[2026-08-14 21:10:14] INFO Epoch 014 | train batch=1290/1418 | elapsed=9.0 min | eta=0.9 min
[2026-08-14 21:10:18] INFO Epoch 014 | train batch=1300/1418 | elapsed=9.1 min | eta=0.8 min
[2026-08-14 21:10:22] INFO Epoch 014 | train batch=1310/1418 | elapsed=9.1 min | eta=0.8 min
[2026-08-14 21:10:26] INFO Epoch 014 | train batch=1320/1418 | elapsed=9.2 min | eta=0.7 min
[2026-08-14 21:10:30] INFO Epoch 014 | train batch=1330/1418 | elapsed=9.3 min | eta=0.6 min
[2026-08-14 21:10:34] INFO Epoch 014 | train batch=1340/1418 | elapsed=9.3 min | eta=0.5 min
[2026-08-14 21:10:39] INFO Epoch 014 | train batch=1350/1418 | elapsed=9.4 min | eta=0.5 min
[2026-08-14 21:10:43] INFO Epoch 014 | train batch=1360/1418 | elapsed=9.5 min | eta=0.4 min
[2026-08-14 21:10:47] INFO Epoch 014 | train batch=1370/1418 | elapsed=9.5 min | eta=0.3 min
[2026-08-14 21:10:51] INFO Epoch 014 | train batch=1380/1418 | elapsed=9.6 min | eta=0.3 min
[2026-08-14 21:10:55] INFO Epoch 014 | train batch=1390/1418 | elapsed=9.7 min | eta=0.2 min
[2026-08-14 21:10:59] INFO Epoch 014 | train batch=1400/1418 | elapsed=9.7 min | eta=0.1 min
[2026-08-14 21:11:04] INFO Epoch 014 | train batch=1410/1418 | elapsed=9.8 min | eta=0.1 min
[2026-08-14 21:11:07] INFO Epoch 014 | train batch=1418/1418 | elapsed=9.9 min | eta=0.0 min
[2026-08-14 21:11:07] INFO Epoch 014 | val batch=1/188 | elapsed=0.0 min | eta=0.4 min
[2026-08-14 21:11:09] INFO Epoch 014 | val batch=10/188 | elapsed=0.0 min | eta=0.5 min
[2026-08-14 21:11:11] INFO Epoch 014 | val batch=20/188 | elapsed=0.1 min | eta=0.5 min
[2026-08-14 21:11:12] INFO Epoch 014 | val batch=30/188 | elapsed=0.1 min | eta=0.5 min
[2026-08-14 21:11:14] INFO Epoch 014 | val batch=40/188 | elapsed=0.1 min | eta=0.5 min
[2026-08-14 21:11:16] INFO Epoch 014 | val batch=50/188 | elapsed=0.2 min | eta=0.4 min
[2026-08-14 21:11:18] INFO Epoch 014 | val batch=60/188 | elapsed=0.2 min | eta=0.4 min
[2026-08-14 21:11:20] INFO Epoch 014 | val batch=70/188 | elapsed=0.2 min | eta=0.4 min
[2026-08-14 21:11:21] INFO Epoch 014 | val batch=80/188 | elapsed=0.2 min | eta=0.3 min
[2026-08-14 21:11:23] INFO Epoch 014 | val batch=90/188 | elapsed=0.3 min | eta=0.3 min
[2026-08-14 21:11:25] INFO Epoch 014 | val batch=100/188 | elapsed=0.3 min | eta=0.3 min
[2026-08-14 21:11:27] INFO Epoch 014 | val batch=110/188 | elapsed=0.3 min | eta=0.2 min
[2026-08-14 21:11:29] INFO Epoch 014 | val batch=120/188 | elapsed=0.4 min | eta=0.2 min
[2026-08-14 21:11:31] INFO Epoch 014 | val batch=130/188 | elapsed=0.4 min | eta=0.2 min
[2026-08-14 21:11:32] INFO Epoch 014 | val batch=140/188 | elapsed=0.4 min | eta=0.1 min
[2026-08-14 21:11:34] INFO Epoch 014 | val batch=150/188 | elapsed=0.5 min | eta=0.1 min
[2026-08-14 21:11:36] INFO Epoch 014 | val batch=160/188 | elapsed=0.5 min | eta=0.1 min
[2026-08-14 21:11:38] INFO Epoch 014 | val batch=170/188 | elapsed=0.5 min | eta=0.1 min
[2026-08-14 21:11:40] INFO Epoch 014 | val batch=180/188 | elapsed=0.5 min | eta=0.0 min
[2026-08-14 21:11:41] INFO Epoch 014 | val batch=188/188 | elapsed=0.6 min | eta=0.0 min
[2026-08-14 21:11:41] INFO Epoch 014 | train_total=0.463156 | val_total=0.444224 | val_mask=0.226179 | val_retrieval=2.180446 | val_profile=0.000000 | val_anchors=604396 | val_positive_pairs=0 | val_hard_negatives=0 | val_relation_candidates=7268824 | val_teacher_keff=3.787 | val_student_keff=8.198 | val_adapter_valid=0.000 | val_adapter_gate=0.000 | val_adapter_spatial_gate=0.000 | val_adapter_ratio=0.000000 | val_adapter_modulation=0.000000 | val_adapter_modulation_std=0.000000 | val_adapter_group_gate_std=0.000000 | val_adapter_low_rank=0.000000 | val_adapter_direct=0.000000 | val_masked_positions=42202929 | skipped(train/val)=0/0
[2026-08-14 21:11:41] INFO Checkpoint updated | epoch=14 | best_val=0.444224 | path=C:\Users\clw\projects\researchRep\STAnchor-BlockMemory\artifacts\metrla_e5_final_latent48_global288_seed42\pretrain_best.pt
[2026-08-14 21:11:41] INFO Relation checkpoint updated | epoch=14 | best_val_relation=2.180446 | path=C:\Users\clw\projects\researchRep\STAnchor-BlockMemory\artifacts\metrla_e5_final_latent48_global288_seed42\pretrain_best_relation.pt
[2026-08-14 21:11:41] INFO Epoch 015/050 started | train_batches=1418 | val_batches=188
[2026-08-14 21:11:41] INFO Epoch 015 | train batch=1/1418 | elapsed=0.0 min | eta=11.5 min
[2026-08-14 21:11:45] INFO Epoch 015 | train batch=10/1418 | elapsed=0.1 min | eta=9.6 min
[2026-08-14 21:11:49] INFO Epoch 015 | train batch=20/1418 | elapsed=0.1 min | eta=9.7 min
[2026-08-14 21:11:53] INFO Epoch 015 | train batch=30/1418 | elapsed=0.2 min | eta=9.6 min
[2026-08-14 21:11:57] INFO Epoch 015 | train batch=40/1418 | elapsed=0.3 min | eta=9.4 min
[2026-08-14 21:12:01] INFO Epoch 015 | train batch=50/1418 | elapsed=0.3 min | eta=9.3 min
[2026-08-14 21:12:06] INFO Epoch 015 | train batch=60/1418 | elapsed=0.4 min | eta=9.3 min
[2026-08-14 21:12:10] INFO Epoch 015 | train batch=70/1418 | elapsed=0.5 min | eta=9.3 min
[2026-08-14 21:12:14] INFO Epoch 015 | train batch=80/1418 | elapsed=0.6 min | eta=9.2 min
[2026-08-14 21:12:18] INFO Epoch 015 | train batch=90/1418 | elapsed=0.6 min | eta=9.2 min
[2026-08-14 21:12:22] INFO Epoch 015 | train batch=100/1418 | elapsed=0.7 min | eta=9.1 min
[2026-08-14 21:12:27] INFO Epoch 015 | train batch=110/1418 | elapsed=0.8 min | eta=9.0 min
[2026-08-14 21:12:30] INFO Epoch 015 | train batch=120/1418 | elapsed=0.8 min | eta=8.9 min
[2026-08-14 21:12:35] INFO Epoch 015 | train batch=130/1418 | elapsed=0.9 min | eta=8.8 min
[2026-08-14 21:12:39] INFO Epoch 015 | train batch=140/1418 | elapsed=1.0 min | eta=8.8 min
[2026-08-14 21:12:43] INFO Epoch 015 | train batch=150/1418 | elapsed=1.0 min | eta=8.8 min
[2026-08-14 21:12:47] INFO Epoch 015 | train batch=160/1418 | elapsed=1.1 min | eta=8.7 min
[2026-08-14 21:12:52] INFO Epoch 015 | train batch=170/1418 | elapsed=1.2 min | eta=8.7 min
[2026-08-14 21:12:56] INFO Epoch 015 | train batch=180/1418 | elapsed=1.3 min | eta=8.6 min
[2026-08-14 21:13:01] INFO Epoch 015 | train batch=190/1418 | elapsed=1.3 min | eta=8.6 min
[2026-08-14 21:13:05] INFO Epoch 015 | train batch=200/1418 | elapsed=1.4 min | eta=8.5 min
[2026-08-14 21:13:09] INFO Epoch 015 | train batch=210/1418 | elapsed=1.5 min | eta=8.5 min
[2026-08-14 21:13:13] INFO Epoch 015 | train batch=220/1418 | elapsed=1.5 min | eta=8.4 min
[2026-08-14 21:13:17] INFO Epoch 015 | train batch=230/1418 | elapsed=1.6 min | eta=8.3 min
[2026-08-14 21:13:21] INFO Epoch 015 | train batch=240/1418 | elapsed=1.7 min | eta=8.2 min
[2026-08-14 21:13:25] INFO Epoch 015 | train batch=250/1418 | elapsed=1.7 min | eta=8.1 min
[2026-08-14 21:13:29] INFO Epoch 015 | train batch=260/1418 | elapsed=1.8 min | eta=8.0 min
[2026-08-14 21:13:33] INFO Epoch 015 | train batch=270/1418 | elapsed=1.9 min | eta=8.0 min
[2026-08-14 21:13:38] INFO Epoch 015 | train batch=280/1418 | elapsed=1.9 min | eta=7.9 min
[2026-08-14 21:13:42] INFO Epoch 015 | train batch=290/1418 | elapsed=2.0 min | eta=7.8 min
[2026-08-14 21:13:46] INFO Epoch 015 | train batch=300/1418 | elapsed=2.1 min | eta=7.8 min
[2026-08-14 21:13:50] INFO Epoch 015 | train batch=310/1418 | elapsed=2.1 min | eta=7.7 min
[2026-08-14 21:13:54] INFO Epoch 015 | train batch=320/1418 | elapsed=2.2 min | eta=7.6 min
[2026-08-14 21:13:59] INFO Epoch 015 | train batch=330/1418 | elapsed=2.3 min | eta=7.6 min
[2026-08-14 21:14:03] INFO Epoch 015 | train batch=340/1418 | elapsed=2.4 min | eta=7.5 min
[2026-08-14 21:14:07] INFO Epoch 015 | train batch=350/1418 | elapsed=2.4 min | eta=7.4 min
[2026-08-14 21:14:11] INFO Epoch 015 | train batch=360/1418 | elapsed=2.5 min | eta=7.4 min
[2026-08-14 21:14:15] INFO Epoch 015 | train batch=370/1418 | elapsed=2.6 min | eta=7.3 min
[2026-08-14 21:14:19] INFO Epoch 015 | train batch=380/1418 | elapsed=2.6 min | eta=7.2 min
[2026-08-14 21:14:23] INFO Epoch 015 | train batch=390/1418 | elapsed=2.7 min | eta=7.1 min
[2026-08-14 21:14:28] INFO Epoch 015 | train batch=400/1418 | elapsed=2.8 min | eta=7.1 min
[2026-08-14 21:14:32] INFO Epoch 015 | train batch=410/1418 | elapsed=2.9 min | eta=7.0 min
[2026-08-14 21:14:36] INFO Epoch 015 | train batch=420/1418 | elapsed=2.9 min | eta=6.9 min
[2026-08-14 21:14:40] INFO Epoch 015 | train batch=430/1418 | elapsed=3.0 min | eta=6.9 min
[2026-08-14 21:14:44] INFO Epoch 015 | train batch=440/1418 | elapsed=3.1 min | eta=6.8 min
[2026-08-14 21:14:48] INFO Epoch 015 | train batch=450/1418 | elapsed=3.1 min | eta=6.7 min
[2026-08-14 21:14:53] INFO Epoch 015 | train batch=460/1418 | elapsed=3.2 min | eta=6.7 min
[2026-08-14 21:14:57] INFO Epoch 015 | train batch=470/1418 | elapsed=3.3 min | eta=6.6 min
[2026-08-14 21:15:01] INFO Epoch 015 | train batch=480/1418 | elapsed=3.3 min | eta=6.5 min
[2026-08-14 21:15:05] INFO Epoch 015 | train batch=490/1418 | elapsed=3.4 min | eta=6.4 min
[2026-08-14 21:15:09] INFO Epoch 015 | train batch=500/1418 | elapsed=3.5 min | eta=6.4 min
[2026-08-14 21:15:14] INFO Epoch 015 | train batch=510/1418 | elapsed=3.5 min | eta=6.3 min
[2026-08-14 21:15:18] INFO Epoch 015 | train batch=520/1418 | elapsed=3.6 min | eta=6.2 min
[2026-08-14 21:15:22] INFO Epoch 015 | train batch=530/1418 | elapsed=3.7 min | eta=6.2 min
[2026-08-14 21:15:26] INFO Epoch 015 | train batch=540/1418 | elapsed=3.8 min | eta=6.1 min
[2026-08-14 21:15:30] INFO Epoch 015 | train batch=550/1418 | elapsed=3.8 min | eta=6.0 min
[2026-08-14 21:15:35] INFO Epoch 015 | train batch=560/1418 | elapsed=3.9 min | eta=6.0 min
[2026-08-14 21:15:39] INFO Epoch 015 | train batch=570/1418 | elapsed=4.0 min | eta=5.9 min
[2026-08-14 21:15:43] INFO Epoch 015 | train batch=580/1418 | elapsed=4.0 min | eta=5.8 min
[2026-08-14 21:15:47] INFO Epoch 015 | train batch=590/1418 | elapsed=4.1 min | eta=5.8 min
[2026-08-14 21:15:52] INFO Epoch 015 | train batch=600/1418 | elapsed=4.2 min | eta=5.7 min
[2026-08-14 21:15:56] INFO Epoch 015 | train batch=610/1418 | elapsed=4.2 min | eta=5.6 min
[2026-08-14 21:16:00] INFO Epoch 015 | train batch=620/1418 | elapsed=4.3 min | eta=5.6 min
[2026-08-14 21:16:04] INFO Epoch 015 | train batch=630/1418 | elapsed=4.4 min | eta=5.5 min
[2026-08-14 21:16:08] INFO Epoch 015 | train batch=640/1418 | elapsed=4.5 min | eta=5.4 min
[2026-08-14 21:16:12] INFO Epoch 015 | train batch=650/1418 | elapsed=4.5 min | eta=5.3 min
[2026-08-14 21:16:17] INFO Epoch 015 | train batch=660/1418 | elapsed=4.6 min | eta=5.3 min
[2026-08-14 21:16:21] INFO Epoch 015 | train batch=670/1418 | elapsed=4.7 min | eta=5.2 min
[2026-08-14 21:16:25] INFO Epoch 015 | train batch=680/1418 | elapsed=4.7 min | eta=5.1 min
[2026-08-14 21:16:30] INFO Epoch 015 | train batch=690/1418 | elapsed=4.8 min | eta=5.1 min
[2026-08-14 21:16:34] INFO Epoch 015 | train batch=700/1418 | elapsed=4.9 min | eta=5.0 min
[2026-08-14 21:16:39] INFO Epoch 015 | train batch=710/1418 | elapsed=5.0 min | eta=4.9 min
[2026-08-14 21:16:43] INFO Epoch 015 | train batch=720/1418 | elapsed=5.0 min | eta=4.9 min
[2026-08-14 21:16:48] INFO Epoch 015 | train batch=730/1418 | elapsed=5.1 min | eta=4.8 min
[2026-08-14 21:16:52] INFO Epoch 015 | train batch=740/1418 | elapsed=5.2 min | eta=4.8 min
[2026-08-14 21:16:56] INFO Epoch 015 | train batch=750/1418 | elapsed=5.3 min | eta=4.7 min
[2026-08-14 21:17:01] INFO Epoch 015 | train batch=760/1418 | elapsed=5.3 min | eta=4.6 min
[2026-08-14 21:17:05] INFO Epoch 015 | train batch=770/1418 | elapsed=5.4 min | eta=4.5 min
[2026-08-14 21:17:09] INFO Epoch 015 | train batch=780/1418 | elapsed=5.5 min | eta=4.5 min
[2026-08-14 21:17:14] INFO Epoch 015 | train batch=790/1418 | elapsed=5.5 min | eta=4.4 min
[2026-08-14 21:17:18] INFO Epoch 015 | train batch=800/1418 | elapsed=5.6 min | eta=4.3 min
[2026-08-14 21:17:22] INFO Epoch 015 | train batch=810/1418 | elapsed=5.7 min | eta=4.3 min
[2026-08-14 21:17:27] INFO Epoch 015 | train batch=820/1418 | elapsed=5.8 min | eta=4.2 min
[2026-08-14 21:17:31] INFO Epoch 015 | train batch=830/1418 | elapsed=5.8 min | eta=4.1 min
[2026-08-14 21:17:36] INFO Epoch 015 | train batch=840/1418 | elapsed=5.9 min | eta=4.1 min
[2026-08-14 21:17:40] INFO Epoch 015 | train batch=850/1418 | elapsed=6.0 min | eta=4.0 min
[2026-08-14 21:17:44] INFO Epoch 015 | train batch=860/1418 | elapsed=6.1 min | eta=3.9 min
[2026-08-14 21:17:49] INFO Epoch 015 | train batch=870/1418 | elapsed=6.1 min | eta=3.9 min
[2026-08-14 21:17:53] INFO Epoch 015 | train batch=880/1418 | elapsed=6.2 min | eta=3.8 min
[2026-08-14 21:17:57] INFO Epoch 015 | train batch=890/1418 | elapsed=6.3 min | eta=3.7 min
[2026-08-14 21:18:02] INFO Epoch 015 | train batch=900/1418 | elapsed=6.3 min | eta=3.7 min
[2026-08-14 21:18:06] INFO Epoch 015 | train batch=910/1418 | elapsed=6.4 min | eta=3.6 min
[2026-08-14 21:18:10] INFO Epoch 015 | train batch=920/1418 | elapsed=6.5 min | eta=3.5 min
[2026-08-14 21:18:15] INFO Epoch 015 | train batch=930/1418 | elapsed=6.6 min | eta=3.4 min
[2026-08-14 21:18:19] INFO Epoch 015 | train batch=940/1418 | elapsed=6.6 min | eta=3.4 min
[2026-08-14 21:18:23] INFO Epoch 015 | train batch=950/1418 | elapsed=6.7 min | eta=3.3 min
[2026-08-14 21:18:27] INFO Epoch 015 | train batch=960/1418 | elapsed=6.8 min | eta=3.2 min
[2026-08-14 21:18:31] INFO Epoch 015 | train batch=970/1418 | elapsed=6.8 min | eta=3.2 min
[2026-08-14 21:18:35] INFO Epoch 015 | train batch=980/1418 | elapsed=6.9 min | eta=3.1 min
[2026-08-14 21:18:40] INFO Epoch 015 | train batch=990/1418 | elapsed=7.0 min | eta=3.0 min
[2026-08-14 21:18:44] INFO Epoch 015 | train batch=1000/1418 | elapsed=7.1 min | eta=2.9 min
[2026-08-14 21:18:48] INFO Epoch 015 | train batch=1010/1418 | elapsed=7.1 min | eta=2.9 min
[2026-08-14 21:18:53] INFO Epoch 015 | train batch=1020/1418 | elapsed=7.2 min | eta=2.8 min
[2026-08-14 21:18:57] INFO Epoch 015 | train batch=1030/1418 | elapsed=7.3 min | eta=2.7 min
[2026-08-14 21:19:02] INFO Epoch 015 | train batch=1040/1418 | elapsed=7.3 min | eta=2.7 min
[2026-08-14 21:19:06] INFO Epoch 015 | train batch=1050/1418 | elapsed=7.4 min | eta=2.6 min
[2026-08-14 21:19:10] INFO Epoch 015 | train batch=1060/1418 | elapsed=7.5 min | eta=2.5 min
[2026-08-14 21:19:15] INFO Epoch 015 | train batch=1070/1418 | elapsed=7.6 min | eta=2.5 min
[2026-08-14 21:19:19] INFO Epoch 015 | train batch=1080/1418 | elapsed=7.6 min | eta=2.4 min
[2026-08-14 21:19:23] INFO Epoch 015 | train batch=1090/1418 | elapsed=7.7 min | eta=2.3 min
[2026-08-14 21:19:28] INFO Epoch 015 | train batch=1100/1418 | elapsed=7.8 min | eta=2.2 min
[2026-08-14 21:19:32] INFO Epoch 015 | train batch=1110/1418 | elapsed=7.8 min | eta=2.2 min
[2026-08-14 21:19:36] INFO Epoch 015 | train batch=1120/1418 | elapsed=7.9 min | eta=2.1 min
[2026-08-14 21:19:40] INFO Epoch 015 | train batch=1130/1418 | elapsed=8.0 min | eta=2.0 min
[2026-08-14 21:19:45] INFO Epoch 015 | train batch=1140/1418 | elapsed=8.1 min | eta=2.0 min
[2026-08-14 21:19:49] INFO Epoch 015 | train batch=1150/1418 | elapsed=8.1 min | eta=1.9 min
[2026-08-14 21:19:53] INFO Epoch 015 | train batch=1160/1418 | elapsed=8.2 min | eta=1.8 min
[2026-08-14 21:19:57] INFO Epoch 015 | train batch=1170/1418 | elapsed=8.3 min | eta=1.8 min
[2026-08-14 21:20:02] INFO Epoch 015 | train batch=1180/1418 | elapsed=8.3 min | eta=1.7 min
[2026-08-14 21:20:06] INFO Epoch 015 | train batch=1190/1418 | elapsed=8.4 min | eta=1.6 min
[2026-08-14 21:20:10] INFO Epoch 015 | train batch=1200/1418 | elapsed=8.5 min | eta=1.5 min
[2026-08-14 21:20:14] INFO Epoch 015 | train batch=1210/1418 | elapsed=8.6 min | eta=1.5 min
[2026-08-14 21:20:19] INFO Epoch 015 | train batch=1220/1418 | elapsed=8.6 min | eta=1.4 min
[2026-08-14 21:20:23] INFO Epoch 015 | train batch=1230/1418 | elapsed=8.7 min | eta=1.3 min
[2026-08-14 21:20:27] INFO Epoch 015 | train batch=1240/1418 | elapsed=8.8 min | eta=1.3 min
[2026-08-14 21:20:32] INFO Epoch 015 | train batch=1250/1418 | elapsed=8.8 min | eta=1.2 min
[2026-08-14 21:20:36] INFO Epoch 015 | train batch=1260/1418 | elapsed=8.9 min | eta=1.1 min
[2026-08-14 21:20:41] INFO Epoch 015 | train batch=1270/1418 | elapsed=9.0 min | eta=1.0 min
[2026-08-14 21:20:45] INFO Epoch 015 | train batch=1280/1418 | elapsed=9.1 min | eta=1.0 min
[2026-08-14 21:20:49] INFO Epoch 015 | train batch=1290/1418 | elapsed=9.1 min | eta=0.9 min
[2026-08-14 21:20:53] INFO Epoch 015 | train batch=1300/1418 | elapsed=9.2 min | eta=0.8 min
[2026-08-14 21:20:57] INFO Epoch 015 | train batch=1310/1418 | elapsed=9.3 min | eta=0.8 min
[2026-08-14 21:21:02] INFO Epoch 015 | train batch=1320/1418 | elapsed=9.3 min | eta=0.7 min
[2026-08-14 21:21:06] INFO Epoch 015 | train batch=1330/1418 | elapsed=9.4 min | eta=0.6 min
[2026-08-14 21:21:10] INFO Epoch 015 | train batch=1340/1418 | elapsed=9.5 min | eta=0.6 min
[2026-08-14 21:21:14] INFO Epoch 015 | train batch=1350/1418 | elapsed=9.6 min | eta=0.5 min
[2026-08-14 21:21:19] INFO Epoch 015 | train batch=1360/1418 | elapsed=9.6 min | eta=0.4 min
[2026-08-14 21:21:23] INFO Epoch 015 | train batch=1370/1418 | elapsed=9.7 min | eta=0.3 min
[2026-08-14 21:21:27] INFO Epoch 015 | train batch=1380/1418 | elapsed=9.8 min | eta=0.3 min
[2026-08-14 21:21:31] INFO Epoch 015 | train batch=1390/1418 | elapsed=9.8 min | eta=0.2 min
[2026-08-14 21:21:35] INFO Epoch 015 | train batch=1400/1418 | elapsed=9.9 min | eta=0.1 min
[2026-08-14 21:21:40] INFO Epoch 015 | train batch=1410/1418 | elapsed=10.0 min | eta=0.1 min
[2026-08-14 21:21:43] INFO Epoch 015 | train batch=1418/1418 | elapsed=10.0 min | eta=0.0 min
[2026-08-14 21:21:43] INFO Epoch 015 | val batch=1/188 | elapsed=0.0 min | eta=0.4 min
[2026-08-14 21:21:45] INFO Epoch 015 | val batch=10/188 | elapsed=0.0 min | eta=0.5 min
[2026-08-14 21:21:47] INFO Epoch 015 | val batch=20/188 | elapsed=0.1 min | eta=0.5 min
[2026-08-14 21:21:49] INFO Epoch 015 | val batch=30/188 | elapsed=0.1 min | eta=0.5 min
[2026-08-14 21:21:51] INFO Epoch 015 | val batch=40/188 | elapsed=0.1 min | eta=0.5 min
[2026-08-14 21:21:52] INFO Epoch 015 | val batch=50/188 | elapsed=0.2 min | eta=0.4 min
[2026-08-14 21:21:54] INFO Epoch 015 | val batch=60/188 | elapsed=0.2 min | eta=0.4 min
[2026-08-14 21:21:56] INFO Epoch 015 | val batch=70/188 | elapsed=0.2 min | eta=0.4 min
[2026-08-14 21:21:58] INFO Epoch 015 | val batch=80/188 | elapsed=0.2 min | eta=0.3 min
[2026-08-14 21:22:00] INFO Epoch 015 | val batch=90/188 | elapsed=0.3 min | eta=0.3 min
[2026-08-14 21:22:02] INFO Epoch 015 | val batch=100/188 | elapsed=0.3 min | eta=0.3 min
[2026-08-14 21:22:04] INFO Epoch 015 | val batch=110/188 | elapsed=0.3 min | eta=0.2 min
[2026-08-14 21:22:05] INFO Epoch 015 | val batch=120/188 | elapsed=0.4 min | eta=0.2 min
[2026-08-14 21:22:07] INFO Epoch 015 | val batch=130/188 | elapsed=0.4 min | eta=0.2 min
[2026-08-14 21:22:09] INFO Epoch 015 | val batch=140/188 | elapsed=0.4 min | eta=0.1 min
[2026-08-14 21:22:11] INFO Epoch 015 | val batch=150/188 | elapsed=0.5 min | eta=0.1 min
[2026-08-14 21:22:13] INFO Epoch 015 | val batch=160/188 | elapsed=0.5 min | eta=0.1 min
[2026-08-14 21:22:15] INFO Epoch 015 | val batch=170/188 | elapsed=0.5 min | eta=0.1 min
[2026-08-14 21:22:17] INFO Epoch 015 | val batch=180/188 | elapsed=0.6 min | eta=0.0 min
[2026-08-14 21:22:18] INFO Epoch 015 | val batch=188/188 | elapsed=0.6 min | eta=0.0 min
[2026-08-14 21:22:18] INFO Epoch 015 | train_total=0.459809 | val_total=0.453237 | val_mask=0.232762 | val_retrieval=2.204751 | val_profile=0.000000 | val_anchors=604396 | val_positive_pairs=0 | val_hard_negatives=0 | val_relation_candidates=7268824 | val_teacher_keff=3.787 | val_student_keff=7.879 | val_adapter_valid=0.000 | val_adapter_gate=0.000 | val_adapter_spatial_gate=0.000 | val_adapter_ratio=0.000000 | val_adapter_modulation=0.000000 | val_adapter_modulation_std=0.000000 | val_adapter_group_gate_std=0.000000 | val_adapter_low_rank=0.000000 | val_adapter_direct=0.000000 | val_masked_positions=42171185 | skipped(train/val)=0/0
[2026-08-14 21:22:18] INFO Epoch 016/050 started | train_batches=1418 | val_batches=188
[2026-08-14 21:22:18] INFO Epoch 016 | train batch=1/1418 | elapsed=0.0 min | eta=11.5 min
[2026-08-14 21:22:22] INFO Epoch 016 | train batch=10/1418 | elapsed=0.1 min | eta=10.1 min
[2026-08-14 21:22:27] INFO Epoch 016 | train batch=20/1418 | elapsed=0.1 min | eta=10.1 min
[2026-08-14 21:22:31] INFO Epoch 016 | train batch=30/1418 | elapsed=0.2 min | eta=10.0 min
[2026-08-14 21:22:35] INFO Epoch 016 | train batch=40/1418 | elapsed=0.3 min | eta=9.9 min
[2026-08-14 21:22:40] INFO Epoch 016 | train batch=50/1418 | elapsed=0.4 min | eta=9.9 min
[2026-08-14 21:22:44] INFO Epoch 016 | train batch=60/1418 | elapsed=0.4 min | eta=9.8 min
[2026-08-14 21:22:49] INFO Epoch 016 | train batch=70/1418 | elapsed=0.5 min | eta=9.8 min
[2026-08-14 21:22:53] INFO Epoch 016 | train batch=80/1418 | elapsed=0.6 min | eta=9.7 min
[2026-08-14 21:22:57] INFO Epoch 016 | train batch=90/1418 | elapsed=0.7 min | eta=9.6 min
[2026-08-14 21:23:01] INFO Epoch 016 | train batch=100/1418 | elapsed=0.7 min | eta=9.6 min
[2026-08-14 21:23:06] INFO Epoch 016 | train batch=110/1418 | elapsed=0.8 min | eta=9.4 min
[2026-08-14 21:23:10] INFO Epoch 016 | train batch=120/1418 | elapsed=0.9 min | eta=9.3 min
[2026-08-14 21:23:14] INFO Epoch 016 | train batch=130/1418 | elapsed=0.9 min | eta=9.3 min
[2026-08-14 21:23:18] INFO Epoch 016 | train batch=140/1418 | elapsed=1.0 min | eta=9.2 min
[2026-08-14 21:23:23] INFO Epoch 016 | train batch=150/1418 | elapsed=1.1 min | eta=9.1 min
[2026-08-14 21:23:27] INFO Epoch 016 | train batch=160/1418 | elapsed=1.2 min | eta=9.0 min
[2026-08-14 21:23:32] INFO Epoch 016 | train batch=170/1418 | elapsed=1.2 min | eta=9.0 min
[2026-08-14 21:23:36] INFO Epoch 016 | train batch=180/1418 | elapsed=1.3 min | eta=8.9 min
[2026-08-14 21:23:40] INFO Epoch 016 | train batch=190/1418 | elapsed=1.4 min | eta=8.8 min
[2026-08-14 21:23:44] INFO Epoch 016 | train batch=200/1418 | elapsed=1.4 min | eta=8.8 min
[2026-08-14 21:23:49] INFO Epoch 016 | train batch=210/1418 | elapsed=1.5 min | eta=8.7 min
[2026-08-14 21:23:53] INFO Epoch 016 | train batch=220/1418 | elapsed=1.6 min | eta=8.7 min
[2026-08-14 21:23:58] INFO Epoch 016 | train batch=230/1418 | elapsed=1.7 min | eta=8.6 min
[2026-08-14 21:24:02] INFO Epoch 016 | train batch=240/1418 | elapsed=1.7 min | eta=8.5 min
[2026-08-14 21:24:07] INFO Epoch 016 | train batch=250/1418 | elapsed=1.8 min | eta=8.5 min
[2026-08-14 21:24:11] INFO Epoch 016 | train batch=260/1418 | elapsed=1.9 min | eta=8.4 min
[2026-08-14 21:24:15] INFO Epoch 016 | train batch=270/1418 | elapsed=2.0 min | eta=8.3 min
[2026-08-14 21:24:20] INFO Epoch 016 | train batch=280/1418 | elapsed=2.0 min | eta=8.2 min
[2026-08-14 21:24:24] INFO Epoch 016 | train batch=290/1418 | elapsed=2.1 min | eta=8.2 min
[2026-08-14 21:24:28] INFO Epoch 016 | train batch=300/1418 | elapsed=2.2 min | eta=8.1 min
[2026-08-14 21:24:33] INFO Epoch 016 | train batch=310/1418 | elapsed=2.2 min | eta=8.0 min
[2026-08-14 21:24:37] INFO Epoch 016 | train batch=320/1418 | elapsed=2.3 min | eta=7.9 min
[2026-08-14 21:24:41] INFO Epoch 016 | train batch=330/1418 | elapsed=2.4 min | eta=7.9 min
[2026-08-14 21:24:45] INFO Epoch 016 | train batch=340/1418 | elapsed=2.5 min | eta=7.8 min
[2026-08-14 21:24:50] INFO Epoch 016 | train batch=350/1418 | elapsed=2.5 min | eta=7.7 min
[2026-08-14 21:24:54] INFO Epoch 016 | train batch=360/1418 | elapsed=2.6 min | eta=7.6 min
[2026-08-14 21:24:58] INFO Epoch 016 | train batch=370/1418 | elapsed=2.7 min | eta=7.6 min
[2026-08-14 21:25:03] INFO Epoch 016 | train batch=380/1418 | elapsed=2.7 min | eta=7.5 min
[2026-08-14 21:25:07] INFO Epoch 016 | train batch=390/1418 | elapsed=2.8 min | eta=7.4 min
[2026-08-14 21:25:11] INFO Epoch 016 | train batch=400/1418 | elapsed=2.9 min | eta=7.3 min
[2026-08-14 21:25:16] INFO Epoch 016 | train batch=410/1418 | elapsed=3.0 min | eta=7.3 min
[2026-08-14 21:25:21] INFO Epoch 016 | train batch=420/1418 | elapsed=3.0 min | eta=7.2 min
[2026-08-14 21:25:25] INFO Epoch 016 | train batch=430/1418 | elapsed=3.1 min | eta=7.2 min
[2026-08-14 21:25:30] INFO Epoch 016 | train batch=440/1418 | elapsed=3.2 min | eta=7.1 min
[2026-08-14 21:25:34] INFO Epoch 016 | train batch=450/1418 | elapsed=3.3 min | eta=7.0 min
[2026-08-14 21:25:39] INFO Epoch 016 | train batch=460/1418 | elapsed=3.3 min | eta=7.0 min
[2026-08-14 21:25:43] INFO Epoch 016 | train batch=470/1418 | elapsed=3.4 min | eta=6.9 min
[2026-08-14 21:25:47] INFO Epoch 016 | train batch=480/1418 | elapsed=3.5 min | eta=6.8 min
[2026-08-14 21:25:52] INFO Epoch 016 | train batch=490/1418 | elapsed=3.6 min | eta=6.7 min
[2026-08-14 21:25:56] INFO Epoch 016 | train batch=500/1418 | elapsed=3.6 min | eta=6.7 min
[2026-08-14 21:26:00] INFO Epoch 016 | train batch=510/1418 | elapsed=3.7 min | eta=6.6 min
[2026-08-14 21:26:04] INFO Epoch 016 | train batch=520/1418 | elapsed=3.8 min | eta=6.5 min
[2026-08-14 21:26:09] INFO Epoch 016 | train batch=530/1418 | elapsed=3.8 min | eta=6.4 min
[2026-08-14 21:26:13] INFO Epoch 016 | train batch=540/1418 | elapsed=3.9 min | eta=6.4 min
[2026-08-14 21:26:18] INFO Epoch 016 | train batch=550/1418 | elapsed=4.0 min | eta=6.3 min
[2026-08-14 21:26:22] INFO Epoch 016 | train batch=560/1418 | elapsed=4.1 min | eta=6.2 min
[2026-08-14 21:26:26] INFO Epoch 016 | train batch=570/1418 | elapsed=4.1 min | eta=6.2 min
[2026-08-14 21:26:31] INFO Epoch 016 | train batch=580/1418 | elapsed=4.2 min | eta=6.1 min
[2026-08-14 21:26:35] INFO Epoch 016 | train batch=590/1418 | elapsed=4.3 min | eta=6.0 min
[2026-08-14 21:26:39] INFO Epoch 016 | train batch=600/1418 | elapsed=4.4 min | eta=5.9 min
[2026-08-14 21:26:43] INFO Epoch 016 | train batch=610/1418 | elapsed=4.4 min | eta=5.9 min
[2026-08-14 21:26:48] INFO Epoch 016 | train batch=620/1418 | elapsed=4.5 min | eta=5.8 min
[2026-08-14 21:26:52] INFO Epoch 016 | train batch=630/1418 | elapsed=4.6 min | eta=5.7 min
[2026-08-14 21:26:57] INFO Epoch 016 | train batch=640/1418 | elapsed=4.6 min | eta=5.6 min
[2026-08-14 21:27:01] INFO Epoch 016 | train batch=650/1418 | elapsed=4.7 min | eta=5.6 min
[2026-08-14 21:27:05] INFO Epoch 016 | train batch=660/1418 | elapsed=4.8 min | eta=5.5 min
[2026-08-14 21:27:10] INFO Epoch 016 | train batch=670/1418 | elapsed=4.9 min | eta=5.4 min
[2026-08-14 21:27:14] INFO Epoch 016 | train batch=680/1418 | elapsed=4.9 min | eta=5.4 min
[2026-08-14 21:27:18] INFO Epoch 016 | train batch=690/1418 | elapsed=5.0 min | eta=5.3 min
[2026-08-14 21:27:22] INFO Epoch 016 | train batch=700/1418 | elapsed=5.1 min | eta=5.2 min
[2026-08-14 21:27:26] INFO Epoch 016 | train batch=710/1418 | elapsed=5.1 min | eta=5.1 min
[2026-08-14 21:27:31] INFO Epoch 016 | train batch=720/1418 | elapsed=5.2 min | eta=5.1 min
[2026-08-14 21:27:35] INFO Epoch 016 | train batch=730/1418 | elapsed=5.3 min | eta=5.0 min
[2026-08-14 21:27:39] INFO Epoch 016 | train batch=740/1418 | elapsed=5.4 min | eta=4.9 min
[2026-08-14 21:27:44] INFO Epoch 016 | train batch=750/1418 | elapsed=5.4 min | eta=4.8 min
[2026-08-14 21:27:48] INFO Epoch 016 | train batch=760/1418 | elapsed=5.5 min | eta=4.8 min
[2026-08-14 21:27:53] INFO Epoch 016 | train batch=770/1418 | elapsed=5.6 min | eta=4.7 min
[2026-08-14 21:27:57] INFO Epoch 016 | train batch=780/1418 | elapsed=5.6 min | eta=4.6 min
[2026-08-14 21:28:01] INFO Epoch 016 | train batch=790/1418 | elapsed=5.7 min | eta=4.5 min
[2026-08-14 21:28:05] INFO Epoch 016 | train batch=800/1418 | elapsed=5.8 min | eta=4.5 min
[2026-08-14 21:28:10] INFO Epoch 016 | train batch=810/1418 | elapsed=5.9 min | eta=4.4 min
[2026-08-14 21:28:14] INFO Epoch 016 | train batch=820/1418 | elapsed=5.9 min | eta=4.3 min
[2026-08-14 21:28:18] INFO Epoch 016 | train batch=830/1418 | elapsed=6.0 min | eta=4.2 min
[2026-08-14 21:28:22] INFO Epoch 016 | train batch=840/1418 | elapsed=6.1 min | eta=4.2 min
[2026-08-14 21:28:26] INFO Epoch 016 | train batch=850/1418 | elapsed=6.1 min | eta=4.1 min
[2026-08-14 21:28:31] INFO Epoch 016 | train batch=860/1418 | elapsed=6.2 min | eta=4.0 min
[2026-08-14 21:28:35] INFO Epoch 016 | train batch=870/1418 | elapsed=6.3 min | eta=4.0 min
[2026-08-14 21:28:40] INFO Epoch 016 | train batch=880/1418 | elapsed=6.4 min | eta=3.9 min
[2026-08-14 21:28:44] INFO Epoch 016 | train batch=890/1418 | elapsed=6.4 min | eta=3.8 min
[2026-08-14 21:28:48] INFO Epoch 016 | train batch=900/1418 | elapsed=6.5 min | eta=3.7 min
[2026-08-14 21:28:52] INFO Epoch 016 | train batch=910/1418 | elapsed=6.6 min | eta=3.7 min
[2026-08-14 21:28:57] INFO Epoch 016 | train batch=920/1418 | elapsed=6.6 min | eta=3.6 min
[2026-08-14 21:29:01] INFO Epoch 016 | train batch=930/1418 | elapsed=6.7 min | eta=3.5 min
[2026-08-14 21:29:05] INFO Epoch 016 | train batch=940/1418 | elapsed=6.8 min | eta=3.5 min
[2026-08-14 21:29:09] INFO Epoch 016 | train batch=950/1418 | elapsed=6.9 min | eta=3.4 min
[2026-08-14 21:29:14] INFO Epoch 016 | train batch=960/1418 | elapsed=6.9 min | eta=3.3 min
[2026-08-14 21:29:18] INFO Epoch 016 | train batch=970/1418 | elapsed=7.0 min | eta=3.2 min
[2026-08-14 21:29:22] INFO Epoch 016 | train batch=980/1418 | elapsed=7.1 min | eta=3.2 min
[2026-08-14 21:29:27] INFO Epoch 016 | train batch=990/1418 | elapsed=7.1 min | eta=3.1 min
[2026-08-14 21:29:31] INFO Epoch 016 | train batch=1000/1418 | elapsed=7.2 min | eta=3.0 min
[2026-08-14 21:29:35] INFO Epoch 016 | train batch=1010/1418 | elapsed=7.3 min | eta=2.9 min
[2026-08-14 21:29:40] INFO Epoch 016 | train batch=1020/1418 | elapsed=7.4 min | eta=2.9 min
[2026-08-14 21:29:44] INFO Epoch 016 | train batch=1030/1418 | elapsed=7.4 min | eta=2.8 min
[2026-08-14 21:29:48] INFO Epoch 016 | train batch=1040/1418 | elapsed=7.5 min | eta=2.7 min
[2026-08-14 21:29:53] INFO Epoch 016 | train batch=1050/1418 | elapsed=7.6 min | eta=2.7 min
[2026-08-14 21:29:57] INFO Epoch 016 | train batch=1060/1418 | elapsed=7.6 min | eta=2.6 min
[2026-08-14 21:30:01] INFO Epoch 016 | train batch=1070/1418 | elapsed=7.7 min | eta=2.5 min
[2026-08-14 21:30:05] INFO Epoch 016 | train batch=1080/1418 | elapsed=7.8 min | eta=2.4 min
[2026-08-14 21:30:10] INFO Epoch 016 | train batch=1090/1418 | elapsed=7.9 min | eta=2.4 min
[2026-08-14 21:30:14] INFO Epoch 016 | train batch=1100/1418 | elapsed=7.9 min | eta=2.3 min
[2026-08-14 21:30:18] INFO Epoch 016 | train batch=1110/1418 | elapsed=8.0 min | eta=2.2 min
[2026-08-14 21:30:23] INFO Epoch 016 | train batch=1120/1418 | elapsed=8.1 min | eta=2.1 min
[2026-08-14 21:30:27] INFO Epoch 016 | train batch=1130/1418 | elapsed=8.1 min | eta=2.1 min
[2026-08-14 21:30:31] INFO Epoch 016 | train batch=1140/1418 | elapsed=8.2 min | eta=2.0 min
[2026-08-14 21:30:35] INFO Epoch 016 | train batch=1150/1418 | elapsed=8.3 min | eta=1.9 min
[2026-08-14 21:30:40] INFO Epoch 016 | train batch=1160/1418 | elapsed=8.4 min | eta=1.9 min
[2026-08-14 21:30:44] INFO Epoch 016 | train batch=1170/1418 | elapsed=8.4 min | eta=1.8 min
[2026-08-14 21:30:48] INFO Epoch 016 | train batch=1180/1418 | elapsed=8.5 min | eta=1.7 min
[2026-08-14 21:30:52] INFO Epoch 016 | train batch=1190/1418 | elapsed=8.6 min | eta=1.6 min
[2026-08-14 21:30:57] INFO Epoch 016 | train batch=1200/1418 | elapsed=8.6 min | eta=1.6 min
[2026-08-14 21:31:01] INFO Epoch 016 | train batch=1210/1418 | elapsed=8.7 min | eta=1.5 min
[2026-08-14 21:31:05] INFO Epoch 016 | train batch=1220/1418 | elapsed=8.8 min | eta=1.4 min
[2026-08-14 21:31:09] INFO Epoch 016 | train batch=1230/1418 | elapsed=8.9 min | eta=1.4 min
[2026-08-14 21:31:13] INFO Epoch 016 | train batch=1240/1418 | elapsed=8.9 min | eta=1.3 min
[2026-08-14 21:31:18] INFO Epoch 016 | train batch=1250/1418 | elapsed=9.0 min | eta=1.2 min
[2026-08-14 21:31:22] INFO Epoch 016 | train batch=1260/1418 | elapsed=9.1 min | eta=1.1 min
[2026-08-14 21:31:26] INFO Epoch 016 | train batch=1270/1418 | elapsed=9.1 min | eta=1.1 min
[2026-08-14 21:31:31] INFO Epoch 016 | train batch=1280/1418 | elapsed=9.2 min | eta=1.0 min
[2026-08-14 21:31:35] INFO Epoch 016 | train batch=1290/1418 | elapsed=9.3 min | eta=0.9 min
[2026-08-14 21:31:40] INFO Epoch 016 | train batch=1300/1418 | elapsed=9.4 min | eta=0.8 min
[2026-08-14 21:31:44] INFO Epoch 016 | train batch=1310/1418 | elapsed=9.4 min | eta=0.8 min
[2026-08-14 21:31:48] INFO Epoch 016 | train batch=1320/1418 | elapsed=9.5 min | eta=0.7 min
[2026-08-14 21:31:53] INFO Epoch 016 | train batch=1330/1418 | elapsed=9.6 min | eta=0.6 min
[2026-08-14 21:31:57] INFO Epoch 016 | train batch=1340/1418 | elapsed=9.6 min | eta=0.6 min
[2026-08-14 21:32:01] INFO Epoch 016 | train batch=1350/1418 | elapsed=9.7 min | eta=0.5 min
[2026-08-14 21:32:06] INFO Epoch 016 | train batch=1360/1418 | elapsed=9.8 min | eta=0.4 min
[2026-08-14 21:32:10] INFO Epoch 016 | train batch=1370/1418 | elapsed=9.9 min | eta=0.3 min
[2026-08-14 21:32:14] INFO Epoch 016 | train batch=1380/1418 | elapsed=9.9 min | eta=0.3 min
[2026-08-14 21:32:19] INFO Epoch 016 | train batch=1390/1418 | elapsed=10.0 min | eta=0.2 min
[2026-08-14 21:32:23] INFO Epoch 016 | train batch=1400/1418 | elapsed=10.1 min | eta=0.1 min
[2026-08-14 21:32:27] INFO Epoch 016 | train batch=1410/1418 | elapsed=10.2 min | eta=0.1 min
[2026-08-14 21:32:30] INFO Epoch 016 | train batch=1418/1418 | elapsed=10.2 min | eta=0.0 min
[2026-08-14 21:32:31] INFO Epoch 016 | val batch=1/188 | elapsed=0.0 min | eta=0.4 min
[2026-08-14 21:32:32] INFO Epoch 016 | val batch=10/188 | elapsed=0.0 min | eta=0.6 min
[2026-08-14 21:32:34] INFO Epoch 016 | val batch=20/188 | elapsed=0.1 min | eta=0.5 min
[2026-08-14 21:32:36] INFO Epoch 016 | val batch=30/188 | elapsed=0.1 min | eta=0.5 min
[2026-08-14 21:32:38] INFO Epoch 016 | val batch=40/188 | elapsed=0.1 min | eta=0.5 min
[2026-08-14 21:32:40] INFO Epoch 016 | val batch=50/188 | elapsed=0.2 min | eta=0.4 min
[2026-08-14 21:32:42] INFO Epoch 016 | val batch=60/188 | elapsed=0.2 min | eta=0.4 min
[2026-08-14 21:32:43] INFO Epoch 016 | val batch=70/188 | elapsed=0.2 min | eta=0.4 min
[2026-08-14 21:32:45] INFO Epoch 016 | val batch=80/188 | elapsed=0.2 min | eta=0.3 min
[2026-08-14 21:32:47] INFO Epoch 016 | val batch=90/188 | elapsed=0.3 min | eta=0.3 min
[2026-08-14 21:32:49] INFO Epoch 016 | val batch=100/188 | elapsed=0.3 min | eta=0.3 min
[2026-08-14 21:32:51] INFO Epoch 016 | val batch=110/188 | elapsed=0.3 min | eta=0.2 min
[2026-08-14 21:32:53] INFO Epoch 016 | val batch=120/188 | elapsed=0.4 min | eta=0.2 min
[2026-08-14 21:32:55] INFO Epoch 016 | val batch=130/188 | elapsed=0.4 min | eta=0.2 min
[2026-08-14 21:32:57] INFO Epoch 016 | val batch=140/188 | elapsed=0.4 min | eta=0.1 min
[2026-08-14 21:32:58] INFO Epoch 016 | val batch=150/188 | elapsed=0.5 min | eta=0.1 min
[2026-08-14 21:33:00] INFO Epoch 016 | val batch=160/188 | elapsed=0.5 min | eta=0.1 min
[2026-08-14 21:33:02] INFO Epoch 016 | val batch=170/188 | elapsed=0.5 min | eta=0.1 min
[2026-08-14 21:33:04] INFO Epoch 016 | val batch=180/188 | elapsed=0.6 min | eta=0.0 min
[2026-08-14 21:33:05] INFO Epoch 016 | val batch=188/188 | elapsed=0.6 min | eta=0.0 min
[2026-08-14 21:33:05] INFO Epoch 016 | train_total=0.459078 | val_total=0.445462 | val_mask=0.226758 | val_retrieval=2.187038 | val_profile=0.000000 | val_anchors=604396 | val_positive_pairs=0 | val_hard_negatives=0 | val_relation_candidates=7268824 | val_teacher_keff=3.787 | val_student_keff=8.050 | val_adapter_valid=0.000 | val_adapter_gate=0.000 | val_adapter_spatial_gate=0.000 | val_adapter_ratio=0.000000 | val_adapter_modulation=0.000000 | val_adapter_modulation_std=0.000000 | val_adapter_group_gate_std=0.000000 | val_adapter_low_rank=0.000000 | val_adapter_direct=0.000000 | val_masked_positions=42263114 | skipped(train/val)=0/0
[2026-08-14 21:33:05] INFO Epoch 017/050 started | train_batches=1418 | val_batches=188
[2026-08-14 21:33:06] INFO Epoch 017 | train batch=1/1418 | elapsed=0.0 min | eta=11.4 min
[2026-08-14 21:33:09] INFO Epoch 017 | train batch=10/1418 | elapsed=0.1 min | eta=9.8 min
[2026-08-14 21:33:14] INFO Epoch 017 | train batch=20/1418 | elapsed=0.1 min | eta=9.9 min
[2026-08-14 21:33:18] INFO Epoch 017 | train batch=30/1418 | elapsed=0.2 min | eta=9.9 min
[2026-08-14 21:33:22] INFO Epoch 017 | train batch=40/1418 | elapsed=0.3 min | eta=9.9 min
[2026-08-14 21:33:27] INFO Epoch 017 | train batch=50/1418 | elapsed=0.4 min | eta=9.8 min
[2026-08-14 21:33:31] INFO Epoch 017 | train batch=60/1418 | elapsed=0.4 min | eta=9.7 min
[2026-08-14 21:33:35] INFO Epoch 017 | train batch=70/1418 | elapsed=0.5 min | eta=9.6 min
[2026-08-14 21:33:39] INFO Epoch 017 | train batch=80/1418 | elapsed=0.6 min | eta=9.5 min
[2026-08-14 21:33:43] INFO Epoch 017 | train batch=90/1418 | elapsed=0.6 min | eta=9.3 min
[2026-08-14 21:33:48] INFO Epoch 017 | train batch=100/1418 | elapsed=0.7 min | eta=9.3 min
[2026-08-14 21:33:52] INFO Epoch 017 | train batch=110/1418 | elapsed=0.8 min | eta=9.2 min
[2026-08-14 21:33:56] INFO Epoch 017 | train batch=120/1418 | elapsed=0.8 min | eta=9.2 min
[2026-08-14 21:34:00] INFO Epoch 017 | train batch=130/1418 | elapsed=0.9 min | eta=9.1 min
[2026-08-14 21:34:05] INFO Epoch 017 | train batch=140/1418 | elapsed=1.0 min | eta=9.0 min
[2026-08-14 21:34:09] INFO Epoch 017 | train batch=150/1418 | elapsed=1.1 min | eta=9.0 min
[2026-08-14 21:34:13] INFO Epoch 017 | train batch=160/1418 | elapsed=1.1 min | eta=8.9 min
[2026-08-14 21:34:18] INFO Epoch 017 | train batch=170/1418 | elapsed=1.2 min | eta=8.9 min
[2026-08-14 21:34:22] INFO Epoch 017 | train batch=180/1418 | elapsed=1.3 min | eta=8.8 min
[2026-08-14 21:34:26] INFO Epoch 017 | train batch=190/1418 | elapsed=1.4 min | eta=8.7 min
[2026-08-14 21:34:31] INFO Epoch 017 | train batch=200/1418 | elapsed=1.4 min | eta=8.7 min
[2026-08-14 21:34:35] INFO Epoch 017 | train batch=210/1418 | elapsed=1.5 min | eta=8.6 min
[2026-08-14 21:34:39] INFO Epoch 017 | train batch=220/1418 | elapsed=1.6 min | eta=8.5 min
[2026-08-14 21:34:44] INFO Epoch 017 | train batch=230/1418 | elapsed=1.6 min | eta=8.5 min
[2026-08-14 21:34:48] INFO Epoch 017 | train batch=240/1418 | elapsed=1.7 min | eta=8.4 min
[2026-08-14 21:34:52] INFO Epoch 017 | train batch=250/1418 | elapsed=1.8 min | eta=8.3 min
[2026-08-14 21:34:56] INFO Epoch 017 | train batch=260/1418 | elapsed=1.9 min | eta=8.3 min
[2026-08-14 21:35:01] INFO Epoch 017 | train batch=270/1418 | elapsed=1.9 min | eta=8.2 min
[2026-08-14 21:35:05] INFO Epoch 017 | train batch=280/1418 | elapsed=2.0 min | eta=8.1 min
[2026-08-14 21:35:10] INFO Epoch 017 | train batch=290/1418 | elapsed=2.1 min | eta=8.1 min
[2026-08-14 21:35:14] INFO Epoch 017 | train batch=300/1418 | elapsed=2.1 min | eta=8.0 min
[2026-08-14 21:35:18] INFO Epoch 017 | train batch=310/1418 | elapsed=2.2 min | eta=7.9 min
[2026-08-14 21:35:22] INFO Epoch 017 | train batch=320/1418 | elapsed=2.3 min | eta=7.8 min
[2026-08-14 21:35:27] INFO Epoch 017 | train batch=330/1418 | elapsed=2.4 min | eta=7.8 min
[2026-08-14 21:35:31] INFO Epoch 017 | train batch=340/1418 | elapsed=2.4 min | eta=7.7 min
[2026-08-14 21:35:35] INFO Epoch 017 | train batch=350/1418 | elapsed=2.5 min | eta=7.6 min
[2026-08-14 21:35:40] INFO Epoch 017 | train batch=360/1418 | elapsed=2.6 min | eta=7.6 min
[2026-08-14 21:35:44] INFO Epoch 017 | train batch=370/1418 | elapsed=2.6 min | eta=7.5 min
[2026-08-14 21:35:48] INFO Epoch 017 | train batch=380/1418 | elapsed=2.7 min | eta=7.4 min
[2026-08-14 21:35:52] INFO Epoch 017 | train batch=390/1418 | elapsed=2.8 min | eta=7.3 min
[2026-08-14 21:35:57] INFO Epoch 017 | train batch=400/1418 | elapsed=2.9 min | eta=7.3 min
[2026-08-14 21:36:01] INFO Epoch 017 | train batch=410/1418 | elapsed=2.9 min | eta=7.2 min
[2026-08-14 21:36:05] INFO Epoch 017 | train batch=420/1418 | elapsed=3.0 min | eta=7.1 min
[2026-08-14 21:36:09] INFO Epoch 017 | train batch=430/1418 | elapsed=3.1 min | eta=7.0 min
[2026-08-14 21:36:14] INFO Epoch 017 | train batch=440/1418 | elapsed=3.1 min | eta=7.0 min
[2026-08-14 21:36:18] INFO Epoch 017 | train batch=450/1418 | elapsed=3.2 min | eta=6.9 min
[2026-08-14 21:36:22] INFO Epoch 017 | train batch=460/1418 | elapsed=3.3 min | eta=6.8 min
[2026-08-14 21:36:27] INFO Epoch 017 | train batch=470/1418 | elapsed=3.4 min | eta=6.8 min
[2026-08-14 21:36:31] INFO Epoch 017 | train batch=480/1418 | elapsed=3.4 min | eta=6.7 min
[2026-08-14 21:36:35] INFO Epoch 017 | train batch=490/1418 | elapsed=3.5 min | eta=6.6 min
[2026-08-14 21:36:39] INFO Epoch 017 | train batch=500/1418 | elapsed=3.6 min | eta=6.6 min
[2026-08-14 21:36:44] INFO Epoch 017 | train batch=510/1418 | elapsed=3.6 min | eta=6.5 min
[2026-08-14 21:36:48] INFO Epoch 017 | train batch=520/1418 | elapsed=3.7 min | eta=6.4 min
[2026-08-14 21:36:52] INFO Epoch 017 | train batch=530/1418 | elapsed=3.8 min | eta=6.3 min
[2026-08-14 21:36:57] INFO Epoch 017 | train batch=540/1418 | elapsed=3.9 min | eta=6.3 min
[2026-08-14 21:37:01] INFO Epoch 017 | train batch=550/1418 | elapsed=3.9 min | eta=6.2 min
[2026-08-14 21:37:05] INFO Epoch 017 | train batch=560/1418 | elapsed=4.0 min | eta=6.1 min
[2026-08-14 21:37:10] INFO Epoch 017 | train batch=570/1418 | elapsed=4.1 min | eta=6.1 min
[2026-08-14 21:37:14] INFO Epoch 017 | train batch=580/1418 | elapsed=4.1 min | eta=6.0 min
[2026-08-14 21:37:18] INFO Epoch 017 | train batch=590/1418 | elapsed=4.2 min | eta=5.9 min
[2026-08-14 21:37:22] INFO Epoch 017 | train batch=600/1418 | elapsed=4.3 min | eta=5.8 min
[2026-08-14 21:37:26] INFO Epoch 017 | train batch=610/1418 | elapsed=4.3 min | eta=5.8 min
[2026-08-14 21:37:30] INFO Epoch 017 | train batch=620/1418 | elapsed=4.4 min | eta=5.7 min
[2026-08-14 21:37:34] INFO Epoch 017 | train batch=630/1418 | elapsed=4.5 min | eta=5.6 min
[2026-08-14 21:37:38] INFO Epoch 017 | train batch=640/1418 | elapsed=4.5 min | eta=5.5 min
[2026-08-14 21:37:42] INFO Epoch 017 | train batch=650/1418 | elapsed=4.6 min | eta=5.4 min
[2026-08-14 21:37:46] INFO Epoch 017 | train batch=660/1418 | elapsed=4.7 min | eta=5.4 min
[2026-08-14 21:37:50] INFO Epoch 017 | train batch=670/1418 | elapsed=4.8 min | eta=5.3 min
[2026-08-14 21:37:55] INFO Epoch 017 | train batch=680/1418 | elapsed=4.8 min | eta=5.2 min
[2026-08-14 21:37:59] INFO Epoch 017 | train batch=690/1418 | elapsed=4.9 min | eta=5.2 min
[2026-08-14 21:38:03] INFO Epoch 017 | train batch=700/1418 | elapsed=5.0 min | eta=5.1 min
[2026-08-14 21:38:07] INFO Epoch 017 | train batch=710/1418 | elapsed=5.0 min | eta=5.0 min
[2026-08-14 21:38:12] INFO Epoch 017 | train batch=720/1418 | elapsed=5.1 min | eta=5.0 min
[2026-08-14 21:38:16] INFO Epoch 017 | train batch=730/1418 | elapsed=5.2 min | eta=4.9 min
[2026-08-14 21:38:20] INFO Epoch 017 | train batch=740/1418 | elapsed=5.2 min | eta=4.8 min
[2026-08-14 21:38:24] INFO Epoch 017 | train batch=750/1418 | elapsed=5.3 min | eta=4.7 min
[2026-08-14 21:38:28] INFO Epoch 017 | train batch=760/1418 | elapsed=5.4 min | eta=4.7 min
[2026-08-14 21:38:33] INFO Epoch 017 | train batch=770/1418 | elapsed=5.5 min | eta=4.6 min
[2026-08-14 21:38:37] INFO Epoch 017 | train batch=780/1418 | elapsed=5.5 min | eta=4.5 min
[2026-08-14 21:38:41] INFO Epoch 017 | train batch=790/1418 | elapsed=5.6 min | eta=4.5 min
[2026-08-14 21:38:45] INFO Epoch 017 | train batch=800/1418 | elapsed=5.7 min | eta=4.4 min
[2026-08-14 21:38:49] INFO Epoch 017 | train batch=810/1418 | elapsed=5.7 min | eta=4.3 min
[2026-08-14 21:38:54] INFO Epoch 017 | train batch=820/1418 | elapsed=5.8 min | eta=4.2 min
[2026-08-14 21:38:58] INFO Epoch 017 | train batch=830/1418 | elapsed=5.9 min | eta=4.2 min
[2026-08-14 21:39:03] INFO Epoch 017 | train batch=840/1418 | elapsed=6.0 min | eta=4.1 min
[2026-08-14 21:39:07] INFO Epoch 017 | train batch=850/1418 | elapsed=6.0 min | eta=4.0 min
[2026-08-14 21:39:12] INFO Epoch 017 | train batch=860/1418 | elapsed=6.1 min | eta=4.0 min
[2026-08-14 21:39:16] INFO Epoch 017 | train batch=870/1418 | elapsed=6.2 min | eta=3.9 min
[2026-08-14 21:39:20] INFO Epoch 017 | train batch=880/1418 | elapsed=6.3 min | eta=3.8 min
[2026-08-14 21:39:25] INFO Epoch 017 | train batch=890/1418 | elapsed=6.3 min | eta=3.8 min
[2026-08-14 21:39:29] INFO Epoch 017 | train batch=900/1418 | elapsed=6.4 min | eta=3.7 min
[2026-08-14 21:39:34] INFO Epoch 017 | train batch=910/1418 | elapsed=6.5 min | eta=3.6 min
[2026-08-14 21:39:38] INFO Epoch 017 | train batch=920/1418 | elapsed=6.5 min | eta=3.5 min
[2026-08-14 21:39:43] INFO Epoch 017 | train batch=930/1418 | elapsed=6.6 min | eta=3.5 min
[2026-08-14 21:39:47] INFO Epoch 017 | train batch=940/1418 | elapsed=6.7 min | eta=3.4 min
[2026-08-14 21:39:52] INFO Epoch 017 | train batch=950/1418 | elapsed=6.8 min | eta=3.3 min
[2026-08-14 21:39:56] INFO Epoch 017 | train batch=960/1418 | elapsed=6.8 min | eta=3.3 min
[2026-08-14 21:40:00] INFO Epoch 017 | train batch=970/1418 | elapsed=6.9 min | eta=3.2 min
[2026-08-14 21:40:05] INFO Epoch 017 | train batch=980/1418 | elapsed=7.0 min | eta=3.1 min
[2026-08-14 21:40:09] INFO Epoch 017 | train batch=990/1418 | elapsed=7.1 min | eta=3.1 min
[2026-08-14 21:40:14] INFO Epoch 017 | train batch=1000/1418 | elapsed=7.1 min | eta=3.0 min
[2026-08-14 21:40:18] INFO Epoch 017 | train batch=1010/1418 | elapsed=7.2 min | eta=2.9 min
[2026-08-14 21:40:22] INFO Epoch 017 | train batch=1020/1418 | elapsed=7.3 min | eta=2.8 min
[2026-08-14 21:40:26] INFO Epoch 017 | train batch=1030/1418 | elapsed=7.3 min | eta=2.8 min
[2026-08-14 21:40:30] INFO Epoch 017 | train batch=1040/1418 | elapsed=7.4 min | eta=2.7 min
[2026-08-14 21:40:35] INFO Epoch 017 | train batch=1050/1418 | elapsed=7.5 min | eta=2.6 min
[2026-08-14 21:40:39] INFO Epoch 017 | train batch=1060/1418 | elapsed=7.6 min | eta=2.6 min
[2026-08-14 21:40:44] INFO Epoch 017 | train batch=1070/1418 | elapsed=7.6 min | eta=2.5 min
[2026-08-14 21:40:48] INFO Epoch 017 | train batch=1080/1418 | elapsed=7.7 min | eta=2.4 min
[2026-08-14 21:40:52] INFO Epoch 017 | train batch=1090/1418 | elapsed=7.8 min | eta=2.3 min
[2026-08-14 21:40:56] INFO Epoch 017 | train batch=1100/1418 | elapsed=7.8 min | eta=2.3 min
[2026-08-14 21:41:00] INFO Epoch 017 | train batch=1110/1418 | elapsed=7.9 min | eta=2.2 min
[2026-08-14 21:41:04] INFO Epoch 017 | train batch=1120/1418 | elapsed=8.0 min | eta=2.1 min
[2026-08-14 21:41:09] INFO Epoch 017 | train batch=1130/1418 | elapsed=8.1 min | eta=2.1 min
[2026-08-14 21:41:13] INFO Epoch 017 | train batch=1140/1418 | elapsed=8.1 min | eta=2.0 min
[2026-08-14 21:41:17] INFO Epoch 017 | train batch=1150/1418 | elapsed=8.2 min | eta=1.9 min
[2026-08-14 21:41:21] INFO Epoch 017 | train batch=1160/1418 | elapsed=8.3 min | eta=1.8 min
[2026-08-14 21:41:25] INFO Epoch 017 | train batch=1170/1418 | elapsed=8.3 min | eta=1.8 min
[2026-08-14 21:41:29] INFO Epoch 017 | train batch=1180/1418 | elapsed=8.4 min | eta=1.7 min
[2026-08-14 21:41:34] INFO Epoch 017 | train batch=1190/1418 | elapsed=8.5 min | eta=1.6 min
[2026-08-14 21:41:38] INFO Epoch 017 | train batch=1200/1418 | elapsed=8.5 min | eta=1.6 min
[2026-08-14 21:41:42] INFO Epoch 017 | train batch=1210/1418 | elapsed=8.6 min | eta=1.5 min
[2026-08-14 21:41:47] INFO Epoch 017 | train batch=1220/1418 | elapsed=8.7 min | eta=1.4 min
[2026-08-14 21:41:51] INFO Epoch 017 | train batch=1230/1418 | elapsed=8.8 min | eta=1.3 min
[2026-08-14 21:41:55] INFO Epoch 017 | train batch=1240/1418 | elapsed=8.8 min | eta=1.3 min
[2026-08-14 21:41:59] INFO Epoch 017 | train batch=1250/1418 | elapsed=8.9 min | eta=1.2 min
[2026-08-14 21:42:04] INFO Epoch 017 | train batch=1260/1418 | elapsed=9.0 min | eta=1.1 min
[2026-08-14 21:42:08] INFO Epoch 017 | train batch=1270/1418 | elapsed=9.0 min | eta=1.1 min
[2026-08-14 21:42:12] INFO Epoch 017 | train batch=1280/1418 | elapsed=9.1 min | eta=1.0 min
[2026-08-14 21:42:17] INFO Epoch 017 | train batch=1290/1418 | elapsed=9.2 min | eta=0.9 min
[2026-08-14 21:42:21] INFO Epoch 017 | train batch=1300/1418 | elapsed=9.3 min | eta=0.8 min
[2026-08-14 21:42:25] INFO Epoch 017 | train batch=1310/1418 | elapsed=9.3 min | eta=0.8 min
[2026-08-14 21:42:29] INFO Epoch 017 | train batch=1320/1418 | elapsed=9.4 min | eta=0.7 min
[2026-08-14 21:42:34] INFO Epoch 017 | train batch=1330/1418 | elapsed=9.5 min | eta=0.6 min
[2026-08-14 21:42:38] INFO Epoch 017 | train batch=1340/1418 | elapsed=9.6 min | eta=0.6 min
[2026-08-14 21:42:42] INFO Epoch 017 | train batch=1350/1418 | elapsed=9.6 min | eta=0.5 min
[2026-08-14 21:42:46] INFO Epoch 017 | train batch=1360/1418 | elapsed=9.7 min | eta=0.4 min
[2026-08-14 21:42:51] INFO Epoch 017 | train batch=1370/1418 | elapsed=9.8 min | eta=0.3 min
[2026-08-14 21:42:55] INFO Epoch 017 | train batch=1380/1418 | elapsed=9.8 min | eta=0.3 min
[2026-08-14 21:43:00] INFO Epoch 017 | train batch=1390/1418 | elapsed=9.9 min | eta=0.2 min
[2026-08-14 21:43:04] INFO Epoch 017 | train batch=1400/1418 | elapsed=10.0 min | eta=0.1 min
[2026-08-14 21:43:08] INFO Epoch 017 | train batch=1410/1418 | elapsed=10.0 min | eta=0.1 min
[2026-08-14 21:43:11] INFO Epoch 017 | train batch=1418/1418 | elapsed=10.1 min | eta=0.0 min
[2026-08-14 21:43:11] INFO Epoch 017 | val batch=1/188 | elapsed=0.0 min | eta=0.4 min
[2026-08-14 21:43:13] INFO Epoch 017 | val batch=10/188 | elapsed=0.0 min | eta=0.6 min
[2026-08-14 21:43:15] INFO Epoch 017 | val batch=20/188 | elapsed=0.1 min | eta=0.5 min
[2026-08-14 21:43:17] INFO Epoch 017 | val batch=30/188 | elapsed=0.1 min | eta=0.5 min
[2026-08-14 21:43:19] INFO Epoch 017 | val batch=40/188 | elapsed=0.1 min | eta=0.5 min
[2026-08-14 21:43:21] INFO Epoch 017 | val batch=50/188 | elapsed=0.2 min | eta=0.4 min
[2026-08-14 21:43:22] INFO Epoch 017 | val batch=60/188 | elapsed=0.2 min | eta=0.4 min
[2026-08-14 21:43:24] INFO Epoch 017 | val batch=70/188 | elapsed=0.2 min | eta=0.4 min
[2026-08-14 21:43:26] INFO Epoch 017 | val batch=80/188 | elapsed=0.2 min | eta=0.3 min
[2026-08-14 21:43:28] INFO Epoch 017 | val batch=90/188 | elapsed=0.3 min | eta=0.3 min
[2026-08-14 21:43:30] INFO Epoch 017 | val batch=100/188 | elapsed=0.3 min | eta=0.3 min
[2026-08-14 21:43:32] INFO Epoch 017 | val batch=110/188 | elapsed=0.3 min | eta=0.2 min
[2026-08-14 21:43:34] INFO Epoch 017 | val batch=120/188 | elapsed=0.4 min | eta=0.2 min
[2026-08-14 21:43:36] INFO Epoch 017 | val batch=130/188 | elapsed=0.4 min | eta=0.2 min
[2026-08-14 21:43:37] INFO Epoch 017 | val batch=140/188 | elapsed=0.4 min | eta=0.1 min
[2026-08-14 21:43:39] INFO Epoch 017 | val batch=150/188 | elapsed=0.5 min | eta=0.1 min
[2026-08-14 21:43:41] INFO Epoch 017 | val batch=160/188 | elapsed=0.5 min | eta=0.1 min
[2026-08-14 21:43:43] INFO Epoch 017 | val batch=170/188 | elapsed=0.5 min | eta=0.1 min
[2026-08-14 21:43:45] INFO Epoch 017 | val batch=180/188 | elapsed=0.6 min | eta=0.0 min
[2026-08-14 21:43:46] INFO Epoch 017 | val batch=188/188 | elapsed=0.6 min | eta=0.0 min
[2026-08-14 21:43:46] INFO Epoch 017 | train_total=0.467640 | val_total=0.446066 | val_mask=0.227739 | val_retrieval=2.183272 | val_profile=0.000000 | val_anchors=604396 | val_positive_pairs=0 | val_hard_negatives=0 | val_relation_candidates=7268824 | val_teacher_keff=3.787 | val_student_keff=8.059 | val_adapter_valid=0.000 | val_adapter_gate=0.000 | val_adapter_spatial_gate=0.000 | val_adapter_ratio=0.000000 | val_adapter_modulation=0.000000 | val_adapter_modulation_std=0.000000 | val_adapter_group_gate_std=0.000000 | val_adapter_low_rank=0.000000 | val_adapter_direct=0.000000 | val_masked_positions=42146254 | skipped(train/val)=0/0
[2026-08-14 21:43:46] INFO Epoch 018/050 started | train_batches=1418 | val_batches=188
[2026-08-14 21:43:46] INFO Epoch 018 | train batch=1/1418 | elapsed=0.0 min | eta=8.9 min
[2026-08-14 21:43:51] INFO Epoch 018 | train batch=10/1418 | elapsed=0.1 min | eta=10.6 min
[2026-08-14 21:43:55] INFO Epoch 018 | train batch=20/1418 | elapsed=0.1 min | eta=10.3 min
[2026-08-14 21:43:59] INFO Epoch 018 | train batch=30/1418 | elapsed=0.2 min | eta=10.2 min
[2026-08-14 21:44:03] INFO Epoch 018 | train batch=40/1418 | elapsed=0.3 min | eta=9.9 min
[2026-08-14 21:44:07] INFO Epoch 018 | train batch=50/1418 | elapsed=0.4 min | eta=9.7 min
[2026-08-14 21:44:12] INFO Epoch 018 | train batch=60/1418 | elapsed=0.4 min | eta=9.7 min
[2026-08-14 21:44:16] INFO Epoch 018 | train batch=70/1418 | elapsed=0.5 min | eta=9.6 min
[2026-08-14 21:44:20] INFO Epoch 018 | train batch=80/1418 | elapsed=0.6 min | eta=9.5 min
[2026-08-14 21:44:25] INFO Epoch 018 | train batch=90/1418 | elapsed=0.6 min | eta=9.5 min
[2026-08-14 21:44:29] INFO Epoch 018 | train batch=100/1418 | elapsed=0.7 min | eta=9.4 min
[2026-08-14 21:44:33] INFO Epoch 018 | train batch=110/1418 | elapsed=0.8 min | eta=9.3 min
[2026-08-14 21:44:38] INFO Epoch 018 | train batch=120/1418 | elapsed=0.9 min | eta=9.3 min
[2026-08-14 21:44:42] INFO Epoch 018 | train batch=130/1418 | elapsed=0.9 min | eta=9.2 min
[2026-08-14 21:44:46] INFO Epoch 018 | train batch=140/1418 | elapsed=1.0 min | eta=9.1 min
[2026-08-14 21:44:50] INFO Epoch 018 | train batch=150/1418 | elapsed=1.1 min | eta=9.0 min
[2026-08-14 21:44:55] INFO Epoch 018 | train batch=160/1418 | elapsed=1.1 min | eta=9.0 min
[2026-08-14 21:44:58] INFO Epoch 018 | train batch=170/1418 | elapsed=1.2 min | eta=8.8 min
[2026-08-14 21:45:03] INFO Epoch 018 | train batch=180/1418 | elapsed=1.3 min | eta=8.8 min
[2026-08-14 21:45:07] INFO Epoch 018 | train batch=190/1418 | elapsed=1.3 min | eta=8.7 min
[2026-08-14 21:45:11] INFO Epoch 018 | train batch=200/1418 | elapsed=1.4 min | eta=8.6 min
[2026-08-14 21:45:15] INFO Epoch 018 | train batch=210/1418 | elapsed=1.5 min | eta=8.5 min
[2026-08-14 21:45:20] INFO Epoch 018 | train batch=220/1418 | elapsed=1.6 min | eta=8.5 min
[2026-08-14 21:45:24] INFO Epoch 018 | train batch=230/1418 | elapsed=1.6 min | eta=8.4 min
[2026-08-14 21:45:28] INFO Epoch 018 | train batch=240/1418 | elapsed=1.7 min | eta=8.3 min
[2026-08-14 21:45:32] INFO Epoch 018 | train batch=250/1418 | elapsed=1.8 min | eta=8.3 min
[2026-08-14 21:45:37] INFO Epoch 018 | train batch=260/1418 | elapsed=1.8 min | eta=8.2 min
[2026-08-14 21:45:41] INFO Epoch 018 | train batch=270/1418 | elapsed=1.9 min | eta=8.2 min
[2026-08-14 21:45:46] INFO Epoch 018 | train batch=280/1418 | elapsed=2.0 min | eta=8.1 min
[2026-08-14 21:45:50] INFO Epoch 018 | train batch=290/1418 | elapsed=2.1 min | eta=8.0 min
[2026-08-14 21:45:54] INFO Epoch 018 | train batch=300/1418 | elapsed=2.1 min | eta=8.0 min
[2026-08-14 21:45:59] INFO Epoch 018 | train batch=310/1418 | elapsed=2.2 min | eta=7.9 min
[2026-08-14 21:46:03] INFO Epoch 018 | train batch=320/1418 | elapsed=2.3 min | eta=7.8 min
[2026-08-14 21:46:07] INFO Epoch 018 | train batch=330/1418 | elapsed=2.4 min | eta=7.8 min
[2026-08-14 21:46:12] INFO Epoch 018 | train batch=340/1418 | elapsed=2.4 min | eta=7.7 min
[2026-08-14 21:46:16] INFO Epoch 018 | train batch=350/1418 | elapsed=2.5 min | eta=7.6 min
[2026-08-14 21:46:21] INFO Epoch 018 | train batch=360/1418 | elapsed=2.6 min | eta=7.6 min
[2026-08-14 21:46:25] INFO Epoch 018 | train batch=370/1418 | elapsed=2.6 min | eta=7.5 min
[2026-08-14 21:46:29] INFO Epoch 018 | train batch=380/1418 | elapsed=2.7 min | eta=7.4 min
[2026-08-14 21:46:34] INFO Epoch 018 | train batch=390/1418 | elapsed=2.8 min | eta=7.4 min
[2026-08-14 21:46:38] INFO Epoch 018 | train batch=400/1418 | elapsed=2.9 min | eta=7.3 min
[2026-08-14 21:46:42] INFO Epoch 018 | train batch=410/1418 | elapsed=2.9 min | eta=7.2 min
[2026-08-14 21:46:47] INFO Epoch 018 | train batch=420/1418 | elapsed=3.0 min | eta=7.2 min
[2026-08-14 21:46:51] INFO Epoch 018 | train batch=430/1418 | elapsed=3.1 min | eta=7.1 min
[2026-08-14 21:46:55] INFO Epoch 018 | train batch=440/1418 | elapsed=3.2 min | eta=7.0 min
[2026-08-14 21:47:00] INFO Epoch 018 | train batch=450/1418 | elapsed=3.2 min | eta=6.9 min
[2026-08-14 21:47:04] INFO Epoch 018 | train batch=460/1418 | elapsed=3.3 min | eta=6.9 min
[2026-08-14 21:47:08] INFO Epoch 018 | train batch=470/1418 | elapsed=3.4 min | eta=6.8 min
[2026-08-14 21:47:12] INFO Epoch 018 | train batch=480/1418 | elapsed=3.4 min | eta=6.7 min
[2026-08-14 21:47:17] INFO Epoch 018 | train batch=490/1418 | elapsed=3.5 min | eta=6.6 min
[2026-08-14 21:47:21] INFO Epoch 018 | train batch=500/1418 | elapsed=3.6 min | eta=6.6 min
[2026-08-14 21:47:25] INFO Epoch 018 | train batch=510/1418 | elapsed=3.6 min | eta=6.5 min
[2026-08-14 21:47:29] INFO Epoch 018 | train batch=520/1418 | elapsed=3.7 min | eta=6.4 min
[2026-08-14 21:47:34] INFO Epoch 018 | train batch=530/1418 | elapsed=3.8 min | eta=6.4 min
[2026-08-14 21:47:38] INFO Epoch 018 | train batch=540/1418 | elapsed=3.9 min | eta=6.3 min
[2026-08-14 21:47:42] INFO Epoch 018 | train batch=550/1418 | elapsed=3.9 min | eta=6.2 min
[2026-08-14 21:47:46] INFO Epoch 018 | train batch=560/1418 | elapsed=4.0 min | eta=6.1 min
[2026-08-14 21:47:50] INFO Epoch 018 | train batch=570/1418 | elapsed=4.1 min | eta=6.1 min
[2026-08-14 21:47:54] INFO Epoch 018 | train batch=580/1418 | elapsed=4.1 min | eta=6.0 min
[2026-08-14 21:47:59] INFO Epoch 018 | train batch=590/1418 | elapsed=4.2 min | eta=5.9 min
[2026-08-14 21:48:03] INFO Epoch 018 | train batch=600/1418 | elapsed=4.3 min | eta=5.8 min
[2026-08-14 21:48:07] INFO Epoch 018 | train batch=610/1418 | elapsed=4.4 min | eta=5.8 min
[2026-08-14 21:48:11] INFO Epoch 018 | train batch=620/1418 | elapsed=4.4 min | eta=5.7 min
[2026-08-14 21:48:16] INFO Epoch 018 | train batch=630/1418 | elapsed=4.5 min | eta=5.6 min
[2026-08-14 21:48:20] INFO Epoch 018 | train batch=640/1418 | elapsed=4.6 min | eta=5.6 min
[2026-08-14 21:48:25] INFO Epoch 018 | train batch=650/1418 | elapsed=4.6 min | eta=5.5 min
[2026-08-14 21:48:29] INFO Epoch 018 | train batch=660/1418 | elapsed=4.7 min | eta=5.4 min
[2026-08-14 21:48:33] INFO Epoch 018 | train batch=670/1418 | elapsed=4.8 min | eta=5.3 min
[2026-08-14 21:48:38] INFO Epoch 018 | train batch=680/1418 | elapsed=4.9 min | eta=5.3 min
[2026-08-14 21:48:42] INFO Epoch 018 | train batch=690/1418 | elapsed=4.9 min | eta=5.2 min
[2026-08-14 21:48:46] INFO Epoch 018 | train batch=700/1418 | elapsed=5.0 min | eta=5.1 min
[2026-08-14 21:48:51] INFO Epoch 018 | train batch=710/1418 | elapsed=5.1 min | eta=5.1 min
[2026-08-14 21:48:55] INFO Epoch 018 | train batch=720/1418 | elapsed=5.1 min | eta=5.0 min
[2026-08-14 21:48:59] INFO Epoch 018 | train batch=730/1418 | elapsed=5.2 min | eta=4.9 min
[2026-08-14 21:49:04] INFO Epoch 018 | train batch=740/1418 | elapsed=5.3 min | eta=4.8 min
[2026-08-14 21:49:08] INFO Epoch 018 | train batch=750/1418 | elapsed=5.4 min | eta=4.8 min
[2026-08-14 21:49:12] INFO Epoch 018 | train batch=760/1418 | elapsed=5.4 min | eta=4.7 min
[2026-08-14 21:49:17] INFO Epoch 018 | train batch=770/1418 | elapsed=5.5 min | eta=4.6 min
[2026-08-14 21:49:21] INFO Epoch 018 | train batch=780/1418 | elapsed=5.6 min | eta=4.6 min
[2026-08-14 21:49:25] INFO Epoch 018 | train batch=790/1418 | elapsed=5.6 min | eta=4.5 min
[2026-08-14 21:49:29] INFO Epoch 018 | train batch=800/1418 | elapsed=5.7 min | eta=4.4 min
[2026-08-14 21:49:33] INFO Epoch 018 | train batch=810/1418 | elapsed=5.8 min | eta=4.3 min
[2026-08-14 21:49:37] INFO Epoch 018 | train batch=820/1418 | elapsed=5.9 min | eta=4.3 min
[2026-08-14 21:49:42] INFO Epoch 018 | train batch=830/1418 | elapsed=5.9 min | eta=4.2 min
[2026-08-14 21:49:46] INFO Epoch 018 | train batch=840/1418 | elapsed=6.0 min | eta=4.1 min
[2026-08-14 21:49:50] INFO Epoch 018 | train batch=850/1418 | elapsed=6.1 min | eta=4.1 min
[2026-08-14 21:49:55] INFO Epoch 018 | train batch=860/1418 | elapsed=6.1 min | eta=4.0 min
[2026-08-14 21:49:59] INFO Epoch 018 | train batch=870/1418 | elapsed=6.2 min | eta=3.9 min
[2026-08-14 21:50:03] INFO Epoch 018 | train batch=880/1418 | elapsed=6.3 min | eta=3.8 min
[2026-08-14 21:50:07] INFO Epoch 018 | train batch=890/1418 | elapsed=6.4 min | eta=3.8 min
[2026-08-14 21:50:12] INFO Epoch 018 | train batch=900/1418 | elapsed=6.4 min | eta=3.7 min
[2026-08-14 21:50:16] INFO Epoch 018 | train batch=910/1418 | elapsed=6.5 min | eta=3.6 min
[2026-08-14 21:50:21] INFO Epoch 018 | train batch=920/1418 | elapsed=6.6 min | eta=3.6 min
[2026-08-14 21:50:25] INFO Epoch 018 | train batch=930/1418 | elapsed=6.6 min | eta=3.5 min
[2026-08-14 21:50:29] INFO Epoch 018 | train batch=940/1418 | elapsed=6.7 min | eta=3.4 min
[2026-08-14 21:50:34] INFO Epoch 018 | train batch=950/1418 | elapsed=6.8 min | eta=3.3 min
[2026-08-14 21:50:38] INFO Epoch 018 | train batch=960/1418 | elapsed=6.9 min | eta=3.3 min
[2026-08-14 21:50:42] INFO Epoch 018 | train batch=970/1418 | elapsed=6.9 min | eta=3.2 min
[2026-08-14 21:50:46] INFO Epoch 018 | train batch=980/1418 | elapsed=7.0 min | eta=3.1 min
[2026-08-14 21:50:51] INFO Epoch 018 | train batch=990/1418 | elapsed=7.1 min | eta=3.1 min
[2026-08-14 21:50:55] INFO Epoch 018 | train batch=1000/1418 | elapsed=7.1 min | eta=3.0 min
[2026-08-14 21:50:59] INFO Epoch 018 | train batch=1010/1418 | elapsed=7.2 min | eta=2.9 min
[2026-08-14 21:51:03] INFO Epoch 018 | train batch=1020/1418 | elapsed=7.3 min | eta=2.8 min
[2026-08-14 21:51:08] INFO Epoch 018 | train batch=1030/1418 | elapsed=7.4 min | eta=2.8 min
[2026-08-14 21:51:12] INFO Epoch 018 | train batch=1040/1418 | elapsed=7.4 min | eta=2.7 min
[2026-08-14 21:51:16] INFO Epoch 018 | train batch=1050/1418 | elapsed=7.5 min | eta=2.6 min
[2026-08-14 21:51:21] INFO Epoch 018 | train batch=1060/1418 | elapsed=7.6 min | eta=2.6 min
[2026-08-14 21:51:25] INFO Epoch 018 | train batch=1070/1418 | elapsed=7.6 min | eta=2.5 min
[2026-08-14 21:51:29] INFO Epoch 018 | train batch=1080/1418 | elapsed=7.7 min | eta=2.4 min
[2026-08-14 21:51:34] INFO Epoch 018 | train batch=1090/1418 | elapsed=7.8 min | eta=2.3 min
[2026-08-14 21:51:38] INFO Epoch 018 | train batch=1100/1418 | elapsed=7.9 min | eta=2.3 min
[2026-08-14 21:51:42] INFO Epoch 018 | train batch=1110/1418 | elapsed=7.9 min | eta=2.2 min
[2026-08-14 21:51:46] INFO Epoch 018 | train batch=1120/1418 | elapsed=8.0 min | eta=2.1 min
[2026-08-14 21:51:50] INFO Epoch 018 | train batch=1130/1418 | elapsed=8.1 min | eta=2.1 min
[2026-08-14 21:51:55] INFO Epoch 018 | train batch=1140/1418 | elapsed=8.1 min | eta=2.0 min
[2026-08-14 21:51:59] INFO Epoch 018 | train batch=1150/1418 | elapsed=8.2 min | eta=1.9 min
[2026-08-14 21:52:03] INFO Epoch 018 | train batch=1160/1418 | elapsed=8.3 min | eta=1.8 min
[2026-08-14 21:52:08] INFO Epoch 018 | train batch=1170/1418 | elapsed=8.4 min | eta=1.8 min
[2026-08-14 21:52:12] INFO Epoch 018 | train batch=1180/1418 | elapsed=8.4 min | eta=1.7 min
[2026-08-14 21:52:17] INFO Epoch 018 | train batch=1190/1418 | elapsed=8.5 min | eta=1.6 min
[2026-08-14 21:52:21] INFO Epoch 018 | train batch=1200/1418 | elapsed=8.6 min | eta=1.6 min
[2026-08-14 21:52:25] INFO Epoch 018 | train batch=1210/1418 | elapsed=8.7 min | eta=1.5 min
[2026-08-14 21:52:30] INFO Epoch 018 | train batch=1220/1418 | elapsed=8.7 min | eta=1.4 min
[2026-08-14 21:52:34] INFO Epoch 018 | train batch=1230/1418 | elapsed=8.8 min | eta=1.3 min
[2026-08-14 21:52:39] INFO Epoch 018 | train batch=1240/1418 | elapsed=8.9 min | eta=1.3 min
[2026-08-14 21:52:43] INFO Epoch 018 | train batch=1250/1418 | elapsed=8.9 min | eta=1.2 min
[2026-08-14 21:52:47] INFO Epoch 018 | train batch=1260/1418 | elapsed=9.0 min | eta=1.1 min
[2026-08-14 21:52:51] INFO Epoch 018 | train batch=1270/1418 | elapsed=9.1 min | eta=1.1 min
[2026-08-14 21:52:56] INFO Epoch 018 | train batch=1280/1418 | elapsed=9.2 min | eta=1.0 min
[2026-08-14 21:53:01] INFO Epoch 018 | train batch=1290/1418 | elapsed=9.2 min | eta=0.9 min
[2026-08-14 21:53:05] INFO Epoch 018 | train batch=1300/1418 | elapsed=9.3 min | eta=0.8 min
[2026-08-14 21:53:10] INFO Epoch 018 | train batch=1310/1418 | elapsed=9.4 min | eta=0.8 min
[2026-08-14 21:53:14] INFO Epoch 018 | train batch=1320/1418 | elapsed=9.5 min | eta=0.7 min
[2026-08-14 21:53:18] INFO Epoch 018 | train batch=1330/1418 | elapsed=9.5 min | eta=0.6 min
[2026-08-14 21:53:22] INFO Epoch 018 | train batch=1340/1418 | elapsed=9.6 min | eta=0.6 min
[2026-08-14 21:53:27] INFO Epoch 018 | train batch=1350/1418 | elapsed=9.7 min | eta=0.5 min
[2026-08-14 21:53:31] INFO Epoch 018 | train batch=1360/1418 | elapsed=9.8 min | eta=0.4 min
[2026-08-14 21:53:35] INFO Epoch 018 | train batch=1370/1418 | elapsed=9.8 min | eta=0.3 min
[2026-08-14 21:53:40] INFO Epoch 018 | train batch=1380/1418 | elapsed=9.9 min | eta=0.3 min
[2026-08-14 21:53:44] INFO Epoch 018 | train batch=1390/1418 | elapsed=10.0 min | eta=0.2 min
[2026-08-14 21:53:48] INFO Epoch 018 | train batch=1400/1418 | elapsed=10.0 min | eta=0.1 min
[2026-08-14 21:53:53] INFO Epoch 018 | train batch=1410/1418 | elapsed=10.1 min | eta=0.1 min
[2026-08-14 21:53:56] INFO Epoch 018 | train batch=1418/1418 | elapsed=10.2 min | eta=0.0 min
[2026-08-14 21:53:56] INFO Epoch 018 | val batch=1/188 | elapsed=0.0 min | eta=0.4 min
[2026-08-14 21:53:58] INFO Epoch 018 | val batch=10/188 | elapsed=0.0 min | eta=0.6 min
[2026-08-14 21:54:00] INFO Epoch 018 | val batch=20/188 | elapsed=0.1 min | eta=0.5 min
[2026-08-14 21:54:01] INFO Epoch 018 | val batch=30/188 | elapsed=0.1 min | eta=0.5 min
[2026-08-14 21:54:03] INFO Epoch 018 | val batch=40/188 | elapsed=0.1 min | eta=0.5 min
[2026-08-14 21:54:05] INFO Epoch 018 | val batch=50/188 | elapsed=0.2 min | eta=0.4 min
[2026-08-14 21:54:07] INFO Epoch 018 | val batch=60/188 | elapsed=0.2 min | eta=0.4 min
[2026-08-14 21:54:09] INFO Epoch 018 | val batch=70/188 | elapsed=0.2 min | eta=0.4 min
[2026-08-14 21:54:11] INFO Epoch 018 | val batch=80/188 | elapsed=0.2 min | eta=0.3 min
[2026-08-14 21:54:13] INFO Epoch 018 | val batch=90/188 | elapsed=0.3 min | eta=0.3 min
[2026-08-14 21:54:14] INFO Epoch 018 | val batch=100/188 | elapsed=0.3 min | eta=0.3 min
[2026-08-14 21:54:16] INFO Epoch 018 | val batch=110/188 | elapsed=0.3 min | eta=0.2 min
[2026-08-14 21:54:18] INFO Epoch 018 | val batch=120/188 | elapsed=0.4 min | eta=0.2 min
[2026-08-14 21:54:20] INFO Epoch 018 | val batch=130/188 | elapsed=0.4 min | eta=0.2 min
[2026-08-14 21:54:22] INFO Epoch 018 | val batch=140/188 | elapsed=0.4 min | eta=0.1 min
[2026-08-14 21:54:24] INFO Epoch 018 | val batch=150/188 | elapsed=0.5 min | eta=0.1 min
[2026-08-14 21:54:26] INFO Epoch 018 | val batch=160/188 | elapsed=0.5 min | eta=0.1 min
[2026-08-14 21:54:27] INFO Epoch 018 | val batch=170/188 | elapsed=0.5 min | eta=0.1 min
[2026-08-14 21:54:29] INFO Epoch 018 | val batch=180/188 | elapsed=0.6 min | eta=0.0 min
[2026-08-14 21:54:31] INFO Epoch 018 | val batch=188/188 | elapsed=0.6 min | eta=0.0 min
[2026-08-14 21:54:31] INFO Epoch 018 | train_total=0.468410 | val_total=0.444449 | val_mask=0.226602 | val_retrieval=2.178476 | val_profile=0.000000 | val_anchors=604396 | val_positive_pairs=0 | val_hard_negatives=0 | val_relation_candidates=7268824 | val_teacher_keff=3.787 | val_student_keff=8.085 | val_adapter_valid=0.000 | val_adapter_gate=0.000 | val_adapter_spatial_gate=0.000 | val_adapter_ratio=0.000000 | val_adapter_modulation=0.000000 | val_adapter_modulation_std=0.000000 | val_adapter_group_gate_std=0.000000 | val_adapter_low_rank=0.000000 | val_adapter_direct=0.000000 | val_masked_positions=42202077 | skipped(train/val)=0/0
[2026-08-14 21:54:31] INFO Relation checkpoint updated | epoch=18 | best_val_relation=2.178476 | path=C:\Users\clw\projects\researchRep\STAnchor-BlockMemory\artifacts\metrla_e5_final_latent48_global288_seed42\pretrain_best_relation.pt
[2026-08-14 21:54:31] INFO Epoch 019/050 started | train_batches=1418 | val_batches=188
[2026-08-14 21:54:31] INFO Epoch 019 | train batch=1/1418 | elapsed=0.0 min | eta=11.3 min
[2026-08-14 21:54:35] INFO Epoch 019 | train batch=10/1418 | elapsed=0.1 min | eta=10.1 min
[2026-08-14 21:54:39] INFO Epoch 019 | train batch=20/1418 | elapsed=0.1 min | eta=10.1 min
[2026-08-14 21:54:44] INFO Epoch 019 | train batch=30/1418 | elapsed=0.2 min | eta=10.1 min
[2026-08-14 21:54:48] INFO Epoch 019 | train batch=40/1418 | elapsed=0.3 min | eta=9.9 min
[2026-08-14 21:54:52] INFO Epoch 019 | train batch=50/1418 | elapsed=0.4 min | eta=9.8 min
[2026-08-14 21:54:57] INFO Epoch 019 | train batch=60/1418 | elapsed=0.4 min | eta=9.8 min
[2026-08-14 21:55:01] INFO Epoch 019 | train batch=70/1418 | elapsed=0.5 min | eta=9.7 min
[2026-08-14 21:55:05] INFO Epoch 019 | train batch=80/1418 | elapsed=0.6 min | eta=9.6 min
[2026-08-14 21:55:10] INFO Epoch 019 | train batch=90/1418 | elapsed=0.6 min | eta=9.6 min
[2026-08-14 21:55:14] INFO Epoch 019 | train batch=100/1418 | elapsed=0.7 min | eta=9.5 min
[2026-08-14 21:55:18] INFO Epoch 019 | train batch=110/1418 | elapsed=0.8 min | eta=9.4 min
[2026-08-14 21:55:23] INFO Epoch 019 | train batch=120/1418 | elapsed=0.9 min | eta=9.4 min
[2026-08-14 21:55:27] INFO Epoch 019 | train batch=130/1418 | elapsed=0.9 min | eta=9.2 min
[2026-08-14 21:55:31] INFO Epoch 019 | train batch=140/1418 | elapsed=1.0 min | eta=9.1 min
[2026-08-14 21:55:35] INFO Epoch 019 | train batch=150/1418 | elapsed=1.1 min | eta=9.1 min
[2026-08-14 21:55:39] INFO Epoch 019 | train batch=160/1418 | elapsed=1.1 min | eta=9.0 min
[2026-08-14 21:55:43] INFO Epoch 019 | train batch=170/1418 | elapsed=1.2 min | eta=8.9 min
[2026-08-14 21:55:48] INFO Epoch 019 | train batch=180/1418 | elapsed=1.3 min | eta=8.8 min
[2026-08-14 21:55:52] INFO Epoch 019 | train batch=190/1418 | elapsed=1.4 min | eta=8.8 min
[2026-08-14 21:55:56] INFO Epoch 019 | train batch=200/1418 | elapsed=1.4 min | eta=8.7 min
[2026-08-14 21:56:00] INFO Epoch 019 | train batch=210/1418 | elapsed=1.5 min | eta=8.6 min
[2026-08-14 21:56:05] INFO Epoch 019 | train batch=220/1418 | elapsed=1.6 min | eta=8.5 min
[2026-08-14 21:56:09] INFO Epoch 019 | train batch=230/1418 | elapsed=1.6 min | eta=8.5 min
[2026-08-14 21:56:13] INFO Epoch 019 | train batch=240/1418 | elapsed=1.7 min | eta=8.4 min
[2026-08-14 21:56:17] INFO Epoch 019 | train batch=250/1418 | elapsed=1.8 min | eta=8.3 min
[2026-08-14 21:56:22] INFO Epoch 019 | train batch=260/1418 | elapsed=1.8 min | eta=8.2 min
[2026-08-14 21:56:26] INFO Epoch 019 | train batch=270/1418 | elapsed=1.9 min | eta=8.2 min
[2026-08-14 21:56:30] INFO Epoch 019 | train batch=280/1418 | elapsed=2.0 min | eta=8.1 min
[2026-08-14 21:56:34] INFO Epoch 019 | train batch=290/1418 | elapsed=2.1 min | eta=8.0 min
[2026-08-14 21:56:39] INFO Epoch 019 | train batch=300/1418 | elapsed=2.1 min | eta=8.0 min
[2026-08-14 21:56:43] INFO Epoch 019 | train batch=310/1418 | elapsed=2.2 min | eta=7.9 min
[2026-08-14 21:56:47] INFO Epoch 019 | train batch=320/1418 | elapsed=2.3 min | eta=7.8 min
[2026-08-14 21:56:52] INFO Epoch 019 | train batch=330/1418 | elapsed=2.3 min | eta=7.7 min
[2026-08-14 21:56:56] INFO Epoch 019 | train batch=340/1418 | elapsed=2.4 min | eta=7.7 min
[2026-08-14 21:57:00] INFO Epoch 019 | train batch=350/1418 | elapsed=2.5 min | eta=7.6 min
[2026-08-14 21:57:04] INFO Epoch 019 | train batch=360/1418 | elapsed=2.6 min | eta=7.5 min
[2026-08-14 21:57:09] INFO Epoch 019 | train batch=370/1418 | elapsed=2.6 min | eta=7.5 min
[2026-08-14 21:57:13] INFO Epoch 019 | train batch=380/1418 | elapsed=2.7 min | eta=7.4 min
[2026-08-14 21:57:17] INFO Epoch 019 | train batch=390/1418 | elapsed=2.8 min | eta=7.3 min
[2026-08-14 21:57:21] INFO Epoch 019 | train batch=400/1418 | elapsed=2.8 min | eta=7.2 min
[2026-08-14 21:57:26] INFO Epoch 019 | train batch=410/1418 | elapsed=2.9 min | eta=7.2 min
[2026-08-14 21:57:30] INFO Epoch 019 | train batch=420/1418 | elapsed=3.0 min | eta=7.1 min
[2026-08-14 21:57:34] INFO Epoch 019 | train batch=430/1418 | elapsed=3.1 min | eta=7.0 min
[2026-08-14 21:57:39] INFO Epoch 019 | train batch=440/1418 | elapsed=3.1 min | eta=7.0 min
[2026-08-14 21:57:43] INFO Epoch 019 | train batch=450/1418 | elapsed=3.2 min | eta=6.9 min
[2026-08-14 21:57:47] INFO Epoch 019 | train batch=460/1418 | elapsed=3.3 min | eta=6.8 min
[2026-08-14 21:57:52] INFO Epoch 019 | train batch=470/1418 | elapsed=3.3 min | eta=6.8 min
[2026-08-14 21:57:56] INFO Epoch 019 | train batch=480/1418 | elapsed=3.4 min | eta=6.7 min
[2026-08-14 21:58:00] INFO Epoch 019 | train batch=490/1418 | elapsed=3.5 min | eta=6.6 min
[2026-08-14 21:58:04] INFO Epoch 019 | train batch=500/1418 | elapsed=3.6 min | eta=6.5 min
[2026-08-14 21:58:08] INFO Epoch 019 | train batch=510/1418 | elapsed=3.6 min | eta=6.5 min
[2026-08-14 21:58:13] INFO Epoch 019 | train batch=520/1418 | elapsed=3.7 min | eta=6.4 min
[2026-08-14 21:58:17] INFO Epoch 019 | train batch=530/1418 | elapsed=3.8 min | eta=6.3 min
[2026-08-14 21:58:21] INFO Epoch 019 | train batch=540/1418 | elapsed=3.8 min | eta=6.2 min
[2026-08-14 21:58:25] INFO Epoch 019 | train batch=550/1418 | elapsed=3.9 min | eta=6.2 min
[2026-08-14 21:58:30] INFO Epoch 019 | train batch=560/1418 | elapsed=4.0 min | eta=6.1 min
[2026-08-14 21:58:34] INFO Epoch 019 | train batch=570/1418 | elapsed=4.1 min | eta=6.0 min
[2026-08-14 21:58:38] INFO Epoch 019 | train batch=580/1418 | elapsed=4.1 min | eta=6.0 min
[2026-08-14 21:58:43] INFO Epoch 019 | train batch=590/1418 | elapsed=4.2 min | eta=5.9 min
[2026-08-14 21:58:47] INFO Epoch 019 | train batch=600/1418 | elapsed=4.3 min | eta=5.8 min
[2026-08-14 21:58:51] INFO Epoch 019 | train batch=610/1418 | elapsed=4.3 min | eta=5.7 min
[2026-08-14 21:58:55] INFO Epoch 019 | train batch=620/1418 | elapsed=4.4 min | eta=5.7 min
[2026-08-14 21:59:00] INFO Epoch 019 | train batch=630/1418 | elapsed=4.5 min | eta=5.6 min
[2026-08-14 21:59:04] INFO Epoch 019 | train batch=640/1418 | elapsed=4.6 min | eta=5.5 min
[2026-08-14 21:59:08] INFO Epoch 019 | train batch=650/1418 | elapsed=4.6 min | eta=5.5 min
[2026-08-14 21:59:13] INFO Epoch 019 | train batch=660/1418 | elapsed=4.7 min | eta=5.4 min
[2026-08-14 21:59:17] INFO Epoch 019 | train batch=670/1418 | elapsed=4.8 min | eta=5.3 min
[2026-08-14 21:59:21] INFO Epoch 019 | train batch=680/1418 | elapsed=4.8 min | eta=5.3 min
[2026-08-14 21:59:26] INFO Epoch 019 | train batch=690/1418 | elapsed=4.9 min | eta=5.2 min
[2026-08-14 21:59:30] INFO Epoch 019 | train batch=700/1418 | elapsed=5.0 min | eta=5.1 min
[2026-08-14 21:59:34] INFO Epoch 019 | train batch=710/1418 | elapsed=5.1 min | eta=5.0 min
[2026-08-14 21:59:39] INFO Epoch 019 | train batch=720/1418 | elapsed=5.1 min | eta=5.0 min
[2026-08-14 21:59:43] INFO Epoch 019 | train batch=730/1418 | elapsed=5.2 min | eta=4.9 min
[2026-08-14 21:59:47] INFO Epoch 019 | train batch=740/1418 | elapsed=5.3 min | eta=4.8 min
[2026-08-14 21:59:52] INFO Epoch 019 | train batch=750/1418 | elapsed=5.3 min | eta=4.8 min
[2026-08-14 21:59:56] INFO Epoch 019 | train batch=760/1418 | elapsed=5.4 min | eta=4.7 min
[2026-08-14 22:00:00] INFO Epoch 019 | train batch=770/1418 | elapsed=5.5 min | eta=4.6 min
[2026-08-14 22:00:04] INFO Epoch 019 | train batch=780/1418 | elapsed=5.6 min | eta=4.5 min
[2026-08-14 22:00:09] INFO Epoch 019 | train batch=790/1418 | elapsed=5.6 min | eta=4.5 min
[2026-08-14 22:00:13] INFO Epoch 019 | train batch=800/1418 | elapsed=5.7 min | eta=4.4 min
[2026-08-14 22:00:17] INFO Epoch 019 | train batch=810/1418 | elapsed=5.8 min | eta=4.3 min
[2026-08-14 22:00:21] INFO Epoch 019 | train batch=820/1418 | elapsed=5.8 min | eta=4.3 min
[2026-08-14 22:00:26] INFO Epoch 019 | train batch=830/1418 | elapsed=5.9 min | eta=4.2 min
[2026-08-14 22:00:30] INFO Epoch 019 | train batch=840/1418 | elapsed=6.0 min | eta=4.1 min
[2026-08-14 22:00:35] INFO Epoch 019 | train batch=850/1418 | elapsed=6.1 min | eta=4.1 min
[2026-08-14 22:00:39] INFO Epoch 019 | train batch=860/1418 | elapsed=6.1 min | eta=4.0 min
[2026-08-14 22:00:43] INFO Epoch 019 | train batch=870/1418 | elapsed=6.2 min | eta=3.9 min
[2026-08-14 22:00:48] INFO Epoch 019 | train batch=880/1418 | elapsed=6.3 min | eta=3.8 min
[2026-08-14 22:00:52] INFO Epoch 019 | train batch=890/1418 | elapsed=6.4 min | eta=3.8 min
[2026-08-14 22:00:56] INFO Epoch 019 | train batch=900/1418 | elapsed=6.4 min | eta=3.7 min
[2026-08-14 22:01:00] INFO Epoch 019 | train batch=910/1418 | elapsed=6.5 min | eta=3.6 min
[2026-08-14 22:01:04] INFO Epoch 019 | train batch=920/1418 | elapsed=6.6 min | eta=3.6 min
[2026-08-14 22:01:09] INFO Epoch 019 | train batch=930/1418 | elapsed=6.6 min | eta=3.5 min
[2026-08-14 22:01:13] INFO Epoch 019 | train batch=940/1418 | elapsed=6.7 min | eta=3.4 min
[2026-08-14 22:01:17] INFO Epoch 019 | train batch=950/1418 | elapsed=6.8 min | eta=3.3 min
[2026-08-14 22:01:22] INFO Epoch 019 | train batch=960/1418 | elapsed=6.9 min | eta=3.3 min
[2026-08-14 22:01:26] INFO Epoch 019 | train batch=970/1418 | elapsed=6.9 min | eta=3.2 min
[2026-08-14 22:01:31] INFO Epoch 019 | train batch=980/1418 | elapsed=7.0 min | eta=3.1 min
[2026-08-14 22:01:35] INFO Epoch 019 | train batch=990/1418 | elapsed=7.1 min | eta=3.1 min
[2026-08-14 22:01:39] INFO Epoch 019 | train batch=1000/1418 | elapsed=7.1 min | eta=3.0 min
[2026-08-14 22:01:43] INFO Epoch 019 | train batch=1010/1418 | elapsed=7.2 min | eta=2.9 min
[2026-08-14 22:01:48] INFO Epoch 019 | train batch=1020/1418 | elapsed=7.3 min | eta=2.8 min
[2026-08-14 22:01:52] INFO Epoch 019 | train batch=1030/1418 | elapsed=7.4 min | eta=2.8 min
[2026-08-14 22:01:56] INFO Epoch 019 | train batch=1040/1418 | elapsed=7.4 min | eta=2.7 min
[2026-08-14 22:02:00] INFO Epoch 019 | train batch=1050/1418 | elapsed=7.5 min | eta=2.6 min
[2026-08-14 22:02:04] INFO Epoch 019 | train batch=1060/1418 | elapsed=7.6 min | eta=2.6 min
[2026-08-14 22:02:09] INFO Epoch 019 | train batch=1070/1418 | elapsed=7.6 min | eta=2.5 min
[2026-08-14 22:02:13] INFO Epoch 019 | train batch=1080/1418 | elapsed=7.7 min | eta=2.4 min
[2026-08-14 22:02:17] INFO Epoch 019 | train batch=1090/1418 | elapsed=7.8 min | eta=2.3 min
[2026-08-14 22:02:22] INFO Epoch 019 | train batch=1100/1418 | elapsed=7.8 min | eta=2.3 min
[2026-08-14 22:02:26] INFO Epoch 019 | train batch=1110/1418 | elapsed=7.9 min | eta=2.2 min
[2026-08-14 22:02:30] INFO Epoch 019 | train batch=1120/1418 | elapsed=8.0 min | eta=2.1 min
[2026-08-14 22:02:35] INFO Epoch 019 | train batch=1130/1418 | elapsed=8.1 min | eta=2.1 min
[2026-08-14 22:02:39] INFO Epoch 019 | train batch=1140/1418 | elapsed=8.1 min | eta=2.0 min
[2026-08-14 22:02:43] INFO Epoch 019 | train batch=1150/1418 | elapsed=8.2 min | eta=1.9 min
[2026-08-14 22:02:48] INFO Epoch 019 | train batch=1160/1418 | elapsed=8.3 min | eta=1.8 min
[2026-08-14 22:02:52] INFO Epoch 019 | train batch=1170/1418 | elapsed=8.4 min | eta=1.8 min
[2026-08-14 22:02:56] INFO Epoch 019 | train batch=1180/1418 | elapsed=8.4 min | eta=1.7 min
[2026-08-14 22:03:00] INFO Epoch 019 | train batch=1190/1418 | elapsed=8.5 min | eta=1.6 min
[2026-08-14 22:03:05] INFO Epoch 019 | train batch=1200/1418 | elapsed=8.6 min | eta=1.6 min
[2026-08-14 22:03:09] INFO Epoch 019 | train batch=1210/1418 | elapsed=8.6 min | eta=1.5 min
[2026-08-14 22:03:13] INFO Epoch 019 | train batch=1220/1418 | elapsed=8.7 min | eta=1.4 min
[2026-08-14 22:03:18] INFO Epoch 019 | train batch=1230/1418 | elapsed=8.8 min | eta=1.3 min
[2026-08-14 22:03:22] INFO Epoch 019 | train batch=1240/1418 | elapsed=8.8 min | eta=1.3 min
[2026-08-14 22:03:26] INFO Epoch 019 | train batch=1250/1418 | elapsed=8.9 min | eta=1.2 min
[2026-08-14 22:03:30] INFO Epoch 019 | train batch=1260/1418 | elapsed=9.0 min | eta=1.1 min
[2026-08-14 22:03:35] INFO Epoch 019 | train batch=1270/1418 | elapsed=9.1 min | eta=1.1 min
[2026-08-14 22:03:39] INFO Epoch 019 | train batch=1280/1418 | elapsed=9.1 min | eta=1.0 min
[2026-08-14 22:03:43] INFO Epoch 019 | train batch=1290/1418 | elapsed=9.2 min | eta=0.9 min
[2026-08-14 22:03:48] INFO Epoch 019 | train batch=1300/1418 | elapsed=9.3 min | eta=0.8 min
[2026-08-14 22:03:52] INFO Epoch 019 | train batch=1310/1418 | elapsed=9.4 min | eta=0.8 min
[2026-08-14 22:03:56] INFO Epoch 019 | train batch=1320/1418 | elapsed=9.4 min | eta=0.7 min
[2026-08-14 22:04:00] INFO Epoch 019 | train batch=1330/1418 | elapsed=9.5 min | eta=0.6 min
[2026-08-14 22:04:04] INFO Epoch 019 | train batch=1340/1418 | elapsed=9.6 min | eta=0.6 min
[2026-08-14 22:04:09] INFO Epoch 019 | train batch=1350/1418 | elapsed=9.6 min | eta=0.5 min
[2026-08-14 22:04:13] INFO Epoch 019 | train batch=1360/1418 | elapsed=9.7 min | eta=0.4 min
[2026-08-14 22:04:18] INFO Epoch 019 | train batch=1370/1418 | elapsed=9.8 min | eta=0.3 min
[2026-08-14 22:04:22] INFO Epoch 019 | train batch=1380/1418 | elapsed=9.9 min | eta=0.3 min
[2026-08-14 22:04:27] INFO Epoch 019 | train batch=1390/1418 | elapsed=9.9 min | eta=0.2 min
[2026-08-14 22:04:31] INFO Epoch 019 | train batch=1400/1418 | elapsed=10.0 min | eta=0.1 min
[2026-08-14 22:04:35] INFO Epoch 019 | train batch=1410/1418 | elapsed=10.1 min | eta=0.1 min
[2026-08-14 22:04:39] INFO Epoch 019 | train batch=1418/1418 | elapsed=10.1 min | eta=0.0 min
[2026-08-14 22:04:39] INFO Epoch 019 | val batch=1/188 | elapsed=0.0 min | eta=0.4 min
[2026-08-14 22:04:41] INFO Epoch 019 | val batch=10/188 | elapsed=0.0 min | eta=0.6 min
[2026-08-14 22:04:42] INFO Epoch 019 | val batch=20/188 | elapsed=0.1 min | eta=0.5 min
[2026-08-14 22:04:44] INFO Epoch 019 | val batch=30/188 | elapsed=0.1 min | eta=0.5 min
[2026-08-14 22:04:46] INFO Epoch 019 | val batch=40/188 | elapsed=0.1 min | eta=0.5 min
[2026-08-14 22:04:48] INFO Epoch 019 | val batch=50/188 | elapsed=0.2 min | eta=0.4 min
[2026-08-14 22:04:50] INFO Epoch 019 | val batch=60/188 | elapsed=0.2 min | eta=0.4 min
[2026-08-14 22:04:52] INFO Epoch 019 | val batch=70/188 | elapsed=0.2 min | eta=0.4 min
[2026-08-14 22:04:54] INFO Epoch 019 | val batch=80/188 | elapsed=0.2 min | eta=0.3 min
[2026-08-14 22:04:55] INFO Epoch 019 | val batch=90/188 | elapsed=0.3 min | eta=0.3 min
[2026-08-14 22:04:57] INFO Epoch 019 | val batch=100/188 | elapsed=0.3 min | eta=0.3 min
[2026-08-14 22:04:59] INFO Epoch 019 | val batch=110/188 | elapsed=0.3 min | eta=0.2 min
[2026-08-14 22:05:01] INFO Epoch 019 | val batch=120/188 | elapsed=0.4 min | eta=0.2 min
[2026-08-14 22:05:03] INFO Epoch 019 | val batch=130/188 | elapsed=0.4 min | eta=0.2 min
[2026-08-14 22:05:05] INFO Epoch 019 | val batch=140/188 | elapsed=0.4 min | eta=0.1 min
[2026-08-14 22:05:07] INFO Epoch 019 | val batch=150/188 | elapsed=0.5 min | eta=0.1 min
[2026-08-14 22:05:09] INFO Epoch 019 | val batch=160/188 | elapsed=0.5 min | eta=0.1 min
[2026-08-14 22:05:10] INFO Epoch 019 | val batch=170/188 | elapsed=0.5 min | eta=0.1 min
[2026-08-14 22:05:12] INFO Epoch 019 | val batch=180/188 | elapsed=0.6 min | eta=0.0 min
[2026-08-14 22:05:14] INFO Epoch 019 | val batch=188/188 | elapsed=0.6 min | eta=0.0 min
[2026-08-14 22:05:14] INFO Epoch 019 | train_total=0.458936 | val_total=0.446582 | val_mask=0.227982 | val_retrieval=2.186002 | val_profile=0.000000 | val_anchors=604396 | val_positive_pairs=0 | val_hard_negatives=0 | val_relation_candidates=7268824 | val_teacher_keff=3.787 | val_student_keff=7.943 | val_adapter_valid=0.000 | val_adapter_gate=0.000 | val_adapter_spatial_gate=0.000 | val_adapter_ratio=0.000000 | val_adapter_modulation=0.000000 | val_adapter_modulation_std=0.000000 | val_adapter_group_gate_std=0.000000 | val_adapter_low_rank=0.000000 | val_adapter_direct=0.000000 | val_masked_positions=42192022 | skipped(train/val)=0/0
[2026-08-14 22:05:14] INFO Epoch 020/050 started | train_batches=1418 | val_batches=188
[2026-08-14 22:05:14] INFO Epoch 020 | train batch=1/1418 | elapsed=0.0 min | eta=11.7 min
[2026-08-14 22:05:18] INFO Epoch 020 | train batch=10/1418 | elapsed=0.1 min | eta=10.1 min
[2026-08-14 22:05:22] INFO Epoch 020 | train batch=20/1418 | elapsed=0.1 min | eta=10.3 min
[2026-08-14 22:05:27] INFO Epoch 020 | train batch=30/1418 | elapsed=0.2 min | eta=10.1 min
[2026-08-14 22:05:31] INFO Epoch 020 | train batch=40/1418 | elapsed=0.3 min | eta=10.0 min
[2026-08-14 22:05:35] INFO Epoch 020 | train batch=50/1418 | elapsed=0.4 min | eta=9.7 min
[2026-08-14 22:05:39] INFO Epoch 020 | train batch=60/1418 | elapsed=0.4 min | eta=9.6 min
[2026-08-14 22:05:44] INFO Epoch 020 | train batch=70/1418 | elapsed=0.5 min | eta=9.6 min
[2026-08-14 22:05:48] INFO Epoch 020 | train batch=80/1418 | elapsed=0.6 min | eta=9.6 min
[2026-08-14 22:05:52] INFO Epoch 020 | train batch=90/1418 | elapsed=0.6 min | eta=9.5 min
[2026-08-14 22:05:56] INFO Epoch 020 | train batch=100/1418 | elapsed=0.7 min | eta=9.4 min
[2026-08-14 22:06:01] INFO Epoch 020 | train batch=110/1418 | elapsed=0.8 min | eta=9.3 min
[2026-08-14 22:06:05] INFO Epoch 020 | train batch=120/1418 | elapsed=0.9 min | eta=9.3 min
[2026-08-14 22:06:09] INFO Epoch 020 | train batch=130/1418 | elapsed=0.9 min | eta=9.2 min
[2026-08-14 22:06:13] INFO Epoch 020 | train batch=140/1418 | elapsed=1.0 min | eta=9.1 min
[2026-08-14 22:06:18] INFO Epoch 020 | train batch=150/1418 | elapsed=1.1 min | eta=9.0 min
[2026-08-14 22:06:22] INFO Epoch 020 | train batch=160/1418 | elapsed=1.1 min | eta=8.9 min
[2026-08-14 22:06:26] INFO Epoch 020 | train batch=170/1418 | elapsed=1.2 min | eta=8.9 min
[2026-08-14 22:06:30] INFO Epoch 020 | train batch=180/1418 | elapsed=1.3 min | eta=8.8 min
[2026-08-14 22:06:35] INFO Epoch 020 | train batch=190/1418 | elapsed=1.4 min | eta=8.8 min
[2026-08-14 22:06:39] INFO Epoch 020 | train batch=200/1418 | elapsed=1.4 min | eta=8.7 min
[2026-08-14 22:06:43] INFO Epoch 020 | train batch=210/1418 | elapsed=1.5 min | eta=8.6 min
[2026-08-14 22:06:48] INFO Epoch 020 | train batch=220/1418 | elapsed=1.6 min | eta=8.5 min
[2026-08-14 22:06:52] INFO Epoch 020 | train batch=230/1418 | elapsed=1.6 min | eta=8.5 min
[2026-08-14 22:06:56] INFO Epoch 020 | train batch=240/1418 | elapsed=1.7 min | eta=8.4 min
[2026-08-14 22:07:01] INFO Epoch 020 | train batch=250/1418 | elapsed=1.8 min | eta=8.3 min
[2026-08-14 22:07:05] INFO Epoch 020 | train batch=260/1418 | elapsed=1.9 min | eta=8.3 min
[2026-08-14 22:07:09] INFO Epoch 020 | train batch=270/1418 | elapsed=1.9 min | eta=8.2 min
[2026-08-14 22:07:14] INFO Epoch 020 | train batch=280/1418 | elapsed=2.0 min | eta=8.1 min
[2026-08-14 22:07:18] INFO Epoch 020 | train batch=290/1418 | elapsed=2.1 min | eta=8.1 min
[2026-08-14 22:07:22] INFO Epoch 020 | train batch=300/1418 | elapsed=2.1 min | eta=8.0 min
[2026-08-14 22:07:26] INFO Epoch 020 | train batch=310/1418 | elapsed=2.2 min | eta=7.9 min
[2026-08-14 22:07:30] INFO Epoch 020 | train batch=320/1418 | elapsed=2.3 min | eta=7.8 min
[2026-08-14 22:07:35] INFO Epoch 020 | train batch=330/1418 | elapsed=2.4 min | eta=7.8 min
[2026-08-14 22:07:39] INFO Epoch 020 | train batch=340/1418 | elapsed=2.4 min | eta=7.7 min
[2026-08-14 22:07:43] INFO Epoch 020 | train batch=350/1418 | elapsed=2.5 min | eta=7.6 min
[2026-08-14 22:07:48] INFO Epoch 020 | train batch=360/1418 | elapsed=2.6 min | eta=7.5 min
[2026-08-14 22:07:52] INFO Epoch 020 | train batch=370/1418 | elapsed=2.6 min | eta=7.5 min
[2026-08-14 22:07:56] INFO Epoch 020 | train batch=380/1418 | elapsed=2.7 min | eta=7.4 min
[2026-08-14 22:08:00] INFO Epoch 020 | train batch=390/1418 | elapsed=2.8 min | eta=7.3 min
[2026-08-14 22:08:04] INFO Epoch 020 | train batch=400/1418 | elapsed=2.8 min | eta=7.3 min
[2026-08-14 22:08:09] INFO Epoch 020 | train batch=410/1418 | elapsed=2.9 min | eta=7.2 min
[2026-08-14 22:08:13] INFO Epoch 020 | train batch=420/1418 | elapsed=3.0 min | eta=7.1 min
[2026-08-14 22:08:17] INFO Epoch 020 | train batch=430/1418 | elapsed=3.1 min | eta=7.0 min
[2026-08-14 22:08:21] INFO Epoch 020 | train batch=440/1418 | elapsed=3.1 min | eta=6.9 min
[2026-08-14 22:08:26] INFO Epoch 020 | train batch=450/1418 | elapsed=3.2 min | eta=6.9 min
[2026-08-14 22:08:30] INFO Epoch 020 | train batch=460/1418 | elapsed=3.3 min | eta=6.8 min
[2026-08-14 22:08:34] INFO Epoch 020 | train batch=470/1418 | elapsed=3.3 min | eta=6.7 min
[2026-08-14 22:08:38] INFO Epoch 020 | train batch=480/1418 | elapsed=3.4 min | eta=6.7 min
[2026-08-14 22:08:43] INFO Epoch 020 | train batch=490/1418 | elapsed=3.5 min | eta=6.6 min
[2026-08-14 22:08:48] INFO Epoch 020 | train batch=500/1418 | elapsed=3.6 min | eta=6.6 min
[2026-08-14 22:08:52] INFO Epoch 020 | train batch=510/1418 | elapsed=3.6 min | eta=6.5 min
[2026-08-14 22:08:56] INFO Epoch 020 | train batch=520/1418 | elapsed=3.7 min | eta=6.4 min
[2026-08-14 22:09:00] INFO Epoch 020 | train batch=530/1418 | elapsed=3.8 min | eta=6.3 min
[2026-08-14 22:09:05] INFO Epoch 020 | train batch=540/1418 | elapsed=3.9 min | eta=6.3 min
[2026-08-14 22:09:09] INFO Epoch 020 | train batch=550/1418 | elapsed=3.9 min | eta=6.2 min
[2026-08-14 22:09:14] INFO Epoch 020 | train batch=560/1418 | elapsed=4.0 min | eta=6.1 min
[2026-08-14 22:09:18] INFO Epoch 020 | train batch=570/1418 | elapsed=4.1 min | eta=6.1 min
[2026-08-14 22:09:22] INFO Epoch 020 | train batch=580/1418 | elapsed=4.1 min | eta=6.0 min
[2026-08-14 22:09:27] INFO Epoch 020 | train batch=590/1418 | elapsed=4.2 min | eta=5.9 min
[2026-08-14 22:09:31] INFO Epoch 020 | train batch=600/1418 | elapsed=4.3 min | eta=5.9 min
[2026-08-14 22:09:35] INFO Epoch 020 | train batch=610/1418 | elapsed=4.4 min | eta=5.8 min
[2026-08-14 22:09:39] INFO Epoch 020 | train batch=620/1418 | elapsed=4.4 min | eta=5.7 min
[2026-08-14 22:09:44] INFO Epoch 020 | train batch=630/1418 | elapsed=4.5 min | eta=5.6 min
[2026-08-14 22:09:48] INFO Epoch 020 | train batch=640/1418 | elapsed=4.6 min | eta=5.6 min
[2026-08-14 22:09:52] INFO Epoch 020 | train batch=650/1418 | elapsed=4.6 min | eta=5.5 min
[2026-08-14 22:09:57] INFO Epoch 020 | train batch=660/1418 | elapsed=4.7 min | eta=5.4 min
[2026-08-14 22:10:01] INFO Epoch 020 | train batch=670/1418 | elapsed=4.8 min | eta=5.3 min
[2026-08-14 22:10:05] INFO Epoch 020 | train batch=680/1418 | elapsed=4.9 min | eta=5.3 min
[2026-08-14 22:10:09] INFO Epoch 020 | train batch=690/1418 | elapsed=4.9 min | eta=5.2 min
[2026-08-14 22:10:14] INFO Epoch 020 | train batch=700/1418 | elapsed=5.0 min | eta=5.1 min
[2026-08-14 22:10:18] INFO Epoch 020 | train batch=710/1418 | elapsed=5.1 min | eta=5.1 min
[2026-08-14 22:10:23] INFO Epoch 020 | train batch=720/1418 | elapsed=5.2 min | eta=5.0 min
[2026-08-14 22:10:27] INFO Epoch 020 | train batch=730/1418 | elapsed=5.2 min | eta=4.9 min
[2026-08-14 22:10:31] INFO Epoch 020 | train batch=740/1418 | elapsed=5.3 min | eta=4.8 min
[2026-08-14 22:10:36] INFO Epoch 020 | train batch=750/1418 | elapsed=5.4 min | eta=4.8 min
[2026-08-14 22:10:40] INFO Epoch 020 | train batch=760/1418 | elapsed=5.4 min | eta=4.7 min
[2026-08-14 22:10:44] INFO Epoch 020 | train batch=770/1418 | elapsed=5.5 min | eta=4.6 min
[2026-08-14 22:10:49] INFO Epoch 020 | train batch=780/1418 | elapsed=5.6 min | eta=4.6 min
[2026-08-14 22:10:53] INFO Epoch 020 | train batch=790/1418 | elapsed=5.7 min | eta=4.5 min
[2026-08-14 22:10:57] INFO Epoch 020 | train batch=800/1418 | elapsed=5.7 min | eta=4.4 min
[2026-08-14 22:11:02] INFO Epoch 020 | train batch=810/1418 | elapsed=5.8 min | eta=4.4 min
[2026-08-14 22:11:06] INFO Epoch 020 | train batch=820/1418 | elapsed=5.9 min | eta=4.3 min
[2026-08-14 22:11:11] INFO Epoch 020 | train batch=830/1418 | elapsed=6.0 min | eta=4.2 min
[2026-08-14 22:11:15] INFO Epoch 020 | train batch=840/1418 | elapsed=6.0 min | eta=4.1 min
[2026-08-14 22:11:20] INFO Epoch 020 | train batch=850/1418 | elapsed=6.1 min | eta=4.1 min
[2026-08-14 22:11:24] INFO Epoch 020 | train batch=860/1418 | elapsed=6.2 min | eta=4.0 min
[2026-08-14 22:11:28] INFO Epoch 020 | train batch=870/1418 | elapsed=6.2 min | eta=3.9 min
[2026-08-14 22:11:33] INFO Epoch 020 | train batch=880/1418 | elapsed=6.3 min | eta=3.9 min
[2026-08-14 22:11:37] INFO Epoch 020 | train batch=890/1418 | elapsed=6.4 min | eta=3.8 min
[2026-08-14 22:11:41] INFO Epoch 020 | train batch=900/1418 | elapsed=6.5 min | eta=3.7 min
[2026-08-14 22:11:45] INFO Epoch 020 | train batch=910/1418 | elapsed=6.5 min | eta=3.6 min
[2026-08-14 22:11:50] INFO Epoch 020 | train batch=920/1418 | elapsed=6.6 min | eta=3.6 min
[2026-08-14 22:11:54] INFO Epoch 020 | train batch=930/1418 | elapsed=6.7 min | eta=3.5 min
[2026-08-14 22:11:59] INFO Epoch 020 | train batch=940/1418 | elapsed=6.8 min | eta=3.4 min
[2026-08-14 22:12:03] INFO Epoch 020 | train batch=950/1418 | elapsed=6.8 min | eta=3.4 min
[2026-08-14 22:12:07] INFO Epoch 020 | train batch=960/1418 | elapsed=6.9 min | eta=3.3 min
[2026-08-14 22:12:11] INFO Epoch 020 | train batch=970/1418 | elapsed=7.0 min | eta=3.2 min
[2026-08-14 22:12:16] INFO Epoch 020 | train batch=980/1418 | elapsed=7.0 min | eta=3.1 min
[2026-08-14 22:12:20] INFO Epoch 020 | train batch=990/1418 | elapsed=7.1 min | eta=3.1 min
[2026-08-14 22:12:24] INFO Epoch 020 | train batch=1000/1418 | elapsed=7.2 min | eta=3.0 min
[2026-08-14 22:12:28] INFO Epoch 020 | train batch=1010/1418 | elapsed=7.2 min | eta=2.9 min
[2026-08-14 22:12:33] INFO Epoch 020 | train batch=1020/1418 | elapsed=7.3 min | eta=2.9 min
[2026-08-14 22:12:38] INFO Epoch 020 | train batch=1030/1418 | elapsed=7.4 min | eta=2.8 min
[2026-08-14 22:12:42] INFO Epoch 020 | train batch=1040/1418 | elapsed=7.5 min | eta=2.7 min
[2026-08-14 22:12:46] INFO Epoch 020 | train batch=1050/1418 | elapsed=7.5 min | eta=2.6 min
[2026-08-14 22:12:51] INFO Epoch 020 | train batch=1060/1418 | elapsed=7.6 min | eta=2.6 min
[2026-08-14 22:12:55] INFO Epoch 020 | train batch=1070/1418 | elapsed=7.7 min | eta=2.5 min
[2026-08-14 22:12:59] INFO Epoch 020 | train batch=1080/1418 | elapsed=7.8 min | eta=2.4 min
[2026-08-14 22:13:03] INFO Epoch 020 | train batch=1090/1418 | elapsed=7.8 min | eta=2.4 min
[2026-08-14 22:13:07] INFO Epoch 020 | train batch=1100/1418 | elapsed=7.9 min | eta=2.3 min
[2026-08-14 22:13:11] INFO Epoch 020 | train batch=1110/1418 | elapsed=8.0 min | eta=2.2 min
[2026-08-14 22:13:16] INFO Epoch 020 | train batch=1120/1418 | elapsed=8.0 min | eta=2.1 min
[2026-08-14 22:13:20] INFO Epoch 020 | train batch=1130/1418 | elapsed=8.1 min | eta=2.1 min
[2026-08-14 22:13:25] INFO Epoch 020 | train batch=1140/1418 | elapsed=8.2 min | eta=2.0 min
[2026-08-14 22:13:29] INFO Epoch 020 | train batch=1150/1418 | elapsed=8.3 min | eta=1.9 min
[2026-08-14 22:13:33] INFO Epoch 020 | train batch=1160/1418 | elapsed=8.3 min | eta=1.9 min
[2026-08-14 22:13:38] INFO Epoch 020 | train batch=1170/1418 | elapsed=8.4 min | eta=1.8 min
[2026-08-14 22:13:42] INFO Epoch 020 | train batch=1180/1418 | elapsed=8.5 min | eta=1.7 min
[2026-08-14 22:13:46] INFO Epoch 020 | train batch=1190/1418 | elapsed=8.5 min | eta=1.6 min
[2026-08-14 22:13:50] INFO Epoch 020 | train batch=1200/1418 | elapsed=8.6 min | eta=1.6 min
[2026-08-14 22:13:55] INFO Epoch 020 | train batch=1210/1418 | elapsed=8.7 min | eta=1.5 min
[2026-08-14 22:13:59] INFO Epoch 020 | train batch=1220/1418 | elapsed=8.8 min | eta=1.4 min
[2026-08-14 22:14:03] INFO Epoch 020 | train batch=1230/1418 | elapsed=8.8 min | eta=1.3 min
[2026-08-14 22:14:08] INFO Epoch 020 | train batch=1240/1418 | elapsed=8.9 min | eta=1.3 min
[2026-08-14 22:14:12] INFO Epoch 020 | train batch=1250/1418 | elapsed=9.0 min | eta=1.2 min
[2026-08-14 22:14:16] INFO Epoch 020 | train batch=1260/1418 | elapsed=9.0 min | eta=1.1 min
[2026-08-14 22:14:20] INFO Epoch 020 | train batch=1270/1418 | elapsed=9.1 min | eta=1.1 min
[2026-08-14 22:14:25] INFO Epoch 020 | train batch=1280/1418 | elapsed=9.2 min | eta=1.0 min
[2026-08-14 22:14:29] INFO Epoch 020 | train batch=1290/1418 | elapsed=9.3 min | eta=0.9 min
[2026-08-14 22:14:33] INFO Epoch 020 | train batch=1300/1418 | elapsed=9.3 min | eta=0.8 min
[2026-08-14 22:14:38] INFO Epoch 020 | train batch=1310/1418 | elapsed=9.4 min | eta=0.8 min
[2026-08-14 22:14:42] INFO Epoch 020 | train batch=1320/1418 | elapsed=9.5 min | eta=0.7 min
[2026-08-14 22:14:47] INFO Epoch 020 | train batch=1330/1418 | elapsed=9.6 min | eta=0.6 min
[2026-08-14 22:14:51] INFO Epoch 020 | train batch=1340/1418 | elapsed=9.6 min | eta=0.6 min
[2026-08-14 22:14:55] INFO Epoch 020 | train batch=1350/1418 | elapsed=9.7 min | eta=0.5 min
[2026-08-14 22:14:59] INFO Epoch 020 | train batch=1360/1418 | elapsed=9.8 min | eta=0.4 min
[2026-08-14 22:15:04] INFO Epoch 020 | train batch=1370/1418 | elapsed=9.8 min | eta=0.3 min
[2026-08-14 22:15:08] INFO Epoch 020 | train batch=1380/1418 | elapsed=9.9 min | eta=0.3 min
[2026-08-14 22:15:12] INFO Epoch 020 | train batch=1390/1418 | elapsed=10.0 min | eta=0.2 min
[2026-08-14 22:15:16] INFO Epoch 020 | train batch=1400/1418 | elapsed=10.0 min | eta=0.1 min
[2026-08-14 22:15:20] INFO Epoch 020 | train batch=1410/1418 | elapsed=10.1 min | eta=0.1 min
[2026-08-14 22:15:24] INFO Epoch 020 | train batch=1418/1418 | elapsed=10.2 min | eta=0.0 min
[2026-08-14 22:15:24] INFO Epoch 020 | val batch=1/188 | elapsed=0.0 min | eta=0.4 min
[2026-08-14 22:15:26] INFO Epoch 020 | val batch=10/188 | elapsed=0.0 min | eta=0.6 min
[2026-08-14 22:15:28] INFO Epoch 020 | val batch=20/188 | elapsed=0.1 min | eta=0.5 min
[2026-08-14 22:15:29] INFO Epoch 020 | val batch=30/188 | elapsed=0.1 min | eta=0.5 min
[2026-08-14 22:15:31] INFO Epoch 020 | val batch=40/188 | elapsed=0.1 min | eta=0.5 min
[2026-08-14 22:15:33] INFO Epoch 020 | val batch=50/188 | elapsed=0.2 min | eta=0.4 min
[2026-08-14 22:15:35] INFO Epoch 020 | val batch=60/188 | elapsed=0.2 min | eta=0.4 min
[2026-08-14 22:15:37] INFO Epoch 020 | val batch=70/188 | elapsed=0.2 min | eta=0.4 min
[2026-08-14 22:15:39] INFO Epoch 020 | val batch=80/188 | elapsed=0.2 min | eta=0.3 min
[2026-08-14 22:15:41] INFO Epoch 020 | val batch=90/188 | elapsed=0.3 min | eta=0.3 min
[2026-08-14 22:15:42] INFO Epoch 020 | val batch=100/188 | elapsed=0.3 min | eta=0.3 min
[2026-08-14 22:15:44] INFO Epoch 020 | val batch=110/188 | elapsed=0.3 min | eta=0.2 min
[2026-08-14 22:15:46] INFO Epoch 020 | val batch=120/188 | elapsed=0.4 min | eta=0.2 min
[2026-08-14 22:15:48] INFO Epoch 020 | val batch=130/188 | elapsed=0.4 min | eta=0.2 min
[2026-08-14 22:15:50] INFO Epoch 020 | val batch=140/188 | elapsed=0.4 min | eta=0.1 min
[2026-08-14 22:15:52] INFO Epoch 020 | val batch=150/188 | elapsed=0.5 min | eta=0.1 min
[2026-08-14 22:15:53] INFO Epoch 020 | val batch=160/188 | elapsed=0.5 min | eta=0.1 min
[2026-08-14 22:15:55] INFO Epoch 020 | val batch=170/188 | elapsed=0.5 min | eta=0.1 min
[2026-08-14 22:15:57] INFO Epoch 020 | val batch=180/188 | elapsed=0.6 min | eta=0.0 min
[2026-08-14 22:15:58] INFO Epoch 020 | val batch=188/188 | elapsed=0.6 min | eta=0.0 min
[2026-08-14 22:15:58] INFO Epoch 020 | train_total=0.450372 | val_total=0.454756 | val_mask=0.235978 | val_retrieval=2.187777 | val_profile=0.000000 | val_anchors=604396 | val_positive_pairs=0 | val_hard_negatives=0 | val_relation_candidates=7268824 | val_teacher_keff=3.787 | val_student_keff=8.192 | val_adapter_valid=0.000 | val_adapter_gate=0.000 | val_adapter_spatial_gate=0.000 | val_adapter_ratio=0.000000 | val_adapter_modulation=0.000000 | val_adapter_modulation_std=0.000000 | val_adapter_group_gate_std=0.000000 | val_adapter_low_rank=0.000000 | val_adapter_direct=0.000000 | val_masked_positions=42173756 | skipped(train/val)=0/0
[2026-08-14 22:15:58] INFO Epoch 021/050 started | train_batches=1418 | val_batches=188
[2026-08-14 22:15:59] INFO Epoch 021 | train batch=1/1418 | elapsed=0.0 min | eta=11.2 min
[2026-08-14 22:16:03] INFO Epoch 021 | train batch=10/1418 | elapsed=0.1 min | eta=10.8 min
[2026-08-14 22:16:07] INFO Epoch 021 | train batch=20/1418 | elapsed=0.1 min | eta=10.5 min
[2026-08-14 22:16:12] INFO Epoch 021 | train batch=30/1418 | elapsed=0.2 min | eta=10.2 min
[2026-08-14 22:16:16] INFO Epoch 021 | train batch=40/1418 | elapsed=0.3 min | eta=10.0 min
[2026-08-14 22:16:20] INFO Epoch 021 | train batch=50/1418 | elapsed=0.4 min | eta=9.9 min
[2026-08-14 22:16:24] INFO Epoch 021 | train batch=60/1418 | elapsed=0.4 min | eta=9.8 min
[2026-08-14 22:16:29] INFO Epoch 021 | train batch=70/1418 | elapsed=0.5 min | eta=9.7 min
[2026-08-14 22:16:33] INFO Epoch 021 | train batch=80/1418 | elapsed=0.6 min | eta=9.6 min
[2026-08-14 22:16:38] INFO Epoch 021 | train batch=90/1418 | elapsed=0.7 min | eta=9.7 min
[2026-08-14 22:16:42] INFO Epoch 021 | train batch=100/1418 | elapsed=0.7 min | eta=9.6 min
[2026-08-14 22:16:46] INFO Epoch 021 | train batch=110/1418 | elapsed=0.8 min | eta=9.5 min
[2026-08-14 22:16:51] INFO Epoch 021 | train batch=120/1418 | elapsed=0.9 min | eta=9.4 min
[2026-08-14 22:16:55] INFO Epoch 021 | train batch=130/1418 | elapsed=0.9 min | eta=9.3 min
[2026-08-14 22:16:59] INFO Epoch 021 | train batch=140/1418 | elapsed=1.0 min | eta=9.3 min
[2026-08-14 22:17:04] INFO Epoch 021 | train batch=150/1418 | elapsed=1.1 min | eta=9.2 min
[2026-08-14 22:17:08] INFO Epoch 021 | train batch=160/1418 | elapsed=1.2 min | eta=9.1 min
[2026-08-14 22:17:13] INFO Epoch 021 | train batch=170/1418 | elapsed=1.2 min | eta=9.1 min
[2026-08-14 22:17:17] INFO Epoch 021 | train batch=180/1418 | elapsed=1.3 min | eta=9.0 min
[2026-08-14 22:17:21] INFO Epoch 021 | train batch=190/1418 | elapsed=1.4 min | eta=8.9 min
[2026-08-14 22:17:26] INFO Epoch 021 | train batch=200/1418 | elapsed=1.5 min | eta=8.8 min
[2026-08-14 22:17:30] INFO Epoch 021 | train batch=210/1418 | elapsed=1.5 min | eta=8.8 min
[2026-08-14 22:17:34] INFO Epoch 021 | train batch=220/1418 | elapsed=1.6 min | eta=8.7 min
[2026-08-14 22:17:39] INFO Epoch 021 | train batch=230/1418 | elapsed=1.7 min | eta=8.6 min
[2026-08-14 22:17:43] INFO Epoch 021 | train batch=240/1418 | elapsed=1.7 min | eta=8.5 min
[2026-08-14 22:17:47] INFO Epoch 021 | train batch=250/1418 | elapsed=1.8 min | eta=8.5 min
[2026-08-14 22:17:52] INFO Epoch 021 | train batch=260/1418 | elapsed=1.9 min | eta=8.4 min
[2026-08-14 22:17:56] INFO Epoch 021 | train batch=270/1418 | elapsed=2.0 min | eta=8.3 min
[2026-08-14 22:18:00] INFO Epoch 021 | train batch=280/1418 | elapsed=2.0 min | eta=8.3 min
[2026-08-14 22:18:05] INFO Epoch 021 | train batch=290/1418 | elapsed=2.1 min | eta=8.2 min
[2026-08-14 22:18:09] INFO Epoch 021 | train batch=300/1418 | elapsed=2.2 min | eta=8.1 min
[2026-08-14 22:18:14] INFO Epoch 021 | train batch=310/1418 | elapsed=2.3 min | eta=8.1 min
[2026-08-14 22:18:18] INFO Epoch 021 | train batch=320/1418 | elapsed=2.3 min | eta=8.0 min
[2026-08-14 22:18:22] INFO Epoch 021 | train batch=330/1418 | elapsed=2.4 min | eta=7.9 min
[2026-08-14 22:18:26] INFO Epoch 021 | train batch=340/1418 | elapsed=2.5 min | eta=7.8 min
[2026-08-14 22:18:31] INFO Epoch 021 | train batch=350/1418 | elapsed=2.5 min | eta=7.7 min
[2026-08-14 22:18:35] INFO Epoch 021 | train batch=360/1418 | elapsed=2.6 min | eta=7.7 min
[2026-08-14 22:18:39] INFO Epoch 021 | train batch=370/1418 | elapsed=2.7 min | eta=7.6 min
[2026-08-14 22:18:43] INFO Epoch 021 | train batch=380/1418 | elapsed=2.7 min | eta=7.5 min
[2026-08-14 22:18:48] INFO Epoch 021 | train batch=390/1418 | elapsed=2.8 min | eta=7.4 min
[2026-08-14 22:18:52] INFO Epoch 021 | train batch=400/1418 | elapsed=2.9 min | eta=7.3 min
[2026-08-14 22:18:56] INFO Epoch 021 | train batch=410/1418 | elapsed=3.0 min | eta=7.3 min
[2026-08-14 22:19:00] INFO Epoch 021 | train batch=420/1418 | elapsed=3.0 min | eta=7.2 min
[2026-08-14 22:19:05] INFO Epoch 021 | train batch=430/1418 | elapsed=3.1 min | eta=7.1 min
[2026-08-14 22:19:09] INFO Epoch 021 | train batch=440/1418 | elapsed=3.2 min | eta=7.1 min
[2026-08-14 22:19:13] INFO Epoch 021 | train batch=450/1418 | elapsed=3.2 min | eta=7.0 min
[2026-08-14 22:19:18] INFO Epoch 021 | train batch=460/1418 | elapsed=3.3 min | eta=6.9 min
[2026-08-14 22:19:22] INFO Epoch 021 | train batch=470/1418 | elapsed=3.4 min | eta=6.8 min
[2026-08-14 22:19:26] INFO Epoch 021 | train batch=480/1418 | elapsed=3.5 min | eta=6.8 min
[2026-08-14 22:19:31] INFO Epoch 021 | train batch=490/1418 | elapsed=3.5 min | eta=6.7 min
[2026-08-14 22:19:35] INFO Epoch 021 | train batch=500/1418 | elapsed=3.6 min | eta=6.6 min
[2026-08-14 22:19:39] INFO Epoch 021 | train batch=510/1418 | elapsed=3.7 min | eta=6.6 min
[2026-08-14 22:19:44] INFO Epoch 021 | train batch=520/1418 | elapsed=3.8 min | eta=6.5 min
[2026-08-14 22:19:48] INFO Epoch 021 | train batch=530/1418 | elapsed=3.8 min | eta=6.4 min
[2026-08-14 22:19:52] INFO Epoch 021 | train batch=540/1418 | elapsed=3.9 min | eta=6.3 min
[2026-08-14 22:19:56] INFO Epoch 021 | train batch=550/1418 | elapsed=4.0 min | eta=6.3 min
[2026-08-14 22:20:01] INFO Epoch 021 | train batch=560/1418 | elapsed=4.0 min | eta=6.2 min
[2026-08-14 22:20:05] INFO Epoch 021 | train batch=570/1418 | elapsed=4.1 min | eta=6.1 min
[2026-08-14 22:20:10] INFO Epoch 021 | train batch=580/1418 | elapsed=4.2 min | eta=6.0 min
[2026-08-14 22:20:14] INFO Epoch 021 | train batch=590/1418 | elapsed=4.3 min | eta=6.0 min
[2026-08-14 22:20:18] INFO Epoch 021 | train batch=600/1418 | elapsed=4.3 min | eta=5.9 min
[2026-08-14 22:20:23] INFO Epoch 021 | train batch=610/1418 | elapsed=4.4 min | eta=5.8 min
[2026-08-14 22:20:27] INFO Epoch 021 | train batch=620/1418 | elapsed=4.5 min | eta=5.8 min
[2026-08-14 22:20:31] INFO Epoch 021 | train batch=630/1418 | elapsed=4.5 min | eta=5.7 min
[2026-08-14 22:20:35] INFO Epoch 021 | train batch=640/1418 | elapsed=4.6 min | eta=5.6 min
[2026-08-14 22:20:40] INFO Epoch 021 | train batch=650/1418 | elapsed=4.7 min | eta=5.5 min
[2026-08-14 22:20:44] INFO Epoch 021 | train batch=660/1418 | elapsed=4.8 min | eta=5.5 min
[2026-08-14 22:20:48] INFO Epoch 021 | train batch=670/1418 | elapsed=4.8 min | eta=5.4 min
[2026-08-14 22:20:53] INFO Epoch 021 | train batch=680/1418 | elapsed=4.9 min | eta=5.3 min
[2026-08-14 22:20:57] INFO Epoch 021 | train batch=690/1418 | elapsed=5.0 min | eta=5.2 min
[2026-08-14 22:21:01] INFO Epoch 021 | train batch=700/1418 | elapsed=5.0 min | eta=5.2 min
[2026-08-14 22:21:05] INFO Epoch 021 | train batch=710/1418 | elapsed=5.1 min | eta=5.1 min
[2026-08-14 22:21:10] INFO Epoch 021 | train batch=720/1418 | elapsed=5.2 min | eta=5.0 min
[2026-08-14 22:21:14] INFO Epoch 021 | train batch=730/1418 | elapsed=5.3 min | eta=5.0 min
[2026-08-14 22:21:18] INFO Epoch 021 | train batch=740/1418 | elapsed=5.3 min | eta=4.9 min
[2026-08-14 22:21:23] INFO Epoch 021 | train batch=750/1418 | elapsed=5.4 min | eta=4.8 min
[2026-08-14 22:21:27] INFO Epoch 021 | train batch=760/1418 | elapsed=5.5 min | eta=4.7 min
[2026-08-14 22:21:31] INFO Epoch 021 | train batch=770/1418 | elapsed=5.5 min | eta=4.7 min
[2026-08-14 22:21:35] INFO Epoch 021 | train batch=780/1418 | elapsed=5.6 min | eta=4.6 min
[2026-08-14 22:21:39] INFO Epoch 021 | train batch=790/1418 | elapsed=5.7 min | eta=4.5 min
[2026-08-14 22:21:44] INFO Epoch 021 | train batch=800/1418 | elapsed=5.8 min | eta=4.4 min
[2026-08-14 22:21:48] INFO Epoch 021 | train batch=810/1418 | elapsed=5.8 min | eta=4.4 min
[2026-08-14 22:21:52] INFO Epoch 021 | train batch=820/1418 | elapsed=5.9 min | eta=4.3 min
[2026-08-14 22:21:57] INFO Epoch 021 | train batch=830/1418 | elapsed=6.0 min | eta=4.2 min
[2026-08-14 22:22:01] INFO Epoch 021 | train batch=840/1418 | elapsed=6.0 min | eta=4.2 min
[2026-08-14 22:22:06] INFO Epoch 021 | train batch=850/1418 | elapsed=6.1 min | eta=4.1 min
[2026-08-14 22:22:10] INFO Epoch 021 | train batch=860/1418 | elapsed=6.2 min | eta=4.0 min
[2026-08-14 22:22:15] INFO Epoch 021 | train batch=870/1418 | elapsed=6.3 min | eta=3.9 min
[2026-08-14 22:22:19] INFO Epoch 021 | train batch=880/1418 | elapsed=6.3 min | eta=3.9 min
[2026-08-14 22:22:23] INFO Epoch 021 | train batch=890/1418 | elapsed=6.4 min | eta=3.8 min
[2026-08-14 22:22:28] INFO Epoch 021 | train batch=900/1418 | elapsed=6.5 min | eta=3.7 min
[2026-08-14 22:22:32] INFO Epoch 021 | train batch=910/1418 | elapsed=6.6 min | eta=3.7 min
[2026-08-14 22:22:36] INFO Epoch 021 | train batch=920/1418 | elapsed=6.6 min | eta=3.6 min
[2026-08-14 22:22:40] INFO Epoch 021 | train batch=930/1418 | elapsed=6.7 min | eta=3.5 min
[2026-08-14 22:22:45] INFO Epoch 021 | train batch=940/1418 | elapsed=6.8 min | eta=3.4 min
[2026-08-14 22:22:49] INFO Epoch 021 | train batch=950/1418 | elapsed=6.8 min | eta=3.4 min
[2026-08-14 22:22:53] INFO Epoch 021 | train batch=960/1418 | elapsed=6.9 min | eta=3.3 min
[2026-08-14 22:22:57] INFO Epoch 021 | train batch=970/1418 | elapsed=7.0 min | eta=3.2 min
[2026-08-14 22:23:02] INFO Epoch 021 | train batch=980/1418 | elapsed=7.1 min | eta=3.2 min
[2026-08-14 22:23:06] INFO Epoch 021 | train batch=990/1418 | elapsed=7.1 min | eta=3.1 min
[2026-08-14 22:23:09] INFO Epoch 021 | train batch=1000/1418 | elapsed=7.2 min | eta=3.0 min
[2026-08-14 22:23:14] INFO Epoch 021 | train batch=1010/1418 | elapsed=7.3 min | eta=2.9 min
[2026-08-14 22:23:18] INFO Epoch 021 | train batch=1020/1418 | elapsed=7.3 min | eta=2.9 min
[2026-08-14 22:23:22] INFO Epoch 021 | train batch=1030/1418 | elapsed=7.4 min | eta=2.8 min
[2026-08-14 22:23:26] INFO Epoch 021 | train batch=1040/1418 | elapsed=7.5 min | eta=2.7 min
[2026-08-14 22:23:31] INFO Epoch 021 | train batch=1050/1418 | elapsed=7.5 min | eta=2.6 min
[2026-08-14 22:23:35] INFO Epoch 021 | train batch=1060/1418 | elapsed=7.6 min | eta=2.6 min
[2026-08-14 22:23:39] INFO Epoch 021 | train batch=1070/1418 | elapsed=7.7 min | eta=2.5 min
[2026-08-14 22:23:43] INFO Epoch 021 | train batch=1080/1418 | elapsed=7.7 min | eta=2.4 min
[2026-08-14 22:23:48] INFO Epoch 021 | train batch=1090/1418 | elapsed=7.8 min | eta=2.4 min
[2026-08-14 22:23:52] INFO Epoch 021 | train batch=1100/1418 | elapsed=7.9 min | eta=2.3 min
[2026-08-14 22:23:56] INFO Epoch 021 | train batch=1110/1418 | elapsed=8.0 min | eta=2.2 min
[2026-08-14 22:24:01] INFO Epoch 021 | train batch=1120/1418 | elapsed=8.0 min | eta=2.1 min
[2026-08-14 22:24:05] INFO Epoch 021 | train batch=1130/1418 | elapsed=8.1 min | eta=2.1 min
[2026-08-14 22:24:09] INFO Epoch 021 | train batch=1140/1418 | elapsed=8.2 min | eta=2.0 min
[2026-08-14 22:24:14] INFO Epoch 021 | train batch=1150/1418 | elapsed=8.3 min | eta=1.9 min
[2026-08-14 22:24:18] INFO Epoch 021 | train batch=1160/1418 | elapsed=8.3 min | eta=1.9 min
[2026-08-14 22:24:22] INFO Epoch 021 | train batch=1170/1418 | elapsed=8.4 min | eta=1.8 min
[2026-08-14 22:24:26] INFO Epoch 021 | train batch=1180/1418 | elapsed=8.5 min | eta=1.7 min
[2026-08-14 22:24:30] INFO Epoch 021 | train batch=1190/1418 | elapsed=8.5 min | eta=1.6 min
[2026-08-14 22:24:34] INFO Epoch 021 | train batch=1200/1418 | elapsed=8.6 min | eta=1.6 min
[2026-08-14 22:24:38] INFO Epoch 021 | train batch=1210/1418 | elapsed=8.7 min | eta=1.5 min
[2026-08-14 22:24:43] INFO Epoch 021 | train batch=1220/1418 | elapsed=8.7 min | eta=1.4 min
[2026-08-14 22:24:47] INFO Epoch 021 | train batch=1230/1418 | elapsed=8.8 min | eta=1.3 min
[2026-08-14 22:24:51] INFO Epoch 021 | train batch=1240/1418 | elapsed=8.9 min | eta=1.3 min
[2026-08-14 22:24:56] INFO Epoch 021 | train batch=1250/1418 | elapsed=9.0 min | eta=1.2 min
[2026-08-14 22:25:00] INFO Epoch 021 | train batch=1260/1418 | elapsed=9.0 min | eta=1.1 min
[2026-08-14 22:25:05] INFO Epoch 021 | train batch=1270/1418 | elapsed=9.1 min | eta=1.1 min
[2026-08-14 22:25:09] INFO Epoch 021 | train batch=1280/1418 | elapsed=9.2 min | eta=1.0 min
[2026-08-14 22:25:13] INFO Epoch 021 | train batch=1290/1418 | elapsed=9.2 min | eta=0.9 min
[2026-08-14 22:25:17] INFO Epoch 021 | train batch=1300/1418 | elapsed=9.3 min | eta=0.8 min
[2026-08-14 22:25:21] INFO Epoch 021 | train batch=1310/1418 | elapsed=9.4 min | eta=0.8 min
[2026-08-14 22:25:26] INFO Epoch 021 | train batch=1320/1418 | elapsed=9.5 min | eta=0.7 min
[2026-08-14 22:25:30] INFO Epoch 021 | train batch=1330/1418 | elapsed=9.5 min | eta=0.6 min
[2026-08-14 22:25:35] INFO Epoch 021 | train batch=1340/1418 | elapsed=9.6 min | eta=0.6 min
[2026-08-14 22:25:39] INFO Epoch 021 | train batch=1350/1418 | elapsed=9.7 min | eta=0.5 min
[2026-08-14 22:25:43] INFO Epoch 021 | train batch=1360/1418 | elapsed=9.7 min | eta=0.4 min
[2026-08-14 22:25:47] INFO Epoch 021 | train batch=1370/1418 | elapsed=9.8 min | eta=0.3 min
[2026-08-14 22:25:52] INFO Epoch 021 | train batch=1380/1418 | elapsed=9.9 min | eta=0.3 min
[2026-08-14 22:25:56] INFO Epoch 021 | train batch=1390/1418 | elapsed=10.0 min | eta=0.2 min
[2026-08-14 22:26:00] INFO Epoch 021 | train batch=1400/1418 | elapsed=10.0 min | eta=0.1 min
[2026-08-14 22:26:05] INFO Epoch 021 | train batch=1410/1418 | elapsed=10.1 min | eta=0.1 min
[2026-08-14 22:26:08] INFO Epoch 021 | train batch=1418/1418 | elapsed=10.2 min | eta=0.0 min
[2026-08-14 22:26:08] INFO Epoch 021 | val batch=1/188 | elapsed=0.0 min | eta=0.4 min
[2026-08-14 22:26:10] INFO Epoch 021 | val batch=10/188 | elapsed=0.0 min | eta=0.6 min
[2026-08-14 22:26:12] INFO Epoch 021 | val batch=20/188 | elapsed=0.1 min | eta=0.5 min
[2026-08-14 22:26:14] INFO Epoch 021 | val batch=30/188 | elapsed=0.1 min | eta=0.5 min
[2026-08-14 22:26:16] INFO Epoch 021 | val batch=40/188 | elapsed=0.1 min | eta=0.5 min
[2026-08-14 22:26:17] INFO Epoch 021 | val batch=50/188 | elapsed=0.2 min | eta=0.4 min
[2026-08-14 22:26:19] INFO Epoch 021 | val batch=60/188 | elapsed=0.2 min | eta=0.4 min
[2026-08-14 22:26:21] INFO Epoch 021 | val batch=70/188 | elapsed=0.2 min | eta=0.4 min
[2026-08-14 22:26:23] INFO Epoch 021 | val batch=80/188 | elapsed=0.2 min | eta=0.3 min
[2026-08-14 22:26:25] INFO Epoch 021 | val batch=90/188 | elapsed=0.3 min | eta=0.3 min
[2026-08-14 22:26:27] INFO Epoch 021 | val batch=100/188 | elapsed=0.3 min | eta=0.3 min
[2026-08-14 22:26:29] INFO Epoch 021 | val batch=110/188 | elapsed=0.3 min | eta=0.2 min
[2026-08-14 22:26:30] INFO Epoch 021 | val batch=120/188 | elapsed=0.4 min | eta=0.2 min
[2026-08-14 22:26:32] INFO Epoch 021 | val batch=130/188 | elapsed=0.4 min | eta=0.2 min
[2026-08-14 22:26:34] INFO Epoch 021 | val batch=140/188 | elapsed=0.4 min | eta=0.1 min
[2026-08-14 22:26:36] INFO Epoch 021 | val batch=150/188 | elapsed=0.5 min | eta=0.1 min
[2026-08-14 22:26:38] INFO Epoch 021 | val batch=160/188 | elapsed=0.5 min | eta=0.1 min
[2026-08-14 22:26:40] INFO Epoch 021 | val batch=170/188 | elapsed=0.5 min | eta=0.1 min
[2026-08-14 22:26:42] INFO Epoch 021 | val batch=180/188 | elapsed=0.6 min | eta=0.0 min
[2026-08-14 22:26:43] INFO Epoch 021 | val batch=188/188 | elapsed=0.6 min | eta=0.0 min
[2026-08-14 22:26:43] INFO Epoch 021 | train_total=0.454996 | val_total=0.441599 | val_mask=0.223314 | val_retrieval=2.182843 | val_profile=0.000000 | val_anchors=604396 | val_positive_pairs=0 | val_hard_negatives=0 | val_relation_candidates=7268824 | val_teacher_keff=3.787 | val_student_keff=8.045 | val_adapter_valid=0.000 | val_adapter_gate=0.000 | val_adapter_spatial_gate=0.000 | val_adapter_ratio=0.000000 | val_adapter_modulation=0.000000 | val_adapter_modulation_std=0.000000 | val_adapter_group_gate_std=0.000000 | val_adapter_low_rank=0.000000 | val_adapter_direct=0.000000 | val_masked_positions=42219633 | skipped(train/val)=0/0
[2026-08-14 22:26:43] INFO Checkpoint updated | epoch=21 | best_val=0.441599 | path=C:\Users\clw\projects\researchRep\STAnchor-BlockMemory\artifacts\metrla_e5_final_latent48_global288_seed42\pretrain_best.pt
[2026-08-14 22:26:43] INFO Epoch 022/050 started | train_batches=1418 | val_batches=188
[2026-08-14 22:26:43] INFO Epoch 022 | train batch=1/1418 | elapsed=0.0 min | eta=9.0 min
[2026-08-14 22:26:47] INFO Epoch 022 | train batch=10/1418 | elapsed=0.1 min | eta=10.1 min
[2026-08-14 22:26:52] INFO Epoch 022 | train batch=20/1418 | elapsed=0.1 min | eta=10.2 min
[2026-08-14 22:26:56] INFO Epoch 022 | train batch=30/1418 | elapsed=0.2 min | eta=10.2 min
[2026-08-14 22:27:00] INFO Epoch 022 | train batch=40/1418 | elapsed=0.3 min | eta=10.0 min
[2026-08-14 22:27:05] INFO Epoch 022 | train batch=50/1418 | elapsed=0.4 min | eta=9.9 min
[2026-08-14 22:27:09] INFO Epoch 022 | train batch=60/1418 | elapsed=0.4 min | eta=9.7 min
[2026-08-14 22:27:13] INFO Epoch 022 | train batch=70/1418 | elapsed=0.5 min | eta=9.7 min
[2026-08-14 22:27:17] INFO Epoch 022 | train batch=80/1418 | elapsed=0.6 min | eta=9.6 min
[2026-08-14 22:27:22] INFO Epoch 022 | train batch=90/1418 | elapsed=0.6 min | eta=9.5 min
[2026-08-14 22:27:26] INFO Epoch 022 | train batch=100/1418 | elapsed=0.7 min | eta=9.4 min
[2026-08-14 22:27:30] INFO Epoch 022 | train batch=110/1418 | elapsed=0.8 min | eta=9.3 min
[2026-08-14 22:27:34] INFO Epoch 022 | train batch=120/1418 | elapsed=0.9 min | eta=9.2 min
[2026-08-14 22:27:39] INFO Epoch 022 | train batch=130/1418 | elapsed=0.9 min | eta=9.2 min
[2026-08-14 22:27:43] INFO Epoch 022 | train batch=140/1418 | elapsed=1.0 min | eta=9.2 min
[2026-08-14 22:27:48] INFO Epoch 022 | train batch=150/1418 | elapsed=1.1 min | eta=9.1 min
[2026-08-14 22:27:52] INFO Epoch 022 | train batch=160/1418 | elapsed=1.1 min | eta=9.0 min
[2026-08-14 22:27:56] INFO Epoch 022 | train batch=170/1418 | elapsed=1.2 min | eta=8.9 min
[2026-08-14 22:28:00] INFO Epoch 022 | train batch=180/1418 | elapsed=1.3 min | eta=8.9 min
[2026-08-14 22:28:05] INFO Epoch 022 | train batch=190/1418 | elapsed=1.4 min | eta=8.8 min
[2026-08-14 22:28:09] INFO Epoch 022 | train batch=200/1418 | elapsed=1.4 min | eta=8.7 min
[2026-08-14 22:28:13] INFO Epoch 022 | train batch=210/1418 | elapsed=1.5 min | eta=8.7 min
[2026-08-14 22:28:18] INFO Epoch 022 | train batch=220/1418 | elapsed=1.6 min | eta=8.6 min
[2026-08-14 22:28:22] INFO Epoch 022 | train batch=230/1418 | elapsed=1.7 min | eta=8.6 min
[2026-08-14 22:28:26] INFO Epoch 022 | train batch=240/1418 | elapsed=1.7 min | eta=8.5 min
[2026-08-14 22:28:31] INFO Epoch 022 | train batch=250/1418 | elapsed=1.8 min | eta=8.4 min
[2026-08-14 22:28:35] INFO Epoch 022 | train batch=260/1418 | elapsed=1.9 min | eta=8.3 min
[2026-08-14 22:28:39] INFO Epoch 022 | train batch=270/1418 | elapsed=1.9 min | eta=8.2 min
[2026-08-14 22:28:44] INFO Epoch 022 | train batch=280/1418 | elapsed=2.0 min | eta=8.2 min
[2026-08-14 22:28:48] INFO Epoch 022 | train batch=290/1418 | elapsed=2.1 min | eta=8.1 min
[2026-08-14 22:28:52] INFO Epoch 022 | train batch=300/1418 | elapsed=2.2 min | eta=8.0 min
[2026-08-14 22:28:56] INFO Epoch 022 | train batch=310/1418 | elapsed=2.2 min | eta=7.9 min
[2026-08-14 22:29:00] INFO Epoch 022 | train batch=320/1418 | elapsed=2.3 min | eta=7.9 min
[2026-08-14 22:29:05] INFO Epoch 022 | train batch=330/1418 | elapsed=2.4 min | eta=7.8 min
[2026-08-14 22:29:09] INFO Epoch 022 | train batch=340/1418 | elapsed=2.4 min | eta=7.7 min
[2026-08-14 22:29:13] INFO Epoch 022 | train batch=350/1418 | elapsed=2.5 min | eta=7.6 min
[2026-08-14 22:29:17] INFO Epoch 022 | train batch=360/1418 | elapsed=2.6 min | eta=7.6 min
[2026-08-14 22:29:22] INFO Epoch 022 | train batch=370/1418 | elapsed=2.6 min | eta=7.5 min
[2026-08-14 22:29:26] INFO Epoch 022 | train batch=380/1418 | elapsed=2.7 min | eta=7.4 min
[2026-08-14 22:29:30] INFO Epoch 022 | train batch=390/1418 | elapsed=2.8 min | eta=7.4 min
[2026-08-14 22:29:34] INFO Epoch 022 | train batch=400/1418 | elapsed=2.9 min | eta=7.3 min
[2026-08-14 22:29:39] INFO Epoch 022 | train batch=410/1418 | elapsed=2.9 min | eta=7.2 min
[2026-08-14 22:29:43] INFO Epoch 022 | train batch=420/1418 | elapsed=3.0 min | eta=7.1 min
[2026-08-14 22:29:47] INFO Epoch 022 | train batch=430/1418 | elapsed=3.1 min | eta=7.0 min
[2026-08-14 22:29:52] INFO Epoch 022 | train batch=440/1418 | elapsed=3.1 min | eta=7.0 min
[2026-08-14 22:29:56] INFO Epoch 022 | train batch=450/1418 | elapsed=3.2 min | eta=6.9 min
[2026-08-14 22:30:00] INFO Epoch 022 | train batch=460/1418 | elapsed=3.3 min | eta=6.8 min
[2026-08-14 22:30:05] INFO Epoch 022 | train batch=470/1418 | elapsed=3.4 min | eta=6.8 min
[2026-08-14 22:30:09] INFO Epoch 022 | train batch=480/1418 | elapsed=3.4 min | eta=6.7 min
[2026-08-14 22:30:13] INFO Epoch 022 | train batch=490/1418 | elapsed=3.5 min | eta=6.6 min
[2026-08-14 22:30:18] INFO Epoch 022 | train batch=500/1418 | elapsed=3.6 min | eta=6.6 min
[2026-08-14 22:30:22] INFO Epoch 022 | train batch=510/1418 | elapsed=3.6 min | eta=6.5 min
[2026-08-14 22:30:26] INFO Epoch 022 | train batch=520/1418 | elapsed=3.7 min | eta=6.4 min
[2026-08-14 22:30:30] INFO Epoch 022 | train batch=530/1418 | elapsed=3.8 min | eta=6.3 min
[2026-08-14 22:30:34] INFO Epoch 022 | train batch=540/1418 | elapsed=3.9 min | eta=6.3 min
[2026-08-14 22:30:39] INFO Epoch 022 | train batch=550/1418 | elapsed=3.9 min | eta=6.2 min
[2026-08-14 22:30:43] INFO Epoch 022 | train batch=560/1418 | elapsed=4.0 min | eta=6.1 min
[2026-08-14 22:30:47] INFO Epoch 022 | train batch=570/1418 | elapsed=4.1 min | eta=6.1 min
[2026-08-14 22:30:51] INFO Epoch 022 | train batch=580/1418 | elapsed=4.1 min | eta=6.0 min
[2026-08-14 22:30:55] INFO Epoch 022 | train batch=590/1418 | elapsed=4.2 min | eta=5.9 min
[2026-08-14 22:31:00] INFO Epoch 022 | train batch=600/1418 | elapsed=4.3 min | eta=5.8 min
[2026-08-14 22:31:04] INFO Epoch 022 | train batch=610/1418 | elapsed=4.4 min | eta=5.8 min
[2026-08-14 22:31:08] INFO Epoch 022 | train batch=620/1418 | elapsed=4.4 min | eta=5.7 min
[2026-08-14 22:31:13] INFO Epoch 022 | train batch=630/1418 | elapsed=4.5 min | eta=5.6 min
[2026-08-14 22:31:17] INFO Epoch 022 | train batch=640/1418 | elapsed=4.6 min | eta=5.6 min
[2026-08-14 22:31:22] INFO Epoch 022 | train batch=650/1418 | elapsed=4.6 min | eta=5.5 min
[2026-08-14 22:31:26] INFO Epoch 022 | train batch=660/1418 | elapsed=4.7 min | eta=5.4 min
[2026-08-14 22:31:30] INFO Epoch 022 | train batch=670/1418 | elapsed=4.8 min | eta=5.3 min
[2026-08-14 22:31:35] INFO Epoch 022 | train batch=680/1418 | elapsed=4.9 min | eta=5.3 min
[2026-08-14 22:31:39] INFO Epoch 022 | train batch=690/1418 | elapsed=4.9 min | eta=5.2 min
[2026-08-14 22:31:43] INFO Epoch 022 | train batch=700/1418 | elapsed=5.0 min | eta=5.1 min
[2026-08-14 22:31:48] INFO Epoch 022 | train batch=710/1418 | elapsed=5.1 min | eta=5.1 min
[2026-08-14 22:31:52] INFO Epoch 022 | train batch=720/1418 | elapsed=5.1 min | eta=5.0 min
[2026-08-14 22:31:56] INFO Epoch 022 | train batch=730/1418 | elapsed=5.2 min | eta=4.9 min
[2026-08-14 22:32:00] INFO Epoch 022 | train batch=740/1418 | elapsed=5.3 min | eta=4.8 min
[2026-08-14 22:32:05] INFO Epoch 022 | train batch=750/1418 | elapsed=5.4 min | eta=4.8 min
[2026-08-14 22:32:09] INFO Epoch 022 | train batch=760/1418 | elapsed=5.4 min | eta=4.7 min
[2026-08-14 22:32:13] INFO Epoch 022 | train batch=770/1418 | elapsed=5.5 min | eta=4.6 min
[2026-08-14 22:32:18] INFO Epoch 022 | train batch=780/1418 | elapsed=5.6 min | eta=4.6 min
[2026-08-14 22:32:22] INFO Epoch 022 | train batch=790/1418 | elapsed=5.6 min | eta=4.5 min
[2026-08-14 22:32:26] INFO Epoch 022 | train batch=800/1418 | elapsed=5.7 min | eta=4.4 min
[2026-08-14 22:32:30] INFO Epoch 022 | train batch=810/1418 | elapsed=5.8 min | eta=4.3 min
[2026-08-14 22:32:35] INFO Epoch 022 | train batch=820/1418 | elapsed=5.9 min | eta=4.3 min
[2026-08-14 22:32:39] INFO Epoch 022 | train batch=830/1418 | elapsed=5.9 min | eta=4.2 min
[2026-08-14 22:32:43] INFO Epoch 022 | train batch=840/1418 | elapsed=6.0 min | eta=4.1 min
[2026-08-14 22:32:47] INFO Epoch 022 | train batch=850/1418 | elapsed=6.1 min | eta=4.1 min
[2026-08-14 22:32:52] INFO Epoch 022 | train batch=860/1418 | elapsed=6.1 min | eta=4.0 min
[2026-08-14 22:32:56] INFO Epoch 022 | train batch=870/1418 | elapsed=6.2 min | eta=3.9 min
[2026-08-14 22:33:00] INFO Epoch 022 | train batch=880/1418 | elapsed=6.3 min | eta=3.8 min
[2026-08-14 22:33:05] INFO Epoch 022 | train batch=890/1418 | elapsed=6.4 min | eta=3.8 min
[2026-08-14 22:33:09] INFO Epoch 022 | train batch=900/1418 | elapsed=6.4 min | eta=3.7 min
[2026-08-14 22:33:13] INFO Epoch 022 | train batch=910/1418 | elapsed=6.5 min | eta=3.6 min
[2026-08-14 22:33:17] INFO Epoch 022 | train batch=920/1418 | elapsed=6.6 min | eta=3.6 min
[2026-08-14 22:33:22] INFO Epoch 022 | train batch=930/1418 | elapsed=6.6 min | eta=3.5 min
[2026-08-14 22:33:26] INFO Epoch 022 | train batch=940/1418 | elapsed=6.7 min | eta=3.4 min
[2026-08-14 22:33:30] INFO Epoch 022 | train batch=950/1418 | elapsed=6.8 min | eta=3.3 min
[2026-08-14 22:33:35] INFO Epoch 022 | train batch=960/1418 | elapsed=6.9 min | eta=3.3 min
[2026-08-14 22:33:39] INFO Epoch 022 | train batch=970/1418 | elapsed=6.9 min | eta=3.2 min
[2026-08-14 22:33:43] INFO Epoch 022 | train batch=980/1418 | elapsed=7.0 min | eta=3.1 min
[2026-08-14 22:33:48] INFO Epoch 022 | train batch=990/1418 | elapsed=7.1 min | eta=3.1 min
[2026-08-14 22:33:52] INFO Epoch 022 | train batch=1000/1418 | elapsed=7.2 min | eta=3.0 min
[2026-08-14 22:33:57] INFO Epoch 022 | train batch=1010/1418 | elapsed=7.2 min | eta=2.9 min
[2026-08-14 22:34:01] INFO Epoch 022 | train batch=1020/1418 | elapsed=7.3 min | eta=2.8 min
[2026-08-14 22:34:05] INFO Epoch 022 | train batch=1030/1418 | elapsed=7.4 min | eta=2.8 min
[2026-08-14 22:34:10] INFO Epoch 022 | train batch=1040/1418 | elapsed=7.4 min | eta=2.7 min
[2026-08-14 22:34:14] INFO Epoch 022 | train batch=1050/1418 | elapsed=7.5 min | eta=2.6 min
[2026-08-14 22:34:18] INFO Epoch 022 | train batch=1060/1418 | elapsed=7.6 min | eta=2.6 min
[2026-08-14 22:34:23] INFO Epoch 022 | train batch=1070/1418 | elapsed=7.7 min | eta=2.5 min
[2026-08-14 22:34:27] INFO Epoch 022 | train batch=1080/1418 | elapsed=7.7 min | eta=2.4 min
[2026-08-14 22:34:31] INFO Epoch 022 | train batch=1090/1418 | elapsed=7.8 min | eta=2.3 min
[2026-08-14 22:34:35] INFO Epoch 022 | train batch=1100/1418 | elapsed=7.9 min | eta=2.3 min
[2026-08-14 22:34:40] INFO Epoch 022 | train batch=1110/1418 | elapsed=7.9 min | eta=2.2 min
[2026-08-14 22:34:44] INFO Epoch 022 | train batch=1120/1418 | elapsed=8.0 min | eta=2.1 min
[2026-08-14 22:34:48] INFO Epoch 022 | train batch=1130/1418 | elapsed=8.1 min | eta=2.1 min
[2026-08-14 22:34:53] INFO Epoch 022 | train batch=1140/1418 | elapsed=8.2 min | eta=2.0 min
[2026-08-14 22:34:57] INFO Epoch 022 | train batch=1150/1418 | elapsed=8.2 min | eta=1.9 min
[2026-08-14 22:35:01] INFO Epoch 022 | train batch=1160/1418 | elapsed=8.3 min | eta=1.8 min
[2026-08-14 22:35:05] INFO Epoch 022 | train batch=1170/1418 | elapsed=8.4 min | eta=1.8 min
[2026-08-14 22:35:10] INFO Epoch 022 | train batch=1180/1418 | elapsed=8.4 min | eta=1.7 min
[2026-08-14 22:35:14] INFO Epoch 022 | train batch=1190/1418 | elapsed=8.5 min | eta=1.6 min
[2026-08-14 22:35:18] INFO Epoch 022 | train batch=1200/1418 | elapsed=8.6 min | eta=1.6 min
[2026-08-14 22:35:23] INFO Epoch 022 | train batch=1210/1418 | elapsed=8.7 min | eta=1.5 min
[2026-08-14 22:35:27] INFO Epoch 022 | train batch=1220/1418 | elapsed=8.7 min | eta=1.4 min
[2026-08-14 22:35:32] INFO Epoch 022 | train batch=1230/1418 | elapsed=8.8 min | eta=1.3 min
[2026-08-14 22:35:36] INFO Epoch 022 | train batch=1240/1418 | elapsed=8.9 min | eta=1.3 min
[2026-08-14 22:35:41] INFO Epoch 022 | train batch=1250/1418 | elapsed=9.0 min | eta=1.2 min
[2026-08-14 22:35:45] INFO Epoch 022 | train batch=1260/1418 | elapsed=9.0 min | eta=1.1 min
[2026-08-14 22:35:49] INFO Epoch 022 | train batch=1270/1418 | elapsed=9.1 min | eta=1.1 min
[2026-08-14 22:35:54] INFO Epoch 022 | train batch=1280/1418 | elapsed=9.2 min | eta=1.0 min
[2026-08-14 22:35:58] INFO Epoch 022 | train batch=1290/1418 | elapsed=9.2 min | eta=0.9 min
[2026-08-14 22:36:02] INFO Epoch 022 | train batch=1300/1418 | elapsed=9.3 min | eta=0.8 min
[2026-08-14 22:36:06] INFO Epoch 022 | train batch=1310/1418 | elapsed=9.4 min | eta=0.8 min
[2026-08-14 22:36:11] INFO Epoch 022 | train batch=1320/1418 | elapsed=9.5 min | eta=0.7 min
[2026-08-14 22:36:15] INFO Epoch 022 | train batch=1330/1418 | elapsed=9.5 min | eta=0.6 min
[2026-08-14 22:36:19] INFO Epoch 022 | train batch=1340/1418 | elapsed=9.6 min | eta=0.6 min
[2026-08-14 22:36:23] INFO Epoch 022 | train batch=1350/1418 | elapsed=9.7 min | eta=0.5 min
[2026-08-14 22:36:27] INFO Epoch 022 | train batch=1360/1418 | elapsed=9.7 min | eta=0.4 min
[2026-08-14 22:36:32] INFO Epoch 022 | train batch=1370/1418 | elapsed=9.8 min | eta=0.3 min
[2026-08-14 22:36:36] INFO Epoch 022 | train batch=1380/1418 | elapsed=9.9 min | eta=0.3 min
[2026-08-14 22:36:41] INFO Epoch 022 | train batch=1390/1418 | elapsed=10.0 min | eta=0.2 min
[2026-08-14 22:36:45] INFO Epoch 022 | train batch=1400/1418 | elapsed=10.0 min | eta=0.1 min
[2026-08-14 22:36:49] INFO Epoch 022 | train batch=1410/1418 | elapsed=10.1 min | eta=0.1 min
[2026-08-14 22:36:52] INFO Epoch 022 | train batch=1418/1418 | elapsed=10.2 min | eta=0.0 min
[2026-08-14 22:36:52] INFO Epoch 022 | val batch=1/188 | elapsed=0.0 min | eta=0.4 min
[2026-08-14 22:36:54] INFO Epoch 022 | val batch=10/188 | elapsed=0.0 min | eta=0.5 min
[2026-08-14 22:36:56] INFO Epoch 022 | val batch=20/188 | elapsed=0.1 min | eta=0.5 min
[2026-08-14 22:36:58] INFO Epoch 022 | val batch=30/188 | elapsed=0.1 min | eta=0.5 min
[2026-08-14 22:37:00] INFO Epoch 022 | val batch=40/188 | elapsed=0.1 min | eta=0.5 min
[2026-08-14 22:37:02] INFO Epoch 022 | val batch=50/188 | elapsed=0.2 min | eta=0.4 min
[2026-08-14 22:37:03] INFO Epoch 022 | val batch=60/188 | elapsed=0.2 min | eta=0.4 min
[2026-08-14 22:37:05] INFO Epoch 022 | val batch=70/188 | elapsed=0.2 min | eta=0.4 min
[2026-08-14 22:37:07] INFO Epoch 022 | val batch=80/188 | elapsed=0.2 min | eta=0.3 min
[2026-08-14 22:37:09] INFO Epoch 022 | val batch=90/188 | elapsed=0.3 min | eta=0.3 min
[2026-08-14 22:37:11] INFO Epoch 022 | val batch=100/188 | elapsed=0.3 min | eta=0.3 min
[2026-08-14 22:37:13] INFO Epoch 022 | val batch=110/188 | elapsed=0.3 min | eta=0.2 min
[2026-08-14 22:37:15] INFO Epoch 022 | val batch=120/188 | elapsed=0.4 min | eta=0.2 min
[2026-08-14 22:37:17] INFO Epoch 022 | val batch=130/188 | elapsed=0.4 min | eta=0.2 min
[2026-08-14 22:37:18] INFO Epoch 022 | val batch=140/188 | elapsed=0.4 min | eta=0.1 min
[2026-08-14 22:37:20] INFO Epoch 022 | val batch=150/188 | elapsed=0.5 min | eta=0.1 min
[2026-08-14 22:37:22] INFO Epoch 022 | val batch=160/188 | elapsed=0.5 min | eta=0.1 min
[2026-08-14 22:37:24] INFO Epoch 022 | val batch=170/188 | elapsed=0.5 min | eta=0.1 min
[2026-08-14 22:37:26] INFO Epoch 022 | val batch=180/188 | elapsed=0.6 min | eta=0.0 min
[2026-08-14 22:37:27] INFO Epoch 022 | val batch=188/188 | elapsed=0.6 min | eta=0.0 min
[2026-08-14 22:37:27] INFO Epoch 022 | train_total=0.452854 | val_total=0.443979 | val_mask=0.226019 | val_retrieval=2.179599 | val_profile=0.000000 | val_anchors=604396 | val_positive_pairs=0 | val_hard_negatives=0 | val_relation_candidates=7268824 | val_teacher_keff=3.787 | val_student_keff=7.933 | val_adapter_valid=0.000 | val_adapter_gate=0.000 | val_adapter_spatial_gate=0.000 | val_adapter_ratio=0.000000 | val_adapter_modulation=0.000000 | val_adapter_modulation_std=0.000000 | val_adapter_group_gate_std=0.000000 | val_adapter_low_rank=0.000000 | val_adapter_direct=0.000000 | val_masked_positions=42142095 | skipped(train/val)=0/0
[2026-08-14 22:37:27] INFO Epoch 023/050 started | train_batches=1418 | val_batches=188
[2026-08-14 22:37:27] INFO Epoch 023 | train batch=1/1418 | elapsed=0.0 min | eta=9.0 min
[2026-08-14 22:37:31] INFO Epoch 023 | train batch=10/1418 | elapsed=0.1 min | eta=10.1 min
[2026-08-14 22:37:35] INFO Epoch 023 | train batch=20/1418 | elapsed=0.1 min | eta=9.8 min
[2026-08-14 22:37:39] INFO Epoch 023 | train batch=30/1418 | elapsed=0.2 min | eta=9.5 min
[2026-08-14 22:37:44] INFO Epoch 023 | train batch=40/1418 | elapsed=0.3 min | eta=9.5 min
[2026-08-14 22:37:48] INFO Epoch 023 | train batch=50/1418 | elapsed=0.3 min | eta=9.6 min
[2026-08-14 22:37:52] INFO Epoch 023 | train batch=60/1418 | elapsed=0.4 min | eta=9.6 min
[2026-08-14 22:37:57] INFO Epoch 023 | train batch=70/1418 | elapsed=0.5 min | eta=9.5 min
[2026-08-14 22:38:01] INFO Epoch 023 | train batch=80/1418 | elapsed=0.6 min | eta=9.4 min
[2026-08-14 22:38:05] INFO Epoch 023 | train batch=90/1418 | elapsed=0.6 min | eta=9.4 min
[2026-08-14 22:38:09] INFO Epoch 023 | train batch=100/1418 | elapsed=0.7 min | eta=9.3 min
[2026-08-14 22:38:14] INFO Epoch 023 | train batch=110/1418 | elapsed=0.8 min | eta=9.2 min
[2026-08-14 22:38:18] INFO Epoch 023 | train batch=120/1418 | elapsed=0.8 min | eta=9.1 min
[2026-08-14 22:38:22] INFO Epoch 023 | train batch=130/1418 | elapsed=0.9 min | eta=9.0 min
[2026-08-14 22:38:26] INFO Epoch 023 | train batch=140/1418 | elapsed=1.0 min | eta=9.0 min
[2026-08-14 22:38:31] INFO Epoch 023 | train batch=150/1418 | elapsed=1.1 min | eta=9.0 min
[2026-08-14 22:38:35] INFO Epoch 023 | train batch=160/1418 | elapsed=1.1 min | eta=8.9 min
[2026-08-14 22:38:39] INFO Epoch 023 | train batch=170/1418 | elapsed=1.2 min | eta=8.8 min
[2026-08-14 22:38:43] INFO Epoch 023 | train batch=180/1418 | elapsed=1.3 min | eta=8.7 min
[2026-08-14 22:38:48] INFO Epoch 023 | train batch=190/1418 | elapsed=1.3 min | eta=8.7 min
[2026-08-14 22:38:52] INFO Epoch 023 | train batch=200/1418 | elapsed=1.4 min | eta=8.6 min
[2026-08-14 22:38:57] INFO Epoch 023 | train batch=210/1418 | elapsed=1.5 min | eta=8.6 min
[2026-08-14 22:39:01] INFO Epoch 023 | train batch=220/1418 | elapsed=1.6 min | eta=8.5 min
[2026-08-14 22:39:05] INFO Epoch 023 | train batch=230/1418 | elapsed=1.6 min | eta=8.5 min
[2026-08-14 22:39:10] INFO Epoch 023 | train batch=240/1418 | elapsed=1.7 min | eta=8.4 min
[2026-08-14 22:39:14] INFO Epoch 023 | train batch=250/1418 | elapsed=1.8 min | eta=8.3 min
[2026-08-14 22:39:18] INFO Epoch 023 | train batch=260/1418 | elapsed=1.9 min | eta=8.2 min
[2026-08-14 22:39:23] INFO Epoch 023 | train batch=270/1418 | elapsed=1.9 min | eta=8.2 min
[2026-08-14 22:39:27] INFO Epoch 023 | train batch=280/1418 | elapsed=2.0 min | eta=8.1 min
[2026-08-14 22:39:31] INFO Epoch 023 | train batch=290/1418 | elapsed=2.1 min | eta=8.0 min
[2026-08-14 22:39:35] INFO Epoch 023 | train batch=300/1418 | elapsed=2.1 min | eta=8.0 min
[2026-08-14 22:39:39] INFO Epoch 023 | train batch=310/1418 | elapsed=2.2 min | eta=7.9 min
[2026-08-14 22:39:44] INFO Epoch 023 | train batch=320/1418 | elapsed=2.3 min | eta=7.8 min
[2026-08-14 22:39:48] INFO Epoch 023 | train batch=330/1418 | elapsed=2.4 min | eta=7.8 min
[2026-08-14 22:39:52] INFO Epoch 023 | train batch=340/1418 | elapsed=2.4 min | eta=7.7 min
[2026-08-14 22:39:56] INFO Epoch 023 | train batch=350/1418 | elapsed=2.5 min | eta=7.6 min
[2026-08-14 22:40:01] INFO Epoch 023 | train batch=360/1418 | elapsed=2.6 min | eta=7.5 min
[2026-08-14 22:40:05] INFO Epoch 023 | train batch=370/1418 | elapsed=2.6 min | eta=7.5 min
[2026-08-14 22:40:09] INFO Epoch 023 | train batch=380/1418 | elapsed=2.7 min | eta=7.4 min
[2026-08-14 22:40:13] INFO Epoch 023 | train batch=390/1418 | elapsed=2.8 min | eta=7.3 min
[2026-08-14 22:40:18] INFO Epoch 023 | train batch=400/1418 | elapsed=2.8 min | eta=7.2 min
[2026-08-14 22:40:22] INFO Epoch 023 | train batch=410/1418 | elapsed=2.9 min | eta=7.2 min
[2026-08-14 22:40:26] INFO Epoch 023 | train batch=420/1418 | elapsed=3.0 min | eta=7.1 min
[2026-08-14 22:40:30] INFO Epoch 023 | train batch=430/1418 | elapsed=3.1 min | eta=7.0 min
[2026-08-14 22:40:34] INFO Epoch 023 | train batch=440/1418 | elapsed=3.1 min | eta=6.9 min
[2026-08-14 22:40:39] INFO Epoch 023 | train batch=450/1418 | elapsed=3.2 min | eta=6.9 min
[2026-08-14 22:40:43] INFO Epoch 023 | train batch=460/1418 | elapsed=3.3 min | eta=6.8 min
[2026-08-14 22:40:48] INFO Epoch 023 | train batch=470/1418 | elapsed=3.3 min | eta=6.7 min
[2026-08-14 22:40:52] INFO Epoch 023 | train batch=480/1418 | elapsed=3.4 min | eta=6.7 min
[2026-08-14 22:40:57] INFO Epoch 023 | train batch=490/1418 | elapsed=3.5 min | eta=6.6 min
[2026-08-14 22:41:01] INFO Epoch 023 | train batch=500/1418 | elapsed=3.6 min | eta=6.5 min
[2026-08-14 22:41:05] INFO Epoch 023 | train batch=510/1418 | elapsed=3.6 min | eta=6.5 min
[2026-08-14 22:41:09] INFO Epoch 023 | train batch=520/1418 | elapsed=3.7 min | eta=6.4 min
[2026-08-14 22:41:14] INFO Epoch 023 | train batch=530/1418 | elapsed=3.8 min | eta=6.3 min
[2026-08-14 22:41:18] INFO Epoch 023 | train batch=540/1418 | elapsed=3.8 min | eta=6.3 min
[2026-08-14 22:41:22] INFO Epoch 023 | train batch=550/1418 | elapsed=3.9 min | eta=6.2 min
[2026-08-14 22:41:27] INFO Epoch 023 | train batch=560/1418 | elapsed=4.0 min | eta=6.1 min
[2026-08-14 22:41:31] INFO Epoch 023 | train batch=570/1418 | elapsed=4.1 min | eta=6.0 min
[2026-08-14 22:41:35] INFO Epoch 023 | train batch=580/1418 | elapsed=4.1 min | eta=6.0 min
[2026-08-14 22:41:40] INFO Epoch 023 | train batch=590/1418 | elapsed=4.2 min | eta=5.9 min
[2026-08-14 22:41:44] INFO Epoch 023 | train batch=600/1418 | elapsed=4.3 min | eta=5.8 min
[2026-08-14 22:41:48] INFO Epoch 023 | train batch=610/1418 | elapsed=4.4 min | eta=5.8 min
[2026-08-14 22:41:53] INFO Epoch 023 | train batch=620/1418 | elapsed=4.4 min | eta=5.7 min
[2026-08-14 22:41:57] INFO Epoch 023 | train batch=630/1418 | elapsed=4.5 min | eta=5.6 min
[2026-08-14 22:42:01] INFO Epoch 023 | train batch=640/1418 | elapsed=4.6 min | eta=5.6 min
[2026-08-14 22:42:06] INFO Epoch 023 | train batch=650/1418 | elapsed=4.6 min | eta=5.5 min
[2026-08-14 22:42:10] INFO Epoch 023 | train batch=660/1418 | elapsed=4.7 min | eta=5.4 min
[2026-08-14 22:42:14] INFO Epoch 023 | train batch=670/1418 | elapsed=4.8 min | eta=5.3 min
[2026-08-14 22:42:19] INFO Epoch 023 | train batch=680/1418 | elapsed=4.9 min | eta=5.3 min
[2026-08-14 22:42:23] INFO Epoch 023 | train batch=690/1418 | elapsed=4.9 min | eta=5.2 min
[2026-08-14 22:42:27] INFO Epoch 023 | train batch=700/1418 | elapsed=5.0 min | eta=5.1 min
[2026-08-14 22:42:31] INFO Epoch 023 | train batch=710/1418 | elapsed=5.1 min | eta=5.1 min
[2026-08-14 22:42:35] INFO Epoch 023 | train batch=720/1418 | elapsed=5.1 min | eta=5.0 min
[2026-08-14 22:42:40] INFO Epoch 023 | train batch=730/1418 | elapsed=5.2 min | eta=4.9 min
[2026-08-14 22:42:44] INFO Epoch 023 | train batch=740/1418 | elapsed=5.3 min | eta=4.8 min
[2026-08-14 22:42:48] INFO Epoch 023 | train batch=750/1418 | elapsed=5.3 min | eta=4.8 min
[2026-08-14 22:42:53] INFO Epoch 023 | train batch=760/1418 | elapsed=5.4 min | eta=4.7 min
[2026-08-14 22:42:57] INFO Epoch 023 | train batch=770/1418 | elapsed=5.5 min | eta=4.6 min
[2026-08-14 22:43:01] INFO Epoch 023 | train batch=780/1418 | elapsed=5.6 min | eta=4.6 min
[2026-08-14 22:43:05] INFO Epoch 023 | train batch=790/1418 | elapsed=5.6 min | eta=4.5 min
[2026-08-14 22:43:10] INFO Epoch 023 | train batch=800/1418 | elapsed=5.7 min | eta=4.4 min
[2026-08-14 22:43:14] INFO Epoch 023 | train batch=810/1418 | elapsed=5.8 min | eta=4.3 min
[2026-08-14 22:43:18] INFO Epoch 023 | train batch=820/1418 | elapsed=5.9 min | eta=4.3 min
[2026-08-14 22:43:23] INFO Epoch 023 | train batch=830/1418 | elapsed=5.9 min | eta=4.2 min
[2026-08-14 22:43:27] INFO Epoch 023 | train batch=840/1418 | elapsed=6.0 min | eta=4.1 min
[2026-08-14 22:43:31] INFO Epoch 023 | train batch=850/1418 | elapsed=6.1 min | eta=4.1 min
[2026-08-14 22:43:35] INFO Epoch 023 | train batch=860/1418 | elapsed=6.1 min | eta=4.0 min
[2026-08-14 22:43:40] INFO Epoch 023 | train batch=870/1418 | elapsed=6.2 min | eta=3.9 min
[2026-08-14 22:43:44] INFO Epoch 023 | train batch=880/1418 | elapsed=6.3 min | eta=3.8 min
[2026-08-14 22:43:48] INFO Epoch 023 | train batch=890/1418 | elapsed=6.4 min | eta=3.8 min
[2026-08-14 22:43:53] INFO Epoch 023 | train batch=900/1418 | elapsed=6.4 min | eta=3.7 min
[2026-08-14 22:43:57] INFO Epoch 023 | train batch=910/1418 | elapsed=6.5 min | eta=3.6 min
[2026-08-14 22:44:01] INFO Epoch 023 | train batch=920/1418 | elapsed=6.6 min | eta=3.6 min
[2026-08-14 22:44:06] INFO Epoch 023 | train batch=930/1418 | elapsed=6.6 min | eta=3.5 min
[2026-08-14 22:44:10] INFO Epoch 023 | train batch=940/1418 | elapsed=6.7 min | eta=3.4 min
[2026-08-14 22:44:14] INFO Epoch 023 | train batch=950/1418 | elapsed=6.8 min | eta=3.3 min
[2026-08-14 22:44:19] INFO Epoch 023 | train batch=960/1418 | elapsed=6.9 min | eta=3.3 min
[2026-08-14 22:44:23] INFO Epoch 023 | train batch=970/1418 | elapsed=6.9 min | eta=3.2 min
[2026-08-14 22:44:28] INFO Epoch 023 | train batch=980/1418 | elapsed=7.0 min | eta=3.1 min
[2026-08-14 22:44:32] INFO Epoch 023 | train batch=990/1418 | elapsed=7.1 min | eta=3.1 min
[2026-08-14 22:44:36] INFO Epoch 023 | train batch=1000/1418 | elapsed=7.1 min | eta=3.0 min
[2026-08-14 22:44:40] INFO Epoch 023 | train batch=1010/1418 | elapsed=7.2 min | eta=2.9 min
[2026-08-14 22:44:44] INFO Epoch 023 | train batch=1020/1418 | elapsed=7.3 min | eta=2.8 min
[2026-08-14 22:44:49] INFO Epoch 023 | train batch=1030/1418 | elapsed=7.4 min | eta=2.8 min
[2026-08-14 22:44:53] INFO Epoch 023 | train batch=1040/1418 | elapsed=7.4 min | eta=2.7 min
[2026-08-14 22:44:57] INFO Epoch 023 | train batch=1050/1418 | elapsed=7.5 min | eta=2.6 min
[2026-08-14 22:45:02] INFO Epoch 023 | train batch=1060/1418 | elapsed=7.6 min | eta=2.6 min
[2026-08-14 22:45:06] INFO Epoch 023 | train batch=1070/1418 | elapsed=7.6 min | eta=2.5 min
[2026-08-14 22:45:10] INFO Epoch 023 | train batch=1080/1418 | elapsed=7.7 min | eta=2.4 min
[2026-08-14 22:45:15] INFO Epoch 023 | train batch=1090/1418 | elapsed=7.8 min | eta=2.3 min
[2026-08-14 22:45:19] INFO Epoch 023 | train batch=1100/1418 | elapsed=7.9 min | eta=2.3 min
[2026-08-14 22:45:23] INFO Epoch 023 | train batch=1110/1418 | elapsed=7.9 min | eta=2.2 min
[2026-08-14 22:45:27] INFO Epoch 023 | train batch=1120/1418 | elapsed=8.0 min | eta=2.1 min
[2026-08-14 22:45:31] INFO Epoch 023 | train batch=1130/1418 | elapsed=8.1 min | eta=2.1 min
[2026-08-14 22:45:35] INFO Epoch 023 | train batch=1140/1418 | elapsed=8.1 min | eta=2.0 min
[2026-08-14 22:45:40] INFO Epoch 023 | train batch=1150/1418 | elapsed=8.2 min | eta=1.9 min
[2026-08-14 22:45:44] INFO Epoch 023 | train batch=1160/1418 | elapsed=8.3 min | eta=1.8 min
[2026-08-14 22:45:48] INFO Epoch 023 | train batch=1170/1418 | elapsed=8.4 min | eta=1.8 min
[2026-08-14 22:45:52] INFO Epoch 023 | train batch=1180/1418 | elapsed=8.4 min | eta=1.7 min
[2026-08-14 22:45:57] INFO Epoch 023 | train batch=1190/1418 | elapsed=8.5 min | eta=1.6 min
[2026-08-14 22:46:01] INFO Epoch 023 | train batch=1200/1418 | elapsed=8.6 min | eta=1.6 min
[2026-08-14 22:46:05] INFO Epoch 023 | train batch=1210/1418 | elapsed=8.6 min | eta=1.5 min
[2026-08-14 22:46:10] INFO Epoch 023 | train batch=1220/1418 | elapsed=8.7 min | eta=1.4 min
[2026-08-14 22:46:14] INFO Epoch 023 | train batch=1230/1418 | elapsed=8.8 min | eta=1.3 min
[2026-08-14 22:46:19] INFO Epoch 023 | train batch=1240/1418 | elapsed=8.9 min | eta=1.3 min
[2026-08-14 22:46:23] INFO Epoch 023 | train batch=1250/1418 | elapsed=8.9 min | eta=1.2 min
[2026-08-14 22:46:27] INFO Epoch 023 | train batch=1260/1418 | elapsed=9.0 min | eta=1.1 min
[2026-08-14 22:46:31] INFO Epoch 023 | train batch=1270/1418 | elapsed=9.1 min | eta=1.1 min
[2026-08-14 22:46:35] INFO Epoch 023 | train batch=1280/1418 | elapsed=9.1 min | eta=1.0 min
[2026-08-14 22:46:40] INFO Epoch 023 | train batch=1290/1418 | elapsed=9.2 min | eta=0.9 min
[2026-08-14 22:46:44] INFO Epoch 023 | train batch=1300/1418 | elapsed=9.3 min | eta=0.8 min
[2026-08-14 22:46:48] INFO Epoch 023 | train batch=1310/1418 | elapsed=9.4 min | eta=0.8 min
[2026-08-14 22:46:52] INFO Epoch 023 | train batch=1320/1418 | elapsed=9.4 min | eta=0.7 min
[2026-08-14 22:46:57] INFO Epoch 023 | train batch=1330/1418 | elapsed=9.5 min | eta=0.6 min
[2026-08-14 22:47:01] INFO Epoch 023 | train batch=1340/1418 | elapsed=9.6 min | eta=0.6 min
[2026-08-14 22:47:06] INFO Epoch 023 | train batch=1350/1418 | elapsed=9.6 min | eta=0.5 min
[2026-08-14 22:47:10] INFO Epoch 023 | train batch=1360/1418 | elapsed=9.7 min | eta=0.4 min
[2026-08-14 22:47:14] INFO Epoch 023 | train batch=1370/1418 | elapsed=9.8 min | eta=0.3 min
[2026-08-14 22:47:18] INFO Epoch 023 | train batch=1380/1418 | elapsed=9.9 min | eta=0.3 min
[2026-08-14 22:47:23] INFO Epoch 023 | train batch=1390/1418 | elapsed=9.9 min | eta=0.2 min
[2026-08-14 22:47:27] INFO Epoch 023 | train batch=1400/1418 | elapsed=10.0 min | eta=0.1 min
[2026-08-14 22:47:31] INFO Epoch 023 | train batch=1410/1418 | elapsed=10.1 min | eta=0.1 min
[2026-08-14 22:47:35] INFO Epoch 023 | train batch=1418/1418 | elapsed=10.1 min | eta=0.0 min
[2026-08-14 22:47:35] INFO Epoch 023 | val batch=1/188 | elapsed=0.0 min | eta=0.4 min
[2026-08-14 22:47:37] INFO Epoch 023 | val batch=10/188 | elapsed=0.0 min | eta=0.6 min
[2026-08-14 22:47:39] INFO Epoch 023 | val batch=20/188 | elapsed=0.1 min | eta=0.5 min
[2026-08-14 22:47:40] INFO Epoch 023 | val batch=30/188 | elapsed=0.1 min | eta=0.5 min
[2026-08-14 22:47:42] INFO Epoch 023 | val batch=40/188 | elapsed=0.1 min | eta=0.5 min
[2026-08-14 22:47:44] INFO Epoch 023 | val batch=50/188 | elapsed=0.2 min | eta=0.4 min
[2026-08-14 22:47:46] INFO Epoch 023 | val batch=60/188 | elapsed=0.2 min | eta=0.4 min
[2026-08-14 22:47:48] INFO Epoch 023 | val batch=70/188 | elapsed=0.2 min | eta=0.4 min
[2026-08-14 22:47:50] INFO Epoch 023 | val batch=80/188 | elapsed=0.2 min | eta=0.3 min
[2026-08-14 22:47:52] INFO Epoch 023 | val batch=90/188 | elapsed=0.3 min | eta=0.3 min
[2026-08-14 22:47:53] INFO Epoch 023 | val batch=100/188 | elapsed=0.3 min | eta=0.3 min
[2026-08-14 22:47:55] INFO Epoch 023 | val batch=110/188 | elapsed=0.3 min | eta=0.2 min
[2026-08-14 22:47:57] INFO Epoch 023 | val batch=120/188 | elapsed=0.4 min | eta=0.2 min
[2026-08-14 22:47:59] INFO Epoch 023 | val batch=130/188 | elapsed=0.4 min | eta=0.2 min
[2026-08-14 22:48:01] INFO Epoch 023 | val batch=140/188 | elapsed=0.4 min | eta=0.1 min
[2026-08-14 22:48:03] INFO Epoch 023 | val batch=150/188 | elapsed=0.5 min | eta=0.1 min
[2026-08-14 22:48:05] INFO Epoch 023 | val batch=160/188 | elapsed=0.5 min | eta=0.1 min
[2026-08-14 22:48:06] INFO Epoch 023 | val batch=170/188 | elapsed=0.5 min | eta=0.1 min
[2026-08-14 22:48:08] INFO Epoch 023 | val batch=180/188 | elapsed=0.6 min | eta=0.0 min
[2026-08-14 22:48:10] INFO Epoch 023 | val batch=188/188 | elapsed=0.6 min | eta=0.0 min
[2026-08-14 22:48:10] INFO Epoch 023 | train_total=0.452072 | val_total=0.441901 | val_mask=0.223933 | val_retrieval=2.179679 | val_profile=0.000000 | val_anchors=604396 | val_positive_pairs=0 | val_hard_negatives=0 | val_relation_candidates=7268824 | val_teacher_keff=3.787 | val_student_keff=7.872 | val_adapter_valid=0.000 | val_adapter_gate=0.000 | val_adapter_spatial_gate=0.000 | val_adapter_ratio=0.000000 | val_adapter_modulation=0.000000 | val_adapter_modulation_std=0.000000 | val_adapter_group_gate_std=0.000000 | val_adapter_low_rank=0.000000 | val_adapter_direct=0.000000 | val_masked_positions=42121499 | skipped(train/val)=0/0
[2026-08-14 22:48:10] INFO Epoch 024/050 started | train_batches=1418 | val_batches=188
[2026-08-14 22:48:10] INFO Epoch 024 | train batch=1/1418 | elapsed=0.0 min | eta=11.4 min
[2026-08-14 22:48:14] INFO Epoch 024 | train batch=10/1418 | elapsed=0.1 min | eta=9.6 min
[2026-08-14 22:48:18] INFO Epoch 024 | train batch=20/1418 | elapsed=0.1 min | eta=10.1 min
[2026-08-14 22:48:23] INFO Epoch 024 | train batch=30/1418 | elapsed=0.2 min | eta=10.1 min
[2026-08-14 22:48:27] INFO Epoch 024 | train batch=40/1418 | elapsed=0.3 min | eta=9.9 min
[2026-08-14 22:48:31] INFO Epoch 024 | train batch=50/1418 | elapsed=0.4 min | eta=9.8 min
[2026-08-14 22:48:35] INFO Epoch 024 | train batch=60/1418 | elapsed=0.4 min | eta=9.8 min
[2026-08-14 22:48:40] INFO Epoch 024 | train batch=70/1418 | elapsed=0.5 min | eta=9.6 min
[2026-08-14 22:48:44] INFO Epoch 024 | train batch=80/1418 | elapsed=0.6 min | eta=9.5 min
[2026-08-14 22:48:48] INFO Epoch 024 | train batch=90/1418 | elapsed=0.6 min | eta=9.4 min
[2026-08-14 22:48:52] INFO Epoch 024 | train batch=100/1418 | elapsed=0.7 min | eta=9.3 min
[2026-08-14 22:48:56] INFO Epoch 024 | train batch=110/1418 | elapsed=0.8 min | eta=9.2 min
[2026-08-14 22:49:00] INFO Epoch 024 | train batch=120/1418 | elapsed=0.8 min | eta=9.1 min
[2026-08-14 22:49:05] INFO Epoch 024 | train batch=130/1418 | elapsed=0.9 min | eta=9.1 min
[2026-08-14 22:49:09] INFO Epoch 024 | train batch=140/1418 | elapsed=1.0 min | eta=9.0 min
[2026-08-14 22:49:13] INFO Epoch 024 | train batch=150/1418 | elapsed=1.1 min | eta=9.0 min
[2026-08-14 22:49:18] INFO Epoch 024 | train batch=160/1418 | elapsed=1.1 min | eta=8.9 min
[2026-08-14 22:49:22] INFO Epoch 024 | train batch=170/1418 | elapsed=1.2 min | eta=8.9 min
[2026-08-14 22:49:27] INFO Epoch 024 | train batch=180/1418 | elapsed=1.3 min | eta=8.8 min
[2026-08-14 22:49:31] INFO Epoch 024 | train batch=190/1418 | elapsed=1.4 min | eta=8.8 min
[2026-08-14 22:49:35] INFO Epoch 024 | train batch=200/1418 | elapsed=1.4 min | eta=8.7 min
[2026-08-14 22:49:39] INFO Epoch 024 | train batch=210/1418 | elapsed=1.5 min | eta=8.6 min
[2026-08-14 22:49:44] INFO Epoch 024 | train batch=220/1418 | elapsed=1.6 min | eta=8.5 min
[2026-08-14 22:49:48] INFO Epoch 024 | train batch=230/1418 | elapsed=1.6 min | eta=8.5 min
[2026-08-14 22:49:52] INFO Epoch 024 | train batch=240/1418 | elapsed=1.7 min | eta=8.4 min
[2026-08-14 22:49:57] INFO Epoch 024 | train batch=250/1418 | elapsed=1.8 min | eta=8.4 min
[2026-08-14 22:50:01] INFO Epoch 024 | train batch=260/1418 | elapsed=1.9 min | eta=8.3 min
[2026-08-14 22:50:06] INFO Epoch 024 | train batch=270/1418 | elapsed=1.9 min | eta=8.2 min
[2026-08-14 22:50:10] INFO Epoch 024 | train batch=280/1418 | elapsed=2.0 min | eta=8.2 min
[2026-08-14 22:50:14] INFO Epoch 024 | train batch=290/1418 | elapsed=2.1 min | eta=8.1 min
[2026-08-14 22:50:19] INFO Epoch 024 | train batch=300/1418 | elapsed=2.2 min | eta=8.0 min
[2026-08-14 22:50:23] INFO Epoch 024 | train batch=310/1418 | elapsed=2.2 min | eta=8.0 min
[2026-08-14 22:50:27] INFO Epoch 024 | train batch=320/1418 | elapsed=2.3 min | eta=7.9 min
[2026-08-14 22:50:31] INFO Epoch 024 | train batch=330/1418 | elapsed=2.4 min | eta=7.8 min
[2026-08-14 22:50:36] INFO Epoch 024 | train batch=340/1418 | elapsed=2.4 min | eta=7.7 min
[2026-08-14 22:50:40] INFO Epoch 024 | train batch=350/1418 | elapsed=2.5 min | eta=7.6 min
[2026-08-14 22:50:44] INFO Epoch 024 | train batch=360/1418 | elapsed=2.6 min | eta=7.6 min
[2026-08-14 22:50:49] INFO Epoch 024 | train batch=370/1418 | elapsed=2.7 min | eta=7.5 min
[2026-08-14 22:50:53] INFO Epoch 024 | train batch=380/1418 | elapsed=2.7 min | eta=7.4 min
[2026-08-14 22:50:57] INFO Epoch 024 | train batch=390/1418 | elapsed=2.8 min | eta=7.4 min
[2026-08-14 22:51:02] INFO Epoch 024 | train batch=400/1418 | elapsed=2.9 min | eta=7.3 min
[2026-08-14 22:51:06] INFO Epoch 024 | train batch=410/1418 | elapsed=2.9 min | eta=7.2 min
[2026-08-14 22:51:10] INFO Epoch 024 | train batch=420/1418 | elapsed=3.0 min | eta=7.2 min
[2026-08-14 22:51:14] INFO Epoch 024 | train batch=430/1418 | elapsed=3.1 min | eta=7.1 min
[2026-08-14 22:51:19] INFO Epoch 024 | train batch=440/1418 | elapsed=3.2 min | eta=7.0 min
[2026-08-14 22:51:23] INFO Epoch 024 | train batch=450/1418 | elapsed=3.2 min | eta=6.9 min
[2026-08-14 22:51:28] INFO Epoch 024 | train batch=460/1418 | elapsed=3.3 min | eta=6.9 min
[2026-08-14 22:51:32] INFO Epoch 024 | train batch=470/1418 | elapsed=3.4 min | eta=6.8 min
[2026-08-14 22:51:37] INFO Epoch 024 | train batch=480/1418 | elapsed=3.5 min | eta=6.7 min
[2026-08-14 22:51:41] INFO Epoch 024 | train batch=490/1418 | elapsed=3.5 min | eta=6.7 min
[2026-08-14 22:51:45] INFO Epoch 024 | train batch=500/1418 | elapsed=3.6 min | eta=6.6 min
[2026-08-14 22:51:50] INFO Epoch 024 | train batch=510/1418 | elapsed=3.7 min | eta=6.5 min
[2026-08-14 22:51:54] INFO Epoch 024 | train batch=520/1418 | elapsed=3.7 min | eta=6.5 min
[2026-08-14 22:51:58] INFO Epoch 024 | train batch=530/1418 | elapsed=3.8 min | eta=6.4 min
[2026-08-14 22:52:02] INFO Epoch 024 | train batch=540/1418 | elapsed=3.9 min | eta=6.3 min
[2026-08-14 22:52:07] INFO Epoch 024 | train batch=550/1418 | elapsed=3.9 min | eta=6.2 min
[2026-08-14 22:52:11] INFO Epoch 024 | train batch=560/1418 | elapsed=4.0 min | eta=6.2 min
[2026-08-14 22:52:15] INFO Epoch 024 | train batch=570/1418 | elapsed=4.1 min | eta=6.1 min
[2026-08-14 22:52:20] INFO Epoch 024 | train batch=580/1418 | elapsed=4.2 min | eta=6.0 min
[2026-08-14 22:52:24] INFO Epoch 024 | train batch=590/1418 | elapsed=4.2 min | eta=6.0 min
[2026-08-14 22:52:28] INFO Epoch 024 | train batch=600/1418 | elapsed=4.3 min | eta=5.9 min
[2026-08-14 22:52:33] INFO Epoch 024 | train batch=610/1418 | elapsed=4.4 min | eta=5.8 min
[2026-08-14 22:52:37] INFO Epoch 024 | train batch=620/1418 | elapsed=4.5 min | eta=5.7 min
[2026-08-14 22:52:41] INFO Epoch 024 | train batch=630/1418 | elapsed=4.5 min | eta=5.7 min
[2026-08-14 22:52:46] INFO Epoch 024 | train batch=640/1418 | elapsed=4.6 min | eta=5.6 min
[2026-08-14 22:52:50] INFO Epoch 024 | train batch=650/1418 | elapsed=4.7 min | eta=5.5 min
[2026-08-14 22:52:54] INFO Epoch 024 | train batch=660/1418 | elapsed=4.7 min | eta=5.5 min
[2026-08-14 22:52:58] INFO Epoch 024 | train batch=670/1418 | elapsed=4.8 min | eta=5.4 min
[2026-08-14 22:53:03] INFO Epoch 024 | train batch=680/1418 | elapsed=4.9 min | eta=5.3 min
[2026-08-14 22:53:07] INFO Epoch 024 | train batch=690/1418 | elapsed=5.0 min | eta=5.2 min
[2026-08-14 22:53:11] INFO Epoch 024 | train batch=700/1418 | elapsed=5.0 min | eta=5.2 min
[2026-08-14 22:53:15] INFO Epoch 024 | train batch=710/1418 | elapsed=5.1 min | eta=5.1 min
[2026-08-14 22:53:20] INFO Epoch 024 | train batch=720/1418 | elapsed=5.2 min | eta=5.0 min
[2026-08-14 22:53:24] INFO Epoch 024 | train batch=730/1418 | elapsed=5.2 min | eta=4.9 min
[2026-08-14 22:53:28] INFO Epoch 024 | train batch=740/1418 | elapsed=5.3 min | eta=4.9 min
[2026-08-14 22:53:32] INFO Epoch 024 | train batch=750/1418 | elapsed=5.4 min | eta=4.8 min
[2026-08-14 22:53:37] INFO Epoch 024 | train batch=760/1418 | elapsed=5.5 min | eta=4.7 min
[2026-08-14 22:53:41] INFO Epoch 024 | train batch=770/1418 | elapsed=5.5 min | eta=4.7 min
[2026-08-14 22:53:45] INFO Epoch 024 | train batch=780/1418 | elapsed=5.6 min | eta=4.6 min
[2026-08-14 22:53:50] INFO Epoch 024 | train batch=790/1418 | elapsed=5.7 min | eta=4.5 min
[2026-08-14 22:53:54] INFO Epoch 024 | train batch=800/1418 | elapsed=5.7 min | eta=4.4 min
[2026-08-14 22:53:58] INFO Epoch 024 | train batch=810/1418 | elapsed=5.8 min | eta=4.4 min
[2026-08-14 22:54:02] INFO Epoch 024 | train batch=820/1418 | elapsed=5.9 min | eta=4.3 min
[2026-08-14 22:54:07] INFO Epoch 024 | train batch=830/1418 | elapsed=6.0 min | eta=4.2 min
[2026-08-14 22:54:11] INFO Epoch 024 | train batch=840/1418 | elapsed=6.0 min | eta=4.1 min
[2026-08-14 22:54:15] INFO Epoch 024 | train batch=850/1418 | elapsed=6.1 min | eta=4.1 min
[2026-08-14 22:54:20] INFO Epoch 024 | train batch=860/1418 | elapsed=6.2 min | eta=4.0 min
[2026-08-14 22:54:24] INFO Epoch 024 | train batch=870/1418 | elapsed=6.2 min | eta=3.9 min
[2026-08-14 22:54:28] INFO Epoch 024 | train batch=880/1418 | elapsed=6.3 min | eta=3.9 min
[2026-08-14 22:54:32] INFO Epoch 024 | train batch=890/1418 | elapsed=6.4 min | eta=3.8 min
[2026-08-14 22:54:37] INFO Epoch 024 | train batch=900/1418 | elapsed=6.5 min | eta=3.7 min
[2026-08-14 22:54:41] INFO Epoch 024 | train batch=910/1418 | elapsed=6.5 min | eta=3.6 min
[2026-08-14 22:54:45] INFO Epoch 024 | train batch=920/1418 | elapsed=6.6 min | eta=3.6 min
[2026-08-14 22:54:49] INFO Epoch 024 | train batch=930/1418 | elapsed=6.7 min | eta=3.5 min
[2026-08-14 22:54:54] INFO Epoch 024 | train batch=940/1418 | elapsed=6.7 min | eta=3.4 min
[2026-08-14 22:54:58] INFO Epoch 024 | train batch=950/1418 | elapsed=6.8 min | eta=3.4 min
[2026-08-14 22:55:03] INFO Epoch 024 | train batch=960/1418 | elapsed=6.9 min | eta=3.3 min
[2026-08-14 22:55:07] INFO Epoch 024 | train batch=970/1418 | elapsed=7.0 min | eta=3.2 min
[2026-08-14 22:55:11] INFO Epoch 024 | train batch=980/1418 | elapsed=7.0 min | eta=3.1 min
[2026-08-14 22:55:16] INFO Epoch 024 | train batch=990/1418 | elapsed=7.1 min | eta=3.1 min
[2026-08-14 22:55:20] INFO Epoch 024 | train batch=1000/1418 | elapsed=7.2 min | eta=3.0 min
[2026-08-14 22:55:24] INFO Epoch 024 | train batch=1010/1418 | elapsed=7.2 min | eta=2.9 min
[2026-08-14 22:55:29] INFO Epoch 024 | train batch=1020/1418 | elapsed=7.3 min | eta=2.9 min
[2026-08-14 22:55:33] INFO Epoch 024 | train batch=1030/1418 | elapsed=7.4 min | eta=2.8 min
[2026-08-14 22:55:37] INFO Epoch 024 | train batch=1040/1418 | elapsed=7.5 min | eta=2.7 min
[2026-08-14 22:55:42] INFO Epoch 024 | train batch=1050/1418 | elapsed=7.5 min | eta=2.6 min
[2026-08-14 22:55:46] INFO Epoch 024 | train batch=1060/1418 | elapsed=7.6 min | eta=2.6 min
[2026-08-14 22:55:50] INFO Epoch 024 | train batch=1070/1418 | elapsed=7.7 min | eta=2.5 min
[2026-08-14 22:55:55] INFO Epoch 024 | train batch=1080/1418 | elapsed=7.8 min | eta=2.4 min
[2026-08-14 22:55:59] INFO Epoch 024 | train batch=1090/1418 | elapsed=7.8 min | eta=2.4 min
[2026-08-14 22:56:04] INFO Epoch 024 | train batch=1100/1418 | elapsed=7.9 min | eta=2.3 min
[2026-08-14 22:56:08] INFO Epoch 024 | train batch=1110/1418 | elapsed=8.0 min | eta=2.2 min
[2026-08-14 22:56:13] INFO Epoch 024 | train batch=1120/1418 | elapsed=8.1 min | eta=2.1 min
[2026-08-14 22:56:17] INFO Epoch 024 | train batch=1130/1418 | elapsed=8.1 min | eta=2.1 min
[2026-08-14 22:56:21] INFO Epoch 024 | train batch=1140/1418 | elapsed=8.2 min | eta=2.0 min
[2026-08-14 22:56:25] INFO Epoch 024 | train batch=1150/1418 | elapsed=8.3 min | eta=1.9 min
[2026-08-14 22:56:30] INFO Epoch 024 | train batch=1160/1418 | elapsed=8.3 min | eta=1.9 min
[2026-08-14 22:56:34] INFO Epoch 024 | train batch=1170/1418 | elapsed=8.4 min | eta=1.8 min
[2026-08-14 22:56:38] INFO Epoch 024 | train batch=1180/1418 | elapsed=8.5 min | eta=1.7 min
[2026-08-14 22:56:43] INFO Epoch 024 | train batch=1190/1418 | elapsed=8.6 min | eta=1.6 min
[2026-08-14 22:56:47] INFO Epoch 024 | train batch=1200/1418 | elapsed=8.6 min | eta=1.6 min
[2026-08-14 22:56:51] INFO Epoch 024 | train batch=1210/1418 | elapsed=8.7 min | eta=1.5 min
[2026-08-14 22:56:55] INFO Epoch 024 | train batch=1220/1418 | elapsed=8.8 min | eta=1.4 min
[2026-08-14 22:57:00] INFO Epoch 024 | train batch=1230/1418 | elapsed=8.8 min | eta=1.4 min
[2026-08-14 22:57:04] INFO Epoch 024 | train batch=1240/1418 | elapsed=8.9 min | eta=1.3 min
[2026-08-14 22:57:08] INFO Epoch 024 | train batch=1250/1418 | elapsed=9.0 min | eta=1.2 min
[2026-08-14 22:57:13] INFO Epoch 024 | train batch=1260/1418 | elapsed=9.1 min | eta=1.1 min
[2026-08-14 22:57:17] INFO Epoch 024 | train batch=1270/1418 | elapsed=9.1 min | eta=1.1 min
[2026-08-14 22:57:21] INFO Epoch 024 | train batch=1280/1418 | elapsed=9.2 min | eta=1.0 min
[2026-08-14 22:57:26] INFO Epoch 024 | train batch=1290/1418 | elapsed=9.3 min | eta=0.9 min
[2026-08-14 22:57:30] INFO Epoch 024 | train batch=1300/1418 | elapsed=9.3 min | eta=0.8 min
[2026-08-14 22:57:34] INFO Epoch 024 | train batch=1310/1418 | elapsed=9.4 min | eta=0.8 min
[2026-08-14 22:57:38] INFO Epoch 024 | train batch=1320/1418 | elapsed=9.5 min | eta=0.7 min
[2026-08-14 22:57:43] INFO Epoch 024 | train batch=1330/1418 | elapsed=9.6 min | eta=0.6 min
[2026-08-14 22:57:47] INFO Epoch 024 | train batch=1340/1418 | elapsed=9.6 min | eta=0.6 min
[2026-08-14 22:57:51] INFO Epoch 024 | train batch=1350/1418 | elapsed=9.7 min | eta=0.5 min
[2026-08-14 22:57:55] INFO Epoch 024 | train batch=1360/1418 | elapsed=9.8 min | eta=0.4 min
[2026-08-14 22:57:59] INFO Epoch 024 | train batch=1370/1418 | elapsed=9.8 min | eta=0.3 min
[2026-08-14 22:58:04] INFO Epoch 024 | train batch=1380/1418 | elapsed=9.9 min | eta=0.3 min
[2026-08-14 22:58:08] INFO Epoch 024 | train batch=1390/1418 | elapsed=10.0 min | eta=0.2 min
[2026-08-14 22:58:13] INFO Epoch 024 | train batch=1400/1418 | elapsed=10.1 min | eta=0.1 min
[2026-08-14 22:58:17] INFO Epoch 024 | train batch=1410/1418 | elapsed=10.1 min | eta=0.1 min
[2026-08-14 22:58:20] INFO Epoch 024 | train batch=1418/1418 | elapsed=10.2 min | eta=0.0 min
[2026-08-14 22:58:20] INFO Epoch 024 | val batch=1/188 | elapsed=0.0 min | eta=0.4 min
[2026-08-14 22:58:22] INFO Epoch 024 | val batch=10/188 | elapsed=0.0 min | eta=0.5 min
[2026-08-14 22:58:24] INFO Epoch 024 | val batch=20/188 | elapsed=0.1 min | eta=0.5 min
[2026-08-14 22:58:26] INFO Epoch 024 | val batch=30/188 | elapsed=0.1 min | eta=0.5 min
[2026-08-14 22:58:27] INFO Epoch 024 | val batch=40/188 | elapsed=0.1 min | eta=0.5 min
[2026-08-14 22:58:29] INFO Epoch 024 | val batch=50/188 | elapsed=0.2 min | eta=0.4 min
[2026-08-14 22:58:31] INFO Epoch 024 | val batch=60/188 | elapsed=0.2 min | eta=0.4 min
[2026-08-14 22:58:33] INFO Epoch 024 | val batch=70/188 | elapsed=0.2 min | eta=0.4 min
[2026-08-14 22:58:35] INFO Epoch 024 | val batch=80/188 | elapsed=0.2 min | eta=0.3 min
[2026-08-14 22:58:37] INFO Epoch 024 | val batch=90/188 | elapsed=0.3 min | eta=0.3 min
[2026-08-14 22:58:39] INFO Epoch 024 | val batch=100/188 | elapsed=0.3 min | eta=0.3 min
[2026-08-14 22:58:40] INFO Epoch 024 | val batch=110/188 | elapsed=0.3 min | eta=0.2 min
[2026-08-14 22:58:42] INFO Epoch 024 | val batch=120/188 | elapsed=0.4 min | eta=0.2 min
[2026-08-14 22:58:44] INFO Epoch 024 | val batch=130/188 | elapsed=0.4 min | eta=0.2 min
[2026-08-14 22:58:46] INFO Epoch 024 | val batch=140/188 | elapsed=0.4 min | eta=0.1 min
[2026-08-14 22:58:48] INFO Epoch 024 | val batch=150/188 | elapsed=0.5 min | eta=0.1 min
[2026-08-14 22:58:50] INFO Epoch 024 | val batch=160/188 | elapsed=0.5 min | eta=0.1 min
[2026-08-14 22:58:52] INFO Epoch 024 | val batch=170/188 | elapsed=0.5 min | eta=0.1 min
[2026-08-14 22:58:53] INFO Epoch 024 | val batch=180/188 | elapsed=0.6 min | eta=0.0 min
[2026-08-14 22:58:55] INFO Epoch 024 | val batch=188/188 | elapsed=0.6 min | eta=0.0 min
[2026-08-14 22:58:55] INFO Epoch 024 | train_total=0.446982 | val_total=0.438613 | val_mask=0.220552 | val_retrieval=2.180611 | val_profile=0.000000 | val_anchors=604396 | val_positive_pairs=0 | val_hard_negatives=0 | val_relation_candidates=7268824 | val_teacher_keff=3.787 | val_student_keff=8.073 | val_adapter_valid=0.000 | val_adapter_gate=0.000 | val_adapter_spatial_gate=0.000 | val_adapter_ratio=0.000000 | val_adapter_modulation=0.000000 | val_adapter_modulation_std=0.000000 | val_adapter_group_gate_std=0.000000 | val_adapter_low_rank=0.000000 | val_adapter_direct=0.000000 | val_masked_positions=42231109 | skipped(train/val)=0/0
[2026-08-14 22:58:55] INFO Checkpoint updated | epoch=24 | best_val=0.438613 | path=C:\Users\clw\projects\researchRep\STAnchor-BlockMemory\artifacts\metrla_e5_final_latent48_global288_seed42\pretrain_best.pt
[2026-08-14 22:58:55] INFO Epoch 025/050 started | train_batches=1418 | val_batches=188
[2026-08-14 22:58:55] INFO Epoch 025 | train batch=1/1418 | elapsed=0.0 min | eta=11.4 min
[2026-08-14 22:58:59] INFO Epoch 025 | train batch=10/1418 | elapsed=0.1 min | eta=9.9 min
[2026-08-14 22:59:03] INFO Epoch 025 | train batch=20/1418 | elapsed=0.1 min | eta=9.8 min
[2026-08-14 22:59:07] INFO Epoch 025 | train batch=30/1418 | elapsed=0.2 min | eta=9.7 min
[2026-08-14 22:59:12] INFO Epoch 025 | train batch=40/1418 | elapsed=0.3 min | eta=9.8 min
[2026-08-14 22:59:16] INFO Epoch 025 | train batch=50/1418 | elapsed=0.4 min | eta=9.8 min
[2026-08-14 22:59:21] INFO Epoch 025 | train batch=60/1418 | elapsed=0.4 min | eta=9.7 min
[2026-08-14 22:59:25] INFO Epoch 025 | train batch=70/1418 | elapsed=0.5 min | eta=9.7 min
[2026-08-14 22:59:29] INFO Epoch 025 | train batch=80/1418 | elapsed=0.6 min | eta=9.6 min
[2026-08-14 22:59:33] INFO Epoch 025 | train batch=90/1418 | elapsed=0.6 min | eta=9.5 min
[2026-08-14 22:59:37] INFO Epoch 025 | train batch=100/1418 | elapsed=0.7 min | eta=9.4 min
[2026-08-14 22:59:42] INFO Epoch 025 | train batch=110/1418 | elapsed=0.8 min | eta=9.3 min
[2026-08-14 22:59:46] INFO Epoch 025 | train batch=120/1418 | elapsed=0.9 min | eta=9.2 min
[2026-08-14 22:59:50] INFO Epoch 025 | train batch=130/1418 | elapsed=0.9 min | eta=9.2 min
[2026-08-14 22:59:55] INFO Epoch 025 | train batch=140/1418 | elapsed=1.0 min | eta=9.1 min
[2026-08-14 22:59:59] INFO Epoch 025 | train batch=150/1418 | elapsed=1.1 min | eta=9.1 min
[2026-08-14 23:00:03] INFO Epoch 025 | train batch=160/1418 | elapsed=1.1 min | eta=9.0 min
[2026-08-14 23:00:07] INFO Epoch 025 | train batch=170/1418 | elapsed=1.2 min | eta=8.9 min
[2026-08-14 23:00:12] INFO Epoch 025 | train batch=180/1418 | elapsed=1.3 min | eta=8.8 min
[2026-08-14 23:00:16] INFO Epoch 025 | train batch=190/1418 | elapsed=1.4 min | eta=8.8 min
[2026-08-14 23:00:21] INFO Epoch 025 | train batch=200/1418 | elapsed=1.4 min | eta=8.7 min
[2026-08-14 23:00:25] INFO Epoch 025 | train batch=210/1418 | elapsed=1.5 min | eta=8.6 min
[2026-08-14 23:00:29] INFO Epoch 025 | train batch=220/1418 | elapsed=1.6 min | eta=8.6 min
[2026-08-14 23:00:34] INFO Epoch 025 | train batch=230/1418 | elapsed=1.7 min | eta=8.5 min
[2026-08-14 23:00:38] INFO Epoch 025 | train batch=240/1418 | elapsed=1.7 min | eta=8.5 min
[2026-08-14 23:00:42] INFO Epoch 025 | train batch=250/1418 | elapsed=1.8 min | eta=8.4 min
[2026-08-14 23:00:47] INFO Epoch 025 | train batch=260/1418 | elapsed=1.9 min | eta=8.3 min
[2026-08-14 23:00:51] INFO Epoch 025 | train batch=270/1418 | elapsed=1.9 min | eta=8.2 min
[2026-08-14 23:00:55] INFO Epoch 025 | train batch=280/1418 | elapsed=2.0 min | eta=8.2 min
[2026-08-14 23:00:59] INFO Epoch 025 | train batch=290/1418 | elapsed=2.1 min | eta=8.1 min
[2026-08-14 23:01:04] INFO Epoch 025 | train batch=300/1418 | elapsed=2.2 min | eta=8.0 min
[2026-08-14 23:01:08] INFO Epoch 025 | train batch=310/1418 | elapsed=2.2 min | eta=8.0 min
[2026-08-14 23:01:13] INFO Epoch 025 | train batch=320/1418 | elapsed=2.3 min | eta=7.9 min
[2026-08-14 23:01:17] INFO Epoch 025 | train batch=330/1418 | elapsed=2.4 min | eta=7.8 min
[2026-08-14 23:01:21] INFO Epoch 025 | train batch=340/1418 | elapsed=2.4 min | eta=7.7 min
[2026-08-14 23:01:26] INFO Epoch 025 | train batch=350/1418 | elapsed=2.5 min | eta=7.7 min
[2026-08-14 23:01:30] INFO Epoch 025 | train batch=360/1418 | elapsed=2.6 min | eta=7.6 min
[2026-08-14 23:01:34] INFO Epoch 025 | train batch=370/1418 | elapsed=2.7 min | eta=7.5 min
[2026-08-14 23:01:39] INFO Epoch 025 | train batch=380/1418 | elapsed=2.7 min | eta=7.5 min
[2026-08-14 23:01:43] INFO Epoch 025 | train batch=390/1418 | elapsed=2.8 min | eta=7.4 min
[2026-08-14 23:01:48] INFO Epoch 025 | train batch=400/1418 | elapsed=2.9 min | eta=7.3 min
[2026-08-14 23:01:52] INFO Epoch 025 | train batch=410/1418 | elapsed=3.0 min | eta=7.3 min
[2026-08-14 23:01:56] INFO Epoch 025 | train batch=420/1418 | elapsed=3.0 min | eta=7.2 min
[2026-08-14 23:02:00] INFO Epoch 025 | train batch=430/1418 | elapsed=3.1 min | eta=7.1 min
[2026-08-14 23:02:05] INFO Epoch 025 | train batch=440/1418 | elapsed=3.2 min | eta=7.0 min
[2026-08-14 23:02:09] INFO Epoch 025 | train batch=450/1418 | elapsed=3.2 min | eta=7.0 min
[2026-08-14 23:02:13] INFO Epoch 025 | train batch=460/1418 | elapsed=3.3 min | eta=6.9 min
[2026-08-14 23:02:18] INFO Epoch 025 | train batch=470/1418 | elapsed=3.4 min | eta=6.8 min
[2026-08-14 23:02:22] INFO Epoch 025 | train batch=480/1418 | elapsed=3.5 min | eta=6.8 min
[2026-08-14 23:02:27] INFO Epoch 025 | train batch=490/1418 | elapsed=3.5 min | eta=6.7 min
[2026-08-14 23:02:31] INFO Epoch 025 | train batch=500/1418 | elapsed=3.6 min | eta=6.6 min
[2026-08-14 23:02:35] INFO Epoch 025 | train batch=510/1418 | elapsed=3.7 min | eta=6.5 min
[2026-08-14 23:02:39] INFO Epoch 025 | train batch=520/1418 | elapsed=3.7 min | eta=6.5 min
[2026-08-14 23:02:43] INFO Epoch 025 | train batch=530/1418 | elapsed=3.8 min | eta=6.4 min
[2026-08-14 23:02:48] INFO Epoch 025 | train batch=540/1418 | elapsed=3.9 min | eta=6.3 min
[2026-08-14 23:02:52] INFO Epoch 025 | train batch=550/1418 | elapsed=4.0 min | eta=6.2 min
[2026-08-14 23:02:56] INFO Epoch 025 | train batch=560/1418 | elapsed=4.0 min | eta=6.2 min
[2026-08-14 23:03:00] INFO Epoch 025 | train batch=570/1418 | elapsed=4.1 min | eta=6.1 min
[2026-08-14 23:03:05] INFO Epoch 025 | train batch=580/1418 | elapsed=4.2 min | eta=6.0 min
[2026-08-14 23:03:09] INFO Epoch 025 | train batch=590/1418 | elapsed=4.2 min | eta=5.9 min
[2026-08-14 23:03:13] INFO Epoch 025 | train batch=600/1418 | elapsed=4.3 min | eta=5.9 min
[2026-08-14 23:03:17] INFO Epoch 025 | train batch=610/1418 | elapsed=4.4 min | eta=5.8 min
[2026-08-14 23:03:22] INFO Epoch 025 | train batch=620/1418 | elapsed=4.5 min | eta=5.7 min
[2026-08-14 23:03:26] INFO Epoch 025 | train batch=630/1418 | elapsed=4.5 min | eta=5.7 min
[2026-08-14 23:03:31] INFO Epoch 025 | train batch=640/1418 | elapsed=4.6 min | eta=5.6 min
[2026-08-14 23:03:35] INFO Epoch 025 | train batch=650/1418 | elapsed=4.7 min | eta=5.5 min
[2026-08-14 23:03:39] INFO Epoch 025 | train batch=660/1418 | elapsed=4.7 min | eta=5.4 min
[2026-08-14 23:03:44] INFO Epoch 025 | train batch=670/1418 | elapsed=4.8 min | eta=5.4 min
[2026-08-14 23:03:48] INFO Epoch 025 | train batch=680/1418 | elapsed=4.9 min | eta=5.3 min
[2026-08-14 23:03:53] INFO Epoch 025 | train batch=690/1418 | elapsed=5.0 min | eta=5.2 min
[2026-08-14 23:03:57] INFO Epoch 025 | train batch=700/1418 | elapsed=5.0 min | eta=5.2 min
[2026-08-14 23:04:02] INFO Epoch 025 | train batch=710/1418 | elapsed=5.1 min | eta=5.1 min
[2026-08-14 23:04:06] INFO Epoch 025 | train batch=720/1418 | elapsed=5.2 min | eta=5.0 min
[2026-08-14 23:04:10] INFO Epoch 025 | train batch=730/1418 | elapsed=5.3 min | eta=5.0 min
[2026-08-14 23:04:15] INFO Epoch 025 | train batch=740/1418 | elapsed=5.3 min | eta=4.9 min
[2026-08-14 23:04:19] INFO Epoch 025 | train batch=750/1418 | elapsed=5.4 min | eta=4.8 min
[2026-08-14 23:04:23] INFO Epoch 025 | train batch=760/1418 | elapsed=5.5 min | eta=4.7 min
[2026-08-14 23:04:27] INFO Epoch 025 | train batch=770/1418 | elapsed=5.5 min | eta=4.7 min
[2026-08-14 23:04:31] INFO Epoch 025 | train batch=780/1418 | elapsed=5.6 min | eta=4.6 min
[2026-08-14 23:04:36] INFO Epoch 025 | train batch=790/1418 | elapsed=5.7 min | eta=4.5 min
[2026-08-14 23:04:40] INFO Epoch 025 | train batch=800/1418 | elapsed=5.8 min | eta=4.4 min
[2026-08-14 23:04:44] INFO Epoch 025 | train batch=810/1418 | elapsed=5.8 min | eta=4.4 min
[2026-08-14 23:04:48] INFO Epoch 025 | train batch=820/1418 | elapsed=5.9 min | eta=4.3 min
[2026-08-14 23:04:53] INFO Epoch 025 | train batch=830/1418 | elapsed=6.0 min | eta=4.2 min
[2026-08-14 23:04:57] INFO Epoch 025 | train batch=840/1418 | elapsed=6.0 min | eta=4.2 min
[2026-08-14 23:05:02] INFO Epoch 025 | train batch=850/1418 | elapsed=6.1 min | eta=4.1 min
[2026-08-14 23:05:06] INFO Epoch 025 | train batch=860/1418 | elapsed=6.2 min | eta=4.0 min
[2026-08-14 23:05:10] INFO Epoch 025 | train batch=870/1418 | elapsed=6.3 min | eta=3.9 min
[2026-08-14 23:05:15] INFO Epoch 025 | train batch=880/1418 | elapsed=6.3 min | eta=3.9 min
[2026-08-14 23:05:19] INFO Epoch 025 | train batch=890/1418 | elapsed=6.4 min | eta=3.8 min
[2026-08-14 23:05:23] INFO Epoch 025 | train batch=900/1418 | elapsed=6.5 min | eta=3.7 min
[2026-08-14 23:05:27] INFO Epoch 025 | train batch=910/1418 | elapsed=6.5 min | eta=3.6 min
[2026-08-14 23:05:31] INFO Epoch 025 | train batch=920/1418 | elapsed=6.6 min | eta=3.6 min
[2026-08-14 23:05:35] INFO Epoch 025 | train batch=930/1418 | elapsed=6.7 min | eta=3.5 min
[2026-08-14 23:05:40] INFO Epoch 025 | train batch=940/1418 | elapsed=6.7 min | eta=3.4 min
[2026-08-14 23:05:44] INFO Epoch 025 | train batch=950/1418 | elapsed=6.8 min | eta=3.4 min
[2026-08-14 23:05:48] INFO Epoch 025 | train batch=960/1418 | elapsed=6.9 min | eta=3.3 min
[2026-08-14 23:05:53] INFO Epoch 025 | train batch=970/1418 | elapsed=7.0 min | eta=3.2 min
[2026-08-14 23:05:57] INFO Epoch 025 | train batch=980/1418 | elapsed=7.0 min | eta=3.1 min
[2026-08-14 23:06:01] INFO Epoch 025 | train batch=990/1418 | elapsed=7.1 min | eta=3.1 min
[2026-08-14 23:06:06] INFO Epoch 025 | train batch=1000/1418 | elapsed=7.2 min | eta=3.0 min
[2026-08-14 23:06:10] INFO Epoch 025 | train batch=1010/1418 | elapsed=7.3 min | eta=2.9 min
[2026-08-14 23:06:14] INFO Epoch 025 | train batch=1020/1418 | elapsed=7.3 min | eta=2.9 min
[2026-08-14 23:06:18] INFO Epoch 025 | train batch=1030/1418 | elapsed=7.4 min | eta=2.8 min
[2026-08-14 23:06:23] INFO Epoch 025 | train batch=1040/1418 | elapsed=7.5 min | eta=2.7 min
[2026-08-14 23:06:27] INFO Epoch 025 | train batch=1050/1418 | elapsed=7.5 min | eta=2.6 min
[2026-08-14 23:06:31] INFO Epoch 025 | train batch=1060/1418 | elapsed=7.6 min | eta=2.6 min
[2026-08-14 23:06:35] INFO Epoch 025 | train batch=1070/1418 | elapsed=7.7 min | eta=2.5 min
[2026-08-14 23:06:40] INFO Epoch 025 | train batch=1080/1418 | elapsed=7.7 min | eta=2.4 min
[2026-08-14 23:06:44] INFO Epoch 025 | train batch=1090/1418 | elapsed=7.8 min | eta=2.4 min
[2026-08-14 23:06:48] INFO Epoch 025 | train batch=1100/1418 | elapsed=7.9 min | eta=2.3 min
[2026-08-14 23:06:53] INFO Epoch 025 | train batch=1110/1418 | elapsed=8.0 min | eta=2.2 min
[2026-08-14 23:06:57] INFO Epoch 025 | train batch=1120/1418 | elapsed=8.0 min | eta=2.1 min
[2026-08-14 23:07:01] INFO Epoch 025 | train batch=1130/1418 | elapsed=8.1 min | eta=2.1 min
[2026-08-14 23:07:06] INFO Epoch 025 | train batch=1140/1418 | elapsed=8.2 min | eta=2.0 min
[2026-08-14 23:07:10] INFO Epoch 025 | train batch=1150/1418 | elapsed=8.3 min | eta=1.9 min
[2026-08-14 23:07:14] INFO Epoch 025 | train batch=1160/1418 | elapsed=8.3 min | eta=1.9 min
[2026-08-14 23:07:18] INFO Epoch 025 | train batch=1170/1418 | elapsed=8.4 min | eta=1.8 min
[2026-08-14 23:07:22] INFO Epoch 025 | train batch=1180/1418 | elapsed=8.5 min | eta=1.7 min
[2026-08-14 23:07:27] INFO Epoch 025 | train batch=1190/1418 | elapsed=8.5 min | eta=1.6 min
[2026-08-14 23:07:31] INFO Epoch 025 | train batch=1200/1418 | elapsed=8.6 min | eta=1.6 min
[2026-08-14 23:07:36] INFO Epoch 025 | train batch=1210/1418 | elapsed=8.7 min | eta=1.5 min
[2026-08-14 23:07:40] INFO Epoch 025 | train batch=1220/1418 | elapsed=8.8 min | eta=1.4 min
[2026-08-14 23:07:44] INFO Epoch 025 | train batch=1230/1418 | elapsed=8.8 min | eta=1.3 min
[2026-08-14 23:07:49] INFO Epoch 025 | train batch=1240/1418 | elapsed=8.9 min | eta=1.3 min
[2026-08-14 23:07:53] INFO Epoch 025 | train batch=1250/1418 | elapsed=9.0 min | eta=1.2 min
[2026-08-14 23:07:57] INFO Epoch 025 | train batch=1260/1418 | elapsed=9.0 min | eta=1.1 min
[2026-08-14 23:08:02] INFO Epoch 025 | train batch=1270/1418 | elapsed=9.1 min | eta=1.1 min
[2026-08-14 23:08:06] INFO Epoch 025 | train batch=1280/1418 | elapsed=9.2 min | eta=1.0 min
[2026-08-14 23:08:11] INFO Epoch 025 | train batch=1290/1418 | elapsed=9.3 min | eta=0.9 min
[2026-08-14 23:08:15] INFO Epoch 025 | train batch=1300/1418 | elapsed=9.3 min | eta=0.8 min
[2026-08-14 23:08:19] INFO Epoch 025 | train batch=1310/1418 | elapsed=9.4 min | eta=0.8 min
[2026-08-14 23:08:23] INFO Epoch 025 | train batch=1320/1418 | elapsed=9.5 min | eta=0.7 min
[2026-08-14 23:08:28] INFO Epoch 025 | train batch=1330/1418 | elapsed=9.6 min | eta=0.6 min
[2026-08-14 23:08:32] INFO Epoch 025 | train batch=1340/1418 | elapsed=9.6 min | eta=0.6 min
[2026-08-14 23:08:37] INFO Epoch 025 | train batch=1350/1418 | elapsed=9.7 min | eta=0.5 min
[2026-08-14 23:08:41] INFO Epoch 025 | train batch=1360/1418 | elapsed=9.8 min | eta=0.4 min
[2026-08-14 23:08:45] INFO Epoch 025 | train batch=1370/1418 | elapsed=9.8 min | eta=0.3 min
[2026-08-14 23:08:50] INFO Epoch 025 | train batch=1380/1418 | elapsed=9.9 min | eta=0.3 min
[2026-08-14 23:08:54] INFO Epoch 025 | train batch=1390/1418 | elapsed=10.0 min | eta=0.2 min
[2026-08-14 23:08:58] INFO Epoch 025 | train batch=1400/1418 | elapsed=10.1 min | eta=0.1 min
[2026-08-14 23:09:03] INFO Epoch 025 | train batch=1410/1418 | elapsed=10.1 min | eta=0.1 min
[2026-08-14 23:09:06] INFO Epoch 025 | train batch=1418/1418 | elapsed=10.2 min | eta=0.0 min
[2026-08-14 23:09:06] INFO Epoch 025 | val batch=1/188 | elapsed=0.0 min | eta=0.4 min
[2026-08-14 23:09:08] INFO Epoch 025 | val batch=10/188 | elapsed=0.0 min | eta=0.6 min
[2026-08-14 23:09:10] INFO Epoch 025 | val batch=20/188 | elapsed=0.1 min | eta=0.5 min
[2026-08-14 23:09:12] INFO Epoch 025 | val batch=30/188 | elapsed=0.1 min | eta=0.5 min
[2026-08-14 23:09:13] INFO Epoch 025 | val batch=40/188 | elapsed=0.1 min | eta=0.5 min
[2026-08-14 23:09:15] INFO Epoch 025 | val batch=50/188 | elapsed=0.2 min | eta=0.4 min
[2026-08-14 23:09:17] INFO Epoch 025 | val batch=60/188 | elapsed=0.2 min | eta=0.4 min
[2026-08-14 23:09:19] INFO Epoch 025 | val batch=70/188 | elapsed=0.2 min | eta=0.4 min
[2026-08-14 23:09:21] INFO Epoch 025 | val batch=80/188 | elapsed=0.2 min | eta=0.3 min
[2026-08-14 23:09:23] INFO Epoch 025 | val batch=90/188 | elapsed=0.3 min | eta=0.3 min
[2026-08-14 23:09:25] INFO Epoch 025 | val batch=100/188 | elapsed=0.3 min | eta=0.3 min
[2026-08-14 23:09:26] INFO Epoch 025 | val batch=110/188 | elapsed=0.3 min | eta=0.2 min
[2026-08-14 23:09:28] INFO Epoch 025 | val batch=120/188 | elapsed=0.4 min | eta=0.2 min
[2026-08-14 23:09:30] INFO Epoch 025 | val batch=130/188 | elapsed=0.4 min | eta=0.2 min
[2026-08-14 23:09:32] INFO Epoch 025 | val batch=140/188 | elapsed=0.4 min | eta=0.1 min
[2026-08-14 23:09:34] INFO Epoch 025 | val batch=150/188 | elapsed=0.5 min | eta=0.1 min
[2026-08-14 23:09:36] INFO Epoch 025 | val batch=160/188 | elapsed=0.5 min | eta=0.1 min
[2026-08-14 23:09:38] INFO Epoch 025 | val batch=170/188 | elapsed=0.5 min | eta=0.1 min
[2026-08-14 23:09:39] INFO Epoch 025 | val batch=180/188 | elapsed=0.6 min | eta=0.0 min
[2026-08-14 23:09:41] INFO Epoch 025 | val batch=188/188 | elapsed=0.6 min | eta=0.0 min
[2026-08-14 23:09:41] INFO Epoch 025 | train_total=0.443345 | val_total=0.445375 | val_mask=0.227371 | val_retrieval=2.180045 | val_profile=0.000000 | val_anchors=604396 | val_positive_pairs=0 | val_hard_negatives=0 | val_relation_candidates=7268824 | val_teacher_keff=3.787 | val_student_keff=7.947 | val_adapter_valid=0.000 | val_adapter_gate=0.000 | val_adapter_spatial_gate=0.000 | val_adapter_ratio=0.000000 | val_adapter_modulation=0.000000 | val_adapter_modulation_std=0.000000 | val_adapter_group_gate_std=0.000000 | val_adapter_low_rank=0.000000 | val_adapter_direct=0.000000 | val_masked_positions=42160856 | skipped(train/val)=0/0
[2026-08-14 23:09:41] INFO Epoch 026/050 started | train_batches=1418 | val_batches=188
[2026-08-14 23:09:41] INFO Epoch 026 | train batch=1/1418 | elapsed=0.0 min | eta=11.2 min
[2026-08-14 23:09:45] INFO Epoch 026 | train batch=10/1418 | elapsed=0.1 min | eta=9.6 min
[2026-08-14 23:09:49] INFO Epoch 026 | train batch=20/1418 | elapsed=0.1 min | eta=9.5 min
[2026-08-14 23:09:53] INFO Epoch 026 | train batch=30/1418 | elapsed=0.2 min | eta=9.8 min
[2026-08-14 23:09:58] INFO Epoch 026 | train batch=40/1418 | elapsed=0.3 min | eta=9.7 min
[2026-08-14 23:10:02] INFO Epoch 026 | train batch=50/1418 | elapsed=0.4 min | eta=9.8 min
[2026-08-14 23:10:07] INFO Epoch 026 | train batch=60/1418 | elapsed=0.4 min | eta=9.8 min
[2026-08-14 23:10:11] INFO Epoch 026 | train batch=70/1418 | elapsed=0.5 min | eta=9.7 min
[2026-08-14 23:10:15] INFO Epoch 026 | train batch=80/1418 | elapsed=0.6 min | eta=9.6 min
[2026-08-14 23:10:20] INFO Epoch 026 | train batch=90/1418 | elapsed=0.6 min | eta=9.6 min
[2026-08-14 23:10:24] INFO Epoch 026 | train batch=100/1418 | elapsed=0.7 min | eta=9.5 min
[2026-08-14 23:10:28] INFO Epoch 026 | train batch=110/1418 | elapsed=0.8 min | eta=9.4 min
[2026-08-14 23:10:33] INFO Epoch 026 | train batch=120/1418 | elapsed=0.9 min | eta=9.4 min
[2026-08-14 23:10:37] INFO Epoch 026 | train batch=130/1418 | elapsed=0.9 min | eta=9.3 min
[2026-08-14 23:10:41] INFO Epoch 026 | train batch=140/1418 | elapsed=1.0 min | eta=9.2 min
[2026-08-14 23:10:46] INFO Epoch 026 | train batch=150/1418 | elapsed=1.1 min | eta=9.2 min
[2026-08-14 23:10:50] INFO Epoch 026 | train batch=160/1418 | elapsed=1.2 min | eta=9.1 min
[2026-08-14 23:10:54] INFO Epoch 026 | train batch=170/1418 | elapsed=1.2 min | eta=9.0 min
[2026-08-14 23:10:58] INFO Epoch 026 | train batch=180/1418 | elapsed=1.3 min | eta=8.9 min
[2026-08-14 23:11:02] INFO Epoch 026 | train batch=190/1418 | elapsed=1.4 min | eta=8.8 min
[2026-08-14 23:11:07] INFO Epoch 026 | train batch=200/1418 | elapsed=1.4 min | eta=8.7 min
[2026-08-14 23:11:11] INFO Epoch 026 | train batch=210/1418 | elapsed=1.5 min | eta=8.7 min
[2026-08-14 23:11:15] INFO Epoch 026 | train batch=220/1418 | elapsed=1.6 min | eta=8.6 min
[2026-08-14 23:11:20] INFO Epoch 026 | train batch=230/1418 | elapsed=1.6 min | eta=8.5 min
[2026-08-14 23:11:24] INFO Epoch 026 | train batch=240/1418 | elapsed=1.7 min | eta=8.5 min
[2026-08-14 23:11:28] INFO Epoch 026 | train batch=250/1418 | elapsed=1.8 min | eta=8.4 min
[2026-08-14 23:11:33] INFO Epoch 026 | train batch=260/1418 | elapsed=1.9 min | eta=8.3 min
[2026-08-14 23:11:37] INFO Epoch 026 | train batch=270/1418 | elapsed=1.9 min | eta=8.3 min
[2026-08-14 23:11:42] INFO Epoch 026 | train batch=280/1418 | elapsed=2.0 min | eta=8.2 min
[2026-08-14 23:11:46] INFO Epoch 026 | train batch=290/1418 | elapsed=2.1 min | eta=8.1 min
[2026-08-14 23:11:50] INFO Epoch 026 | train batch=300/1418 | elapsed=2.2 min | eta=8.0 min
[2026-08-14 23:11:54] INFO Epoch 026 | train batch=310/1418 | elapsed=2.2 min | eta=8.0 min
[2026-08-14 23:11:59] INFO Epoch 026 | train batch=320/1418 | elapsed=2.3 min | eta=7.9 min
[2026-08-14 23:12:03] INFO Epoch 026 | train batch=330/1418 | elapsed=2.4 min | eta=7.8 min
[2026-08-14 23:12:07] INFO Epoch 026 | train batch=340/1418 | elapsed=2.4 min | eta=7.8 min
[2026-08-14 23:12:12] INFO Epoch 026 | train batch=350/1418 | elapsed=2.5 min | eta=7.7 min
[2026-08-14 23:12:16] INFO Epoch 026 | train batch=360/1418 | elapsed=2.6 min | eta=7.6 min
[2026-08-14 23:12:21] INFO Epoch 026 | train batch=370/1418 | elapsed=2.7 min | eta=7.6 min
[2026-08-14 23:12:25] INFO Epoch 026 | train batch=380/1418 | elapsed=2.7 min | eta=7.5 min
[2026-08-14 23:12:29] INFO Epoch 026 | train batch=390/1418 | elapsed=2.8 min | eta=7.4 min
[2026-08-14 23:12:34] INFO Epoch 026 | train batch=400/1418 | elapsed=2.9 min | eta=7.3 min
[2026-08-14 23:12:38] INFO Epoch 026 | train batch=410/1418 | elapsed=3.0 min | eta=7.3 min
[2026-08-14 23:12:42] INFO Epoch 026 | train batch=420/1418 | elapsed=3.0 min | eta=7.2 min
[2026-08-14 23:12:46] INFO Epoch 026 | train batch=430/1418 | elapsed=3.1 min | eta=7.1 min
[2026-08-14 23:12:50] INFO Epoch 026 | train batch=440/1418 | elapsed=3.2 min | eta=7.0 min
[2026-08-14 23:12:55] INFO Epoch 026 | train batch=450/1418 | elapsed=3.2 min | eta=7.0 min
[2026-08-14 23:12:59] INFO Epoch 026 | train batch=460/1418 | elapsed=3.3 min | eta=6.9 min
[2026-08-14 23:13:03] INFO Epoch 026 | train batch=470/1418 | elapsed=3.4 min | eta=6.8 min
[2026-08-14 23:13:08] INFO Epoch 026 | train batch=480/1418 | elapsed=3.5 min | eta=6.7 min
[2026-08-14 23:13:12] INFO Epoch 026 | train batch=490/1418 | elapsed=3.5 min | eta=6.7 min
[2026-08-14 23:13:16] INFO Epoch 026 | train batch=500/1418 | elapsed=3.6 min | eta=6.6 min
[2026-08-14 23:13:21] INFO Epoch 026 | train batch=510/1418 | elapsed=3.7 min | eta=6.5 min
[2026-08-14 23:13:25] INFO Epoch 026 | train batch=520/1418 | elapsed=3.7 min | eta=6.5 min
[2026-08-14 23:13:29] INFO Epoch 026 | train batch=530/1418 | elapsed=3.8 min | eta=6.4 min
[2026-08-14 23:13:34] INFO Epoch 026 | train batch=540/1418 | elapsed=3.9 min | eta=6.3 min
[2026-08-14 23:13:38] INFO Epoch 026 | train batch=550/1418 | elapsed=4.0 min | eta=6.2 min
[2026-08-14 23:13:42] INFO Epoch 026 | train batch=560/1418 | elapsed=4.0 min | eta=6.2 min
[2026-08-14 23:13:46] INFO Epoch 026 | train batch=570/1418 | elapsed=4.1 min | eta=6.1 min
[2026-08-14 23:13:51] INFO Epoch 026 | train batch=580/1418 | elapsed=4.2 min | eta=6.0 min
[2026-08-14 23:13:55] INFO Epoch 026 | train batch=590/1418 | elapsed=4.2 min | eta=5.9 min
[2026-08-14 23:13:59] INFO Epoch 026 | train batch=600/1418 | elapsed=4.3 min | eta=5.9 min
[2026-08-14 23:14:03] INFO Epoch 026 | train batch=610/1418 | elapsed=4.4 min | eta=5.8 min
[2026-08-14 23:14:07] INFO Epoch 026 | train batch=620/1418 | elapsed=4.4 min | eta=5.7 min
[2026-08-14 23:14:12] INFO Epoch 026 | train batch=630/1418 | elapsed=4.5 min | eta=5.7 min
[2026-08-14 23:14:16] INFO Epoch 026 | train batch=640/1418 | elapsed=4.6 min | eta=5.6 min
[2026-08-14 23:14:20] INFO Epoch 026 | train batch=650/1418 | elapsed=4.7 min | eta=5.5 min
[2026-08-14 23:14:24] INFO Epoch 026 | train batch=660/1418 | elapsed=4.7 min | eta=5.4 min
[2026-08-14 23:14:29] INFO Epoch 026 | train batch=670/1418 | elapsed=4.8 min | eta=5.4 min
[2026-08-14 23:14:33] INFO Epoch 026 | train batch=680/1418 | elapsed=4.9 min | eta=5.3 min
[2026-08-14 23:14:37] INFO Epoch 026 | train batch=690/1418 | elapsed=4.9 min | eta=5.2 min
[2026-08-14 23:14:41] INFO Epoch 026 | train batch=700/1418 | elapsed=5.0 min | eta=5.1 min
[2026-08-14 23:14:46] INFO Epoch 026 | train batch=710/1418 | elapsed=5.1 min | eta=5.1 min
[2026-08-14 23:14:50] INFO Epoch 026 | train batch=720/1418 | elapsed=5.2 min | eta=5.0 min
[2026-08-14 23:14:54] INFO Epoch 026 | train batch=730/1418 | elapsed=5.2 min | eta=4.9 min
[2026-08-14 23:14:59] INFO Epoch 026 | train batch=740/1418 | elapsed=5.3 min | eta=4.9 min
[2026-08-14 23:15:03] INFO Epoch 026 | train batch=750/1418 | elapsed=5.4 min | eta=4.8 min
[2026-08-14 23:15:07] INFO Epoch 026 | train batch=760/1418 | elapsed=5.4 min | eta=4.7 min
[2026-08-14 23:15:11] INFO Epoch 026 | train batch=770/1418 | elapsed=5.5 min | eta=4.6 min
[2026-08-14 23:15:16] INFO Epoch 026 | train batch=780/1418 | elapsed=5.6 min | eta=4.6 min
[2026-08-14 23:15:20] INFO Epoch 026 | train batch=790/1418 | elapsed=5.7 min | eta=4.5 min
[2026-08-14 23:15:24] INFO Epoch 026 | train batch=800/1418 | elapsed=5.7 min | eta=4.4 min
[2026-08-14 23:15:29] INFO Epoch 026 | train batch=810/1418 | elapsed=5.8 min | eta=4.4 min
[2026-08-14 23:15:33] INFO Epoch 026 | train batch=820/1418 | elapsed=5.9 min | eta=4.3 min
[2026-08-14 23:15:37] INFO Epoch 026 | train batch=830/1418 | elapsed=5.9 min | eta=4.2 min
[2026-08-14 23:15:42] INFO Epoch 026 | train batch=840/1418 | elapsed=6.0 min | eta=4.1 min
[2026-08-14 23:15:46] INFO Epoch 026 | train batch=850/1418 | elapsed=6.1 min | eta=4.1 min
[2026-08-14 23:15:50] INFO Epoch 026 | train batch=860/1418 | elapsed=6.2 min | eta=4.0 min
[2026-08-14 23:15:55] INFO Epoch 026 | train batch=870/1418 | elapsed=6.2 min | eta=3.9 min
[2026-08-14 23:15:59] INFO Epoch 026 | train batch=880/1418 | elapsed=6.3 min | eta=3.9 min
[2026-08-14 23:16:04] INFO Epoch 026 | train batch=890/1418 | elapsed=6.4 min | eta=3.8 min
[2026-08-14 23:16:08] INFO Epoch 026 | train batch=900/1418 | elapsed=6.5 min | eta=3.7 min
[2026-08-14 23:16:12] INFO Epoch 026 | train batch=910/1418 | elapsed=6.5 min | eta=3.6 min
[2026-08-14 23:16:17] INFO Epoch 026 | train batch=920/1418 | elapsed=6.6 min | eta=3.6 min
[2026-08-14 23:16:21] INFO Epoch 026 | train batch=930/1418 | elapsed=6.7 min | eta=3.5 min
[2026-08-14 23:16:25] INFO Epoch 026 | train batch=940/1418 | elapsed=6.7 min | eta=3.4 min
[2026-08-14 23:16:30] INFO Epoch 026 | train batch=950/1418 | elapsed=6.8 min | eta=3.4 min
[2026-08-14 23:16:34] INFO Epoch 026 | train batch=960/1418 | elapsed=6.9 min | eta=3.3 min
[2026-08-14 23:16:38] INFO Epoch 026 | train batch=970/1418 | elapsed=7.0 min | eta=3.2 min
[2026-08-14 23:16:42] INFO Epoch 026 | train batch=980/1418 | elapsed=7.0 min | eta=3.1 min
[2026-08-14 23:16:47] INFO Epoch 026 | train batch=990/1418 | elapsed=7.1 min | eta=3.1 min
[2026-08-14 23:16:51] INFO Epoch 026 | train batch=1000/1418 | elapsed=7.2 min | eta=3.0 min
[2026-08-14 23:16:55] INFO Epoch 026 | train batch=1010/1418 | elapsed=7.2 min | eta=2.9 min
[2026-08-14 23:17:00] INFO Epoch 026 | train batch=1020/1418 | elapsed=7.3 min | eta=2.9 min
[2026-08-14 23:17:04] INFO Epoch 026 | train batch=1030/1418 | elapsed=7.4 min | eta=2.8 min
[2026-08-14 23:17:08] INFO Epoch 026 | train batch=1040/1418 | elapsed=7.5 min | eta=2.7 min
[2026-08-14 23:17:12] INFO Epoch 026 | train batch=1050/1418 | elapsed=7.5 min | eta=2.6 min
[2026-08-14 23:17:17] INFO Epoch 026 | train batch=1060/1418 | elapsed=7.6 min | eta=2.6 min
[2026-08-14 23:17:21] INFO Epoch 026 | train batch=1070/1418 | elapsed=7.7 min | eta=2.5 min
[2026-08-14 23:17:25] INFO Epoch 026 | train batch=1080/1418 | elapsed=7.7 min | eta=2.4 min
[2026-08-14 23:17:30] INFO Epoch 026 | train batch=1090/1418 | elapsed=7.8 min | eta=2.4 min
[2026-08-14 23:17:34] INFO Epoch 026 | train batch=1100/1418 | elapsed=7.9 min | eta=2.3 min
[2026-08-14 23:17:39] INFO Epoch 026 | train batch=1110/1418 | elapsed=8.0 min | eta=2.2 min
[2026-08-14 23:17:43] INFO Epoch 026 | train batch=1120/1418 | elapsed=8.0 min | eta=2.1 min
[2026-08-14 23:17:47] INFO Epoch 026 | train batch=1130/1418 | elapsed=8.1 min | eta=2.1 min
[2026-08-14 23:17:51] INFO Epoch 026 | train batch=1140/1418 | elapsed=8.2 min | eta=2.0 min
[2026-08-14 23:17:56] INFO Epoch 026 | train batch=1150/1418 | elapsed=8.2 min | eta=1.9 min
[2026-08-14 23:18:00] INFO Epoch 026 | train batch=1160/1418 | elapsed=8.3 min | eta=1.9 min
[2026-08-14 23:18:04] INFO Epoch 026 | train batch=1170/1418 | elapsed=8.4 min | eta=1.8 min
[2026-08-14 23:18:09] INFO Epoch 026 | train batch=1180/1418 | elapsed=8.5 min | eta=1.7 min
[2026-08-14 23:18:13] INFO Epoch 026 | train batch=1190/1418 | elapsed=8.5 min | eta=1.6 min
[2026-08-14 23:18:18] INFO Epoch 026 | train batch=1200/1418 | elapsed=8.6 min | eta=1.6 min
[2026-08-14 23:18:22] INFO Epoch 026 | train batch=1210/1418 | elapsed=8.7 min | eta=1.5 min
[2026-08-14 23:18:26] INFO Epoch 026 | train batch=1220/1418 | elapsed=8.8 min | eta=1.4 min
[2026-08-14 23:18:30] INFO Epoch 026 | train batch=1230/1418 | elapsed=8.8 min | eta=1.3 min
[2026-08-14 23:18:35] INFO Epoch 026 | train batch=1240/1418 | elapsed=8.9 min | eta=1.3 min
[2026-08-14 23:18:39] INFO Epoch 026 | train batch=1250/1418 | elapsed=9.0 min | eta=1.2 min
[2026-08-14 23:18:43] INFO Epoch 026 | train batch=1260/1418 | elapsed=9.0 min | eta=1.1 min
[2026-08-14 23:18:48] INFO Epoch 026 | train batch=1270/1418 | elapsed=9.1 min | eta=1.1 min
[2026-08-14 23:18:52] INFO Epoch 026 | train batch=1280/1418 | elapsed=9.2 min | eta=1.0 min
[2026-08-14 23:18:57] INFO Epoch 026 | train batch=1290/1418 | elapsed=9.3 min | eta=0.9 min
[2026-08-14 23:19:01] INFO Epoch 026 | train batch=1300/1418 | elapsed=9.3 min | eta=0.8 min
[2026-08-14 23:19:05] INFO Epoch 026 | train batch=1310/1418 | elapsed=9.4 min | eta=0.8 min
[2026-08-14 23:19:10] INFO Epoch 026 | train batch=1320/1418 | elapsed=9.5 min | eta=0.7 min
[2026-08-14 23:19:14] INFO Epoch 026 | train batch=1330/1418 | elapsed=9.6 min | eta=0.6 min
[2026-08-14 23:19:19] INFO Epoch 026 | train batch=1340/1418 | elapsed=9.6 min | eta=0.6 min
[2026-08-14 23:19:23] INFO Epoch 026 | train batch=1350/1418 | elapsed=9.7 min | eta=0.5 min
[2026-08-14 23:19:27] INFO Epoch 026 | train batch=1360/1418 | elapsed=9.8 min | eta=0.4 min
[2026-08-14 23:19:32] INFO Epoch 026 | train batch=1370/1418 | elapsed=9.8 min | eta=0.3 min
[2026-08-14 23:19:36] INFO Epoch 026 | train batch=1380/1418 | elapsed=9.9 min | eta=0.3 min
[2026-08-14 23:19:40] INFO Epoch 026 | train batch=1390/1418 | elapsed=10.0 min | eta=0.2 min
[2026-08-14 23:19:44] INFO Epoch 026 | train batch=1400/1418 | elapsed=10.1 min | eta=0.1 min
[2026-08-14 23:19:49] INFO Epoch 026 | train batch=1410/1418 | elapsed=10.1 min | eta=0.1 min
[2026-08-14 23:19:52] INFO Epoch 026 | train batch=1418/1418 | elapsed=10.2 min | eta=0.0 min
[2026-08-14 23:19:52] INFO Epoch 026 | val batch=1/188 | elapsed=0.0 min | eta=0.4 min
[2026-08-14 23:19:54] INFO Epoch 026 | val batch=10/188 | elapsed=0.0 min | eta=0.6 min
[2026-08-14 23:19:56] INFO Epoch 026 | val batch=20/188 | elapsed=0.1 min | eta=0.5 min
[2026-08-14 23:19:58] INFO Epoch 026 | val batch=30/188 | elapsed=0.1 min | eta=0.5 min
[2026-08-14 23:19:59] INFO Epoch 026 | val batch=40/188 | elapsed=0.1 min | eta=0.5 min
[2026-08-14 23:20:01] INFO Epoch 026 | val batch=50/188 | elapsed=0.2 min | eta=0.4 min
[2026-08-14 23:20:03] INFO Epoch 026 | val batch=60/188 | elapsed=0.2 min | eta=0.4 min
[2026-08-14 23:20:05] INFO Epoch 026 | val batch=70/188 | elapsed=0.2 min | eta=0.4 min
[2026-08-14 23:20:07] INFO Epoch 026 | val batch=80/188 | elapsed=0.2 min | eta=0.3 min
[2026-08-14 23:20:09] INFO Epoch 026 | val batch=90/188 | elapsed=0.3 min | eta=0.3 min
[2026-08-14 23:20:11] INFO Epoch 026 | val batch=100/188 | elapsed=0.3 min | eta=0.3 min
[2026-08-14 23:20:12] INFO Epoch 026 | val batch=110/188 | elapsed=0.3 min | eta=0.2 min
[2026-08-14 23:20:14] INFO Epoch 026 | val batch=120/188 | elapsed=0.4 min | eta=0.2 min
[2026-08-14 23:20:16] INFO Epoch 026 | val batch=130/188 | elapsed=0.4 min | eta=0.2 min
[2026-08-14 23:20:18] INFO Epoch 026 | val batch=140/188 | elapsed=0.4 min | eta=0.1 min
[2026-08-14 23:20:20] INFO Epoch 026 | val batch=150/188 | elapsed=0.5 min | eta=0.1 min
[2026-08-14 23:20:22] INFO Epoch 026 | val batch=160/188 | elapsed=0.5 min | eta=0.1 min
[2026-08-14 23:20:24] INFO Epoch 026 | val batch=170/188 | elapsed=0.5 min | eta=0.1 min
[2026-08-14 23:20:25] INFO Epoch 026 | val batch=180/188 | elapsed=0.6 min | eta=0.0 min
[2026-08-14 23:20:27] INFO Epoch 026 | val batch=188/188 | elapsed=0.6 min | eta=0.0 min
[2026-08-14 23:20:27] INFO Epoch 026 | train_total=0.443970 | val_total=0.443451 | val_mask=0.225243 | val_retrieval=2.182074 | val_profile=0.000000 | val_anchors=604396 | val_positive_pairs=0 | val_hard_negatives=0 | val_relation_candidates=7268824 | val_teacher_keff=3.787 | val_student_keff=8.145 | val_adapter_valid=0.000 | val_adapter_gate=0.000 | val_adapter_spatial_gate=0.000 | val_adapter_ratio=0.000000 | val_adapter_modulation=0.000000 | val_adapter_modulation_std=0.000000 | val_adapter_group_gate_std=0.000000 | val_adapter_low_rank=0.000000 | val_adapter_direct=0.000000 | val_masked_positions=42235576 | skipped(train/val)=0/0
[2026-08-14 23:20:27] INFO Epoch 027/050 started | train_batches=1418 | val_batches=188
[2026-08-14 23:20:27] INFO Epoch 027 | train batch=1/1418 | elapsed=0.0 min | eta=11.3 min
[2026-08-14 23:20:31] INFO Epoch 027 | train batch=10/1418 | elapsed=0.1 min | eta=10.3 min
[2026-08-14 23:20:35] INFO Epoch 027 | train batch=20/1418 | elapsed=0.1 min | eta=10.0 min
[2026-08-14 23:20:40] INFO Epoch 027 | train batch=30/1418 | elapsed=0.2 min | eta=9.9 min
[2026-08-14 23:20:44] INFO Epoch 027 | train batch=40/1418 | elapsed=0.3 min | eta=9.9 min
[2026-08-14 23:20:48] INFO Epoch 027 | train batch=50/1418 | elapsed=0.4 min | eta=9.7 min
[2026-08-14 23:20:52] INFO Epoch 027 | train batch=60/1418 | elapsed=0.4 min | eta=9.6 min
[2026-08-14 23:20:57] INFO Epoch 027 | train batch=70/1418 | elapsed=0.5 min | eta=9.6 min
[2026-08-14 23:21:02] INFO Epoch 027 | train batch=80/1418 | elapsed=0.6 min | eta=9.7 min
[2026-08-14 23:21:06] INFO Epoch 027 | train batch=90/1418 | elapsed=0.6 min | eta=9.5 min
[2026-08-14 23:21:10] INFO Epoch 027 | train batch=100/1418 | elapsed=0.7 min | eta=9.5 min
[2026-08-14 23:21:14] INFO Epoch 027 | train batch=110/1418 | elapsed=0.8 min | eta=9.4 min
[2026-08-14 23:21:19] INFO Epoch 027 | train batch=120/1418 | elapsed=0.9 min | eta=9.4 min
[2026-08-14 23:21:23] INFO Epoch 027 | train batch=130/1418 | elapsed=0.9 min | eta=9.3 min
[2026-08-14 23:21:27] INFO Epoch 027 | train batch=140/1418 | elapsed=1.0 min | eta=9.2 min
[2026-08-14 23:21:31] INFO Epoch 027 | train batch=150/1418 | elapsed=1.1 min | eta=9.1 min
[2026-08-14 23:21:35] INFO Epoch 027 | train batch=160/1418 | elapsed=1.1 min | eta=9.0 min
[2026-08-14 23:21:40] INFO Epoch 027 | train batch=170/1418 | elapsed=1.2 min | eta=8.9 min
[2026-08-14 23:21:44] INFO Epoch 027 | train batch=180/1418 | elapsed=1.3 min | eta=8.9 min
[2026-08-14 23:21:49] INFO Epoch 027 | train batch=190/1418 | elapsed=1.4 min | eta=8.8 min
[2026-08-14 23:21:53] INFO Epoch 027 | train batch=200/1418 | elapsed=1.4 min | eta=8.7 min
[2026-08-14 23:21:58] INFO Epoch 027 | train batch=210/1418 | elapsed=1.5 min | eta=8.7 min
[2026-08-14 23:22:02] INFO Epoch 027 | train batch=220/1418 | elapsed=1.6 min | eta=8.6 min
[2026-08-14 23:22:06] INFO Epoch 027 | train batch=230/1418 | elapsed=1.7 min | eta=8.5 min
[2026-08-14 23:22:10] INFO Epoch 027 | train batch=240/1418 | elapsed=1.7 min | eta=8.4 min
[2026-08-14 23:22:14] INFO Epoch 027 | train batch=250/1418 | elapsed=1.8 min | eta=8.4 min
[2026-08-14 23:22:18] INFO Epoch 027 | train batch=260/1418 | elapsed=1.9 min | eta=8.3 min
[2026-08-14 23:22:23] INFO Epoch 027 | train batch=270/1418 | elapsed=1.9 min | eta=8.2 min
[2026-08-14 23:22:27] INFO Epoch 027 | train batch=280/1418 | elapsed=2.0 min | eta=8.1 min
[2026-08-14 23:22:31] INFO Epoch 027 | train batch=290/1418 | elapsed=2.1 min | eta=8.1 min
[2026-08-14 23:22:35] INFO Epoch 027 | train batch=300/1418 | elapsed=2.1 min | eta=8.0 min
[2026-08-14 23:22:40] INFO Epoch 027 | train batch=310/1418 | elapsed=2.2 min | eta=7.9 min
[2026-08-14 23:22:44] INFO Epoch 027 | train batch=320/1418 | elapsed=2.3 min | eta=7.8 min
[2026-08-14 23:22:49] INFO Epoch 027 | train batch=330/1418 | elapsed=2.4 min | eta=7.8 min
[2026-08-14 23:22:53] INFO Epoch 027 | train batch=340/1418 | elapsed=2.4 min | eta=7.7 min
[2026-08-14 23:22:57] INFO Epoch 027 | train batch=350/1418 | elapsed=2.5 min | eta=7.6 min
[2026-08-14 23:23:01] INFO Epoch 027 | train batch=360/1418 | elapsed=2.6 min | eta=7.6 min
[2026-08-14 23:23:05] INFO Epoch 027 | train batch=370/1418 | elapsed=2.6 min | eta=7.5 min
[2026-08-14 23:23:09] INFO Epoch 027 | train batch=380/1418 | elapsed=2.7 min | eta=7.4 min
[2026-08-14 23:23:13] INFO Epoch 027 | train batch=390/1418 | elapsed=2.8 min | eta=7.3 min
[2026-08-14 23:23:18] INFO Epoch 027 | train batch=400/1418 | elapsed=2.8 min | eta=7.3 min
[2026-08-14 23:23:22] INFO Epoch 027 | train batch=410/1418 | elapsed=2.9 min | eta=7.2 min
[2026-08-14 23:23:26] INFO Epoch 027 | train batch=420/1418 | elapsed=3.0 min | eta=7.1 min
[2026-08-14 23:23:30] INFO Epoch 027 | train batch=430/1418 | elapsed=3.1 min | eta=7.0 min
[2026-08-14 23:23:35] INFO Epoch 027 | train batch=440/1418 | elapsed=3.1 min | eta=7.0 min
[2026-08-14 23:23:39] INFO Epoch 027 | train batch=450/1418 | elapsed=3.2 min | eta=6.9 min
[2026-08-14 23:23:43] INFO Epoch 027 | train batch=460/1418 | elapsed=3.3 min | eta=6.8 min
[2026-08-14 23:23:47] INFO Epoch 027 | train batch=470/1418 | elapsed=3.3 min | eta=6.7 min
[2026-08-14 23:23:52] INFO Epoch 027 | train batch=480/1418 | elapsed=3.4 min | eta=6.7 min
[2026-08-14 23:23:56] INFO Epoch 027 | train batch=490/1418 | elapsed=3.5 min | eta=6.6 min
[2026-08-14 23:24:00] INFO Epoch 027 | train batch=500/1418 | elapsed=3.6 min | eta=6.5 min
[2026-08-14 23:24:04] INFO Epoch 027 | train batch=510/1418 | elapsed=3.6 min | eta=6.5 min
[2026-08-14 23:24:09] INFO Epoch 027 | train batch=520/1418 | elapsed=3.7 min | eta=6.4 min
[2026-08-14 23:24:13] INFO Epoch 027 | train batch=530/1418 | elapsed=3.8 min | eta=6.3 min
[2026-08-14 23:24:17] INFO Epoch 027 | train batch=540/1418 | elapsed=3.8 min | eta=6.2 min
[2026-08-14 23:24:21] INFO Epoch 027 | train batch=550/1418 | elapsed=3.9 min | eta=6.2 min
[2026-08-14 23:24:26] INFO Epoch 027 | train batch=560/1418 | elapsed=4.0 min | eta=6.1 min
[2026-08-14 23:24:30] INFO Epoch 027 | train batch=570/1418 | elapsed=4.0 min | eta=6.0 min
[2026-08-14 23:24:34] INFO Epoch 027 | train batch=580/1418 | elapsed=4.1 min | eta=6.0 min
[2026-08-14 23:24:38] INFO Epoch 027 | train batch=590/1418 | elapsed=4.2 min | eta=5.9 min
[2026-08-14 23:24:42] INFO Epoch 027 | train batch=600/1418 | elapsed=4.3 min | eta=5.8 min
[2026-08-14 23:24:46] INFO Epoch 027 | train batch=610/1418 | elapsed=4.3 min | eta=5.7 min
[2026-08-14 23:24:51] INFO Epoch 027 | train batch=620/1418 | elapsed=4.4 min | eta=5.7 min
[2026-08-14 23:24:55] INFO Epoch 027 | train batch=630/1418 | elapsed=4.5 min | eta=5.6 min
[2026-08-14 23:25:00] INFO Epoch 027 | train batch=640/1418 | elapsed=4.6 min | eta=5.5 min
[2026-08-14 23:25:04] INFO Epoch 027 | train batch=650/1418 | elapsed=4.6 min | eta=5.5 min
[2026-08-14 23:25:09] INFO Epoch 027 | train batch=660/1418 | elapsed=4.7 min | eta=5.4 min
[2026-08-14 23:25:13] INFO Epoch 027 | train batch=670/1418 | elapsed=4.8 min | eta=5.3 min
[2026-08-14 23:25:17] INFO Epoch 027 | train batch=680/1418 | elapsed=4.8 min | eta=5.3 min
[2026-08-14 23:25:21] INFO Epoch 027 | train batch=690/1418 | elapsed=4.9 min | eta=5.2 min
[2026-08-14 23:25:26] INFO Epoch 027 | train batch=700/1418 | elapsed=5.0 min | eta=5.1 min
[2026-08-14 23:25:30] INFO Epoch 027 | train batch=710/1418 | elapsed=5.1 min | eta=5.0 min
[2026-08-14 23:25:34] INFO Epoch 027 | train batch=720/1418 | elapsed=5.1 min | eta=5.0 min
[2026-08-14 23:25:38] INFO Epoch 027 | train batch=730/1418 | elapsed=5.2 min | eta=4.9 min
[2026-08-14 23:25:43] INFO Epoch 027 | train batch=740/1418 | elapsed=5.3 min | eta=4.8 min
[2026-08-14 23:25:47] INFO Epoch 027 | train batch=750/1418 | elapsed=5.3 min | eta=4.8 min
[2026-08-14 23:25:51] INFO Epoch 027 | train batch=760/1418 | elapsed=5.4 min | eta=4.7 min
[2026-08-14 23:25:55] INFO Epoch 027 | train batch=770/1418 | elapsed=5.5 min | eta=4.6 min
[2026-08-14 23:26:00] INFO Epoch 027 | train batch=780/1418 | elapsed=5.5 min | eta=4.5 min
[2026-08-14 23:26:04] INFO Epoch 027 | train batch=790/1418 | elapsed=5.6 min | eta=4.5 min
[2026-08-14 23:26:08] INFO Epoch 027 | train batch=800/1418 | elapsed=5.7 min | eta=4.4 min
[2026-08-14 23:26:12] INFO Epoch 027 | train batch=810/1418 | elapsed=5.8 min | eta=4.3 min
[2026-08-14 23:26:16] INFO Epoch 027 | train batch=820/1418 | elapsed=5.8 min | eta=4.3 min
[2026-08-14 23:26:21] INFO Epoch 027 | train batch=830/1418 | elapsed=5.9 min | eta=4.2 min
[2026-08-14 23:26:25] INFO Epoch 027 | train batch=840/1418 | elapsed=6.0 min | eta=4.1 min
[2026-08-14 23:26:29] INFO Epoch 027 | train batch=850/1418 | elapsed=6.0 min | eta=4.0 min
[2026-08-14 23:26:34] INFO Epoch 027 | train batch=860/1418 | elapsed=6.1 min | eta=4.0 min
[2026-08-14 23:26:38] INFO Epoch 027 | train batch=870/1418 | elapsed=6.2 min | eta=3.9 min
[2026-08-14 23:26:43] INFO Epoch 027 | train batch=880/1418 | elapsed=6.3 min | eta=3.8 min
[2026-08-14 23:26:47] INFO Epoch 027 | train batch=890/1418 | elapsed=6.3 min | eta=3.8 min
[2026-08-14 23:26:52] INFO Epoch 027 | train batch=900/1418 | elapsed=6.4 min | eta=3.7 min
[2026-08-14 23:26:56] INFO Epoch 027 | train batch=910/1418 | elapsed=6.5 min | eta=3.6 min
[2026-08-14 23:27:00] INFO Epoch 027 | train batch=920/1418 | elapsed=6.6 min | eta=3.6 min
[2026-08-14 23:27:05] INFO Epoch 027 | train batch=930/1418 | elapsed=6.6 min | eta=3.5 min
[2026-08-14 23:27:09] INFO Epoch 027 | train batch=940/1418 | elapsed=6.7 min | eta=3.4 min
[2026-08-14 23:27:13] INFO Epoch 027 | train batch=950/1418 | elapsed=6.8 min | eta=3.3 min
[2026-08-14 23:27:17] INFO Epoch 027 | train batch=960/1418 | elapsed=6.8 min | eta=3.3 min
[2026-08-14 23:27:21] INFO Epoch 027 | train batch=970/1418 | elapsed=6.9 min | eta=3.2 min
[2026-08-14 23:27:26] INFO Epoch 027 | train batch=980/1418 | elapsed=7.0 min | eta=3.1 min
[2026-08-14 23:27:30] INFO Epoch 027 | train batch=990/1418 | elapsed=7.1 min | eta=3.1 min
[2026-08-14 23:27:35] INFO Epoch 027 | train batch=1000/1418 | elapsed=7.1 min | eta=3.0 min
[2026-08-14 23:27:39] INFO Epoch 027 | train batch=1010/1418 | elapsed=7.2 min | eta=2.9 min
[2026-08-14 23:27:43] INFO Epoch 027 | train batch=1020/1418 | elapsed=7.3 min | eta=2.8 min
[2026-08-14 23:27:47] INFO Epoch 027 | train batch=1030/1418 | elapsed=7.3 min | eta=2.8 min
[2026-08-14 23:27:51] INFO Epoch 027 | train batch=1040/1418 | elapsed=7.4 min | eta=2.7 min
[2026-08-14 23:27:56] INFO Epoch 027 | train batch=1050/1418 | elapsed=7.5 min | eta=2.6 min
[2026-08-14 23:28:00] INFO Epoch 027 | train batch=1060/1418 | elapsed=7.6 min | eta=2.6 min
[2026-08-14 23:28:04] INFO Epoch 027 | train batch=1070/1418 | elapsed=7.6 min | eta=2.5 min
[2026-08-14 23:28:08] INFO Epoch 027 | train batch=1080/1418 | elapsed=7.7 min | eta=2.4 min
[2026-08-14 23:28:13] INFO Epoch 027 | train batch=1090/1418 | elapsed=7.8 min | eta=2.3 min
[2026-08-14 23:28:17] INFO Epoch 027 | train batch=1100/1418 | elapsed=7.8 min | eta=2.3 min
[2026-08-14 23:28:21] INFO Epoch 027 | train batch=1110/1418 | elapsed=7.9 min | eta=2.2 min
[2026-08-14 23:28:26] INFO Epoch 027 | train batch=1120/1418 | elapsed=8.0 min | eta=2.1 min
[2026-08-14 23:28:30] INFO Epoch 027 | train batch=1130/1418 | elapsed=8.1 min | eta=2.1 min
[2026-08-14 23:28:34] INFO Epoch 027 | train batch=1140/1418 | elapsed=8.1 min | eta=2.0 min
[2026-08-14 23:28:38] INFO Epoch 027 | train batch=1150/1418 | elapsed=8.2 min | eta=1.9 min
[2026-08-14 23:28:43] INFO Epoch 027 | train batch=1160/1418 | elapsed=8.3 min | eta=1.8 min
[2026-08-14 23:28:47] INFO Epoch 027 | train batch=1170/1418 | elapsed=8.3 min | eta=1.8 min
[2026-08-14 23:28:51] INFO Epoch 027 | train batch=1180/1418 | elapsed=8.4 min | eta=1.7 min
[2026-08-14 23:28:55] INFO Epoch 027 | train batch=1190/1418 | elapsed=8.5 min | eta=1.6 min
[2026-08-14 23:29:00] INFO Epoch 027 | train batch=1200/1418 | elapsed=8.5 min | eta=1.6 min
[2026-08-14 23:29:04] INFO Epoch 027 | train batch=1210/1418 | elapsed=8.6 min | eta=1.5 min
[2026-08-14 23:29:08] INFO Epoch 027 | train batch=1220/1418 | elapsed=8.7 min | eta=1.4 min
[2026-08-14 23:29:12] INFO Epoch 027 | train batch=1230/1418 | elapsed=8.8 min | eta=1.3 min
[2026-08-14 23:29:17] INFO Epoch 027 | train batch=1240/1418 | elapsed=8.8 min | eta=1.3 min
[2026-08-14 23:29:22] INFO Epoch 027 | train batch=1250/1418 | elapsed=8.9 min | eta=1.2 min
[2026-08-14 23:29:26] INFO Epoch 027 | train batch=1260/1418 | elapsed=9.0 min | eta=1.1 min
[2026-08-14 23:29:30] INFO Epoch 027 | train batch=1270/1418 | elapsed=9.1 min | eta=1.1 min
[2026-08-14 23:29:35] INFO Epoch 027 | train batch=1280/1418 | elapsed=9.1 min | eta=1.0 min
[2026-08-14 23:29:39] INFO Epoch 027 | train batch=1290/1418 | elapsed=9.2 min | eta=0.9 min
[2026-08-14 23:29:44] INFO Epoch 027 | train batch=1300/1418 | elapsed=9.3 min | eta=0.8 min
[2026-08-14 23:29:48] INFO Epoch 027 | train batch=1310/1418 | elapsed=9.4 min | eta=0.8 min
[2026-08-14 23:29:52] INFO Epoch 027 | train batch=1320/1418 | elapsed=9.4 min | eta=0.7 min
[2026-08-14 23:29:57] INFO Epoch 027 | train batch=1330/1418 | elapsed=9.5 min | eta=0.6 min
[2026-08-14 23:30:01] INFO Epoch 027 | train batch=1340/1418 | elapsed=9.6 min | eta=0.6 min
[2026-08-14 23:30:05] INFO Epoch 027 | train batch=1350/1418 | elapsed=9.6 min | eta=0.5 min
[2026-08-14 23:30:09] INFO Epoch 027 | train batch=1360/1418 | elapsed=9.7 min | eta=0.4 min
[2026-08-14 23:30:13] INFO Epoch 027 | train batch=1370/1418 | elapsed=9.8 min | eta=0.3 min
[2026-08-14 23:30:18] INFO Epoch 027 | train batch=1380/1418 | elapsed=9.8 min | eta=0.3 min
[2026-08-14 23:30:22] INFO Epoch 027 | train batch=1390/1418 | elapsed=9.9 min | eta=0.2 min
[2026-08-14 23:30:26] INFO Epoch 027 | train batch=1400/1418 | elapsed=10.0 min | eta=0.1 min
[2026-08-14 23:30:30] INFO Epoch 027 | train batch=1410/1418 | elapsed=10.1 min | eta=0.1 min
[2026-08-14 23:30:33] INFO Epoch 027 | train batch=1418/1418 | elapsed=10.1 min | eta=0.0 min
[2026-08-14 23:30:34] INFO Epoch 027 | val batch=1/188 | elapsed=0.0 min | eta=0.4 min
[2026-08-14 23:30:35] INFO Epoch 027 | val batch=10/188 | elapsed=0.0 min | eta=0.6 min
[2026-08-14 23:30:37] INFO Epoch 027 | val batch=20/188 | elapsed=0.1 min | eta=0.5 min
[2026-08-14 23:30:39] INFO Epoch 027 | val batch=30/188 | elapsed=0.1 min | eta=0.5 min
[2026-08-14 23:30:41] INFO Epoch 027 | val batch=40/188 | elapsed=0.1 min | eta=0.5 min
[2026-08-14 23:30:43] INFO Epoch 027 | val batch=50/188 | elapsed=0.2 min | eta=0.4 min
[2026-08-14 23:30:45] INFO Epoch 027 | val batch=60/188 | elapsed=0.2 min | eta=0.4 min
[2026-08-14 23:30:46] INFO Epoch 027 | val batch=70/188 | elapsed=0.2 min | eta=0.4 min
[2026-08-14 23:30:48] INFO Epoch 027 | val batch=80/188 | elapsed=0.2 min | eta=0.3 min
[2026-08-14 23:30:50] INFO Epoch 027 | val batch=90/188 | elapsed=0.3 min | eta=0.3 min
[2026-08-14 23:30:52] INFO Epoch 027 | val batch=100/188 | elapsed=0.3 min | eta=0.3 min
[2026-08-14 23:30:54] INFO Epoch 027 | val batch=110/188 | elapsed=0.3 min | eta=0.2 min
[2026-08-14 23:30:56] INFO Epoch 027 | val batch=120/188 | elapsed=0.4 min | eta=0.2 min
[2026-08-14 23:30:58] INFO Epoch 027 | val batch=130/188 | elapsed=0.4 min | eta=0.2 min
[2026-08-14 23:30:59] INFO Epoch 027 | val batch=140/188 | elapsed=0.4 min | eta=0.1 min
[2026-08-14 23:31:01] INFO Epoch 027 | val batch=150/188 | elapsed=0.5 min | eta=0.1 min
[2026-08-14 23:31:03] INFO Epoch 027 | val batch=160/188 | elapsed=0.5 min | eta=0.1 min
[2026-08-14 23:31:05] INFO Epoch 027 | val batch=170/188 | elapsed=0.5 min | eta=0.1 min
[2026-08-14 23:31:07] INFO Epoch 027 | val batch=180/188 | elapsed=0.6 min | eta=0.0 min
[2026-08-14 23:31:08] INFO Epoch 027 | val batch=188/188 | elapsed=0.6 min | eta=0.0 min
[2026-08-14 23:31:08] INFO Epoch 027 | train_total=0.449928 | val_total=0.442655 | val_mask=0.224335 | val_retrieval=2.183194 | val_profile=0.000000 | val_anchors=604396 | val_positive_pairs=0 | val_hard_negatives=0 | val_relation_candidates=7268824 | val_teacher_keff=3.787 | val_student_keff=8.050 | val_adapter_valid=0.000 | val_adapter_gate=0.000 | val_adapter_spatial_gate=0.000 | val_adapter_ratio=0.000000 | val_adapter_modulation=0.000000 | val_adapter_modulation_std=0.000000 | val_adapter_group_gate_std=0.000000 | val_adapter_low_rank=0.000000 | val_adapter_direct=0.000000 | val_masked_positions=42192090 | skipped(train/val)=0/0
[2026-08-14 23:31:08] INFO Epoch 028/050 started | train_batches=1418 | val_batches=188
[2026-08-14 23:31:09] INFO Epoch 028 | train batch=1/1418 | elapsed=0.0 min | eta=9.0 min
[2026-08-14 23:31:12] INFO Epoch 028 | train batch=10/1418 | elapsed=0.1 min | eta=9.8 min
[2026-08-14 23:31:17] INFO Epoch 028 | train batch=20/1418 | elapsed=0.1 min | eta=10.1 min
[2026-08-14 23:31:21] INFO Epoch 028 | train batch=30/1418 | elapsed=0.2 min | eta=10.0 min
[2026-08-14 23:31:25] INFO Epoch 028 | train batch=40/1418 | elapsed=0.3 min | eta=9.8 min
[2026-08-14 23:31:30] INFO Epoch 028 | train batch=50/1418 | elapsed=0.4 min | eta=9.8 min
[2026-08-14 23:31:34] INFO Epoch 028 | train batch=60/1418 | elapsed=0.4 min | eta=9.7 min
[2026-08-14 23:31:38] INFO Epoch 028 | train batch=70/1418 | elapsed=0.5 min | eta=9.6 min
[2026-08-14 23:31:42] INFO Epoch 028 | train batch=80/1418 | elapsed=0.6 min | eta=9.5 min
[2026-08-14 23:31:47] INFO Epoch 028 | train batch=90/1418 | elapsed=0.6 min | eta=9.4 min
[2026-08-14 23:31:51] INFO Epoch 028 | train batch=100/1418 | elapsed=0.7 min | eta=9.4 min
[2026-08-14 23:31:55] INFO Epoch 028 | train batch=110/1418 | elapsed=0.8 min | eta=9.3 min
[2026-08-14 23:32:00] INFO Epoch 028 | train batch=120/1418 | elapsed=0.9 min | eta=9.3 min
[2026-08-14 23:32:04] INFO Epoch 028 | train batch=130/1418 | elapsed=0.9 min | eta=9.2 min
[2026-08-14 23:32:08] INFO Epoch 028 | train batch=140/1418 | elapsed=1.0 min | eta=9.1 min
[2026-08-14 23:32:12] INFO Epoch 028 | train batch=150/1418 | elapsed=1.1 min | eta=9.1 min
[2026-08-14 23:32:17] INFO Epoch 028 | train batch=160/1418 | elapsed=1.1 min | eta=9.0 min
[2026-08-14 23:32:21] INFO Epoch 028 | train batch=170/1418 | elapsed=1.2 min | eta=9.0 min
[2026-08-14 23:32:26] INFO Epoch 028 | train batch=180/1418 | elapsed=1.3 min | eta=8.9 min
[2026-08-14 23:32:30] INFO Epoch 028 | train batch=190/1418 | elapsed=1.4 min | eta=8.8 min
[2026-08-14 23:32:34] INFO Epoch 028 | train batch=200/1418 | elapsed=1.4 min | eta=8.7 min
[2026-08-14 23:32:39] INFO Epoch 028 | train batch=210/1418 | elapsed=1.5 min | eta=8.7 min
[2026-08-14 23:32:43] INFO Epoch 028 | train batch=220/1418 | elapsed=1.6 min | eta=8.6 min
[2026-08-14 23:32:47] INFO Epoch 028 | train batch=230/1418 | elapsed=1.7 min | eta=8.5 min
[2026-08-14 23:32:51] INFO Epoch 028 | train batch=240/1418 | elapsed=1.7 min | eta=8.5 min
[2026-08-14 23:32:56] INFO Epoch 028 | train batch=250/1418 | elapsed=1.8 min | eta=8.4 min
[2026-08-14 23:33:00] INFO Epoch 028 | train batch=260/1418 | elapsed=1.9 min | eta=8.3 min
[2026-08-14 23:33:04] INFO Epoch 028 | train batch=270/1418 | elapsed=1.9 min | eta=8.2 min
[2026-08-14 23:33:08] INFO Epoch 028 | train batch=280/1418 | elapsed=2.0 min | eta=8.1 min
[2026-08-14 23:33:13] INFO Epoch 028 | train batch=290/1418 | elapsed=2.1 min | eta=8.1 min
[2026-08-14 23:33:17] INFO Epoch 028 | train batch=300/1418 | elapsed=2.1 min | eta=8.0 min
[2026-08-14 23:33:21] INFO Epoch 028 | train batch=310/1418 | elapsed=2.2 min | eta=7.9 min
[2026-08-14 23:33:26] INFO Epoch 028 | train batch=320/1418 | elapsed=2.3 min | eta=7.9 min
[2026-08-14 23:33:30] INFO Epoch 028 | train batch=330/1418 | elapsed=2.4 min | eta=7.8 min
[2026-08-14 23:33:34] INFO Epoch 028 | train batch=340/1418 | elapsed=2.4 min | eta=7.7 min
[2026-08-14 23:33:39] INFO Epoch 028 | train batch=350/1418 | elapsed=2.5 min | eta=7.6 min
[2026-08-14 23:33:43] INFO Epoch 028 | train batch=360/1418 | elapsed=2.6 min | eta=7.6 min
[2026-08-14 23:33:47] INFO Epoch 028 | train batch=370/1418 | elapsed=2.7 min | eta=7.5 min
[2026-08-14 23:33:51] INFO Epoch 028 | train batch=380/1418 | elapsed=2.7 min | eta=7.4 min
[2026-08-14 23:33:56] INFO Epoch 028 | train batch=390/1418 | elapsed=2.8 min | eta=7.4 min
[2026-08-14 23:34:00] INFO Epoch 028 | train batch=400/1418 | elapsed=2.9 min | eta=7.3 min
[2026-08-14 23:34:04] INFO Epoch 028 | train batch=410/1418 | elapsed=2.9 min | eta=7.2 min
[2026-08-14 23:34:08] INFO Epoch 028 | train batch=420/1418 | elapsed=3.0 min | eta=7.1 min
[2026-08-14 23:34:13] INFO Epoch 028 | train batch=430/1418 | elapsed=3.1 min | eta=7.1 min
[2026-08-14 23:34:17] INFO Epoch 028 | train batch=440/1418 | elapsed=3.1 min | eta=7.0 min
[2026-08-14 23:34:21] INFO Epoch 028 | train batch=450/1418 | elapsed=3.2 min | eta=6.9 min
[2026-08-14 23:34:25] INFO Epoch 028 | train batch=460/1418 | elapsed=3.3 min | eta=6.8 min
[2026-08-14 23:34:30] INFO Epoch 028 | train batch=470/1418 | elapsed=3.4 min | eta=6.8 min
[2026-08-14 23:34:34] INFO Epoch 028 | train batch=480/1418 | elapsed=3.4 min | eta=6.7 min
[2026-08-14 23:34:38] INFO Epoch 028 | train batch=490/1418 | elapsed=3.5 min | eta=6.6 min
[2026-08-14 23:34:43] INFO Epoch 028 | train batch=500/1418 | elapsed=3.6 min | eta=6.6 min
[2026-08-14 23:34:47] INFO Epoch 028 | train batch=510/1418 | elapsed=3.6 min | eta=6.5 min
[2026-08-14 23:34:51] INFO Epoch 028 | train batch=520/1418 | elapsed=3.7 min | eta=6.4 min
[2026-08-14 23:34:56] INFO Epoch 028 | train batch=530/1418 | elapsed=3.8 min | eta=6.4 min
[2026-08-14 23:35:00] INFO Epoch 028 | train batch=540/1418 | elapsed=3.9 min | eta=6.3 min
[2026-08-14 23:35:04] INFO Epoch 028 | train batch=550/1418 | elapsed=3.9 min | eta=6.2 min
[2026-08-14 23:35:08] INFO Epoch 028 | train batch=560/1418 | elapsed=4.0 min | eta=6.1 min
[2026-08-14 23:35:13] INFO Epoch 028 | train batch=570/1418 | elapsed=4.1 min | eta=6.1 min
[2026-08-14 23:35:17] INFO Epoch 028 | train batch=580/1418 | elapsed=4.1 min | eta=6.0 min
[2026-08-14 23:35:21] INFO Epoch 028 | train batch=590/1418 | elapsed=4.2 min | eta=5.9 min
[2026-08-14 23:35:26] INFO Epoch 028 | train batch=600/1418 | elapsed=4.3 min | eta=5.9 min
[2026-08-14 23:35:30] INFO Epoch 028 | train batch=610/1418 | elapsed=4.4 min | eta=5.8 min
[2026-08-14 23:35:34] INFO Epoch 028 | train batch=620/1418 | elapsed=4.4 min | eta=5.7 min
[2026-08-14 23:35:38] INFO Epoch 028 | train batch=630/1418 | elapsed=4.5 min | eta=5.6 min
[2026-08-14 23:35:42] INFO Epoch 028 | train batch=640/1418 | elapsed=4.6 min | eta=5.6 min
[2026-08-14 23:35:46] INFO Epoch 028 | train batch=650/1418 | elapsed=4.6 min | eta=5.5 min
[2026-08-14 23:35:51] INFO Epoch 028 | train batch=660/1418 | elapsed=4.7 min | eta=5.4 min
[2026-08-14 23:35:55] INFO Epoch 028 | train batch=670/1418 | elapsed=4.8 min | eta=5.3 min
[2026-08-14 23:35:59] INFO Epoch 028 | train batch=680/1418 | elapsed=4.9 min | eta=5.3 min
[2026-08-14 23:36:04] INFO Epoch 028 | train batch=690/1418 | elapsed=4.9 min | eta=5.2 min
[2026-08-14 23:36:08] INFO Epoch 028 | train batch=700/1418 | elapsed=5.0 min | eta=5.1 min
[2026-08-14 23:36:12] INFO Epoch 028 | train batch=710/1418 | elapsed=5.1 min | eta=5.0 min
[2026-08-14 23:36:16] INFO Epoch 028 | train batch=720/1418 | elapsed=5.1 min | eta=5.0 min
[2026-08-14 23:36:20] INFO Epoch 028 | train batch=730/1418 | elapsed=5.2 min | eta=4.9 min
[2026-08-14 23:36:25] INFO Epoch 028 | train batch=740/1418 | elapsed=5.3 min | eta=4.8 min
[2026-08-14 23:36:29] INFO Epoch 028 | train batch=750/1418 | elapsed=5.3 min | eta=4.8 min
[2026-08-14 23:36:33] INFO Epoch 028 | train batch=760/1418 | elapsed=5.4 min | eta=4.7 min
[2026-08-14 23:36:37] INFO Epoch 028 | train batch=770/1418 | elapsed=5.5 min | eta=4.6 min
[2026-08-14 23:36:41] INFO Epoch 028 | train batch=780/1418 | elapsed=5.6 min | eta=4.5 min
[2026-08-14 23:36:46] INFO Epoch 028 | train batch=790/1418 | elapsed=5.6 min | eta=4.5 min
[2026-08-14 23:36:50] INFO Epoch 028 | train batch=800/1418 | elapsed=5.7 min | eta=4.4 min
[2026-08-14 23:36:54] INFO Epoch 028 | train batch=810/1418 | elapsed=5.8 min | eta=4.3 min
[2026-08-14 23:36:59] INFO Epoch 028 | train batch=820/1418 | elapsed=5.8 min | eta=4.3 min
[2026-08-14 23:37:03] INFO Epoch 028 | train batch=830/1418 | elapsed=5.9 min | eta=4.2 min
[2026-08-14 23:37:07] INFO Epoch 028 | train batch=840/1418 | elapsed=6.0 min | eta=4.1 min
[2026-08-14 23:37:11] INFO Epoch 028 | train batch=850/1418 | elapsed=6.1 min | eta=4.0 min
[2026-08-14 23:37:15] INFO Epoch 028 | train batch=860/1418 | elapsed=6.1 min | eta=4.0 min
[2026-08-14 23:37:20] INFO Epoch 028 | train batch=870/1418 | elapsed=6.2 min | eta=3.9 min
[2026-08-14 23:37:24] INFO Epoch 028 | train batch=880/1418 | elapsed=6.3 min | eta=3.8 min
[2026-08-14 23:37:28] INFO Epoch 028 | train batch=890/1418 | elapsed=6.3 min | eta=3.8 min
[2026-08-14 23:37:33] INFO Epoch 028 | train batch=900/1418 | elapsed=6.4 min | eta=3.7 min
[2026-08-14 23:37:37] INFO Epoch 028 | train batch=910/1418 | elapsed=6.5 min | eta=3.6 min
[2026-08-14 23:37:41] INFO Epoch 028 | train batch=920/1418 | elapsed=6.6 min | eta=3.5 min
[2026-08-14 23:37:46] INFO Epoch 028 | train batch=930/1418 | elapsed=6.6 min | eta=3.5 min
[2026-08-14 23:37:50] INFO Epoch 028 | train batch=940/1418 | elapsed=6.7 min | eta=3.4 min
[2026-08-14 23:37:54] INFO Epoch 028 | train batch=950/1418 | elapsed=6.8 min | eta=3.3 min
[2026-08-14 23:37:58] INFO Epoch 028 | train batch=960/1418 | elapsed=6.8 min | eta=3.3 min
[2026-08-14 23:38:03] INFO Epoch 028 | train batch=970/1418 | elapsed=6.9 min | eta=3.2 min
[2026-08-14 23:38:07] INFO Epoch 028 | train batch=980/1418 | elapsed=7.0 min | eta=3.1 min
[2026-08-14 23:38:12] INFO Epoch 028 | train batch=990/1418 | elapsed=7.1 min | eta=3.1 min
[2026-08-14 23:38:16] INFO Epoch 028 | train batch=1000/1418 | elapsed=7.1 min | eta=3.0 min
[2026-08-14 23:38:20] INFO Epoch 028 | train batch=1010/1418 | elapsed=7.2 min | eta=2.9 min
[2026-08-14 23:38:24] INFO Epoch 028 | train batch=1020/1418 | elapsed=7.3 min | eta=2.8 min
[2026-08-14 23:38:29] INFO Epoch 028 | train batch=1030/1418 | elapsed=7.3 min | eta=2.8 min
[2026-08-14 23:38:33] INFO Epoch 028 | train batch=1040/1418 | elapsed=7.4 min | eta=2.7 min
[2026-08-14 23:38:38] INFO Epoch 028 | train batch=1050/1418 | elapsed=7.5 min | eta=2.6 min
[2026-08-14 23:38:42] INFO Epoch 028 | train batch=1060/1418 | elapsed=7.6 min | eta=2.6 min
[2026-08-14 23:38:46] INFO Epoch 028 | train batch=1070/1418 | elapsed=7.6 min | eta=2.5 min
[2026-08-14 23:38:50] INFO Epoch 028 | train batch=1080/1418 | elapsed=7.7 min | eta=2.4 min
[2026-08-14 23:38:54] INFO Epoch 028 | train batch=1090/1418 | elapsed=7.8 min | eta=2.3 min
[2026-08-14 23:38:58] INFO Epoch 028 | train batch=1100/1418 | elapsed=7.8 min | eta=2.3 min
[2026-08-14 23:39:02] INFO Epoch 028 | train batch=1110/1418 | elapsed=7.9 min | eta=2.2 min
[2026-08-14 23:39:06] INFO Epoch 028 | train batch=1120/1418 | elapsed=8.0 min | eta=2.1 min
[2026-08-14 23:39:11] INFO Epoch 028 | train batch=1130/1418 | elapsed=8.0 min | eta=2.1 min
[2026-08-14 23:39:15] INFO Epoch 028 | train batch=1140/1418 | elapsed=8.1 min | eta=2.0 min
[2026-08-14 23:39:19] INFO Epoch 028 | train batch=1150/1418 | elapsed=8.2 min | eta=1.9 min
[2026-08-14 23:39:24] INFO Epoch 028 | train batch=1160/1418 | elapsed=8.3 min | eta=1.8 min
[2026-08-14 23:39:28] INFO Epoch 028 | train batch=1170/1418 | elapsed=8.3 min | eta=1.8 min
[2026-08-14 23:39:32] INFO Epoch 028 | train batch=1180/1418 | elapsed=8.4 min | eta=1.7 min
[2026-08-14 23:39:36] INFO Epoch 028 | train batch=1190/1418 | elapsed=8.5 min | eta=1.6 min
[2026-08-14 23:39:41] INFO Epoch 028 | train batch=1200/1418 | elapsed=8.5 min | eta=1.6 min
[2026-08-14 23:39:45] INFO Epoch 028 | train batch=1210/1418 | elapsed=8.6 min | eta=1.5 min
[2026-08-14 23:39:49] INFO Epoch 028 | train batch=1220/1418 | elapsed=8.7 min | eta=1.4 min
[2026-08-14 23:39:53] INFO Epoch 028 | train batch=1230/1418 | elapsed=8.8 min | eta=1.3 min
[2026-08-14 23:39:58] INFO Epoch 028 | train batch=1240/1418 | elapsed=8.8 min | eta=1.3 min
[2026-08-14 23:40:02] INFO Epoch 028 | train batch=1250/1418 | elapsed=8.9 min | eta=1.2 min
[2026-08-14 23:40:06] INFO Epoch 028 | train batch=1260/1418 | elapsed=9.0 min | eta=1.1 min
[2026-08-14 23:40:10] INFO Epoch 028 | train batch=1270/1418 | elapsed=9.0 min | eta=1.1 min
[2026-08-14 23:40:15] INFO Epoch 028 | train batch=1280/1418 | elapsed=9.1 min | eta=1.0 min
[2026-08-14 23:40:19] INFO Epoch 028 | train batch=1290/1418 | elapsed=9.2 min | eta=0.9 min
[2026-08-14 23:40:23] INFO Epoch 028 | train batch=1300/1418 | elapsed=9.3 min | eta=0.8 min
[2026-08-14 23:40:28] INFO Epoch 028 | train batch=1310/1418 | elapsed=9.3 min | eta=0.8 min
[2026-08-14 23:40:32] INFO Epoch 028 | train batch=1320/1418 | elapsed=9.4 min | eta=0.7 min
[2026-08-14 23:40:36] INFO Epoch 028 | train batch=1330/1418 | elapsed=9.5 min | eta=0.6 min
[2026-08-14 23:40:40] INFO Epoch 028 | train batch=1340/1418 | elapsed=9.5 min | eta=0.6 min
[2026-08-14 23:40:44] INFO Epoch 028 | train batch=1350/1418 | elapsed=9.6 min | eta=0.5 min
[2026-08-14 23:40:49] INFO Epoch 028 | train batch=1360/1418 | elapsed=9.7 min | eta=0.4 min
[2026-08-14 23:40:53] INFO Epoch 028 | train batch=1370/1418 | elapsed=9.8 min | eta=0.3 min
[2026-08-14 23:40:58] INFO Epoch 028 | train batch=1380/1418 | elapsed=9.8 min | eta=0.3 min
[2026-08-14 23:41:02] INFO Epoch 028 | train batch=1390/1418 | elapsed=9.9 min | eta=0.2 min
[2026-08-14 23:41:06] INFO Epoch 028 | train batch=1400/1418 | elapsed=10.0 min | eta=0.1 min
[2026-08-14 23:41:11] INFO Epoch 028 | train batch=1410/1418 | elapsed=10.0 min | eta=0.1 min
[2026-08-14 23:41:14] INFO Epoch 028 | train batch=1418/1418 | elapsed=10.1 min | eta=0.0 min
[2026-08-14 23:41:14] INFO Epoch 028 | val batch=1/188 | elapsed=0.0 min | eta=0.4 min
[2026-08-14 23:41:15] INFO Epoch 028 | val batch=10/188 | elapsed=0.0 min | eta=0.6 min
[2026-08-14 23:41:17] INFO Epoch 028 | val batch=20/188 | elapsed=0.1 min | eta=0.5 min
[2026-08-14 23:41:19] INFO Epoch 028 | val batch=30/188 | elapsed=0.1 min | eta=0.5 min
[2026-08-14 23:41:21] INFO Epoch 028 | val batch=40/188 | elapsed=0.1 min | eta=0.5 min
[2026-08-14 23:41:23] INFO Epoch 028 | val batch=50/188 | elapsed=0.2 min | eta=0.4 min
[2026-08-14 23:41:25] INFO Epoch 028 | val batch=60/188 | elapsed=0.2 min | eta=0.4 min
[2026-08-14 23:41:27] INFO Epoch 028 | val batch=70/188 | elapsed=0.2 min | eta=0.4 min
[2026-08-14 23:41:29] INFO Epoch 028 | val batch=80/188 | elapsed=0.2 min | eta=0.3 min
[2026-08-14 23:41:30] INFO Epoch 028 | val batch=90/188 | elapsed=0.3 min | eta=0.3 min
[2026-08-14 23:41:32] INFO Epoch 028 | val batch=100/188 | elapsed=0.3 min | eta=0.3 min
[2026-08-14 23:41:34] INFO Epoch 028 | val batch=110/188 | elapsed=0.3 min | eta=0.2 min
[2026-08-14 23:41:36] INFO Epoch 028 | val batch=120/188 | elapsed=0.4 min | eta=0.2 min
[2026-08-14 23:41:38] INFO Epoch 028 | val batch=130/188 | elapsed=0.4 min | eta=0.2 min
[2026-08-14 23:41:40] INFO Epoch 028 | val batch=140/188 | elapsed=0.4 min | eta=0.1 min
[2026-08-14 23:41:42] INFO Epoch 028 | val batch=150/188 | elapsed=0.5 min | eta=0.1 min
[2026-08-14 23:41:43] INFO Epoch 028 | val batch=160/188 | elapsed=0.5 min | eta=0.1 min
[2026-08-14 23:41:45] INFO Epoch 028 | val batch=170/188 | elapsed=0.5 min | eta=0.1 min
[2026-08-14 23:41:47] INFO Epoch 028 | val batch=180/188 | elapsed=0.6 min | eta=0.0 min
[2026-08-14 23:41:48] INFO Epoch 028 | val batch=188/188 | elapsed=0.6 min | eta=0.0 min
[2026-08-14 23:41:48] INFO Epoch 028 | train_total=0.448575 | val_total=0.438105 | val_mask=0.219958 | val_retrieval=2.181465 | val_profile=0.000000 | val_anchors=604396 | val_positive_pairs=0 | val_hard_negatives=0 | val_relation_candidates=7268824 | val_teacher_keff=3.787 | val_student_keff=7.958 | val_adapter_valid=0.000 | val_adapter_gate=0.000 | val_adapter_spatial_gate=0.000 | val_adapter_ratio=0.000000 | val_adapter_modulation=0.000000 | val_adapter_modulation_std=0.000000 | val_adapter_group_gate_std=0.000000 | val_adapter_low_rank=0.000000 | val_adapter_direct=0.000000 | val_masked_positions=42153866 | skipped(train/val)=0/0
[2026-08-14 23:41:48] INFO Checkpoint updated | epoch=28 | best_val=0.438105 | path=C:\Users\clw\projects\researchRep\STAnchor-BlockMemory\artifacts\metrla_e5_final_latent48_global288_seed42\pretrain_best.pt
[2026-08-14 23:41:48] INFO Early stopping | epoch=28 | stale_epochs=10 | val_retrieval=2.178476
[2026-08-14 23:41:48] INFO Pretraining finished | best_val=0.438105 | best_val_relation=2.178476 | checkpoint=C:\Users\clw\projects\researchRep\STAnchor-BlockMemory\artifacts\metrla_e5_final_latent48_global288_seed42\pretrain_best.pt | relation_checkpoint=C:\Users\clw\projects\researchRep\STAnchor-BlockMemory\artifacts\metrla_e5_final_latent48_global288_seed42\pretrain_best_relation.pt
