[2026-08-14 23:41:54] INFO Pretraining start | run=metrla_e5_final_latent48_cc_fgda_global288_seed42 | device=cuda:0 (requested=cuda:0) | seed=42 | output=C:\Users\clw\projects\researchRep\STAnchor-BlockMemory\artifacts\metrla_e5_final_latent48_cc_fgda_global288_seed42
[2026-08-14 23:41:54] INFO Data | steps=34272 | nodes=207 | channels=1 | train/val/test=22681/2993/6025 | dropped_unobserved=1010/135/531
[2026-08-14 23:41:54] INFO Tensor contract | retrieval_x=[B,288,207,1] | forecast_x=[B,12,207,1] | patches=24 | hidden=96 | retrieval_dim=48 | y=[B,12,207,1] | graph_edges=1722
[2026-08-14 23:41:54] INFO Parameters | total=414,021 | trainable=414,021 | embedding=30,432 | encoder=336,864 | dynamics_adapter=22,185 | retrieval_head=23,376 | reconstruction_head=1,164
[2026-08-14 23:41:54] INFO Optimization | epochs=50 | batch_size=16 | lr=0.001 | weight_decay=0.0001 | time_mask=0.250 | time_mask_block=36 steps | space_mask=0.250 | retrieval_loss=relation | teacher_mode=offset_decay | distance_normalization=symmetric_geometric_mean | future_increment_weight=0.000 | retrieval_weight=0.100 | student_tau=0.100 | teacher_tau=0.100 | adapter=context_conditioned | adapter_bottleneck=48 | patience=10
[2026-08-14 23:41:54] INFO Epoch 001/050 started | train_batches=1418 | val_batches=188
[2026-08-14 23:41:55] INFO Epoch 001 | train batch=1/1418 | elapsed=0.0 min | eta=26.1 min
[2026-08-14 23:41:59] INFO Epoch 001 | train batch=10/1418 | elapsed=0.1 min | eta=12.7 min
[2026-08-14 23:42:04] INFO Epoch 001 | train batch=20/1418 | elapsed=0.2 min | eta=11.8 min
[2026-08-14 23:42:09] INFO Epoch 001 | train batch=30/1418 | elapsed=0.3 min | eta=11.6 min
[2026-08-14 23:42:14] INFO Epoch 001 | train batch=40/1418 | elapsed=0.3 min | eta=11.4 min
[2026-08-14 23:42:18] INFO Epoch 001 | train batch=50/1418 | elapsed=0.4 min | eta=11.3 min
[2026-08-14 23:42:23] INFO Epoch 001 | train batch=60/1418 | elapsed=0.5 min | eta=11.2 min
[2026-08-14 23:42:28] INFO Epoch 001 | train batch=70/1418 | elapsed=0.6 min | eta=11.1 min
[2026-08-14 23:42:33] INFO Epoch 001 | train batch=80/1418 | elapsed=0.7 min | eta=11.0 min
[2026-08-14 23:42:38] INFO Epoch 001 | train batch=90/1418 | elapsed=0.7 min | eta=10.8 min
[2026-08-14 23:42:43] INFO Epoch 001 | train batch=100/1418 | elapsed=0.8 min | eta=10.8 min
[2026-08-14 23:42:48] INFO Epoch 001 | train batch=110/1418 | elapsed=0.9 min | eta=10.7 min
[2026-08-14 23:42:53] INFO Epoch 001 | train batch=120/1418 | elapsed=1.0 min | eta=10.6 min
[2026-08-14 23:42:58] INFO Epoch 001 | train batch=130/1418 | elapsed=1.1 min | eta=10.5 min
[2026-08-14 23:43:03] INFO Epoch 001 | train batch=140/1418 | elapsed=1.1 min | eta=10.5 min
[2026-08-14 23:43:07] INFO Epoch 001 | train batch=150/1418 | elapsed=1.2 min | eta=10.4 min
[2026-08-14 23:43:12] INFO Epoch 001 | train batch=160/1418 | elapsed=1.3 min | eta=10.3 min
[2026-08-14 23:43:17] INFO Epoch 001 | train batch=170/1418 | elapsed=1.4 min | eta=10.2 min
[2026-08-14 23:43:22] INFO Epoch 001 | train batch=180/1418 | elapsed=1.5 min | eta=10.1 min
[2026-08-14 23:43:27] INFO Epoch 001 | train batch=190/1418 | elapsed=1.6 min | eta=10.0 min
[2026-08-14 23:43:32] INFO Epoch 001 | train batch=200/1418 | elapsed=1.6 min | eta=9.9 min
[2026-08-14 23:43:36] INFO Epoch 001 | train batch=210/1418 | elapsed=1.7 min | eta=9.9 min
[2026-08-14 23:43:41] INFO Epoch 001 | train batch=220/1418 | elapsed=1.8 min | eta=9.7 min
[2026-08-14 23:43:46] INFO Epoch 001 | train batch=230/1418 | elapsed=1.9 min | eta=9.7 min
[2026-08-14 23:43:51] INFO Epoch 001 | train batch=240/1418 | elapsed=2.0 min | eta=9.6 min
[2026-08-14 23:43:56] INFO Epoch 001 | train batch=250/1418 | elapsed=2.0 min | eta=9.5 min
[2026-08-14 23:44:01] INFO Epoch 001 | train batch=260/1418 | elapsed=2.1 min | eta=9.4 min
[2026-08-14 23:44:05] INFO Epoch 001 | train batch=270/1418 | elapsed=2.2 min | eta=9.3 min
[2026-08-14 23:44:10] INFO Epoch 001 | train batch=280/1418 | elapsed=2.3 min | eta=9.2 min
[2026-08-14 23:44:15] INFO Epoch 001 | train batch=290/1418 | elapsed=2.3 min | eta=9.1 min
[2026-08-14 23:44:19] INFO Epoch 001 | train batch=300/1418 | elapsed=2.4 min | eta=9.0 min
[2026-08-14 23:44:24] INFO Epoch 001 | train batch=310/1418 | elapsed=2.5 min | eta=9.0 min
[2026-08-14 23:44:29] INFO Epoch 001 | train batch=320/1418 | elapsed=2.6 min | eta=8.9 min
[2026-08-14 23:44:34] INFO Epoch 001 | train batch=330/1418 | elapsed=2.7 min | eta=8.8 min
[2026-08-14 23:44:39] INFO Epoch 001 | train batch=340/1418 | elapsed=2.7 min | eta=8.7 min
[2026-08-14 23:44:44] INFO Epoch 001 | train batch=350/1418 | elapsed=2.8 min | eta=8.6 min
[2026-08-14 23:44:49] INFO Epoch 001 | train batch=360/1418 | elapsed=2.9 min | eta=8.6 min
[2026-08-14 23:44:54] INFO Epoch 001 | train batch=370/1418 | elapsed=3.0 min | eta=8.5 min
[2026-08-14 23:44:59] INFO Epoch 001 | train batch=380/1418 | elapsed=3.1 min | eta=8.4 min
[2026-08-14 23:45:03] INFO Epoch 001 | train batch=390/1418 | elapsed=3.2 min | eta=8.3 min
[2026-08-14 23:45:08] INFO Epoch 001 | train batch=400/1418 | elapsed=3.2 min | eta=8.2 min
[2026-08-14 23:45:13] INFO Epoch 001 | train batch=410/1418 | elapsed=3.3 min | eta=8.2 min
[2026-08-14 23:45:18] INFO Epoch 001 | train batch=420/1418 | elapsed=3.4 min | eta=8.1 min
[2026-08-14 23:45:22] INFO Epoch 001 | train batch=430/1418 | elapsed=3.5 min | eta=8.0 min
[2026-08-14 23:45:27] INFO Epoch 001 | train batch=440/1418 | elapsed=3.6 min | eta=7.9 min
[2026-08-14 23:45:32] INFO Epoch 001 | train batch=450/1418 | elapsed=3.6 min | eta=7.8 min
[2026-08-14 23:45:37] INFO Epoch 001 | train batch=460/1418 | elapsed=3.7 min | eta=7.7 min
[2026-08-14 23:45:41] INFO Epoch 001 | train batch=470/1418 | elapsed=3.8 min | eta=7.7 min
[2026-08-14 23:45:46] INFO Epoch 001 | train batch=480/1418 | elapsed=3.9 min | eta=7.6 min
[2026-08-14 23:45:51] INFO Epoch 001 | train batch=490/1418 | elapsed=4.0 min | eta=7.5 min
[2026-08-14 23:45:56] INFO Epoch 001 | train batch=500/1418 | elapsed=4.0 min | eta=7.4 min
[2026-08-14 23:46:01] INFO Epoch 001 | train batch=510/1418 | elapsed=4.1 min | eta=7.3 min
[2026-08-14 23:46:06] INFO Epoch 001 | train batch=520/1418 | elapsed=4.2 min | eta=7.3 min
[2026-08-14 23:46:11] INFO Epoch 001 | train batch=530/1418 | elapsed=4.3 min | eta=7.2 min
[2026-08-14 23:46:16] INFO Epoch 001 | train batch=540/1418 | elapsed=4.4 min | eta=7.1 min
[2026-08-14 23:46:21] INFO Epoch 001 | train batch=550/1418 | elapsed=4.5 min | eta=7.0 min
[2026-08-14 23:46:26] INFO Epoch 001 | train batch=560/1418 | elapsed=4.5 min | eta=7.0 min
[2026-08-14 23:46:31] INFO Epoch 001 | train batch=570/1418 | elapsed=4.6 min | eta=6.9 min
[2026-08-14 23:46:36] INFO Epoch 001 | train batch=580/1418 | elapsed=4.7 min | eta=6.8 min
[2026-08-14 23:46:41] INFO Epoch 001 | train batch=590/1418 | elapsed=4.8 min | eta=6.7 min
[2026-08-14 23:46:45] INFO Epoch 001 | train batch=600/1418 | elapsed=4.9 min | eta=6.6 min
[2026-08-14 23:46:50] INFO Epoch 001 | train batch=610/1418 | elapsed=4.9 min | eta=6.5 min
[2026-08-14 23:46:55] INFO Epoch 001 | train batch=620/1418 | elapsed=5.0 min | eta=6.5 min
[2026-08-14 23:47:00] INFO Epoch 001 | train batch=630/1418 | elapsed=5.1 min | eta=6.4 min
[2026-08-14 23:47:04] INFO Epoch 001 | train batch=640/1418 | elapsed=5.2 min | eta=6.3 min
[2026-08-14 23:47:09] INFO Epoch 001 | train batch=650/1418 | elapsed=5.3 min | eta=6.2 min
[2026-08-14 23:47:14] INFO Epoch 001 | train batch=660/1418 | elapsed=5.3 min | eta=6.1 min
[2026-08-14 23:47:19] INFO Epoch 001 | train batch=670/1418 | elapsed=5.4 min | eta=6.1 min
[2026-08-14 23:47:24] INFO Epoch 001 | train batch=680/1418 | elapsed=5.5 min | eta=6.0 min
[2026-08-14 23:47:29] INFO Epoch 001 | train batch=690/1418 | elapsed=5.6 min | eta=5.9 min
[2026-08-14 23:47:34] INFO Epoch 001 | train batch=700/1418 | elapsed=5.7 min | eta=5.8 min
[2026-08-14 23:47:38] INFO Epoch 001 | train batch=710/1418 | elapsed=5.7 min | eta=5.7 min
[2026-08-14 23:47:43] INFO Epoch 001 | train batch=720/1418 | elapsed=5.8 min | eta=5.6 min
[2026-08-14 23:47:48] INFO Epoch 001 | train batch=730/1418 | elapsed=5.9 min | eta=5.6 min
[2026-08-14 23:47:52] INFO Epoch 001 | train batch=740/1418 | elapsed=6.0 min | eta=5.5 min
[2026-08-14 23:47:57] INFO Epoch 001 | train batch=750/1418 | elapsed=6.1 min | eta=5.4 min
[2026-08-14 23:48:02] INFO Epoch 001 | train batch=760/1418 | elapsed=6.1 min | eta=5.3 min
[2026-08-14 23:48:07] INFO Epoch 001 | train batch=770/1418 | elapsed=6.2 min | eta=5.2 min
[2026-08-14 23:48:12] INFO Epoch 001 | train batch=780/1418 | elapsed=6.3 min | eta=5.2 min
[2026-08-14 23:48:17] INFO Epoch 001 | train batch=790/1418 | elapsed=6.4 min | eta=5.1 min
[2026-08-14 23:48:21] INFO Epoch 001 | train batch=800/1418 | elapsed=6.5 min | eta=5.0 min
[2026-08-14 23:48:26] INFO Epoch 001 | train batch=810/1418 | elapsed=6.5 min | eta=4.9 min
[2026-08-14 23:48:31] INFO Epoch 001 | train batch=820/1418 | elapsed=6.6 min | eta=4.8 min
[2026-08-14 23:48:36] INFO Epoch 001 | train batch=830/1418 | elapsed=6.7 min | eta=4.7 min
[2026-08-14 23:48:41] INFO Epoch 001 | train batch=840/1418 | elapsed=6.8 min | eta=4.7 min
[2026-08-14 23:48:45] INFO Epoch 001 | train batch=850/1418 | elapsed=6.9 min | eta=4.6 min
[2026-08-14 23:48:50] INFO Epoch 001 | train batch=860/1418 | elapsed=6.9 min | eta=4.5 min
[2026-08-14 23:48:55] INFO Epoch 001 | train batch=870/1418 | elapsed=7.0 min | eta=4.4 min
[2026-08-14 23:49:00] INFO Epoch 001 | train batch=880/1418 | elapsed=7.1 min | eta=4.3 min
[2026-08-14 23:49:05] INFO Epoch 001 | train batch=890/1418 | elapsed=7.2 min | eta=4.3 min
[2026-08-14 23:49:10] INFO Epoch 001 | train batch=900/1418 | elapsed=7.3 min | eta=4.2 min
[2026-08-14 23:49:15] INFO Epoch 001 | train batch=910/1418 | elapsed=7.3 min | eta=4.1 min
[2026-08-14 23:49:19] INFO Epoch 001 | train batch=920/1418 | elapsed=7.4 min | eta=4.0 min
[2026-08-14 23:49:24] INFO Epoch 001 | train batch=930/1418 | elapsed=7.5 min | eta=3.9 min
[2026-08-14 23:49:29] INFO Epoch 001 | train batch=940/1418 | elapsed=7.6 min | eta=3.9 min
[2026-08-14 23:49:34] INFO Epoch 001 | train batch=950/1418 | elapsed=7.7 min | eta=3.8 min
[2026-08-14 23:49:39] INFO Epoch 001 | train batch=960/1418 | elapsed=7.8 min | eta=3.7 min
[2026-08-14 23:49:43] INFO Epoch 001 | train batch=970/1418 | elapsed=7.8 min | eta=3.6 min
[2026-08-14 23:49:48] INFO Epoch 001 | train batch=980/1418 | elapsed=7.9 min | eta=3.5 min
[2026-08-14 23:49:53] INFO Epoch 001 | train batch=990/1418 | elapsed=8.0 min | eta=3.5 min
[2026-08-14 23:49:58] INFO Epoch 001 | train batch=1000/1418 | elapsed=8.1 min | eta=3.4 min
[2026-08-14 23:50:03] INFO Epoch 001 | train batch=1010/1418 | elapsed=8.2 min | eta=3.3 min
[2026-08-14 23:50:08] INFO Epoch 001 | train batch=1020/1418 | elapsed=8.2 min | eta=3.2 min
[2026-08-14 23:50:13] INFO Epoch 001 | train batch=1030/1418 | elapsed=8.3 min | eta=3.1 min
[2026-08-14 23:50:17] INFO Epoch 001 | train batch=1040/1418 | elapsed=8.4 min | eta=3.1 min
[2026-08-14 23:50:22] INFO Epoch 001 | train batch=1050/1418 | elapsed=8.5 min | eta=3.0 min
[2026-08-14 23:50:27] INFO Epoch 001 | train batch=1060/1418 | elapsed=8.6 min | eta=2.9 min
[2026-08-14 23:50:31] INFO Epoch 001 | train batch=1070/1418 | elapsed=8.6 min | eta=2.8 min
[2026-08-14 23:50:36] INFO Epoch 001 | train batch=1080/1418 | elapsed=8.7 min | eta=2.7 min
[2026-08-14 23:50:41] INFO Epoch 001 | train batch=1090/1418 | elapsed=8.8 min | eta=2.6 min
[2026-08-14 23:50:46] INFO Epoch 001 | train batch=1100/1418 | elapsed=8.9 min | eta=2.6 min
[2026-08-14 23:50:51] INFO Epoch 001 | train batch=1110/1418 | elapsed=9.0 min | eta=2.5 min
[2026-08-14 23:50:56] INFO Epoch 001 | train batch=1120/1418 | elapsed=9.0 min | eta=2.4 min
[2026-08-14 23:51:01] INFO Epoch 001 | train batch=1130/1418 | elapsed=9.1 min | eta=2.3 min
[2026-08-14 23:51:06] INFO Epoch 001 | train batch=1140/1418 | elapsed=9.2 min | eta=2.2 min
[2026-08-14 23:51:10] INFO Epoch 001 | train batch=1150/1418 | elapsed=9.3 min | eta=2.2 min
[2026-08-14 23:51:15] INFO Epoch 001 | train batch=1160/1418 | elapsed=9.4 min | eta=2.1 min
[2026-08-14 23:51:20] INFO Epoch 001 | train batch=1170/1418 | elapsed=9.4 min | eta=2.0 min
[2026-08-14 23:51:24] INFO Epoch 001 | train batch=1180/1418 | elapsed=9.5 min | eta=1.9 min
[2026-08-14 23:51:29] INFO Epoch 001 | train batch=1190/1418 | elapsed=9.6 min | eta=1.8 min
[2026-08-14 23:51:34] INFO Epoch 001 | train batch=1200/1418 | elapsed=9.7 min | eta=1.8 min
[2026-08-14 23:51:39] INFO Epoch 001 | train batch=1210/1418 | elapsed=9.8 min | eta=1.7 min
[2026-08-14 23:51:44] INFO Epoch 001 | train batch=1220/1418 | elapsed=9.8 min | eta=1.6 min
[2026-08-14 23:51:49] INFO Epoch 001 | train batch=1230/1418 | elapsed=9.9 min | eta=1.5 min
[2026-08-14 23:51:54] INFO Epoch 001 | train batch=1240/1418 | elapsed=10.0 min | eta=1.4 min
[2026-08-14 23:51:59] INFO Epoch 001 | train batch=1250/1418 | elapsed=10.1 min | eta=1.4 min
[2026-08-14 23:52:04] INFO Epoch 001 | train batch=1260/1418 | elapsed=10.2 min | eta=1.3 min
[2026-08-14 23:52:09] INFO Epoch 001 | train batch=1270/1418 | elapsed=10.3 min | eta=1.2 min
[2026-08-14 23:52:13] INFO Epoch 001 | train batch=1280/1418 | elapsed=10.3 min | eta=1.1 min
[2026-08-14 23:52:18] INFO Epoch 001 | train batch=1290/1418 | elapsed=10.4 min | eta=1.0 min
[2026-08-14 23:52:23] INFO Epoch 001 | train batch=1300/1418 | elapsed=10.5 min | eta=1.0 min
[2026-08-14 23:52:28] INFO Epoch 001 | train batch=1310/1418 | elapsed=10.6 min | eta=0.9 min
[2026-08-14 23:52:32] INFO Epoch 001 | train batch=1320/1418 | elapsed=10.6 min | eta=0.8 min
[2026-08-14 23:52:37] INFO Epoch 001 | train batch=1330/1418 | elapsed=10.7 min | eta=0.7 min
[2026-08-14 23:52:42] INFO Epoch 001 | train batch=1340/1418 | elapsed=10.8 min | eta=0.6 min
[2026-08-14 23:52:47] INFO Epoch 001 | train batch=1350/1418 | elapsed=10.9 min | eta=0.5 min
[2026-08-14 23:52:52] INFO Epoch 001 | train batch=1360/1418 | elapsed=11.0 min | eta=0.5 min
[2026-08-14 23:52:57] INFO Epoch 001 | train batch=1370/1418 | elapsed=11.1 min | eta=0.4 min
[2026-08-14 23:53:02] INFO Epoch 001 | train batch=1380/1418 | elapsed=11.1 min | eta=0.3 min
[2026-08-14 23:53:07] INFO Epoch 001 | train batch=1390/1418 | elapsed=11.2 min | eta=0.2 min
[2026-08-14 23:53:12] INFO Epoch 001 | train batch=1400/1418 | elapsed=11.3 min | eta=0.1 min
[2026-08-14 23:53:16] INFO Epoch 001 | train batch=1410/1418 | elapsed=11.4 min | eta=0.1 min
[2026-08-14 23:53:20] INFO Epoch 001 | train batch=1418/1418 | elapsed=11.4 min | eta=0.0 min
[2026-08-14 23:53:20] INFO Epoch 001 | val batch=1/188 | elapsed=0.0 min | eta=0.5 min
[2026-08-14 23:53:22] INFO Epoch 001 | val batch=10/188 | elapsed=0.0 min | eta=0.6 min
[2026-08-14 23:53:24] INFO Epoch 001 | val batch=20/188 | elapsed=0.1 min | eta=0.6 min
[2026-08-14 23:53:27] INFO Epoch 001 | val batch=30/188 | elapsed=0.1 min | eta=0.6 min
[2026-08-14 23:53:29] INFO Epoch 001 | val batch=40/188 | elapsed=0.1 min | eta=0.5 min
[2026-08-14 23:53:31] INFO Epoch 001 | val batch=50/188 | elapsed=0.2 min | eta=0.5 min
[2026-08-14 23:53:33] INFO Epoch 001 | val batch=60/188 | elapsed=0.2 min | eta=0.5 min
[2026-08-14 23:53:35] INFO Epoch 001 | val batch=70/188 | elapsed=0.2 min | eta=0.4 min
[2026-08-14 23:53:37] INFO Epoch 001 | val batch=80/188 | elapsed=0.3 min | eta=0.4 min
[2026-08-14 23:53:39] INFO Epoch 001 | val batch=90/188 | elapsed=0.3 min | eta=0.3 min
[2026-08-14 23:53:41] INFO Epoch 001 | val batch=100/188 | elapsed=0.4 min | eta=0.3 min
[2026-08-14 23:53:44] INFO Epoch 001 | val batch=110/188 | elapsed=0.4 min | eta=0.3 min
[2026-08-14 23:53:46] INFO Epoch 001 | val batch=120/188 | elapsed=0.4 min | eta=0.2 min
[2026-08-14 23:53:48] INFO Epoch 001 | val batch=130/188 | elapsed=0.5 min | eta=0.2 min
[2026-08-14 23:53:50] INFO Epoch 001 | val batch=140/188 | elapsed=0.5 min | eta=0.2 min
[2026-08-14 23:53:52] INFO Epoch 001 | val batch=150/188 | elapsed=0.5 min | eta=0.1 min
[2026-08-14 23:53:54] INFO Epoch 001 | val batch=160/188 | elapsed=0.6 min | eta=0.1 min
[2026-08-14 23:53:56] INFO Epoch 001 | val batch=170/188 | elapsed=0.6 min | eta=0.1 min
[2026-08-14 23:53:58] INFO Epoch 001 | val batch=180/188 | elapsed=0.6 min | eta=0.0 min
[2026-08-14 23:54:00] INFO Epoch 001 | val batch=188/188 | elapsed=0.7 min | eta=0.0 min
[2026-08-14 23:54:00] INFO Epoch 001 | train_total=0.587149 | val_total=0.518966 | val_mask=0.290229 | val_retrieval=2.287368 | val_profile=0.000000 | val_anchors=604396 | val_positive_pairs=0 | val_hard_negatives=0 | val_relation_candidates=7268824 | val_teacher_keff=3.787 | val_student_keff=9.187 | val_adapter_valid=0.966 | val_adapter_gate=0.301 | val_adapter_spatial_gate=0.197 | val_adapter_ratio=0.543535 | val_adapter_modulation=0.811679 | val_adapter_modulation_std=0.575645 | val_adapter_group_gate_std=0.274530 | val_adapter_low_rank=1.702170 | val_adapter_direct=0.137597 | val_masked_positions=42200998 | skipped(train/val)=0/0
[2026-08-14 23:54:00] INFO Checkpoint updated | epoch=1 | best_val=0.518966 | path=C:\Users\clw\projects\researchRep\STAnchor-BlockMemory\artifacts\metrla_e5_final_latent48_cc_fgda_global288_seed42\pretrain_best.pt
[2026-08-14 23:54:00] INFO Relation checkpoint updated | epoch=1 | best_val_relation=2.287368 | path=C:\Users\clw\projects\researchRep\STAnchor-BlockMemory\artifacts\metrla_e5_final_latent48_cc_fgda_global288_seed42\pretrain_best_relation.pt
[2026-08-14 23:54:00] INFO Epoch 002/050 started | train_batches=1418 | val_batches=188
[2026-08-14 23:54:00] INFO Epoch 002 | train batch=1/1418 | elapsed=0.0 min | eta=10.3 min
[2026-08-14 23:54:05] INFO Epoch 002 | train batch=10/1418 | elapsed=0.1 min | eta=11.2 min
[2026-08-14 23:54:10] INFO Epoch 002 | train batch=20/1418 | elapsed=0.2 min | eta=11.2 min
[2026-08-14 23:54:15] INFO Epoch 002 | train batch=30/1418 | elapsed=0.2 min | eta=11.2 min
[2026-08-14 23:54:20] INFO Epoch 002 | train batch=40/1418 | elapsed=0.3 min | eta=11.3 min
[2026-08-14 23:54:24] INFO Epoch 002 | train batch=50/1418 | elapsed=0.4 min | eta=11.1 min
[2026-08-14 23:54:29] INFO Epoch 002 | train batch=60/1418 | elapsed=0.5 min | eta=10.9 min
[2026-08-14 23:54:34] INFO Epoch 002 | train batch=70/1418 | elapsed=0.6 min | eta=10.9 min
[2026-08-14 23:54:38] INFO Epoch 002 | train batch=80/1418 | elapsed=0.6 min | eta=10.7 min
[2026-08-14 23:54:43] INFO Epoch 002 | train batch=90/1418 | elapsed=0.7 min | eta=10.6 min
[2026-08-14 23:54:48] INFO Epoch 002 | train batch=100/1418 | elapsed=0.8 min | eta=10.5 min
[2026-08-14 23:54:53] INFO Epoch 002 | train batch=110/1418 | elapsed=0.9 min | eta=10.5 min
[2026-08-14 23:54:58] INFO Epoch 002 | train batch=120/1418 | elapsed=1.0 min | eta=10.4 min
[2026-08-14 23:55:03] INFO Epoch 002 | train batch=130/1418 | elapsed=1.0 min | eta=10.3 min
[2026-08-14 23:55:08] INFO Epoch 002 | train batch=140/1418 | elapsed=1.1 min | eta=10.3 min
[2026-08-14 23:55:13] INFO Epoch 002 | train batch=150/1418 | elapsed=1.2 min | eta=10.3 min
[2026-08-14 23:55:17] INFO Epoch 002 | train batch=160/1418 | elapsed=1.3 min | eta=10.1 min
[2026-08-14 23:55:22] INFO Epoch 002 | train batch=170/1418 | elapsed=1.4 min | eta=10.0 min
[2026-08-14 23:55:27] INFO Epoch 002 | train batch=180/1418 | elapsed=1.5 min | eta=10.0 min
[2026-08-14 23:55:32] INFO Epoch 002 | train batch=190/1418 | elapsed=1.5 min | eta=9.9 min
[2026-08-14 23:55:37] INFO Epoch 002 | train batch=200/1418 | elapsed=1.6 min | eta=9.8 min
[2026-08-14 23:55:42] INFO Epoch 002 | train batch=210/1418 | elapsed=1.7 min | eta=9.8 min
[2026-08-14 23:55:47] INFO Epoch 002 | train batch=220/1418 | elapsed=1.8 min | eta=9.7 min
[2026-08-14 23:55:52] INFO Epoch 002 | train batch=230/1418 | elapsed=1.9 min | eta=9.6 min
[2026-08-14 23:55:56] INFO Epoch 002 | train batch=240/1418 | elapsed=1.9 min | eta=9.5 min
[2026-08-14 23:56:01] INFO Epoch 002 | train batch=250/1418 | elapsed=2.0 min | eta=9.4 min
[2026-08-14 23:56:06] INFO Epoch 002 | train batch=260/1418 | elapsed=2.1 min | eta=9.3 min
[2026-08-14 23:56:10] INFO Epoch 002 | train batch=270/1418 | elapsed=2.2 min | eta=9.2 min
[2026-08-14 23:56:15] INFO Epoch 002 | train batch=280/1418 | elapsed=2.3 min | eta=9.1 min
[2026-08-14 23:56:20] INFO Epoch 002 | train batch=290/1418 | elapsed=2.3 min | eta=9.1 min
[2026-08-14 23:56:25] INFO Epoch 002 | train batch=300/1418 | elapsed=2.4 min | eta=9.0 min
[2026-08-14 23:56:30] INFO Epoch 002 | train batch=310/1418 | elapsed=2.5 min | eta=8.9 min
[2026-08-14 23:56:34] INFO Epoch 002 | train batch=320/1418 | elapsed=2.6 min | eta=8.8 min
[2026-08-14 23:56:39] INFO Epoch 002 | train batch=330/1418 | elapsed=2.7 min | eta=8.7 min
[2026-08-14 23:56:44] INFO Epoch 002 | train batch=340/1418 | elapsed=2.7 min | eta=8.7 min
[2026-08-14 23:56:49] INFO Epoch 002 | train batch=350/1418 | elapsed=2.8 min | eta=8.6 min
[2026-08-14 23:56:54] INFO Epoch 002 | train batch=360/1418 | elapsed=2.9 min | eta=8.5 min
[2026-08-14 23:56:59] INFO Epoch 002 | train batch=370/1418 | elapsed=3.0 min | eta=8.4 min
[2026-08-14 23:57:04] INFO Epoch 002 | train batch=380/1418 | elapsed=3.1 min | eta=8.4 min
[2026-08-14 23:57:09] INFO Epoch 002 | train batch=390/1418 | elapsed=3.1 min | eta=8.3 min
[2026-08-14 23:57:14] INFO Epoch 002 | train batch=400/1418 | elapsed=3.2 min | eta=8.2 min
[2026-08-14 23:57:18] INFO Epoch 002 | train batch=410/1418 | elapsed=3.3 min | eta=8.1 min
[2026-08-14 23:57:24] INFO Epoch 002 | train batch=420/1418 | elapsed=3.4 min | eta=8.1 min
[2026-08-14 23:57:29] INFO Epoch 002 | train batch=430/1418 | elapsed=3.5 min | eta=8.0 min
[2026-08-14 23:57:33] INFO Epoch 002 | train batch=440/1418 | elapsed=3.6 min | eta=7.9 min
[2026-08-14 23:57:38] INFO Epoch 002 | train batch=450/1418 | elapsed=3.6 min | eta=7.8 min
[2026-08-14 23:57:43] INFO Epoch 002 | train batch=460/1418 | elapsed=3.7 min | eta=7.7 min
[2026-08-14 23:57:48] INFO Epoch 002 | train batch=470/1418 | elapsed=3.8 min | eta=7.7 min
[2026-08-14 23:57:53] INFO Epoch 002 | train batch=480/1418 | elapsed=3.9 min | eta=7.6 min
[2026-08-14 23:57:58] INFO Epoch 002 | train batch=490/1418 | elapsed=4.0 min | eta=7.5 min
[2026-08-14 23:58:03] INFO Epoch 002 | train batch=500/1418 | elapsed=4.0 min | eta=7.4 min
[2026-08-14 23:58:08] INFO Epoch 002 | train batch=510/1418 | elapsed=4.1 min | eta=7.4 min
[2026-08-14 23:58:12] INFO Epoch 002 | train batch=520/1418 | elapsed=4.2 min | eta=7.3 min
[2026-08-14 23:58:17] INFO Epoch 002 | train batch=530/1418 | elapsed=4.3 min | eta=7.2 min
[2026-08-14 23:58:22] INFO Epoch 002 | train batch=540/1418 | elapsed=4.4 min | eta=7.1 min
[2026-08-14 23:58:27] INFO Epoch 002 | train batch=550/1418 | elapsed=4.4 min | eta=7.0 min
[2026-08-14 23:58:32] INFO Epoch 002 | train batch=560/1418 | elapsed=4.5 min | eta=6.9 min
[2026-08-14 23:58:37] INFO Epoch 002 | train batch=570/1418 | elapsed=4.6 min | eta=6.9 min
[2026-08-14 23:58:42] INFO Epoch 002 | train batch=580/1418 | elapsed=4.7 min | eta=6.8 min
[2026-08-14 23:58:46] INFO Epoch 002 | train batch=590/1418 | elapsed=4.8 min | eta=6.7 min
[2026-08-14 23:58:51] INFO Epoch 002 | train batch=600/1418 | elapsed=4.9 min | eta=6.6 min
[2026-08-14 23:58:56] INFO Epoch 002 | train batch=610/1418 | elapsed=4.9 min | eta=6.5 min
[2026-08-14 23:59:01] INFO Epoch 002 | train batch=620/1418 | elapsed=5.0 min | eta=6.4 min
[2026-08-14 23:59:05] INFO Epoch 002 | train batch=630/1418 | elapsed=5.1 min | eta=6.4 min
[2026-08-14 23:59:10] INFO Epoch 002 | train batch=640/1418 | elapsed=5.2 min | eta=6.3 min
[2026-08-14 23:59:15] INFO Epoch 002 | train batch=650/1418 | elapsed=5.3 min | eta=6.2 min
[2026-08-14 23:59:20] INFO Epoch 002 | train batch=660/1418 | elapsed=5.3 min | eta=6.1 min
[2026-08-14 23:59:25] INFO Epoch 002 | train batch=670/1418 | elapsed=5.4 min | eta=6.0 min
[2026-08-14 23:59:30] INFO Epoch 002 | train batch=680/1418 | elapsed=5.5 min | eta=6.0 min
[2026-08-14 23:59:35] INFO Epoch 002 | train batch=690/1418 | elapsed=5.6 min | eta=5.9 min
[2026-08-14 23:59:39] INFO Epoch 002 | train batch=700/1418 | elapsed=5.7 min | eta=5.8 min
[2026-08-14 23:59:44] INFO Epoch 002 | train batch=710/1418 | elapsed=5.7 min | eta=5.7 min
[2026-08-14 23:59:49] INFO Epoch 002 | train batch=720/1418 | elapsed=5.8 min | eta=5.6 min
[2026-08-14 23:59:54] INFO Epoch 002 | train batch=730/1418 | elapsed=5.9 min | eta=5.6 min
[2026-08-14 23:59:59] INFO Epoch 002 | train batch=740/1418 | elapsed=6.0 min | eta=5.5 min
[2026-08-15 00:00:04] INFO Epoch 002 | train batch=750/1418 | elapsed=6.1 min | eta=5.4 min
[2026-08-15 00:00:09] INFO Epoch 002 | train batch=760/1418 | elapsed=6.1 min | eta=5.3 min
[2026-08-15 00:00:14] INFO Epoch 002 | train batch=770/1418 | elapsed=6.2 min | eta=5.2 min
[2026-08-15 00:00:18] INFO Epoch 002 | train batch=780/1418 | elapsed=6.3 min | eta=5.2 min
[2026-08-15 00:00:22] INFO Epoch 002 | train batch=790/1418 | elapsed=6.4 min | eta=5.1 min
[2026-08-15 00:00:27] INFO Epoch 002 | train batch=800/1418 | elapsed=6.5 min | eta=5.0 min
[2026-08-15 00:00:32] INFO Epoch 002 | train batch=810/1418 | elapsed=6.5 min | eta=4.9 min
[2026-08-15 00:00:37] INFO Epoch 002 | train batch=820/1418 | elapsed=6.6 min | eta=4.8 min
[2026-08-15 00:00:42] INFO Epoch 002 | train batch=830/1418 | elapsed=6.7 min | eta=4.7 min
[2026-08-15 00:00:47] INFO Epoch 002 | train batch=840/1418 | elapsed=6.8 min | eta=4.7 min
[2026-08-15 00:00:52] INFO Epoch 002 | train batch=850/1418 | elapsed=6.9 min | eta=4.6 min
[2026-08-15 00:00:57] INFO Epoch 002 | train batch=860/1418 | elapsed=6.9 min | eta=4.5 min
[2026-08-15 00:01:01] INFO Epoch 002 | train batch=870/1418 | elapsed=7.0 min | eta=4.4 min
[2026-08-15 00:01:06] INFO Epoch 002 | train batch=880/1418 | elapsed=7.1 min | eta=4.3 min
[2026-08-15 00:01:11] INFO Epoch 002 | train batch=890/1418 | elapsed=7.2 min | eta=4.3 min
[2026-08-15 00:01:16] INFO Epoch 002 | train batch=900/1418 | elapsed=7.3 min | eta=4.2 min
[2026-08-15 00:01:21] INFO Epoch 002 | train batch=910/1418 | elapsed=7.3 min | eta=4.1 min
[2026-08-15 00:01:25] INFO Epoch 002 | train batch=920/1418 | elapsed=7.4 min | eta=4.0 min
[2026-08-15 00:01:30] INFO Epoch 002 | train batch=930/1418 | elapsed=7.5 min | eta=3.9 min
[2026-08-15 00:01:35] INFO Epoch 002 | train batch=940/1418 | elapsed=7.6 min | eta=3.9 min
[2026-08-15 00:01:40] INFO Epoch 002 | train batch=950/1418 | elapsed=7.7 min | eta=3.8 min
[2026-08-15 00:01:45] INFO Epoch 002 | train batch=960/1418 | elapsed=7.7 min | eta=3.7 min
[2026-08-15 00:01:49] INFO Epoch 002 | train batch=970/1418 | elapsed=7.8 min | eta=3.6 min
[2026-08-15 00:01:54] INFO Epoch 002 | train batch=980/1418 | elapsed=7.9 min | eta=3.5 min
[2026-08-15 00:01:59] INFO Epoch 002 | train batch=990/1418 | elapsed=8.0 min | eta=3.4 min
[2026-08-15 00:02:04] INFO Epoch 002 | train batch=1000/1418 | elapsed=8.1 min | eta=3.4 min
[2026-08-15 00:02:08] INFO Epoch 002 | train batch=1010/1418 | elapsed=8.1 min | eta=3.3 min
[2026-08-15 00:02:13] INFO Epoch 002 | train batch=1020/1418 | elapsed=8.2 min | eta=3.2 min
[2026-08-15 00:02:18] INFO Epoch 002 | train batch=1030/1418 | elapsed=8.3 min | eta=3.1 min
[2026-08-15 00:02:23] INFO Epoch 002 | train batch=1040/1418 | elapsed=8.4 min | eta=3.0 min
[2026-08-15 00:02:28] INFO Epoch 002 | train batch=1050/1418 | elapsed=8.5 min | eta=3.0 min
[2026-08-15 00:02:33] INFO Epoch 002 | train batch=1060/1418 | elapsed=8.5 min | eta=2.9 min
[2026-08-15 00:02:38] INFO Epoch 002 | train batch=1070/1418 | elapsed=8.6 min | eta=2.8 min
[2026-08-15 00:02:43] INFO Epoch 002 | train batch=1080/1418 | elapsed=8.7 min | eta=2.7 min
[2026-08-15 00:02:48] INFO Epoch 002 | train batch=1090/1418 | elapsed=8.8 min | eta=2.6 min
[2026-08-15 00:02:53] INFO Epoch 002 | train batch=1100/1418 | elapsed=8.9 min | eta=2.6 min
[2026-08-15 00:02:57] INFO Epoch 002 | train batch=1110/1418 | elapsed=9.0 min | eta=2.5 min
[2026-08-15 00:03:02] INFO Epoch 002 | train batch=1120/1418 | elapsed=9.0 min | eta=2.4 min
[2026-08-15 00:03:07] INFO Epoch 002 | train batch=1130/1418 | elapsed=9.1 min | eta=2.3 min
[2026-08-15 00:03:12] INFO Epoch 002 | train batch=1140/1418 | elapsed=9.2 min | eta=2.2 min
[2026-08-15 00:03:17] INFO Epoch 002 | train batch=1150/1418 | elapsed=9.3 min | eta=2.2 min
[2026-08-15 00:03:22] INFO Epoch 002 | train batch=1160/1418 | elapsed=9.4 min | eta=2.1 min
[2026-08-15 00:03:27] INFO Epoch 002 | train batch=1170/1418 | elapsed=9.4 min | eta=2.0 min
[2026-08-15 00:03:31] INFO Epoch 002 | train batch=1180/1418 | elapsed=9.5 min | eta=1.9 min
[2026-08-15 00:03:37] INFO Epoch 002 | train batch=1190/1418 | elapsed=9.6 min | eta=1.8 min
[2026-08-15 00:03:41] INFO Epoch 002 | train batch=1200/1418 | elapsed=9.7 min | eta=1.8 min
[2026-08-15 00:03:46] INFO Epoch 002 | train batch=1210/1418 | elapsed=9.8 min | eta=1.7 min
[2026-08-15 00:03:51] INFO Epoch 002 | train batch=1220/1418 | elapsed=9.8 min | eta=1.6 min
[2026-08-15 00:03:56] INFO Epoch 002 | train batch=1230/1418 | elapsed=9.9 min | eta=1.5 min
[2026-08-15 00:04:01] INFO Epoch 002 | train batch=1240/1418 | elapsed=10.0 min | eta=1.4 min
[2026-08-15 00:04:06] INFO Epoch 002 | train batch=1250/1418 | elapsed=10.1 min | eta=1.4 min
[2026-08-15 00:04:10] INFO Epoch 002 | train batch=1260/1418 | elapsed=10.2 min | eta=1.3 min
[2026-08-15 00:04:15] INFO Epoch 002 | train batch=1270/1418 | elapsed=10.3 min | eta=1.2 min
[2026-08-15 00:04:20] INFO Epoch 002 | train batch=1280/1418 | elapsed=10.3 min | eta=1.1 min
[2026-08-15 00:04:25] INFO Epoch 002 | train batch=1290/1418 | elapsed=10.4 min | eta=1.0 min
[2026-08-15 00:04:30] INFO Epoch 002 | train batch=1300/1418 | elapsed=10.5 min | eta=1.0 min
[2026-08-15 00:04:35] INFO Epoch 002 | train batch=1310/1418 | elapsed=10.6 min | eta=0.9 min
[2026-08-15 00:04:40] INFO Epoch 002 | train batch=1320/1418 | elapsed=10.7 min | eta=0.8 min
[2026-08-15 00:04:45] INFO Epoch 002 | train batch=1330/1418 | elapsed=10.7 min | eta=0.7 min
[2026-08-15 00:04:49] INFO Epoch 002 | train batch=1340/1418 | elapsed=10.8 min | eta=0.6 min
[2026-08-15 00:04:54] INFO Epoch 002 | train batch=1350/1418 | elapsed=10.9 min | eta=0.5 min
[2026-08-15 00:04:59] INFO Epoch 002 | train batch=1360/1418 | elapsed=11.0 min | eta=0.5 min
[2026-08-15 00:05:04] INFO Epoch 002 | train batch=1370/1418 | elapsed=11.1 min | eta=0.4 min
[2026-08-15 00:05:09] INFO Epoch 002 | train batch=1380/1418 | elapsed=11.1 min | eta=0.3 min
[2026-08-15 00:05:13] INFO Epoch 002 | train batch=1390/1418 | elapsed=11.2 min | eta=0.2 min
[2026-08-15 00:05:18] INFO Epoch 002 | train batch=1400/1418 | elapsed=11.3 min | eta=0.1 min
[2026-08-15 00:05:23] INFO Epoch 002 | train batch=1410/1418 | elapsed=11.4 min | eta=0.1 min
[2026-08-15 00:05:27] INFO Epoch 002 | train batch=1418/1418 | elapsed=11.4 min | eta=0.0 min
[2026-08-15 00:05:27] INFO Epoch 002 | val batch=1/188 | elapsed=0.0 min | eta=0.5 min
[2026-08-15 00:05:29] INFO Epoch 002 | val batch=10/188 | elapsed=0.0 min | eta=0.6 min
[2026-08-15 00:05:31] INFO Epoch 002 | val batch=20/188 | elapsed=0.1 min | eta=0.6 min
[2026-08-15 00:05:33] INFO Epoch 002 | val batch=30/188 | elapsed=0.1 min | eta=0.6 min
[2026-08-15 00:05:35] INFO Epoch 002 | val batch=40/188 | elapsed=0.1 min | eta=0.5 min
[2026-08-15 00:05:37] INFO Epoch 002 | val batch=50/188 | elapsed=0.2 min | eta=0.5 min
[2026-08-15 00:05:39] INFO Epoch 002 | val batch=60/188 | elapsed=0.2 min | eta=0.5 min
[2026-08-15 00:05:42] INFO Epoch 002 | val batch=70/188 | elapsed=0.2 min | eta=0.4 min
[2026-08-15 00:05:44] INFO Epoch 002 | val batch=80/188 | elapsed=0.3 min | eta=0.4 min
[2026-08-15 00:05:46] INFO Epoch 002 | val batch=90/188 | elapsed=0.3 min | eta=0.3 min
[2026-08-15 00:05:48] INFO Epoch 002 | val batch=100/188 | elapsed=0.4 min | eta=0.3 min
[2026-08-15 00:05:50] INFO Epoch 002 | val batch=110/188 | elapsed=0.4 min | eta=0.3 min
[2026-08-15 00:05:52] INFO Epoch 002 | val batch=120/188 | elapsed=0.4 min | eta=0.2 min
[2026-08-15 00:05:54] INFO Epoch 002 | val batch=130/188 | elapsed=0.5 min | eta=0.2 min
[2026-08-15 00:05:56] INFO Epoch 002 | val batch=140/188 | elapsed=0.5 min | eta=0.2 min
[2026-08-15 00:05:59] INFO Epoch 002 | val batch=150/188 | elapsed=0.5 min | eta=0.1 min
[2026-08-15 00:06:01] INFO Epoch 002 | val batch=160/188 | elapsed=0.6 min | eta=0.1 min
[2026-08-15 00:06:03] INFO Epoch 002 | val batch=170/188 | elapsed=0.6 min | eta=0.1 min
[2026-08-15 00:06:05] INFO Epoch 002 | val batch=180/188 | elapsed=0.6 min | eta=0.0 min
[2026-08-15 00:06:06] INFO Epoch 002 | val batch=188/188 | elapsed=0.7 min | eta=0.0 min
[2026-08-15 00:06:06] INFO Epoch 002 | train_total=0.534378 | val_total=0.493714 | val_mask=0.268562 | val_retrieval=2.251520 | val_profile=0.000000 | val_anchors=604396 | val_positive_pairs=0 | val_hard_negatives=0 | val_relation_candidates=7268824 | val_teacher_keff=3.787 | val_student_keff=8.854 | val_adapter_valid=0.966 | val_adapter_gate=0.284 | val_adapter_spatial_gate=0.196 | val_adapter_ratio=0.715935 | val_adapter_modulation=0.799455 | val_adapter_modulation_std=0.619870 | val_adapter_group_gate_std=0.275938 | val_adapter_low_rank=2.229198 | val_adapter_direct=0.220374 | val_masked_positions=42223054 | skipped(train/val)=0/0
[2026-08-15 00:06:06] INFO Checkpoint updated | epoch=2 | best_val=0.493714 | path=C:\Users\clw\projects\researchRep\STAnchor-BlockMemory\artifacts\metrla_e5_final_latent48_cc_fgda_global288_seed42\pretrain_best.pt
[2026-08-15 00:06:06] INFO Relation checkpoint updated | epoch=2 | best_val_relation=2.251520 | path=C:\Users\clw\projects\researchRep\STAnchor-BlockMemory\artifacts\metrla_e5_final_latent48_cc_fgda_global288_seed42\pretrain_best_relation.pt
[2026-08-15 00:06:06] INFO Epoch 003/050 started | train_batches=1418 | val_batches=188
[2026-08-15 00:06:07] INFO Epoch 003 | train batch=1/1418 | elapsed=0.0 min | eta=10.2 min
[2026-08-15 00:06:11] INFO Epoch 003 | train batch=10/1418 | elapsed=0.1 min | eta=11.3 min
[2026-08-15 00:06:16] INFO Epoch 003 | train batch=20/1418 | elapsed=0.2 min | eta=11.4 min
[2026-08-15 00:06:21] INFO Epoch 003 | train batch=30/1418 | elapsed=0.2 min | eta=11.4 min
[2026-08-15 00:06:26] INFO Epoch 003 | train batch=40/1418 | elapsed=0.3 min | eta=11.5 min
[2026-08-15 00:06:31] INFO Epoch 003 | train batch=50/1418 | elapsed=0.4 min | eta=11.3 min
[2026-08-15 00:06:36] INFO Epoch 003 | train batch=60/1418 | elapsed=0.5 min | eta=11.2 min
[2026-08-15 00:06:41] INFO Epoch 003 | train batch=70/1418 | elapsed=0.6 min | eta=11.2 min
[2026-08-15 00:06:46] INFO Epoch 003 | train batch=80/1418 | elapsed=0.7 min | eta=11.1 min
[2026-08-15 00:06:51] INFO Epoch 003 | train batch=90/1418 | elapsed=0.7 min | eta=11.0 min
[2026-08-15 00:06:56] INFO Epoch 003 | train batch=100/1418 | elapsed=0.8 min | eta=10.9 min
[2026-08-15 00:07:01] INFO Epoch 003 | train batch=110/1418 | elapsed=0.9 min | eta=10.8 min
[2026-08-15 00:07:06] INFO Epoch 003 | train batch=120/1418 | elapsed=1.0 min | eta=10.7 min
[2026-08-15 00:07:10] INFO Epoch 003 | train batch=130/1418 | elapsed=1.1 min | eta=10.6 min
[2026-08-15 00:07:15] INFO Epoch 003 | train batch=140/1418 | elapsed=1.1 min | eta=10.5 min
[2026-08-15 00:07:20] INFO Epoch 003 | train batch=150/1418 | elapsed=1.2 min | eta=10.4 min
[2026-08-15 00:07:26] INFO Epoch 003 | train batch=160/1418 | elapsed=1.3 min | eta=10.4 min
[2026-08-15 00:07:30] INFO Epoch 003 | train batch=170/1418 | elapsed=1.4 min | eta=10.3 min
[2026-08-15 00:07:35] INFO Epoch 003 | train batch=180/1418 | elapsed=1.5 min | eta=10.2 min
[2026-08-15 00:07:40] INFO Epoch 003 | train batch=190/1418 | elapsed=1.6 min | eta=10.0 min
[2026-08-15 00:07:44] INFO Epoch 003 | train batch=200/1418 | elapsed=1.6 min | eta=9.9 min
[2026-08-15 00:07:49] INFO Epoch 003 | train batch=210/1418 | elapsed=1.7 min | eta=9.9 min
[2026-08-15 00:07:54] INFO Epoch 003 | train batch=220/1418 | elapsed=1.8 min | eta=9.8 min
[2026-08-15 00:07:59] INFO Epoch 003 | train batch=230/1418 | elapsed=1.9 min | eta=9.7 min
[2026-08-15 00:08:04] INFO Epoch 003 | train batch=240/1418 | elapsed=2.0 min | eta=9.6 min
[2026-08-15 00:08:09] INFO Epoch 003 | train batch=250/1418 | elapsed=2.0 min | eta=9.5 min
[2026-08-15 00:08:13] INFO Epoch 003 | train batch=260/1418 | elapsed=2.1 min | eta=9.4 min
[2026-08-15 00:08:18] INFO Epoch 003 | train batch=270/1418 | elapsed=2.2 min | eta=9.3 min
[2026-08-15 00:08:23] INFO Epoch 003 | train batch=280/1418 | elapsed=2.3 min | eta=9.2 min
[2026-08-15 00:08:28] INFO Epoch 003 | train batch=290/1418 | elapsed=2.4 min | eta=9.2 min
[2026-08-15 00:08:32] INFO Epoch 003 | train batch=300/1418 | elapsed=2.4 min | eta=9.1 min
[2026-08-15 00:08:37] INFO Epoch 003 | train batch=310/1418 | elapsed=2.5 min | eta=9.0 min
[2026-08-15 00:08:42] INFO Epoch 003 | train batch=320/1418 | elapsed=2.6 min | eta=8.9 min
[2026-08-15 00:08:47] INFO Epoch 003 | train batch=330/1418 | elapsed=2.7 min | eta=8.8 min
[2026-08-15 00:08:52] INFO Epoch 003 | train batch=340/1418 | elapsed=2.8 min | eta=8.8 min
[2026-08-15 00:08:57] INFO Epoch 003 | train batch=350/1418 | elapsed=2.8 min | eta=8.7 min
[2026-08-15 00:09:02] INFO Epoch 003 | train batch=360/1418 | elapsed=2.9 min | eta=8.6 min
[2026-08-15 00:09:06] INFO Epoch 003 | train batch=370/1418 | elapsed=3.0 min | eta=8.5 min
[2026-08-15 00:09:11] INFO Epoch 003 | train batch=380/1418 | elapsed=3.1 min | eta=8.4 min
[2026-08-15 00:09:16] INFO Epoch 003 | train batch=390/1418 | elapsed=3.2 min | eta=8.3 min
[2026-08-15 00:09:21] INFO Epoch 003 | train batch=400/1418 | elapsed=3.2 min | eta=8.2 min
[2026-08-15 00:09:26] INFO Epoch 003 | train batch=410/1418 | elapsed=3.3 min | eta=8.2 min
[2026-08-15 00:09:31] INFO Epoch 003 | train batch=420/1418 | elapsed=3.4 min | eta=8.1 min
[2026-08-15 00:09:35] INFO Epoch 003 | train batch=430/1418 | elapsed=3.5 min | eta=8.0 min
[2026-08-15 00:09:40] INFO Epoch 003 | train batch=440/1418 | elapsed=3.6 min | eta=7.9 min
[2026-08-15 00:09:45] INFO Epoch 003 | train batch=450/1418 | elapsed=3.6 min | eta=7.8 min
[2026-08-15 00:09:50] INFO Epoch 003 | train batch=460/1418 | elapsed=3.7 min | eta=7.8 min
[2026-08-15 00:09:55] INFO Epoch 003 | train batch=470/1418 | elapsed=3.8 min | eta=7.7 min
[2026-08-15 00:09:59] INFO Epoch 003 | train batch=480/1418 | elapsed=3.9 min | eta=7.6 min
[2026-08-15 00:10:04] INFO Epoch 003 | train batch=490/1418 | elapsed=4.0 min | eta=7.5 min
[2026-08-15 00:10:09] INFO Epoch 003 | train batch=500/1418 | elapsed=4.0 min | eta=7.4 min
[2026-08-15 00:10:14] INFO Epoch 003 | train batch=510/1418 | elapsed=4.1 min | eta=7.3 min
[2026-08-15 00:10:19] INFO Epoch 003 | train batch=520/1418 | elapsed=4.2 min | eta=7.3 min
[2026-08-15 00:10:24] INFO Epoch 003 | train batch=530/1418 | elapsed=4.3 min | eta=7.2 min
[2026-08-15 00:10:28] INFO Epoch 003 | train batch=540/1418 | elapsed=4.4 min | eta=7.1 min
[2026-08-15 00:10:33] INFO Epoch 003 | train batch=550/1418 | elapsed=4.4 min | eta=7.0 min
[2026-08-15 00:10:38] INFO Epoch 003 | train batch=560/1418 | elapsed=4.5 min | eta=6.9 min
[2026-08-15 00:10:43] INFO Epoch 003 | train batch=570/1418 | elapsed=4.6 min | eta=6.9 min
[2026-08-15 00:10:48] INFO Epoch 003 | train batch=580/1418 | elapsed=4.7 min | eta=6.8 min
[2026-08-15 00:10:53] INFO Epoch 003 | train batch=590/1418 | elapsed=4.8 min | eta=6.7 min
[2026-08-15 00:10:58] INFO Epoch 003 | train batch=600/1418 | elapsed=4.9 min | eta=6.6 min
[2026-08-15 00:11:02] INFO Epoch 003 | train batch=610/1418 | elapsed=4.9 min | eta=6.5 min
[2026-08-15 00:11:07] INFO Epoch 003 | train batch=620/1418 | elapsed=5.0 min | eta=6.5 min
[2026-08-15 00:11:12] INFO Epoch 003 | train batch=630/1418 | elapsed=5.1 min | eta=6.4 min
[2026-08-15 00:11:17] INFO Epoch 003 | train batch=640/1418 | elapsed=5.2 min | eta=6.3 min
[2026-08-15 00:11:22] INFO Epoch 003 | train batch=650/1418 | elapsed=5.3 min | eta=6.2 min
[2026-08-15 00:11:26] INFO Epoch 003 | train batch=660/1418 | elapsed=5.3 min | eta=6.1 min
[2026-08-15 00:11:31] INFO Epoch 003 | train batch=670/1418 | elapsed=5.4 min | eta=6.0 min
[2026-08-15 00:11:36] INFO Epoch 003 | train batch=680/1418 | elapsed=5.5 min | eta=6.0 min
[2026-08-15 00:11:41] INFO Epoch 003 | train batch=690/1418 | elapsed=5.6 min | eta=5.9 min
[2026-08-15 00:11:46] INFO Epoch 003 | train batch=700/1418 | elapsed=5.7 min | eta=5.8 min
[2026-08-15 00:11:51] INFO Epoch 003 | train batch=710/1418 | elapsed=5.7 min | eta=5.7 min
[2026-08-15 00:11:56] INFO Epoch 003 | train batch=720/1418 | elapsed=5.8 min | eta=5.6 min
[2026-08-15 00:12:00] INFO Epoch 003 | train batch=730/1418 | elapsed=5.9 min | eta=5.6 min
[2026-08-15 00:12:05] INFO Epoch 003 | train batch=740/1418 | elapsed=6.0 min | eta=5.5 min
[2026-08-15 00:12:10] INFO Epoch 003 | train batch=750/1418 | elapsed=6.1 min | eta=5.4 min
[2026-08-15 00:12:14] INFO Epoch 003 | train batch=760/1418 | elapsed=6.1 min | eta=5.3 min
[2026-08-15 00:12:19] INFO Epoch 003 | train batch=770/1418 | elapsed=6.2 min | eta=5.2 min
[2026-08-15 00:12:24] INFO Epoch 003 | train batch=780/1418 | elapsed=6.3 min | eta=5.1 min
[2026-08-15 00:12:29] INFO Epoch 003 | train batch=790/1418 | elapsed=6.4 min | eta=5.1 min
[2026-08-15 00:12:34] INFO Epoch 003 | train batch=800/1418 | elapsed=6.5 min | eta=5.0 min
[2026-08-15 00:12:39] INFO Epoch 003 | train batch=810/1418 | elapsed=6.5 min | eta=4.9 min
[2026-08-15 00:12:43] INFO Epoch 003 | train batch=820/1418 | elapsed=6.6 min | eta=4.8 min
[2026-08-15 00:12:48] INFO Epoch 003 | train batch=830/1418 | elapsed=6.7 min | eta=4.7 min
[2026-08-15 00:12:53] INFO Epoch 003 | train batch=840/1418 | elapsed=6.8 min | eta=4.7 min
[2026-08-15 00:12:58] INFO Epoch 003 | train batch=850/1418 | elapsed=6.9 min | eta=4.6 min
[2026-08-15 00:13:03] INFO Epoch 003 | train batch=860/1418 | elapsed=6.9 min | eta=4.5 min
[2026-08-15 00:13:08] INFO Epoch 003 | train batch=870/1418 | elapsed=7.0 min | eta=4.4 min
[2026-08-15 00:13:12] INFO Epoch 003 | train batch=880/1418 | elapsed=7.1 min | eta=4.3 min
[2026-08-15 00:13:18] INFO Epoch 003 | train batch=890/1418 | elapsed=7.2 min | eta=4.3 min
[2026-08-15 00:13:22] INFO Epoch 003 | train batch=900/1418 | elapsed=7.3 min | eta=4.2 min
[2026-08-15 00:13:27] INFO Epoch 003 | train batch=910/1418 | elapsed=7.3 min | eta=4.1 min
[2026-08-15 00:13:32] INFO Epoch 003 | train batch=920/1418 | elapsed=7.4 min | eta=4.0 min
[2026-08-15 00:13:37] INFO Epoch 003 | train batch=930/1418 | elapsed=7.5 min | eta=3.9 min
[2026-08-15 00:13:42] INFO Epoch 003 | train batch=940/1418 | elapsed=7.6 min | eta=3.9 min
[2026-08-15 00:13:46] INFO Epoch 003 | train batch=950/1418 | elapsed=7.7 min | eta=3.8 min
[2026-08-15 00:13:51] INFO Epoch 003 | train batch=960/1418 | elapsed=7.7 min | eta=3.7 min
[2026-08-15 00:13:56] INFO Epoch 003 | train batch=970/1418 | elapsed=7.8 min | eta=3.6 min
[2026-08-15 00:14:01] INFO Epoch 003 | train batch=980/1418 | elapsed=7.9 min | eta=3.5 min
[2026-08-15 00:14:06] INFO Epoch 003 | train batch=990/1418 | elapsed=8.0 min | eta=3.5 min
[2026-08-15 00:14:11] INFO Epoch 003 | train batch=1000/1418 | elapsed=8.1 min | eta=3.4 min
[2026-08-15 00:14:16] INFO Epoch 003 | train batch=1010/1418 | elapsed=8.2 min | eta=3.3 min
[2026-08-15 00:14:21] INFO Epoch 003 | train batch=1020/1418 | elapsed=8.2 min | eta=3.2 min
[2026-08-15 00:14:26] INFO Epoch 003 | train batch=1030/1418 | elapsed=8.3 min | eta=3.1 min
[2026-08-15 00:14:31] INFO Epoch 003 | train batch=1040/1418 | elapsed=8.4 min | eta=3.1 min
[2026-08-15 00:14:36] INFO Epoch 003 | train batch=1050/1418 | elapsed=8.5 min | eta=3.0 min
[2026-08-15 00:14:40] INFO Epoch 003 | train batch=1060/1418 | elapsed=8.6 min | eta=2.9 min
[2026-08-15 00:14:45] INFO Epoch 003 | train batch=1070/1418 | elapsed=8.6 min | eta=2.8 min
[2026-08-15 00:14:50] INFO Epoch 003 | train batch=1080/1418 | elapsed=8.7 min | eta=2.7 min
[2026-08-15 00:14:54] INFO Epoch 003 | train batch=1090/1418 | elapsed=8.8 min | eta=2.6 min
[2026-08-15 00:14:59] INFO Epoch 003 | train batch=1100/1418 | elapsed=8.9 min | eta=2.6 min
[2026-08-15 00:15:04] INFO Epoch 003 | train batch=1110/1418 | elapsed=9.0 min | eta=2.5 min
[2026-08-15 00:15:09] INFO Epoch 003 | train batch=1120/1418 | elapsed=9.0 min | eta=2.4 min
[2026-08-15 00:15:14] INFO Epoch 003 | train batch=1130/1418 | elapsed=9.1 min | eta=2.3 min
[2026-08-15 00:15:18] INFO Epoch 003 | train batch=1140/1418 | elapsed=9.2 min | eta=2.2 min
[2026-08-15 00:15:23] INFO Epoch 003 | train batch=1150/1418 | elapsed=9.3 min | eta=2.2 min
[2026-08-15 00:15:28] INFO Epoch 003 | train batch=1160/1418 | elapsed=9.4 min | eta=2.1 min
[2026-08-15 00:15:33] INFO Epoch 003 | train batch=1170/1418 | elapsed=9.4 min | eta=2.0 min
[2026-08-15 00:15:38] INFO Epoch 003 | train batch=1180/1418 | elapsed=9.5 min | eta=1.9 min
[2026-08-15 00:15:43] INFO Epoch 003 | train batch=1190/1418 | elapsed=9.6 min | eta=1.8 min
[2026-08-15 00:15:47] INFO Epoch 003 | train batch=1200/1418 | elapsed=9.7 min | eta=1.8 min
[2026-08-15 00:15:52] INFO Epoch 003 | train batch=1210/1418 | elapsed=9.8 min | eta=1.7 min
[2026-08-15 00:15:57] INFO Epoch 003 | train batch=1220/1418 | elapsed=9.8 min | eta=1.6 min
[2026-08-15 00:16:02] INFO Epoch 003 | train batch=1230/1418 | elapsed=9.9 min | eta=1.5 min
[2026-08-15 00:16:07] INFO Epoch 003 | train batch=1240/1418 | elapsed=10.0 min | eta=1.4 min
[2026-08-15 00:16:12] INFO Epoch 003 | train batch=1250/1418 | elapsed=10.1 min | eta=1.4 min
[2026-08-15 00:16:16] INFO Epoch 003 | train batch=1260/1418 | elapsed=10.2 min | eta=1.3 min
[2026-08-15 00:16:21] INFO Epoch 003 | train batch=1270/1418 | elapsed=10.2 min | eta=1.2 min
[2026-08-15 00:16:26] INFO Epoch 003 | train batch=1280/1418 | elapsed=10.3 min | eta=1.1 min
[2026-08-15 00:16:31] INFO Epoch 003 | train batch=1290/1418 | elapsed=10.4 min | eta=1.0 min
[2026-08-15 00:16:36] INFO Epoch 003 | train batch=1300/1418 | elapsed=10.5 min | eta=1.0 min
[2026-08-15 00:16:41] INFO Epoch 003 | train batch=1310/1418 | elapsed=10.6 min | eta=0.9 min
[2026-08-15 00:16:46] INFO Epoch 003 | train batch=1320/1418 | elapsed=10.7 min | eta=0.8 min
[2026-08-15 00:16:50] INFO Epoch 003 | train batch=1330/1418 | elapsed=10.7 min | eta=0.7 min
[2026-08-15 00:16:55] INFO Epoch 003 | train batch=1340/1418 | elapsed=10.8 min | eta=0.6 min
[2026-08-15 00:17:00] INFO Epoch 003 | train batch=1350/1418 | elapsed=10.9 min | eta=0.5 min
[2026-08-15 00:17:05] INFO Epoch 003 | train batch=1360/1418 | elapsed=11.0 min | eta=0.5 min
[2026-08-15 00:17:09] INFO Epoch 003 | train batch=1370/1418 | elapsed=11.0 min | eta=0.4 min
[2026-08-15 00:17:14] INFO Epoch 003 | train batch=1380/1418 | elapsed=11.1 min | eta=0.3 min
[2026-08-15 00:17:19] INFO Epoch 003 | train batch=1390/1418 | elapsed=11.2 min | eta=0.2 min
[2026-08-15 00:17:24] INFO Epoch 003 | train batch=1400/1418 | elapsed=11.3 min | eta=0.1 min
[2026-08-15 00:17:29] INFO Epoch 003 | train batch=1410/1418 | elapsed=11.4 min | eta=0.1 min
[2026-08-15 00:17:32] INFO Epoch 003 | train batch=1418/1418 | elapsed=11.4 min | eta=0.0 min
[2026-08-15 00:17:33] INFO Epoch 003 | val batch=1/188 | elapsed=0.0 min | eta=0.5 min
[2026-08-15 00:17:34] INFO Epoch 003 | val batch=10/188 | elapsed=0.0 min | eta=0.6 min
[2026-08-15 00:17:37] INFO Epoch 003 | val batch=20/188 | elapsed=0.1 min | eta=0.6 min
[2026-08-15 00:17:39] INFO Epoch 003 | val batch=30/188 | elapsed=0.1 min | eta=0.6 min
[2026-08-15 00:17:41] INFO Epoch 003 | val batch=40/188 | elapsed=0.1 min | eta=0.5 min
[2026-08-15 00:17:43] INFO Epoch 003 | val batch=50/188 | elapsed=0.2 min | eta=0.5 min
[2026-08-15 00:17:45] INFO Epoch 003 | val batch=60/188 | elapsed=0.2 min | eta=0.5 min
[2026-08-15 00:17:47] INFO Epoch 003 | val batch=70/188 | elapsed=0.2 min | eta=0.4 min
[2026-08-15 00:17:49] INFO Epoch 003 | val batch=80/188 | elapsed=0.3 min | eta=0.4 min
[2026-08-15 00:17:52] INFO Epoch 003 | val batch=90/188 | elapsed=0.3 min | eta=0.3 min
[2026-08-15 00:17:54] INFO Epoch 003 | val batch=100/188 | elapsed=0.4 min | eta=0.3 min
[2026-08-15 00:17:56] INFO Epoch 003 | val batch=110/188 | elapsed=0.4 min | eta=0.3 min
[2026-08-15 00:17:58] INFO Epoch 003 | val batch=120/188 | elapsed=0.4 min | eta=0.2 min
[2026-08-15 00:18:00] INFO Epoch 003 | val batch=130/188 | elapsed=0.5 min | eta=0.2 min
[2026-08-15 00:18:02] INFO Epoch 003 | val batch=140/188 | elapsed=0.5 min | eta=0.2 min
[2026-08-15 00:18:04] INFO Epoch 003 | val batch=150/188 | elapsed=0.5 min | eta=0.1 min
[2026-08-15 00:18:06] INFO Epoch 003 | val batch=160/188 | elapsed=0.6 min | eta=0.1 min
[2026-08-15 00:18:09] INFO Epoch 003 | val batch=170/188 | elapsed=0.6 min | eta=0.1 min
[2026-08-15 00:18:11] INFO Epoch 003 | val batch=180/188 | elapsed=0.6 min | eta=0.0 min
[2026-08-15 00:18:12] INFO Epoch 003 | val batch=188/188 | elapsed=0.7 min | eta=0.0 min
[2026-08-15 00:18:12] INFO Epoch 003 | train_total=0.514838 | val_total=0.481559 | val_mask=0.258509 | val_retrieval=2.230498 | val_profile=0.000000 | val_anchors=604396 | val_positive_pairs=0 | val_hard_negatives=0 | val_relation_candidates=7268824 | val_teacher_keff=3.787 | val_student_keff=8.974 | val_adapter_valid=0.966 | val_adapter_gate=0.263 | val_adapter_spatial_gate=0.201 | val_adapter_ratio=0.764442 | val_adapter_modulation=0.783274 | val_adapter_modulation_std=0.632379 | val_adapter_group_gate_std=0.268871 | val_adapter_low_rank=2.430499 | val_adapter_direct=0.292503 | val_masked_positions=42237931 | skipped(train/val)=0/0
[2026-08-15 00:18:12] INFO Checkpoint updated | epoch=3 | best_val=0.481559 | path=C:\Users\clw\projects\researchRep\STAnchor-BlockMemory\artifacts\metrla_e5_final_latent48_cc_fgda_global288_seed42\pretrain_best.pt
[2026-08-15 00:18:12] INFO Relation checkpoint updated | epoch=3 | best_val_relation=2.230498 | path=C:\Users\clw\projects\researchRep\STAnchor-BlockMemory\artifacts\metrla_e5_final_latent48_cc_fgda_global288_seed42\pretrain_best_relation.pt
[2026-08-15 00:18:12] INFO Epoch 004/050 started | train_batches=1418 | val_batches=188
[2026-08-15 00:18:13] INFO Epoch 004 | train batch=1/1418 | elapsed=0.0 min | eta=10.3 min
[2026-08-15 00:18:17] INFO Epoch 004 | train batch=10/1418 | elapsed=0.1 min | eta=11.1 min
[2026-08-15 00:18:22] INFO Epoch 004 | train batch=20/1418 | elapsed=0.2 min | eta=11.2 min
[2026-08-15 00:18:27] INFO Epoch 004 | train batch=30/1418 | elapsed=0.2 min | eta=11.3 min
[2026-08-15 00:18:32] INFO Epoch 004 | train batch=40/1418 | elapsed=0.3 min | eta=11.3 min
[2026-08-15 00:18:37] INFO Epoch 004 | train batch=50/1418 | elapsed=0.4 min | eta=11.2 min
[2026-08-15 00:18:42] INFO Epoch 004 | train batch=60/1418 | elapsed=0.5 min | eta=11.1 min
[2026-08-15 00:18:46] INFO Epoch 004 | train batch=70/1418 | elapsed=0.6 min | eta=11.0 min
[2026-08-15 00:18:51] INFO Epoch 004 | train batch=80/1418 | elapsed=0.7 min | eta=10.9 min
[2026-08-15 00:18:56] INFO Epoch 004 | train batch=90/1418 | elapsed=0.7 min | eta=10.8 min
[2026-08-15 00:19:01] INFO Epoch 004 | train batch=100/1418 | elapsed=0.8 min | eta=10.7 min
[2026-08-15 00:19:06] INFO Epoch 004 | train batch=110/1418 | elapsed=0.9 min | eta=10.6 min
[2026-08-15 00:19:11] INFO Epoch 004 | train batch=120/1418 | elapsed=1.0 min | eta=10.5 min
[2026-08-15 00:19:15] INFO Epoch 004 | train batch=130/1418 | elapsed=1.1 min | eta=10.4 min
[2026-08-15 00:19:20] INFO Epoch 004 | train batch=140/1418 | elapsed=1.1 min | eta=10.4 min
[2026-08-15 00:19:25] INFO Epoch 004 | train batch=150/1418 | elapsed=1.2 min | eta=10.3 min
[2026-08-15 00:19:30] INFO Epoch 004 | train batch=160/1418 | elapsed=1.3 min | eta=10.2 min
[2026-08-15 00:19:35] INFO Epoch 004 | train batch=170/1418 | elapsed=1.4 min | eta=10.1 min
[2026-08-15 00:19:40] INFO Epoch 004 | train batch=180/1418 | elapsed=1.5 min | eta=10.0 min
[2026-08-15 00:19:45] INFO Epoch 004 | train batch=190/1418 | elapsed=1.5 min | eta=9.9 min
[2026-08-15 00:19:49] INFO Epoch 004 | train batch=200/1418 | elapsed=1.6 min | eta=9.9 min
[2026-08-15 00:19:54] INFO Epoch 004 | train batch=210/1418 | elapsed=1.7 min | eta=9.8 min
[2026-08-15 00:19:59] INFO Epoch 004 | train batch=220/1418 | elapsed=1.8 min | eta=9.7 min
[2026-08-15 00:20:04] INFO Epoch 004 | train batch=230/1418 | elapsed=1.9 min | eta=9.6 min
[2026-08-15 00:20:09] INFO Epoch 004 | train batch=240/1418 | elapsed=1.9 min | eta=9.5 min
[2026-08-15 00:20:13] INFO Epoch 004 | train batch=250/1418 | elapsed=2.0 min | eta=9.4 min
[2026-08-15 00:20:18] INFO Epoch 004 | train batch=260/1418 | elapsed=2.1 min | eta=9.3 min
[2026-08-15 00:20:23] INFO Epoch 004 | train batch=270/1418 | elapsed=2.2 min | eta=9.3 min
[2026-08-15 00:20:28] INFO Epoch 004 | train batch=280/1418 | elapsed=2.3 min | eta=9.2 min
[2026-08-15 00:20:33] INFO Epoch 004 | train batch=290/1418 | elapsed=2.3 min | eta=9.1 min
[2026-08-15 00:20:38] INFO Epoch 004 | train batch=300/1418 | elapsed=2.4 min | eta=9.0 min
[2026-08-15 00:20:42] INFO Epoch 004 | train batch=310/1418 | elapsed=2.5 min | eta=8.9 min
[2026-08-15 00:20:47] INFO Epoch 004 | train batch=320/1418 | elapsed=2.6 min | eta=8.9 min
[2026-08-15 00:20:52] INFO Epoch 004 | train batch=330/1418 | elapsed=2.7 min | eta=8.8 min
[2026-08-15 00:20:57] INFO Epoch 004 | train batch=340/1418 | elapsed=2.7 min | eta=8.7 min
[2026-08-15 00:21:02] INFO Epoch 004 | train batch=350/1418 | elapsed=2.8 min | eta=8.6 min
[2026-08-15 00:21:07] INFO Epoch 004 | train batch=360/1418 | elapsed=2.9 min | eta=8.5 min
[2026-08-15 00:21:11] INFO Epoch 004 | train batch=370/1418 | elapsed=3.0 min | eta=8.5 min
[2026-08-15 00:21:16] INFO Epoch 004 | train batch=380/1418 | elapsed=3.1 min | eta=8.4 min
[2026-08-15 00:21:21] INFO Epoch 004 | train batch=390/1418 | elapsed=3.2 min | eta=8.3 min
[2026-08-15 00:21:26] INFO Epoch 004 | train batch=400/1418 | elapsed=3.2 min | eta=8.2 min
[2026-08-15 00:21:31] INFO Epoch 004 | train batch=410/1418 | elapsed=3.3 min | eta=8.2 min
[2026-08-15 00:21:36] INFO Epoch 004 | train batch=420/1418 | elapsed=3.4 min | eta=8.1 min
[2026-08-15 00:21:41] INFO Epoch 004 | train batch=430/1418 | elapsed=3.5 min | eta=8.0 min
[2026-08-15 00:21:46] INFO Epoch 004 | train batch=440/1418 | elapsed=3.6 min | eta=7.9 min
[2026-08-15 00:21:51] INFO Epoch 004 | train batch=450/1418 | elapsed=3.6 min | eta=7.8 min
[2026-08-15 00:21:55] INFO Epoch 004 | train batch=460/1418 | elapsed=3.7 min | eta=7.7 min
[2026-08-15 00:22:00] INFO Epoch 004 | train batch=470/1418 | elapsed=3.8 min | eta=7.6 min
[2026-08-15 00:22:04] INFO Epoch 004 | train batch=480/1418 | elapsed=3.9 min | eta=7.6 min
[2026-08-15 00:22:10] INFO Epoch 004 | train batch=490/1418 | elapsed=4.0 min | eta=7.5 min
[2026-08-15 00:22:15] INFO Epoch 004 | train batch=500/1418 | elapsed=4.0 min | eta=7.4 min
[2026-08-15 00:22:19] INFO Epoch 004 | train batch=510/1418 | elapsed=4.1 min | eta=7.3 min
[2026-08-15 00:22:25] INFO Epoch 004 | train batch=520/1418 | elapsed=4.2 min | eta=7.3 min
[2026-08-15 00:22:30] INFO Epoch 004 | train batch=530/1418 | elapsed=4.3 min | eta=7.2 min
[2026-08-15 00:22:35] INFO Epoch 004 | train batch=540/1418 | elapsed=4.4 min | eta=7.1 min
[2026-08-15 00:22:39] INFO Epoch 004 | train batch=550/1418 | elapsed=4.5 min | eta=7.0 min
[2026-08-15 00:22:44] INFO Epoch 004 | train batch=560/1418 | elapsed=4.5 min | eta=6.9 min
[2026-08-15 00:22:49] INFO Epoch 004 | train batch=570/1418 | elapsed=4.6 min | eta=6.9 min
[2026-08-15 00:22:54] INFO Epoch 004 | train batch=580/1418 | elapsed=4.7 min | eta=6.8 min
[2026-08-15 00:22:59] INFO Epoch 004 | train batch=590/1418 | elapsed=4.8 min | eta=6.7 min
[2026-08-15 00:23:03] INFO Epoch 004 | train batch=600/1418 | elapsed=4.8 min | eta=6.6 min
[2026-08-15 00:23:08] INFO Epoch 004 | train batch=610/1418 | elapsed=4.9 min | eta=6.5 min
[2026-08-15 00:23:13] INFO Epoch 004 | train batch=620/1418 | elapsed=5.0 min | eta=6.4 min
[2026-08-15 00:23:18] INFO Epoch 004 | train batch=630/1418 | elapsed=5.1 min | eta=6.4 min
[2026-08-15 00:23:23] INFO Epoch 004 | train batch=640/1418 | elapsed=5.2 min | eta=6.3 min
[2026-08-15 00:23:28] INFO Epoch 004 | train batch=650/1418 | elapsed=5.3 min | eta=6.2 min
[2026-08-15 00:23:33] INFO Epoch 004 | train batch=660/1418 | elapsed=5.3 min | eta=6.1 min
[2026-08-15 00:23:37] INFO Epoch 004 | train batch=670/1418 | elapsed=5.4 min | eta=6.0 min
[2026-08-15 00:23:42] INFO Epoch 004 | train batch=680/1418 | elapsed=5.5 min | eta=6.0 min
[2026-08-15 00:23:47] INFO Epoch 004 | train batch=690/1418 | elapsed=5.6 min | eta=5.9 min
[2026-08-15 00:23:51] INFO Epoch 004 | train batch=700/1418 | elapsed=5.7 min | eta=5.8 min
[2026-08-15 00:23:56] INFO Epoch 004 | train batch=710/1418 | elapsed=5.7 min | eta=5.7 min
[2026-08-15 00:24:01] INFO Epoch 004 | train batch=720/1418 | elapsed=5.8 min | eta=5.6 min
[2026-08-15 00:24:06] INFO Epoch 004 | train batch=730/1418 | elapsed=5.9 min | eta=5.6 min
[2026-08-15 00:24:10] INFO Epoch 004 | train batch=740/1418 | elapsed=6.0 min | eta=5.5 min
[2026-08-15 00:24:15] INFO Epoch 004 | train batch=750/1418 | elapsed=6.0 min | eta=5.4 min
[2026-08-15 00:24:20] INFO Epoch 004 | train batch=760/1418 | elapsed=6.1 min | eta=5.3 min
[2026-08-15 00:24:25] INFO Epoch 004 | train batch=770/1418 | elapsed=6.2 min | eta=5.2 min
[2026-08-15 00:24:30] INFO Epoch 004 | train batch=780/1418 | elapsed=6.3 min | eta=5.1 min
[2026-08-15 00:24:35] INFO Epoch 004 | train batch=790/1418 | elapsed=6.4 min | eta=5.1 min
[2026-08-15 00:24:40] INFO Epoch 004 | train batch=800/1418 | elapsed=6.5 min | eta=5.0 min
[2026-08-15 00:24:44] INFO Epoch 004 | train batch=810/1418 | elapsed=6.5 min | eta=4.9 min
[2026-08-15 00:24:49] INFO Epoch 004 | train batch=820/1418 | elapsed=6.6 min | eta=4.8 min
[2026-08-15 00:24:54] INFO Epoch 004 | train batch=830/1418 | elapsed=6.7 min | eta=4.7 min
[2026-08-15 00:24:59] INFO Epoch 004 | train batch=840/1418 | elapsed=6.8 min | eta=4.7 min
[2026-08-15 00:25:03] INFO Epoch 004 | train batch=850/1418 | elapsed=6.8 min | eta=4.6 min
[2026-08-15 00:25:08] INFO Epoch 004 | train batch=860/1418 | elapsed=6.9 min | eta=4.5 min
[2026-08-15 00:25:13] INFO Epoch 004 | train batch=870/1418 | elapsed=7.0 min | eta=4.4 min
[2026-08-15 00:25:17] INFO Epoch 004 | train batch=880/1418 | elapsed=7.1 min | eta=4.3 min
[2026-08-15 00:25:22] INFO Epoch 004 | train batch=890/1418 | elapsed=7.2 min | eta=4.3 min
[2026-08-15 00:25:27] INFO Epoch 004 | train batch=900/1418 | elapsed=7.2 min | eta=4.2 min
[2026-08-15 00:25:32] INFO Epoch 004 | train batch=910/1418 | elapsed=7.3 min | eta=4.1 min
[2026-08-15 00:25:37] INFO Epoch 004 | train batch=920/1418 | elapsed=7.4 min | eta=4.0 min
[2026-08-15 00:25:42] INFO Epoch 004 | train batch=930/1418 | elapsed=7.5 min | eta=3.9 min
[2026-08-15 00:25:47] INFO Epoch 004 | train batch=940/1418 | elapsed=7.6 min | eta=3.9 min
[2026-08-15 00:25:52] INFO Epoch 004 | train batch=950/1418 | elapsed=7.7 min | eta=3.8 min
[2026-08-15 00:25:57] INFO Epoch 004 | train batch=960/1418 | elapsed=7.7 min | eta=3.7 min
[2026-08-15 00:26:02] INFO Epoch 004 | train batch=970/1418 | elapsed=7.8 min | eta=3.6 min
[2026-08-15 00:26:06] INFO Epoch 004 | train batch=980/1418 | elapsed=7.9 min | eta=3.5 min
[2026-08-15 00:26:11] INFO Epoch 004 | train batch=990/1418 | elapsed=8.0 min | eta=3.5 min
[2026-08-15 00:26:16] INFO Epoch 004 | train batch=1000/1418 | elapsed=8.1 min | eta=3.4 min
[2026-08-15 00:26:21] INFO Epoch 004 | train batch=1010/1418 | elapsed=8.1 min | eta=3.3 min
[2026-08-15 00:26:26] INFO Epoch 004 | train batch=1020/1418 | elapsed=8.2 min | eta=3.2 min
[2026-08-15 00:26:31] INFO Epoch 004 | train batch=1030/1418 | elapsed=8.3 min | eta=3.1 min
[2026-08-15 00:26:35] INFO Epoch 004 | train batch=1040/1418 | elapsed=8.4 min | eta=3.0 min
[2026-08-15 00:26:40] INFO Epoch 004 | train batch=1050/1418 | elapsed=8.5 min | eta=3.0 min
[2026-08-15 00:26:45] INFO Epoch 004 | train batch=1060/1418 | elapsed=8.5 min | eta=2.9 min
[2026-08-15 00:26:50] INFO Epoch 004 | train batch=1070/1418 | elapsed=8.6 min | eta=2.8 min
[2026-08-15 00:26:55] INFO Epoch 004 | train batch=1080/1418 | elapsed=8.7 min | eta=2.7 min
[2026-08-15 00:27:00] INFO Epoch 004 | train batch=1090/1418 | elapsed=8.8 min | eta=2.6 min
[2026-08-15 00:27:05] INFO Epoch 004 | train batch=1100/1418 | elapsed=8.9 min | eta=2.6 min
[2026-08-15 00:27:10] INFO Epoch 004 | train batch=1110/1418 | elapsed=9.0 min | eta=2.5 min
[2026-08-15 00:27:14] INFO Epoch 004 | train batch=1120/1418 | elapsed=9.0 min | eta=2.4 min
[2026-08-15 00:27:19] INFO Epoch 004 | train batch=1130/1418 | elapsed=9.1 min | eta=2.3 min
[2026-08-15 00:27:24] INFO Epoch 004 | train batch=1140/1418 | elapsed=9.2 min | eta=2.2 min
[2026-08-15 00:27:29] INFO Epoch 004 | train batch=1150/1418 | elapsed=9.3 min | eta=2.2 min
[2026-08-15 00:27:34] INFO Epoch 004 | train batch=1160/1418 | elapsed=9.4 min | eta=2.1 min
[2026-08-15 00:27:39] INFO Epoch 004 | train batch=1170/1418 | elapsed=9.4 min | eta=2.0 min
[2026-08-15 00:27:44] INFO Epoch 004 | train batch=1180/1418 | elapsed=9.5 min | eta=1.9 min
[2026-08-15 00:27:48] INFO Epoch 004 | train batch=1190/1418 | elapsed=9.6 min | eta=1.8 min
[2026-08-15 00:27:53] INFO Epoch 004 | train batch=1200/1418 | elapsed=9.7 min | eta=1.8 min
[2026-08-15 00:27:57] INFO Epoch 004 | train batch=1210/1418 | elapsed=9.8 min | eta=1.7 min
[2026-08-15 00:28:02] INFO Epoch 004 | train batch=1220/1418 | elapsed=9.8 min | eta=1.6 min
[2026-08-15 00:28:07] INFO Epoch 004 | train batch=1230/1418 | elapsed=9.9 min | eta=1.5 min
[2026-08-15 00:28:11] INFO Epoch 004 | train batch=1240/1418 | elapsed=10.0 min | eta=1.4 min
[2026-08-15 00:28:16] INFO Epoch 004 | train batch=1250/1418 | elapsed=10.1 min | eta=1.4 min
[2026-08-15 00:28:21] INFO Epoch 004 | train batch=1260/1418 | elapsed=10.1 min | eta=1.3 min
[2026-08-15 00:28:26] INFO Epoch 004 | train batch=1270/1418 | elapsed=10.2 min | eta=1.2 min
[2026-08-15 00:28:31] INFO Epoch 004 | train batch=1280/1418 | elapsed=10.3 min | eta=1.1 min
[2026-08-15 00:28:36] INFO Epoch 004 | train batch=1290/1418 | elapsed=10.4 min | eta=1.0 min
[2026-08-15 00:28:41] INFO Epoch 004 | train batch=1300/1418 | elapsed=10.5 min | eta=1.0 min
[2026-08-15 00:28:46] INFO Epoch 004 | train batch=1310/1418 | elapsed=10.6 min | eta=0.9 min
[2026-08-15 00:28:51] INFO Epoch 004 | train batch=1320/1418 | elapsed=10.6 min | eta=0.8 min
[2026-08-15 00:28:56] INFO Epoch 004 | train batch=1330/1418 | elapsed=10.7 min | eta=0.7 min
[2026-08-15 00:29:00] INFO Epoch 004 | train batch=1340/1418 | elapsed=10.8 min | eta=0.6 min
[2026-08-15 00:29:05] INFO Epoch 004 | train batch=1350/1418 | elapsed=10.9 min | eta=0.5 min
[2026-08-15 00:29:10] INFO Epoch 004 | train batch=1360/1418 | elapsed=11.0 min | eta=0.5 min
[2026-08-15 00:29:15] INFO Epoch 004 | train batch=1370/1418 | elapsed=11.1 min | eta=0.4 min
[2026-08-15 00:29:20] INFO Epoch 004 | train batch=1380/1418 | elapsed=11.1 min | eta=0.3 min
[2026-08-15 00:29:25] INFO Epoch 004 | train batch=1390/1418 | elapsed=11.2 min | eta=0.2 min
[2026-08-15 00:29:30] INFO Epoch 004 | train batch=1400/1418 | elapsed=11.3 min | eta=0.1 min
[2026-08-15 00:29:35] INFO Epoch 004 | train batch=1410/1418 | elapsed=11.4 min | eta=0.1 min
[2026-08-15 00:29:39] INFO Epoch 004 | train batch=1418/1418 | elapsed=11.4 min | eta=0.0 min
[2026-08-15 00:29:39] INFO Epoch 004 | val batch=1/188 | elapsed=0.0 min | eta=0.5 min
[2026-08-15 00:29:41] INFO Epoch 004 | val batch=10/188 | elapsed=0.0 min | eta=0.6 min
[2026-08-15 00:29:43] INFO Epoch 004 | val batch=20/188 | elapsed=0.1 min | eta=0.6 min
[2026-08-15 00:29:45] INFO Epoch 004 | val batch=30/188 | elapsed=0.1 min | eta=0.6 min
[2026-08-15 00:29:47] INFO Epoch 004 | val batch=40/188 | elapsed=0.1 min | eta=0.5 min
[2026-08-15 00:29:49] INFO Epoch 004 | val batch=50/188 | elapsed=0.2 min | eta=0.5 min
[2026-08-15 00:29:52] INFO Epoch 004 | val batch=60/188 | elapsed=0.2 min | eta=0.5 min
[2026-08-15 00:29:54] INFO Epoch 004 | val batch=70/188 | elapsed=0.2 min | eta=0.4 min
[2026-08-15 00:29:56] INFO Epoch 004 | val batch=80/188 | elapsed=0.3 min | eta=0.4 min
[2026-08-15 00:29:58] INFO Epoch 004 | val batch=90/188 | elapsed=0.3 min | eta=0.3 min
[2026-08-15 00:30:00] INFO Epoch 004 | val batch=100/188 | elapsed=0.4 min | eta=0.3 min
[2026-08-15 00:30:02] INFO Epoch 004 | val batch=110/188 | elapsed=0.4 min | eta=0.3 min
[2026-08-15 00:30:04] INFO Epoch 004 | val batch=120/188 | elapsed=0.4 min | eta=0.2 min
[2026-08-15 00:30:06] INFO Epoch 004 | val batch=130/188 | elapsed=0.5 min | eta=0.2 min
[2026-08-15 00:30:09] INFO Epoch 004 | val batch=140/188 | elapsed=0.5 min | eta=0.2 min
[2026-08-15 00:30:11] INFO Epoch 004 | val batch=150/188 | elapsed=0.5 min | eta=0.1 min
[2026-08-15 00:30:13] INFO Epoch 004 | val batch=160/188 | elapsed=0.6 min | eta=0.1 min
[2026-08-15 00:30:15] INFO Epoch 004 | val batch=170/188 | elapsed=0.6 min | eta=0.1 min
[2026-08-15 00:30:17] INFO Epoch 004 | val batch=180/188 | elapsed=0.6 min | eta=0.0 min
[2026-08-15 00:30:19] INFO Epoch 004 | val batch=188/188 | elapsed=0.7 min | eta=0.0 min
[2026-08-15 00:30:19] INFO Epoch 004 | train_total=0.501825 | val_total=0.475734 | val_mask=0.253527 | val_retrieval=2.222066 | val_profile=0.000000 | val_anchors=604396 | val_positive_pairs=0 | val_hard_negatives=0 | val_relation_candidates=7268824 | val_teacher_keff=3.787 | val_student_keff=8.626 | val_adapter_valid=0.966 | val_adapter_gate=0.235 | val_adapter_spatial_gate=0.204 | val_adapter_ratio=0.721250 | val_adapter_modulation=0.783667 | val_adapter_modulation_std=0.634054 | val_adapter_group_gate_std=0.251424 | val_adapter_low_rank=2.523400 | val_adapter_direct=0.357505 | val_masked_positions=42179735 | skipped(train/val)=0/0
[2026-08-15 00:30:19] INFO Checkpoint updated | epoch=4 | best_val=0.475734 | path=C:\Users\clw\projects\researchRep\STAnchor-BlockMemory\artifacts\metrla_e5_final_latent48_cc_fgda_global288_seed42\pretrain_best.pt
[2026-08-15 00:30:19] INFO Relation checkpoint updated | epoch=4 | best_val_relation=2.222066 | path=C:\Users\clw\projects\researchRep\STAnchor-BlockMemory\artifacts\metrla_e5_final_latent48_cc_fgda_global288_seed42\pretrain_best_relation.pt
[2026-08-15 00:30:19] INFO Epoch 005/050 started | train_batches=1418 | val_batches=188
[2026-08-15 00:30:19] INFO Epoch 005 | train batch=1/1418 | elapsed=0.0 min | eta=10.2 min
[2026-08-15 00:30:23] INFO Epoch 005 | train batch=10/1418 | elapsed=0.1 min | eta=11.1 min
[2026-08-15 00:30:28] INFO Epoch 005 | train batch=20/1418 | elapsed=0.2 min | eta=11.3 min
[2026-08-15 00:30:33] INFO Epoch 005 | train batch=30/1418 | elapsed=0.2 min | eta=11.3 min
[2026-08-15 00:30:38] INFO Epoch 005 | train batch=40/1418 | elapsed=0.3 min | eta=11.3 min
[2026-08-15 00:30:43] INFO Epoch 005 | train batch=50/1418 | elapsed=0.4 min | eta=11.2 min
[2026-08-15 00:30:48] INFO Epoch 005 | train batch=60/1418 | elapsed=0.5 min | eta=11.1 min
[2026-08-15 00:30:53] INFO Epoch 005 | train batch=70/1418 | elapsed=0.6 min | eta=10.9 min
[2026-08-15 00:30:57] INFO Epoch 005 | train batch=80/1418 | elapsed=0.6 min | eta=10.8 min
[2026-08-15 00:31:02] INFO Epoch 005 | train batch=90/1418 | elapsed=0.7 min | eta=10.7 min
[2026-08-15 00:31:07] INFO Epoch 005 | train batch=100/1418 | elapsed=0.8 min | eta=10.7 min
[2026-08-15 00:31:12] INFO Epoch 005 | train batch=110/1418 | elapsed=0.9 min | eta=10.6 min
[2026-08-15 00:31:17] INFO Epoch 005 | train batch=120/1418 | elapsed=1.0 min | eta=10.5 min
[2026-08-15 00:31:22] INFO Epoch 005 | train batch=130/1418 | elapsed=1.1 min | eta=10.4 min
[2026-08-15 00:31:27] INFO Epoch 005 | train batch=140/1418 | elapsed=1.1 min | eta=10.4 min
[2026-08-15 00:31:32] INFO Epoch 005 | train batch=150/1418 | elapsed=1.2 min | eta=10.3 min
[2026-08-15 00:31:36] INFO Epoch 005 | train batch=160/1418 | elapsed=1.3 min | eta=10.2 min
[2026-08-15 00:31:41] INFO Epoch 005 | train batch=170/1418 | elapsed=1.4 min | eta=10.1 min
[2026-08-15 00:31:46] INFO Epoch 005 | train batch=180/1418 | elapsed=1.5 min | eta=10.0 min
[2026-08-15 00:31:51] INFO Epoch 005 | train batch=190/1418 | elapsed=1.5 min | eta=10.0 min
[2026-08-15 00:31:56] INFO Epoch 005 | train batch=200/1418 | elapsed=1.6 min | eta=9.9 min
[2026-08-15 00:32:01] INFO Epoch 005 | train batch=210/1418 | elapsed=1.7 min | eta=9.8 min
[2026-08-15 00:32:05] INFO Epoch 005 | train batch=220/1418 | elapsed=1.8 min | eta=9.7 min
[2026-08-15 00:32:10] INFO Epoch 005 | train batch=230/1418 | elapsed=1.9 min | eta=9.6 min
[2026-08-15 00:32:15] INFO Epoch 005 | train batch=240/1418 | elapsed=1.9 min | eta=9.5 min
[2026-08-15 00:32:20] INFO Epoch 005 | train batch=250/1418 | elapsed=2.0 min | eta=9.4 min
[2026-08-15 00:32:24] INFO Epoch 005 | train batch=260/1418 | elapsed=2.1 min | eta=9.3 min
[2026-08-15 00:32:29] INFO Epoch 005 | train batch=270/1418 | elapsed=2.2 min | eta=9.2 min
[2026-08-15 00:32:34] INFO Epoch 005 | train batch=280/1418 | elapsed=2.3 min | eta=9.2 min
[2026-08-15 00:32:39] INFO Epoch 005 | train batch=290/1418 | elapsed=2.3 min | eta=9.1 min
[2026-08-15 00:32:44] INFO Epoch 005 | train batch=300/1418 | elapsed=2.4 min | eta=9.0 min
[2026-08-15 00:32:49] INFO Epoch 005 | train batch=310/1418 | elapsed=2.5 min | eta=9.0 min
[2026-08-15 00:32:54] INFO Epoch 005 | train batch=320/1418 | elapsed=2.6 min | eta=8.9 min
[2026-08-15 00:32:58] INFO Epoch 005 | train batch=330/1418 | elapsed=2.7 min | eta=8.8 min
[2026-08-15 00:33:03] INFO Epoch 005 | train batch=340/1418 | elapsed=2.7 min | eta=8.7 min
[2026-08-15 00:33:08] INFO Epoch 005 | train batch=350/1418 | elapsed=2.8 min | eta=8.6 min
[2026-08-15 00:33:13] INFO Epoch 005 | train batch=360/1418 | elapsed=2.9 min | eta=8.5 min
[2026-08-15 00:33:18] INFO Epoch 005 | train batch=370/1418 | elapsed=3.0 min | eta=8.5 min
[2026-08-15 00:33:23] INFO Epoch 005 | train batch=380/1418 | elapsed=3.1 min | eta=8.4 min
[2026-08-15 00:33:28] INFO Epoch 005 | train batch=390/1418 | elapsed=3.2 min | eta=8.3 min
[2026-08-15 00:33:32] INFO Epoch 005 | train batch=400/1418 | elapsed=3.2 min | eta=8.2 min
[2026-08-15 00:33:37] INFO Epoch 005 | train batch=410/1418 | elapsed=3.3 min | eta=8.1 min
[2026-08-15 00:33:42] INFO Epoch 005 | train batch=420/1418 | elapsed=3.4 min | eta=8.0 min
[2026-08-15 00:33:47] INFO Epoch 005 | train batch=430/1418 | elapsed=3.5 min | eta=8.0 min
[2026-08-15 00:33:52] INFO Epoch 005 | train batch=440/1418 | elapsed=3.6 min | eta=7.9 min
[2026-08-15 00:33:56] INFO Epoch 005 | train batch=450/1418 | elapsed=3.6 min | eta=7.8 min
[2026-08-15 00:34:01] INFO Epoch 005 | train batch=460/1418 | elapsed=3.7 min | eta=7.7 min
[2026-08-15 00:34:06] INFO Epoch 005 | train batch=470/1418 | elapsed=3.8 min | eta=7.6 min
[2026-08-15 00:34:11] INFO Epoch 005 | train batch=480/1418 | elapsed=3.9 min | eta=7.6 min
[2026-08-15 00:34:16] INFO Epoch 005 | train batch=490/1418 | elapsed=4.0 min | eta=7.5 min
[2026-08-15 00:34:21] INFO Epoch 005 | train batch=500/1418 | elapsed=4.0 min | eta=7.4 min
[2026-08-15 00:34:26] INFO Epoch 005 | train batch=510/1418 | elapsed=4.1 min | eta=7.3 min
[2026-08-15 00:34:31] INFO Epoch 005 | train batch=520/1418 | elapsed=4.2 min | eta=7.3 min
[2026-08-15 00:34:36] INFO Epoch 005 | train batch=530/1418 | elapsed=4.3 min | eta=7.2 min
[2026-08-15 00:34:41] INFO Epoch 005 | train batch=540/1418 | elapsed=4.4 min | eta=7.1 min
[2026-08-15 00:34:46] INFO Epoch 005 | train batch=550/1418 | elapsed=4.5 min | eta=7.0 min
[2026-08-15 00:34:51] INFO Epoch 005 | train batch=560/1418 | elapsed=4.5 min | eta=7.0 min
[2026-08-15 00:34:56] INFO Epoch 005 | train batch=570/1418 | elapsed=4.6 min | eta=6.9 min
[2026-08-15 00:35:01] INFO Epoch 005 | train batch=580/1418 | elapsed=4.7 min | eta=6.8 min
[2026-08-15 00:35:06] INFO Epoch 005 | train batch=590/1418 | elapsed=4.8 min | eta=6.7 min
[2026-08-15 00:35:11] INFO Epoch 005 | train batch=600/1418 | elapsed=4.9 min | eta=6.6 min
[2026-08-15 00:35:16] INFO Epoch 005 | train batch=610/1418 | elapsed=4.9 min | eta=6.6 min
[2026-08-15 00:35:20] INFO Epoch 005 | train batch=620/1418 | elapsed=5.0 min | eta=6.5 min
[2026-08-15 00:35:25] INFO Epoch 005 | train batch=630/1418 | elapsed=5.1 min | eta=6.4 min
[2026-08-15 00:35:30] INFO Epoch 005 | train batch=640/1418 | elapsed=5.2 min | eta=6.3 min
[2026-08-15 00:35:35] INFO Epoch 005 | train batch=650/1418 | elapsed=5.3 min | eta=6.2 min
[2026-08-15 00:35:40] INFO Epoch 005 | train batch=660/1418 | elapsed=5.4 min | eta=6.2 min
[2026-08-15 00:35:45] INFO Epoch 005 | train batch=670/1418 | elapsed=5.4 min | eta=6.1 min
[2026-08-15 00:35:50] INFO Epoch 005 | train batch=680/1418 | elapsed=5.5 min | eta=6.0 min
[2026-08-15 00:35:54] INFO Epoch 005 | train batch=690/1418 | elapsed=5.6 min | eta=5.9 min
[2026-08-15 00:35:59] INFO Epoch 005 | train batch=700/1418 | elapsed=5.7 min | eta=5.8 min
[2026-08-15 00:36:04] INFO Epoch 005 | train batch=710/1418 | elapsed=5.8 min | eta=5.7 min
[2026-08-15 00:36:09] INFO Epoch 005 | train batch=720/1418 | elapsed=5.8 min | eta=5.7 min
[2026-08-15 00:36:14] INFO Epoch 005 | train batch=730/1418 | elapsed=5.9 min | eta=5.6 min
[2026-08-15 00:36:18] INFO Epoch 005 | train batch=740/1418 | elapsed=6.0 min | eta=5.5 min
[2026-08-15 00:36:23] INFO Epoch 005 | train batch=750/1418 | elapsed=6.1 min | eta=5.4 min
[2026-08-15 00:36:28] INFO Epoch 005 | train batch=760/1418 | elapsed=6.2 min | eta=5.3 min
[2026-08-15 00:36:33] INFO Epoch 005 | train batch=770/1418 | elapsed=6.2 min | eta=5.2 min
[2026-08-15 00:36:37] INFO Epoch 005 | train batch=780/1418 | elapsed=6.3 min | eta=5.2 min
[2026-08-15 00:36:42] INFO Epoch 005 | train batch=790/1418 | elapsed=6.4 min | eta=5.1 min
[2026-08-15 00:36:47] INFO Epoch 005 | train batch=800/1418 | elapsed=6.5 min | eta=5.0 min
[2026-08-15 00:36:52] INFO Epoch 005 | train batch=810/1418 | elapsed=6.6 min | eta=4.9 min
[2026-08-15 00:36:57] INFO Epoch 005 | train batch=820/1418 | elapsed=6.6 min | eta=4.8 min
[2026-08-15 00:37:02] INFO Epoch 005 | train batch=830/1418 | elapsed=6.7 min | eta=4.8 min
[2026-08-15 00:37:07] INFO Epoch 005 | train batch=840/1418 | elapsed=6.8 min | eta=4.7 min
[2026-08-15 00:37:12] INFO Epoch 005 | train batch=850/1418 | elapsed=6.9 min | eta=4.6 min
[2026-08-15 00:37:17] INFO Epoch 005 | train batch=860/1418 | elapsed=7.0 min | eta=4.5 min
[2026-08-15 00:37:21] INFO Epoch 005 | train batch=870/1418 | elapsed=7.0 min | eta=4.4 min
[2026-08-15 00:37:26] INFO Epoch 005 | train batch=880/1418 | elapsed=7.1 min | eta=4.4 min
[2026-08-15 00:37:31] INFO Epoch 005 | train batch=890/1418 | elapsed=7.2 min | eta=4.3 min
[2026-08-15 00:37:36] INFO Epoch 005 | train batch=900/1418 | elapsed=7.3 min | eta=4.2 min
[2026-08-15 00:37:41] INFO Epoch 005 | train batch=910/1418 | elapsed=7.4 min | eta=4.1 min
[2026-08-15 00:37:46] INFO Epoch 005 | train batch=920/1418 | elapsed=7.4 min | eta=4.0 min
[2026-08-15 00:37:50] INFO Epoch 005 | train batch=930/1418 | elapsed=7.5 min | eta=4.0 min
[2026-08-15 00:37:55] INFO Epoch 005 | train batch=940/1418 | elapsed=7.6 min | eta=3.9 min
[2026-08-15 00:38:00] INFO Epoch 005 | train batch=950/1418 | elapsed=7.7 min | eta=3.8 min
[2026-08-15 00:38:05] INFO Epoch 005 | train batch=960/1418 | elapsed=7.8 min | eta=3.7 min
[2026-08-15 00:38:10] INFO Epoch 005 | train batch=970/1418 | elapsed=7.9 min | eta=3.6 min
[2026-08-15 00:38:15] INFO Epoch 005 | train batch=980/1418 | elapsed=7.9 min | eta=3.5 min
[2026-08-15 00:38:20] INFO Epoch 005 | train batch=990/1418 | elapsed=8.0 min | eta=3.5 min
[2026-08-15 00:38:25] INFO Epoch 005 | train batch=1000/1418 | elapsed=8.1 min | eta=3.4 min
[2026-08-15 00:38:30] INFO Epoch 005 | train batch=1010/1418 | elapsed=8.2 min | eta=3.3 min
[2026-08-15 00:38:34] INFO Epoch 005 | train batch=1020/1418 | elapsed=8.3 min | eta=3.2 min
[2026-08-15 00:38:39] INFO Epoch 005 | train batch=1030/1418 | elapsed=8.3 min | eta=3.1 min
[2026-08-15 00:38:44] INFO Epoch 005 | train batch=1040/1418 | elapsed=8.4 min | eta=3.1 min
[2026-08-15 00:38:49] INFO Epoch 005 | train batch=1050/1418 | elapsed=8.5 min | eta=3.0 min
[2026-08-15 00:38:54] INFO Epoch 005 | train batch=1060/1418 | elapsed=8.6 min | eta=2.9 min
[2026-08-15 00:38:58] INFO Epoch 005 | train batch=1070/1418 | elapsed=8.7 min | eta=2.8 min
[2026-08-15 00:39:03] INFO Epoch 005 | train batch=1080/1418 | elapsed=8.7 min | eta=2.7 min
[2026-08-15 00:39:08] INFO Epoch 005 | train batch=1090/1418 | elapsed=8.8 min | eta=2.7 min
[2026-08-15 00:39:13] INFO Epoch 005 | train batch=1100/1418 | elapsed=8.9 min | eta=2.6 min
[2026-08-15 00:39:18] INFO Epoch 005 | train batch=1110/1418 | elapsed=9.0 min | eta=2.5 min
[2026-08-15 00:39:24] INFO Epoch 005 | train batch=1120/1418 | elapsed=9.1 min | eta=2.4 min
[2026-08-15 00:39:28] INFO Epoch 005 | train batch=1130/1418 | elapsed=9.2 min | eta=2.3 min
[2026-08-15 00:39:33] INFO Epoch 005 | train batch=1140/1418 | elapsed=9.2 min | eta=2.3 min
[2026-08-15 00:39:38] INFO Epoch 005 | train batch=1150/1418 | elapsed=9.3 min | eta=2.2 min
[2026-08-15 00:39:44] INFO Epoch 005 | train batch=1160/1418 | elapsed=9.4 min | eta=2.1 min
[2026-08-15 00:39:49] INFO Epoch 005 | train batch=1170/1418 | elapsed=9.5 min | eta=2.0 min
[2026-08-15 00:39:54] INFO Epoch 005 | train batch=1180/1418 | elapsed=9.6 min | eta=1.9 min
[2026-08-15 00:39:59] INFO Epoch 005 | train batch=1190/1418 | elapsed=9.7 min | eta=1.9 min
[2026-08-15 00:40:04] INFO Epoch 005 | train batch=1200/1418 | elapsed=9.7 min | eta=1.8 min
[2026-08-15 00:40:09] INFO Epoch 005 | train batch=1210/1418 | elapsed=9.8 min | eta=1.7 min
[2026-08-15 00:40:14] INFO Epoch 005 | train batch=1220/1418 | elapsed=9.9 min | eta=1.6 min
[2026-08-15 00:40:19] INFO Epoch 005 | train batch=1230/1418 | elapsed=10.0 min | eta=1.5 min
[2026-08-15 00:40:24] INFO Epoch 005 | train batch=1240/1418 | elapsed=10.1 min | eta=1.4 min
[2026-08-15 00:40:29] INFO Epoch 005 | train batch=1250/1418 | elapsed=10.2 min | eta=1.4 min
[2026-08-15 00:40:34] INFO Epoch 005 | train batch=1260/1418 | elapsed=10.3 min | eta=1.3 min
[2026-08-15 00:40:39] INFO Epoch 005 | train batch=1270/1418 | elapsed=10.3 min | eta=1.2 min
[2026-08-15 00:40:44] INFO Epoch 005 | train batch=1280/1418 | elapsed=10.4 min | eta=1.1 min
[2026-08-15 00:40:49] INFO Epoch 005 | train batch=1290/1418 | elapsed=10.5 min | eta=1.0 min
[2026-08-15 00:40:54] INFO Epoch 005 | train batch=1300/1418 | elapsed=10.6 min | eta=1.0 min
[2026-08-15 00:40:58] INFO Epoch 005 | train batch=1310/1418 | elapsed=10.7 min | eta=0.9 min
[2026-08-15 00:41:03] INFO Epoch 005 | train batch=1320/1418 | elapsed=10.7 min | eta=0.8 min
[2026-08-15 00:41:08] INFO Epoch 005 | train batch=1330/1418 | elapsed=10.8 min | eta=0.7 min
[2026-08-15 00:41:13] INFO Epoch 005 | train batch=1340/1418 | elapsed=10.9 min | eta=0.6 min
[2026-08-15 00:41:18] INFO Epoch 005 | train batch=1350/1418 | elapsed=11.0 min | eta=0.6 min
[2026-08-15 00:41:23] INFO Epoch 005 | train batch=1360/1418 | elapsed=11.1 min | eta=0.5 min
[2026-08-15 00:41:27] INFO Epoch 005 | train batch=1370/1418 | elapsed=11.1 min | eta=0.4 min
[2026-08-15 00:41:32] INFO Epoch 005 | train batch=1380/1418 | elapsed=11.2 min | eta=0.3 min
[2026-08-15 00:41:37] INFO Epoch 005 | train batch=1390/1418 | elapsed=11.3 min | eta=0.2 min
[2026-08-15 00:41:42] INFO Epoch 005 | train batch=1400/1418 | elapsed=11.4 min | eta=0.1 min
[2026-08-15 00:41:47] INFO Epoch 005 | train batch=1410/1418 | elapsed=11.5 min | eta=0.1 min
[2026-08-15 00:41:50] INFO Epoch 005 | train batch=1418/1418 | elapsed=11.5 min | eta=0.0 min
[2026-08-15 00:41:51] INFO Epoch 005 | val batch=1/188 | elapsed=0.0 min | eta=0.5 min
[2026-08-15 00:41:53] INFO Epoch 005 | val batch=10/188 | elapsed=0.0 min | eta=0.6 min
[2026-08-15 00:41:55] INFO Epoch 005 | val batch=20/188 | elapsed=0.1 min | eta=0.6 min
[2026-08-15 00:41:57] INFO Epoch 005 | val batch=30/188 | elapsed=0.1 min | eta=0.6 min
[2026-08-15 00:41:59] INFO Epoch 005 | val batch=40/188 | elapsed=0.1 min | eta=0.5 min
[2026-08-15 00:42:01] INFO Epoch 005 | val batch=50/188 | elapsed=0.2 min | eta=0.5 min
[2026-08-15 00:42:03] INFO Epoch 005 | val batch=60/188 | elapsed=0.2 min | eta=0.4 min
[2026-08-15 00:42:05] INFO Epoch 005 | val batch=70/188 | elapsed=0.2 min | eta=0.4 min
[2026-08-15 00:42:07] INFO Epoch 005 | val batch=80/188 | elapsed=0.3 min | eta=0.4 min
[2026-08-15 00:42:09] INFO Epoch 005 | val batch=90/188 | elapsed=0.3 min | eta=0.3 min
[2026-08-15 00:42:11] INFO Epoch 005 | val batch=100/188 | elapsed=0.3 min | eta=0.3 min
[2026-08-15 00:42:14] INFO Epoch 005 | val batch=110/188 | elapsed=0.4 min | eta=0.3 min
[2026-08-15 00:42:16] INFO Epoch 005 | val batch=120/188 | elapsed=0.4 min | eta=0.2 min
[2026-08-15 00:42:18] INFO Epoch 005 | val batch=130/188 | elapsed=0.5 min | eta=0.2 min
[2026-08-15 00:42:20] INFO Epoch 005 | val batch=140/188 | elapsed=0.5 min | eta=0.2 min
[2026-08-15 00:42:22] INFO Epoch 005 | val batch=150/188 | elapsed=0.5 min | eta=0.1 min
[2026-08-15 00:42:24] INFO Epoch 005 | val batch=160/188 | elapsed=0.6 min | eta=0.1 min
[2026-08-15 00:42:26] INFO Epoch 005 | val batch=170/188 | elapsed=0.6 min | eta=0.1 min
[2026-08-15 00:42:28] INFO Epoch 005 | val batch=180/188 | elapsed=0.6 min | eta=0.0 min
[2026-08-15 00:42:30] INFO Epoch 005 | val batch=188/188 | elapsed=0.7 min | eta=0.0 min
[2026-08-15 00:42:30] INFO Epoch 005 | train_total=0.485572 | val_total=0.462821 | val_mask=0.242398 | val_retrieval=2.204230 | val_profile=0.000000 | val_anchors=604396 | val_positive_pairs=0 | val_hard_negatives=0 | val_relation_candidates=7268824 | val_teacher_keff=3.787 | val_student_keff=8.247 | val_adapter_valid=0.966 | val_adapter_gate=0.245 | val_adapter_spatial_gate=0.203 | val_adapter_ratio=0.785148 | val_adapter_modulation=0.779173 | val_adapter_modulation_std=0.642315 | val_adapter_group_gate_std=0.257562 | val_adapter_low_rank=2.615797 | val_adapter_direct=0.411221 | val_masked_positions=42175797 | skipped(train/val)=0/0
[2026-08-15 00:42:30] INFO Checkpoint updated | epoch=5 | best_val=0.462821 | path=C:\Users\clw\projects\researchRep\STAnchor-BlockMemory\artifacts\metrla_e5_final_latent48_cc_fgda_global288_seed42\pretrain_best.pt
[2026-08-15 00:42:30] INFO Relation checkpoint updated | epoch=5 | best_val_relation=2.204230 | path=C:\Users\clw\projects\researchRep\STAnchor-BlockMemory\artifacts\metrla_e5_final_latent48_cc_fgda_global288_seed42\pretrain_best_relation.pt
[2026-08-15 00:42:30] INFO Epoch 006/050 started | train_batches=1418 | val_batches=188
[2026-08-15 00:42:30] INFO Epoch 006 | train batch=1/1418 | elapsed=0.0 min | eta=12.6 min
[2026-08-15 00:42:34] INFO Epoch 006 | train batch=10/1418 | elapsed=0.1 min | eta=10.8 min
[2026-08-15 00:42:39] INFO Epoch 006 | train batch=20/1418 | elapsed=0.2 min | eta=11.1 min
[2026-08-15 00:42:44] INFO Epoch 006 | train batch=30/1418 | elapsed=0.2 min | eta=11.0 min
[2026-08-15 00:42:49] INFO Epoch 006 | train batch=40/1418 | elapsed=0.3 min | eta=10.9 min
[2026-08-15 00:42:53] INFO Epoch 006 | train batch=50/1418 | elapsed=0.4 min | eta=10.7 min
[2026-08-15 00:42:58] INFO Epoch 006 | train batch=60/1418 | elapsed=0.5 min | eta=10.6 min
[2026-08-15 00:43:03] INFO Epoch 006 | train batch=70/1418 | elapsed=0.5 min | eta=10.6 min
[2026-08-15 00:43:08] INFO Epoch 006 | train batch=80/1418 | elapsed=0.6 min | eta=10.5 min
[2026-08-15 00:43:12] INFO Epoch 006 | train batch=90/1418 | elapsed=0.7 min | eta=10.4 min
[2026-08-15 00:43:17] INFO Epoch 006 | train batch=100/1418 | elapsed=0.8 min | eta=10.4 min
[2026-08-15 00:43:22] INFO Epoch 006 | train batch=110/1418 | elapsed=0.9 min | eta=10.3 min
[2026-08-15 00:43:27] INFO Epoch 006 | train batch=120/1418 | elapsed=1.0 min | eta=10.3 min
[2026-08-15 00:43:32] INFO Epoch 006 | train batch=130/1418 | elapsed=1.0 min | eta=10.2 min
[2026-08-15 00:43:36] INFO Epoch 006 | train batch=140/1418 | elapsed=1.1 min | eta=10.1 min
[2026-08-15 00:43:41] INFO Epoch 006 | train batch=150/1418 | elapsed=1.2 min | eta=10.0 min
[2026-08-15 00:43:45] INFO Epoch 006 | train batch=160/1418 | elapsed=1.3 min | eta=9.9 min
[2026-08-15 00:43:50] INFO Epoch 006 | train batch=170/1418 | elapsed=1.3 min | eta=9.8 min
[2026-08-15 00:43:55] INFO Epoch 006 | train batch=180/1418 | elapsed=1.4 min | eta=9.8 min
[2026-08-15 00:44:00] INFO Epoch 006 | train batch=190/1418 | elapsed=1.5 min | eta=9.7 min
[2026-08-15 00:44:05] INFO Epoch 006 | train batch=200/1418 | elapsed=1.6 min | eta=9.6 min
[2026-08-15 00:44:09] INFO Epoch 006 | train batch=210/1418 | elapsed=1.7 min | eta=9.5 min
[2026-08-15 00:44:14] INFO Epoch 006 | train batch=220/1418 | elapsed=1.7 min | eta=9.5 min
[2026-08-15 00:44:19] INFO Epoch 006 | train batch=230/1418 | elapsed=1.8 min | eta=9.4 min
[2026-08-15 00:44:24] INFO Epoch 006 | train batch=240/1418 | elapsed=1.9 min | eta=9.3 min
[2026-08-15 00:44:29] INFO Epoch 006 | train batch=250/1418 | elapsed=2.0 min | eta=9.3 min
[2026-08-15 00:44:33] INFO Epoch 006 | train batch=260/1418 | elapsed=2.1 min | eta=9.2 min
[2026-08-15 00:44:38] INFO Epoch 006 | train batch=270/1418 | elapsed=2.1 min | eta=9.1 min
[2026-08-15 00:44:43] INFO Epoch 006 | train batch=280/1418 | elapsed=2.2 min | eta=9.0 min
[2026-08-15 00:44:48] INFO Epoch 006 | train batch=290/1418 | elapsed=2.3 min | eta=8.9 min
[2026-08-15 00:44:53] INFO Epoch 006 | train batch=300/1418 | elapsed=2.4 min | eta=8.9 min
[2026-08-15 00:44:57] INFO Epoch 006 | train batch=310/1418 | elapsed=2.5 min | eta=8.8 min
[2026-08-15 00:45:02] INFO Epoch 006 | train batch=320/1418 | elapsed=2.5 min | eta=8.7 min
[2026-08-15 00:45:07] INFO Epoch 006 | train batch=330/1418 | elapsed=2.6 min | eta=8.6 min
[2026-08-15 00:45:12] INFO Epoch 006 | train batch=340/1418 | elapsed=2.7 min | eta=8.6 min
[2026-08-15 00:45:16] INFO Epoch 006 | train batch=350/1418 | elapsed=2.8 min | eta=8.5 min
[2026-08-15 00:45:21] INFO Epoch 006 | train batch=360/1418 | elapsed=2.9 min | eta=8.4 min
[2026-08-15 00:45:26] INFO Epoch 006 | train batch=370/1418 | elapsed=2.9 min | eta=8.3 min
[2026-08-15 00:45:30] INFO Epoch 006 | train batch=380/1418 | elapsed=3.0 min | eta=8.2 min
[2026-08-15 00:45:35] INFO Epoch 006 | train batch=390/1418 | elapsed=3.1 min | eta=8.1 min
[2026-08-15 00:45:40] INFO Epoch 006 | train batch=400/1418 | elapsed=3.2 min | eta=8.1 min
[2026-08-15 00:45:45] INFO Epoch 006 | train batch=410/1418 | elapsed=3.3 min | eta=8.0 min
[2026-08-15 00:45:49] INFO Epoch 006 | train batch=420/1418 | elapsed=3.3 min | eta=7.9 min
[2026-08-15 00:45:54] INFO Epoch 006 | train batch=430/1418 | elapsed=3.4 min | eta=7.8 min
[2026-08-15 00:45:59] INFO Epoch 006 | train batch=440/1418 | elapsed=3.5 min | eta=7.7 min
[2026-08-15 00:46:03] INFO Epoch 006 | train batch=450/1418 | elapsed=3.6 min | eta=7.7 min
[2026-08-15 00:46:08] INFO Epoch 006 | train batch=460/1418 | elapsed=3.6 min | eta=7.6 min
[2026-08-15 00:46:12] INFO Epoch 006 | train batch=470/1418 | elapsed=3.7 min | eta=7.5 min
[2026-08-15 00:46:17] INFO Epoch 006 | train batch=480/1418 | elapsed=3.8 min | eta=7.4 min
[2026-08-15 00:46:22] INFO Epoch 006 | train batch=490/1418 | elapsed=3.9 min | eta=7.3 min
[2026-08-15 00:46:26] INFO Epoch 006 | train batch=500/1418 | elapsed=3.9 min | eta=7.2 min
[2026-08-15 00:46:31] INFO Epoch 006 | train batch=510/1418 | elapsed=4.0 min | eta=7.2 min
[2026-08-15 00:46:36] INFO Epoch 006 | train batch=520/1418 | elapsed=4.1 min | eta=7.1 min
[2026-08-15 00:46:40] INFO Epoch 006 | train batch=530/1418 | elapsed=4.2 min | eta=7.0 min
[2026-08-15 00:46:45] INFO Epoch 006 | train batch=540/1418 | elapsed=4.2 min | eta=6.9 min
[2026-08-15 00:46:49] INFO Epoch 006 | train batch=550/1418 | elapsed=4.3 min | eta=6.8 min
[2026-08-15 00:46:54] INFO Epoch 006 | train batch=560/1418 | elapsed=4.4 min | eta=6.7 min
[2026-08-15 00:46:59] INFO Epoch 006 | train batch=570/1418 | elapsed=4.5 min | eta=6.7 min
[2026-08-15 00:47:03] INFO Epoch 006 | train batch=580/1418 | elapsed=4.6 min | eta=6.6 min
[2026-08-15 00:47:08] INFO Epoch 006 | train batch=590/1418 | elapsed=4.6 min | eta=6.5 min
[2026-08-15 00:47:12] INFO Epoch 006 | train batch=600/1418 | elapsed=4.7 min | eta=6.4 min
[2026-08-15 00:47:17] INFO Epoch 006 | train batch=610/1418 | elapsed=4.8 min | eta=6.3 min
[2026-08-15 00:47:22] INFO Epoch 006 | train batch=620/1418 | elapsed=4.9 min | eta=6.3 min
[2026-08-15 00:47:27] INFO Epoch 006 | train batch=630/1418 | elapsed=4.9 min | eta=6.2 min
[2026-08-15 00:47:31] INFO Epoch 006 | train batch=640/1418 | elapsed=5.0 min | eta=6.1 min
[2026-08-15 00:47:36] INFO Epoch 006 | train batch=650/1418 | elapsed=5.1 min | eta=6.0 min
[2026-08-15 00:47:41] INFO Epoch 006 | train batch=660/1418 | elapsed=5.2 min | eta=5.9 min
[2026-08-15 00:47:45] INFO Epoch 006 | train batch=670/1418 | elapsed=5.3 min | eta=5.9 min
[2026-08-15 00:47:50] INFO Epoch 006 | train batch=680/1418 | elapsed=5.3 min | eta=5.8 min
[2026-08-15 00:47:55] INFO Epoch 006 | train batch=690/1418 | elapsed=5.4 min | eta=5.7 min
[2026-08-15 00:48:00] INFO Epoch 006 | train batch=700/1418 | elapsed=5.5 min | eta=5.6 min
[2026-08-15 00:48:05] INFO Epoch 006 | train batch=710/1418 | elapsed=5.6 min | eta=5.6 min
[2026-08-15 00:48:09] INFO Epoch 006 | train batch=720/1418 | elapsed=5.7 min | eta=5.5 min
[2026-08-15 00:48:14] INFO Epoch 006 | train batch=730/1418 | elapsed=5.7 min | eta=5.4 min
[2026-08-15 00:48:19] INFO Epoch 006 | train batch=740/1418 | elapsed=5.8 min | eta=5.3 min
[2026-08-15 00:48:24] INFO Epoch 006 | train batch=750/1418 | elapsed=5.9 min | eta=5.3 min
[2026-08-15 00:48:29] INFO Epoch 006 | train batch=760/1418 | elapsed=6.0 min | eta=5.2 min
[2026-08-15 00:48:33] INFO Epoch 006 | train batch=770/1418 | elapsed=6.1 min | eta=5.1 min
[2026-08-15 00:48:38] INFO Epoch 006 | train batch=780/1418 | elapsed=6.1 min | eta=5.0 min
[2026-08-15 00:48:43] INFO Epoch 006 | train batch=790/1418 | elapsed=6.2 min | eta=4.9 min
[2026-08-15 00:48:48] INFO Epoch 006 | train batch=800/1418 | elapsed=6.3 min | eta=4.9 min
[2026-08-15 00:48:52] INFO Epoch 006 | train batch=810/1418 | elapsed=6.4 min | eta=4.8 min
[2026-08-15 00:48:57] INFO Epoch 006 | train batch=820/1418 | elapsed=6.5 min | eta=4.7 min
[2026-08-15 00:49:02] INFO Epoch 006 | train batch=830/1418 | elapsed=6.5 min | eta=4.6 min
[2026-08-15 00:49:06] INFO Epoch 006 | train batch=840/1418 | elapsed=6.6 min | eta=4.5 min
[2026-08-15 00:49:11] INFO Epoch 006 | train batch=850/1418 | elapsed=6.7 min | eta=4.5 min
[2026-08-15 00:49:16] INFO Epoch 006 | train batch=860/1418 | elapsed=6.8 min | eta=4.4 min
[2026-08-15 00:49:20] INFO Epoch 006 | train batch=870/1418 | elapsed=6.8 min | eta=4.3 min
[2026-08-15 00:49:25] INFO Epoch 006 | train batch=880/1418 | elapsed=6.9 min | eta=4.2 min
[2026-08-15 00:49:30] INFO Epoch 006 | train batch=890/1418 | elapsed=7.0 min | eta=4.2 min
[2026-08-15 00:49:34] INFO Epoch 006 | train batch=900/1418 | elapsed=7.1 min | eta=4.1 min
[2026-08-15 00:49:39] INFO Epoch 006 | train batch=910/1418 | elapsed=7.2 min | eta=4.0 min
[2026-08-15 00:49:44] INFO Epoch 006 | train batch=920/1418 | elapsed=7.2 min | eta=3.9 min
[2026-08-15 00:49:48] INFO Epoch 006 | train batch=930/1418 | elapsed=7.3 min | eta=3.8 min
[2026-08-15 00:49:53] INFO Epoch 006 | train batch=940/1418 | elapsed=7.4 min | eta=3.8 min
[2026-08-15 00:49:58] INFO Epoch 006 | train batch=950/1418 | elapsed=7.5 min | eta=3.7 min
[2026-08-15 00:50:03] INFO Epoch 006 | train batch=960/1418 | elapsed=7.5 min | eta=3.6 min
[2026-08-15 00:50:07] INFO Epoch 006 | train batch=970/1418 | elapsed=7.6 min | eta=3.5 min
[2026-08-15 00:50:12] INFO Epoch 006 | train batch=980/1418 | elapsed=7.7 min | eta=3.4 min
[2026-08-15 00:50:16] INFO Epoch 006 | train batch=990/1418 | elapsed=7.8 min | eta=3.4 min
[2026-08-15 00:50:21] INFO Epoch 006 | train batch=1000/1418 | elapsed=7.9 min | eta=3.3 min
[2026-08-15 00:50:26] INFO Epoch 006 | train batch=1010/1418 | elapsed=7.9 min | eta=3.2 min
[2026-08-15 00:50:31] INFO Epoch 006 | train batch=1020/1418 | elapsed=8.0 min | eta=3.1 min
[2026-08-15 00:50:36] INFO Epoch 006 | train batch=1030/1418 | elapsed=8.1 min | eta=3.1 min
[2026-08-15 00:50:40] INFO Epoch 006 | train batch=1040/1418 | elapsed=8.2 min | eta=3.0 min
[2026-08-15 00:50:45] INFO Epoch 006 | train batch=1050/1418 | elapsed=8.3 min | eta=2.9 min
[2026-08-15 00:50:49] INFO Epoch 006 | train batch=1060/1418 | elapsed=8.3 min | eta=2.8 min
[2026-08-15 00:50:54] INFO Epoch 006 | train batch=1070/1418 | elapsed=8.4 min | eta=2.7 min
[2026-08-15 00:50:59] INFO Epoch 006 | train batch=1080/1418 | elapsed=8.5 min | eta=2.7 min
[2026-08-15 00:51:04] INFO Epoch 006 | train batch=1090/1418 | elapsed=8.6 min | eta=2.6 min
[2026-08-15 00:51:09] INFO Epoch 006 | train batch=1100/1418 | elapsed=8.6 min | eta=2.5 min
[2026-08-15 00:51:13] INFO Epoch 006 | train batch=1110/1418 | elapsed=8.7 min | eta=2.4 min
[2026-08-15 00:51:18] INFO Epoch 006 | train batch=1120/1418 | elapsed=8.8 min | eta=2.3 min
[2026-08-15 00:51:23] INFO Epoch 006 | train batch=1130/1418 | elapsed=8.9 min | eta=2.3 min
[2026-08-15 00:51:27] INFO Epoch 006 | train batch=1140/1418 | elapsed=9.0 min | eta=2.2 min
[2026-08-15 00:51:32] INFO Epoch 006 | train batch=1150/1418 | elapsed=9.0 min | eta=2.1 min
[2026-08-15 00:51:37] INFO Epoch 006 | train batch=1160/1418 | elapsed=9.1 min | eta=2.0 min
[2026-08-15 00:51:41] INFO Epoch 006 | train batch=1170/1418 | elapsed=9.2 min | eta=1.9 min
[2026-08-15 00:51:46] INFO Epoch 006 | train batch=1180/1418 | elapsed=9.3 min | eta=1.9 min
[2026-08-15 00:51:51] INFO Epoch 006 | train batch=1190/1418 | elapsed=9.4 min | eta=1.8 min
[2026-08-15 00:51:55] INFO Epoch 006 | train batch=1200/1418 | elapsed=9.4 min | eta=1.7 min
[2026-08-15 00:52:00] INFO Epoch 006 | train batch=1210/1418 | elapsed=9.5 min | eta=1.6 min
[2026-08-15 00:52:05] INFO Epoch 006 | train batch=1220/1418 | elapsed=9.6 min | eta=1.6 min
[2026-08-15 00:52:10] INFO Epoch 006 | train batch=1230/1418 | elapsed=9.7 min | eta=1.5 min
[2026-08-15 00:52:14] INFO Epoch 006 | train batch=1240/1418 | elapsed=9.7 min | eta=1.4 min
[2026-08-15 00:52:19] INFO Epoch 006 | train batch=1250/1418 | elapsed=9.8 min | eta=1.3 min
[2026-08-15 00:52:24] INFO Epoch 006 | train batch=1260/1418 | elapsed=9.9 min | eta=1.2 min
[2026-08-15 00:52:29] INFO Epoch 006 | train batch=1270/1418 | elapsed=10.0 min | eta=1.2 min
[2026-08-15 00:52:34] INFO Epoch 006 | train batch=1280/1418 | elapsed=10.1 min | eta=1.1 min
[2026-08-15 00:52:38] INFO Epoch 006 | train batch=1290/1418 | elapsed=10.1 min | eta=1.0 min
[2026-08-15 00:52:43] INFO Epoch 006 | train batch=1300/1418 | elapsed=10.2 min | eta=0.9 min
[2026-08-15 00:52:48] INFO Epoch 006 | train batch=1310/1418 | elapsed=10.3 min | eta=0.8 min
[2026-08-15 00:52:52] INFO Epoch 006 | train batch=1320/1418 | elapsed=10.4 min | eta=0.8 min
[2026-08-15 00:52:57] INFO Epoch 006 | train batch=1330/1418 | elapsed=10.5 min | eta=0.7 min
[2026-08-15 00:53:02] INFO Epoch 006 | train batch=1340/1418 | elapsed=10.5 min | eta=0.6 min
[2026-08-15 00:53:07] INFO Epoch 006 | train batch=1350/1418 | elapsed=10.6 min | eta=0.5 min
[2026-08-15 00:53:12] INFO Epoch 006 | train batch=1360/1418 | elapsed=10.7 min | eta=0.5 min
[2026-08-15 00:53:16] INFO Epoch 006 | train batch=1370/1418 | elapsed=10.8 min | eta=0.4 min
[2026-08-15 00:53:21] INFO Epoch 006 | train batch=1380/1418 | elapsed=10.9 min | eta=0.3 min
[2026-08-15 00:53:26] INFO Epoch 006 | train batch=1390/1418 | elapsed=10.9 min | eta=0.2 min
[2026-08-15 00:53:30] INFO Epoch 006 | train batch=1400/1418 | elapsed=11.0 min | eta=0.1 min
[2026-08-15 00:53:35] INFO Epoch 006 | train batch=1410/1418 | elapsed=11.1 min | eta=0.1 min
[2026-08-15 00:53:38] INFO Epoch 006 | train batch=1418/1418 | elapsed=11.1 min | eta=0.0 min
[2026-08-15 00:53:39] INFO Epoch 006 | val batch=1/188 | elapsed=0.0 min | eta=0.5 min
[2026-08-15 00:53:40] INFO Epoch 006 | val batch=10/188 | elapsed=0.0 min | eta=0.6 min
[2026-08-15 00:53:43] INFO Epoch 006 | val batch=20/188 | elapsed=0.1 min | eta=0.6 min
[2026-08-15 00:53:45] INFO Epoch 006 | val batch=30/188 | elapsed=0.1 min | eta=0.6 min
[2026-08-15 00:53:47] INFO Epoch 006 | val batch=40/188 | elapsed=0.1 min | eta=0.5 min
[2026-08-15 00:53:49] INFO Epoch 006 | val batch=50/188 | elapsed=0.2 min | eta=0.5 min
[2026-08-15 00:53:51] INFO Epoch 006 | val batch=60/188 | elapsed=0.2 min | eta=0.4 min
[2026-08-15 00:53:53] INFO Epoch 006 | val batch=70/188 | elapsed=0.2 min | eta=0.4 min
[2026-08-15 00:53:55] INFO Epoch 006 | val batch=80/188 | elapsed=0.3 min | eta=0.4 min
[2026-08-15 00:53:57] INFO Epoch 006 | val batch=90/188 | elapsed=0.3 min | eta=0.3 min
[2026-08-15 00:53:59] INFO Epoch 006 | val batch=100/188 | elapsed=0.3 min | eta=0.3 min
[2026-08-15 00:54:01] INFO Epoch 006 | val batch=110/188 | elapsed=0.4 min | eta=0.3 min
[2026-08-15 00:54:04] INFO Epoch 006 | val batch=120/188 | elapsed=0.4 min | eta=0.2 min
[2026-08-15 00:54:06] INFO Epoch 006 | val batch=130/188 | elapsed=0.5 min | eta=0.2 min
[2026-08-15 00:54:08] INFO Epoch 006 | val batch=140/188 | elapsed=0.5 min | eta=0.2 min
[2026-08-15 00:54:10] INFO Epoch 006 | val batch=150/188 | elapsed=0.5 min | eta=0.1 min
[2026-08-15 00:54:12] INFO Epoch 006 | val batch=160/188 | elapsed=0.6 min | eta=0.1 min
[2026-08-15 00:54:14] INFO Epoch 006 | val batch=170/188 | elapsed=0.6 min | eta=0.1 min
[2026-08-15 00:54:16] INFO Epoch 006 | val batch=180/188 | elapsed=0.6 min | eta=0.0 min
[2026-08-15 00:54:18] INFO Epoch 006 | val batch=188/188 | elapsed=0.7 min | eta=0.0 min
[2026-08-15 00:54:18] INFO Epoch 006 | train_total=0.490202 | val_total=0.460357 | val_mask=0.241367 | val_retrieval=2.189905 | val_profile=0.000000 | val_anchors=604396 | val_positive_pairs=0 | val_hard_negatives=0 | val_relation_candidates=7268824 | val_teacher_keff=3.787 | val_student_keff=8.329 | val_adapter_valid=0.966 | val_adapter_gate=0.216 | val_adapter_spatial_gate=0.203 | val_adapter_ratio=0.672880 | val_adapter_modulation=0.782245 | val_adapter_modulation_std=0.627572 | val_adapter_group_gate_std=0.237691 | val_adapter_low_rank=2.592915 | val_adapter_direct=0.450569 | val_masked_positions=42160093 | skipped(train/val)=0/0
[2026-08-15 00:54:18] INFO Checkpoint updated | epoch=6 | best_val=0.460357 | path=C:\Users\clw\projects\researchRep\STAnchor-BlockMemory\artifacts\metrla_e5_final_latent48_cc_fgda_global288_seed42\pretrain_best.pt
[2026-08-15 00:54:18] INFO Relation checkpoint updated | epoch=6 | best_val_relation=2.189905 | path=C:\Users\clw\projects\researchRep\STAnchor-BlockMemory\artifacts\metrla_e5_final_latent48_cc_fgda_global288_seed42\pretrain_best_relation.pt
[2026-08-15 00:54:18] INFO Epoch 007/050 started | train_batches=1418 | val_batches=188
[2026-08-15 00:54:18] INFO Epoch 007 | train batch=1/1418 | elapsed=0.0 min | eta=12.4 min
[2026-08-15 00:54:22] INFO Epoch 007 | train batch=10/1418 | elapsed=0.1 min | eta=11.1 min
[2026-08-15 00:54:27] INFO Epoch 007 | train batch=20/1418 | elapsed=0.2 min | eta=11.0 min
[2026-08-15 00:54:32] INFO Epoch 007 | train batch=30/1418 | elapsed=0.2 min | eta=10.8 min
[2026-08-15 00:54:36] INFO Epoch 007 | train batch=40/1418 | elapsed=0.3 min | eta=10.7 min
[2026-08-15 00:54:41] INFO Epoch 007 | train batch=50/1418 | elapsed=0.4 min | eta=10.7 min
[2026-08-15 00:54:46] INFO Epoch 007 | train batch=60/1418 | elapsed=0.5 min | eta=10.7 min
[2026-08-15 00:54:51] INFO Epoch 007 | train batch=70/1418 | elapsed=0.6 min | eta=10.7 min
[2026-08-15 00:54:56] INFO Epoch 007 | train batch=80/1418 | elapsed=0.6 min | eta=10.6 min
[2026-08-15 00:55:00] INFO Epoch 007 | train batch=90/1418 | elapsed=0.7 min | eta=10.5 min
[2026-08-15 00:55:05] INFO Epoch 007 | train batch=100/1418 | elapsed=0.8 min | eta=10.4 min
[2026-08-15 00:55:10] INFO Epoch 007 | train batch=110/1418 | elapsed=0.9 min | eta=10.4 min
[2026-08-15 00:55:15] INFO Epoch 007 | train batch=120/1418 | elapsed=1.0 min | eta=10.3 min
[2026-08-15 00:55:19] INFO Epoch 007 | train batch=130/1418 | elapsed=1.0 min | eta=10.2 min
[2026-08-15 00:55:24] INFO Epoch 007 | train batch=140/1418 | elapsed=1.1 min | eta=10.1 min
[2026-08-15 00:55:29] INFO Epoch 007 | train batch=150/1418 | elapsed=1.2 min | eta=10.1 min
[2026-08-15 00:55:34] INFO Epoch 007 | train batch=160/1418 | elapsed=1.3 min | eta=10.0 min
[2026-08-15 00:55:38] INFO Epoch 007 | train batch=170/1418 | elapsed=1.3 min | eta=9.9 min
[2026-08-15 00:55:43] INFO Epoch 007 | train batch=180/1418 | elapsed=1.4 min | eta=9.8 min
[2026-08-15 00:55:48] INFO Epoch 007 | train batch=190/1418 | elapsed=1.5 min | eta=9.7 min
[2026-08-15 00:55:53] INFO Epoch 007 | train batch=200/1418 | elapsed=1.6 min | eta=9.7 min
[2026-08-15 00:55:58] INFO Epoch 007 | train batch=210/1418 | elapsed=1.7 min | eta=9.6 min
[2026-08-15 00:56:03] INFO Epoch 007 | train batch=220/1418 | elapsed=1.7 min | eta=9.5 min
[2026-08-15 00:56:07] INFO Epoch 007 | train batch=230/1418 | elapsed=1.8 min | eta=9.4 min
[2026-08-15 00:56:12] INFO Epoch 007 | train batch=240/1418 | elapsed=1.9 min | eta=9.3 min
[2026-08-15 00:56:16] INFO Epoch 007 | train batch=250/1418 | elapsed=2.0 min | eta=9.2 min
[2026-08-15 00:56:21] INFO Epoch 007 | train batch=260/1418 | elapsed=2.1 min | eta=9.2 min
[2026-08-15 00:56:26] INFO Epoch 007 | train batch=270/1418 | elapsed=2.1 min | eta=9.1 min
[2026-08-15 00:56:31] INFO Epoch 007 | train batch=280/1418 | elapsed=2.2 min | eta=9.0 min
[2026-08-15 00:56:36] INFO Epoch 007 | train batch=290/1418 | elapsed=2.3 min | eta=8.9 min
[2026-08-15 00:56:40] INFO Epoch 007 | train batch=300/1418 | elapsed=2.4 min | eta=8.9 min
[2026-08-15 00:56:45] INFO Epoch 007 | train batch=310/1418 | elapsed=2.5 min | eta=8.8 min
[2026-08-15 00:56:50] INFO Epoch 007 | train batch=320/1418 | elapsed=2.5 min | eta=8.7 min
[2026-08-15 00:56:55] INFO Epoch 007 | train batch=330/1418 | elapsed=2.6 min | eta=8.6 min
[2026-08-15 00:56:59] INFO Epoch 007 | train batch=340/1418 | elapsed=2.7 min | eta=8.5 min
[2026-08-15 00:57:04] INFO Epoch 007 | train batch=350/1418 | elapsed=2.8 min | eta=8.5 min
[2026-08-15 00:57:09] INFO Epoch 007 | train batch=360/1418 | elapsed=2.9 min | eta=8.4 min
[2026-08-15 00:57:14] INFO Epoch 007 | train batch=370/1418 | elapsed=2.9 min | eta=8.3 min
[2026-08-15 00:57:18] INFO Epoch 007 | train batch=380/1418 | elapsed=3.0 min | eta=8.2 min
[2026-08-15 00:57:23] INFO Epoch 007 | train batch=390/1418 | elapsed=3.1 min | eta=8.1 min
[2026-08-15 00:57:28] INFO Epoch 007 | train batch=400/1418 | elapsed=3.2 min | eta=8.1 min
[2026-08-15 00:57:33] INFO Epoch 007 | train batch=410/1418 | elapsed=3.3 min | eta=8.0 min
[2026-08-15 00:57:38] INFO Epoch 007 | train batch=420/1418 | elapsed=3.3 min | eta=7.9 min
[2026-08-15 00:57:42] INFO Epoch 007 | train batch=430/1418 | elapsed=3.4 min | eta=7.8 min
[2026-08-15 00:57:47] INFO Epoch 007 | train batch=440/1418 | elapsed=3.5 min | eta=7.8 min
[2026-08-15 00:57:51] INFO Epoch 007 | train batch=450/1418 | elapsed=3.6 min | eta=7.7 min
[2026-08-15 00:57:56] INFO Epoch 007 | train batch=460/1418 | elapsed=3.6 min | eta=7.6 min
[2026-08-15 00:58:01] INFO Epoch 007 | train batch=470/1418 | elapsed=3.7 min | eta=7.5 min
[2026-08-15 00:58:05] INFO Epoch 007 | train batch=480/1418 | elapsed=3.8 min | eta=7.4 min
[2026-08-15 00:58:10] INFO Epoch 007 | train batch=490/1418 | elapsed=3.9 min | eta=7.3 min
[2026-08-15 00:58:15] INFO Epoch 007 | train batch=500/1418 | elapsed=4.0 min | eta=7.3 min
[2026-08-15 00:58:20] INFO Epoch 007 | train batch=510/1418 | elapsed=4.0 min | eta=7.2 min
[2026-08-15 00:58:24] INFO Epoch 007 | train batch=520/1418 | elapsed=4.1 min | eta=7.1 min
[2026-08-15 00:58:29] INFO Epoch 007 | train batch=530/1418 | elapsed=4.2 min | eta=7.0 min
[2026-08-15 00:58:34] INFO Epoch 007 | train batch=540/1418 | elapsed=4.3 min | eta=6.9 min
[2026-08-15 00:58:39] INFO Epoch 007 | train batch=550/1418 | elapsed=4.4 min | eta=6.9 min
[2026-08-15 00:58:44] INFO Epoch 007 | train batch=560/1418 | elapsed=4.4 min | eta=6.8 min
[2026-08-15 00:58:48] INFO Epoch 007 | train batch=570/1418 | elapsed=4.5 min | eta=6.7 min
[2026-08-15 00:58:53] INFO Epoch 007 | train batch=580/1418 | elapsed=4.6 min | eta=6.6 min
[2026-08-15 00:58:58] INFO Epoch 007 | train batch=590/1418 | elapsed=4.7 min | eta=6.6 min
[2026-08-15 00:59:02] INFO Epoch 007 | train batch=600/1418 | elapsed=4.7 min | eta=6.5 min
[2026-08-15 00:59:07] INFO Epoch 007 | train batch=610/1418 | elapsed=4.8 min | eta=6.4 min
[2026-08-15 00:59:12] INFO Epoch 007 | train batch=620/1418 | elapsed=4.9 min | eta=6.3 min
[2026-08-15 00:59:17] INFO Epoch 007 | train batch=630/1418 | elapsed=5.0 min | eta=6.2 min
[2026-08-15 00:59:22] INFO Epoch 007 | train batch=640/1418 | elapsed=5.1 min | eta=6.2 min
[2026-08-15 00:59:27] INFO Epoch 007 | train batch=650/1418 | elapsed=5.2 min | eta=6.1 min
[2026-08-15 00:59:32] INFO Epoch 007 | train batch=660/1418 | elapsed=5.2 min | eta=6.0 min
[2026-08-15 00:59:36] INFO Epoch 007 | train batch=670/1418 | elapsed=5.3 min | eta=5.9 min
[2026-08-15 00:59:41] INFO Epoch 007 | train batch=680/1418 | elapsed=5.4 min | eta=5.8 min
[2026-08-15 00:59:45] INFO Epoch 007 | train batch=690/1418 | elapsed=5.5 min | eta=5.8 min
[2026-08-15 00:59:50] INFO Epoch 007 | train batch=700/1418 | elapsed=5.5 min | eta=5.7 min
[2026-08-15 00:59:55] INFO Epoch 007 | train batch=710/1418 | elapsed=5.6 min | eta=5.6 min
[2026-08-15 00:59:59] INFO Epoch 007 | train batch=720/1418 | elapsed=5.7 min | eta=5.5 min
[2026-08-15 01:00:04] INFO Epoch 007 | train batch=730/1418 | elapsed=5.8 min | eta=5.4 min
[2026-08-15 01:00:09] INFO Epoch 007 | train batch=740/1418 | elapsed=5.9 min | eta=5.4 min
[2026-08-15 01:00:14] INFO Epoch 007 | train batch=750/1418 | elapsed=5.9 min | eta=5.3 min
[2026-08-15 01:00:18] INFO Epoch 007 | train batch=760/1418 | elapsed=6.0 min | eta=5.2 min
[2026-08-15 01:00:23] INFO Epoch 007 | train batch=770/1418 | elapsed=6.1 min | eta=5.1 min
[2026-08-15 01:00:28] INFO Epoch 007 | train batch=780/1418 | elapsed=6.2 min | eta=5.0 min
[2026-08-15 01:00:32] INFO Epoch 007 | train batch=790/1418 | elapsed=6.2 min | eta=5.0 min
[2026-08-15 01:00:37] INFO Epoch 007 | train batch=800/1418 | elapsed=6.3 min | eta=4.9 min
[2026-08-15 01:00:41] INFO Epoch 007 | train batch=810/1418 | elapsed=6.4 min | eta=4.8 min
[2026-08-15 01:00:46] INFO Epoch 007 | train batch=820/1418 | elapsed=6.5 min | eta=4.7 min
[2026-08-15 01:00:51] INFO Epoch 007 | train batch=830/1418 | elapsed=6.5 min | eta=4.6 min
[2026-08-15 01:00:55] INFO Epoch 007 | train batch=840/1418 | elapsed=6.6 min | eta=4.6 min
[2026-08-15 01:01:00] INFO Epoch 007 | train batch=850/1418 | elapsed=6.7 min | eta=4.5 min
[2026-08-15 01:01:05] INFO Epoch 007 | train batch=860/1418 | elapsed=6.8 min | eta=4.4 min
[2026-08-15 01:01:09] INFO Epoch 007 | train batch=870/1418 | elapsed=6.9 min | eta=4.3 min
[2026-08-15 01:01:14] INFO Epoch 007 | train batch=880/1418 | elapsed=6.9 min | eta=4.2 min
[2026-08-15 01:01:19] INFO Epoch 007 | train batch=890/1418 | elapsed=7.0 min | eta=4.2 min
[2026-08-15 01:01:23] INFO Epoch 007 | train batch=900/1418 | elapsed=7.1 min | eta=4.1 min
[2026-08-15 01:01:28] INFO Epoch 007 | train batch=910/1418 | elapsed=7.2 min | eta=4.0 min
[2026-08-15 01:01:33] INFO Epoch 007 | train batch=920/1418 | elapsed=7.3 min | eta=3.9 min
[2026-08-15 01:01:38] INFO Epoch 007 | train batch=930/1418 | elapsed=7.3 min | eta=3.8 min
[2026-08-15 01:01:42] INFO Epoch 007 | train batch=940/1418 | elapsed=7.4 min | eta=3.8 min
[2026-08-15 01:01:46] INFO Epoch 007 | train batch=950/1418 | elapsed=7.5 min | eta=3.7 min
[2026-08-15 01:01:51] INFO Epoch 007 | train batch=960/1418 | elapsed=7.6 min | eta=3.6 min
[2026-08-15 01:01:56] INFO Epoch 007 | train batch=970/1418 | elapsed=7.6 min | eta=3.5 min
[2026-08-15 01:02:00] INFO Epoch 007 | train batch=980/1418 | elapsed=7.7 min | eta=3.4 min
[2026-08-15 01:02:05] INFO Epoch 007 | train batch=990/1418 | elapsed=7.8 min | eta=3.4 min
[2026-08-15 01:02:10] INFO Epoch 007 | train batch=1000/1418 | elapsed=7.9 min | eta=3.3 min
[2026-08-15 01:02:15] INFO Epoch 007 | train batch=1010/1418 | elapsed=7.9 min | eta=3.2 min
[2026-08-15 01:02:19] INFO Epoch 007 | train batch=1020/1418 | elapsed=8.0 min | eta=3.1 min
[2026-08-15 01:02:24] INFO Epoch 007 | train batch=1030/1418 | elapsed=8.1 min | eta=3.1 min
[2026-08-15 01:02:29] INFO Epoch 007 | train batch=1040/1418 | elapsed=8.2 min | eta=3.0 min
[2026-08-15 01:02:33] INFO Epoch 007 | train batch=1050/1418 | elapsed=8.3 min | eta=2.9 min
[2026-08-15 01:02:38] INFO Epoch 007 | train batch=1060/1418 | elapsed=8.3 min | eta=2.8 min
[2026-08-15 01:02:42] INFO Epoch 007 | train batch=1070/1418 | elapsed=8.4 min | eta=2.7 min
[2026-08-15 01:02:47] INFO Epoch 007 | train batch=1080/1418 | elapsed=8.5 min | eta=2.7 min
[2026-08-15 01:02:52] INFO Epoch 007 | train batch=1090/1418 | elapsed=8.6 min | eta=2.6 min
[2026-08-15 01:02:57] INFO Epoch 007 | train batch=1100/1418 | elapsed=8.7 min | eta=2.5 min
[2026-08-15 01:03:02] INFO Epoch 007 | train batch=1110/1418 | elapsed=8.7 min | eta=2.4 min
[2026-08-15 01:03:06] INFO Epoch 007 | train batch=1120/1418 | elapsed=8.8 min | eta=2.3 min
[2026-08-15 01:03:11] INFO Epoch 007 | train batch=1130/1418 | elapsed=8.9 min | eta=2.3 min
[2026-08-15 01:03:15] INFO Epoch 007 | train batch=1140/1418 | elapsed=9.0 min | eta=2.2 min
[2026-08-15 01:03:20] INFO Epoch 007 | train batch=1150/1418 | elapsed=9.0 min | eta=2.1 min
[2026-08-15 01:03:25] INFO Epoch 007 | train batch=1160/1418 | elapsed=9.1 min | eta=2.0 min
[2026-08-15 01:03:30] INFO Epoch 007 | train batch=1170/1418 | elapsed=9.2 min | eta=1.9 min
[2026-08-15 01:03:34] INFO Epoch 007 | train batch=1180/1418 | elapsed=9.3 min | eta=1.9 min
[2026-08-15 01:03:39] INFO Epoch 007 | train batch=1190/1418 | elapsed=9.4 min | eta=1.8 min
[2026-08-15 01:03:43] INFO Epoch 007 | train batch=1200/1418 | elapsed=9.4 min | eta=1.7 min
[2026-08-15 01:03:48] INFO Epoch 007 | train batch=1210/1418 | elapsed=9.5 min | eta=1.6 min
[2026-08-15 01:03:53] INFO Epoch 007 | train batch=1220/1418 | elapsed=9.6 min | eta=1.6 min
[2026-08-15 01:03:58] INFO Epoch 007 | train batch=1230/1418 | elapsed=9.7 min | eta=1.5 min
[2026-08-15 01:04:02] INFO Epoch 007 | train batch=1240/1418 | elapsed=9.7 min | eta=1.4 min
[2026-08-15 01:04:07] INFO Epoch 007 | train batch=1250/1418 | elapsed=9.8 min | eta=1.3 min
[2026-08-15 01:04:12] INFO Epoch 007 | train batch=1260/1418 | elapsed=9.9 min | eta=1.2 min
[2026-08-15 01:04:17] INFO Epoch 007 | train batch=1270/1418 | elapsed=10.0 min | eta=1.2 min
[2026-08-15 01:04:21] INFO Epoch 007 | train batch=1280/1418 | elapsed=10.1 min | eta=1.1 min
[2026-08-15 01:04:26] INFO Epoch 007 | train batch=1290/1418 | elapsed=10.1 min | eta=1.0 min
[2026-08-15 01:04:31] INFO Epoch 007 | train batch=1300/1418 | elapsed=10.2 min | eta=0.9 min
[2026-08-15 01:04:35] INFO Epoch 007 | train batch=1310/1418 | elapsed=10.3 min | eta=0.8 min
[2026-08-15 01:04:40] INFO Epoch 007 | train batch=1320/1418 | elapsed=10.4 min | eta=0.8 min
[2026-08-15 01:04:44] INFO Epoch 007 | train batch=1330/1418 | elapsed=10.4 min | eta=0.7 min
[2026-08-15 01:04:49] INFO Epoch 007 | train batch=1340/1418 | elapsed=10.5 min | eta=0.6 min
[2026-08-15 01:04:54] INFO Epoch 007 | train batch=1350/1418 | elapsed=10.6 min | eta=0.5 min
[2026-08-15 01:04:58] INFO Epoch 007 | train batch=1360/1418 | elapsed=10.7 min | eta=0.5 min
[2026-08-15 01:05:03] INFO Epoch 007 | train batch=1370/1418 | elapsed=10.8 min | eta=0.4 min
[2026-08-15 01:05:07] INFO Epoch 007 | train batch=1380/1418 | elapsed=10.8 min | eta=0.3 min
[2026-08-15 01:05:12] INFO Epoch 007 | train batch=1390/1418 | elapsed=10.9 min | eta=0.2 min
[2026-08-15 01:05:16] INFO Epoch 007 | train batch=1400/1418 | elapsed=11.0 min | eta=0.1 min
[2026-08-15 01:05:21] INFO Epoch 007 | train batch=1410/1418 | elapsed=11.1 min | eta=0.1 min
[2026-08-15 01:05:25] INFO Epoch 007 | train batch=1418/1418 | elapsed=11.1 min | eta=0.0 min
[2026-08-15 01:05:25] INFO Epoch 007 | val batch=1/188 | elapsed=0.0 min | eta=0.5 min
[2026-08-15 01:05:27] INFO Epoch 007 | val batch=10/188 | elapsed=0.0 min | eta=0.6 min
[2026-08-15 01:05:29] INFO Epoch 007 | val batch=20/188 | elapsed=0.1 min | eta=0.6 min
[2026-08-15 01:05:31] INFO Epoch 007 | val batch=30/188 | elapsed=0.1 min | eta=0.5 min
[2026-08-15 01:05:33] INFO Epoch 007 | val batch=40/188 | elapsed=0.1 min | eta=0.5 min
[2026-08-15 01:05:35] INFO Epoch 007 | val batch=50/188 | elapsed=0.2 min | eta=0.5 min
[2026-08-15 01:05:37] INFO Epoch 007 | val batch=60/188 | elapsed=0.2 min | eta=0.4 min
[2026-08-15 01:05:39] INFO Epoch 007 | val batch=70/188 | elapsed=0.2 min | eta=0.4 min
[2026-08-15 01:05:41] INFO Epoch 007 | val batch=80/188 | elapsed=0.3 min | eta=0.4 min
[2026-08-15 01:05:44] INFO Epoch 007 | val batch=90/188 | elapsed=0.3 min | eta=0.3 min
[2026-08-15 01:05:46] INFO Epoch 007 | val batch=100/188 | elapsed=0.3 min | eta=0.3 min
[2026-08-15 01:05:48] INFO Epoch 007 | val batch=110/188 | elapsed=0.4 min | eta=0.3 min
[2026-08-15 01:05:50] INFO Epoch 007 | val batch=120/188 | elapsed=0.4 min | eta=0.2 min
[2026-08-15 01:05:52] INFO Epoch 007 | val batch=130/188 | elapsed=0.5 min | eta=0.2 min
[2026-08-15 01:05:54] INFO Epoch 007 | val batch=140/188 | elapsed=0.5 min | eta=0.2 min
[2026-08-15 01:05:56] INFO Epoch 007 | val batch=150/188 | elapsed=0.5 min | eta=0.1 min
[2026-08-15 01:05:58] INFO Epoch 007 | val batch=160/188 | elapsed=0.6 min | eta=0.1 min
[2026-08-15 01:06:00] INFO Epoch 007 | val batch=170/188 | elapsed=0.6 min | eta=0.1 min
[2026-08-15 01:06:02] INFO Epoch 007 | val batch=180/188 | elapsed=0.6 min | eta=0.0 min
[2026-08-15 01:06:04] INFO Epoch 007 | val batch=188/188 | elapsed=0.6 min | eta=0.0 min
[2026-08-15 01:06:04] INFO Epoch 007 | train_total=0.489453 | val_total=0.453273 | val_mask=0.235017 | val_retrieval=2.182561 | val_profile=0.000000 | val_anchors=604396 | val_positive_pairs=0 | val_hard_negatives=0 | val_relation_candidates=7268824 | val_teacher_keff=3.787 | val_student_keff=8.458 | val_adapter_valid=0.966 | val_adapter_gate=0.231 | val_adapter_spatial_gate=0.200 | val_adapter_ratio=0.751143 | val_adapter_modulation=0.780195 | val_adapter_modulation_std=0.610927 | val_adapter_group_gate_std=0.245073 | val_adapter_low_rank=2.801324 | val_adapter_direct=0.501878 | val_masked_positions=42127030 | skipped(train/val)=0/0
[2026-08-15 01:06:04] INFO Checkpoint updated | epoch=7 | best_val=0.453273 | path=C:\Users\clw\projects\researchRep\STAnchor-BlockMemory\artifacts\metrla_e5_final_latent48_cc_fgda_global288_seed42\pretrain_best.pt
[2026-08-15 01:06:04] INFO Relation checkpoint updated | epoch=7 | best_val_relation=2.182561 | path=C:\Users\clw\projects\researchRep\STAnchor-BlockMemory\artifacts\metrla_e5_final_latent48_cc_fgda_global288_seed42\pretrain_best_relation.pt
[2026-08-15 01:06:04] INFO Epoch 008/050 started | train_batches=1418 | val_batches=188
[2026-08-15 01:06:04] INFO Epoch 008 | train batch=1/1418 | elapsed=0.0 min | eta=12.3 min
[2026-08-15 01:06:09] INFO Epoch 008 | train batch=10/1418 | elapsed=0.1 min | eta=11.3 min
[2026-08-15 01:06:13] INFO Epoch 008 | train batch=20/1418 | elapsed=0.2 min | eta=11.0 min
[2026-08-15 01:06:18] INFO Epoch 008 | train batch=30/1418 | elapsed=0.2 min | eta=10.7 min
[2026-08-15 01:06:22] INFO Epoch 008 | train batch=40/1418 | elapsed=0.3 min | eta=10.7 min
[2026-08-15 01:06:27] INFO Epoch 008 | train batch=50/1418 | elapsed=0.4 min | eta=10.7 min
[2026-08-15 01:06:32] INFO Epoch 008 | train batch=60/1418 | elapsed=0.5 min | eta=10.6 min
[2026-08-15 01:06:37] INFO Epoch 008 | train batch=70/1418 | elapsed=0.5 min | eta=10.6 min
[2026-08-15 01:06:41] INFO Epoch 008 | train batch=80/1418 | elapsed=0.6 min | eta=10.5 min
[2026-08-15 01:06:46] INFO Epoch 008 | train batch=90/1418 | elapsed=0.7 min | eta=10.4 min
[2026-08-15 01:06:51] INFO Epoch 008 | train batch=100/1418 | elapsed=0.8 min | eta=10.3 min
[2026-08-15 01:06:55] INFO Epoch 008 | train batch=110/1418 | elapsed=0.9 min | eta=10.2 min
[2026-08-15 01:07:00] INFO Epoch 008 | train batch=120/1418 | elapsed=0.9 min | eta=10.1 min
[2026-08-15 01:07:04] INFO Epoch 008 | train batch=130/1418 | elapsed=1.0 min | eta=10.0 min
[2026-08-15 01:07:09] INFO Epoch 008 | train batch=140/1418 | elapsed=1.1 min | eta=9.9 min
[2026-08-15 01:07:14] INFO Epoch 008 | train batch=150/1418 | elapsed=1.2 min | eta=9.9 min
[2026-08-15 01:07:18] INFO Epoch 008 | train batch=160/1418 | elapsed=1.2 min | eta=9.8 min
[2026-08-15 01:07:23] INFO Epoch 008 | train batch=170/1418 | elapsed=1.3 min | eta=9.7 min
[2026-08-15 01:07:28] INFO Epoch 008 | train batch=180/1418 | elapsed=1.4 min | eta=9.6 min
[2026-08-15 01:07:32] INFO Epoch 008 | train batch=190/1418 | elapsed=1.5 min | eta=9.6 min
[2026-08-15 01:07:37] INFO Epoch 008 | train batch=200/1418 | elapsed=1.6 min | eta=9.5 min
[2026-08-15 01:07:42] INFO Epoch 008 | train batch=210/1418 | elapsed=1.6 min | eta=9.4 min
[2026-08-15 01:07:46] INFO Epoch 008 | train batch=220/1418 | elapsed=1.7 min | eta=9.3 min
[2026-08-15 01:07:51] INFO Epoch 008 | train batch=230/1418 | elapsed=1.8 min | eta=9.3 min
[2026-08-15 01:07:56] INFO Epoch 008 | train batch=240/1418 | elapsed=1.9 min | eta=9.2 min
[2026-08-15 01:08:01] INFO Epoch 008 | train batch=250/1418 | elapsed=2.0 min | eta=9.1 min
[2026-08-15 01:08:06] INFO Epoch 008 | train batch=260/1418 | elapsed=2.0 min | eta=9.1 min
[2026-08-15 01:08:10] INFO Epoch 008 | train batch=270/1418 | elapsed=2.1 min | eta=9.0 min
[2026-08-15 01:08:15] INFO Epoch 008 | train batch=280/1418 | elapsed=2.2 min | eta=8.9 min
[2026-08-15 01:08:19] INFO Epoch 008 | train batch=290/1418 | elapsed=2.3 min | eta=8.8 min
[2026-08-15 01:08:24] INFO Epoch 008 | train batch=300/1418 | elapsed=2.3 min | eta=8.7 min
[2026-08-15 01:08:29] INFO Epoch 008 | train batch=310/1418 | elapsed=2.4 min | eta=8.7 min
[2026-08-15 01:08:34] INFO Epoch 008 | train batch=320/1418 | elapsed=2.5 min | eta=8.6 min
[2026-08-15 01:08:38] INFO Epoch 008 | train batch=330/1418 | elapsed=2.6 min | eta=8.5 min
[2026-08-15 01:08:43] INFO Epoch 008 | train batch=340/1418 | elapsed=2.7 min | eta=8.4 min
[2026-08-15 01:08:48] INFO Epoch 008 | train batch=350/1418 | elapsed=2.7 min | eta=8.3 min
[2026-08-15 01:08:53] INFO Epoch 008 | train batch=360/1418 | elapsed=2.8 min | eta=8.3 min
[2026-08-15 01:08:58] INFO Epoch 008 | train batch=370/1418 | elapsed=2.9 min | eta=8.2 min
[2026-08-15 01:09:02] INFO Epoch 008 | train batch=380/1418 | elapsed=3.0 min | eta=8.1 min
[2026-08-15 01:09:07] INFO Epoch 008 | train batch=390/1418 | elapsed=3.0 min | eta=8.0 min
[2026-08-15 01:09:11] INFO Epoch 008 | train batch=400/1418 | elapsed=3.1 min | eta=8.0 min
[2026-08-15 01:09:16] INFO Epoch 008 | train batch=410/1418 | elapsed=3.2 min | eta=7.9 min
[2026-08-15 01:09:20] INFO Epoch 008 | train batch=420/1418 | elapsed=3.3 min | eta=7.8 min
[2026-08-15 01:09:25] INFO Epoch 008 | train batch=430/1418 | elapsed=3.4 min | eta=7.7 min
[2026-08-15 01:09:30] INFO Epoch 008 | train batch=440/1418 | elapsed=3.4 min | eta=7.6 min
[2026-08-15 01:09:35] INFO Epoch 008 | train batch=450/1418 | elapsed=3.5 min | eta=7.6 min
[2026-08-15 01:09:40] INFO Epoch 008 | train batch=460/1418 | elapsed=3.6 min | eta=7.5 min
[2026-08-15 01:09:44] INFO Epoch 008 | train batch=470/1418 | elapsed=3.7 min | eta=7.4 min
[2026-08-15 01:09:49] INFO Epoch 008 | train batch=480/1418 | elapsed=3.8 min | eta=7.3 min
[2026-08-15 01:09:54] INFO Epoch 008 | train batch=490/1418 | elapsed=3.8 min | eta=7.3 min
[2026-08-15 01:09:59] INFO Epoch 008 | train batch=500/1418 | elapsed=3.9 min | eta=7.2 min
[2026-08-15 01:10:04] INFO Epoch 008 | train batch=510/1418 | elapsed=4.0 min | eta=7.1 min
[2026-08-15 01:10:08] INFO Epoch 008 | train batch=520/1418 | elapsed=4.1 min | eta=7.0 min
[2026-08-15 01:10:13] INFO Epoch 008 | train batch=530/1418 | elapsed=4.2 min | eta=7.0 min
[2026-08-15 01:10:18] INFO Epoch 008 | train batch=540/1418 | elapsed=4.2 min | eta=6.9 min
[2026-08-15 01:10:23] INFO Epoch 008 | train batch=550/1418 | elapsed=4.3 min | eta=6.8 min
[2026-08-15 01:10:27] INFO Epoch 008 | train batch=560/1418 | elapsed=4.4 min | eta=6.7 min
[2026-08-15 01:10:32] INFO Epoch 008 | train batch=570/1418 | elapsed=4.5 min | eta=6.7 min
[2026-08-15 01:10:37] INFO Epoch 008 | train batch=580/1418 | elapsed=4.6 min | eta=6.6 min
[2026-08-15 01:10:42] INFO Epoch 008 | train batch=590/1418 | elapsed=4.6 min | eta=6.5 min
[2026-08-15 01:10:46] INFO Epoch 008 | train batch=600/1418 | elapsed=4.7 min | eta=6.4 min
[2026-08-15 01:10:51] INFO Epoch 008 | train batch=610/1418 | elapsed=4.8 min | eta=6.3 min
[2026-08-15 01:10:56] INFO Epoch 008 | train batch=620/1418 | elapsed=4.9 min | eta=6.3 min
[2026-08-15 01:11:01] INFO Epoch 008 | train batch=630/1418 | elapsed=4.9 min | eta=6.2 min
[2026-08-15 01:11:06] INFO Epoch 008 | train batch=640/1418 | elapsed=5.0 min | eta=6.1 min
[2026-08-15 01:11:11] INFO Epoch 008 | train batch=650/1418 | elapsed=5.1 min | eta=6.0 min
[2026-08-15 01:11:15] INFO Epoch 008 | train batch=660/1418 | elapsed=5.2 min | eta=6.0 min
[2026-08-15 01:11:20] INFO Epoch 008 | train batch=670/1418 | elapsed=5.3 min | eta=5.9 min
[2026-08-15 01:11:25] INFO Epoch 008 | train batch=680/1418 | elapsed=5.3 min | eta=5.8 min
[2026-08-15 01:11:29] INFO Epoch 008 | train batch=690/1418 | elapsed=5.4 min | eta=5.7 min
[2026-08-15 01:11:34] INFO Epoch 008 | train batch=700/1418 | elapsed=5.5 min | eta=5.6 min
[2026-08-15 01:11:39] INFO Epoch 008 | train batch=710/1418 | elapsed=5.6 min | eta=5.6 min
[2026-08-15 01:11:43] INFO Epoch 008 | train batch=720/1418 | elapsed=5.7 min | eta=5.5 min
[2026-08-15 01:11:48] INFO Epoch 008 | train batch=730/1418 | elapsed=5.7 min | eta=5.4 min
[2026-08-15 01:11:53] INFO Epoch 008 | train batch=740/1418 | elapsed=5.8 min | eta=5.3 min
[2026-08-15 01:11:58] INFO Epoch 008 | train batch=750/1418 | elapsed=5.9 min | eta=5.3 min
[2026-08-15 01:12:02] INFO Epoch 008 | train batch=760/1418 | elapsed=6.0 min | eta=5.2 min
[2026-08-15 01:12:07] INFO Epoch 008 | train batch=770/1418 | elapsed=6.1 min | eta=5.1 min
[2026-08-15 01:12:12] INFO Epoch 008 | train batch=780/1418 | elapsed=6.1 min | eta=5.0 min
[2026-08-15 01:12:16] INFO Epoch 008 | train batch=790/1418 | elapsed=6.2 min | eta=4.9 min
[2026-08-15 01:12:21] INFO Epoch 008 | train batch=800/1418 | elapsed=6.3 min | eta=4.9 min
[2026-08-15 01:12:26] INFO Epoch 008 | train batch=810/1418 | elapsed=6.4 min | eta=4.8 min
[2026-08-15 01:12:30] INFO Epoch 008 | train batch=820/1418 | elapsed=6.4 min | eta=4.7 min
[2026-08-15 01:12:35] INFO Epoch 008 | train batch=830/1418 | elapsed=6.5 min | eta=4.6 min
[2026-08-15 01:12:39] INFO Epoch 008 | train batch=840/1418 | elapsed=6.6 min | eta=4.5 min
[2026-08-15 01:12:44] INFO Epoch 008 | train batch=850/1418 | elapsed=6.7 min | eta=4.5 min
[2026-08-15 01:12:49] INFO Epoch 008 | train batch=860/1418 | elapsed=6.7 min | eta=4.4 min
[2026-08-15 01:12:53] INFO Epoch 008 | train batch=870/1418 | elapsed=6.8 min | eta=4.3 min
[2026-08-15 01:12:58] INFO Epoch 008 | train batch=880/1418 | elapsed=6.9 min | eta=4.2 min
[2026-08-15 01:13:02] INFO Epoch 008 | train batch=890/1418 | elapsed=7.0 min | eta=4.1 min
[2026-08-15 01:13:07] INFO Epoch 008 | train batch=900/1418 | elapsed=7.1 min | eta=4.1 min
[2026-08-15 01:13:12] INFO Epoch 008 | train batch=910/1418 | elapsed=7.1 min | eta=4.0 min
[2026-08-15 01:13:17] INFO Epoch 008 | train batch=920/1418 | elapsed=7.2 min | eta=3.9 min
[2026-08-15 01:13:22] INFO Epoch 008 | train batch=930/1418 | elapsed=7.3 min | eta=3.8 min
[2026-08-15 01:13:26] INFO Epoch 008 | train batch=940/1418 | elapsed=7.4 min | eta=3.7 min
[2026-08-15 01:13:30] INFO Epoch 008 | train batch=950/1418 | elapsed=7.4 min | eta=3.7 min
[2026-08-15 01:13:35] INFO Epoch 008 | train batch=960/1418 | elapsed=7.5 min | eta=3.6 min
[2026-08-15 01:13:39] INFO Epoch 008 | train batch=970/1418 | elapsed=7.6 min | eta=3.5 min
[2026-08-15 01:13:44] INFO Epoch 008 | train batch=980/1418 | elapsed=7.7 min | eta=3.4 min
[2026-08-15 01:13:49] INFO Epoch 008 | train batch=990/1418 | elapsed=7.8 min | eta=3.4 min
[2026-08-15 01:13:54] INFO Epoch 008 | train batch=1000/1418 | elapsed=7.8 min | eta=3.3 min
[2026-08-15 01:13:58] INFO Epoch 008 | train batch=1010/1418 | elapsed=7.9 min | eta=3.2 min
[2026-08-15 01:14:03] INFO Epoch 008 | train batch=1020/1418 | elapsed=8.0 min | eta=3.1 min
[2026-08-15 01:14:07] INFO Epoch 008 | train batch=1030/1418 | elapsed=8.1 min | eta=3.0 min
[2026-08-15 01:14:12] INFO Epoch 008 | train batch=1040/1418 | elapsed=8.1 min | eta=3.0 min
[2026-08-15 01:14:17] INFO Epoch 008 | train batch=1050/1418 | elapsed=8.2 min | eta=2.9 min
[2026-08-15 01:14:21] INFO Epoch 008 | train batch=1060/1418 | elapsed=8.3 min | eta=2.8 min
[2026-08-15 01:14:26] INFO Epoch 008 | train batch=1070/1418 | elapsed=8.4 min | eta=2.7 min
[2026-08-15 01:14:31] INFO Epoch 008 | train batch=1080/1418 | elapsed=8.5 min | eta=2.6 min
[2026-08-15 01:14:36] INFO Epoch 008 | train batch=1090/1418 | elapsed=8.5 min | eta=2.6 min
[2026-08-15 01:14:41] INFO Epoch 008 | train batch=1100/1418 | elapsed=8.6 min | eta=2.5 min
[2026-08-15 01:14:45] INFO Epoch 008 | train batch=1110/1418 | elapsed=8.7 min | eta=2.4 min
[2026-08-15 01:14:50] INFO Epoch 008 | train batch=1120/1418 | elapsed=8.8 min | eta=2.3 min
[2026-08-15 01:14:55] INFO Epoch 008 | train batch=1130/1418 | elapsed=8.9 min | eta=2.3 min
[2026-08-15 01:14:59] INFO Epoch 008 | train batch=1140/1418 | elapsed=8.9 min | eta=2.2 min
[2026-08-15 01:15:04] INFO Epoch 008 | train batch=1150/1418 | elapsed=9.0 min | eta=2.1 min
[2026-08-15 01:15:09] INFO Epoch 008 | train batch=1160/1418 | elapsed=9.1 min | eta=2.0 min
[2026-08-15 01:15:14] INFO Epoch 008 | train batch=1170/1418 | elapsed=9.2 min | eta=1.9 min
[2026-08-15 01:15:19] INFO Epoch 008 | train batch=1180/1418 | elapsed=9.2 min | eta=1.9 min
[2026-08-15 01:15:23] INFO Epoch 008 | train batch=1190/1418 | elapsed=9.3 min | eta=1.8 min
[2026-08-15 01:15:28] INFO Epoch 008 | train batch=1200/1418 | elapsed=9.4 min | eta=1.7 min
[2026-08-15 01:15:33] INFO Epoch 008 | train batch=1210/1418 | elapsed=9.5 min | eta=1.6 min
[2026-08-15 01:15:38] INFO Epoch 008 | train batch=1220/1418 | elapsed=9.6 min | eta=1.6 min
[2026-08-15 01:15:42] INFO Epoch 008 | train batch=1230/1418 | elapsed=9.6 min | eta=1.5 min
[2026-08-15 01:15:47] INFO Epoch 008 | train batch=1240/1418 | elapsed=9.7 min | eta=1.4 min
[2026-08-15 01:15:51] INFO Epoch 008 | train batch=1250/1418 | elapsed=9.8 min | eta=1.3 min
[2026-08-15 01:15:56] INFO Epoch 008 | train batch=1260/1418 | elapsed=9.9 min | eta=1.2 min
[2026-08-15 01:16:01] INFO Epoch 008 | train batch=1270/1418 | elapsed=9.9 min | eta=1.2 min
[2026-08-15 01:16:05] INFO Epoch 008 | train batch=1280/1418 | elapsed=10.0 min | eta=1.1 min
[2026-08-15 01:16:10] INFO Epoch 008 | train batch=1290/1418 | elapsed=10.1 min | eta=1.0 min
[2026-08-15 01:16:14] INFO Epoch 008 | train batch=1300/1418 | elapsed=10.2 min | eta=0.9 min
[2026-08-15 01:16:19] INFO Epoch 008 | train batch=1310/1418 | elapsed=10.3 min | eta=0.8 min
[2026-08-15 01:16:24] INFO Epoch 008 | train batch=1320/1418 | elapsed=10.3 min | eta=0.8 min
[2026-08-15 01:16:29] INFO Epoch 008 | train batch=1330/1418 | elapsed=10.4 min | eta=0.7 min
[2026-08-15 01:16:34] INFO Epoch 008 | train batch=1340/1418 | elapsed=10.5 min | eta=0.6 min
[2026-08-15 01:16:38] INFO Epoch 008 | train batch=1350/1418 | elapsed=10.6 min | eta=0.5 min
[2026-08-15 01:16:43] INFO Epoch 008 | train batch=1360/1418 | elapsed=10.6 min | eta=0.5 min
[2026-08-15 01:16:47] INFO Epoch 008 | train batch=1370/1418 | elapsed=10.7 min | eta=0.4 min
[2026-08-15 01:16:52] INFO Epoch 008 | train batch=1380/1418 | elapsed=10.8 min | eta=0.3 min
[2026-08-15 01:16:57] INFO Epoch 008 | train batch=1390/1418 | elapsed=10.9 min | eta=0.2 min
[2026-08-15 01:17:02] INFO Epoch 008 | train batch=1400/1418 | elapsed=11.0 min | eta=0.1 min
[2026-08-15 01:17:06] INFO Epoch 008 | train batch=1410/1418 | elapsed=11.0 min | eta=0.1 min
[2026-08-15 01:17:10] INFO Epoch 008 | train batch=1418/1418 | elapsed=11.1 min | eta=0.0 min
[2026-08-15 01:17:10] INFO Epoch 008 | val batch=1/188 | elapsed=0.0 min | eta=0.5 min
[2026-08-15 01:17:12] INFO Epoch 008 | val batch=10/188 | elapsed=0.0 min | eta=0.6 min
[2026-08-15 01:17:14] INFO Epoch 008 | val batch=20/188 | elapsed=0.1 min | eta=0.6 min
[2026-08-15 01:17:16] INFO Epoch 008 | val batch=30/188 | elapsed=0.1 min | eta=0.6 min
[2026-08-15 01:17:18] INFO Epoch 008 | val batch=40/188 | elapsed=0.1 min | eta=0.5 min
[2026-08-15 01:17:20] INFO Epoch 008 | val batch=50/188 | elapsed=0.2 min | eta=0.5 min
[2026-08-15 01:17:22] INFO Epoch 008 | val batch=60/188 | elapsed=0.2 min | eta=0.4 min
[2026-08-15 01:17:24] INFO Epoch 008 | val batch=70/188 | elapsed=0.2 min | eta=0.4 min
[2026-08-15 01:17:27] INFO Epoch 008 | val batch=80/188 | elapsed=0.3 min | eta=0.4 min
[2026-08-15 01:17:29] INFO Epoch 008 | val batch=90/188 | elapsed=0.3 min | eta=0.3 min
[2026-08-15 01:17:31] INFO Epoch 008 | val batch=100/188 | elapsed=0.3 min | eta=0.3 min
[2026-08-15 01:17:33] INFO Epoch 008 | val batch=110/188 | elapsed=0.4 min | eta=0.3 min
[2026-08-15 01:17:35] INFO Epoch 008 | val batch=120/188 | elapsed=0.4 min | eta=0.2 min
[2026-08-15 01:17:37] INFO Epoch 008 | val batch=130/188 | elapsed=0.5 min | eta=0.2 min
[2026-08-15 01:17:39] INFO Epoch 008 | val batch=140/188 | elapsed=0.5 min | eta=0.2 min
[2026-08-15 01:17:41] INFO Epoch 008 | val batch=150/188 | elapsed=0.5 min | eta=0.1 min
[2026-08-15 01:17:43] INFO Epoch 008 | val batch=160/188 | elapsed=0.6 min | eta=0.1 min
[2026-08-15 01:17:45] INFO Epoch 008 | val batch=170/188 | elapsed=0.6 min | eta=0.1 min
[2026-08-15 01:17:47] INFO Epoch 008 | val batch=180/188 | elapsed=0.6 min | eta=0.0 min
[2026-08-15 01:17:49] INFO Epoch 008 | val batch=188/188 | elapsed=0.6 min | eta=0.0 min
[2026-08-15 01:17:49] INFO Epoch 008 | train_total=0.517806 | val_total=0.456099 | val_mask=0.238038 | val_retrieval=2.180610 | val_profile=0.000000 | val_anchors=604396 | val_positive_pairs=0 | val_hard_negatives=0 | val_relation_candidates=7268824 | val_teacher_keff=3.787 | val_student_keff=8.233 | val_adapter_valid=0.966 | val_adapter_gate=0.211 | val_adapter_spatial_gate=0.195 | val_adapter_ratio=0.735402 | val_adapter_modulation=0.775211 | val_adapter_modulation_std=0.617205 | val_adapter_group_gate_std=0.233725 | val_adapter_low_rank=2.991692 | val_adapter_direct=0.537736 | val_masked_positions=42194368 | skipped(train/val)=0/0
[2026-08-15 01:17:49] INFO Relation checkpoint updated | epoch=8 | best_val_relation=2.180610 | path=C:\Users\clw\projects\researchRep\STAnchor-BlockMemory\artifacts\metrla_e5_final_latent48_cc_fgda_global288_seed42\pretrain_best_relation.pt
[2026-08-15 01:17:49] INFO Epoch 009/050 started | train_batches=1418 | val_batches=188
[2026-08-15 01:17:49] INFO Epoch 009 | train batch=1/1418 | elapsed=0.0 min | eta=9.8 min
[2026-08-15 01:17:54] INFO Epoch 009 | train batch=10/1418 | elapsed=0.1 min | eta=11.0 min
[2026-08-15 01:17:58] INFO Epoch 009 | train batch=20/1418 | elapsed=0.2 min | eta=10.8 min
[2026-08-15 01:18:03] INFO Epoch 009 | train batch=30/1418 | elapsed=0.2 min | eta=10.8 min
[2026-08-15 01:18:07] INFO Epoch 009 | train batch=40/1418 | elapsed=0.3 min | eta=10.7 min
[2026-08-15 01:18:12] INFO Epoch 009 | train batch=50/1418 | elapsed=0.4 min | eta=10.6 min
[2026-08-15 01:18:17] INFO Epoch 009 | train batch=60/1418 | elapsed=0.5 min | eta=10.5 min
[2026-08-15 01:18:21] INFO Epoch 009 | train batch=70/1418 | elapsed=0.5 min | eta=10.5 min
[2026-08-15 01:18:26] INFO Epoch 009 | train batch=80/1418 | elapsed=0.6 min | eta=10.4 min
[2026-08-15 01:18:31] INFO Epoch 009 | train batch=90/1418 | elapsed=0.7 min | eta=10.4 min
[2026-08-15 01:18:35] INFO Epoch 009 | train batch=100/1418 | elapsed=0.8 min | eta=10.2 min
[2026-08-15 01:18:40] INFO Epoch 009 | train batch=110/1418 | elapsed=0.9 min | eta=10.1 min
[2026-08-15 01:18:45] INFO Epoch 009 | train batch=120/1418 | elapsed=0.9 min | eta=10.1 min
[2026-08-15 01:18:49] INFO Epoch 009 | train batch=130/1418 | elapsed=1.0 min | eta=10.0 min
[2026-08-15 01:18:54] INFO Epoch 009 | train batch=140/1418 | elapsed=1.1 min | eta=9.9 min
[2026-08-15 01:18:59] INFO Epoch 009 | train batch=150/1418 | elapsed=1.2 min | eta=9.8 min
[2026-08-15 01:19:03] INFO Epoch 009 | train batch=160/1418 | elapsed=1.2 min | eta=9.7 min
[2026-08-15 01:19:08] INFO Epoch 009 | train batch=170/1418 | elapsed=1.3 min | eta=9.7 min
[2026-08-15 01:19:13] INFO Epoch 009 | train batch=180/1418 | elapsed=1.4 min | eta=9.6 min
[2026-08-15 01:19:18] INFO Epoch 009 | train batch=190/1418 | elapsed=1.5 min | eta=9.6 min
[2026-08-15 01:19:22] INFO Epoch 009 | train batch=200/1418 | elapsed=1.6 min | eta=9.5 min
[2026-08-15 01:19:27] INFO Epoch 009 | train batch=210/1418 | elapsed=1.6 min | eta=9.4 min
[2026-08-15 01:19:32] INFO Epoch 009 | train batch=220/1418 | elapsed=1.7 min | eta=9.3 min
[2026-08-15 01:19:37] INFO Epoch 009 | train batch=230/1418 | elapsed=1.8 min | eta=9.3 min
[2026-08-15 01:19:41] INFO Epoch 009 | train batch=240/1418 | elapsed=1.9 min | eta=9.2 min
[2026-08-15 01:19:46] INFO Epoch 009 | train batch=250/1418 | elapsed=1.9 min | eta=9.1 min
[2026-08-15 01:19:50] INFO Epoch 009 | train batch=260/1418 | elapsed=2.0 min | eta=9.0 min
[2026-08-15 01:19:55] INFO Epoch 009 | train batch=270/1418 | elapsed=2.1 min | eta=8.9 min
[2026-08-15 01:19:59] INFO Epoch 009 | train batch=280/1418 | elapsed=2.2 min | eta=8.8 min
[2026-08-15 01:20:04] INFO Epoch 009 | train batch=290/1418 | elapsed=2.3 min | eta=8.8 min
[2026-08-15 01:20:09] INFO Epoch 009 | train batch=300/1418 | elapsed=2.3 min | eta=8.7 min
[2026-08-15 01:20:13] INFO Epoch 009 | train batch=310/1418 | elapsed=2.4 min | eta=8.6 min
[2026-08-15 01:20:18] INFO Epoch 009 | train batch=320/1418 | elapsed=2.5 min | eta=8.5 min
[2026-08-15 01:20:22] INFO Epoch 009 | train batch=330/1418 | elapsed=2.6 min | eta=8.4 min
[2026-08-15 01:20:27] INFO Epoch 009 | train batch=340/1418 | elapsed=2.6 min | eta=8.4 min
[2026-08-15 01:20:32] INFO Epoch 009 | train batch=350/1418 | elapsed=2.7 min | eta=8.3 min
[2026-08-15 01:20:37] INFO Epoch 009 | train batch=360/1418 | elapsed=2.8 min | eta=8.2 min
[2026-08-15 01:20:41] INFO Epoch 009 | train batch=370/1418 | elapsed=2.9 min | eta=8.1 min
[2026-08-15 01:20:46] INFO Epoch 009 | train batch=380/1418 | elapsed=2.9 min | eta=8.1 min
[2026-08-15 01:20:50] INFO Epoch 009 | train batch=390/1418 | elapsed=3.0 min | eta=8.0 min
[2026-08-15 01:20:55] INFO Epoch 009 | train batch=400/1418 | elapsed=3.1 min | eta=7.9 min
[2026-08-15 01:21:00] INFO Epoch 009 | train batch=410/1418 | elapsed=3.2 min | eta=7.8 min
[2026-08-15 01:21:05] INFO Epoch 009 | train batch=420/1418 | elapsed=3.3 min | eta=7.8 min
[2026-08-15 01:21:09] INFO Epoch 009 | train batch=430/1418 | elapsed=3.3 min | eta=7.7 min
[2026-08-15 01:21:14] INFO Epoch 009 | train batch=440/1418 | elapsed=3.4 min | eta=7.6 min
[2026-08-15 01:21:19] INFO Epoch 009 | train batch=450/1418 | elapsed=3.5 min | eta=7.5 min
[2026-08-15 01:21:23] INFO Epoch 009 | train batch=460/1418 | elapsed=3.6 min | eta=7.4 min
[2026-08-15 01:21:28] INFO Epoch 009 | train batch=470/1418 | elapsed=3.6 min | eta=7.4 min
[2026-08-15 01:21:32] INFO Epoch 009 | train batch=480/1418 | elapsed=3.7 min | eta=7.3 min
[2026-08-15 01:21:37] INFO Epoch 009 | train batch=490/1418 | elapsed=3.8 min | eta=7.2 min
[2026-08-15 01:21:42] INFO Epoch 009 | train batch=500/1418 | elapsed=3.9 min | eta=7.1 min
[2026-08-15 01:21:46] INFO Epoch 009 | train batch=510/1418 | elapsed=4.0 min | eta=7.0 min
[2026-08-15 01:21:51] INFO Epoch 009 | train batch=520/1418 | elapsed=4.0 min | eta=7.0 min
[2026-08-15 01:21:56] INFO Epoch 009 | train batch=530/1418 | elapsed=4.1 min | eta=6.9 min
[2026-08-15 01:22:00] INFO Epoch 009 | train batch=540/1418 | elapsed=4.2 min | eta=6.8 min
[2026-08-15 01:22:05] INFO Epoch 009 | train batch=550/1418 | elapsed=4.3 min | eta=6.7 min
[2026-08-15 01:22:10] INFO Epoch 009 | train batch=560/1418 | elapsed=4.4 min | eta=6.7 min
[2026-08-15 01:22:15] INFO Epoch 009 | train batch=570/1418 | elapsed=4.4 min | eta=6.6 min
[2026-08-15 01:22:19] INFO Epoch 009 | train batch=580/1418 | elapsed=4.5 min | eta=6.5 min
[2026-08-15 01:22:24] INFO Epoch 009 | train batch=590/1418 | elapsed=4.6 min | eta=6.4 min
[2026-08-15 01:22:29] INFO Epoch 009 | train batch=600/1418 | elapsed=4.7 min | eta=6.4 min
[2026-08-15 01:22:33] INFO Epoch 009 | train batch=610/1418 | elapsed=4.7 min | eta=6.3 min
[2026-08-15 01:22:38] INFO Epoch 009 | train batch=620/1418 | elapsed=4.8 min | eta=6.2 min
[2026-08-15 01:22:42] INFO Epoch 009 | train batch=630/1418 | elapsed=4.9 min | eta=6.1 min
[2026-08-15 01:22:47] INFO Epoch 009 | train batch=640/1418 | elapsed=5.0 min | eta=6.0 min
[2026-08-15 01:22:52] INFO Epoch 009 | train batch=650/1418 | elapsed=5.1 min | eta=6.0 min
[2026-08-15 01:22:57] INFO Epoch 009 | train batch=660/1418 | elapsed=5.1 min | eta=5.9 min
[2026-08-15 01:23:02] INFO Epoch 009 | train batch=670/1418 | elapsed=5.2 min | eta=5.8 min
[2026-08-15 01:23:07] INFO Epoch 009 | train batch=680/1418 | elapsed=5.3 min | eta=5.7 min
[2026-08-15 01:23:11] INFO Epoch 009 | train batch=690/1418 | elapsed=5.4 min | eta=5.7 min
[2026-08-15 01:23:16] INFO Epoch 009 | train batch=700/1418 | elapsed=5.5 min | eta=5.6 min
[2026-08-15 01:23:21] INFO Epoch 009 | train batch=710/1418 | elapsed=5.5 min | eta=5.5 min
[2026-08-15 01:23:26] INFO Epoch 009 | train batch=720/1418 | elapsed=5.6 min | eta=5.4 min
[2026-08-15 01:23:30] INFO Epoch 009 | train batch=730/1418 | elapsed=5.7 min | eta=5.4 min
[2026-08-15 01:23:35] INFO Epoch 009 | train batch=740/1418 | elapsed=5.8 min | eta=5.3 min
[2026-08-15 01:23:39] INFO Epoch 009 | train batch=750/1418 | elapsed=5.8 min | eta=5.2 min
[2026-08-15 01:23:44] INFO Epoch 009 | train batch=760/1418 | elapsed=5.9 min | eta=5.1 min
[2026-08-15 01:23:49] INFO Epoch 009 | train batch=770/1418 | elapsed=6.0 min | eta=5.0 min
[2026-08-15 01:23:53] INFO Epoch 009 | train batch=780/1418 | elapsed=6.1 min | eta=5.0 min
[2026-08-15 01:23:58] INFO Epoch 009 | train batch=790/1418 | elapsed=6.1 min | eta=4.9 min
[2026-08-15 01:24:03] INFO Epoch 009 | train batch=800/1418 | elapsed=6.2 min | eta=4.8 min
[2026-08-15 01:24:07] INFO Epoch 009 | train batch=810/1418 | elapsed=6.3 min | eta=4.7 min
[2026-08-15 01:24:12] INFO Epoch 009 | train batch=820/1418 | elapsed=6.4 min | eta=4.7 min
[2026-08-15 01:24:17] INFO Epoch 009 | train batch=830/1418 | elapsed=6.5 min | eta=4.6 min
[2026-08-15 01:24:21] INFO Epoch 009 | train batch=840/1418 | elapsed=6.5 min | eta=4.5 min
[2026-08-15 01:24:26] INFO Epoch 009 | train batch=850/1418 | elapsed=6.6 min | eta=4.4 min
[2026-08-15 01:24:31] INFO Epoch 009 | train batch=860/1418 | elapsed=6.7 min | eta=4.3 min
[2026-08-15 01:24:35] INFO Epoch 009 | train batch=870/1418 | elapsed=6.8 min | eta=4.3 min
[2026-08-15 01:24:40] INFO Epoch 009 | train batch=880/1418 | elapsed=6.9 min | eta=4.2 min
[2026-08-15 01:24:45] INFO Epoch 009 | train batch=890/1418 | elapsed=6.9 min | eta=4.1 min
[2026-08-15 01:24:49] INFO Epoch 009 | train batch=900/1418 | elapsed=7.0 min | eta=4.0 min
[2026-08-15 01:24:54] INFO Epoch 009 | train batch=910/1418 | elapsed=7.1 min | eta=4.0 min
[2026-08-15 01:24:58] INFO Epoch 009 | train batch=920/1418 | elapsed=7.2 min | eta=3.9 min
[2026-08-15 01:25:03] INFO Epoch 009 | train batch=930/1418 | elapsed=7.2 min | eta=3.8 min
[2026-08-15 01:25:07] INFO Epoch 009 | train batch=940/1418 | elapsed=7.3 min | eta=3.7 min
[2026-08-15 01:25:12] INFO Epoch 009 | train batch=950/1418 | elapsed=7.4 min | eta=3.6 min
[2026-08-15 01:25:17] INFO Epoch 009 | train batch=960/1418 | elapsed=7.5 min | eta=3.6 min
[2026-08-15 01:25:22] INFO Epoch 009 | train batch=970/1418 | elapsed=7.6 min | eta=3.5 min
[2026-08-15 01:25:26] INFO Epoch 009 | train batch=980/1418 | elapsed=7.6 min | eta=3.4 min
[2026-08-15 01:25:31] INFO Epoch 009 | train batch=990/1418 | elapsed=7.7 min | eta=3.3 min
[2026-08-15 01:25:36] INFO Epoch 009 | train batch=1000/1418 | elapsed=7.8 min | eta=3.3 min
[2026-08-15 01:25:41] INFO Epoch 009 | train batch=1010/1418 | elapsed=7.9 min | eta=3.2 min
[2026-08-15 01:25:45] INFO Epoch 009 | train batch=1020/1418 | elapsed=7.9 min | eta=3.1 min
[2026-08-15 01:25:50] INFO Epoch 009 | train batch=1030/1418 | elapsed=8.0 min | eta=3.0 min
[2026-08-15 01:25:54] INFO Epoch 009 | train batch=1040/1418 | elapsed=8.1 min | eta=2.9 min
[2026-08-15 01:25:59] INFO Epoch 009 | train batch=1050/1418 | elapsed=8.2 min | eta=2.9 min
[2026-08-15 01:26:04] INFO Epoch 009 | train batch=1060/1418 | elapsed=8.2 min | eta=2.8 min
[2026-08-15 01:26:08] INFO Epoch 009 | train batch=1070/1418 | elapsed=8.3 min | eta=2.7 min
[2026-08-15 01:26:13] INFO Epoch 009 | train batch=1080/1418 | elapsed=8.4 min | eta=2.6 min
[2026-08-15 01:26:17] INFO Epoch 009 | train batch=1090/1418 | elapsed=8.5 min | eta=2.6 min
[2026-08-15 01:26:22] INFO Epoch 009 | train batch=1100/1418 | elapsed=8.6 min | eta=2.5 min
[2026-08-15 01:26:27] INFO Epoch 009 | train batch=1110/1418 | elapsed=8.6 min | eta=2.4 min
[2026-08-15 01:26:32] INFO Epoch 009 | train batch=1120/1418 | elapsed=8.7 min | eta=2.3 min
[2026-08-15 01:26:37] INFO Epoch 009 | train batch=1130/1418 | elapsed=8.8 min | eta=2.2 min
[2026-08-15 01:26:42] INFO Epoch 009 | train batch=1140/1418 | elapsed=8.9 min | eta=2.2 min
[2026-08-15 01:26:47] INFO Epoch 009 | train batch=1150/1418 | elapsed=9.0 min | eta=2.1 min
[2026-08-15 01:26:51] INFO Epoch 009 | train batch=1160/1418 | elapsed=9.0 min | eta=2.0 min
[2026-08-15 01:26:56] INFO Epoch 009 | train batch=1170/1418 | elapsed=9.1 min | eta=1.9 min
[2026-08-15 01:27:01] INFO Epoch 009 | train batch=1180/1418 | elapsed=9.2 min | eta=1.9 min
[2026-08-15 01:27:06] INFO Epoch 009 | train batch=1190/1418 | elapsed=9.3 min | eta=1.8 min
[2026-08-15 01:27:10] INFO Epoch 009 | train batch=1200/1418 | elapsed=9.4 min | eta=1.7 min
[2026-08-15 01:27:15] INFO Epoch 009 | train batch=1210/1418 | elapsed=9.4 min | eta=1.6 min
[2026-08-15 01:27:20] INFO Epoch 009 | train batch=1220/1418 | elapsed=9.5 min | eta=1.5 min
[2026-08-15 01:27:24] INFO Epoch 009 | train batch=1230/1418 | elapsed=9.6 min | eta=1.5 min
[2026-08-15 01:27:29] INFO Epoch 009 | train batch=1240/1418 | elapsed=9.7 min | eta=1.4 min
[2026-08-15 01:27:34] INFO Epoch 009 | train batch=1250/1418 | elapsed=9.7 min | eta=1.3 min
[2026-08-15 01:27:38] INFO Epoch 009 | train batch=1260/1418 | elapsed=9.8 min | eta=1.2 min
[2026-08-15 01:27:43] INFO Epoch 009 | train batch=1270/1418 | elapsed=9.9 min | eta=1.2 min
[2026-08-15 01:27:47] INFO Epoch 009 | train batch=1280/1418 | elapsed=10.0 min | eta=1.1 min
[2026-08-15 01:27:52] INFO Epoch 009 | train batch=1290/1418 | elapsed=10.0 min | eta=1.0 min
[2026-08-15 01:27:57] INFO Epoch 009 | train batch=1300/1418 | elapsed=10.1 min | eta=0.9 min
[2026-08-15 01:28:02] INFO Epoch 009 | train batch=1310/1418 | elapsed=10.2 min | eta=0.8 min
[2026-08-15 01:28:06] INFO Epoch 009 | train batch=1320/1418 | elapsed=10.3 min | eta=0.8 min
[2026-08-15 01:28:11] INFO Epoch 009 | train batch=1330/1418 | elapsed=10.4 min | eta=0.7 min
[2026-08-15 01:28:16] INFO Epoch 009 | train batch=1340/1418 | elapsed=10.5 min | eta=0.6 min
[2026-08-15 01:28:20] INFO Epoch 009 | train batch=1350/1418 | elapsed=10.5 min | eta=0.5 min
[2026-08-15 01:28:25] INFO Epoch 009 | train batch=1360/1418 | elapsed=10.6 min | eta=0.5 min
[2026-08-15 01:28:30] INFO Epoch 009 | train batch=1370/1418 | elapsed=10.7 min | eta=0.4 min
[2026-08-15 01:28:35] INFO Epoch 009 | train batch=1380/1418 | elapsed=10.8 min | eta=0.3 min
[2026-08-15 01:28:39] INFO Epoch 009 | train batch=1390/1418 | elapsed=10.8 min | eta=0.2 min
[2026-08-15 01:28:43] INFO Epoch 009 | train batch=1400/1418 | elapsed=10.9 min | eta=0.1 min
[2026-08-15 01:28:48] INFO Epoch 009 | train batch=1410/1418 | elapsed=11.0 min | eta=0.1 min
[2026-08-15 01:28:52] INFO Epoch 009 | train batch=1418/1418 | elapsed=11.1 min | eta=0.0 min
[2026-08-15 01:28:52] INFO Epoch 009 | val batch=1/188 | elapsed=0.0 min | eta=0.5 min
[2026-08-15 01:28:54] INFO Epoch 009 | val batch=10/188 | elapsed=0.0 min | eta=0.6 min
[2026-08-15 01:28:56] INFO Epoch 009 | val batch=20/188 | elapsed=0.1 min | eta=0.6 min
[2026-08-15 01:28:58] INFO Epoch 009 | val batch=30/188 | elapsed=0.1 min | eta=0.5 min
[2026-08-15 01:29:00] INFO Epoch 009 | val batch=40/188 | elapsed=0.1 min | eta=0.5 min
[2026-08-15 01:29:02] INFO Epoch 009 | val batch=50/188 | elapsed=0.2 min | eta=0.5 min
[2026-08-15 01:29:05] INFO Epoch 009 | val batch=60/188 | elapsed=0.2 min | eta=0.4 min
[2026-08-15 01:29:07] INFO Epoch 009 | val batch=70/188 | elapsed=0.2 min | eta=0.4 min
[2026-08-15 01:29:09] INFO Epoch 009 | val batch=80/188 | elapsed=0.3 min | eta=0.4 min
[2026-08-15 01:29:11] INFO Epoch 009 | val batch=90/188 | elapsed=0.3 min | eta=0.3 min
[2026-08-15 01:29:13] INFO Epoch 009 | val batch=100/188 | elapsed=0.3 min | eta=0.3 min
[2026-08-15 01:29:15] INFO Epoch 009 | val batch=110/188 | elapsed=0.4 min | eta=0.3 min
[2026-08-15 01:29:17] INFO Epoch 009 | val batch=120/188 | elapsed=0.4 min | eta=0.2 min
[2026-08-15 01:29:19] INFO Epoch 009 | val batch=130/188 | elapsed=0.4 min | eta=0.2 min
[2026-08-15 01:29:21] INFO Epoch 009 | val batch=140/188 | elapsed=0.5 min | eta=0.2 min
[2026-08-15 01:29:23] INFO Epoch 009 | val batch=150/188 | elapsed=0.5 min | eta=0.1 min
[2026-08-15 01:29:25] INFO Epoch 009 | val batch=160/188 | elapsed=0.6 min | eta=0.1 min
[2026-08-15 01:29:27] INFO Epoch 009 | val batch=170/188 | elapsed=0.6 min | eta=0.1 min
[2026-08-15 01:29:30] INFO Epoch 009 | val batch=180/188 | elapsed=0.6 min | eta=0.0 min
[2026-08-15 01:29:31] INFO Epoch 009 | val batch=188/188 | elapsed=0.6 min | eta=0.0 min
[2026-08-15 01:29:31] INFO Epoch 009 | train_total=0.490852 | val_total=0.452178 | val_mask=0.234193 | val_retrieval=2.179843 | val_profile=0.000000 | val_anchors=604396 | val_positive_pairs=0 | val_hard_negatives=0 | val_relation_candidates=7268824 | val_teacher_keff=3.787 | val_student_keff=8.320 | val_adapter_valid=0.966 | val_adapter_gate=0.206 | val_adapter_spatial_gate=0.186 | val_adapter_ratio=0.722716 | val_adapter_modulation=0.770903 | val_adapter_modulation_std=0.594416 | val_adapter_group_gate_std=0.225823 | val_adapter_low_rank=3.167887 | val_adapter_direct=0.603734 | val_masked_positions=42153743 | skipped(train/val)=0/0
[2026-08-15 01:29:31] INFO Checkpoint updated | epoch=9 | best_val=0.452178 | path=C:\Users\clw\projects\researchRep\STAnchor-BlockMemory\artifacts\metrla_e5_final_latent48_cc_fgda_global288_seed42\pretrain_best.pt
[2026-08-15 01:29:31] INFO Relation checkpoint updated | epoch=9 | best_val_relation=2.179843 | path=C:\Users\clw\projects\researchRep\STAnchor-BlockMemory\artifacts\metrla_e5_final_latent48_cc_fgda_global288_seed42\pretrain_best_relation.pt
[2026-08-15 01:29:31] INFO Epoch 010/050 started | train_batches=1418 | val_batches=188
[2026-08-15 01:29:32] INFO Epoch 010 | train batch=1/1418 | elapsed=0.0 min | eta=12.5 min
[2026-08-15 01:29:36] INFO Epoch 010 | train batch=10/1418 | elapsed=0.1 min | eta=11.7 min
[2026-08-15 01:29:41] INFO Epoch 010 | train batch=20/1418 | elapsed=0.2 min | eta=11.3 min
[2026-08-15 01:29:46] INFO Epoch 010 | train batch=30/1418 | elapsed=0.2 min | eta=11.2 min
[2026-08-15 01:29:50] INFO Epoch 010 | train batch=40/1418 | elapsed=0.3 min | eta=10.8 min
[2026-08-15 01:29:55] INFO Epoch 010 | train batch=50/1418 | elapsed=0.4 min | eta=10.8 min
[2026-08-15 01:29:59] INFO Epoch 010 | train batch=60/1418 | elapsed=0.5 min | eta=10.7 min
[2026-08-15 01:30:04] INFO Epoch 010 | train batch=70/1418 | elapsed=0.6 min | eta=10.7 min
[2026-08-15 01:30:09] INFO Epoch 010 | train batch=80/1418 | elapsed=0.6 min | eta=10.6 min
[2026-08-15 01:30:13] INFO Epoch 010 | train batch=90/1418 | elapsed=0.7 min | eta=10.4 min
[2026-08-15 01:30:18] INFO Epoch 010 | train batch=100/1418 | elapsed=0.8 min | eta=10.4 min
[2026-08-15 01:30:23] INFO Epoch 010 | train batch=110/1418 | elapsed=0.9 min | eta=10.3 min
[2026-08-15 01:30:27] INFO Epoch 010 | train batch=120/1418 | elapsed=0.9 min | eta=10.2 min
[2026-08-15 01:30:32] INFO Epoch 010 | train batch=130/1418 | elapsed=1.0 min | eta=10.1 min
[2026-08-15 01:30:37] INFO Epoch 010 | train batch=140/1418 | elapsed=1.1 min | eta=10.0 min
[2026-08-15 01:30:42] INFO Epoch 010 | train batch=150/1418 | elapsed=1.2 min | eta=10.0 min
[2026-08-15 01:30:46] INFO Epoch 010 | train batch=160/1418 | elapsed=1.3 min | eta=9.9 min
[2026-08-15 01:30:51] INFO Epoch 010 | train batch=170/1418 | elapsed=1.3 min | eta=9.8 min
[2026-08-15 01:30:56] INFO Epoch 010 | train batch=180/1418 | elapsed=1.4 min | eta=9.8 min
[2026-08-15 01:31:01] INFO Epoch 010 | train batch=190/1418 | elapsed=1.5 min | eta=9.7 min
[2026-08-15 01:31:06] INFO Epoch 010 | train batch=200/1418 | elapsed=1.6 min | eta=9.6 min
[2026-08-15 01:31:11] INFO Epoch 010 | train batch=210/1418 | elapsed=1.7 min | eta=9.5 min
[2026-08-15 01:31:15] INFO Epoch 010 | train batch=220/1418 | elapsed=1.7 min | eta=9.5 min
[2026-08-15 01:31:20] INFO Epoch 010 | train batch=230/1418 | elapsed=1.8 min | eta=9.4 min
[2026-08-15 01:31:25] INFO Epoch 010 | train batch=240/1418 | elapsed=1.9 min | eta=9.3 min
[2026-08-15 01:31:30] INFO Epoch 010 | train batch=250/1418 | elapsed=2.0 min | eta=9.3 min
[2026-08-15 01:31:35] INFO Epoch 010 | train batch=260/1418 | elapsed=2.1 min | eta=9.2 min
[2026-08-15 01:31:39] INFO Epoch 010 | train batch=270/1418 | elapsed=2.1 min | eta=9.1 min
[2026-08-15 01:31:44] INFO Epoch 010 | train batch=280/1418 | elapsed=2.2 min | eta=9.0 min
[2026-08-15 01:31:49] INFO Epoch 010 | train batch=290/1418 | elapsed=2.3 min | eta=8.9 min
[2026-08-15 01:31:53] INFO Epoch 010 | train batch=300/1418 | elapsed=2.4 min | eta=8.8 min
[2026-08-15 01:31:58] INFO Epoch 010 | train batch=310/1418 | elapsed=2.5 min | eta=8.8 min
[2026-08-15 01:32:03] INFO Epoch 010 | train batch=320/1418 | elapsed=2.5 min | eta=8.7 min
[2026-08-15 01:32:08] INFO Epoch 010 | train batch=330/1418 | elapsed=2.6 min | eta=8.6 min
[2026-08-15 01:32:13] INFO Epoch 010 | train batch=340/1418 | elapsed=2.7 min | eta=8.5 min
[2026-08-15 01:32:17] INFO Epoch 010 | train batch=350/1418 | elapsed=2.8 min | eta=8.5 min
[2026-08-15 01:32:22] INFO Epoch 010 | train batch=360/1418 | elapsed=2.8 min | eta=8.4 min
[2026-08-15 01:32:27] INFO Epoch 010 | train batch=370/1418 | elapsed=2.9 min | eta=8.3 min
[2026-08-15 01:32:31] INFO Epoch 010 | train batch=380/1418 | elapsed=3.0 min | eta=8.2 min
[2026-08-15 01:32:36] INFO Epoch 010 | train batch=390/1418 | elapsed=3.1 min | eta=8.1 min
[2026-08-15 01:32:41] INFO Epoch 010 | train batch=400/1418 | elapsed=3.2 min | eta=8.1 min
[2026-08-15 01:32:46] INFO Epoch 010 | train batch=410/1418 | elapsed=3.2 min | eta=8.0 min
[2026-08-15 01:32:50] INFO Epoch 010 | train batch=420/1418 | elapsed=3.3 min | eta=7.9 min
[2026-08-15 01:32:55] INFO Epoch 010 | train batch=430/1418 | elapsed=3.4 min | eta=7.8 min
[2026-08-15 01:33:00] INFO Epoch 010 | train batch=440/1418 | elapsed=3.5 min | eta=7.7 min
[2026-08-15 01:33:04] INFO Epoch 010 | train batch=450/1418 | elapsed=3.6 min | eta=7.6 min
[2026-08-15 01:33:09] INFO Epoch 010 | train batch=460/1418 | elapsed=3.6 min | eta=7.6 min
[2026-08-15 01:33:14] INFO Epoch 010 | train batch=470/1418 | elapsed=3.7 min | eta=7.5 min
[2026-08-15 01:33:19] INFO Epoch 010 | train batch=480/1418 | elapsed=3.8 min | eta=7.4 min
[2026-08-15 01:33:24] INFO Epoch 010 | train batch=490/1418 | elapsed=3.9 min | eta=7.3 min
[2026-08-15 01:33:28] INFO Epoch 010 | train batch=500/1418 | elapsed=4.0 min | eta=7.3 min
[2026-08-15 01:33:33] INFO Epoch 010 | train batch=510/1418 | elapsed=4.0 min | eta=7.2 min
[2026-08-15 01:33:38] INFO Epoch 010 | train batch=520/1418 | elapsed=4.1 min | eta=7.1 min
[2026-08-15 01:33:43] INFO Epoch 010 | train batch=530/1418 | elapsed=4.2 min | eta=7.0 min
[2026-08-15 01:33:47] INFO Epoch 010 | train batch=540/1418 | elapsed=4.3 min | eta=6.9 min
[2026-08-15 01:33:52] INFO Epoch 010 | train batch=550/1418 | elapsed=4.3 min | eta=6.9 min
[2026-08-15 01:33:57] INFO Epoch 010 | train batch=560/1418 | elapsed=4.4 min | eta=6.8 min
[2026-08-15 01:34:01] INFO Epoch 010 | train batch=570/1418 | elapsed=4.5 min | eta=6.7 min
[2026-08-15 01:34:06] INFO Epoch 010 | train batch=580/1418 | elapsed=4.6 min | eta=6.6 min
[2026-08-15 01:34:11] INFO Epoch 010 | train batch=590/1418 | elapsed=4.7 min | eta=6.5 min
[2026-08-15 01:34:15] INFO Epoch 010 | train batch=600/1418 | elapsed=4.7 min | eta=6.5 min
[2026-08-15 01:34:20] INFO Epoch 010 | train batch=610/1418 | elapsed=4.8 min | eta=6.4 min
[2026-08-15 01:34:25] INFO Epoch 010 | train batch=620/1418 | elapsed=4.9 min | eta=6.3 min
[2026-08-15 01:34:30] INFO Epoch 010 | train batch=630/1418 | elapsed=5.0 min | eta=6.2 min
[2026-08-15 01:34:35] INFO Epoch 010 | train batch=640/1418 | elapsed=5.1 min | eta=6.2 min
[2026-08-15 01:34:39] INFO Epoch 010 | train batch=650/1418 | elapsed=5.1 min | eta=6.1 min
[2026-08-15 01:34:44] INFO Epoch 010 | train batch=660/1418 | elapsed=5.2 min | eta=6.0 min
[2026-08-15 01:34:48] INFO Epoch 010 | train batch=670/1418 | elapsed=5.3 min | eta=5.9 min
[2026-08-15 01:34:53] INFO Epoch 010 | train batch=680/1418 | elapsed=5.4 min | eta=5.8 min
[2026-08-15 01:34:58] INFO Epoch 010 | train batch=690/1418 | elapsed=5.4 min | eta=5.7 min
[2026-08-15 01:35:02] INFO Epoch 010 | train batch=700/1418 | elapsed=5.5 min | eta=5.7 min
[2026-08-15 01:35:07] INFO Epoch 010 | train batch=710/1418 | elapsed=5.6 min | eta=5.6 min
[2026-08-15 01:35:12] INFO Epoch 010 | train batch=720/1418 | elapsed=5.7 min | eta=5.5 min
[2026-08-15 01:35:16] INFO Epoch 010 | train batch=730/1418 | elapsed=5.8 min | eta=5.4 min
[2026-08-15 01:35:21] INFO Epoch 010 | train batch=740/1418 | elapsed=5.8 min | eta=5.3 min
[2026-08-15 01:35:26] INFO Epoch 010 | train batch=750/1418 | elapsed=5.9 min | eta=5.3 min
[2026-08-15 01:35:31] INFO Epoch 010 | train batch=760/1418 | elapsed=6.0 min | eta=5.2 min
[2026-08-15 01:35:36] INFO Epoch 010 | train batch=770/1418 | elapsed=6.1 min | eta=5.1 min
[2026-08-15 01:35:40] INFO Epoch 010 | train batch=780/1418 | elapsed=6.2 min | eta=5.0 min
[2026-08-15 01:35:45] INFO Epoch 010 | train batch=790/1418 | elapsed=6.2 min | eta=5.0 min
[2026-08-15 01:35:49] INFO Epoch 010 | train batch=800/1418 | elapsed=6.3 min | eta=4.9 min
[2026-08-15 01:35:54] INFO Epoch 010 | train batch=810/1418 | elapsed=6.4 min | eta=4.8 min
[2026-08-15 01:35:58] INFO Epoch 010 | train batch=820/1418 | elapsed=6.5 min | eta=4.7 min
[2026-08-15 01:36:03] INFO Epoch 010 | train batch=830/1418 | elapsed=6.5 min | eta=4.6 min
[2026-08-15 01:36:07] INFO Epoch 010 | train batch=840/1418 | elapsed=6.6 min | eta=4.5 min
[2026-08-15 01:36:12] INFO Epoch 010 | train batch=850/1418 | elapsed=6.7 min | eta=4.5 min
[2026-08-15 01:36:17] INFO Epoch 010 | train batch=860/1418 | elapsed=6.8 min | eta=4.4 min
[2026-08-15 01:36:22] INFO Epoch 010 | train batch=870/1418 | elapsed=6.8 min | eta=4.3 min
[2026-08-15 01:36:26] INFO Epoch 010 | train batch=880/1418 | elapsed=6.9 min | eta=4.2 min
[2026-08-15 01:36:31] INFO Epoch 010 | train batch=890/1418 | elapsed=7.0 min | eta=4.2 min
[2026-08-15 01:36:36] INFO Epoch 010 | train batch=900/1418 | elapsed=7.1 min | eta=4.1 min
[2026-08-15 01:36:41] INFO Epoch 010 | train batch=910/1418 | elapsed=7.2 min | eta=4.0 min
[2026-08-15 01:36:45] INFO Epoch 010 | train batch=920/1418 | elapsed=7.2 min | eta=3.9 min
[2026-08-15 01:36:50] INFO Epoch 010 | train batch=930/1418 | elapsed=7.3 min | eta=3.8 min
[2026-08-15 01:36:55] INFO Epoch 010 | train batch=940/1418 | elapsed=7.4 min | eta=3.8 min
[2026-08-15 01:37:00] INFO Epoch 010 | train batch=950/1418 | elapsed=7.5 min | eta=3.7 min
[2026-08-15 01:37:05] INFO Epoch 010 | train batch=960/1418 | elapsed=7.6 min | eta=3.6 min
[2026-08-15 01:37:09] INFO Epoch 010 | train batch=970/1418 | elapsed=7.6 min | eta=3.5 min
[2026-08-15 01:37:14] INFO Epoch 010 | train batch=980/1418 | elapsed=7.7 min | eta=3.4 min
[2026-08-15 01:37:19] INFO Epoch 010 | train batch=990/1418 | elapsed=7.8 min | eta=3.4 min
[2026-08-15 01:37:23] INFO Epoch 010 | train batch=1000/1418 | elapsed=7.9 min | eta=3.3 min
[2026-08-15 01:37:28] INFO Epoch 010 | train batch=1010/1418 | elapsed=7.9 min | eta=3.2 min
[2026-08-15 01:37:33] INFO Epoch 010 | train batch=1020/1418 | elapsed=8.0 min | eta=3.1 min
[2026-08-15 01:37:37] INFO Epoch 010 | train batch=1030/1418 | elapsed=8.1 min | eta=3.1 min
[2026-08-15 01:37:42] INFO Epoch 010 | train batch=1040/1418 | elapsed=8.2 min | eta=3.0 min
[2026-08-15 01:37:47] INFO Epoch 010 | train batch=1050/1418 | elapsed=8.3 min | eta=2.9 min
[2026-08-15 01:37:52] INFO Epoch 010 | train batch=1060/1418 | elapsed=8.3 min | eta=2.8 min
[2026-08-15 01:37:56] INFO Epoch 010 | train batch=1070/1418 | elapsed=8.4 min | eta=2.7 min
[2026-08-15 01:38:01] INFO Epoch 010 | train batch=1080/1418 | elapsed=8.5 min | eta=2.7 min
[2026-08-15 01:38:06] INFO Epoch 010 | train batch=1090/1418 | elapsed=8.6 min | eta=2.6 min
[2026-08-15 01:38:10] INFO Epoch 010 | train batch=1100/1418 | elapsed=8.6 min | eta=2.5 min
[2026-08-15 01:38:15] INFO Epoch 010 | train batch=1110/1418 | elapsed=8.7 min | eta=2.4 min
[2026-08-15 01:38:20] INFO Epoch 010 | train batch=1120/1418 | elapsed=8.8 min | eta=2.3 min
[2026-08-15 01:38:24] INFO Epoch 010 | train batch=1130/1418 | elapsed=8.9 min | eta=2.3 min
[2026-08-15 01:38:29] INFO Epoch 010 | train batch=1140/1418 | elapsed=9.0 min | eta=2.2 min
[2026-08-15 01:38:33] INFO Epoch 010 | train batch=1150/1418 | elapsed=9.0 min | eta=2.1 min
[2026-08-15 01:38:38] INFO Epoch 010 | train batch=1160/1418 | elapsed=9.1 min | eta=2.0 min
[2026-08-15 01:38:43] INFO Epoch 010 | train batch=1170/1418 | elapsed=9.2 min | eta=1.9 min
[2026-08-15 01:38:47] INFO Epoch 010 | train batch=1180/1418 | elapsed=9.3 min | eta=1.9 min
[2026-08-15 01:38:52] INFO Epoch 010 | train batch=1190/1418 | elapsed=9.3 min | eta=1.8 min
[2026-08-15 01:38:57] INFO Epoch 010 | train batch=1200/1418 | elapsed=9.4 min | eta=1.7 min
[2026-08-15 01:39:02] INFO Epoch 010 | train batch=1210/1418 | elapsed=9.5 min | eta=1.6 min
[2026-08-15 01:39:06] INFO Epoch 010 | train batch=1220/1418 | elapsed=9.6 min | eta=1.6 min
[2026-08-15 01:39:11] INFO Epoch 010 | train batch=1230/1418 | elapsed=9.7 min | eta=1.5 min
[2026-08-15 01:39:16] INFO Epoch 010 | train batch=1240/1418 | elapsed=9.7 min | eta=1.4 min
[2026-08-15 01:39:21] INFO Epoch 010 | train batch=1250/1418 | elapsed=9.8 min | eta=1.3 min
[2026-08-15 01:39:25] INFO Epoch 010 | train batch=1260/1418 | elapsed=9.9 min | eta=1.2 min
[2026-08-15 01:39:30] INFO Epoch 010 | train batch=1270/1418 | elapsed=10.0 min | eta=1.2 min
[2026-08-15 01:39:35] INFO Epoch 010 | train batch=1280/1418 | elapsed=10.1 min | eta=1.1 min
[2026-08-15 01:39:39] INFO Epoch 010 | train batch=1290/1418 | elapsed=10.1 min | eta=1.0 min
[2026-08-15 01:39:44] INFO Epoch 010 | train batch=1300/1418 | elapsed=10.2 min | eta=0.9 min
[2026-08-15 01:39:48] INFO Epoch 010 | train batch=1310/1418 | elapsed=10.3 min | eta=0.8 min
[2026-08-15 01:39:53] INFO Epoch 010 | train batch=1320/1418 | elapsed=10.4 min | eta=0.8 min
[2026-08-15 01:39:57] INFO Epoch 010 | train batch=1330/1418 | elapsed=10.4 min | eta=0.7 min
[2026-08-15 01:40:02] INFO Epoch 010 | train batch=1340/1418 | elapsed=10.5 min | eta=0.6 min
[2026-08-15 01:40:07] INFO Epoch 010 | train batch=1350/1418 | elapsed=10.6 min | eta=0.5 min
[2026-08-15 01:40:12] INFO Epoch 010 | train batch=1360/1418 | elapsed=10.7 min | eta=0.5 min
[2026-08-15 01:40:16] INFO Epoch 010 | train batch=1370/1418 | elapsed=10.8 min | eta=0.4 min
[2026-08-15 01:40:21] INFO Epoch 010 | train batch=1380/1418 | elapsed=10.8 min | eta=0.3 min
[2026-08-15 01:40:26] INFO Epoch 010 | train batch=1390/1418 | elapsed=10.9 min | eta=0.2 min
[2026-08-15 01:40:31] INFO Epoch 010 | train batch=1400/1418 | elapsed=11.0 min | eta=0.1 min
[2026-08-15 01:40:35] INFO Epoch 010 | train batch=1410/1418 | elapsed=11.1 min | eta=0.1 min
[2026-08-15 01:40:39] INFO Epoch 010 | train batch=1418/1418 | elapsed=11.1 min | eta=0.0 min
[2026-08-15 01:40:39] INFO Epoch 010 | val batch=1/188 | elapsed=0.0 min | eta=0.5 min
[2026-08-15 01:40:41] INFO Epoch 010 | val batch=10/188 | elapsed=0.0 min | eta=0.6 min
[2026-08-15 01:40:43] INFO Epoch 010 | val batch=20/188 | elapsed=0.1 min | eta=0.6 min
[2026-08-15 01:40:45] INFO Epoch 010 | val batch=30/188 | elapsed=0.1 min | eta=0.6 min
[2026-08-15 01:40:47] INFO Epoch 010 | val batch=40/188 | elapsed=0.1 min | eta=0.5 min
[2026-08-15 01:40:49] INFO Epoch 010 | val batch=50/188 | elapsed=0.2 min | eta=0.5 min
[2026-08-15 01:40:51] INFO Epoch 010 | val batch=60/188 | elapsed=0.2 min | eta=0.4 min
[2026-08-15 01:40:53] INFO Epoch 010 | val batch=70/188 | elapsed=0.2 min | eta=0.4 min
[2026-08-15 01:40:55] INFO Epoch 010 | val batch=80/188 | elapsed=0.3 min | eta=0.4 min
[2026-08-15 01:40:58] INFO Epoch 010 | val batch=90/188 | elapsed=0.3 min | eta=0.3 min
[2026-08-15 01:41:00] INFO Epoch 010 | val batch=100/188 | elapsed=0.3 min | eta=0.3 min
[2026-08-15 01:41:02] INFO Epoch 010 | val batch=110/188 | elapsed=0.4 min | eta=0.3 min
[2026-08-15 01:41:04] INFO Epoch 010 | val batch=120/188 | elapsed=0.4 min | eta=0.2 min
[2026-08-15 01:41:06] INFO Epoch 010 | val batch=130/188 | elapsed=0.5 min | eta=0.2 min
[2026-08-15 01:41:08] INFO Epoch 010 | val batch=140/188 | elapsed=0.5 min | eta=0.2 min
[2026-08-15 01:41:10] INFO Epoch 010 | val batch=150/188 | elapsed=0.5 min | eta=0.1 min
[2026-08-15 01:41:12] INFO Epoch 010 | val batch=160/188 | elapsed=0.6 min | eta=0.1 min
[2026-08-15 01:41:14] INFO Epoch 010 | val batch=170/188 | elapsed=0.6 min | eta=0.1 min
[2026-08-15 01:41:16] INFO Epoch 010 | val batch=180/188 | elapsed=0.6 min | eta=0.0 min
[2026-08-15 01:41:18] INFO Epoch 010 | val batch=188/188 | elapsed=0.6 min | eta=0.0 min
[2026-08-15 01:41:18] INFO Epoch 010 | train_total=0.468563 | val_total=0.449809 | val_mask=0.232179 | val_retrieval=2.176303 | val_profile=0.000000 | val_anchors=604396 | val_positive_pairs=0 | val_hard_negatives=0 | val_relation_candidates=7268824 | val_teacher_keff=3.787 | val_student_keff=7.930 | val_adapter_valid=0.966 | val_adapter_gate=0.196 | val_adapter_spatial_gate=0.180 | val_adapter_ratio=0.706589 | val_adapter_modulation=0.769541 | val_adapter_modulation_std=0.596500 | val_adapter_group_gate_std=0.210825 | val_adapter_low_rank=3.419968 | val_adapter_direct=0.663431 | val_masked_positions=42191218 | skipped(train/val)=0/0
[2026-08-15 01:41:18] INFO Checkpoint updated | epoch=10 | best_val=0.449809 | path=C:\Users\clw\projects\researchRep\STAnchor-BlockMemory\artifacts\metrla_e5_final_latent48_cc_fgda_global288_seed42\pretrain_best.pt
[2026-08-15 01:41:18] INFO Relation checkpoint updated | epoch=10 | best_val_relation=2.176303 | path=C:\Users\clw\projects\researchRep\STAnchor-BlockMemory\artifacts\metrla_e5_final_latent48_cc_fgda_global288_seed42\pretrain_best_relation.pt
[2026-08-15 01:41:18] INFO Epoch 011/050 started | train_batches=1418 | val_batches=188
[2026-08-15 01:41:18] INFO Epoch 011 | train batch=1/1418 | elapsed=0.0 min | eta=12.3 min
[2026-08-15 01:41:22] INFO Epoch 011 | train batch=10/1418 | elapsed=0.1 min | eta=11.0 min
[2026-08-15 01:41:27] INFO Epoch 011 | train batch=20/1418 | elapsed=0.2 min | eta=10.7 min
[2026-08-15 01:41:31] INFO Epoch 011 | train batch=30/1418 | elapsed=0.2 min | eta=10.6 min
[2026-08-15 01:41:36] INFO Epoch 011 | train batch=40/1418 | elapsed=0.3 min | eta=10.5 min
[2026-08-15 01:41:41] INFO Epoch 011 | train batch=50/1418 | elapsed=0.4 min | eta=10.6 min
[2026-08-15 01:41:46] INFO Epoch 011 | train batch=60/1418 | elapsed=0.5 min | eta=10.6 min
[2026-08-15 01:41:51] INFO Epoch 011 | train batch=70/1418 | elapsed=0.5 min | eta=10.6 min
[2026-08-15 01:41:55] INFO Epoch 011 | train batch=80/1418 | elapsed=0.6 min | eta=10.5 min
[2026-08-15 01:42:00] INFO Epoch 011 | train batch=90/1418 | elapsed=0.7 min | eta=10.4 min
[2026-08-15 01:42:05] INFO Epoch 011 | train batch=100/1418 | elapsed=0.8 min | eta=10.3 min
[2026-08-15 01:42:09] INFO Epoch 011 | train batch=110/1418 | elapsed=0.9 min | eta=10.2 min
[2026-08-15 01:42:14] INFO Epoch 011 | train batch=120/1418 | elapsed=0.9 min | eta=10.1 min
[2026-08-15 01:42:19] INFO Epoch 011 | train batch=130/1418 | elapsed=1.0 min | eta=10.1 min
[2026-08-15 01:42:23] INFO Epoch 011 | train batch=140/1418 | elapsed=1.1 min | eta=10.0 min
[2026-08-15 01:42:28] INFO Epoch 011 | train batch=150/1418 | elapsed=1.2 min | eta=9.9 min
[2026-08-15 01:42:33] INFO Epoch 011 | train batch=160/1418 | elapsed=1.2 min | eta=9.8 min
[2026-08-15 01:42:37] INFO Epoch 011 | train batch=170/1418 | elapsed=1.3 min | eta=9.7 min
[2026-08-15 01:42:42] INFO Epoch 011 | train batch=180/1418 | elapsed=1.4 min | eta=9.6 min
[2026-08-15 01:42:46] INFO Epoch 011 | train batch=190/1418 | elapsed=1.5 min | eta=9.5 min
[2026-08-15 01:42:51] INFO Epoch 011 | train batch=200/1418 | elapsed=1.6 min | eta=9.5 min
[2026-08-15 01:42:56] INFO Epoch 011 | train batch=210/1418 | elapsed=1.6 min | eta=9.4 min
[2026-08-15 01:43:01] INFO Epoch 011 | train batch=220/1418 | elapsed=1.7 min | eta=9.3 min
[2026-08-15 01:43:05] INFO Epoch 011 | train batch=230/1418 | elapsed=1.8 min | eta=9.3 min
[2026-08-15 01:43:10] INFO Epoch 011 | train batch=240/1418 | elapsed=1.9 min | eta=9.2 min
[2026-08-15 01:43:15] INFO Epoch 011 | train batch=250/1418 | elapsed=2.0 min | eta=9.1 min
[2026-08-15 01:43:20] INFO Epoch 011 | train batch=260/1418 | elapsed=2.0 min | eta=9.1 min
[2026-08-15 01:43:25] INFO Epoch 011 | train batch=270/1418 | elapsed=2.1 min | eta=9.0 min
[2026-08-15 01:43:29] INFO Epoch 011 | train batch=280/1418 | elapsed=2.2 min | eta=8.9 min
[2026-08-15 01:43:34] INFO Epoch 011 | train batch=290/1418 | elapsed=2.3 min | eta=8.8 min
[2026-08-15 01:43:39] INFO Epoch 011 | train batch=300/1418 | elapsed=2.3 min | eta=8.8 min
[2026-08-15 01:43:44] INFO Epoch 011 | train batch=310/1418 | elapsed=2.4 min | eta=8.7 min
[2026-08-15 01:43:49] INFO Epoch 011 | train batch=320/1418 | elapsed=2.5 min | eta=8.6 min
[2026-08-15 01:43:53] INFO Epoch 011 | train batch=330/1418 | elapsed=2.6 min | eta=8.6 min
[2026-08-15 01:43:58] INFO Epoch 011 | train batch=340/1418 | elapsed=2.7 min | eta=8.5 min
[2026-08-15 01:44:03] INFO Epoch 011 | train batch=350/1418 | elapsed=2.7 min | eta=8.4 min
[2026-08-15 01:44:08] INFO Epoch 011 | train batch=360/1418 | elapsed=2.8 min | eta=8.3 min
[2026-08-15 01:44:12] INFO Epoch 011 | train batch=370/1418 | elapsed=2.9 min | eta=8.2 min
[2026-08-15 01:44:17] INFO Epoch 011 | train batch=380/1418 | elapsed=3.0 min | eta=8.2 min
[2026-08-15 01:44:22] INFO Epoch 011 | train batch=390/1418 | elapsed=3.1 min | eta=8.1 min
[2026-08-15 01:44:27] INFO Epoch 011 | train batch=400/1418 | elapsed=3.1 min | eta=8.0 min
[2026-08-15 01:44:31] INFO Epoch 011 | train batch=410/1418 | elapsed=3.2 min | eta=7.9 min
[2026-08-15 01:44:36] INFO Epoch 011 | train batch=420/1418 | elapsed=3.3 min | eta=7.8 min
[2026-08-15 01:44:41] INFO Epoch 011 | train batch=430/1418 | elapsed=3.4 min | eta=7.8 min
[2026-08-15 01:44:46] INFO Epoch 011 | train batch=440/1418 | elapsed=3.5 min | eta=7.7 min
[2026-08-15 01:44:50] INFO Epoch 011 | train batch=450/1418 | elapsed=3.5 min | eta=7.6 min
[2026-08-15 01:44:55] INFO Epoch 011 | train batch=460/1418 | elapsed=3.6 min | eta=7.5 min
[2026-08-15 01:45:00] INFO Epoch 011 | train batch=470/1418 | elapsed=3.7 min | eta=7.5 min
[2026-08-15 01:45:05] INFO Epoch 011 | train batch=480/1418 | elapsed=3.8 min | eta=7.4 min
[2026-08-15 01:45:09] INFO Epoch 011 | train batch=490/1418 | elapsed=3.9 min | eta=7.3 min
[2026-08-15 01:45:14] INFO Epoch 011 | train batch=500/1418 | elapsed=3.9 min | eta=7.2 min
[2026-08-15 01:45:19] INFO Epoch 011 | train batch=510/1418 | elapsed=4.0 min | eta=7.2 min
[2026-08-15 01:45:24] INFO Epoch 011 | train batch=520/1418 | elapsed=4.1 min | eta=7.1 min
[2026-08-15 01:45:28] INFO Epoch 011 | train batch=530/1418 | elapsed=4.2 min | eta=7.0 min
[2026-08-15 01:45:33] INFO Epoch 011 | train batch=540/1418 | elapsed=4.2 min | eta=6.9 min
[2026-08-15 01:45:37] INFO Epoch 011 | train batch=550/1418 | elapsed=4.3 min | eta=6.8 min
[2026-08-15 01:45:42] INFO Epoch 011 | train batch=560/1418 | elapsed=4.4 min | eta=6.7 min
[2026-08-15 01:45:46] INFO Epoch 011 | train batch=570/1418 | elapsed=4.5 min | eta=6.7 min
[2026-08-15 01:45:51] INFO Epoch 011 | train batch=580/1418 | elapsed=4.6 min | eta=6.6 min
[2026-08-15 01:45:56] INFO Epoch 011 | train batch=590/1418 | elapsed=4.6 min | eta=6.5 min
[2026-08-15 01:46:00] INFO Epoch 011 | train batch=600/1418 | elapsed=4.7 min | eta=6.4 min
[2026-08-15 01:46:05] INFO Epoch 011 | train batch=610/1418 | elapsed=4.8 min | eta=6.3 min
[2026-08-15 01:46:10] INFO Epoch 011 | train batch=620/1418 | elapsed=4.9 min | eta=6.3 min
[2026-08-15 01:46:15] INFO Epoch 011 | train batch=630/1418 | elapsed=4.9 min | eta=6.2 min
[2026-08-15 01:46:19] INFO Epoch 011 | train batch=640/1418 | elapsed=5.0 min | eta=6.1 min
[2026-08-15 01:46:24] INFO Epoch 011 | train batch=650/1418 | elapsed=5.1 min | eta=6.0 min
[2026-08-15 01:46:28] INFO Epoch 011 | train batch=660/1418 | elapsed=5.2 min | eta=5.9 min
[2026-08-15 01:46:33] INFO Epoch 011 | train batch=670/1418 | elapsed=5.3 min | eta=5.9 min
[2026-08-15 01:46:38] INFO Epoch 011 | train batch=680/1418 | elapsed=5.3 min | eta=5.8 min
[2026-08-15 01:46:42] INFO Epoch 011 | train batch=690/1418 | elapsed=5.4 min | eta=5.7 min
[2026-08-15 01:46:47] INFO Epoch 011 | train batch=700/1418 | elapsed=5.5 min | eta=5.6 min
[2026-08-15 01:46:52] INFO Epoch 011 | train batch=710/1418 | elapsed=5.6 min | eta=5.5 min
[2026-08-15 01:46:56] INFO Epoch 011 | train batch=720/1418 | elapsed=5.6 min | eta=5.5 min
[2026-08-15 01:47:01] INFO Epoch 011 | train batch=730/1418 | elapsed=5.7 min | eta=5.4 min
[2026-08-15 01:47:06] INFO Epoch 011 | train batch=740/1418 | elapsed=5.8 min | eta=5.3 min
[2026-08-15 01:47:11] INFO Epoch 011 | train batch=750/1418 | elapsed=5.9 min | eta=5.2 min
[2026-08-15 01:47:15] INFO Epoch 011 | train batch=760/1418 | elapsed=6.0 min | eta=5.2 min
[2026-08-15 01:47:20] INFO Epoch 011 | train batch=770/1418 | elapsed=6.0 min | eta=5.1 min
[2026-08-15 01:47:24] INFO Epoch 011 | train batch=780/1418 | elapsed=6.1 min | eta=5.0 min
[2026-08-15 01:47:29] INFO Epoch 011 | train batch=790/1418 | elapsed=6.2 min | eta=4.9 min
[2026-08-15 01:47:34] INFO Epoch 011 | train batch=800/1418 | elapsed=6.3 min | eta=4.8 min
[2026-08-15 01:47:39] INFO Epoch 011 | train batch=810/1418 | elapsed=6.3 min | eta=4.8 min
[2026-08-15 01:47:43] INFO Epoch 011 | train batch=820/1418 | elapsed=6.4 min | eta=4.7 min
[2026-08-15 01:47:48] INFO Epoch 011 | train batch=830/1418 | elapsed=6.5 min | eta=4.6 min
[2026-08-15 01:47:53] INFO Epoch 011 | train batch=840/1418 | elapsed=6.6 min | eta=4.5 min
[2026-08-15 01:47:57] INFO Epoch 011 | train batch=850/1418 | elapsed=6.7 min | eta=4.4 min
[2026-08-15 01:48:02] INFO Epoch 011 | train batch=860/1418 | elapsed=6.7 min | eta=4.4 min
[2026-08-15 01:48:06] INFO Epoch 011 | train batch=870/1418 | elapsed=6.8 min | eta=4.3 min
[2026-08-15 01:48:11] INFO Epoch 011 | train batch=880/1418 | elapsed=6.9 min | eta=4.2 min
[2026-08-15 01:48:16] INFO Epoch 011 | train batch=890/1418 | elapsed=7.0 min | eta=4.1 min
[2026-08-15 01:48:21] INFO Epoch 011 | train batch=900/1418 | elapsed=7.1 min | eta=4.1 min
[2026-08-15 01:48:26] INFO Epoch 011 | train batch=910/1418 | elapsed=7.1 min | eta=4.0 min
[2026-08-15 01:48:30] INFO Epoch 011 | train batch=920/1418 | elapsed=7.2 min | eta=3.9 min
[2026-08-15 01:48:35] INFO Epoch 011 | train batch=930/1418 | elapsed=7.3 min | eta=3.8 min
[2026-08-15 01:48:40] INFO Epoch 011 | train batch=940/1418 | elapsed=7.4 min | eta=3.7 min
[2026-08-15 01:48:44] INFO Epoch 011 | train batch=950/1418 | elapsed=7.4 min | eta=3.7 min
[2026-08-15 01:48:49] INFO Epoch 011 | train batch=960/1418 | elapsed=7.5 min | eta=3.6 min
[2026-08-15 01:48:54] INFO Epoch 011 | train batch=970/1418 | elapsed=7.6 min | eta=3.5 min
[2026-08-15 01:48:58] INFO Epoch 011 | train batch=980/1418 | elapsed=7.7 min | eta=3.4 min
[2026-08-15 01:49:03] INFO Epoch 011 | train batch=990/1418 | elapsed=7.8 min | eta=3.4 min
[2026-08-15 01:49:08] INFO Epoch 011 | train batch=1000/1418 | elapsed=7.8 min | eta=3.3 min
[2026-08-15 01:49:12] INFO Epoch 011 | train batch=1010/1418 | elapsed=7.9 min | eta=3.2 min
[2026-08-15 01:49:17] INFO Epoch 011 | train batch=1020/1418 | elapsed=8.0 min | eta=3.1 min
[2026-08-15 01:49:22] INFO Epoch 011 | train batch=1030/1418 | elapsed=8.1 min | eta=3.0 min
[2026-08-15 01:49:26] INFO Epoch 011 | train batch=1040/1418 | elapsed=8.1 min | eta=3.0 min
[2026-08-15 01:49:31] INFO Epoch 011 | train batch=1050/1418 | elapsed=8.2 min | eta=2.9 min
[2026-08-15 01:49:36] INFO Epoch 011 | train batch=1060/1418 | elapsed=8.3 min | eta=2.8 min
[2026-08-15 01:49:40] INFO Epoch 011 | train batch=1070/1418 | elapsed=8.4 min | eta=2.7 min
[2026-08-15 01:49:45] INFO Epoch 011 | train batch=1080/1418 | elapsed=8.5 min | eta=2.6 min
[2026-08-15 01:49:50] INFO Epoch 011 | train batch=1090/1418 | elapsed=8.5 min | eta=2.6 min
[2026-08-15 01:49:54] INFO Epoch 011 | train batch=1100/1418 | elapsed=8.6 min | eta=2.5 min
[2026-08-15 01:49:59] INFO Epoch 011 | train batch=1110/1418 | elapsed=8.7 min | eta=2.4 min
[2026-08-15 01:50:04] INFO Epoch 011 | train batch=1120/1418 | elapsed=8.8 min | eta=2.3 min
[2026-08-15 01:50:08] INFO Epoch 011 | train batch=1130/1418 | elapsed=8.8 min | eta=2.3 min
[2026-08-15 01:50:13] INFO Epoch 011 | train batch=1140/1418 | elapsed=8.9 min | eta=2.2 min
[2026-08-15 01:50:18] INFO Epoch 011 | train batch=1150/1418 | elapsed=9.0 min | eta=2.1 min
[2026-08-15 01:50:22] INFO Epoch 011 | train batch=1160/1418 | elapsed=9.1 min | eta=2.0 min
[2026-08-15 01:50:27] INFO Epoch 011 | train batch=1170/1418 | elapsed=9.2 min | eta=1.9 min
[2026-08-15 01:50:32] INFO Epoch 011 | train batch=1180/1418 | elapsed=9.2 min | eta=1.9 min
[2026-08-15 01:50:37] INFO Epoch 011 | train batch=1190/1418 | elapsed=9.3 min | eta=1.8 min
[2026-08-15 01:50:42] INFO Epoch 011 | train batch=1200/1418 | elapsed=9.4 min | eta=1.7 min
[2026-08-15 01:50:47] INFO Epoch 011 | train batch=1210/1418 | elapsed=9.5 min | eta=1.6 min
[2026-08-15 01:50:51] INFO Epoch 011 | train batch=1220/1418 | elapsed=9.6 min | eta=1.6 min
[2026-08-15 01:50:56] INFO Epoch 011 | train batch=1230/1418 | elapsed=9.6 min | eta=1.5 min
[2026-08-15 01:51:00] INFO Epoch 011 | train batch=1240/1418 | elapsed=9.7 min | eta=1.4 min
[2026-08-15 01:51:05] INFO Epoch 011 | train batch=1250/1418 | elapsed=9.8 min | eta=1.3 min
[2026-08-15 01:51:10] INFO Epoch 011 | train batch=1260/1418 | elapsed=9.9 min | eta=1.2 min
[2026-08-15 01:51:14] INFO Epoch 011 | train batch=1270/1418 | elapsed=9.9 min | eta=1.2 min
[2026-08-15 01:51:19] INFO Epoch 011 | train batch=1280/1418 | elapsed=10.0 min | eta=1.1 min
[2026-08-15 01:51:24] INFO Epoch 011 | train batch=1290/1418 | elapsed=10.1 min | eta=1.0 min
[2026-08-15 01:51:28] INFO Epoch 011 | train batch=1300/1418 | elapsed=10.2 min | eta=0.9 min
[2026-08-15 01:51:33] INFO Epoch 011 | train batch=1310/1418 | elapsed=10.2 min | eta=0.8 min
[2026-08-15 01:51:37] INFO Epoch 011 | train batch=1320/1418 | elapsed=10.3 min | eta=0.8 min
[2026-08-15 01:51:42] INFO Epoch 011 | train batch=1330/1418 | elapsed=10.4 min | eta=0.7 min
[2026-08-15 01:51:47] INFO Epoch 011 | train batch=1340/1418 | elapsed=10.5 min | eta=0.6 min
[2026-08-15 01:51:52] INFO Epoch 011 | train batch=1350/1418 | elapsed=10.6 min | eta=0.5 min
[2026-08-15 01:51:56] INFO Epoch 011 | train batch=1360/1418 | elapsed=10.6 min | eta=0.5 min
[2026-08-15 01:52:01] INFO Epoch 011 | train batch=1370/1418 | elapsed=10.7 min | eta=0.4 min
[2026-08-15 01:52:06] INFO Epoch 011 | train batch=1380/1418 | elapsed=10.8 min | eta=0.3 min
[2026-08-15 01:52:10] INFO Epoch 011 | train batch=1390/1418 | elapsed=10.9 min | eta=0.2 min
[2026-08-15 01:52:15] INFO Epoch 011 | train batch=1400/1418 | elapsed=11.0 min | eta=0.1 min
[2026-08-15 01:52:20] INFO Epoch 011 | train batch=1410/1418 | elapsed=11.0 min | eta=0.1 min
[2026-08-15 01:52:24] INFO Epoch 011 | train batch=1418/1418 | elapsed=11.1 min | eta=0.0 min
[2026-08-15 01:52:24] INFO Epoch 011 | val batch=1/188 | elapsed=0.0 min | eta=0.5 min
[2026-08-15 01:52:26] INFO Epoch 011 | val batch=10/188 | elapsed=0.0 min | eta=0.6 min
[2026-08-15 01:52:28] INFO Epoch 011 | val batch=20/188 | elapsed=0.1 min | eta=0.6 min
[2026-08-15 01:52:30] INFO Epoch 011 | val batch=30/188 | elapsed=0.1 min | eta=0.6 min
[2026-08-15 01:52:32] INFO Epoch 011 | val batch=40/188 | elapsed=0.1 min | eta=0.5 min
[2026-08-15 01:52:34] INFO Epoch 011 | val batch=50/188 | elapsed=0.2 min | eta=0.5 min
[2026-08-15 01:52:36] INFO Epoch 011 | val batch=60/188 | elapsed=0.2 min | eta=0.4 min
[2026-08-15 01:52:38] INFO Epoch 011 | val batch=70/188 | elapsed=0.2 min | eta=0.4 min
[2026-08-15 01:52:40] INFO Epoch 011 | val batch=80/188 | elapsed=0.3 min | eta=0.4 min
[2026-08-15 01:52:43] INFO Epoch 011 | val batch=90/188 | elapsed=0.3 min | eta=0.3 min
[2026-08-15 01:52:45] INFO Epoch 011 | val batch=100/188 | elapsed=0.3 min | eta=0.3 min
[2026-08-15 01:52:47] INFO Epoch 011 | val batch=110/188 | elapsed=0.4 min | eta=0.3 min
[2026-08-15 01:52:49] INFO Epoch 011 | val batch=120/188 | elapsed=0.4 min | eta=0.2 min
[2026-08-15 01:52:51] INFO Epoch 011 | val batch=130/188 | elapsed=0.5 min | eta=0.2 min
[2026-08-15 01:52:53] INFO Epoch 011 | val batch=140/188 | elapsed=0.5 min | eta=0.2 min
[2026-08-15 01:52:55] INFO Epoch 011 | val batch=150/188 | elapsed=0.5 min | eta=0.1 min
[2026-08-15 01:52:57] INFO Epoch 011 | val batch=160/188 | elapsed=0.6 min | eta=0.1 min
[2026-08-15 01:52:59] INFO Epoch 011 | val batch=170/188 | elapsed=0.6 min | eta=0.1 min
[2026-08-15 01:53:01] INFO Epoch 011 | val batch=180/188 | elapsed=0.6 min | eta=0.0 min
[2026-08-15 01:53:03] INFO Epoch 011 | val batch=188/188 | elapsed=0.6 min | eta=0.0 min
[2026-08-15 01:53:03] INFO Epoch 011 | train_total=0.468801 | val_total=0.446523 | val_mask=0.229524 | val_retrieval=2.169990 | val_profile=0.000000 | val_anchors=604396 | val_positive_pairs=0 | val_hard_negatives=0 | val_relation_candidates=7268824 | val_teacher_keff=3.787 | val_student_keff=8.211 | val_adapter_valid=0.966 | val_adapter_gate=0.188 | val_adapter_spatial_gate=0.174 | val_adapter_ratio=0.697117 | val_adapter_modulation=0.770704 | val_adapter_modulation_std=0.585844 | val_adapter_group_gate_std=0.210181 | val_adapter_low_rank=3.599515 | val_adapter_direct=0.728822 | val_masked_positions=42129739 | skipped(train/val)=0/0
[2026-08-15 01:53:03] INFO Checkpoint updated | epoch=11 | best_val=0.446523 | path=C:\Users\clw\projects\researchRep\STAnchor-BlockMemory\artifacts\metrla_e5_final_latent48_cc_fgda_global288_seed42\pretrain_best.pt
[2026-08-15 01:53:03] INFO Relation checkpoint updated | epoch=11 | best_val_relation=2.169990 | path=C:\Users\clw\projects\researchRep\STAnchor-BlockMemory\artifacts\metrla_e5_final_latent48_cc_fgda_global288_seed42\pretrain_best_relation.pt
[2026-08-15 01:53:03] INFO Epoch 012/050 started | train_batches=1418 | val_batches=188
[2026-08-15 01:53:03] INFO Epoch 012 | train batch=1/1418 | elapsed=0.0 min | eta=10.0 min
[2026-08-15 01:53:07] INFO Epoch 012 | train batch=10/1418 | elapsed=0.1 min | eta=10.8 min
[2026-08-15 01:53:12] INFO Epoch 012 | train batch=20/1418 | elapsed=0.2 min | eta=11.1 min
[2026-08-15 01:53:17] INFO Epoch 012 | train batch=30/1418 | elapsed=0.2 min | eta=11.0 min
[2026-08-15 01:53:22] INFO Epoch 012 | train batch=40/1418 | elapsed=0.3 min | eta=10.9 min
[2026-08-15 01:53:26] INFO Epoch 012 | train batch=50/1418 | elapsed=0.4 min | eta=10.7 min
[2026-08-15 01:53:31] INFO Epoch 012 | train batch=60/1418 | elapsed=0.5 min | eta=10.6 min
[2026-08-15 01:53:36] INFO Epoch 012 | train batch=70/1418 | elapsed=0.6 min | eta=10.6 min
[2026-08-15 01:53:40] INFO Epoch 012 | train batch=80/1418 | elapsed=0.6 min | eta=10.5 min
[2026-08-15 01:53:45] INFO Epoch 012 | train batch=90/1418 | elapsed=0.7 min | eta=10.4 min
[2026-08-15 01:53:50] INFO Epoch 012 | train batch=100/1418 | elapsed=0.8 min | eta=10.3 min
[2026-08-15 01:53:55] INFO Epoch 012 | train batch=110/1418 | elapsed=0.9 min | eta=10.3 min
[2026-08-15 01:53:59] INFO Epoch 012 | train batch=120/1418 | elapsed=0.9 min | eta=10.2 min
[2026-08-15 01:54:04] INFO Epoch 012 | train batch=130/1418 | elapsed=1.0 min | eta=10.1 min
[2026-08-15 01:54:09] INFO Epoch 012 | train batch=140/1418 | elapsed=1.1 min | eta=10.0 min
[2026-08-15 01:54:14] INFO Epoch 012 | train batch=150/1418 | elapsed=1.2 min | eta=10.0 min
[2026-08-15 01:54:18] INFO Epoch 012 | train batch=160/1418 | elapsed=1.3 min | eta=9.9 min
[2026-08-15 01:54:23] INFO Epoch 012 | train batch=170/1418 | elapsed=1.3 min | eta=9.8 min
[2026-08-15 01:54:28] INFO Epoch 012 | train batch=180/1418 | elapsed=1.4 min | eta=9.7 min
[2026-08-15 01:54:32] INFO Epoch 012 | train batch=190/1418 | elapsed=1.5 min | eta=9.6 min
[2026-08-15 01:54:37] INFO Epoch 012 | train batch=200/1418 | elapsed=1.6 min | eta=9.5 min
[2026-08-15 01:54:42] INFO Epoch 012 | train batch=210/1418 | elapsed=1.6 min | eta=9.5 min
[2026-08-15 01:54:46] INFO Epoch 012 | train batch=220/1418 | elapsed=1.7 min | eta=9.4 min
[2026-08-15 01:54:51] INFO Epoch 012 | train batch=230/1418 | elapsed=1.8 min | eta=9.3 min
[2026-08-15 01:54:56] INFO Epoch 012 | train batch=240/1418 | elapsed=1.9 min | eta=9.2 min
[2026-08-15 01:55:00] INFO Epoch 012 | train batch=250/1418 | elapsed=2.0 min | eta=9.2 min
[2026-08-15 01:55:05] INFO Epoch 012 | train batch=260/1418 | elapsed=2.0 min | eta=9.1 min
[2026-08-15 01:55:10] INFO Epoch 012 | train batch=270/1418 | elapsed=2.1 min | eta=9.0 min
[2026-08-15 01:55:14] INFO Epoch 012 | train batch=280/1418 | elapsed=2.2 min | eta=8.9 min
[2026-08-15 01:55:19] INFO Epoch 012 | train batch=290/1418 | elapsed=2.3 min | eta=8.8 min
[2026-08-15 01:55:24] INFO Epoch 012 | train batch=300/1418 | elapsed=2.4 min | eta=8.8 min
[2026-08-15 01:55:29] INFO Epoch 012 | train batch=310/1418 | elapsed=2.4 min | eta=8.7 min
[2026-08-15 01:55:33] INFO Epoch 012 | train batch=320/1418 | elapsed=2.5 min | eta=8.6 min
[2026-08-15 01:55:38] INFO Epoch 012 | train batch=330/1418 | elapsed=2.6 min | eta=8.5 min
[2026-08-15 01:55:43] INFO Epoch 012 | train batch=340/1418 | elapsed=2.7 min | eta=8.5 min
[2026-08-15 01:55:47] INFO Epoch 012 | train batch=350/1418 | elapsed=2.7 min | eta=8.4 min
[2026-08-15 01:55:52] INFO Epoch 012 | train batch=360/1418 | elapsed=2.8 min | eta=8.3 min
[2026-08-15 01:55:57] INFO Epoch 012 | train batch=370/1418 | elapsed=2.9 min | eta=8.2 min
[2026-08-15 01:56:02] INFO Epoch 012 | train batch=380/1418 | elapsed=3.0 min | eta=8.1 min
[2026-08-15 01:56:06] INFO Epoch 012 | train batch=390/1418 | elapsed=3.1 min | eta=8.1 min
[2026-08-15 01:56:11] INFO Epoch 012 | train batch=400/1418 | elapsed=3.1 min | eta=8.0 min
[2026-08-15 01:56:16] INFO Epoch 012 | train batch=410/1418 | elapsed=3.2 min | eta=7.9 min
[2026-08-15 01:56:20] INFO Epoch 012 | train batch=420/1418 | elapsed=3.3 min | eta=7.8 min
[2026-08-15 01:56:25] INFO Epoch 012 | train batch=430/1418 | elapsed=3.4 min | eta=7.8 min
[2026-08-15 01:56:30] INFO Epoch 012 | train batch=440/1418 | elapsed=3.5 min | eta=7.7 min
[2026-08-15 01:56:34] INFO Epoch 012 | train batch=450/1418 | elapsed=3.5 min | eta=7.6 min
[2026-08-15 01:56:39] INFO Epoch 012 | train batch=460/1418 | elapsed=3.6 min | eta=7.5 min
[2026-08-15 01:56:44] INFO Epoch 012 | train batch=470/1418 | elapsed=3.7 min | eta=7.4 min
[2026-08-15 01:56:49] INFO Epoch 012 | train batch=480/1418 | elapsed=3.8 min | eta=7.4 min
[2026-08-15 01:56:53] INFO Epoch 012 | train batch=490/1418 | elapsed=3.8 min | eta=7.3 min
[2026-08-15 01:56:58] INFO Epoch 012 | train batch=500/1418 | elapsed=3.9 min | eta=7.2 min
[2026-08-15 01:57:03] INFO Epoch 012 | train batch=510/1418 | elapsed=4.0 min | eta=7.1 min
[2026-08-15 01:57:07] INFO Epoch 012 | train batch=520/1418 | elapsed=4.1 min | eta=7.0 min
[2026-08-15 01:57:12] INFO Epoch 012 | train batch=530/1418 | elapsed=4.2 min | eta=7.0 min
[2026-08-15 01:57:17] INFO Epoch 012 | train batch=540/1418 | elapsed=4.2 min | eta=6.9 min
[2026-08-15 01:57:21] INFO Epoch 012 | train batch=550/1418 | elapsed=4.3 min | eta=6.8 min
[2026-08-15 01:57:26] INFO Epoch 012 | train batch=560/1418 | elapsed=4.4 min | eta=6.7 min
[2026-08-15 01:57:31] INFO Epoch 012 | train batch=570/1418 | elapsed=4.5 min | eta=6.7 min
[2026-08-15 01:57:36] INFO Epoch 012 | train batch=580/1418 | elapsed=4.6 min | eta=6.6 min
[2026-08-15 01:57:40] INFO Epoch 012 | train batch=590/1418 | elapsed=4.6 min | eta=6.5 min
[2026-08-15 01:57:45] INFO Epoch 012 | train batch=600/1418 | elapsed=4.7 min | eta=6.4 min
[2026-08-15 01:57:50] INFO Epoch 012 | train batch=610/1418 | elapsed=4.8 min | eta=6.3 min
[2026-08-15 01:57:54] INFO Epoch 012 | train batch=620/1418 | elapsed=4.9 min | eta=6.2 min
[2026-08-15 01:57:59] INFO Epoch 012 | train batch=630/1418 | elapsed=4.9 min | eta=6.2 min
[2026-08-15 01:58:03] INFO Epoch 012 | train batch=640/1418 | elapsed=5.0 min | eta=6.1 min
[2026-08-15 01:58:08] INFO Epoch 012 | train batch=650/1418 | elapsed=5.1 min | eta=6.0 min
[2026-08-15 01:58:13] INFO Epoch 012 | train batch=660/1418 | elapsed=5.2 min | eta=5.9 min
[2026-08-15 01:58:17] INFO Epoch 012 | train batch=670/1418 | elapsed=5.2 min | eta=5.8 min
[2026-08-15 01:58:22] INFO Epoch 012 | train batch=680/1418 | elapsed=5.3 min | eta=5.8 min
[2026-08-15 01:58:26] INFO Epoch 012 | train batch=690/1418 | elapsed=5.4 min | eta=5.7 min
[2026-08-15 01:58:31] INFO Epoch 012 | train batch=700/1418 | elapsed=5.5 min | eta=5.6 min
[2026-08-15 01:58:35] INFO Epoch 012 | train batch=710/1418 | elapsed=5.5 min | eta=5.5 min
[2026-08-15 01:58:40] INFO Epoch 012 | train batch=720/1418 | elapsed=5.6 min | eta=5.5 min
[2026-08-15 01:58:45] INFO Epoch 012 | train batch=730/1418 | elapsed=5.7 min | eta=5.4 min
[2026-08-15 01:58:50] INFO Epoch 012 | train batch=740/1418 | elapsed=5.8 min | eta=5.3 min
[2026-08-15 01:58:54] INFO Epoch 012 | train batch=750/1418 | elapsed=5.9 min | eta=5.2 min
[2026-08-15 01:58:59] INFO Epoch 012 | train batch=760/1418 | elapsed=5.9 min | eta=5.1 min
[2026-08-15 01:59:04] INFO Epoch 012 | train batch=770/1418 | elapsed=6.0 min | eta=5.1 min
[2026-08-15 01:59:09] INFO Epoch 012 | train batch=780/1418 | elapsed=6.1 min | eta=5.0 min
[2026-08-15 01:59:14] INFO Epoch 012 | train batch=790/1418 | elapsed=6.2 min | eta=4.9 min
[2026-08-15 01:59:19] INFO Epoch 012 | train batch=800/1418 | elapsed=6.3 min | eta=4.8 min
[2026-08-15 01:59:23] INFO Epoch 012 | train batch=810/1418 | elapsed=6.3 min | eta=4.8 min
[2026-08-15 01:59:28] INFO Epoch 012 | train batch=820/1418 | elapsed=6.4 min | eta=4.7 min
[2026-08-15 01:59:32] INFO Epoch 012 | train batch=830/1418 | elapsed=6.5 min | eta=4.6 min
[2026-08-15 01:59:37] INFO Epoch 012 | train batch=840/1418 | elapsed=6.6 min | eta=4.5 min
[2026-08-15 01:59:42] INFO Epoch 012 | train batch=850/1418 | elapsed=6.7 min | eta=4.4 min
[2026-08-15 01:59:47] INFO Epoch 012 | train batch=860/1418 | elapsed=6.7 min | eta=4.4 min
[2026-08-15 01:59:51] INFO Epoch 012 | train batch=870/1418 | elapsed=6.8 min | eta=4.3 min
[2026-08-15 01:59:56] INFO Epoch 012 | train batch=880/1418 | elapsed=6.9 min | eta=4.2 min
[2026-08-15 02:00:00] INFO Epoch 012 | train batch=890/1418 | elapsed=7.0 min | eta=4.1 min
[2026-08-15 02:00:05] INFO Epoch 012 | train batch=900/1418 | elapsed=7.0 min | eta=4.1 min
[2026-08-15 02:00:10] INFO Epoch 012 | train batch=910/1418 | elapsed=7.1 min | eta=4.0 min
[2026-08-15 02:00:15] INFO Epoch 012 | train batch=920/1418 | elapsed=7.2 min | eta=3.9 min
[2026-08-15 02:00:20] INFO Epoch 012 | train batch=930/1418 | elapsed=7.3 min | eta=3.8 min
[2026-08-15 02:00:24] INFO Epoch 012 | train batch=940/1418 | elapsed=7.4 min | eta=3.7 min
[2026-08-15 02:00:29] INFO Epoch 012 | train batch=950/1418 | elapsed=7.4 min | eta=3.7 min
[2026-08-15 02:00:34] INFO Epoch 012 | train batch=960/1418 | elapsed=7.5 min | eta=3.6 min
[2026-08-15 02:00:39] INFO Epoch 012 | train batch=970/1418 | elapsed=7.6 min | eta=3.5 min
[2026-08-15 02:00:44] INFO Epoch 012 | train batch=980/1418 | elapsed=7.7 min | eta=3.4 min
[2026-08-15 02:00:48] INFO Epoch 012 | train batch=990/1418 | elapsed=7.8 min | eta=3.4 min
[2026-08-15 02:00:53] INFO Epoch 012 | train batch=1000/1418 | elapsed=7.8 min | eta=3.3 min
[2026-08-15 02:00:57] INFO Epoch 012 | train batch=1010/1418 | elapsed=7.9 min | eta=3.2 min
[2026-08-15 02:01:02] INFO Epoch 012 | train batch=1020/1418 | elapsed=8.0 min | eta=3.1 min
[2026-08-15 02:01:07] INFO Epoch 012 | train batch=1030/1418 | elapsed=8.1 min | eta=3.0 min
[2026-08-15 02:01:11] INFO Epoch 012 | train batch=1040/1418 | elapsed=8.1 min | eta=3.0 min
[2026-08-15 02:01:16] INFO Epoch 012 | train batch=1050/1418 | elapsed=8.2 min | eta=2.9 min
[2026-08-15 02:01:21] INFO Epoch 012 | train batch=1060/1418 | elapsed=8.3 min | eta=2.8 min
[2026-08-15 02:01:26] INFO Epoch 012 | train batch=1070/1418 | elapsed=8.4 min | eta=2.7 min
[2026-08-15 02:01:30] INFO Epoch 012 | train batch=1080/1418 | elapsed=8.5 min | eta=2.6 min
[2026-08-15 02:01:35] INFO Epoch 012 | train batch=1090/1418 | elapsed=8.5 min | eta=2.6 min
[2026-08-15 02:01:40] INFO Epoch 012 | train batch=1100/1418 | elapsed=8.6 min | eta=2.5 min
[2026-08-15 02:01:45] INFO Epoch 012 | train batch=1110/1418 | elapsed=8.7 min | eta=2.4 min
[2026-08-15 02:01:49] INFO Epoch 012 | train batch=1120/1418 | elapsed=8.8 min | eta=2.3 min
[2026-08-15 02:01:54] INFO Epoch 012 | train batch=1130/1418 | elapsed=8.9 min | eta=2.3 min
[2026-08-15 02:01:59] INFO Epoch 012 | train batch=1140/1418 | elapsed=8.9 min | eta=2.2 min
[2026-08-15 02:02:04] INFO Epoch 012 | train batch=1150/1418 | elapsed=9.0 min | eta=2.1 min
[2026-08-15 02:02:08] INFO Epoch 012 | train batch=1160/1418 | elapsed=9.1 min | eta=2.0 min
[2026-08-15 02:02:13] INFO Epoch 012 | train batch=1170/1418 | elapsed=9.2 min | eta=1.9 min
[2026-08-15 02:02:18] INFO Epoch 012 | train batch=1180/1418 | elapsed=9.3 min | eta=1.9 min
[2026-08-15 02:02:23] INFO Epoch 012 | train batch=1190/1418 | elapsed=9.3 min | eta=1.8 min
[2026-08-15 02:02:28] INFO Epoch 012 | train batch=1200/1418 | elapsed=9.4 min | eta=1.7 min
[2026-08-15 02:02:32] INFO Epoch 012 | train batch=1210/1418 | elapsed=9.5 min | eta=1.6 min
[2026-08-15 02:02:37] INFO Epoch 012 | train batch=1220/1418 | elapsed=9.6 min | eta=1.6 min
[2026-08-15 02:02:42] INFO Epoch 012 | train batch=1230/1418 | elapsed=9.7 min | eta=1.5 min
[2026-08-15 02:02:47] INFO Epoch 012 | train batch=1240/1418 | elapsed=9.7 min | eta=1.4 min
[2026-08-15 02:02:51] INFO Epoch 012 | train batch=1250/1418 | elapsed=9.8 min | eta=1.3 min
[2026-08-15 02:02:56] INFO Epoch 012 | train batch=1260/1418 | elapsed=9.9 min | eta=1.2 min
[2026-08-15 02:03:01] INFO Epoch 012 | train batch=1270/1418 | elapsed=10.0 min | eta=1.2 min
[2026-08-15 02:03:06] INFO Epoch 012 | train batch=1280/1418 | elapsed=10.0 min | eta=1.1 min
[2026-08-15 02:03:11] INFO Epoch 012 | train batch=1290/1418 | elapsed=10.1 min | eta=1.0 min
[2026-08-15 02:03:15] INFO Epoch 012 | train batch=1300/1418 | elapsed=10.2 min | eta=0.9 min
[2026-08-15 02:03:20] INFO Epoch 012 | train batch=1310/1418 | elapsed=10.3 min | eta=0.8 min
[2026-08-15 02:03:25] INFO Epoch 012 | train batch=1320/1418 | elapsed=10.4 min | eta=0.8 min
[2026-08-15 02:03:29] INFO Epoch 012 | train batch=1330/1418 | elapsed=10.4 min | eta=0.7 min
[2026-08-15 02:03:34] INFO Epoch 012 | train batch=1340/1418 | elapsed=10.5 min | eta=0.6 min
[2026-08-15 02:03:39] INFO Epoch 012 | train batch=1350/1418 | elapsed=10.6 min | eta=0.5 min
[2026-08-15 02:03:43] INFO Epoch 012 | train batch=1360/1418 | elapsed=10.7 min | eta=0.5 min
[2026-08-15 02:03:48] INFO Epoch 012 | train batch=1370/1418 | elapsed=10.8 min | eta=0.4 min
[2026-08-15 02:03:52] INFO Epoch 012 | train batch=1380/1418 | elapsed=10.8 min | eta=0.3 min
[2026-08-15 02:03:57] INFO Epoch 012 | train batch=1390/1418 | elapsed=10.9 min | eta=0.2 min
[2026-08-15 02:04:02] INFO Epoch 012 | train batch=1400/1418 | elapsed=11.0 min | eta=0.1 min
[2026-08-15 02:04:06] INFO Epoch 012 | train batch=1410/1418 | elapsed=11.1 min | eta=0.1 min
[2026-08-15 02:04:10] INFO Epoch 012 | train batch=1418/1418 | elapsed=11.1 min | eta=0.0 min
[2026-08-15 02:04:10] INFO Epoch 012 | val batch=1/188 | elapsed=0.0 min | eta=0.5 min
[2026-08-15 02:04:12] INFO Epoch 012 | val batch=10/188 | elapsed=0.0 min | eta=0.6 min
[2026-08-15 02:04:14] INFO Epoch 012 | val batch=20/188 | elapsed=0.1 min | eta=0.6 min
[2026-08-15 02:04:16] INFO Epoch 012 | val batch=30/188 | elapsed=0.1 min | eta=0.5 min
[2026-08-15 02:04:18] INFO Epoch 012 | val batch=40/188 | elapsed=0.1 min | eta=0.5 min
[2026-08-15 02:04:20] INFO Epoch 012 | val batch=50/188 | elapsed=0.2 min | eta=0.5 min
[2026-08-15 02:04:22] INFO Epoch 012 | val batch=60/188 | elapsed=0.2 min | eta=0.4 min
[2026-08-15 02:04:24] INFO Epoch 012 | val batch=70/188 | elapsed=0.2 min | eta=0.4 min
[2026-08-15 02:04:27] INFO Epoch 012 | val batch=80/188 | elapsed=0.3 min | eta=0.4 min
[2026-08-15 02:04:29] INFO Epoch 012 | val batch=90/188 | elapsed=0.3 min | eta=0.3 min
[2026-08-15 02:04:31] INFO Epoch 012 | val batch=100/188 | elapsed=0.3 min | eta=0.3 min
[2026-08-15 02:04:33] INFO Epoch 012 | val batch=110/188 | elapsed=0.4 min | eta=0.3 min
[2026-08-15 02:04:35] INFO Epoch 012 | val batch=120/188 | elapsed=0.4 min | eta=0.2 min
[2026-08-15 02:04:37] INFO Epoch 012 | val batch=130/188 | elapsed=0.5 min | eta=0.2 min
[2026-08-15 02:04:39] INFO Epoch 012 | val batch=140/188 | elapsed=0.5 min | eta=0.2 min
[2026-08-15 02:04:41] INFO Epoch 012 | val batch=150/188 | elapsed=0.5 min | eta=0.1 min
[2026-08-15 02:04:43] INFO Epoch 012 | val batch=160/188 | elapsed=0.6 min | eta=0.1 min
[2026-08-15 02:04:45] INFO Epoch 012 | val batch=170/188 | elapsed=0.6 min | eta=0.1 min
[2026-08-15 02:04:47] INFO Epoch 012 | val batch=180/188 | elapsed=0.6 min | eta=0.0 min
[2026-08-15 02:04:49] INFO Epoch 012 | val batch=188/188 | elapsed=0.6 min | eta=0.0 min
[2026-08-15 02:04:49] INFO Epoch 012 | train_total=0.461962 | val_total=0.452946 | val_mask=0.235954 | val_retrieval=2.169921 | val_profile=0.000000 | val_anchors=604396 | val_positive_pairs=0 | val_hard_negatives=0 | val_relation_candidates=7268824 | val_teacher_keff=3.787 | val_student_keff=8.010 | val_adapter_valid=0.966 | val_adapter_gate=0.188 | val_adapter_spatial_gate=0.168 | val_adapter_ratio=0.703184 | val_adapter_modulation=0.763599 | val_adapter_modulation_std=0.575116 | val_adapter_group_gate_std=0.205537 | val_adapter_low_rank=3.795845 | val_adapter_direct=0.793248 | val_masked_positions=42209187 | skipped(train/val)=0/0
[2026-08-15 02:04:49] INFO Relation checkpoint updated | epoch=12 | best_val_relation=2.169921 | path=C:\Users\clw\projects\researchRep\STAnchor-BlockMemory\artifacts\metrla_e5_final_latent48_cc_fgda_global288_seed42\pretrain_best_relation.pt
[2026-08-15 02:04:49] INFO Epoch 013/050 started | train_batches=1418 | val_batches=188
[2026-08-15 02:04:49] INFO Epoch 013 | train batch=1/1418 | elapsed=0.0 min | eta=9.8 min
[2026-08-15 02:04:53] INFO Epoch 013 | train batch=10/1418 | elapsed=0.1 min | eta=10.7 min
[2026-08-15 02:04:58] INFO Epoch 013 | train batch=20/1418 | elapsed=0.2 min | eta=10.9 min
[2026-08-15 02:05:03] INFO Epoch 013 | train batch=30/1418 | elapsed=0.2 min | eta=10.8 min
[2026-08-15 02:05:07] INFO Epoch 013 | train batch=40/1418 | elapsed=0.3 min | eta=10.6 min
[2026-08-15 02:05:12] INFO Epoch 013 | train batch=50/1418 | elapsed=0.4 min | eta=10.5 min
[2026-08-15 02:05:16] INFO Epoch 013 | train batch=60/1418 | elapsed=0.5 min | eta=10.3 min
[2026-08-15 02:05:21] INFO Epoch 013 | train batch=70/1418 | elapsed=0.5 min | eta=10.3 min
[2026-08-15 02:05:26] INFO Epoch 013 | train batch=80/1418 | elapsed=0.6 min | eta=10.3 min
[2026-08-15 02:05:30] INFO Epoch 013 | train batch=90/1418 | elapsed=0.7 min | eta=10.2 min
[2026-08-15 02:05:35] INFO Epoch 013 | train batch=100/1418 | elapsed=0.8 min | eta=10.2 min
[2026-08-15 02:05:40] INFO Epoch 013 | train batch=110/1418 | elapsed=0.8 min | eta=10.1 min
[2026-08-15 02:05:45] INFO Epoch 013 | train batch=120/1418 | elapsed=0.9 min | eta=10.1 min
[2026-08-15 02:05:50] INFO Epoch 013 | train batch=130/1418 | elapsed=1.0 min | eta=10.1 min
[2026-08-15 02:05:54] INFO Epoch 013 | train batch=140/1418 | elapsed=1.1 min | eta=10.0 min
[2026-08-15 02:05:59] INFO Epoch 013 | train batch=150/1418 | elapsed=1.2 min | eta=9.9 min
[2026-08-15 02:06:04] INFO Epoch 013 | train batch=160/1418 | elapsed=1.3 min | eta=9.8 min
[2026-08-15 02:06:09] INFO Epoch 013 | train batch=170/1418 | elapsed=1.3 min | eta=9.8 min
[2026-08-15 02:06:13] INFO Epoch 013 | train batch=180/1418 | elapsed=1.4 min | eta=9.7 min
[2026-08-15 02:06:18] INFO Epoch 013 | train batch=190/1418 | elapsed=1.5 min | eta=9.6 min
[2026-08-15 02:06:22] INFO Epoch 013 | train batch=200/1418 | elapsed=1.6 min | eta=9.5 min
[2026-08-15 02:06:27] INFO Epoch 013 | train batch=210/1418 | elapsed=1.6 min | eta=9.4 min
[2026-08-15 02:06:32] INFO Epoch 013 | train batch=220/1418 | elapsed=1.7 min | eta=9.3 min
[2026-08-15 02:06:37] INFO Epoch 013 | train batch=230/1418 | elapsed=1.8 min | eta=9.3 min
[2026-08-15 02:06:41] INFO Epoch 013 | train batch=240/1418 | elapsed=1.9 min | eta=9.2 min
[2026-08-15 02:06:46] INFO Epoch 013 | train batch=250/1418 | elapsed=2.0 min | eta=9.1 min
[2026-08-15 02:06:50] INFO Epoch 013 | train batch=260/1418 | elapsed=2.0 min | eta=9.0 min
[2026-08-15 02:06:55] INFO Epoch 013 | train batch=270/1418 | elapsed=2.1 min | eta=8.9 min
[2026-08-15 02:07:00] INFO Epoch 013 | train batch=280/1418 | elapsed=2.2 min | eta=8.9 min
[2026-08-15 02:07:04] INFO Epoch 013 | train batch=290/1418 | elapsed=2.3 min | eta=8.8 min
[2026-08-15 02:07:09] INFO Epoch 013 | train batch=300/1418 | elapsed=2.3 min | eta=8.7 min
[2026-08-15 02:07:14] INFO Epoch 013 | train batch=310/1418 | elapsed=2.4 min | eta=8.6 min
[2026-08-15 02:07:19] INFO Epoch 013 | train batch=320/1418 | elapsed=2.5 min | eta=8.6 min
[2026-08-15 02:07:23] INFO Epoch 013 | train batch=330/1418 | elapsed=2.6 min | eta=8.5 min
[2026-08-15 02:07:28] INFO Epoch 013 | train batch=340/1418 | elapsed=2.7 min | eta=8.4 min
[2026-08-15 02:07:33] INFO Epoch 013 | train batch=350/1418 | elapsed=2.7 min | eta=8.3 min
[2026-08-15 02:07:37] INFO Epoch 013 | train batch=360/1418 | elapsed=2.8 min | eta=8.3 min
[2026-08-15 02:07:42] INFO Epoch 013 | train batch=370/1418 | elapsed=2.9 min | eta=8.2 min
[2026-08-15 02:07:47] INFO Epoch 013 | train batch=380/1418 | elapsed=3.0 min | eta=8.1 min
[2026-08-15 02:07:52] INFO Epoch 013 | train batch=390/1418 | elapsed=3.0 min | eta=8.0 min
[2026-08-15 02:07:56] INFO Epoch 013 | train batch=400/1418 | elapsed=3.1 min | eta=7.9 min
[2026-08-15 02:08:00] INFO Epoch 013 | train batch=410/1418 | elapsed=3.2 min | eta=7.8 min
[2026-08-15 02:08:05] INFO Epoch 013 | train batch=420/1418 | elapsed=3.3 min | eta=7.8 min
[2026-08-15 02:08:10] INFO Epoch 013 | train batch=430/1418 | elapsed=3.3 min | eta=7.7 min
[2026-08-15 02:08:14] INFO Epoch 013 | train batch=440/1418 | elapsed=3.4 min | eta=7.6 min
[2026-08-15 02:08:19] INFO Epoch 013 | train batch=450/1418 | elapsed=3.5 min | eta=7.5 min
[2026-08-15 02:08:24] INFO Epoch 013 | train batch=460/1418 | elapsed=3.6 min | eta=7.5 min
[2026-08-15 02:08:28] INFO Epoch 013 | train batch=470/1418 | elapsed=3.7 min | eta=7.4 min
[2026-08-15 02:08:33] INFO Epoch 013 | train batch=480/1418 | elapsed=3.7 min | eta=7.3 min
[2026-08-15 02:08:37] INFO Epoch 013 | train batch=490/1418 | elapsed=3.8 min | eta=7.2 min
[2026-08-15 02:08:42] INFO Epoch 013 | train batch=500/1418 | elapsed=3.9 min | eta=7.1 min
[2026-08-15 02:08:47] INFO Epoch 013 | train batch=510/1418 | elapsed=4.0 min | eta=7.1 min
[2026-08-15 02:08:51] INFO Epoch 013 | train batch=520/1418 | elapsed=4.0 min | eta=7.0 min
[2026-08-15 02:08:56] INFO Epoch 013 | train batch=530/1418 | elapsed=4.1 min | eta=6.9 min
[2026-08-15 02:09:01] INFO Epoch 013 | train batch=540/1418 | elapsed=4.2 min | eta=6.8 min
[2026-08-15 02:09:06] INFO Epoch 013 | train batch=550/1418 | elapsed=4.3 min | eta=6.8 min
[2026-08-15 02:09:11] INFO Epoch 013 | train batch=560/1418 | elapsed=4.4 min | eta=6.7 min
[2026-08-15 02:09:15] INFO Epoch 013 | train batch=570/1418 | elapsed=4.4 min | eta=6.6 min
[2026-08-15 02:09:20] INFO Epoch 013 | train batch=580/1418 | elapsed=4.5 min | eta=6.5 min
[2026-08-15 02:09:25] INFO Epoch 013 | train batch=590/1418 | elapsed=4.6 min | eta=6.5 min
[2026-08-15 02:09:30] INFO Epoch 013 | train batch=600/1418 | elapsed=4.7 min | eta=6.4 min
[2026-08-15 02:09:34] INFO Epoch 013 | train batch=610/1418 | elapsed=4.8 min | eta=6.3 min
[2026-08-15 02:09:39] INFO Epoch 013 | train batch=620/1418 | elapsed=4.8 min | eta=6.2 min
[2026-08-15 02:09:44] INFO Epoch 013 | train batch=630/1418 | elapsed=4.9 min | eta=6.2 min
[2026-08-15 02:09:49] INFO Epoch 013 | train batch=640/1418 | elapsed=5.0 min | eta=6.1 min
[2026-08-15 02:09:53] INFO Epoch 013 | train batch=650/1418 | elapsed=5.1 min | eta=6.0 min
[2026-08-15 02:09:58] INFO Epoch 013 | train batch=660/1418 | elapsed=5.2 min | eta=5.9 min
[2026-08-15 02:10:03] INFO Epoch 013 | train batch=670/1418 | elapsed=5.2 min | eta=5.8 min
[2026-08-15 02:10:08] INFO Epoch 013 | train batch=680/1418 | elapsed=5.3 min | eta=5.8 min
[2026-08-15 02:10:12] INFO Epoch 013 | train batch=690/1418 | elapsed=5.4 min | eta=5.7 min
[2026-08-15 02:10:17] INFO Epoch 013 | train batch=700/1418 | elapsed=5.5 min | eta=5.6 min
[2026-08-15 02:10:22] INFO Epoch 013 | train batch=710/1418 | elapsed=5.6 min | eta=5.5 min
[2026-08-15 02:10:26] INFO Epoch 013 | train batch=720/1418 | elapsed=5.6 min | eta=5.5 min
[2026-08-15 02:10:31] INFO Epoch 013 | train batch=730/1418 | elapsed=5.7 min | eta=5.4 min
[2026-08-15 02:10:35] INFO Epoch 013 | train batch=740/1418 | elapsed=5.8 min | eta=5.3 min
[2026-08-15 02:10:40] INFO Epoch 013 | train batch=750/1418 | elapsed=5.9 min | eta=5.2 min
[2026-08-15 02:10:45] INFO Epoch 013 | train batch=760/1418 | elapsed=5.9 min | eta=5.1 min
[2026-08-15 02:10:49] INFO Epoch 013 | train batch=770/1418 | elapsed=6.0 min | eta=5.1 min
[2026-08-15 02:10:54] INFO Epoch 013 | train batch=780/1418 | elapsed=6.1 min | eta=5.0 min
[2026-08-15 02:10:58] INFO Epoch 013 | train batch=790/1418 | elapsed=6.2 min | eta=4.9 min
[2026-08-15 02:11:03] INFO Epoch 013 | train batch=800/1418 | elapsed=6.2 min | eta=4.8 min
[2026-08-15 02:11:08] INFO Epoch 013 | train batch=810/1418 | elapsed=6.3 min | eta=4.7 min
[2026-08-15 02:11:12] INFO Epoch 013 | train batch=820/1418 | elapsed=6.4 min | eta=4.7 min
[2026-08-15 02:11:17] INFO Epoch 013 | train batch=830/1418 | elapsed=6.5 min | eta=4.6 min
[2026-08-15 02:11:22] INFO Epoch 013 | train batch=840/1418 | elapsed=6.5 min | eta=4.5 min
[2026-08-15 02:11:27] INFO Epoch 013 | train batch=850/1418 | elapsed=6.6 min | eta=4.4 min
[2026-08-15 02:11:32] INFO Epoch 013 | train batch=860/1418 | elapsed=6.7 min | eta=4.4 min
[2026-08-15 02:11:36] INFO Epoch 013 | train batch=870/1418 | elapsed=6.8 min | eta=4.3 min
[2026-08-15 02:11:41] INFO Epoch 013 | train batch=880/1418 | elapsed=6.9 min | eta=4.2 min
[2026-08-15 02:11:46] INFO Epoch 013 | train batch=890/1418 | elapsed=7.0 min | eta=4.1 min
[2026-08-15 02:11:51] INFO Epoch 013 | train batch=900/1418 | elapsed=7.0 min | eta=4.0 min
[2026-08-15 02:11:55] INFO Epoch 013 | train batch=910/1418 | elapsed=7.1 min | eta=4.0 min
[2026-08-15 02:12:00] INFO Epoch 013 | train batch=920/1418 | elapsed=7.2 min | eta=3.9 min
[2026-08-15 02:12:05] INFO Epoch 013 | train batch=930/1418 | elapsed=7.3 min | eta=3.8 min
[2026-08-15 02:12:09] INFO Epoch 013 | train batch=940/1418 | elapsed=7.3 min | eta=3.7 min
[2026-08-15 02:12:14] INFO Epoch 013 | train batch=950/1418 | elapsed=7.4 min | eta=3.7 min
[2026-08-15 02:12:19] INFO Epoch 013 | train batch=960/1418 | elapsed=7.5 min | eta=3.6 min
[2026-08-15 02:12:23] INFO Epoch 013 | train batch=970/1418 | elapsed=7.6 min | eta=3.5 min
[2026-08-15 02:12:28] INFO Epoch 013 | train batch=980/1418 | elapsed=7.7 min | eta=3.4 min
[2026-08-15 02:12:33] INFO Epoch 013 | train batch=990/1418 | elapsed=7.7 min | eta=3.3 min
[2026-08-15 02:12:38] INFO Epoch 013 | train batch=1000/1418 | elapsed=7.8 min | eta=3.3 min
[2026-08-15 02:12:43] INFO Epoch 013 | train batch=1010/1418 | elapsed=7.9 min | eta=3.2 min
[2026-08-15 02:12:47] INFO Epoch 013 | train batch=1020/1418 | elapsed=8.0 min | eta=3.1 min
[2026-08-15 02:12:52] INFO Epoch 013 | train batch=1030/1418 | elapsed=8.1 min | eta=3.0 min
[2026-08-15 02:12:56] INFO Epoch 013 | train batch=1040/1418 | elapsed=8.1 min | eta=3.0 min
[2026-08-15 02:13:01] INFO Epoch 013 | train batch=1050/1418 | elapsed=8.2 min | eta=2.9 min
[2026-08-15 02:13:06] INFO Epoch 013 | train batch=1060/1418 | elapsed=8.3 min | eta=2.8 min
[2026-08-15 02:13:11] INFO Epoch 013 | train batch=1070/1418 | elapsed=8.4 min | eta=2.7 min
[2026-08-15 02:13:15] INFO Epoch 013 | train batch=1080/1418 | elapsed=8.4 min | eta=2.6 min
[2026-08-15 02:13:20] INFO Epoch 013 | train batch=1090/1418 | elapsed=8.5 min | eta=2.6 min
[2026-08-15 02:13:25] INFO Epoch 013 | train batch=1100/1418 | elapsed=8.6 min | eta=2.5 min
[2026-08-15 02:13:29] INFO Epoch 013 | train batch=1110/1418 | elapsed=8.7 min | eta=2.4 min
[2026-08-15 02:13:34] INFO Epoch 013 | train batch=1120/1418 | elapsed=8.8 min | eta=2.3 min
[2026-08-15 02:13:39] INFO Epoch 013 | train batch=1130/1418 | elapsed=8.8 min | eta=2.3 min
[2026-08-15 02:13:44] INFO Epoch 013 | train batch=1140/1418 | elapsed=8.9 min | eta=2.2 min
[2026-08-15 02:13:49] INFO Epoch 013 | train batch=1150/1418 | elapsed=9.0 min | eta=2.1 min
[2026-08-15 02:13:53] INFO Epoch 013 | train batch=1160/1418 | elapsed=9.1 min | eta=2.0 min
[2026-08-15 02:13:58] INFO Epoch 013 | train batch=1170/1418 | elapsed=9.2 min | eta=1.9 min
[2026-08-15 02:14:03] INFO Epoch 013 | train batch=1180/1418 | elapsed=9.2 min | eta=1.9 min
[2026-08-15 02:14:07] INFO Epoch 013 | train batch=1190/1418 | elapsed=9.3 min | eta=1.8 min
[2026-08-15 02:14:12] INFO Epoch 013 | train batch=1200/1418 | elapsed=9.4 min | eta=1.7 min
[2026-08-15 02:14:16] INFO Epoch 013 | train batch=1210/1418 | elapsed=9.5 min | eta=1.6 min
[2026-08-15 02:14:21] INFO Epoch 013 | train batch=1220/1418 | elapsed=9.5 min | eta=1.5 min
[2026-08-15 02:14:25] INFO Epoch 013 | train batch=1230/1418 | elapsed=9.6 min | eta=1.5 min
[2026-08-15 02:14:30] INFO Epoch 013 | train batch=1240/1418 | elapsed=9.7 min | eta=1.4 min
[2026-08-15 02:14:35] INFO Epoch 013 | train batch=1250/1418 | elapsed=9.8 min | eta=1.3 min
[2026-08-15 02:14:39] INFO Epoch 013 | train batch=1260/1418 | elapsed=9.8 min | eta=1.2 min
[2026-08-15 02:14:44] INFO Epoch 013 | train batch=1270/1418 | elapsed=9.9 min | eta=1.2 min
[2026-08-15 02:14:48] INFO Epoch 013 | train batch=1280/1418 | elapsed=10.0 min | eta=1.1 min
[2026-08-15 02:14:53] INFO Epoch 013 | train batch=1290/1418 | elapsed=10.1 min | eta=1.0 min
[2026-08-15 02:14:58] INFO Epoch 013 | train batch=1300/1418 | elapsed=10.1 min | eta=0.9 min
[2026-08-15 02:15:03] INFO Epoch 013 | train batch=1310/1418 | elapsed=10.2 min | eta=0.8 min
[2026-08-15 02:15:07] INFO Epoch 013 | train batch=1320/1418 | elapsed=10.3 min | eta=0.8 min
[2026-08-15 02:15:12] INFO Epoch 013 | train batch=1330/1418 | elapsed=10.4 min | eta=0.7 min
[2026-08-15 02:15:17] INFO Epoch 013 | train batch=1340/1418 | elapsed=10.5 min | eta=0.6 min
[2026-08-15 02:15:21] INFO Epoch 013 | train batch=1350/1418 | elapsed=10.5 min | eta=0.5 min
[2026-08-15 02:15:26] INFO Epoch 013 | train batch=1360/1418 | elapsed=10.6 min | eta=0.5 min
[2026-08-15 02:15:31] INFO Epoch 013 | train batch=1370/1418 | elapsed=10.7 min | eta=0.4 min
[2026-08-15 02:15:35] INFO Epoch 013 | train batch=1380/1418 | elapsed=10.8 min | eta=0.3 min
[2026-08-15 02:15:40] INFO Epoch 013 | train batch=1390/1418 | elapsed=10.9 min | eta=0.2 min
[2026-08-15 02:15:45] INFO Epoch 013 | train batch=1400/1418 | elapsed=10.9 min | eta=0.1 min
[2026-08-15 02:15:49] INFO Epoch 013 | train batch=1410/1418 | elapsed=11.0 min | eta=0.1 min
[2026-08-15 02:15:53] INFO Epoch 013 | train batch=1418/1418 | elapsed=11.1 min | eta=0.0 min
[2026-08-15 02:15:53] INFO Epoch 013 | val batch=1/188 | elapsed=0.0 min | eta=0.5 min
[2026-08-15 02:15:55] INFO Epoch 013 | val batch=10/188 | elapsed=0.0 min | eta=0.6 min
[2026-08-15 02:15:57] INFO Epoch 013 | val batch=20/188 | elapsed=0.1 min | eta=0.6 min
[2026-08-15 02:15:59] INFO Epoch 013 | val batch=30/188 | elapsed=0.1 min | eta=0.5 min
[2026-08-15 02:16:01] INFO Epoch 013 | val batch=40/188 | elapsed=0.1 min | eta=0.5 min
[2026-08-15 02:16:03] INFO Epoch 013 | val batch=50/188 | elapsed=0.2 min | eta=0.5 min
[2026-08-15 02:16:05] INFO Epoch 013 | val batch=60/188 | elapsed=0.2 min | eta=0.4 min
[2026-08-15 02:16:08] INFO Epoch 013 | val batch=70/188 | elapsed=0.2 min | eta=0.4 min
[2026-08-15 02:16:10] INFO Epoch 013 | val batch=80/188 | elapsed=0.3 min | eta=0.4 min
[2026-08-15 02:16:12] INFO Epoch 013 | val batch=90/188 | elapsed=0.3 min | eta=0.3 min
[2026-08-15 02:16:14] INFO Epoch 013 | val batch=100/188 | elapsed=0.3 min | eta=0.3 min
[2026-08-15 02:16:16] INFO Epoch 013 | val batch=110/188 | elapsed=0.4 min | eta=0.3 min
[2026-08-15 02:16:18] INFO Epoch 013 | val batch=120/188 | elapsed=0.4 min | eta=0.2 min
[2026-08-15 02:16:20] INFO Epoch 013 | val batch=130/188 | elapsed=0.5 min | eta=0.2 min
[2026-08-15 02:16:22] INFO Epoch 013 | val batch=140/188 | elapsed=0.5 min | eta=0.2 min
[2026-08-15 02:16:24] INFO Epoch 013 | val batch=150/188 | elapsed=0.5 min | eta=0.1 min
[2026-08-15 02:16:26] INFO Epoch 013 | val batch=160/188 | elapsed=0.6 min | eta=0.1 min
[2026-08-15 02:16:28] INFO Epoch 013 | val batch=170/188 | elapsed=0.6 min | eta=0.1 min
[2026-08-15 02:16:30] INFO Epoch 013 | val batch=180/188 | elapsed=0.6 min | eta=0.0 min
[2026-08-15 02:16:32] INFO Epoch 013 | val batch=188/188 | elapsed=0.6 min | eta=0.0 min
[2026-08-15 02:16:32] INFO Epoch 013 | train_total=0.463600 | val_total=0.449535 | val_mask=0.232778 | val_retrieval=2.167563 | val_profile=0.000000 | val_anchors=604396 | val_positive_pairs=0 | val_hard_negatives=0 | val_relation_candidates=7268824 | val_teacher_keff=3.787 | val_student_keff=7.978 | val_adapter_valid=0.966 | val_adapter_gate=0.186 | val_adapter_spatial_gate=0.161 | val_adapter_ratio=0.742143 | val_adapter_modulation=0.765171 | val_adapter_modulation_std=0.570976 | val_adapter_group_gate_std=0.204120 | val_adapter_low_rank=4.043773 | val_adapter_direct=0.867830 | val_masked_positions=42166708 | skipped(train/val)=0/0
[2026-08-15 02:16:32] INFO Relation checkpoint updated | epoch=13 | best_val_relation=2.167563 | path=C:\Users\clw\projects\researchRep\STAnchor-BlockMemory\artifacts\metrla_e5_final_latent48_cc_fgda_global288_seed42\pretrain_best_relation.pt
[2026-08-15 02:16:32] INFO Epoch 014/050 started | train_batches=1418 | val_batches=188
[2026-08-15 02:16:32] INFO Epoch 014 | train batch=1/1418 | elapsed=0.0 min | eta=9.8 min
[2026-08-15 02:16:36] INFO Epoch 014 | train batch=10/1418 | elapsed=0.1 min | eta=10.3 min
[2026-08-15 02:16:41] INFO Epoch 014 | train batch=20/1418 | elapsed=0.2 min | eta=10.6 min
[2026-08-15 02:16:46] INFO Epoch 014 | train batch=30/1418 | elapsed=0.2 min | eta=10.6 min
[2026-08-15 02:16:50] INFO Epoch 014 | train batch=40/1418 | elapsed=0.3 min | eta=10.4 min
[2026-08-15 02:16:55] INFO Epoch 014 | train batch=50/1418 | elapsed=0.4 min | eta=10.4 min
[2026-08-15 02:16:59] INFO Epoch 014 | train batch=60/1418 | elapsed=0.5 min | eta=10.4 min
[2026-08-15 02:17:05] INFO Epoch 014 | train batch=70/1418 | elapsed=0.5 min | eta=10.5 min
[2026-08-15 02:17:10] INFO Epoch 014 | train batch=80/1418 | elapsed=0.6 min | eta=10.5 min
[2026-08-15 02:17:14] INFO Epoch 014 | train batch=90/1418 | elapsed=0.7 min | eta=10.5 min
[2026-08-15 02:17:19] INFO Epoch 014 | train batch=100/1418 | elapsed=0.8 min | eta=10.4 min
[2026-08-15 02:17:24] INFO Epoch 014 | train batch=110/1418 | elapsed=0.9 min | eta=10.3 min
[2026-08-15 02:17:28] INFO Epoch 014 | train batch=120/1418 | elapsed=0.9 min | eta=10.2 min
[2026-08-15 02:17:33] INFO Epoch 014 | train batch=130/1418 | elapsed=1.0 min | eta=10.1 min
[2026-08-15 02:17:38] INFO Epoch 014 | train batch=140/1418 | elapsed=1.1 min | eta=10.0 min
[2026-08-15 02:17:43] INFO Epoch 014 | train batch=150/1418 | elapsed=1.2 min | eta=10.0 min
[2026-08-15 02:17:48] INFO Epoch 014 | train batch=160/1418 | elapsed=1.3 min | eta=9.9 min
[2026-08-15 02:17:52] INFO Epoch 014 | train batch=170/1418 | elapsed=1.3 min | eta=9.9 min
[2026-08-15 02:17:57] INFO Epoch 014 | train batch=180/1418 | elapsed=1.4 min | eta=9.8 min
[2026-08-15 02:18:02] INFO Epoch 014 | train batch=190/1418 | elapsed=1.5 min | eta=9.7 min
[2026-08-15 02:18:06] INFO Epoch 014 | train batch=200/1418 | elapsed=1.6 min | eta=9.6 min
[2026-08-15 02:18:11] INFO Epoch 014 | train batch=210/1418 | elapsed=1.6 min | eta=9.5 min
[2026-08-15 02:18:16] INFO Epoch 014 | train batch=220/1418 | elapsed=1.7 min | eta=9.4 min
[2026-08-15 02:18:20] INFO Epoch 014 | train batch=230/1418 | elapsed=1.8 min | eta=9.3 min
[2026-08-15 02:18:25] INFO Epoch 014 | train batch=240/1418 | elapsed=1.9 min | eta=9.2 min
[2026-08-15 02:18:30] INFO Epoch 014 | train batch=250/1418 | elapsed=2.0 min | eta=9.2 min
[2026-08-15 02:18:34] INFO Epoch 014 | train batch=260/1418 | elapsed=2.0 min | eta=9.1 min
[2026-08-15 02:18:39] INFO Epoch 014 | train batch=270/1418 | elapsed=2.1 min | eta=9.0 min
[2026-08-15 02:18:44] INFO Epoch 014 | train batch=280/1418 | elapsed=2.2 min | eta=8.9 min
[2026-08-15 02:18:49] INFO Epoch 014 | train batch=290/1418 | elapsed=2.3 min | eta=8.9 min
[2026-08-15 02:18:53] INFO Epoch 014 | train batch=300/1418 | elapsed=2.4 min | eta=8.8 min
[2026-08-15 02:18:58] INFO Epoch 014 | train batch=310/1418 | elapsed=2.4 min | eta=8.7 min
[2026-08-15 02:19:03] INFO Epoch 014 | train batch=320/1418 | elapsed=2.5 min | eta=8.6 min
[2026-08-15 02:19:08] INFO Epoch 014 | train batch=330/1418 | elapsed=2.6 min | eta=8.6 min
[2026-08-15 02:19:12] INFO Epoch 014 | train batch=340/1418 | elapsed=2.7 min | eta=8.5 min
[2026-08-15 02:19:17] INFO Epoch 014 | train batch=350/1418 | elapsed=2.7 min | eta=8.4 min
[2026-08-15 02:19:22] INFO Epoch 014 | train batch=360/1418 | elapsed=2.8 min | eta=8.3 min
[2026-08-15 02:19:26] INFO Epoch 014 | train batch=370/1418 | elapsed=2.9 min | eta=8.2 min
[2026-08-15 02:19:31] INFO Epoch 014 | train batch=380/1418 | elapsed=3.0 min | eta=8.2 min
[2026-08-15 02:19:36] INFO Epoch 014 | train batch=390/1418 | elapsed=3.1 min | eta=8.1 min
[2026-08-15 02:19:41] INFO Epoch 014 | train batch=400/1418 | elapsed=3.1 min | eta=8.0 min
[2026-08-15 02:19:45] INFO Epoch 014 | train batch=410/1418 | elapsed=3.2 min | eta=7.9 min
[2026-08-15 02:19:50] INFO Epoch 014 | train batch=420/1418 | elapsed=3.3 min | eta=7.8 min
[2026-08-15 02:19:55] INFO Epoch 014 | train batch=430/1418 | elapsed=3.4 min | eta=7.8 min
[2026-08-15 02:20:00] INFO Epoch 014 | train batch=440/1418 | elapsed=3.5 min | eta=7.7 min
[2026-08-15 02:20:04] INFO Epoch 014 | train batch=450/1418 | elapsed=3.5 min | eta=7.6 min
[2026-08-15 02:20:09] INFO Epoch 014 | train batch=460/1418 | elapsed=3.6 min | eta=7.5 min
[2026-08-15 02:20:14] INFO Epoch 014 | train batch=470/1418 | elapsed=3.7 min | eta=7.5 min
[2026-08-15 02:20:18] INFO Epoch 014 | train batch=480/1418 | elapsed=3.8 min | eta=7.4 min
[2026-08-15 02:20:23] INFO Epoch 014 | train batch=490/1418 | elapsed=3.8 min | eta=7.3 min
[2026-08-15 02:20:28] INFO Epoch 014 | train batch=500/1418 | elapsed=3.9 min | eta=7.2 min
[2026-08-15 02:20:32] INFO Epoch 014 | train batch=510/1418 | elapsed=4.0 min | eta=7.1 min
[2026-08-15 02:20:37] INFO Epoch 014 | train batch=520/1418 | elapsed=4.1 min | eta=7.0 min
[2026-08-15 02:20:41] INFO Epoch 014 | train batch=530/1418 | elapsed=4.2 min | eta=7.0 min
[2026-08-15 02:20:46] INFO Epoch 014 | train batch=540/1418 | elapsed=4.2 min | eta=6.9 min
[2026-08-15 02:20:51] INFO Epoch 014 | train batch=550/1418 | elapsed=4.3 min | eta=6.8 min
[2026-08-15 02:20:55] INFO Epoch 014 | train batch=560/1418 | elapsed=4.4 min | eta=6.7 min
[2026-08-15 02:21:00] INFO Epoch 014 | train batch=570/1418 | elapsed=4.5 min | eta=6.7 min
[2026-08-15 02:21:05] INFO Epoch 014 | train batch=580/1418 | elapsed=4.5 min | eta=6.6 min
[2026-08-15 02:21:10] INFO Epoch 014 | train batch=590/1418 | elapsed=4.6 min | eta=6.5 min
[2026-08-15 02:21:14] INFO Epoch 014 | train batch=600/1418 | elapsed=4.7 min | eta=6.4 min
[2026-08-15 02:21:19] INFO Epoch 014 | train batch=610/1418 | elapsed=4.8 min | eta=6.3 min
[2026-08-15 02:21:24] INFO Epoch 014 | train batch=620/1418 | elapsed=4.9 min | eta=6.3 min
[2026-08-15 02:21:29] INFO Epoch 014 | train batch=630/1418 | elapsed=4.9 min | eta=6.2 min
[2026-08-15 02:21:33] INFO Epoch 014 | train batch=640/1418 | elapsed=5.0 min | eta=6.1 min
[2026-08-15 02:21:38] INFO Epoch 014 | train batch=650/1418 | elapsed=5.1 min | eta=6.0 min
[2026-08-15 02:21:42] INFO Epoch 014 | train batch=660/1418 | elapsed=5.2 min | eta=5.9 min
[2026-08-15 02:21:47] INFO Epoch 014 | train batch=670/1418 | elapsed=5.3 min | eta=5.9 min
[2026-08-15 02:21:52] INFO Epoch 014 | train batch=680/1418 | elapsed=5.3 min | eta=5.8 min
[2026-08-15 02:21:57] INFO Epoch 014 | train batch=690/1418 | elapsed=5.4 min | eta=5.7 min
[2026-08-15 02:22:01] INFO Epoch 014 | train batch=700/1418 | elapsed=5.5 min | eta=5.6 min
[2026-08-15 02:22:06] INFO Epoch 014 | train batch=710/1418 | elapsed=5.6 min | eta=5.5 min
[2026-08-15 02:22:10] INFO Epoch 014 | train batch=720/1418 | elapsed=5.6 min | eta=5.5 min
[2026-08-15 02:22:15] INFO Epoch 014 | train batch=730/1418 | elapsed=5.7 min | eta=5.4 min
[2026-08-15 02:22:20] INFO Epoch 014 | train batch=740/1418 | elapsed=5.8 min | eta=5.3 min
[2026-08-15 02:22:24] INFO Epoch 014 | train batch=750/1418 | elapsed=5.9 min | eta=5.2 min
[2026-08-15 02:22:29] INFO Epoch 014 | train batch=760/1418 | elapsed=6.0 min | eta=5.2 min
[2026-08-15 02:22:34] INFO Epoch 014 | train batch=770/1418 | elapsed=6.0 min | eta=5.1 min
[2026-08-15 02:22:39] INFO Epoch 014 | train batch=780/1418 | elapsed=6.1 min | eta=5.0 min
[2026-08-15 02:22:44] INFO Epoch 014 | train batch=790/1418 | elapsed=6.2 min | eta=4.9 min
[2026-08-15 02:22:48] INFO Epoch 014 | train batch=800/1418 | elapsed=6.3 min | eta=4.8 min
[2026-08-15 02:22:53] INFO Epoch 014 | train batch=810/1418 | elapsed=6.3 min | eta=4.8 min
[2026-08-15 02:22:57] INFO Epoch 014 | train batch=820/1418 | elapsed=6.4 min | eta=4.7 min
[2026-08-15 02:23:02] INFO Epoch 014 | train batch=830/1418 | elapsed=6.5 min | eta=4.6 min
[2026-08-15 02:23:06] INFO Epoch 014 | train batch=840/1418 | elapsed=6.6 min | eta=4.5 min
[2026-08-15 02:23:11] INFO Epoch 014 | train batch=850/1418 | elapsed=6.7 min | eta=4.4 min
[2026-08-15 02:23:16] INFO Epoch 014 | train batch=860/1418 | elapsed=6.7 min | eta=4.4 min
[2026-08-15 02:23:21] INFO Epoch 014 | train batch=870/1418 | elapsed=6.8 min | eta=4.3 min
[2026-08-15 02:23:25] INFO Epoch 014 | train batch=880/1418 | elapsed=6.9 min | eta=4.2 min
[2026-08-15 02:23:30] INFO Epoch 014 | train batch=890/1418 | elapsed=7.0 min | eta=4.1 min
[2026-08-15 02:23:35] INFO Epoch 014 | train batch=900/1418 | elapsed=7.0 min | eta=4.1 min
[2026-08-15 02:23:39] INFO Epoch 014 | train batch=910/1418 | elapsed=7.1 min | eta=4.0 min
[2026-08-15 02:23:44] INFO Epoch 014 | train batch=920/1418 | elapsed=7.2 min | eta=3.9 min
[2026-08-15 02:23:49] INFO Epoch 014 | train batch=930/1418 | elapsed=7.3 min | eta=3.8 min
[2026-08-15 02:23:53] INFO Epoch 014 | train batch=940/1418 | elapsed=7.4 min | eta=3.7 min
[2026-08-15 02:23:58] INFO Epoch 014 | train batch=950/1418 | elapsed=7.4 min | eta=3.7 min
[2026-08-15 02:24:03] INFO Epoch 014 | train batch=960/1418 | elapsed=7.5 min | eta=3.6 min
[2026-08-15 02:24:07] INFO Epoch 014 | train batch=970/1418 | elapsed=7.6 min | eta=3.5 min
[2026-08-15 02:24:12] INFO Epoch 014 | train batch=980/1418 | elapsed=7.7 min | eta=3.4 min
[2026-08-15 02:24:17] INFO Epoch 014 | train batch=990/1418 | elapsed=7.7 min | eta=3.3 min
[2026-08-15 02:24:22] INFO Epoch 014 | train batch=1000/1418 | elapsed=7.8 min | eta=3.3 min
[2026-08-15 02:24:26] INFO Epoch 014 | train batch=1010/1418 | elapsed=7.9 min | eta=3.2 min
[2026-08-15 02:24:31] INFO Epoch 014 | train batch=1020/1418 | elapsed=8.0 min | eta=3.1 min
[2026-08-15 02:24:35] INFO Epoch 014 | train batch=1030/1418 | elapsed=8.1 min | eta=3.0 min
[2026-08-15 02:24:40] INFO Epoch 014 | train batch=1040/1418 | elapsed=8.1 min | eta=3.0 min
[2026-08-15 02:24:45] INFO Epoch 014 | train batch=1050/1418 | elapsed=8.2 min | eta=2.9 min
[2026-08-15 02:24:50] INFO Epoch 014 | train batch=1060/1418 | elapsed=8.3 min | eta=2.8 min
[2026-08-15 02:24:54] INFO Epoch 014 | train batch=1070/1418 | elapsed=8.4 min | eta=2.7 min
[2026-08-15 02:24:59] INFO Epoch 014 | train batch=1080/1418 | elapsed=8.4 min | eta=2.6 min
[2026-08-15 02:25:04] INFO Epoch 014 | train batch=1090/1418 | elapsed=8.5 min | eta=2.6 min
[2026-08-15 02:25:08] INFO Epoch 014 | train batch=1100/1418 | elapsed=8.6 min | eta=2.5 min
[2026-08-15 02:25:13] INFO Epoch 014 | train batch=1110/1418 | elapsed=8.7 min | eta=2.4 min
[2026-08-15 02:25:18] INFO Epoch 014 | train batch=1120/1418 | elapsed=8.8 min | eta=2.3 min
[2026-08-15 02:25:23] INFO Epoch 014 | train batch=1130/1418 | elapsed=8.8 min | eta=2.3 min
[2026-08-15 02:25:28] INFO Epoch 014 | train batch=1140/1418 | elapsed=8.9 min | eta=2.2 min
[2026-08-15 02:25:32] INFO Epoch 014 | train batch=1150/1418 | elapsed=9.0 min | eta=2.1 min
[2026-08-15 02:25:37] INFO Epoch 014 | train batch=1160/1418 | elapsed=9.1 min | eta=2.0 min
[2026-08-15 02:25:42] INFO Epoch 014 | train batch=1170/1418 | elapsed=9.2 min | eta=1.9 min
[2026-08-15 02:25:47] INFO Epoch 014 | train batch=1180/1418 | elapsed=9.2 min | eta=1.9 min
[2026-08-15 02:25:51] INFO Epoch 014 | train batch=1190/1418 | elapsed=9.3 min | eta=1.8 min
[2026-08-15 02:25:56] INFO Epoch 014 | train batch=1200/1418 | elapsed=9.4 min | eta=1.7 min
[2026-08-15 02:26:01] INFO Epoch 014 | train batch=1210/1418 | elapsed=9.5 min | eta=1.6 min
[2026-08-15 02:26:06] INFO Epoch 014 | train batch=1220/1418 | elapsed=9.6 min | eta=1.6 min
[2026-08-15 02:26:10] INFO Epoch 014 | train batch=1230/1418 | elapsed=9.6 min | eta=1.5 min
[2026-08-15 02:26:15] INFO Epoch 014 | train batch=1240/1418 | elapsed=9.7 min | eta=1.4 min
[2026-08-15 02:26:20] INFO Epoch 014 | train batch=1250/1418 | elapsed=9.8 min | eta=1.3 min
[2026-08-15 02:26:24] INFO Epoch 014 | train batch=1260/1418 | elapsed=9.9 min | eta=1.2 min
[2026-08-15 02:26:29] INFO Epoch 014 | train batch=1270/1418 | elapsed=10.0 min | eta=1.2 min
[2026-08-15 02:26:34] INFO Epoch 014 | train batch=1280/1418 | elapsed=10.0 min | eta=1.1 min
[2026-08-15 02:26:39] INFO Epoch 014 | train batch=1290/1418 | elapsed=10.1 min | eta=1.0 min
[2026-08-15 02:26:43] INFO Epoch 014 | train batch=1300/1418 | elapsed=10.2 min | eta=0.9 min
[2026-08-15 02:26:48] INFO Epoch 014 | train batch=1310/1418 | elapsed=10.3 min | eta=0.8 min
[2026-08-15 02:26:53] INFO Epoch 014 | train batch=1320/1418 | elapsed=10.3 min | eta=0.8 min
[2026-08-15 02:26:57] INFO Epoch 014 | train batch=1330/1418 | elapsed=10.4 min | eta=0.7 min
[2026-08-15 02:27:02] INFO Epoch 014 | train batch=1340/1418 | elapsed=10.5 min | eta=0.6 min
[2026-08-15 02:27:07] INFO Epoch 014 | train batch=1350/1418 | elapsed=10.6 min | eta=0.5 min
[2026-08-15 02:27:11] INFO Epoch 014 | train batch=1360/1418 | elapsed=10.7 min | eta=0.5 min
[2026-08-15 02:27:16] INFO Epoch 014 | train batch=1370/1418 | elapsed=10.7 min | eta=0.4 min
[2026-08-15 02:27:20] INFO Epoch 014 | train batch=1380/1418 | elapsed=10.8 min | eta=0.3 min
[2026-08-15 02:27:25] INFO Epoch 014 | train batch=1390/1418 | elapsed=10.9 min | eta=0.2 min
[2026-08-15 02:27:30] INFO Epoch 014 | train batch=1400/1418 | elapsed=11.0 min | eta=0.1 min
[2026-08-15 02:27:34] INFO Epoch 014 | train batch=1410/1418 | elapsed=11.0 min | eta=0.1 min
[2026-08-15 02:27:38] INFO Epoch 014 | train batch=1418/1418 | elapsed=11.1 min | eta=0.0 min
[2026-08-15 02:27:38] INFO Epoch 014 | val batch=1/188 | elapsed=0.0 min | eta=0.5 min
[2026-08-15 02:27:40] INFO Epoch 014 | val batch=10/188 | elapsed=0.0 min | eta=0.6 min
[2026-08-15 02:27:42] INFO Epoch 014 | val batch=20/188 | elapsed=0.1 min | eta=0.6 min
[2026-08-15 02:27:44] INFO Epoch 014 | val batch=30/188 | elapsed=0.1 min | eta=0.5 min
[2026-08-15 02:27:46] INFO Epoch 014 | val batch=40/188 | elapsed=0.1 min | eta=0.5 min
[2026-08-15 02:27:48] INFO Epoch 014 | val batch=50/188 | elapsed=0.2 min | eta=0.5 min
[2026-08-15 02:27:50] INFO Epoch 014 | val batch=60/188 | elapsed=0.2 min | eta=0.4 min
[2026-08-15 02:27:52] INFO Epoch 014 | val batch=70/188 | elapsed=0.2 min | eta=0.4 min
[2026-08-15 02:27:55] INFO Epoch 014 | val batch=80/188 | elapsed=0.3 min | eta=0.4 min
[2026-08-15 02:27:57] INFO Epoch 014 | val batch=90/188 | elapsed=0.3 min | eta=0.3 min
[2026-08-15 02:27:59] INFO Epoch 014 | val batch=100/188 | elapsed=0.3 min | eta=0.3 min
[2026-08-15 02:28:01] INFO Epoch 014 | val batch=110/188 | elapsed=0.4 min | eta=0.3 min
[2026-08-15 02:28:03] INFO Epoch 014 | val batch=120/188 | elapsed=0.4 min | eta=0.2 min
[2026-08-15 02:28:05] INFO Epoch 014 | val batch=130/188 | elapsed=0.5 min | eta=0.2 min
[2026-08-15 02:28:07] INFO Epoch 014 | val batch=140/188 | elapsed=0.5 min | eta=0.2 min
[2026-08-15 02:28:09] INFO Epoch 014 | val batch=150/188 | elapsed=0.5 min | eta=0.1 min
[2026-08-15 02:28:11] INFO Epoch 014 | val batch=160/188 | elapsed=0.6 min | eta=0.1 min
[2026-08-15 02:28:13] INFO Epoch 014 | val batch=170/188 | elapsed=0.6 min | eta=0.1 min
[2026-08-15 02:28:15] INFO Epoch 014 | val batch=180/188 | elapsed=0.6 min | eta=0.0 min
[2026-08-15 02:28:17] INFO Epoch 014 | val batch=188/188 | elapsed=0.6 min | eta=0.0 min
[2026-08-15 02:28:17] INFO Epoch 014 | train_total=0.463303 | val_total=0.445249 | val_mask=0.228037 | val_retrieval=2.172115 | val_profile=0.000000 | val_anchors=604396 | val_positive_pairs=0 | val_hard_negatives=0 | val_relation_candidates=7268824 | val_teacher_keff=3.787 | val_student_keff=7.887 | val_adapter_valid=0.966 | val_adapter_gate=0.175 | val_adapter_spatial_gate=0.155 | val_adapter_ratio=0.681431 | val_adapter_modulation=0.752105 | val_adapter_modulation_std=0.583283 | val_adapter_group_gate_std=0.193520 | val_adapter_low_rank=4.140538 | val_adapter_direct=0.954776 | val_masked_positions=42195875 | skipped(train/val)=0/0
[2026-08-15 02:28:17] INFO Checkpoint updated | epoch=14 | best_val=0.445249 | path=C:\Users\clw\projects\researchRep\STAnchor-BlockMemory\artifacts\metrla_e5_final_latent48_cc_fgda_global288_seed42\pretrain_best.pt
[2026-08-15 02:28:17] INFO Epoch 015/050 started | train_batches=1418 | val_batches=188
[2026-08-15 02:28:17] INFO Epoch 015 | train batch=1/1418 | elapsed=0.0 min | eta=9.8 min
[2026-08-15 02:28:21] INFO Epoch 015 | train batch=10/1418 | elapsed=0.1 min | eta=10.5 min
[2026-08-15 02:28:26] INFO Epoch 015 | train batch=20/1418 | elapsed=0.2 min | eta=10.7 min
[2026-08-15 02:28:31] INFO Epoch 015 | train batch=30/1418 | elapsed=0.2 min | eta=10.7 min
[2026-08-15 02:28:35] INFO Epoch 015 | train batch=40/1418 | elapsed=0.3 min | eta=10.6 min
[2026-08-15 02:28:40] INFO Epoch 015 | train batch=50/1418 | elapsed=0.4 min | eta=10.7 min
[2026-08-15 02:28:45] INFO Epoch 015 | train batch=60/1418 | elapsed=0.5 min | eta=10.7 min
[2026-08-15 02:28:50] INFO Epoch 015 | train batch=70/1418 | elapsed=0.6 min | eta=10.6 min
[2026-08-15 02:28:55] INFO Epoch 015 | train batch=80/1418 | elapsed=0.6 min | eta=10.5 min
[2026-08-15 02:28:59] INFO Epoch 015 | train batch=90/1418 | elapsed=0.7 min | eta=10.4 min
[2026-08-15 02:29:04] INFO Epoch 015 | train batch=100/1418 | elapsed=0.8 min | eta=10.4 min
[2026-08-15 02:29:09] INFO Epoch 015 | train batch=110/1418 | elapsed=0.9 min | eta=10.4 min
[2026-08-15 02:29:14] INFO Epoch 015 | train batch=120/1418 | elapsed=0.9 min | eta=10.3 min
[2026-08-15 02:29:18] INFO Epoch 015 | train batch=130/1418 | elapsed=1.0 min | eta=10.2 min
[2026-08-15 02:29:23] INFO Epoch 015 | train batch=140/1418 | elapsed=1.1 min | eta=10.1 min
[2026-08-15 02:29:28] INFO Epoch 015 | train batch=150/1418 | elapsed=1.2 min | eta=10.0 min
[2026-08-15 02:29:33] INFO Epoch 015 | train batch=160/1418 | elapsed=1.3 min | eta=9.9 min
[2026-08-15 02:29:37] INFO Epoch 015 | train batch=170/1418 | elapsed=1.3 min | eta=9.8 min
[2026-08-15 02:29:42] INFO Epoch 015 | train batch=180/1418 | elapsed=1.4 min | eta=9.8 min
[2026-08-15 02:29:47] INFO Epoch 015 | train batch=190/1418 | elapsed=1.5 min | eta=9.7 min
[2026-08-15 02:29:52] INFO Epoch 015 | train batch=200/1418 | elapsed=1.6 min | eta=9.6 min
[2026-08-15 02:29:56] INFO Epoch 015 | train batch=210/1418 | elapsed=1.7 min | eta=9.5 min
[2026-08-15 02:30:01] INFO Epoch 015 | train batch=220/1418 | elapsed=1.7 min | eta=9.4 min
[2026-08-15 02:30:05] INFO Epoch 015 | train batch=230/1418 | elapsed=1.8 min | eta=9.3 min
[2026-08-15 02:30:10] INFO Epoch 015 | train batch=240/1418 | elapsed=1.9 min | eta=9.3 min
[2026-08-15 02:30:15] INFO Epoch 015 | train batch=250/1418 | elapsed=2.0 min | eta=9.2 min
[2026-08-15 02:30:19] INFO Epoch 015 | train batch=260/1418 | elapsed=2.0 min | eta=9.1 min
[2026-08-15 02:30:24] INFO Epoch 015 | train batch=270/1418 | elapsed=2.1 min | eta=9.0 min
[2026-08-15 02:30:29] INFO Epoch 015 | train batch=280/1418 | elapsed=2.2 min | eta=8.9 min
[2026-08-15 02:30:33] INFO Epoch 015 | train batch=290/1418 | elapsed=2.3 min | eta=8.8 min
[2026-08-15 02:30:38] INFO Epoch 015 | train batch=300/1418 | elapsed=2.4 min | eta=8.8 min
[2026-08-15 02:30:43] INFO Epoch 015 | train batch=310/1418 | elapsed=2.4 min | eta=8.7 min
[2026-08-15 02:30:48] INFO Epoch 015 | train batch=320/1418 | elapsed=2.5 min | eta=8.6 min
[2026-08-15 02:30:52] INFO Epoch 015 | train batch=330/1418 | elapsed=2.6 min | eta=8.5 min
[2026-08-15 02:30:57] INFO Epoch 015 | train batch=340/1418 | elapsed=2.7 min | eta=8.5 min
[2026-08-15 02:31:01] INFO Epoch 015 | train batch=350/1418 | elapsed=2.7 min | eta=8.4 min
[2026-08-15 02:31:06] INFO Epoch 015 | train batch=360/1418 | elapsed=2.8 min | eta=8.3 min
[2026-08-15 02:31:11] INFO Epoch 015 | train batch=370/1418 | elapsed=2.9 min | eta=8.2 min
[2026-08-15 02:31:16] INFO Epoch 015 | train batch=380/1418 | elapsed=3.0 min | eta=8.1 min
[2026-08-15 02:31:20] INFO Epoch 015 | train batch=390/1418 | elapsed=3.1 min | eta=8.1 min
[2026-08-15 02:31:25] INFO Epoch 015 | train batch=400/1418 | elapsed=3.1 min | eta=8.0 min
[2026-08-15 02:31:30] INFO Epoch 015 | train batch=410/1418 | elapsed=3.2 min | eta=7.9 min
[2026-08-15 02:31:34] INFO Epoch 015 | train batch=420/1418 | elapsed=3.3 min | eta=7.8 min
[2026-08-15 02:31:39] INFO Epoch 015 | train batch=430/1418 | elapsed=3.4 min | eta=7.7 min
[2026-08-15 02:31:44] INFO Epoch 015 | train batch=440/1418 | elapsed=3.4 min | eta=7.7 min
[2026-08-15 02:31:48] INFO Epoch 015 | train batch=450/1418 | elapsed=3.5 min | eta=7.6 min
[2026-08-15 02:31:53] INFO Epoch 015 | train batch=460/1418 | elapsed=3.6 min | eta=7.5 min
[2026-08-15 02:31:58] INFO Epoch 015 | train batch=470/1418 | elapsed=3.7 min | eta=7.4 min
[2026-08-15 02:32:03] INFO Epoch 015 | train batch=480/1418 | elapsed=3.8 min | eta=7.4 min
[2026-08-15 02:32:08] INFO Epoch 015 | train batch=490/1418 | elapsed=3.8 min | eta=7.3 min
[2026-08-15 02:32:12] INFO Epoch 015 | train batch=500/1418 | elapsed=3.9 min | eta=7.2 min
[2026-08-15 02:32:18] INFO Epoch 015 | train batch=510/1418 | elapsed=4.0 min | eta=7.1 min
[2026-08-15 02:32:22] INFO Epoch 015 | train batch=520/1418 | elapsed=4.1 min | eta=7.1 min
[2026-08-15 02:32:27] INFO Epoch 015 | train batch=530/1418 | elapsed=4.2 min | eta=7.0 min
[2026-08-15 02:32:32] INFO Epoch 015 | train batch=540/1418 | elapsed=4.2 min | eta=6.9 min
[2026-08-15 02:32:36] INFO Epoch 015 | train batch=550/1418 | elapsed=4.3 min | eta=6.8 min
[2026-08-15 02:32:41] INFO Epoch 015 | train batch=560/1418 | elapsed=4.4 min | eta=6.8 min
[2026-08-15 02:32:46] INFO Epoch 015 | train batch=570/1418 | elapsed=4.5 min | eta=6.7 min
[2026-08-15 02:32:51] INFO Epoch 015 | train batch=580/1418 | elapsed=4.6 min | eta=6.6 min
[2026-08-15 02:32:55] INFO Epoch 015 | train batch=590/1418 | elapsed=4.6 min | eta=6.5 min
[2026-08-15 02:33:00] INFO Epoch 015 | train batch=600/1418 | elapsed=4.7 min | eta=6.4 min
[2026-08-15 02:33:05] INFO Epoch 015 | train batch=610/1418 | elapsed=4.8 min | eta=6.4 min
[2026-08-15 02:33:10] INFO Epoch 015 | train batch=620/1418 | elapsed=4.9 min | eta=6.3 min
[2026-08-15 02:33:15] INFO Epoch 015 | train batch=630/1418 | elapsed=5.0 min | eta=6.2 min
[2026-08-15 02:33:19] INFO Epoch 015 | train batch=640/1418 | elapsed=5.0 min | eta=6.1 min
[2026-08-15 02:33:24] INFO Epoch 015 | train batch=650/1418 | elapsed=5.1 min | eta=6.0 min
[2026-08-15 02:33:29] INFO Epoch 015 | train batch=660/1418 | elapsed=5.2 min | eta=6.0 min
[2026-08-15 02:33:33] INFO Epoch 015 | train batch=670/1418 | elapsed=5.3 min | eta=5.9 min
[2026-08-15 02:33:38] INFO Epoch 015 | train batch=680/1418 | elapsed=5.4 min | eta=5.8 min
[2026-08-15 02:33:43] INFO Epoch 015 | train batch=690/1418 | elapsed=5.4 min | eta=5.7 min
[2026-08-15 02:33:48] INFO Epoch 015 | train batch=700/1418 | elapsed=5.5 min | eta=5.7 min
[2026-08-15 02:33:53] INFO Epoch 015 | train batch=710/1418 | elapsed=5.6 min | eta=5.6 min
[2026-08-15 02:33:58] INFO Epoch 015 | train batch=720/1418 | elapsed=5.7 min | eta=5.5 min
[2026-08-15 02:34:02] INFO Epoch 015 | train batch=730/1418 | elapsed=5.7 min | eta=5.4 min
[2026-08-15 02:34:07] INFO Epoch 015 | train batch=740/1418 | elapsed=5.8 min | eta=5.3 min
[2026-08-15 02:34:12] INFO Epoch 015 | train batch=750/1418 | elapsed=5.9 min | eta=5.3 min
[2026-08-15 02:34:16] INFO Epoch 015 | train batch=760/1418 | elapsed=6.0 min | eta=5.2 min
[2026-08-15 02:34:21] INFO Epoch 015 | train batch=770/1418 | elapsed=6.1 min | eta=5.1 min
[2026-08-15 02:34:26] INFO Epoch 015 | train batch=780/1418 | elapsed=6.2 min | eta=5.0 min
[2026-08-15 02:34:31] INFO Epoch 015 | train batch=790/1418 | elapsed=6.2 min | eta=5.0 min
[2026-08-15 02:34:36] INFO Epoch 015 | train batch=800/1418 | elapsed=6.3 min | eta=4.9 min
[2026-08-15 02:34:40] INFO Epoch 015 | train batch=810/1418 | elapsed=6.4 min | eta=4.8 min
[2026-08-15 02:34:45] INFO Epoch 015 | train batch=820/1418 | elapsed=6.5 min | eta=4.7 min
[2026-08-15 02:34:50] INFO Epoch 015 | train batch=830/1418 | elapsed=6.6 min | eta=4.6 min
[2026-08-15 02:34:55] INFO Epoch 015 | train batch=840/1418 | elapsed=6.6 min | eta=4.6 min
[2026-08-15 02:34:59] INFO Epoch 015 | train batch=850/1418 | elapsed=6.7 min | eta=4.5 min
[2026-08-15 02:35:04] INFO Epoch 015 | train batch=860/1418 | elapsed=6.8 min | eta=4.4 min
[2026-08-15 02:35:09] INFO Epoch 015 | train batch=870/1418 | elapsed=6.9 min | eta=4.3 min
[2026-08-15 02:35:14] INFO Epoch 015 | train batch=880/1418 | elapsed=6.9 min | eta=4.2 min
[2026-08-15 02:35:18] INFO Epoch 015 | train batch=890/1418 | elapsed=7.0 min | eta=4.2 min
[2026-08-15 02:35:23] INFO Epoch 015 | train batch=900/1418 | elapsed=7.1 min | eta=4.1 min
[2026-08-15 02:35:28] INFO Epoch 015 | train batch=910/1418 | elapsed=7.2 min | eta=4.0 min
[2026-08-15 02:35:33] INFO Epoch 015 | train batch=920/1418 | elapsed=7.3 min | eta=3.9 min
[2026-08-15 02:35:38] INFO Epoch 015 | train batch=930/1418 | elapsed=7.3 min | eta=3.9 min
[2026-08-15 02:35:42] INFO Epoch 015 | train batch=940/1418 | elapsed=7.4 min | eta=3.8 min
[2026-08-15 02:35:47] INFO Epoch 015 | train batch=950/1418 | elapsed=7.5 min | eta=3.7 min
[2026-08-15 02:35:52] INFO Epoch 015 | train batch=960/1418 | elapsed=7.6 min | eta=3.6 min
[2026-08-15 02:35:56] INFO Epoch 015 | train batch=970/1418 | elapsed=7.7 min | eta=3.5 min
[2026-08-15 02:36:01] INFO Epoch 015 | train batch=980/1418 | elapsed=7.7 min | eta=3.5 min
[2026-08-15 02:36:06] INFO Epoch 015 | train batch=990/1418 | elapsed=7.8 min | eta=3.4 min
[2026-08-15 02:36:11] INFO Epoch 015 | train batch=1000/1418 | elapsed=7.9 min | eta=3.3 min
[2026-08-15 02:36:16] INFO Epoch 015 | train batch=1010/1418 | elapsed=8.0 min | eta=3.2 min
[2026-08-15 02:36:20] INFO Epoch 015 | train batch=1020/1418 | elapsed=8.1 min | eta=3.1 min
[2026-08-15 02:36:25] INFO Epoch 015 | train batch=1030/1418 | elapsed=8.1 min | eta=3.1 min
[2026-08-15 02:36:30] INFO Epoch 015 | train batch=1040/1418 | elapsed=8.2 min | eta=3.0 min
[2026-08-15 02:36:34] INFO Epoch 015 | train batch=1050/1418 | elapsed=8.3 min | eta=2.9 min
[2026-08-15 02:36:39] INFO Epoch 015 | train batch=1060/1418 | elapsed=8.4 min | eta=2.8 min
[2026-08-15 02:36:44] INFO Epoch 015 | train batch=1070/1418 | elapsed=8.4 min | eta=2.7 min
[2026-08-15 02:36:49] INFO Epoch 015 | train batch=1080/1418 | elapsed=8.5 min | eta=2.7 min
[2026-08-15 02:36:53] INFO Epoch 015 | train batch=1090/1418 | elapsed=8.6 min | eta=2.6 min
[2026-08-15 02:36:58] INFO Epoch 015 | train batch=1100/1418 | elapsed=8.7 min | eta=2.5 min
[2026-08-15 02:37:03] INFO Epoch 015 | train batch=1110/1418 | elapsed=8.8 min | eta=2.4 min
[2026-08-15 02:37:07] INFO Epoch 015 | train batch=1120/1418 | elapsed=8.8 min | eta=2.4 min
[2026-08-15 02:37:12] INFO Epoch 015 | train batch=1130/1418 | elapsed=8.9 min | eta=2.3 min
[2026-08-15 02:37:17] INFO Epoch 015 | train batch=1140/1418 | elapsed=9.0 min | eta=2.2 min
[2026-08-15 02:37:21] INFO Epoch 015 | train batch=1150/1418 | elapsed=9.1 min | eta=2.1 min
[2026-08-15 02:37:26] INFO Epoch 015 | train batch=1160/1418 | elapsed=9.2 min | eta=2.0 min
[2026-08-15 02:37:31] INFO Epoch 015 | train batch=1170/1418 | elapsed=9.2 min | eta=2.0 min
[2026-08-15 02:37:36] INFO Epoch 015 | train batch=1180/1418 | elapsed=9.3 min | eta=1.9 min
[2026-08-15 02:37:40] INFO Epoch 015 | train batch=1190/1418 | elapsed=9.4 min | eta=1.8 min
[2026-08-15 02:37:45] INFO Epoch 015 | train batch=1200/1418 | elapsed=9.5 min | eta=1.7 min
[2026-08-15 02:37:50] INFO Epoch 015 | train batch=1210/1418 | elapsed=9.5 min | eta=1.6 min
[2026-08-15 02:37:54] INFO Epoch 015 | train batch=1220/1418 | elapsed=9.6 min | eta=1.6 min
[2026-08-15 02:37:59] INFO Epoch 015 | train batch=1230/1418 | elapsed=9.7 min | eta=1.5 min
[2026-08-15 02:38:04] INFO Epoch 015 | train batch=1240/1418 | elapsed=9.8 min | eta=1.4 min
[2026-08-15 02:38:09] INFO Epoch 015 | train batch=1250/1418 | elapsed=9.9 min | eta=1.3 min
[2026-08-15 02:38:14] INFO Epoch 015 | train batch=1260/1418 | elapsed=9.9 min | eta=1.2 min
[2026-08-15 02:38:18] INFO Epoch 015 | train batch=1270/1418 | elapsed=10.0 min | eta=1.2 min
[2026-08-15 02:38:23] INFO Epoch 015 | train batch=1280/1418 | elapsed=10.1 min | eta=1.1 min
[2026-08-15 02:38:28] INFO Epoch 015 | train batch=1290/1418 | elapsed=10.2 min | eta=1.0 min
[2026-08-15 02:38:32] INFO Epoch 015 | train batch=1300/1418 | elapsed=10.3 min | eta=0.9 min
[2026-08-15 02:38:37] INFO Epoch 015 | train batch=1310/1418 | elapsed=10.3 min | eta=0.9 min
[2026-08-15 02:38:41] INFO Epoch 015 | train batch=1320/1418 | elapsed=10.4 min | eta=0.8 min
[2026-08-15 02:38:46] INFO Epoch 015 | train batch=1330/1418 | elapsed=10.5 min | eta=0.7 min
[2026-08-15 02:38:51] INFO Epoch 015 | train batch=1340/1418 | elapsed=10.6 min | eta=0.6 min
[2026-08-15 02:38:55] INFO Epoch 015 | train batch=1350/1418 | elapsed=10.6 min | eta=0.5 min
[2026-08-15 02:39:00] INFO Epoch 015 | train batch=1360/1418 | elapsed=10.7 min | eta=0.5 min
[2026-08-15 02:39:05] INFO Epoch 015 | train batch=1370/1418 | elapsed=10.8 min | eta=0.4 min
[2026-08-15 02:39:10] INFO Epoch 015 | train batch=1380/1418 | elapsed=10.9 min | eta=0.3 min
[2026-08-15 02:39:14] INFO Epoch 015 | train batch=1390/1418 | elapsed=11.0 min | eta=0.2 min
[2026-08-15 02:39:19] INFO Epoch 015 | train batch=1400/1418 | elapsed=11.0 min | eta=0.1 min
[2026-08-15 02:39:24] INFO Epoch 015 | train batch=1410/1418 | elapsed=11.1 min | eta=0.1 min
[2026-08-15 02:39:27] INFO Epoch 015 | train batch=1418/1418 | elapsed=11.2 min | eta=0.0 min
[2026-08-15 02:39:27] INFO Epoch 015 | val batch=1/188 | elapsed=0.0 min | eta=0.5 min
[2026-08-15 02:39:29] INFO Epoch 015 | val batch=10/188 | elapsed=0.0 min | eta=0.6 min
[2026-08-15 02:39:31] INFO Epoch 015 | val batch=20/188 | elapsed=0.1 min | eta=0.6 min
[2026-08-15 02:39:33] INFO Epoch 015 | val batch=30/188 | elapsed=0.1 min | eta=0.6 min
[2026-08-15 02:39:35] INFO Epoch 015 | val batch=40/188 | elapsed=0.1 min | eta=0.5 min
[2026-08-15 02:39:38] INFO Epoch 015 | val batch=50/188 | elapsed=0.2 min | eta=0.5 min
[2026-08-15 02:39:40] INFO Epoch 015 | val batch=60/188 | elapsed=0.2 min | eta=0.4 min
[2026-08-15 02:39:42] INFO Epoch 015 | val batch=70/188 | elapsed=0.2 min | eta=0.4 min
[2026-08-15 02:39:44] INFO Epoch 015 | val batch=80/188 | elapsed=0.3 min | eta=0.4 min
[2026-08-15 02:39:46] INFO Epoch 015 | val batch=90/188 | elapsed=0.3 min | eta=0.3 min
[2026-08-15 02:39:48] INFO Epoch 015 | val batch=100/188 | elapsed=0.3 min | eta=0.3 min
[2026-08-15 02:39:50] INFO Epoch 015 | val batch=110/188 | elapsed=0.4 min | eta=0.3 min
[2026-08-15 02:39:52] INFO Epoch 015 | val batch=120/188 | elapsed=0.4 min | eta=0.2 min
[2026-08-15 02:39:54] INFO Epoch 015 | val batch=130/188 | elapsed=0.5 min | eta=0.2 min
[2026-08-15 02:39:56] INFO Epoch 015 | val batch=140/188 | elapsed=0.5 min | eta=0.2 min
[2026-08-15 02:39:58] INFO Epoch 015 | val batch=150/188 | elapsed=0.5 min | eta=0.1 min
[2026-08-15 02:40:00] INFO Epoch 015 | val batch=160/188 | elapsed=0.6 min | eta=0.1 min
[2026-08-15 02:40:03] INFO Epoch 015 | val batch=170/188 | elapsed=0.6 min | eta=0.1 min
[2026-08-15 02:40:05] INFO Epoch 015 | val batch=180/188 | elapsed=0.6 min | eta=0.0 min
[2026-08-15 02:40:06] INFO Epoch 015 | val batch=188/188 | elapsed=0.7 min | eta=0.0 min
[2026-08-15 02:40:06] INFO Epoch 015 | train_total=0.450328 | val_total=0.445336 | val_mask=0.227860 | val_retrieval=2.174761 | val_profile=0.000000 | val_anchors=604396 | val_positive_pairs=0 | val_hard_negatives=0 | val_relation_candidates=7268824 | val_teacher_keff=3.787 | val_student_keff=8.244 | val_adapter_valid=0.966 | val_adapter_gate=0.168 | val_adapter_spatial_gate=0.150 | val_adapter_ratio=0.676280 | val_adapter_modulation=0.754113 | val_adapter_modulation_std=0.567525 | val_adapter_group_gate_std=0.193857 | val_adapter_low_rank=4.279602 | val_adapter_direct=1.046527 | val_masked_positions=42247499 | skipped(train/val)=0/0
[2026-08-15 02:40:06] INFO Epoch 016/050 started | train_batches=1418 | val_batches=188
[2026-08-15 02:40:06] INFO Epoch 016 | train batch=1/1418 | elapsed=0.0 min | eta=9.9 min
[2026-08-15 02:40:11] INFO Epoch 016 | train batch=10/1418 | elapsed=0.1 min | eta=10.8 min
[2026-08-15 02:40:15] INFO Epoch 016 | train batch=20/1418 | elapsed=0.2 min | eta=10.6 min
[2026-08-15 02:40:20] INFO Epoch 016 | train batch=30/1418 | elapsed=0.2 min | eta=10.8 min
[2026-08-15 02:40:25] INFO Epoch 016 | train batch=40/1418 | elapsed=0.3 min | eta=10.8 min
[2026-08-15 02:40:30] INFO Epoch 016 | train batch=50/1418 | elapsed=0.4 min | eta=10.7 min
[2026-08-15 02:40:34] INFO Epoch 016 | train batch=60/1418 | elapsed=0.5 min | eta=10.6 min
[2026-08-15 02:40:39] INFO Epoch 016 | train batch=70/1418 | elapsed=0.5 min | eta=10.6 min
[2026-08-15 02:40:44] INFO Epoch 016 | train batch=80/1418 | elapsed=0.6 min | eta=10.6 min
[2026-08-15 02:40:49] INFO Epoch 016 | train batch=90/1418 | elapsed=0.7 min | eta=10.5 min
[2026-08-15 02:40:54] INFO Epoch 016 | train batch=100/1418 | elapsed=0.8 min | eta=10.4 min
[2026-08-15 02:40:58] INFO Epoch 016 | train batch=110/1418 | elapsed=0.9 min | eta=10.4 min
[2026-08-15 02:41:03] INFO Epoch 016 | train batch=120/1418 | elapsed=0.9 min | eta=10.3 min
[2026-08-15 02:41:08] INFO Epoch 016 | train batch=130/1418 | elapsed=1.0 min | eta=10.2 min
[2026-08-15 02:41:13] INFO Epoch 016 | train batch=140/1418 | elapsed=1.1 min | eta=10.1 min
[2026-08-15 02:41:18] INFO Epoch 016 | train batch=150/1418 | elapsed=1.2 min | eta=10.1 min
[2026-08-15 02:41:22] INFO Epoch 016 | train batch=160/1418 | elapsed=1.3 min | eta=10.0 min
[2026-08-15 02:41:27] INFO Epoch 016 | train batch=170/1418 | elapsed=1.4 min | eta=9.9 min
[2026-08-15 02:41:32] INFO Epoch 016 | train batch=180/1418 | elapsed=1.4 min | eta=9.9 min
[2026-08-15 02:41:37] INFO Epoch 016 | train batch=190/1418 | elapsed=1.5 min | eta=9.8 min
[2026-08-15 02:41:41] INFO Epoch 016 | train batch=200/1418 | elapsed=1.6 min | eta=9.7 min
[2026-08-15 02:41:46] INFO Epoch 016 | train batch=210/1418 | elapsed=1.7 min | eta=9.6 min
[2026-08-15 02:41:51] INFO Epoch 016 | train batch=220/1418 | elapsed=1.7 min | eta=9.5 min
[2026-08-15 02:41:56] INFO Epoch 016 | train batch=230/1418 | elapsed=1.8 min | eta=9.4 min
[2026-08-15 02:42:00] INFO Epoch 016 | train batch=240/1418 | elapsed=1.9 min | eta=9.3 min
[2026-08-15 02:42:05] INFO Epoch 016 | train batch=250/1418 | elapsed=2.0 min | eta=9.3 min
[2026-08-15 02:42:10] INFO Epoch 016 | train batch=260/1418 | elapsed=2.1 min | eta=9.2 min
[2026-08-15 02:42:15] INFO Epoch 016 | train batch=270/1418 | elapsed=2.1 min | eta=9.1 min
[2026-08-15 02:42:19] INFO Epoch 016 | train batch=280/1418 | elapsed=2.2 min | eta=9.0 min
[2026-08-15 02:42:24] INFO Epoch 016 | train batch=290/1418 | elapsed=2.3 min | eta=8.9 min
[2026-08-15 02:42:28] INFO Epoch 016 | train batch=300/1418 | elapsed=2.4 min | eta=8.8 min
[2026-08-15 02:42:33] INFO Epoch 016 | train batch=310/1418 | elapsed=2.4 min | eta=8.7 min
[2026-08-15 02:42:38] INFO Epoch 016 | train batch=320/1418 | elapsed=2.5 min | eta=8.7 min
[2026-08-15 02:42:42] INFO Epoch 016 | train batch=330/1418 | elapsed=2.6 min | eta=8.6 min
[2026-08-15 02:42:47] INFO Epoch 016 | train batch=340/1418 | elapsed=2.7 min | eta=8.5 min
[2026-08-15 02:42:52] INFO Epoch 016 | train batch=350/1418 | elapsed=2.8 min | eta=8.4 min
[2026-08-15 02:42:57] INFO Epoch 016 | train batch=360/1418 | elapsed=2.8 min | eta=8.4 min
[2026-08-15 02:43:01] INFO Epoch 016 | train batch=370/1418 | elapsed=2.9 min | eta=8.3 min
[2026-08-15 02:43:06] INFO Epoch 016 | train batch=380/1418 | elapsed=3.0 min | eta=8.2 min
[2026-08-15 02:43:11] INFO Epoch 016 | train batch=390/1418 | elapsed=3.1 min | eta=8.1 min
[2026-08-15 02:43:15] INFO Epoch 016 | train batch=400/1418 | elapsed=3.2 min | eta=8.0 min
[2026-08-15 02:43:20] INFO Epoch 016 | train batch=410/1418 | elapsed=3.2 min | eta=7.9 min
[2026-08-15 02:43:24] INFO Epoch 016 | train batch=420/1418 | elapsed=3.3 min | eta=7.9 min
[2026-08-15 02:43:29] INFO Epoch 016 | train batch=430/1418 | elapsed=3.4 min | eta=7.8 min
[2026-08-15 02:43:34] INFO Epoch 016 | train batch=440/1418 | elapsed=3.5 min | eta=7.7 min
[2026-08-15 02:43:39] INFO Epoch 016 | train batch=450/1418 | elapsed=3.5 min | eta=7.6 min
[2026-08-15 02:43:43] INFO Epoch 016 | train batch=460/1418 | elapsed=3.6 min | eta=7.5 min
[2026-08-15 02:43:48] INFO Epoch 016 | train batch=470/1418 | elapsed=3.7 min | eta=7.5 min
[2026-08-15 02:43:53] INFO Epoch 016 | train batch=480/1418 | elapsed=3.8 min | eta=7.4 min
[2026-08-15 02:43:57] INFO Epoch 016 | train batch=490/1418 | elapsed=3.9 min | eta=7.3 min
[2026-08-15 02:44:02] INFO Epoch 016 | train batch=500/1418 | elapsed=3.9 min | eta=7.2 min
[2026-08-15 02:44:07] INFO Epoch 016 | train batch=510/1418 | elapsed=4.0 min | eta=7.1 min
[2026-08-15 02:44:11] INFO Epoch 016 | train batch=520/1418 | elapsed=4.1 min | eta=7.1 min
[2026-08-15 02:44:16] INFO Epoch 016 | train batch=530/1418 | elapsed=4.2 min | eta=7.0 min
[2026-08-15 02:44:21] INFO Epoch 016 | train batch=540/1418 | elapsed=4.2 min | eta=6.9 min
[2026-08-15 02:44:25] INFO Epoch 016 | train batch=550/1418 | elapsed=4.3 min | eta=6.8 min
[2026-08-15 02:44:30] INFO Epoch 016 | train batch=560/1418 | elapsed=4.4 min | eta=6.7 min
[2026-08-15 02:44:35] INFO Epoch 016 | train batch=570/1418 | elapsed=4.5 min | eta=6.7 min
[2026-08-15 02:44:40] INFO Epoch 016 | train batch=580/1418 | elapsed=4.6 min | eta=6.6 min
[2026-08-15 02:44:45] INFO Epoch 016 | train batch=590/1418 | elapsed=4.6 min | eta=6.5 min
[2026-08-15 02:44:50] INFO Epoch 016 | train batch=600/1418 | elapsed=4.7 min | eta=6.4 min
[2026-08-15 02:44:55] INFO Epoch 016 | train batch=610/1418 | elapsed=4.8 min | eta=6.4 min
[2026-08-15 02:44:59] INFO Epoch 016 | train batch=620/1418 | elapsed=4.9 min | eta=6.3 min
[2026-08-15 02:45:04] INFO Epoch 016 | train batch=630/1418 | elapsed=5.0 min | eta=6.2 min
[2026-08-15 02:45:08] INFO Epoch 016 | train batch=640/1418 | elapsed=5.0 min | eta=6.1 min
[2026-08-15 02:45:13] INFO Epoch 016 | train batch=650/1418 | elapsed=5.1 min | eta=6.0 min
[2026-08-15 02:45:18] INFO Epoch 016 | train batch=660/1418 | elapsed=5.2 min | eta=6.0 min
[2026-08-15 02:45:23] INFO Epoch 016 | train batch=670/1418 | elapsed=5.3 min | eta=5.9 min
[2026-08-15 02:45:27] INFO Epoch 016 | train batch=680/1418 | elapsed=5.4 min | eta=5.8 min
[2026-08-15 02:45:32] INFO Epoch 016 | train batch=690/1418 | elapsed=5.4 min | eta=5.7 min
[2026-08-15 02:45:37] INFO Epoch 016 | train batch=700/1418 | elapsed=5.5 min | eta=5.7 min
[2026-08-15 02:45:42] INFO Epoch 016 | train batch=710/1418 | elapsed=5.6 min | eta=5.6 min
[2026-08-15 02:45:47] INFO Epoch 016 | train batch=720/1418 | elapsed=5.7 min | eta=5.5 min
[2026-08-15 02:45:52] INFO Epoch 016 | train batch=730/1418 | elapsed=5.8 min | eta=5.4 min
[2026-08-15 02:45:56] INFO Epoch 016 | train batch=740/1418 | elapsed=5.8 min | eta=5.4 min
[2026-08-15 02:46:01] INFO Epoch 016 | train batch=750/1418 | elapsed=5.9 min | eta=5.3 min
[2026-08-15 02:46:06] INFO Epoch 016 | train batch=760/1418 | elapsed=6.0 min | eta=5.2 min
[2026-08-15 02:46:10] INFO Epoch 016 | train batch=770/1418 | elapsed=6.1 min | eta=5.1 min
[2026-08-15 02:46:15] INFO Epoch 016 | train batch=780/1418 | elapsed=6.1 min | eta=5.0 min
[2026-08-15 02:46:19] INFO Epoch 016 | train batch=790/1418 | elapsed=6.2 min | eta=4.9 min
[2026-08-15 02:46:24] INFO Epoch 016 | train batch=800/1418 | elapsed=6.3 min | eta=4.9 min
[2026-08-15 02:46:29] INFO Epoch 016 | train batch=810/1418 | elapsed=6.4 min | eta=4.8 min
[2026-08-15 02:46:34] INFO Epoch 016 | train batch=820/1418 | elapsed=6.5 min | eta=4.7 min
[2026-08-15 02:46:39] INFO Epoch 016 | train batch=830/1418 | elapsed=6.5 min | eta=4.6 min
[2026-08-15 02:46:43] INFO Epoch 016 | train batch=840/1418 | elapsed=6.6 min | eta=4.6 min
[2026-08-15 02:46:48] INFO Epoch 016 | train batch=850/1418 | elapsed=6.7 min | eta=4.5 min
[2026-08-15 02:46:53] INFO Epoch 016 | train batch=860/1418 | elapsed=6.8 min | eta=4.4 min
[2026-08-15 02:46:58] INFO Epoch 016 | train batch=870/1418 | elapsed=6.9 min | eta=4.3 min
[2026-08-15 02:47:02] INFO Epoch 016 | train batch=880/1418 | elapsed=6.9 min | eta=4.2 min
[2026-08-15 02:47:07] INFO Epoch 016 | train batch=890/1418 | elapsed=7.0 min | eta=4.2 min
[2026-08-15 02:47:12] INFO Epoch 016 | train batch=900/1418 | elapsed=7.1 min | eta=4.1 min
[2026-08-15 02:47:17] INFO Epoch 016 | train batch=910/1418 | elapsed=7.2 min | eta=4.0 min
[2026-08-15 02:47:22] INFO Epoch 016 | train batch=920/1418 | elapsed=7.3 min | eta=3.9 min
[2026-08-15 02:47:26] INFO Epoch 016 | train batch=930/1418 | elapsed=7.3 min | eta=3.8 min
[2026-08-15 02:47:31] INFO Epoch 016 | train batch=940/1418 | elapsed=7.4 min | eta=3.8 min
[2026-08-15 02:47:35] INFO Epoch 016 | train batch=950/1418 | elapsed=7.5 min | eta=3.7 min
[2026-08-15 02:47:40] INFO Epoch 016 | train batch=960/1418 | elapsed=7.6 min | eta=3.6 min
[2026-08-15 02:47:45] INFO Epoch 016 | train batch=970/1418 | elapsed=7.6 min | eta=3.5 min
[2026-08-15 02:47:50] INFO Epoch 016 | train batch=980/1418 | elapsed=7.7 min | eta=3.5 min
[2026-08-15 02:47:54] INFO Epoch 016 | train batch=990/1418 | elapsed=7.8 min | eta=3.4 min
[2026-08-15 02:47:59] INFO Epoch 016 | train batch=1000/1418 | elapsed=7.9 min | eta=3.3 min
[2026-08-15 02:48:04] INFO Epoch 016 | train batch=1010/1418 | elapsed=8.0 min | eta=3.2 min
[2026-08-15 02:48:09] INFO Epoch 016 | train batch=1020/1418 | elapsed=8.0 min | eta=3.1 min
[2026-08-15 02:48:14] INFO Epoch 016 | train batch=1030/1418 | elapsed=8.1 min | eta=3.1 min
[2026-08-15 02:48:19] INFO Epoch 016 | train batch=1040/1418 | elapsed=8.2 min | eta=3.0 min
[2026-08-15 02:48:23] INFO Epoch 016 | train batch=1050/1418 | elapsed=8.3 min | eta=2.9 min
[2026-08-15 02:48:28] INFO Epoch 016 | train batch=1060/1418 | elapsed=8.4 min | eta=2.8 min
[2026-08-15 02:48:33] INFO Epoch 016 | train batch=1070/1418 | elapsed=8.4 min | eta=2.7 min
[2026-08-15 02:48:38] INFO Epoch 016 | train batch=1080/1418 | elapsed=8.5 min | eta=2.7 min
[2026-08-15 02:48:42] INFO Epoch 016 | train batch=1090/1418 | elapsed=8.6 min | eta=2.6 min
[2026-08-15 02:48:47] INFO Epoch 016 | train batch=1100/1418 | elapsed=8.7 min | eta=2.5 min
[2026-08-15 02:48:52] INFO Epoch 016 | train batch=1110/1418 | elapsed=8.8 min | eta=2.4 min
[2026-08-15 02:48:57] INFO Epoch 016 | train batch=1120/1418 | elapsed=8.8 min | eta=2.4 min
[2026-08-15 02:49:01] INFO Epoch 016 | train batch=1130/1418 | elapsed=8.9 min | eta=2.3 min
[2026-08-15 02:49:06] INFO Epoch 016 | train batch=1140/1418 | elapsed=9.0 min | eta=2.2 min
[2026-08-15 02:49:11] INFO Epoch 016 | train batch=1150/1418 | elapsed=9.1 min | eta=2.1 min
[2026-08-15 02:49:16] INFO Epoch 016 | train batch=1160/1418 | elapsed=9.2 min | eta=2.0 min
[2026-08-15 02:49:20] INFO Epoch 016 | train batch=1170/1418 | elapsed=9.2 min | eta=2.0 min
[2026-08-15 02:49:25] INFO Epoch 016 | train batch=1180/1418 | elapsed=9.3 min | eta=1.9 min
[2026-08-15 02:49:30] INFO Epoch 016 | train batch=1190/1418 | elapsed=9.4 min | eta=1.8 min
[2026-08-15 02:49:34] INFO Epoch 016 | train batch=1200/1418 | elapsed=9.5 min | eta=1.7 min
[2026-08-15 02:49:39] INFO Epoch 016 | train batch=1210/1418 | elapsed=9.5 min | eta=1.6 min
[2026-08-15 02:49:44] INFO Epoch 016 | train batch=1220/1418 | elapsed=9.6 min | eta=1.6 min
[2026-08-15 02:49:48] INFO Epoch 016 | train batch=1230/1418 | elapsed=9.7 min | eta=1.5 min
[2026-08-15 02:49:53] INFO Epoch 016 | train batch=1240/1418 | elapsed=9.8 min | eta=1.4 min
[2026-08-15 02:49:58] INFO Epoch 016 | train batch=1250/1418 | elapsed=9.9 min | eta=1.3 min
[2026-08-15 02:50:03] INFO Epoch 016 | train batch=1260/1418 | elapsed=9.9 min | eta=1.2 min
[2026-08-15 02:50:07] INFO Epoch 016 | train batch=1270/1418 | elapsed=10.0 min | eta=1.2 min
[2026-08-15 02:50:12] INFO Epoch 016 | train batch=1280/1418 | elapsed=10.1 min | eta=1.1 min
[2026-08-15 02:50:17] INFO Epoch 016 | train batch=1290/1418 | elapsed=10.2 min | eta=1.0 min
[2026-08-15 02:50:22] INFO Epoch 016 | train batch=1300/1418 | elapsed=10.3 min | eta=0.9 min
[2026-08-15 02:50:26] INFO Epoch 016 | train batch=1310/1418 | elapsed=10.3 min | eta=0.9 min
[2026-08-15 02:50:31] INFO Epoch 016 | train batch=1320/1418 | elapsed=10.4 min | eta=0.8 min
[2026-08-15 02:50:36] INFO Epoch 016 | train batch=1330/1418 | elapsed=10.5 min | eta=0.7 min
[2026-08-15 02:50:41] INFO Epoch 016 | train batch=1340/1418 | elapsed=10.6 min | eta=0.6 min
[2026-08-15 02:50:46] INFO Epoch 016 | train batch=1350/1418 | elapsed=10.7 min | eta=0.5 min
[2026-08-15 02:50:50] INFO Epoch 016 | train batch=1360/1418 | elapsed=10.7 min | eta=0.5 min
[2026-08-15 02:50:55] INFO Epoch 016 | train batch=1370/1418 | elapsed=10.8 min | eta=0.4 min
[2026-08-15 02:50:59] INFO Epoch 016 | train batch=1380/1418 | elapsed=10.9 min | eta=0.3 min
[2026-08-15 02:51:04] INFO Epoch 016 | train batch=1390/1418 | elapsed=11.0 min | eta=0.2 min
[2026-08-15 02:51:09] INFO Epoch 016 | train batch=1400/1418 | elapsed=11.0 min | eta=0.1 min
[2026-08-15 02:51:14] INFO Epoch 016 | train batch=1410/1418 | elapsed=11.1 min | eta=0.1 min
[2026-08-15 02:51:17] INFO Epoch 016 | train batch=1418/1418 | elapsed=11.2 min | eta=0.0 min
[2026-08-15 02:51:17] INFO Epoch 016 | val batch=1/188 | elapsed=0.0 min | eta=0.5 min
[2026-08-15 02:51:19] INFO Epoch 016 | val batch=10/188 | elapsed=0.0 min | eta=0.6 min
[2026-08-15 02:51:21] INFO Epoch 016 | val batch=20/188 | elapsed=0.1 min | eta=0.6 min
[2026-08-15 02:51:23] INFO Epoch 016 | val batch=30/188 | elapsed=0.1 min | eta=0.5 min
[2026-08-15 02:51:25] INFO Epoch 016 | val batch=40/188 | elapsed=0.1 min | eta=0.5 min
[2026-08-15 02:51:27] INFO Epoch 016 | val batch=50/188 | elapsed=0.2 min | eta=0.5 min
[2026-08-15 02:51:29] INFO Epoch 016 | val batch=60/188 | elapsed=0.2 min | eta=0.4 min
[2026-08-15 02:51:31] INFO Epoch 016 | val batch=70/188 | elapsed=0.2 min | eta=0.4 min
[2026-08-15 02:51:34] INFO Epoch 016 | val batch=80/188 | elapsed=0.3 min | eta=0.4 min
[2026-08-15 02:51:36] INFO Epoch 016 | val batch=90/188 | elapsed=0.3 min | eta=0.3 min
[2026-08-15 02:51:38] INFO Epoch 016 | val batch=100/188 | elapsed=0.3 min | eta=0.3 min
[2026-08-15 02:51:40] INFO Epoch 016 | val batch=110/188 | elapsed=0.4 min | eta=0.3 min
[2026-08-15 02:51:42] INFO Epoch 016 | val batch=120/188 | elapsed=0.4 min | eta=0.2 min
[2026-08-15 02:51:44] INFO Epoch 016 | val batch=130/188 | elapsed=0.5 min | eta=0.2 min
[2026-08-15 02:51:46] INFO Epoch 016 | val batch=140/188 | elapsed=0.5 min | eta=0.2 min
[2026-08-15 02:51:48] INFO Epoch 016 | val batch=150/188 | elapsed=0.5 min | eta=0.1 min
[2026-08-15 02:51:50] INFO Epoch 016 | val batch=160/188 | elapsed=0.6 min | eta=0.1 min
[2026-08-15 02:51:52] INFO Epoch 016 | val batch=170/188 | elapsed=0.6 min | eta=0.1 min
[2026-08-15 02:51:54] INFO Epoch 016 | val batch=180/188 | elapsed=0.6 min | eta=0.0 min
[2026-08-15 02:51:56] INFO Epoch 016 | val batch=188/188 | elapsed=0.6 min | eta=0.0 min
[2026-08-15 02:51:56] INFO Epoch 016 | train_total=0.453203 | val_total=0.448225 | val_mask=0.231540 | val_retrieval=2.166844 | val_profile=0.000000 | val_anchors=604396 | val_positive_pairs=0 | val_hard_negatives=0 | val_relation_candidates=7268824 | val_teacher_keff=3.787 | val_student_keff=7.889 | val_adapter_valid=0.966 | val_adapter_gate=0.155 | val_adapter_spatial_gate=0.145 | val_adapter_ratio=0.651995 | val_adapter_modulation=0.749872 | val_adapter_modulation_std=0.565346 | val_adapter_group_gate_std=0.182903 | val_adapter_low_rank=4.602679 | val_adapter_direct=1.133819 | val_masked_positions=42155447 | skipped(train/val)=0/0
[2026-08-15 02:51:56] INFO Relation checkpoint updated | epoch=16 | best_val_relation=2.166844 | path=C:\Users\clw\projects\researchRep\STAnchor-BlockMemory\artifacts\metrla_e5_final_latent48_cc_fgda_global288_seed42\pretrain_best_relation.pt
[2026-08-15 02:51:56] INFO Epoch 017/050 started | train_batches=1418 | val_batches=188
[2026-08-15 02:51:56] INFO Epoch 017 | train batch=1/1418 | elapsed=0.0 min | eta=9.8 min
[2026-08-15 02:52:00] INFO Epoch 017 | train batch=10/1418 | elapsed=0.1 min | eta=10.8 min
[2026-08-15 02:52:05] INFO Epoch 017 | train batch=20/1418 | elapsed=0.2 min | eta=11.1 min
[2026-08-15 02:52:10] INFO Epoch 017 | train batch=30/1418 | elapsed=0.2 min | eta=11.2 min
[2026-08-15 02:52:15] INFO Epoch 017 | train batch=40/1418 | elapsed=0.3 min | eta=11.1 min
[2026-08-15 02:52:20] INFO Epoch 017 | train batch=50/1418 | elapsed=0.4 min | eta=10.8 min
[2026-08-15 02:52:24] INFO Epoch 017 | train batch=60/1418 | elapsed=0.5 min | eta=10.6 min
[2026-08-15 02:52:29] INFO Epoch 017 | train batch=70/1418 | elapsed=0.5 min | eta=10.5 min
[2026-08-15 02:52:34] INFO Epoch 017 | train batch=80/1418 | elapsed=0.6 min | eta=10.5 min
[2026-08-15 02:52:38] INFO Epoch 017 | train batch=90/1418 | elapsed=0.7 min | eta=10.5 min
[2026-08-15 02:52:43] INFO Epoch 017 | train batch=100/1418 | elapsed=0.8 min | eta=10.4 min
[2026-08-15 02:52:48] INFO Epoch 017 | train batch=110/1418 | elapsed=0.9 min | eta=10.3 min
[2026-08-15 02:52:52] INFO Epoch 017 | train batch=120/1418 | elapsed=0.9 min | eta=10.2 min
[2026-08-15 02:52:57] INFO Epoch 017 | train batch=130/1418 | elapsed=1.0 min | eta=10.1 min
[2026-08-15 02:53:02] INFO Epoch 017 | train batch=140/1418 | elapsed=1.1 min | eta=10.1 min
[2026-08-15 02:53:07] INFO Epoch 017 | train batch=150/1418 | elapsed=1.2 min | eta=10.0 min
[2026-08-15 02:53:12] INFO Epoch 017 | train batch=160/1418 | elapsed=1.3 min | eta=9.9 min
[2026-08-15 02:53:16] INFO Epoch 017 | train batch=170/1418 | elapsed=1.3 min | eta=9.8 min
[2026-08-15 02:53:21] INFO Epoch 017 | train batch=180/1418 | elapsed=1.4 min | eta=9.7 min
[2026-08-15 02:53:26] INFO Epoch 017 | train batch=190/1418 | elapsed=1.5 min | eta=9.7 min
[2026-08-15 02:53:30] INFO Epoch 017 | train batch=200/1418 | elapsed=1.6 min | eta=9.6 min
[2026-08-15 02:53:35] INFO Epoch 017 | train batch=210/1418 | elapsed=1.7 min | eta=9.5 min
[2026-08-15 02:53:40] INFO Epoch 017 | train batch=220/1418 | elapsed=1.7 min | eta=9.4 min
[2026-08-15 02:53:45] INFO Epoch 017 | train batch=230/1418 | elapsed=1.8 min | eta=9.4 min
[2026-08-15 02:53:49] INFO Epoch 017 | train batch=240/1418 | elapsed=1.9 min | eta=9.3 min
[2026-08-15 02:53:54] INFO Epoch 017 | train batch=250/1418 | elapsed=2.0 min | eta=9.2 min
[2026-08-15 02:53:59] INFO Epoch 017 | train batch=260/1418 | elapsed=2.1 min | eta=9.1 min
[2026-08-15 02:54:04] INFO Epoch 017 | train batch=270/1418 | elapsed=2.1 min | eta=9.1 min
[2026-08-15 02:54:08] INFO Epoch 017 | train batch=280/1418 | elapsed=2.2 min | eta=9.0 min
[2026-08-15 02:54:13] INFO Epoch 017 | train batch=290/1418 | elapsed=2.3 min | eta=8.9 min
[2026-08-15 02:54:18] INFO Epoch 017 | train batch=300/1418 | elapsed=2.4 min | eta=8.8 min
[2026-08-15 02:54:22] INFO Epoch 017 | train batch=310/1418 | elapsed=2.4 min | eta=8.7 min
[2026-08-15 02:54:27] INFO Epoch 017 | train batch=320/1418 | elapsed=2.5 min | eta=8.6 min
[2026-08-15 02:54:31] INFO Epoch 017 | train batch=330/1418 | elapsed=2.6 min | eta=8.5 min
[2026-08-15 02:54:36] INFO Epoch 017 | train batch=340/1418 | elapsed=2.7 min | eta=8.5 min
[2026-08-15 02:54:41] INFO Epoch 017 | train batch=350/1418 | elapsed=2.7 min | eta=8.4 min
[2026-08-15 02:54:46] INFO Epoch 017 | train batch=360/1418 | elapsed=2.8 min | eta=8.3 min
[2026-08-15 02:54:50] INFO Epoch 017 | train batch=370/1418 | elapsed=2.9 min | eta=8.2 min
[2026-08-15 02:54:55] INFO Epoch 017 | train batch=380/1418 | elapsed=3.0 min | eta=8.2 min
[2026-08-15 02:54:59] INFO Epoch 017 | train batch=390/1418 | elapsed=3.1 min | eta=8.1 min
[2026-08-15 02:55:04] INFO Epoch 017 | train batch=400/1418 | elapsed=3.1 min | eta=8.0 min
[2026-08-15 02:55:09] INFO Epoch 017 | train batch=410/1418 | elapsed=3.2 min | eta=7.9 min
[2026-08-15 02:55:14] INFO Epoch 017 | train batch=420/1418 | elapsed=3.3 min | eta=7.8 min
[2026-08-15 02:55:19] INFO Epoch 017 | train batch=430/1418 | elapsed=3.4 min | eta=7.8 min
[2026-08-15 02:55:23] INFO Epoch 017 | train batch=440/1418 | elapsed=3.5 min | eta=7.7 min
[2026-08-15 02:55:28] INFO Epoch 017 | train batch=450/1418 | elapsed=3.5 min | eta=7.6 min
[2026-08-15 02:55:33] INFO Epoch 017 | train batch=460/1418 | elapsed=3.6 min | eta=7.5 min
[2026-08-15 02:55:38] INFO Epoch 017 | train batch=470/1418 | elapsed=3.7 min | eta=7.5 min
[2026-08-15 02:55:43] INFO Epoch 017 | train batch=480/1418 | elapsed=3.8 min | eta=7.4 min
[2026-08-15 02:55:47] INFO Epoch 017 | train batch=490/1418 | elapsed=3.9 min | eta=7.3 min
[2026-08-15 02:55:52] INFO Epoch 017 | train batch=500/1418 | elapsed=3.9 min | eta=7.2 min
[2026-08-15 02:55:57] INFO Epoch 017 | train batch=510/1418 | elapsed=4.0 min | eta=7.1 min
[2026-08-15 02:56:01] INFO Epoch 017 | train batch=520/1418 | elapsed=4.1 min | eta=7.1 min
[2026-08-15 02:56:06] INFO Epoch 017 | train batch=530/1418 | elapsed=4.2 min | eta=7.0 min
[2026-08-15 02:56:11] INFO Epoch 017 | train batch=540/1418 | elapsed=4.2 min | eta=6.9 min
[2026-08-15 02:56:15] INFO Epoch 017 | train batch=550/1418 | elapsed=4.3 min | eta=6.8 min
[2026-08-15 02:56:20] INFO Epoch 017 | train batch=560/1418 | elapsed=4.4 min | eta=6.7 min
[2026-08-15 02:56:24] INFO Epoch 017 | train batch=570/1418 | elapsed=4.5 min | eta=6.7 min
[2026-08-15 02:56:29] INFO Epoch 017 | train batch=580/1418 | elapsed=4.6 min | eta=6.6 min
[2026-08-15 02:56:34] INFO Epoch 017 | train batch=590/1418 | elapsed=4.6 min | eta=6.5 min
[2026-08-15 02:56:39] INFO Epoch 017 | train batch=600/1418 | elapsed=4.7 min | eta=6.4 min
[2026-08-15 02:56:44] INFO Epoch 017 | train batch=610/1418 | elapsed=4.8 min | eta=6.4 min
[2026-08-15 02:56:48] INFO Epoch 017 | train batch=620/1418 | elapsed=4.9 min | eta=6.3 min
[2026-08-15 02:56:53] INFO Epoch 017 | train batch=630/1418 | elapsed=5.0 min | eta=6.2 min
[2026-08-15 02:56:58] INFO Epoch 017 | train batch=640/1418 | elapsed=5.0 min | eta=6.1 min
[2026-08-15 02:57:03] INFO Epoch 017 | train batch=650/1418 | elapsed=5.1 min | eta=6.0 min
[2026-08-15 02:57:07] INFO Epoch 017 | train batch=660/1418 | elapsed=5.2 min | eta=6.0 min
[2026-08-15 02:57:12] INFO Epoch 017 | train batch=670/1418 | elapsed=5.3 min | eta=5.9 min
[2026-08-15 02:57:17] INFO Epoch 017 | train batch=680/1418 | elapsed=5.3 min | eta=5.8 min
[2026-08-15 02:57:21] INFO Epoch 017 | train batch=690/1418 | elapsed=5.4 min | eta=5.7 min
[2026-08-15 02:57:26] INFO Epoch 017 | train batch=700/1418 | elapsed=5.5 min | eta=5.6 min
[2026-08-15 02:57:31] INFO Epoch 017 | train batch=710/1418 | elapsed=5.6 min | eta=5.6 min
[2026-08-15 02:57:36] INFO Epoch 017 | train batch=720/1418 | elapsed=5.7 min | eta=5.5 min
[2026-08-15 02:57:41] INFO Epoch 017 | train batch=730/1418 | elapsed=5.7 min | eta=5.4 min
[2026-08-15 02:57:45] INFO Epoch 017 | train batch=740/1418 | elapsed=5.8 min | eta=5.3 min
[2026-08-15 02:57:50] INFO Epoch 017 | train batch=750/1418 | elapsed=5.9 min | eta=5.3 min
[2026-08-15 02:57:55] INFO Epoch 017 | train batch=760/1418 | elapsed=6.0 min | eta=5.2 min
[2026-08-15 02:58:00] INFO Epoch 017 | train batch=770/1418 | elapsed=6.1 min | eta=5.1 min
[2026-08-15 02:58:05] INFO Epoch 017 | train batch=780/1418 | elapsed=6.1 min | eta=5.0 min
[2026-08-15 02:58:09] INFO Epoch 017 | train batch=790/1418 | elapsed=6.2 min | eta=4.9 min
[2026-08-15 02:58:14] INFO Epoch 017 | train batch=800/1418 | elapsed=6.3 min | eta=4.9 min
[2026-08-15 02:58:19] INFO Epoch 017 | train batch=810/1418 | elapsed=6.4 min | eta=4.8 min
[2026-08-15 02:58:24] INFO Epoch 017 | train batch=820/1418 | elapsed=6.5 min | eta=4.7 min
[2026-08-15 02:58:29] INFO Epoch 017 | train batch=830/1418 | elapsed=6.5 min | eta=4.6 min
[2026-08-15 02:58:33] INFO Epoch 017 | train batch=840/1418 | elapsed=6.6 min | eta=4.6 min
[2026-08-15 02:58:38] INFO Epoch 017 | train batch=850/1418 | elapsed=6.7 min | eta=4.5 min
[2026-08-15 02:58:42] INFO Epoch 017 | train batch=860/1418 | elapsed=6.8 min | eta=4.4 min
[2026-08-15 02:58:47] INFO Epoch 017 | train batch=870/1418 | elapsed=6.9 min | eta=4.3 min
[2026-08-15 02:58:52] INFO Epoch 017 | train batch=880/1418 | elapsed=6.9 min | eta=4.2 min
[2026-08-15 02:58:56] INFO Epoch 017 | train batch=890/1418 | elapsed=7.0 min | eta=4.2 min
[2026-08-15 02:59:01] INFO Epoch 017 | train batch=900/1418 | elapsed=7.1 min | eta=4.1 min
[2026-08-15 02:59:06] INFO Epoch 017 | train batch=910/1418 | elapsed=7.2 min | eta=4.0 min
[2026-08-15 02:59:11] INFO Epoch 017 | train batch=920/1418 | elapsed=7.2 min | eta=3.9 min
[2026-08-15 02:59:15] INFO Epoch 017 | train batch=930/1418 | elapsed=7.3 min | eta=3.8 min
[2026-08-15 02:59:20] INFO Epoch 017 | train batch=940/1418 | elapsed=7.4 min | eta=3.8 min
[2026-08-15 02:59:25] INFO Epoch 017 | train batch=950/1418 | elapsed=7.5 min | eta=3.7 min
[2026-08-15 02:59:30] INFO Epoch 017 | train batch=960/1418 | elapsed=7.6 min | eta=3.6 min
[2026-08-15 02:59:35] INFO Epoch 017 | train batch=970/1418 | elapsed=7.6 min | eta=3.5 min
[2026-08-15 02:59:39] INFO Epoch 017 | train batch=980/1418 | elapsed=7.7 min | eta=3.5 min
[2026-08-15 02:59:44] INFO Epoch 017 | train batch=990/1418 | elapsed=7.8 min | eta=3.4 min
[2026-08-15 02:59:48] INFO Epoch 017 | train batch=1000/1418 | elapsed=7.9 min | eta=3.3 min
[2026-08-15 02:59:53] INFO Epoch 017 | train batch=1010/1418 | elapsed=8.0 min | eta=3.2 min
[2026-08-15 02:59:58] INFO Epoch 017 | train batch=1020/1418 | elapsed=8.0 min | eta=3.1 min
[2026-08-15 03:00:03] INFO Epoch 017 | train batch=1030/1418 | elapsed=8.1 min | eta=3.1 min
[2026-08-15 03:00:07] INFO Epoch 017 | train batch=1040/1418 | elapsed=8.2 min | eta=3.0 min
[2026-08-15 03:00:12] INFO Epoch 017 | train batch=1050/1418 | elapsed=8.3 min | eta=2.9 min
[2026-08-15 03:00:16] INFO Epoch 017 | train batch=1060/1418 | elapsed=8.3 min | eta=2.8 min
[2026-08-15 03:00:21] INFO Epoch 017 | train batch=1070/1418 | elapsed=8.4 min | eta=2.7 min
[2026-08-15 03:00:25] INFO Epoch 017 | train batch=1080/1418 | elapsed=8.5 min | eta=2.7 min
[2026-08-15 03:00:30] INFO Epoch 017 | train batch=1090/1418 | elapsed=8.6 min | eta=2.6 min
[2026-08-15 03:00:35] INFO Epoch 017 | train batch=1100/1418 | elapsed=8.7 min | eta=2.5 min
[2026-08-15 03:00:39] INFO Epoch 017 | train batch=1110/1418 | elapsed=8.7 min | eta=2.4 min
[2026-08-15 03:00:44] INFO Epoch 017 | train batch=1120/1418 | elapsed=8.8 min | eta=2.3 min
[2026-08-15 03:00:48] INFO Epoch 017 | train batch=1130/1418 | elapsed=8.9 min | eta=2.3 min
[2026-08-15 03:00:53] INFO Epoch 017 | train batch=1140/1418 | elapsed=9.0 min | eta=2.2 min
[2026-08-15 03:00:58] INFO Epoch 017 | train batch=1150/1418 | elapsed=9.0 min | eta=2.1 min
[2026-08-15 03:01:03] INFO Epoch 017 | train batch=1160/1418 | elapsed=9.1 min | eta=2.0 min
[2026-08-15 03:01:07] INFO Epoch 017 | train batch=1170/1418 | elapsed=9.2 min | eta=1.9 min
[2026-08-15 03:01:12] INFO Epoch 017 | train batch=1180/1418 | elapsed=9.3 min | eta=1.9 min
[2026-08-15 03:01:17] INFO Epoch 017 | train batch=1190/1418 | elapsed=9.4 min | eta=1.8 min
[2026-08-15 03:01:22] INFO Epoch 017 | train batch=1200/1418 | elapsed=9.4 min | eta=1.7 min
[2026-08-15 03:01:26] INFO Epoch 017 | train batch=1210/1418 | elapsed=9.5 min | eta=1.6 min
[2026-08-15 03:01:31] INFO Epoch 017 | train batch=1220/1418 | elapsed=9.6 min | eta=1.6 min
[2026-08-15 03:01:36] INFO Epoch 017 | train batch=1230/1418 | elapsed=9.7 min | eta=1.5 min
[2026-08-15 03:01:40] INFO Epoch 017 | train batch=1240/1418 | elapsed=9.7 min | eta=1.4 min
[2026-08-15 03:01:45] INFO Epoch 017 | train batch=1250/1418 | elapsed=9.8 min | eta=1.3 min
[2026-08-15 03:01:50] INFO Epoch 017 | train batch=1260/1418 | elapsed=9.9 min | eta=1.2 min
[2026-08-15 03:01:54] INFO Epoch 017 | train batch=1270/1418 | elapsed=10.0 min | eta=1.2 min
[2026-08-15 03:01:59] INFO Epoch 017 | train batch=1280/1418 | elapsed=10.1 min | eta=1.1 min
[2026-08-15 03:02:04] INFO Epoch 017 | train batch=1290/1418 | elapsed=10.1 min | eta=1.0 min
[2026-08-15 03:02:08] INFO Epoch 017 | train batch=1300/1418 | elapsed=10.2 min | eta=0.9 min
[2026-08-15 03:02:13] INFO Epoch 017 | train batch=1310/1418 | elapsed=10.3 min | eta=0.8 min
[2026-08-15 03:02:18] INFO Epoch 017 | train batch=1320/1418 | elapsed=10.4 min | eta=0.8 min
[2026-08-15 03:02:22] INFO Epoch 017 | train batch=1330/1418 | elapsed=10.4 min | eta=0.7 min
[2026-08-15 03:02:27] INFO Epoch 017 | train batch=1340/1418 | elapsed=10.5 min | eta=0.6 min
[2026-08-15 03:02:32] INFO Epoch 017 | train batch=1350/1418 | elapsed=10.6 min | eta=0.5 min
[2026-08-15 03:02:37] INFO Epoch 017 | train batch=1360/1418 | elapsed=10.7 min | eta=0.5 min
[2026-08-15 03:02:42] INFO Epoch 017 | train batch=1370/1418 | elapsed=10.8 min | eta=0.4 min
[2026-08-15 03:02:46] INFO Epoch 017 | train batch=1380/1418 | elapsed=10.8 min | eta=0.3 min
[2026-08-15 03:02:51] INFO Epoch 017 | train batch=1390/1418 | elapsed=10.9 min | eta=0.2 min
[2026-08-15 03:02:56] INFO Epoch 017 | train batch=1400/1418 | elapsed=11.0 min | eta=0.1 min
[2026-08-15 03:03:01] INFO Epoch 017 | train batch=1410/1418 | elapsed=11.1 min | eta=0.1 min
[2026-08-15 03:03:04] INFO Epoch 017 | train batch=1418/1418 | elapsed=11.1 min | eta=0.0 min
[2026-08-15 03:03:04] INFO Epoch 017 | val batch=1/188 | elapsed=0.0 min | eta=0.5 min
[2026-08-15 03:03:06] INFO Epoch 017 | val batch=10/188 | elapsed=0.0 min | eta=0.6 min
[2026-08-15 03:03:08] INFO Epoch 017 | val batch=20/188 | elapsed=0.1 min | eta=0.6 min
[2026-08-15 03:03:10] INFO Epoch 017 | val batch=30/188 | elapsed=0.1 min | eta=0.5 min
[2026-08-15 03:03:12] INFO Epoch 017 | val batch=40/188 | elapsed=0.1 min | eta=0.5 min
[2026-08-15 03:03:14] INFO Epoch 017 | val batch=50/188 | elapsed=0.2 min | eta=0.5 min
[2026-08-15 03:03:17] INFO Epoch 017 | val batch=60/188 | elapsed=0.2 min | eta=0.4 min
[2026-08-15 03:03:19] INFO Epoch 017 | val batch=70/188 | elapsed=0.2 min | eta=0.4 min
[2026-08-15 03:03:21] INFO Epoch 017 | val batch=80/188 | elapsed=0.3 min | eta=0.4 min
[2026-08-15 03:03:23] INFO Epoch 017 | val batch=90/188 | elapsed=0.3 min | eta=0.3 min
[2026-08-15 03:03:25] INFO Epoch 017 | val batch=100/188 | elapsed=0.3 min | eta=0.3 min
[2026-08-15 03:03:27] INFO Epoch 017 | val batch=110/188 | elapsed=0.4 min | eta=0.3 min
[2026-08-15 03:03:29] INFO Epoch 017 | val batch=120/188 | elapsed=0.4 min | eta=0.2 min
[2026-08-15 03:03:31] INFO Epoch 017 | val batch=130/188 | elapsed=0.5 min | eta=0.2 min
[2026-08-15 03:03:33] INFO Epoch 017 | val batch=140/188 | elapsed=0.5 min | eta=0.2 min
[2026-08-15 03:03:35] INFO Epoch 017 | val batch=150/188 | elapsed=0.5 min | eta=0.1 min
[2026-08-15 03:03:37] INFO Epoch 017 | val batch=160/188 | elapsed=0.6 min | eta=0.1 min
[2026-08-15 03:03:39] INFO Epoch 017 | val batch=170/188 | elapsed=0.6 min | eta=0.1 min
[2026-08-15 03:03:42] INFO Epoch 017 | val batch=180/188 | elapsed=0.6 min | eta=0.0 min
[2026-08-15 03:03:43] INFO Epoch 017 | val batch=188/188 | elapsed=0.6 min | eta=0.0 min
[2026-08-15 03:03:43] INFO Epoch 017 | train_total=0.455875 | val_total=0.449745 | val_mask=0.232494 | val_retrieval=2.172510 | val_profile=0.000000 | val_anchors=604396 | val_positive_pairs=0 | val_hard_negatives=0 | val_relation_candidates=7268824 | val_teacher_keff=3.787 | val_student_keff=7.921 | val_adapter_valid=0.966 | val_adapter_gate=0.158 | val_adapter_spatial_gate=0.139 | val_adapter_ratio=0.717917 | val_adapter_modulation=0.747823 | val_adapter_modulation_std=0.555171 | val_adapter_group_gate_std=0.185529 | val_adapter_low_rank=4.972464 | val_adapter_direct=1.222330 | val_masked_positions=42181477 | skipped(train/val)=0/0
[2026-08-15 03:03:43] INFO Epoch 018/050 started | train_batches=1418 | val_batches=188
[2026-08-15 03:03:43] INFO Epoch 018 | train batch=1/1418 | elapsed=0.0 min | eta=9.8 min
[2026-08-15 03:03:48] INFO Epoch 018 | train batch=10/1418 | elapsed=0.1 min | eta=10.8 min
[2026-08-15 03:03:52] INFO Epoch 018 | train batch=20/1418 | elapsed=0.2 min | eta=11.0 min
[2026-08-15 03:03:57] INFO Epoch 018 | train batch=30/1418 | elapsed=0.2 min | eta=10.9 min
[2026-08-15 03:04:02] INFO Epoch 018 | train batch=40/1418 | elapsed=0.3 min | eta=10.8 min
[2026-08-15 03:04:06] INFO Epoch 018 | train batch=50/1418 | elapsed=0.4 min | eta=10.6 min
[2026-08-15 03:04:11] INFO Epoch 018 | train batch=60/1418 | elapsed=0.5 min | eta=10.5 min
[2026-08-15 03:04:15] INFO Epoch 018 | train batch=70/1418 | elapsed=0.5 min | eta=10.4 min
[2026-08-15 03:04:20] INFO Epoch 018 | train batch=80/1418 | elapsed=0.6 min | eta=10.4 min
[2026-08-15 03:04:25] INFO Epoch 018 | train batch=90/1418 | elapsed=0.7 min | eta=10.3 min
[2026-08-15 03:04:30] INFO Epoch 018 | train batch=100/1418 | elapsed=0.8 min | eta=10.2 min
[2026-08-15 03:04:34] INFO Epoch 018 | train batch=110/1418 | elapsed=0.9 min | eta=10.2 min
[2026-08-15 03:04:39] INFO Epoch 018 | train batch=120/1418 | elapsed=0.9 min | eta=10.1 min
[2026-08-15 03:04:44] INFO Epoch 018 | train batch=130/1418 | elapsed=1.0 min | eta=10.0 min
[2026-08-15 03:04:48] INFO Epoch 018 | train batch=140/1418 | elapsed=1.1 min | eta=9.9 min
[2026-08-15 03:04:53] INFO Epoch 018 | train batch=150/1418 | elapsed=1.2 min | eta=9.9 min
[2026-08-15 03:04:58] INFO Epoch 018 | train batch=160/1418 | elapsed=1.2 min | eta=9.8 min
[2026-08-15 03:05:02] INFO Epoch 018 | train batch=170/1418 | elapsed=1.3 min | eta=9.7 min
[2026-08-15 03:05:07] INFO Epoch 018 | train batch=180/1418 | elapsed=1.4 min | eta=9.6 min
[2026-08-15 03:05:12] INFO Epoch 018 | train batch=190/1418 | elapsed=1.5 min | eta=9.6 min
[2026-08-15 03:05:16] INFO Epoch 018 | train batch=200/1418 | elapsed=1.6 min | eta=9.5 min
[2026-08-15 03:05:21] INFO Epoch 018 | train batch=210/1418 | elapsed=1.6 min | eta=9.4 min
[2026-08-15 03:05:26] INFO Epoch 018 | train batch=220/1418 | elapsed=1.7 min | eta=9.4 min
[2026-08-15 03:05:31] INFO Epoch 018 | train batch=230/1418 | elapsed=1.8 min | eta=9.3 min
[2026-08-15 03:05:35] INFO Epoch 018 | train batch=240/1418 | elapsed=1.9 min | eta=9.2 min
[2026-08-15 03:05:40] INFO Epoch 018 | train batch=250/1418 | elapsed=1.9 min | eta=9.1 min
[2026-08-15 03:05:44] INFO Epoch 018 | train batch=260/1418 | elapsed=2.0 min | eta=9.0 min
[2026-08-15 03:05:49] INFO Epoch 018 | train batch=270/1418 | elapsed=2.1 min | eta=8.9 min
[2026-08-15 03:05:54] INFO Epoch 018 | train batch=280/1418 | elapsed=2.2 min | eta=8.9 min
[2026-08-15 03:05:59] INFO Epoch 018 | train batch=290/1418 | elapsed=2.3 min | eta=8.8 min
[2026-08-15 03:06:03] INFO Epoch 018 | train batch=300/1418 | elapsed=2.3 min | eta=8.7 min
[2026-08-15 03:06:08] INFO Epoch 018 | train batch=310/1418 | elapsed=2.4 min | eta=8.6 min
[2026-08-15 03:06:13] INFO Epoch 018 | train batch=320/1418 | elapsed=2.5 min | eta=8.6 min
[2026-08-15 03:06:17] INFO Epoch 018 | train batch=330/1418 | elapsed=2.6 min | eta=8.5 min
[2026-08-15 03:06:22] INFO Epoch 018 | train batch=340/1418 | elapsed=2.7 min | eta=8.4 min
[2026-08-15 03:06:27] INFO Epoch 018 | train batch=350/1418 | elapsed=2.7 min | eta=8.3 min
[2026-08-15 03:06:32] INFO Epoch 018 | train batch=360/1418 | elapsed=2.8 min | eta=8.3 min
[2026-08-15 03:06:36] INFO Epoch 018 | train batch=370/1418 | elapsed=2.9 min | eta=8.2 min
[2026-08-15 03:06:41] INFO Epoch 018 | train batch=380/1418 | elapsed=3.0 min | eta=8.1 min
[2026-08-15 03:06:46] INFO Epoch 018 | train batch=390/1418 | elapsed=3.0 min | eta=8.0 min
[2026-08-15 03:06:51] INFO Epoch 018 | train batch=400/1418 | elapsed=3.1 min | eta=8.0 min
[2026-08-15 03:06:55] INFO Epoch 018 | train batch=410/1418 | elapsed=3.2 min | eta=7.9 min
[2026-08-15 03:07:00] INFO Epoch 018 | train batch=420/1418 | elapsed=3.3 min | eta=7.8 min
[2026-08-15 03:07:05] INFO Epoch 018 | train batch=430/1418 | elapsed=3.4 min | eta=7.7 min
[2026-08-15 03:07:10] INFO Epoch 018 | train batch=440/1418 | elapsed=3.4 min | eta=7.7 min
[2026-08-15 03:07:14] INFO Epoch 018 | train batch=450/1418 | elapsed=3.5 min | eta=7.6 min
[2026-08-15 03:07:19] INFO Epoch 018 | train batch=460/1418 | elapsed=3.6 min | eta=7.5 min
[2026-08-15 03:07:24] INFO Epoch 018 | train batch=470/1418 | elapsed=3.7 min | eta=7.4 min
[2026-08-15 03:07:29] INFO Epoch 018 | train batch=480/1418 | elapsed=3.8 min | eta=7.3 min
[2026-08-15 03:07:33] INFO Epoch 018 | train batch=490/1418 | elapsed=3.8 min | eta=7.3 min
[2026-08-15 03:07:38] INFO Epoch 018 | train batch=500/1418 | elapsed=3.9 min | eta=7.2 min
[2026-08-15 03:07:43] INFO Epoch 018 | train batch=510/1418 | elapsed=4.0 min | eta=7.1 min
[2026-08-15 03:07:48] INFO Epoch 018 | train batch=520/1418 | elapsed=4.1 min | eta=7.0 min
[2026-08-15 03:07:52] INFO Epoch 018 | train batch=530/1418 | elapsed=4.2 min | eta=7.0 min
[2026-08-15 03:07:57] INFO Epoch 018 | train batch=540/1418 | elapsed=4.2 min | eta=6.9 min
[2026-08-15 03:08:02] INFO Epoch 018 | train batch=550/1418 | elapsed=4.3 min | eta=6.8 min
[2026-08-15 03:08:06] INFO Epoch 018 | train batch=560/1418 | elapsed=4.4 min | eta=6.7 min
[2026-08-15 03:08:11] INFO Epoch 018 | train batch=570/1418 | elapsed=4.5 min | eta=6.6 min
[2026-08-15 03:08:16] INFO Epoch 018 | train batch=580/1418 | elapsed=4.5 min | eta=6.6 min
[2026-08-15 03:08:20] INFO Epoch 018 | train batch=590/1418 | elapsed=4.6 min | eta=6.5 min
[2026-08-15 03:08:25] INFO Epoch 018 | train batch=600/1418 | elapsed=4.7 min | eta=6.4 min
[2026-08-15 03:08:30] INFO Epoch 018 | train batch=610/1418 | elapsed=4.8 min | eta=6.3 min
[2026-08-15 03:08:34] INFO Epoch 018 | train batch=620/1418 | elapsed=4.9 min | eta=6.2 min
[2026-08-15 03:08:39] INFO Epoch 018 | train batch=630/1418 | elapsed=4.9 min | eta=6.2 min
[2026-08-15 03:08:44] INFO Epoch 018 | train batch=640/1418 | elapsed=5.0 min | eta=6.1 min
[2026-08-15 03:08:49] INFO Epoch 018 | train batch=650/1418 | elapsed=5.1 min | eta=6.0 min
[2026-08-15 03:08:53] INFO Epoch 018 | train batch=660/1418 | elapsed=5.2 min | eta=5.9 min
[2026-08-15 03:08:58] INFO Epoch 018 | train batch=670/1418 | elapsed=5.3 min | eta=5.9 min
[2026-08-15 03:09:03] INFO Epoch 018 | train batch=680/1418 | elapsed=5.3 min | eta=5.8 min
[2026-08-15 03:09:07] INFO Epoch 018 | train batch=690/1418 | elapsed=5.4 min | eta=5.7 min
[2026-08-15 03:09:12] INFO Epoch 018 | train batch=700/1418 | elapsed=5.5 min | eta=5.6 min
[2026-08-15 03:09:16] INFO Epoch 018 | train batch=710/1418 | elapsed=5.6 min | eta=5.5 min
[2026-08-15 03:09:21] INFO Epoch 018 | train batch=720/1418 | elapsed=5.6 min | eta=5.5 min
[2026-08-15 03:09:26] INFO Epoch 018 | train batch=730/1418 | elapsed=5.7 min | eta=5.4 min
[2026-08-15 03:09:30] INFO Epoch 018 | train batch=740/1418 | elapsed=5.8 min | eta=5.3 min
[2026-08-15 03:09:35] INFO Epoch 018 | train batch=750/1418 | elapsed=5.9 min | eta=5.2 min
[2026-08-15 03:09:40] INFO Epoch 018 | train batch=760/1418 | elapsed=5.9 min | eta=5.1 min
[2026-08-15 03:09:45] INFO Epoch 018 | train batch=770/1418 | elapsed=6.0 min | eta=5.1 min
[2026-08-15 03:09:49] INFO Epoch 018 | train batch=780/1418 | elapsed=6.1 min | eta=5.0 min
[2026-08-15 03:09:54] INFO Epoch 018 | train batch=790/1418 | elapsed=6.2 min | eta=4.9 min
[2026-08-15 03:09:58] INFO Epoch 018 | train batch=800/1418 | elapsed=6.3 min | eta=4.8 min
[2026-08-15 03:10:03] INFO Epoch 018 | train batch=810/1418 | elapsed=6.3 min | eta=4.8 min
[2026-08-15 03:10:08] INFO Epoch 018 | train batch=820/1418 | elapsed=6.4 min | eta=4.7 min
[2026-08-15 03:10:13] INFO Epoch 018 | train batch=830/1418 | elapsed=6.5 min | eta=4.6 min
[2026-08-15 03:10:18] INFO Epoch 018 | train batch=840/1418 | elapsed=6.6 min | eta=4.5 min
[2026-08-15 03:10:22] INFO Epoch 018 | train batch=850/1418 | elapsed=6.7 min | eta=4.4 min
[2026-08-15 03:10:27] INFO Epoch 018 | train batch=860/1418 | elapsed=6.7 min | eta=4.4 min
[2026-08-15 03:10:31] INFO Epoch 018 | train batch=870/1418 | elapsed=6.8 min | eta=4.3 min
[2026-08-15 03:10:36] INFO Epoch 018 | train batch=880/1418 | elapsed=6.9 min | eta=4.2 min
[2026-08-15 03:10:41] INFO Epoch 018 | train batch=890/1418 | elapsed=7.0 min | eta=4.1 min
[2026-08-15 03:10:46] INFO Epoch 018 | train batch=900/1418 | elapsed=7.0 min | eta=4.1 min
[2026-08-15 03:10:50] INFO Epoch 018 | train batch=910/1418 | elapsed=7.1 min | eta=4.0 min
[2026-08-15 03:10:55] INFO Epoch 018 | train batch=920/1418 | elapsed=7.2 min | eta=3.9 min
[2026-08-15 03:11:00] INFO Epoch 018 | train batch=930/1418 | elapsed=7.3 min | eta=3.8 min
[2026-08-15 03:11:05] INFO Epoch 018 | train batch=940/1418 | elapsed=7.4 min | eta=3.7 min
[2026-08-15 03:11:09] INFO Epoch 018 | train batch=950/1418 | elapsed=7.4 min | eta=3.7 min
[2026-08-15 03:11:14] INFO Epoch 018 | train batch=960/1418 | elapsed=7.5 min | eta=3.6 min
[2026-08-15 03:11:19] INFO Epoch 018 | train batch=970/1418 | elapsed=7.6 min | eta=3.5 min
[2026-08-15 03:11:24] INFO Epoch 018 | train batch=980/1418 | elapsed=7.7 min | eta=3.4 min
[2026-08-15 03:11:28] INFO Epoch 018 | train batch=990/1418 | elapsed=7.8 min | eta=3.4 min
[2026-08-15 03:11:33] INFO Epoch 018 | train batch=1000/1418 | elapsed=7.8 min | eta=3.3 min
[2026-08-15 03:11:38] INFO Epoch 018 | train batch=1010/1418 | elapsed=7.9 min | eta=3.2 min
[2026-08-15 03:11:42] INFO Epoch 018 | train batch=1020/1418 | elapsed=8.0 min | eta=3.1 min
[2026-08-15 03:11:47] INFO Epoch 018 | train batch=1030/1418 | elapsed=8.1 min | eta=3.0 min
[2026-08-15 03:11:52] INFO Epoch 018 | train batch=1040/1418 | elapsed=8.1 min | eta=3.0 min
[2026-08-15 03:11:57] INFO Epoch 018 | train batch=1050/1418 | elapsed=8.2 min | eta=2.9 min
[2026-08-15 03:12:01] INFO Epoch 018 | train batch=1060/1418 | elapsed=8.3 min | eta=2.8 min
[2026-08-15 03:12:06] INFO Epoch 018 | train batch=1070/1418 | elapsed=8.4 min | eta=2.7 min
[2026-08-15 03:12:11] INFO Epoch 018 | train batch=1080/1418 | elapsed=8.5 min | eta=2.6 min
[2026-08-15 03:12:16] INFO Epoch 018 | train batch=1090/1418 | elapsed=8.5 min | eta=2.6 min
[2026-08-15 03:12:20] INFO Epoch 018 | train batch=1100/1418 | elapsed=8.6 min | eta=2.5 min
[2026-08-15 03:12:25] INFO Epoch 018 | train batch=1110/1418 | elapsed=8.7 min | eta=2.4 min
[2026-08-15 03:12:30] INFO Epoch 018 | train batch=1120/1418 | elapsed=8.8 min | eta=2.3 min
[2026-08-15 03:12:35] INFO Epoch 018 | train batch=1130/1418 | elapsed=8.9 min | eta=2.3 min
[2026-08-15 03:12:39] INFO Epoch 018 | train batch=1140/1418 | elapsed=8.9 min | eta=2.2 min
[2026-08-15 03:12:44] INFO Epoch 018 | train batch=1150/1418 | elapsed=9.0 min | eta=2.1 min
[2026-08-15 03:12:48] INFO Epoch 018 | train batch=1160/1418 | elapsed=9.1 min | eta=2.0 min
[2026-08-15 03:12:53] INFO Epoch 018 | train batch=1170/1418 | elapsed=9.2 min | eta=1.9 min
[2026-08-15 03:12:58] INFO Epoch 018 | train batch=1180/1418 | elapsed=9.3 min | eta=1.9 min
[2026-08-15 03:13:03] INFO Epoch 018 | train batch=1190/1418 | elapsed=9.3 min | eta=1.8 min
[2026-08-15 03:13:07] INFO Epoch 018 | train batch=1200/1418 | elapsed=9.4 min | eta=1.7 min
[2026-08-15 03:13:12] INFO Epoch 018 | train batch=1210/1418 | elapsed=9.5 min | eta=1.6 min
[2026-08-15 03:13:17] INFO Epoch 018 | train batch=1220/1418 | elapsed=9.6 min | eta=1.6 min
[2026-08-15 03:13:21] INFO Epoch 018 | train batch=1230/1418 | elapsed=9.6 min | eta=1.5 min
[2026-08-15 03:13:26] INFO Epoch 018 | train batch=1240/1418 | elapsed=9.7 min | eta=1.4 min
[2026-08-15 03:13:31] INFO Epoch 018 | train batch=1250/1418 | elapsed=9.8 min | eta=1.3 min
[2026-08-15 03:13:36] INFO Epoch 018 | train batch=1260/1418 | elapsed=9.9 min | eta=1.2 min
[2026-08-15 03:13:40] INFO Epoch 018 | train batch=1270/1418 | elapsed=10.0 min | eta=1.2 min
[2026-08-15 03:13:45] INFO Epoch 018 | train batch=1280/1418 | elapsed=10.0 min | eta=1.1 min
[2026-08-15 03:13:49] INFO Epoch 018 | train batch=1290/1418 | elapsed=10.1 min | eta=1.0 min
[2026-08-15 03:13:54] INFO Epoch 018 | train batch=1300/1418 | elapsed=10.2 min | eta=0.9 min
[2026-08-15 03:13:59] INFO Epoch 018 | train batch=1310/1418 | elapsed=10.3 min | eta=0.8 min
[2026-08-15 03:14:04] INFO Epoch 018 | train batch=1320/1418 | elapsed=10.3 min | eta=0.8 min
[2026-08-15 03:14:08] INFO Epoch 018 | train batch=1330/1418 | elapsed=10.4 min | eta=0.7 min
[2026-08-15 03:14:13] INFO Epoch 018 | train batch=1340/1418 | elapsed=10.5 min | eta=0.6 min
[2026-08-15 03:14:17] INFO Epoch 018 | train batch=1350/1418 | elapsed=10.6 min | eta=0.5 min
[2026-08-15 03:14:22] INFO Epoch 018 | train batch=1360/1418 | elapsed=10.6 min | eta=0.5 min
[2026-08-15 03:14:26] INFO Epoch 018 | train batch=1370/1418 | elapsed=10.7 min | eta=0.4 min
[2026-08-15 03:14:31] INFO Epoch 018 | train batch=1380/1418 | elapsed=10.8 min | eta=0.3 min
[2026-08-15 03:14:35] INFO Epoch 018 | train batch=1390/1418 | elapsed=10.9 min | eta=0.2 min
[2026-08-15 03:14:40] INFO Epoch 018 | train batch=1400/1418 | elapsed=11.0 min | eta=0.1 min
[2026-08-15 03:14:45] INFO Epoch 018 | train batch=1410/1418 | elapsed=11.0 min | eta=0.1 min
[2026-08-15 03:14:48] INFO Epoch 018 | train batch=1418/1418 | elapsed=11.1 min | eta=0.0 min
[2026-08-15 03:14:48] INFO Epoch 018 | val batch=1/188 | elapsed=0.0 min | eta=0.5 min
[2026-08-15 03:14:50] INFO Epoch 018 | val batch=10/188 | elapsed=0.0 min | eta=0.6 min
[2026-08-15 03:14:52] INFO Epoch 018 | val batch=20/188 | elapsed=0.1 min | eta=0.6 min
[2026-08-15 03:14:54] INFO Epoch 018 | val batch=30/188 | elapsed=0.1 min | eta=0.5 min
[2026-08-15 03:14:56] INFO Epoch 018 | val batch=40/188 | elapsed=0.1 min | eta=0.5 min
[2026-08-15 03:14:59] INFO Epoch 018 | val batch=50/188 | elapsed=0.2 min | eta=0.5 min
[2026-08-15 03:15:01] INFO Epoch 018 | val batch=60/188 | elapsed=0.2 min | eta=0.4 min
[2026-08-15 03:15:03] INFO Epoch 018 | val batch=70/188 | elapsed=0.2 min | eta=0.4 min
[2026-08-15 03:15:05] INFO Epoch 018 | val batch=80/188 | elapsed=0.3 min | eta=0.4 min
[2026-08-15 03:15:07] INFO Epoch 018 | val batch=90/188 | elapsed=0.3 min | eta=0.3 min
[2026-08-15 03:15:09] INFO Epoch 018 | val batch=100/188 | elapsed=0.3 min | eta=0.3 min
[2026-08-15 03:15:11] INFO Epoch 018 | val batch=110/188 | elapsed=0.4 min | eta=0.3 min
[2026-08-15 03:15:13] INFO Epoch 018 | val batch=120/188 | elapsed=0.4 min | eta=0.2 min
[2026-08-15 03:15:15] INFO Epoch 018 | val batch=130/188 | elapsed=0.5 min | eta=0.2 min
[2026-08-15 03:15:17] INFO Epoch 018 | val batch=140/188 | elapsed=0.5 min | eta=0.2 min
[2026-08-15 03:15:19] INFO Epoch 018 | val batch=150/188 | elapsed=0.5 min | eta=0.1 min
[2026-08-15 03:15:21] INFO Epoch 018 | val batch=160/188 | elapsed=0.6 min | eta=0.1 min
[2026-08-15 03:15:24] INFO Epoch 018 | val batch=170/188 | elapsed=0.6 min | eta=0.1 min
[2026-08-15 03:15:26] INFO Epoch 018 | val batch=180/188 | elapsed=0.6 min | eta=0.0 min
[2026-08-15 03:15:27] INFO Epoch 018 | val batch=188/188 | elapsed=0.6 min | eta=0.0 min
[2026-08-15 03:15:27] INFO Epoch 018 | train_total=0.453381 | val_total=0.445841 | val_mask=0.229235 | val_retrieval=2.166058 | val_profile=0.000000 | val_anchors=604396 | val_positive_pairs=0 | val_hard_negatives=0 | val_relation_candidates=7268824 | val_teacher_keff=3.787 | val_student_keff=8.138 | val_adapter_valid=0.966 | val_adapter_gate=0.154 | val_adapter_spatial_gate=0.134 | val_adapter_ratio=0.657244 | val_adapter_modulation=0.746335 | val_adapter_modulation_std=0.555689 | val_adapter_group_gate_std=0.178616 | val_adapter_low_rank=4.919825 | val_adapter_direct=1.293155 | val_masked_positions=42203423 | skipped(train/val)=0/0
[2026-08-15 03:15:27] INFO Relation checkpoint updated | epoch=18 | best_val_relation=2.166058 | path=C:\Users\clw\projects\researchRep\STAnchor-BlockMemory\artifacts\metrla_e5_final_latent48_cc_fgda_global288_seed42\pretrain_best_relation.pt
[2026-08-15 03:15:27] INFO Epoch 019/050 started | train_batches=1418 | val_batches=188
[2026-08-15 03:15:27] INFO Epoch 019 | train batch=1/1418 | elapsed=0.0 min | eta=9.9 min
[2026-08-15 03:15:31] INFO Epoch 019 | train batch=10/1418 | elapsed=0.1 min | eta=10.3 min
[2026-08-15 03:15:36] INFO Epoch 019 | train batch=20/1418 | elapsed=0.2 min | eta=10.6 min
[2026-08-15 03:15:41] INFO Epoch 019 | train batch=30/1418 | elapsed=0.2 min | eta=10.8 min
[2026-08-15 03:15:45] INFO Epoch 019 | train batch=40/1418 | elapsed=0.3 min | eta=10.6 min
[2026-08-15 03:15:50] INFO Epoch 019 | train batch=50/1418 | elapsed=0.4 min | eta=10.6 min
[2026-08-15 03:15:55] INFO Epoch 019 | train batch=60/1418 | elapsed=0.5 min | eta=10.4 min
[2026-08-15 03:15:59] INFO Epoch 019 | train batch=70/1418 | elapsed=0.5 min | eta=10.4 min
[2026-08-15 03:16:04] INFO Epoch 019 | train batch=80/1418 | elapsed=0.6 min | eta=10.4 min
[2026-08-15 03:16:09] INFO Epoch 019 | train batch=90/1418 | elapsed=0.7 min | eta=10.4 min
[2026-08-15 03:16:14] INFO Epoch 019 | train batch=100/1418 | elapsed=0.8 min | eta=10.3 min
[2026-08-15 03:16:19] INFO Epoch 019 | train batch=110/1418 | elapsed=0.9 min | eta=10.2 min
[2026-08-15 03:16:23] INFO Epoch 019 | train batch=120/1418 | elapsed=0.9 min | eta=10.2 min
[2026-08-15 03:16:28] INFO Epoch 019 | train batch=130/1418 | elapsed=1.0 min | eta=10.1 min
[2026-08-15 03:16:33] INFO Epoch 019 | train batch=140/1418 | elapsed=1.1 min | eta=10.0 min
[2026-08-15 03:16:37] INFO Epoch 019 | train batch=150/1418 | elapsed=1.2 min | eta=9.9 min
[2026-08-15 03:16:42] INFO Epoch 019 | train batch=160/1418 | elapsed=1.2 min | eta=9.8 min
[2026-08-15 03:16:47] INFO Epoch 019 | train batch=170/1418 | elapsed=1.3 min | eta=9.8 min
[2026-08-15 03:16:51] INFO Epoch 019 | train batch=180/1418 | elapsed=1.4 min | eta=9.6 min
[2026-08-15 03:16:56] INFO Epoch 019 | train batch=190/1418 | elapsed=1.5 min | eta=9.6 min
[2026-08-15 03:17:01] INFO Epoch 019 | train batch=200/1418 | elapsed=1.6 min | eta=9.5 min
[2026-08-15 03:17:05] INFO Epoch 019 | train batch=210/1418 | elapsed=1.6 min | eta=9.4 min
[2026-08-15 03:17:10] INFO Epoch 019 | train batch=220/1418 | elapsed=1.7 min | eta=9.3 min
[2026-08-15 03:17:14] INFO Epoch 019 | train batch=230/1418 | elapsed=1.8 min | eta=9.2 min
[2026-08-15 03:17:19] INFO Epoch 019 | train batch=240/1418 | elapsed=1.9 min | eta=9.2 min
[2026-08-15 03:17:24] INFO Epoch 019 | train batch=250/1418 | elapsed=1.9 min | eta=9.1 min
[2026-08-15 03:17:29] INFO Epoch 019 | train batch=260/1418 | elapsed=2.0 min | eta=9.0 min
[2026-08-15 03:17:33] INFO Epoch 019 | train batch=270/1418 | elapsed=2.1 min | eta=8.9 min
[2026-08-15 03:17:38] INFO Epoch 019 | train batch=280/1418 | elapsed=2.2 min | eta=8.9 min
[2026-08-15 03:17:43] INFO Epoch 019 | train batch=290/1418 | elapsed=2.3 min | eta=8.8 min
[2026-08-15 03:17:47] INFO Epoch 019 | train batch=300/1418 | elapsed=2.3 min | eta=8.7 min
[2026-08-15 03:17:52] INFO Epoch 019 | train batch=310/1418 | elapsed=2.4 min | eta=8.6 min
[2026-08-15 03:17:57] INFO Epoch 019 | train batch=320/1418 | elapsed=2.5 min | eta=8.5 min
[2026-08-15 03:18:01] INFO Epoch 019 | train batch=330/1418 | elapsed=2.6 min | eta=8.5 min
[2026-08-15 03:18:06] INFO Epoch 019 | train batch=340/1418 | elapsed=2.7 min | eta=8.4 min
[2026-08-15 03:18:11] INFO Epoch 019 | train batch=350/1418 | elapsed=2.7 min | eta=8.3 min
[2026-08-15 03:18:15] INFO Epoch 019 | train batch=360/1418 | elapsed=2.8 min | eta=8.2 min
[2026-08-15 03:18:20] INFO Epoch 019 | train batch=370/1418 | elapsed=2.9 min | eta=8.2 min
[2026-08-15 03:18:25] INFO Epoch 019 | train batch=380/1418 | elapsed=3.0 min | eta=8.1 min
[2026-08-15 03:18:30] INFO Epoch 019 | train batch=390/1418 | elapsed=3.0 min | eta=8.0 min
[2026-08-15 03:18:35] INFO Epoch 019 | train batch=400/1418 | elapsed=3.1 min | eta=8.0 min
[2026-08-15 03:18:39] INFO Epoch 019 | train batch=410/1418 | elapsed=3.2 min | eta=7.9 min
[2026-08-15 03:18:44] INFO Epoch 019 | train batch=420/1418 | elapsed=3.3 min | eta=7.8 min
[2026-08-15 03:18:49] INFO Epoch 019 | train batch=430/1418 | elapsed=3.4 min | eta=7.7 min
[2026-08-15 03:18:54] INFO Epoch 019 | train batch=440/1418 | elapsed=3.4 min | eta=7.7 min
[2026-08-15 03:18:58] INFO Epoch 019 | train batch=450/1418 | elapsed=3.5 min | eta=7.6 min
[2026-08-15 03:19:03] INFO Epoch 019 | train batch=460/1418 | elapsed=3.6 min | eta=7.5 min
[2026-08-15 03:19:08] INFO Epoch 019 | train batch=470/1418 | elapsed=3.7 min | eta=7.4 min
[2026-08-15 03:19:13] INFO Epoch 019 | train batch=480/1418 | elapsed=3.8 min | eta=7.4 min
[2026-08-15 03:19:17] INFO Epoch 019 | train batch=490/1418 | elapsed=3.8 min | eta=7.3 min
[2026-08-15 03:19:22] INFO Epoch 019 | train batch=500/1418 | elapsed=3.9 min | eta=7.2 min
[2026-08-15 03:19:27] INFO Epoch 019 | train batch=510/1418 | elapsed=4.0 min | eta=7.1 min
[2026-08-15 03:19:32] INFO Epoch 019 | train batch=520/1418 | elapsed=4.1 min | eta=7.0 min
[2026-08-15 03:19:36] INFO Epoch 019 | train batch=530/1418 | elapsed=4.2 min | eta=7.0 min
[2026-08-15 03:19:41] INFO Epoch 019 | train batch=540/1418 | elapsed=4.2 min | eta=6.9 min
[2026-08-15 03:19:46] INFO Epoch 019 | train batch=550/1418 | elapsed=4.3 min | eta=6.8 min
[2026-08-15 03:19:51] INFO Epoch 019 | train batch=560/1418 | elapsed=4.4 min | eta=6.7 min
[2026-08-15 03:19:55] INFO Epoch 019 | train batch=570/1418 | elapsed=4.5 min | eta=6.6 min
[2026-08-15 03:20:00] INFO Epoch 019 | train batch=580/1418 | elapsed=4.5 min | eta=6.6 min
[2026-08-15 03:20:04] INFO Epoch 019 | train batch=590/1418 | elapsed=4.6 min | eta=6.5 min
[2026-08-15 03:20:09] INFO Epoch 019 | train batch=600/1418 | elapsed=4.7 min | eta=6.4 min
[2026-08-15 03:20:14] INFO Epoch 019 | train batch=610/1418 | elapsed=4.8 min | eta=6.3 min
[2026-08-15 03:20:18] INFO Epoch 019 | train batch=620/1418 | elapsed=4.9 min | eta=6.2 min
[2026-08-15 03:20:23] INFO Epoch 019 | train batch=630/1418 | elapsed=4.9 min | eta=6.2 min
[2026-08-15 03:20:28] INFO Epoch 019 | train batch=640/1418 | elapsed=5.0 min | eta=6.1 min
[2026-08-15 03:20:32] INFO Epoch 019 | train batch=650/1418 | elapsed=5.1 min | eta=6.0 min
[2026-08-15 03:20:37] INFO Epoch 019 | train batch=660/1418 | elapsed=5.2 min | eta=5.9 min
[2026-08-15 03:20:42] INFO Epoch 019 | train batch=670/1418 | elapsed=5.3 min | eta=5.9 min
[2026-08-15 03:20:47] INFO Epoch 019 | train batch=680/1418 | elapsed=5.3 min | eta=5.8 min
[2026-08-15 03:20:52] INFO Epoch 019 | train batch=690/1418 | elapsed=5.4 min | eta=5.7 min
[2026-08-15 03:20:56] INFO Epoch 019 | train batch=700/1418 | elapsed=5.5 min | eta=5.6 min
[2026-08-15 03:21:01] INFO Epoch 019 | train batch=710/1418 | elapsed=5.6 min | eta=5.5 min
[2026-08-15 03:21:06] INFO Epoch 019 | train batch=720/1418 | elapsed=5.6 min | eta=5.5 min
[2026-08-15 03:21:11] INFO Epoch 019 | train batch=730/1418 | elapsed=5.7 min | eta=5.4 min
[2026-08-15 03:21:15] INFO Epoch 019 | train batch=740/1418 | elapsed=5.8 min | eta=5.3 min
[2026-08-15 03:21:20] INFO Epoch 019 | train batch=750/1418 | elapsed=5.9 min | eta=5.2 min
[2026-08-15 03:21:25] INFO Epoch 019 | train batch=760/1418 | elapsed=6.0 min | eta=5.2 min
[2026-08-15 03:21:30] INFO Epoch 019 | train batch=770/1418 | elapsed=6.0 min | eta=5.1 min
[2026-08-15 03:21:35] INFO Epoch 019 | train batch=780/1418 | elapsed=6.1 min | eta=5.0 min
[2026-08-15 03:21:40] INFO Epoch 019 | train batch=790/1418 | elapsed=6.2 min | eta=4.9 min
[2026-08-15 03:21:44] INFO Epoch 019 | train batch=800/1418 | elapsed=6.3 min | eta=4.9 min
[2026-08-15 03:21:49] INFO Epoch 019 | train batch=810/1418 | elapsed=6.4 min | eta=4.8 min
[2026-08-15 03:21:54] INFO Epoch 019 | train batch=820/1418 | elapsed=6.4 min | eta=4.7 min
[2026-08-15 03:21:58] INFO Epoch 019 | train batch=830/1418 | elapsed=6.5 min | eta=4.6 min
[2026-08-15 03:22:03] INFO Epoch 019 | train batch=840/1418 | elapsed=6.6 min | eta=4.5 min
[2026-08-15 03:22:08] INFO Epoch 019 | train batch=850/1418 | elapsed=6.7 min | eta=4.5 min
[2026-08-15 03:22:12] INFO Epoch 019 | train batch=860/1418 | elapsed=6.7 min | eta=4.4 min
[2026-08-15 03:22:17] INFO Epoch 019 | train batch=870/1418 | elapsed=6.8 min | eta=4.3 min
[2026-08-15 03:22:21] INFO Epoch 019 | train batch=880/1418 | elapsed=6.9 min | eta=4.2 min
[2026-08-15 03:22:26] INFO Epoch 019 | train batch=890/1418 | elapsed=7.0 min | eta=4.1 min
[2026-08-15 03:22:31] INFO Epoch 019 | train batch=900/1418 | elapsed=7.1 min | eta=4.1 min
[2026-08-15 03:22:36] INFO Epoch 019 | train batch=910/1418 | elapsed=7.1 min | eta=4.0 min
[2026-08-15 03:22:40] INFO Epoch 019 | train batch=920/1418 | elapsed=7.2 min | eta=3.9 min
[2026-08-15 03:22:45] INFO Epoch 019 | train batch=930/1418 | elapsed=7.3 min | eta=3.8 min
[2026-08-15 03:22:50] INFO Epoch 019 | train batch=940/1418 | elapsed=7.4 min | eta=3.8 min
[2026-08-15 03:22:55] INFO Epoch 019 | train batch=950/1418 | elapsed=7.5 min | eta=3.7 min
[2026-08-15 03:22:59] INFO Epoch 019 | train batch=960/1418 | elapsed=7.5 min | eta=3.6 min
[2026-08-15 03:23:04] INFO Epoch 019 | train batch=970/1418 | elapsed=7.6 min | eta=3.5 min
[2026-08-15 03:23:09] INFO Epoch 019 | train batch=980/1418 | elapsed=7.7 min | eta=3.4 min
[2026-08-15 03:23:14] INFO Epoch 019 | train batch=990/1418 | elapsed=7.8 min | eta=3.4 min
[2026-08-15 03:23:18] INFO Epoch 019 | train batch=1000/1418 | elapsed=7.9 min | eta=3.3 min
[2026-08-15 03:23:23] INFO Epoch 019 | train batch=1010/1418 | elapsed=7.9 min | eta=3.2 min
[2026-08-15 03:23:28] INFO Epoch 019 | train batch=1020/1418 | elapsed=8.0 min | eta=3.1 min
[2026-08-15 03:23:32] INFO Epoch 019 | train batch=1030/1418 | elapsed=8.1 min | eta=3.0 min
[2026-08-15 03:23:37] INFO Epoch 019 | train batch=1040/1418 | elapsed=8.2 min | eta=3.0 min
[2026-08-15 03:23:42] INFO Epoch 019 | train batch=1050/1418 | elapsed=8.2 min | eta=2.9 min
[2026-08-15 03:23:47] INFO Epoch 019 | train batch=1060/1418 | elapsed=8.3 min | eta=2.8 min
[2026-08-15 03:23:51] INFO Epoch 019 | train batch=1070/1418 | elapsed=8.4 min | eta=2.7 min
[2026-08-15 03:23:56] INFO Epoch 019 | train batch=1080/1418 | elapsed=8.5 min | eta=2.7 min
[2026-08-15 03:24:00] INFO Epoch 019 | train batch=1090/1418 | elapsed=8.6 min | eta=2.6 min
[2026-08-15 03:24:05] INFO Epoch 019 | train batch=1100/1418 | elapsed=8.6 min | eta=2.5 min
[2026-08-15 03:24:10] INFO Epoch 019 | train batch=1110/1418 | elapsed=8.7 min | eta=2.4 min
[2026-08-15 03:24:14] INFO Epoch 019 | train batch=1120/1418 | elapsed=8.8 min | eta=2.3 min
[2026-08-15 03:24:19] INFO Epoch 019 | train batch=1130/1418 | elapsed=8.9 min | eta=2.3 min
[2026-08-15 03:24:24] INFO Epoch 019 | train batch=1140/1418 | elapsed=9.0 min | eta=2.2 min
[2026-08-15 03:24:29] INFO Epoch 019 | train batch=1150/1418 | elapsed=9.0 min | eta=2.1 min
[2026-08-15 03:24:33] INFO Epoch 019 | train batch=1160/1418 | elapsed=9.1 min | eta=2.0 min
[2026-08-15 03:24:38] INFO Epoch 019 | train batch=1170/1418 | elapsed=9.2 min | eta=1.9 min
[2026-08-15 03:24:43] INFO Epoch 019 | train batch=1180/1418 | elapsed=9.3 min | eta=1.9 min
[2026-08-15 03:24:47] INFO Epoch 019 | train batch=1190/1418 | elapsed=9.3 min | eta=1.8 min
[2026-08-15 03:24:52] INFO Epoch 019 | train batch=1200/1418 | elapsed=9.4 min | eta=1.7 min
[2026-08-15 03:24:57] INFO Epoch 019 | train batch=1210/1418 | elapsed=9.5 min | eta=1.6 min
[2026-08-15 03:25:02] INFO Epoch 019 | train batch=1220/1418 | elapsed=9.6 min | eta=1.6 min
[2026-08-15 03:25:06] INFO Epoch 019 | train batch=1230/1418 | elapsed=9.7 min | eta=1.5 min
[2026-08-15 03:25:11] INFO Epoch 019 | train batch=1240/1418 | elapsed=9.7 min | eta=1.4 min
[2026-08-15 03:25:16] INFO Epoch 019 | train batch=1250/1418 | elapsed=9.8 min | eta=1.3 min
[2026-08-15 03:25:21] INFO Epoch 019 | train batch=1260/1418 | elapsed=9.9 min | eta=1.2 min
[2026-08-15 03:25:26] INFO Epoch 019 | train batch=1270/1418 | elapsed=10.0 min | eta=1.2 min
[2026-08-15 03:25:30] INFO Epoch 019 | train batch=1280/1418 | elapsed=10.1 min | eta=1.1 min
[2026-08-15 03:25:35] INFO Epoch 019 | train batch=1290/1418 | elapsed=10.1 min | eta=1.0 min
[2026-08-15 03:25:40] INFO Epoch 019 | train batch=1300/1418 | elapsed=10.2 min | eta=0.9 min
[2026-08-15 03:25:45] INFO Epoch 019 | train batch=1310/1418 | elapsed=10.3 min | eta=0.8 min
[2026-08-15 03:25:50] INFO Epoch 019 | train batch=1320/1418 | elapsed=10.4 min | eta=0.8 min
[2026-08-15 03:25:55] INFO Epoch 019 | train batch=1330/1418 | elapsed=10.5 min | eta=0.7 min
[2026-08-15 03:25:59] INFO Epoch 019 | train batch=1340/1418 | elapsed=10.5 min | eta=0.6 min
[2026-08-15 03:26:04] INFO Epoch 019 | train batch=1350/1418 | elapsed=10.6 min | eta=0.5 min
[2026-08-15 03:26:09] INFO Epoch 019 | train batch=1360/1418 | elapsed=10.7 min | eta=0.5 min
[2026-08-15 03:26:13] INFO Epoch 019 | train batch=1370/1418 | elapsed=10.8 min | eta=0.4 min
[2026-08-15 03:26:18] INFO Epoch 019 | train batch=1380/1418 | elapsed=10.9 min | eta=0.3 min
[2026-08-15 03:26:23] INFO Epoch 019 | train batch=1390/1418 | elapsed=10.9 min | eta=0.2 min
[2026-08-15 03:26:27] INFO Epoch 019 | train batch=1400/1418 | elapsed=11.0 min | eta=0.1 min
[2026-08-15 03:26:32] INFO Epoch 019 | train batch=1410/1418 | elapsed=11.1 min | eta=0.1 min
[2026-08-15 03:26:35] INFO Epoch 019 | train batch=1418/1418 | elapsed=11.1 min | eta=0.0 min
[2026-08-15 03:26:36] INFO Epoch 019 | val batch=1/188 | elapsed=0.0 min | eta=0.5 min
[2026-08-15 03:26:37] INFO Epoch 019 | val batch=10/188 | elapsed=0.0 min | eta=0.6 min
[2026-08-15 03:26:40] INFO Epoch 019 | val batch=20/188 | elapsed=0.1 min | eta=0.6 min
[2026-08-15 03:26:42] INFO Epoch 019 | val batch=30/188 | elapsed=0.1 min | eta=0.5 min
[2026-08-15 03:26:44] INFO Epoch 019 | val batch=40/188 | elapsed=0.1 min | eta=0.5 min
[2026-08-15 03:26:46] INFO Epoch 019 | val batch=50/188 | elapsed=0.2 min | eta=0.5 min
[2026-08-15 03:26:48] INFO Epoch 019 | val batch=60/188 | elapsed=0.2 min | eta=0.4 min
[2026-08-15 03:26:50] INFO Epoch 019 | val batch=70/188 | elapsed=0.2 min | eta=0.4 min
[2026-08-15 03:26:52] INFO Epoch 019 | val batch=80/188 | elapsed=0.3 min | eta=0.4 min
[2026-08-15 03:26:54] INFO Epoch 019 | val batch=90/188 | elapsed=0.3 min | eta=0.3 min
[2026-08-15 03:26:56] INFO Epoch 019 | val batch=100/188 | elapsed=0.3 min | eta=0.3 min
[2026-08-15 03:26:58] INFO Epoch 019 | val batch=110/188 | elapsed=0.4 min | eta=0.3 min
[2026-08-15 03:27:01] INFO Epoch 019 | val batch=120/188 | elapsed=0.4 min | eta=0.2 min
[2026-08-15 03:27:03] INFO Epoch 019 | val batch=130/188 | elapsed=0.5 min | eta=0.2 min
[2026-08-15 03:27:05] INFO Epoch 019 | val batch=140/188 | elapsed=0.5 min | eta=0.2 min
[2026-08-15 03:27:07] INFO Epoch 019 | val batch=150/188 | elapsed=0.5 min | eta=0.1 min
[2026-08-15 03:27:09] INFO Epoch 019 | val batch=160/188 | elapsed=0.6 min | eta=0.1 min
[2026-08-15 03:27:11] INFO Epoch 019 | val batch=170/188 | elapsed=0.6 min | eta=0.1 min
[2026-08-15 03:27:13] INFO Epoch 019 | val batch=180/188 | elapsed=0.6 min | eta=0.0 min
[2026-08-15 03:27:14] INFO Epoch 019 | val batch=188/188 | elapsed=0.7 min | eta=0.0 min
[2026-08-15 03:27:14] INFO Epoch 019 | train_total=0.447978 | val_total=0.444273 | val_mask=0.226285 | val_retrieval=2.179879 | val_profile=0.000000 | val_anchors=604396 | val_positive_pairs=0 | val_hard_negatives=0 | val_relation_candidates=7268824 | val_teacher_keff=3.787 | val_student_keff=7.619 | val_adapter_valid=0.966 | val_adapter_gate=0.152 | val_adapter_spatial_gate=0.130 | val_adapter_ratio=0.693207 | val_adapter_modulation=0.746998 | val_adapter_modulation_std=0.553499 | val_adapter_group_gate_std=0.174879 | val_adapter_low_rank=5.190952 | val_adapter_direct=1.386637 | val_masked_positions=42262181 | skipped(train/val)=0/0
[2026-08-15 03:27:14] INFO Checkpoint updated | epoch=19 | best_val=0.444273 | path=C:\Users\clw\projects\researchRep\STAnchor-BlockMemory\artifacts\metrla_e5_final_latent48_cc_fgda_global288_seed42\pretrain_best.pt
[2026-08-15 03:27:14] INFO Epoch 020/050 started | train_batches=1418 | val_batches=188
[2026-08-15 03:27:15] INFO Epoch 020 | train batch=1/1418 | elapsed=0.0 min | eta=12.3 min
[2026-08-15 03:27:19] INFO Epoch 020 | train batch=10/1418 | elapsed=0.1 min | eta=11.3 min
[2026-08-15 03:27:24] INFO Epoch 020 | train batch=20/1418 | elapsed=0.2 min | eta=11.1 min
[2026-08-15 03:27:29] INFO Epoch 020 | train batch=30/1418 | elapsed=0.2 min | eta=11.0 min
[2026-08-15 03:27:33] INFO Epoch 020 | train batch=40/1418 | elapsed=0.3 min | eta=10.8 min
[2026-08-15 03:27:38] INFO Epoch 020 | train batch=50/1418 | elapsed=0.4 min | eta=10.7 min
[2026-08-15 03:27:43] INFO Epoch 020 | train batch=60/1418 | elapsed=0.5 min | eta=10.6 min
[2026-08-15 03:27:47] INFO Epoch 020 | train batch=70/1418 | elapsed=0.6 min | eta=10.6 min
[2026-08-15 03:27:52] INFO Epoch 020 | train batch=80/1418 | elapsed=0.6 min | eta=10.6 min
[2026-08-15 03:27:57] INFO Epoch 020 | train batch=90/1418 | elapsed=0.7 min | eta=10.5 min
[2026-08-15 03:28:02] INFO Epoch 020 | train batch=100/1418 | elapsed=0.8 min | eta=10.4 min
[2026-08-15 03:28:07] INFO Epoch 020 | train batch=110/1418 | elapsed=0.9 min | eta=10.3 min
[2026-08-15 03:28:11] INFO Epoch 020 | train batch=120/1418 | elapsed=0.9 min | eta=10.2 min
[2026-08-15 03:28:16] INFO Epoch 020 | train batch=130/1418 | elapsed=1.0 min | eta=10.2 min
[2026-08-15 03:28:21] INFO Epoch 020 | train batch=140/1418 | elapsed=1.1 min | eta=10.0 min
[2026-08-15 03:28:25] INFO Epoch 020 | train batch=150/1418 | elapsed=1.2 min | eta=10.0 min
[2026-08-15 03:28:30] INFO Epoch 020 | train batch=160/1418 | elapsed=1.3 min | eta=9.9 min
[2026-08-15 03:28:35] INFO Epoch 020 | train batch=170/1418 | elapsed=1.3 min | eta=9.8 min
[2026-08-15 03:28:40] INFO Epoch 020 | train batch=180/1418 | elapsed=1.4 min | eta=9.8 min
[2026-08-15 03:28:44] INFO Epoch 020 | train batch=190/1418 | elapsed=1.5 min | eta=9.7 min
[2026-08-15 03:28:49] INFO Epoch 020 | train batch=200/1418 | elapsed=1.6 min | eta=9.6 min
[2026-08-15 03:28:54] INFO Epoch 020 | train batch=210/1418 | elapsed=1.7 min | eta=9.5 min
[2026-08-15 03:28:58] INFO Epoch 020 | train batch=220/1418 | elapsed=1.7 min | eta=9.4 min
[2026-08-15 03:29:03] INFO Epoch 020 | train batch=230/1418 | elapsed=1.8 min | eta=9.3 min
[2026-08-15 03:29:08] INFO Epoch 020 | train batch=240/1418 | elapsed=1.9 min | eta=9.3 min
[2026-08-15 03:29:12] INFO Epoch 020 | train batch=250/1418 | elapsed=2.0 min | eta=9.2 min
[2026-08-15 03:29:17] INFO Epoch 020 | train batch=260/1418 | elapsed=2.0 min | eta=9.1 min
[2026-08-15 03:29:22] INFO Epoch 020 | train batch=270/1418 | elapsed=2.1 min | eta=9.0 min
[2026-08-15 03:29:26] INFO Epoch 020 | train batch=280/1418 | elapsed=2.2 min | eta=8.9 min
[2026-08-15 03:29:31] INFO Epoch 020 | train batch=290/1418 | elapsed=2.3 min | eta=8.8 min
[2026-08-15 03:29:35] INFO Epoch 020 | train batch=300/1418 | elapsed=2.3 min | eta=8.7 min
[2026-08-15 03:29:40] INFO Epoch 020 | train batch=310/1418 | elapsed=2.4 min | eta=8.7 min
[2026-08-15 03:29:45] INFO Epoch 020 | train batch=320/1418 | elapsed=2.5 min | eta=8.6 min
[2026-08-15 03:29:50] INFO Epoch 020 | train batch=330/1418 | elapsed=2.6 min | eta=8.5 min
[2026-08-15 03:29:54] INFO Epoch 020 | train batch=340/1418 | elapsed=2.7 min | eta=8.4 min
[2026-08-15 03:29:59] INFO Epoch 020 | train batch=350/1418 | elapsed=2.7 min | eta=8.4 min
[2026-08-15 03:30:03] INFO Epoch 020 | train batch=360/1418 | elapsed=2.8 min | eta=8.3 min
[2026-08-15 03:30:09] INFO Epoch 020 | train batch=370/1418 | elapsed=2.9 min | eta=8.2 min
[2026-08-15 03:30:13] INFO Epoch 020 | train batch=380/1418 | elapsed=3.0 min | eta=8.1 min
[2026-08-15 03:30:18] INFO Epoch 020 | train batch=390/1418 | elapsed=3.1 min | eta=8.1 min
[2026-08-15 03:30:23] INFO Epoch 020 | train batch=400/1418 | elapsed=3.1 min | eta=8.0 min
[2026-08-15 03:30:28] INFO Epoch 020 | train batch=410/1418 | elapsed=3.2 min | eta=7.9 min
[2026-08-15 03:30:32] INFO Epoch 020 | train batch=420/1418 | elapsed=3.3 min | eta=7.8 min
[2026-08-15 03:30:37] INFO Epoch 020 | train batch=430/1418 | elapsed=3.4 min | eta=7.8 min
[2026-08-15 03:30:42] INFO Epoch 020 | train batch=440/1418 | elapsed=3.5 min | eta=7.7 min
[2026-08-15 03:30:47] INFO Epoch 020 | train batch=450/1418 | elapsed=3.5 min | eta=7.6 min
[2026-08-15 03:30:51] INFO Epoch 020 | train batch=460/1418 | elapsed=3.6 min | eta=7.5 min
[2026-08-15 03:30:56] INFO Epoch 020 | train batch=470/1418 | elapsed=3.7 min | eta=7.4 min
[2026-08-15 03:31:00] INFO Epoch 020 | train batch=480/1418 | elapsed=3.8 min | eta=7.4 min
[2026-08-15 03:31:05] INFO Epoch 020 | train batch=490/1418 | elapsed=3.8 min | eta=7.3 min
[2026-08-15 03:31:10] INFO Epoch 020 | train batch=500/1418 | elapsed=3.9 min | eta=7.2 min
[2026-08-15 03:31:15] INFO Epoch 020 | train batch=510/1418 | elapsed=4.0 min | eta=7.1 min
[2026-08-15 03:31:19] INFO Epoch 020 | train batch=520/1418 | elapsed=4.1 min | eta=7.1 min
[2026-08-15 03:31:24] INFO Epoch 020 | train batch=530/1418 | elapsed=4.2 min | eta=7.0 min
[2026-08-15 03:31:29] INFO Epoch 020 | train batch=540/1418 | elapsed=4.2 min | eta=6.9 min
[2026-08-15 03:31:33] INFO Epoch 020 | train batch=550/1418 | elapsed=4.3 min | eta=6.8 min
[2026-08-15 03:31:38] INFO Epoch 020 | train batch=560/1418 | elapsed=4.4 min | eta=6.7 min
[2026-08-15 03:31:43] INFO Epoch 020 | train batch=570/1418 | elapsed=4.5 min | eta=6.7 min
[2026-08-15 03:31:47] INFO Epoch 020 | train batch=580/1418 | elapsed=4.5 min | eta=6.6 min
[2026-08-15 03:31:52] INFO Epoch 020 | train batch=590/1418 | elapsed=4.6 min | eta=6.5 min
[2026-08-15 03:31:57] INFO Epoch 020 | train batch=600/1418 | elapsed=4.7 min | eta=6.4 min
[2026-08-15 03:32:01] INFO Epoch 020 | train batch=610/1418 | elapsed=4.8 min | eta=6.3 min
[2026-08-15 03:32:06] INFO Epoch 020 | train batch=620/1418 | elapsed=4.9 min | eta=6.3 min
[2026-08-15 03:32:11] INFO Epoch 020 | train batch=630/1418 | elapsed=4.9 min | eta=6.2 min
[2026-08-15 03:32:15] INFO Epoch 020 | train batch=640/1418 | elapsed=5.0 min | eta=6.1 min
[2026-08-15 03:32:20] INFO Epoch 020 | train batch=650/1418 | elapsed=5.1 min | eta=6.0 min
[2026-08-15 03:32:25] INFO Epoch 020 | train batch=660/1418 | elapsed=5.2 min | eta=5.9 min
[2026-08-15 03:32:30] INFO Epoch 020 | train batch=670/1418 | elapsed=5.3 min | eta=5.9 min
[2026-08-15 03:32:34] INFO Epoch 020 | train batch=680/1418 | elapsed=5.3 min | eta=5.8 min
[2026-08-15 03:32:39] INFO Epoch 020 | train batch=690/1418 | elapsed=5.4 min | eta=5.7 min
[2026-08-15 03:32:44] INFO Epoch 020 | train batch=700/1418 | elapsed=5.5 min | eta=5.6 min
[2026-08-15 03:32:49] INFO Epoch 020 | train batch=710/1418 | elapsed=5.6 min | eta=5.6 min
[2026-08-15 03:32:54] INFO Epoch 020 | train batch=720/1418 | elapsed=5.7 min | eta=5.5 min
[2026-08-15 03:32:58] INFO Epoch 020 | train batch=730/1418 | elapsed=5.7 min | eta=5.4 min
[2026-08-15 03:33:03] INFO Epoch 020 | train batch=740/1418 | elapsed=5.8 min | eta=5.3 min
[2026-08-15 03:33:08] INFO Epoch 020 | train batch=750/1418 | elapsed=5.9 min | eta=5.2 min
[2026-08-15 03:33:13] INFO Epoch 020 | train batch=760/1418 | elapsed=6.0 min | eta=5.2 min
[2026-08-15 03:33:17] INFO Epoch 020 | train batch=770/1418 | elapsed=6.0 min | eta=5.1 min
[2026-08-15 03:33:22] INFO Epoch 020 | train batch=780/1418 | elapsed=6.1 min | eta=5.0 min
[2026-08-15 03:33:27] INFO Epoch 020 | train batch=790/1418 | elapsed=6.2 min | eta=4.9 min
[2026-08-15 03:33:31] INFO Epoch 020 | train batch=800/1418 | elapsed=6.3 min | eta=4.9 min
[2026-08-15 03:33:36] INFO Epoch 020 | train batch=810/1418 | elapsed=6.4 min | eta=4.8 min
[2026-08-15 03:33:40] INFO Epoch 020 | train batch=820/1418 | elapsed=6.4 min | eta=4.7 min
[2026-08-15 03:33:45] INFO Epoch 020 | train batch=830/1418 | elapsed=6.5 min | eta=4.6 min
[2026-08-15 03:33:50] INFO Epoch 020 | train batch=840/1418 | elapsed=6.6 min | eta=4.5 min
[2026-08-15 03:33:54] INFO Epoch 020 | train batch=850/1418 | elapsed=6.7 min | eta=4.5 min
[2026-08-15 03:33:59] INFO Epoch 020 | train batch=860/1418 | elapsed=6.7 min | eta=4.4 min
[2026-08-15 03:34:04] INFO Epoch 020 | train batch=870/1418 | elapsed=6.8 min | eta=4.3 min
[2026-08-15 03:34:09] INFO Epoch 020 | train batch=880/1418 | elapsed=6.9 min | eta=4.2 min
[2026-08-15 03:34:13] INFO Epoch 020 | train batch=890/1418 | elapsed=7.0 min | eta=4.1 min
[2026-08-15 03:34:18] INFO Epoch 020 | train batch=900/1418 | elapsed=7.1 min | eta=4.1 min
[2026-08-15 03:34:23] INFO Epoch 020 | train batch=910/1418 | elapsed=7.1 min | eta=4.0 min
[2026-08-15 03:34:27] INFO Epoch 020 | train batch=920/1418 | elapsed=7.2 min | eta=3.9 min
[2026-08-15 03:34:32] INFO Epoch 020 | train batch=930/1418 | elapsed=7.3 min | eta=3.8 min
[2026-08-15 03:34:37] INFO Epoch 020 | train batch=940/1418 | elapsed=7.4 min | eta=3.8 min
[2026-08-15 03:34:42] INFO Epoch 020 | train batch=950/1418 | elapsed=7.5 min | eta=3.7 min
[2026-08-15 03:34:46] INFO Epoch 020 | train batch=960/1418 | elapsed=7.5 min | eta=3.6 min
[2026-08-15 03:34:51] INFO Epoch 020 | train batch=970/1418 | elapsed=7.6 min | eta=3.5 min
[2026-08-15 03:34:55] INFO Epoch 020 | train batch=980/1418 | elapsed=7.7 min | eta=3.4 min
[2026-08-15 03:35:00] INFO Epoch 020 | train batch=990/1418 | elapsed=7.8 min | eta=3.4 min
[2026-08-15 03:35:05] INFO Epoch 020 | train batch=1000/1418 | elapsed=7.8 min | eta=3.3 min
[2026-08-15 03:35:09] INFO Epoch 020 | train batch=1010/1418 | elapsed=7.9 min | eta=3.2 min
[2026-08-15 03:35:14] INFO Epoch 020 | train batch=1020/1418 | elapsed=8.0 min | eta=3.1 min
[2026-08-15 03:35:19] INFO Epoch 020 | train batch=1030/1418 | elapsed=8.1 min | eta=3.0 min
[2026-08-15 03:35:24] INFO Epoch 020 | train batch=1040/1418 | elapsed=8.2 min | eta=3.0 min
[2026-08-15 03:35:28] INFO Epoch 020 | train batch=1050/1418 | elapsed=8.2 min | eta=2.9 min
[2026-08-15 03:35:33] INFO Epoch 020 | train batch=1060/1418 | elapsed=8.3 min | eta=2.8 min
[2026-08-15 03:35:38] INFO Epoch 020 | train batch=1070/1418 | elapsed=8.4 min | eta=2.7 min
[2026-08-15 03:35:42] INFO Epoch 020 | train batch=1080/1418 | elapsed=8.5 min | eta=2.6 min
[2026-08-15 03:35:47] INFO Epoch 020 | train batch=1090/1418 | elapsed=8.5 min | eta=2.6 min
[2026-08-15 03:35:52] INFO Epoch 020 | train batch=1100/1418 | elapsed=8.6 min | eta=2.5 min
[2026-08-15 03:35:57] INFO Epoch 020 | train batch=1110/1418 | elapsed=8.7 min | eta=2.4 min
[2026-08-15 03:36:01] INFO Epoch 020 | train batch=1120/1418 | elapsed=8.8 min | eta=2.3 min
[2026-08-15 03:36:06] INFO Epoch 020 | train batch=1130/1418 | elapsed=8.9 min | eta=2.3 min
[2026-08-15 03:36:11] INFO Epoch 020 | train batch=1140/1418 | elapsed=8.9 min | eta=2.2 min
[2026-08-15 03:36:15] INFO Epoch 020 | train batch=1150/1418 | elapsed=9.0 min | eta=2.1 min
[2026-08-15 03:36:20] INFO Epoch 020 | train batch=1160/1418 | elapsed=9.1 min | eta=2.0 min
[2026-08-15 03:36:25] INFO Epoch 020 | train batch=1170/1418 | elapsed=9.2 min | eta=1.9 min
[2026-08-15 03:36:30] INFO Epoch 020 | train batch=1180/1418 | elapsed=9.3 min | eta=1.9 min
[2026-08-15 03:36:35] INFO Epoch 020 | train batch=1190/1418 | elapsed=9.3 min | eta=1.8 min
[2026-08-15 03:36:40] INFO Epoch 020 | train batch=1200/1418 | elapsed=9.4 min | eta=1.7 min
[2026-08-15 03:36:44] INFO Epoch 020 | train batch=1210/1418 | elapsed=9.5 min | eta=1.6 min
[2026-08-15 03:36:49] INFO Epoch 020 | train batch=1220/1418 | elapsed=9.6 min | eta=1.6 min
[2026-08-15 03:36:53] INFO Epoch 020 | train batch=1230/1418 | elapsed=9.6 min | eta=1.5 min
[2026-08-15 03:36:58] INFO Epoch 020 | train batch=1240/1418 | elapsed=9.7 min | eta=1.4 min
[2026-08-15 03:37:03] INFO Epoch 020 | train batch=1250/1418 | elapsed=9.8 min | eta=1.3 min
[2026-08-15 03:37:07] INFO Epoch 020 | train batch=1260/1418 | elapsed=9.9 min | eta=1.2 min
[2026-08-15 03:37:12] INFO Epoch 020 | train batch=1270/1418 | elapsed=10.0 min | eta=1.2 min
[2026-08-15 03:37:17] INFO Epoch 020 | train batch=1280/1418 | elapsed=10.0 min | eta=1.1 min
[2026-08-15 03:37:22] INFO Epoch 020 | train batch=1290/1418 | elapsed=10.1 min | eta=1.0 min
[2026-08-15 03:37:26] INFO Epoch 020 | train batch=1300/1418 | elapsed=10.2 min | eta=0.9 min
[2026-08-15 03:37:31] INFO Epoch 020 | train batch=1310/1418 | elapsed=10.3 min | eta=0.8 min
[2026-08-15 03:37:36] INFO Epoch 020 | train batch=1320/1418 | elapsed=10.4 min | eta=0.8 min
[2026-08-15 03:37:40] INFO Epoch 020 | train batch=1330/1418 | elapsed=10.4 min | eta=0.7 min
[2026-08-15 03:37:45] INFO Epoch 020 | train batch=1340/1418 | elapsed=10.5 min | eta=0.6 min
[2026-08-15 03:37:49] INFO Epoch 020 | train batch=1350/1418 | elapsed=10.6 min | eta=0.5 min
[2026-08-15 03:37:54] INFO Epoch 020 | train batch=1360/1418 | elapsed=10.7 min | eta=0.5 min
[2026-08-15 03:37:59] INFO Epoch 020 | train batch=1370/1418 | elapsed=10.7 min | eta=0.4 min
[2026-08-15 03:38:03] INFO Epoch 020 | train batch=1380/1418 | elapsed=10.8 min | eta=0.3 min
[2026-08-15 03:38:08] INFO Epoch 020 | train batch=1390/1418 | elapsed=10.9 min | eta=0.2 min
[2026-08-15 03:38:13] INFO Epoch 020 | train batch=1400/1418 | elapsed=11.0 min | eta=0.1 min
[2026-08-15 03:38:18] INFO Epoch 020 | train batch=1410/1418 | elapsed=11.1 min | eta=0.1 min
[2026-08-15 03:38:21] INFO Epoch 020 | train batch=1418/1418 | elapsed=11.1 min | eta=0.0 min
[2026-08-15 03:38:21] INFO Epoch 020 | val batch=1/188 | elapsed=0.0 min | eta=0.5 min
[2026-08-15 03:38:23] INFO Epoch 020 | val batch=10/188 | elapsed=0.0 min | eta=0.6 min
[2026-08-15 03:38:25] INFO Epoch 020 | val batch=20/188 | elapsed=0.1 min | eta=0.6 min
[2026-08-15 03:38:28] INFO Epoch 020 | val batch=30/188 | elapsed=0.1 min | eta=0.5 min
[2026-08-15 03:38:30] INFO Epoch 020 | val batch=40/188 | elapsed=0.1 min | eta=0.5 min
[2026-08-15 03:38:32] INFO Epoch 020 | val batch=50/188 | elapsed=0.2 min | eta=0.5 min
[2026-08-15 03:38:34] INFO Epoch 020 | val batch=60/188 | elapsed=0.2 min | eta=0.4 min
[2026-08-15 03:38:36] INFO Epoch 020 | val batch=70/188 | elapsed=0.2 min | eta=0.4 min
[2026-08-15 03:38:38] INFO Epoch 020 | val batch=80/188 | elapsed=0.3 min | eta=0.4 min
[2026-08-15 03:38:40] INFO Epoch 020 | val batch=90/188 | elapsed=0.3 min | eta=0.3 min
[2026-08-15 03:38:42] INFO Epoch 020 | val batch=100/188 | elapsed=0.3 min | eta=0.3 min
[2026-08-15 03:38:44] INFO Epoch 020 | val batch=110/188 | elapsed=0.4 min | eta=0.3 min
[2026-08-15 03:38:46] INFO Epoch 020 | val batch=120/188 | elapsed=0.4 min | eta=0.2 min
[2026-08-15 03:38:48] INFO Epoch 020 | val batch=130/188 | elapsed=0.5 min | eta=0.2 min
[2026-08-15 03:38:50] INFO Epoch 020 | val batch=140/188 | elapsed=0.5 min | eta=0.2 min
[2026-08-15 03:38:53] INFO Epoch 020 | val batch=150/188 | elapsed=0.5 min | eta=0.1 min
[2026-08-15 03:38:55] INFO Epoch 020 | val batch=160/188 | elapsed=0.6 min | eta=0.1 min
[2026-08-15 03:38:57] INFO Epoch 020 | val batch=170/188 | elapsed=0.6 min | eta=0.1 min
[2026-08-15 03:38:59] INFO Epoch 020 | val batch=180/188 | elapsed=0.6 min | eta=0.0 min
[2026-08-15 03:39:00] INFO Epoch 020 | val batch=188/188 | elapsed=0.6 min | eta=0.0 min
[2026-08-15 03:39:00] INFO Epoch 020 | train_total=0.447095 | val_total=0.443456 | val_mask=0.226513 | val_retrieval=2.169421 | val_profile=0.000000 | val_anchors=604396 | val_positive_pairs=0 | val_hard_negatives=0 | val_relation_candidates=7268824 | val_teacher_keff=3.787 | val_student_keff=7.859 | val_adapter_valid=0.966 | val_adapter_gate=0.140 | val_adapter_spatial_gate=0.126 | val_adapter_ratio=0.664055 | val_adapter_modulation=0.739232 | val_adapter_modulation_std=0.546290 | val_adapter_group_gate_std=0.167561 | val_adapter_low_rank=5.499030 | val_adapter_direct=1.486281 | val_masked_positions=42141418 | skipped(train/val)=0/0
[2026-08-15 03:39:00] INFO Checkpoint updated | epoch=20 | best_val=0.443456 | path=C:\Users\clw\projects\researchRep\STAnchor-BlockMemory\artifacts\metrla_e5_final_latent48_cc_fgda_global288_seed42\pretrain_best.pt
[2026-08-15 03:39:00] INFO Epoch 021/050 started | train_batches=1418 | val_batches=188
[2026-08-15 03:39:01] INFO Epoch 021 | train batch=1/1418 | elapsed=0.0 min | eta=9.9 min
[2026-08-15 03:39:05] INFO Epoch 021 | train batch=10/1418 | elapsed=0.1 min | eta=10.8 min
[2026-08-15 03:39:09] INFO Epoch 021 | train batch=20/1418 | elapsed=0.2 min | eta=10.6 min
[2026-08-15 03:39:14] INFO Epoch 021 | train batch=30/1418 | elapsed=0.2 min | eta=10.6 min
[2026-08-15 03:39:19] INFO Epoch 021 | train batch=40/1418 | elapsed=0.3 min | eta=10.7 min
[2026-08-15 03:39:24] INFO Epoch 021 | train batch=50/1418 | elapsed=0.4 min | eta=10.7 min
[2026-08-15 03:39:29] INFO Epoch 021 | train batch=60/1418 | elapsed=0.5 min | eta=10.7 min
[2026-08-15 03:39:33] INFO Epoch 021 | train batch=70/1418 | elapsed=0.5 min | eta=10.5 min
[2026-08-15 03:39:38] INFO Epoch 021 | train batch=80/1418 | elapsed=0.6 min | eta=10.4 min
[2026-08-15 03:39:42] INFO Epoch 021 | train batch=90/1418 | elapsed=0.7 min | eta=10.3 min
[2026-08-15 03:39:47] INFO Epoch 021 | train batch=100/1418 | elapsed=0.8 min | eta=10.3 min
[2026-08-15 03:39:52] INFO Epoch 021 | train batch=110/1418 | elapsed=0.9 min | eta=10.2 min
[2026-08-15 03:39:57] INFO Epoch 021 | train batch=120/1418 | elapsed=0.9 min | eta=10.2 min
[2026-08-15 03:40:01] INFO Epoch 021 | train batch=130/1418 | elapsed=1.0 min | eta=10.0 min
[2026-08-15 03:40:06] INFO Epoch 021 | train batch=140/1418 | elapsed=1.1 min | eta=9.9 min
[2026-08-15 03:40:10] INFO Epoch 021 | train batch=150/1418 | elapsed=1.2 min | eta=9.9 min
[2026-08-15 03:40:15] INFO Epoch 021 | train batch=160/1418 | elapsed=1.2 min | eta=9.8 min
[2026-08-15 03:40:20] INFO Epoch 021 | train batch=170/1418 | elapsed=1.3 min | eta=9.7 min
[2026-08-15 03:40:24] INFO Epoch 021 | train batch=180/1418 | elapsed=1.4 min | eta=9.6 min
[2026-08-15 03:40:29] INFO Epoch 021 | train batch=190/1418 | elapsed=1.5 min | eta=9.6 min
[2026-08-15 03:40:34] INFO Epoch 021 | train batch=200/1418 | elapsed=1.6 min | eta=9.5 min
[2026-08-15 03:40:38] INFO Epoch 021 | train batch=210/1418 | elapsed=1.6 min | eta=9.4 min
[2026-08-15 03:40:43] INFO Epoch 021 | train batch=220/1418 | elapsed=1.7 min | eta=9.3 min
[2026-08-15 03:40:48] INFO Epoch 021 | train batch=230/1418 | elapsed=1.8 min | eta=9.3 min
[2026-08-15 03:40:53] INFO Epoch 021 | train batch=240/1418 | elapsed=1.9 min | eta=9.2 min
[2026-08-15 03:40:58] INFO Epoch 021 | train batch=250/1418 | elapsed=2.0 min | eta=9.2 min
[2026-08-15 03:41:02] INFO Epoch 021 | train batch=260/1418 | elapsed=2.0 min | eta=9.1 min
[2026-08-15 03:41:07] INFO Epoch 021 | train batch=270/1418 | elapsed=2.1 min | eta=9.0 min
[2026-08-15 03:41:12] INFO Epoch 021 | train batch=280/1418 | elapsed=2.2 min | eta=8.9 min
[2026-08-15 03:41:17] INFO Epoch 021 | train batch=290/1418 | elapsed=2.3 min | eta=8.8 min
[2026-08-15 03:41:21] INFO Epoch 021 | train batch=300/1418 | elapsed=2.4 min | eta=8.8 min
[2026-08-15 03:41:26] INFO Epoch 021 | train batch=310/1418 | elapsed=2.4 min | eta=8.7 min
[2026-08-15 03:41:31] INFO Epoch 021 | train batch=320/1418 | elapsed=2.5 min | eta=8.6 min
[2026-08-15 03:41:36] INFO Epoch 021 | train batch=330/1418 | elapsed=2.6 min | eta=8.5 min
[2026-08-15 03:41:40] INFO Epoch 021 | train batch=340/1418 | elapsed=2.7 min | eta=8.5 min
[2026-08-15 03:41:45] INFO Epoch 021 | train batch=350/1418 | elapsed=2.7 min | eta=8.4 min
[2026-08-15 03:41:50] INFO Epoch 021 | train batch=360/1418 | elapsed=2.8 min | eta=8.3 min
[2026-08-15 03:41:55] INFO Epoch 021 | train batch=370/1418 | elapsed=2.9 min | eta=8.2 min
[2026-08-15 03:41:59] INFO Epoch 021 | train batch=380/1418 | elapsed=3.0 min | eta=8.1 min
[2026-08-15 03:42:04] INFO Epoch 021 | train batch=390/1418 | elapsed=3.1 min | eta=8.1 min
[2026-08-15 03:42:09] INFO Epoch 021 | train batch=400/1418 | elapsed=3.1 min | eta=8.0 min
[2026-08-15 03:42:14] INFO Epoch 021 | train batch=410/1418 | elapsed=3.2 min | eta=7.9 min
[2026-08-15 03:42:18] INFO Epoch 021 | train batch=420/1418 | elapsed=3.3 min | eta=7.8 min
[2026-08-15 03:42:23] INFO Epoch 021 | train batch=430/1418 | elapsed=3.4 min | eta=7.8 min
[2026-08-15 03:42:28] INFO Epoch 021 | train batch=440/1418 | elapsed=3.5 min | eta=7.7 min
[2026-08-15 03:42:33] INFO Epoch 021 | train batch=450/1418 | elapsed=3.5 min | eta=7.6 min
[2026-08-15 03:42:37] INFO Epoch 021 | train batch=460/1418 | elapsed=3.6 min | eta=7.5 min
[2026-08-15 03:42:42] INFO Epoch 021 | train batch=470/1418 | elapsed=3.7 min | eta=7.4 min
[2026-08-15 03:42:47] INFO Epoch 021 | train batch=480/1418 | elapsed=3.8 min | eta=7.4 min
[2026-08-15 03:42:51] INFO Epoch 021 | train batch=490/1418 | elapsed=3.9 min | eta=7.3 min
[2026-08-15 03:42:56] INFO Epoch 021 | train batch=500/1418 | elapsed=3.9 min | eta=7.2 min
[2026-08-15 03:43:01] INFO Epoch 021 | train batch=510/1418 | elapsed=4.0 min | eta=7.1 min
[2026-08-15 03:43:05] INFO Epoch 021 | train batch=520/1418 | elapsed=4.1 min | eta=7.1 min
[2026-08-15 03:43:10] INFO Epoch 021 | train batch=530/1418 | elapsed=4.2 min | eta=7.0 min
[2026-08-15 03:43:15] INFO Epoch 021 | train batch=540/1418 | elapsed=4.2 min | eta=6.9 min
[2026-08-15 03:43:19] INFO Epoch 021 | train batch=550/1418 | elapsed=4.3 min | eta=6.8 min
[2026-08-15 03:43:24] INFO Epoch 021 | train batch=560/1418 | elapsed=4.4 min | eta=6.7 min
[2026-08-15 03:43:29] INFO Epoch 021 | train batch=570/1418 | elapsed=4.5 min | eta=6.7 min
[2026-08-15 03:43:33] INFO Epoch 021 | train batch=580/1418 | elapsed=4.5 min | eta=6.6 min
[2026-08-15 03:43:38] INFO Epoch 021 | train batch=590/1418 | elapsed=4.6 min | eta=6.5 min
[2026-08-15 03:43:43] INFO Epoch 021 | train batch=600/1418 | elapsed=4.7 min | eta=6.4 min
[2026-08-15 03:43:47] INFO Epoch 021 | train batch=610/1418 | elapsed=4.8 min | eta=6.3 min
[2026-08-15 03:43:52] INFO Epoch 021 | train batch=620/1418 | elapsed=4.9 min | eta=6.3 min
[2026-08-15 03:43:57] INFO Epoch 021 | train batch=630/1418 | elapsed=4.9 min | eta=6.2 min
[2026-08-15 03:44:02] INFO Epoch 021 | train batch=640/1418 | elapsed=5.0 min | eta=6.1 min
[2026-08-15 03:44:06] INFO Epoch 021 | train batch=650/1418 | elapsed=5.1 min | eta=6.0 min
[2026-08-15 03:44:11] INFO Epoch 021 | train batch=660/1418 | elapsed=5.2 min | eta=6.0 min
[2026-08-15 03:44:16] INFO Epoch 021 | train batch=670/1418 | elapsed=5.3 min | eta=5.9 min
[2026-08-15 03:44:21] INFO Epoch 021 | train batch=680/1418 | elapsed=5.3 min | eta=5.8 min
[2026-08-15 03:44:25] INFO Epoch 021 | train batch=690/1418 | elapsed=5.4 min | eta=5.7 min
[2026-08-15 03:44:30] INFO Epoch 021 | train batch=700/1418 | elapsed=5.5 min | eta=5.6 min
[2026-08-15 03:44:35] INFO Epoch 021 | train batch=710/1418 | elapsed=5.6 min | eta=5.6 min
[2026-08-15 03:44:40] INFO Epoch 021 | train batch=720/1418 | elapsed=5.7 min | eta=5.5 min
[2026-08-15 03:44:45] INFO Epoch 021 | train batch=730/1418 | elapsed=5.7 min | eta=5.4 min
[2026-08-15 03:44:50] INFO Epoch 021 | train batch=740/1418 | elapsed=5.8 min | eta=5.3 min
[2026-08-15 03:44:54] INFO Epoch 021 | train batch=750/1418 | elapsed=5.9 min | eta=5.3 min
[2026-08-15 03:44:59] INFO Epoch 021 | train batch=760/1418 | elapsed=6.0 min | eta=5.2 min
[2026-08-15 03:45:04] INFO Epoch 021 | train batch=770/1418 | elapsed=6.1 min | eta=5.1 min
[2026-08-15 03:45:08] INFO Epoch 021 | train batch=780/1418 | elapsed=6.1 min | eta=5.0 min
[2026-08-15 03:45:13] INFO Epoch 021 | train batch=790/1418 | elapsed=6.2 min | eta=4.9 min
[2026-08-15 03:45:17] INFO Epoch 021 | train batch=800/1418 | elapsed=6.3 min | eta=4.9 min
[2026-08-15 03:45:22] INFO Epoch 021 | train batch=810/1418 | elapsed=6.4 min | eta=4.8 min
[2026-08-15 03:45:27] INFO Epoch 021 | train batch=820/1418 | elapsed=6.4 min | eta=4.7 min
[2026-08-15 03:45:32] INFO Epoch 021 | train batch=830/1418 | elapsed=6.5 min | eta=4.6 min
[2026-08-15 03:45:37] INFO Epoch 021 | train batch=840/1418 | elapsed=6.6 min | eta=4.5 min
[2026-08-15 03:45:41] INFO Epoch 021 | train batch=850/1418 | elapsed=6.7 min | eta=4.5 min
[2026-08-15 03:45:46] INFO Epoch 021 | train batch=860/1418 | elapsed=6.8 min | eta=4.4 min
[2026-08-15 03:45:50] INFO Epoch 021 | train batch=870/1418 | elapsed=6.8 min | eta=4.3 min
[2026-08-15 03:45:55] INFO Epoch 021 | train batch=880/1418 | elapsed=6.9 min | eta=4.2 min
[2026-08-15 03:46:00] INFO Epoch 021 | train batch=890/1418 | elapsed=7.0 min | eta=4.1 min
[2026-08-15 03:46:04] INFO Epoch 021 | train batch=900/1418 | elapsed=7.1 min | eta=4.1 min
[2026-08-15 03:46:09] INFO Epoch 021 | train batch=910/1418 | elapsed=7.1 min | eta=4.0 min
[2026-08-15 03:46:14] INFO Epoch 021 | train batch=920/1418 | elapsed=7.2 min | eta=3.9 min
[2026-08-15 03:46:19] INFO Epoch 021 | train batch=930/1418 | elapsed=7.3 min | eta=3.8 min
[2026-08-15 03:46:23] INFO Epoch 021 | train batch=940/1418 | elapsed=7.4 min | eta=3.8 min
[2026-08-15 03:46:28] INFO Epoch 021 | train batch=950/1418 | elapsed=7.5 min | eta=3.7 min
[2026-08-15 03:46:33] INFO Epoch 021 | train batch=960/1418 | elapsed=7.5 min | eta=3.6 min
[2026-08-15 03:46:38] INFO Epoch 021 | train batch=970/1418 | elapsed=7.6 min | eta=3.5 min
[2026-08-15 03:46:43] INFO Epoch 021 | train batch=980/1418 | elapsed=7.7 min | eta=3.4 min
[2026-08-15 03:46:47] INFO Epoch 021 | train batch=990/1418 | elapsed=7.8 min | eta=3.4 min
[2026-08-15 03:46:52] INFO Epoch 021 | train batch=1000/1418 | elapsed=7.9 min | eta=3.3 min
[2026-08-15 03:46:57] INFO Epoch 021 | train batch=1010/1418 | elapsed=7.9 min | eta=3.2 min
[2026-08-15 03:47:02] INFO Epoch 021 | train batch=1020/1418 | elapsed=8.0 min | eta=3.1 min
[2026-08-15 03:47:07] INFO Epoch 021 | train batch=1030/1418 | elapsed=8.1 min | eta=3.1 min
[2026-08-15 03:47:12] INFO Epoch 021 | train batch=1040/1418 | elapsed=8.2 min | eta=3.0 min
[2026-08-15 03:47:17] INFO Epoch 021 | train batch=1050/1418 | elapsed=8.3 min | eta=2.9 min
[2026-08-15 03:47:21] INFO Epoch 021 | train batch=1060/1418 | elapsed=8.4 min | eta=2.8 min
[2026-08-15 03:47:26] INFO Epoch 021 | train batch=1070/1418 | elapsed=8.4 min | eta=2.7 min
[2026-08-15 03:47:31] INFO Epoch 021 | train batch=1080/1418 | elapsed=8.5 min | eta=2.7 min
[2026-08-15 03:47:36] INFO Epoch 021 | train batch=1090/1418 | elapsed=8.6 min | eta=2.6 min
[2026-08-15 03:47:40] INFO Epoch 021 | train batch=1100/1418 | elapsed=8.7 min | eta=2.5 min
[2026-08-15 03:47:45] INFO Epoch 021 | train batch=1110/1418 | elapsed=8.7 min | eta=2.4 min
[2026-08-15 03:47:50] INFO Epoch 021 | train batch=1120/1418 | elapsed=8.8 min | eta=2.3 min
[2026-08-15 03:47:54] INFO Epoch 021 | train batch=1130/1418 | elapsed=8.9 min | eta=2.3 min
[2026-08-15 03:47:59] INFO Epoch 021 | train batch=1140/1418 | elapsed=9.0 min | eta=2.2 min
[2026-08-15 03:48:03] INFO Epoch 021 | train batch=1150/1418 | elapsed=9.1 min | eta=2.1 min
[2026-08-15 03:48:08] INFO Epoch 021 | train batch=1160/1418 | elapsed=9.1 min | eta=2.0 min
[2026-08-15 03:48:12] INFO Epoch 021 | train batch=1170/1418 | elapsed=9.2 min | eta=2.0 min
[2026-08-15 03:48:17] INFO Epoch 021 | train batch=1180/1418 | elapsed=9.3 min | eta=1.9 min
[2026-08-15 03:48:22] INFO Epoch 021 | train batch=1190/1418 | elapsed=9.4 min | eta=1.8 min
[2026-08-15 03:48:26] INFO Epoch 021 | train batch=1200/1418 | elapsed=9.4 min | eta=1.7 min
[2026-08-15 03:48:31] INFO Epoch 021 | train batch=1210/1418 | elapsed=9.5 min | eta=1.6 min
[2026-08-15 03:48:36] INFO Epoch 021 | train batch=1220/1418 | elapsed=9.6 min | eta=1.6 min
[2026-08-15 03:48:41] INFO Epoch 021 | train batch=1230/1418 | elapsed=9.7 min | eta=1.5 min
[2026-08-15 03:48:45] INFO Epoch 021 | train batch=1240/1418 | elapsed=9.7 min | eta=1.4 min
[2026-08-15 03:48:50] INFO Epoch 021 | train batch=1250/1418 | elapsed=9.8 min | eta=1.3 min
[2026-08-15 03:48:55] INFO Epoch 021 | train batch=1260/1418 | elapsed=9.9 min | eta=1.2 min
[2026-08-15 03:49:00] INFO Epoch 021 | train batch=1270/1418 | elapsed=10.0 min | eta=1.2 min
[2026-08-15 03:49:04] INFO Epoch 021 | train batch=1280/1418 | elapsed=10.1 min | eta=1.1 min
[2026-08-15 03:49:09] INFO Epoch 021 | train batch=1290/1418 | elapsed=10.1 min | eta=1.0 min
[2026-08-15 03:49:14] INFO Epoch 021 | train batch=1300/1418 | elapsed=10.2 min | eta=0.9 min
[2026-08-15 03:49:18] INFO Epoch 021 | train batch=1310/1418 | elapsed=10.3 min | eta=0.8 min
[2026-08-15 03:49:23] INFO Epoch 021 | train batch=1320/1418 | elapsed=10.4 min | eta=0.8 min
[2026-08-15 03:49:28] INFO Epoch 021 | train batch=1330/1418 | elapsed=10.5 min | eta=0.7 min
[2026-08-15 03:49:32] INFO Epoch 021 | train batch=1340/1418 | elapsed=10.5 min | eta=0.6 min
[2026-08-15 03:49:37] INFO Epoch 021 | train batch=1350/1418 | elapsed=10.6 min | eta=0.5 min
[2026-08-15 03:49:41] INFO Epoch 021 | train batch=1360/1418 | elapsed=10.7 min | eta=0.5 min
[2026-08-15 03:49:46] INFO Epoch 021 | train batch=1370/1418 | elapsed=10.8 min | eta=0.4 min
[2026-08-15 03:49:51] INFO Epoch 021 | train batch=1380/1418 | elapsed=10.8 min | eta=0.3 min
[2026-08-15 03:49:55] INFO Epoch 021 | train batch=1390/1418 | elapsed=10.9 min | eta=0.2 min
[2026-08-15 03:50:00] INFO Epoch 021 | train batch=1400/1418 | elapsed=11.0 min | eta=0.1 min
[2026-08-15 03:50:05] INFO Epoch 021 | train batch=1410/1418 | elapsed=11.1 min | eta=0.1 min
[2026-08-15 03:50:08] INFO Epoch 021 | train batch=1418/1418 | elapsed=11.1 min | eta=0.0 min
[2026-08-15 03:50:09] INFO Epoch 021 | val batch=1/188 | elapsed=0.0 min | eta=0.5 min
[2026-08-15 03:50:11] INFO Epoch 021 | val batch=10/188 | elapsed=0.0 min | eta=0.6 min
[2026-08-15 03:50:13] INFO Epoch 021 | val batch=20/188 | elapsed=0.1 min | eta=0.6 min
[2026-08-15 03:50:15] INFO Epoch 021 | val batch=30/188 | elapsed=0.1 min | eta=0.5 min
[2026-08-15 03:50:17] INFO Epoch 021 | val batch=40/188 | elapsed=0.1 min | eta=0.5 min
[2026-08-15 03:50:19] INFO Epoch 021 | val batch=50/188 | elapsed=0.2 min | eta=0.5 min
[2026-08-15 03:50:21] INFO Epoch 021 | val batch=60/188 | elapsed=0.2 min | eta=0.4 min
[2026-08-15 03:50:23] INFO Epoch 021 | val batch=70/188 | elapsed=0.2 min | eta=0.4 min
[2026-08-15 03:50:25] INFO Epoch 021 | val batch=80/188 | elapsed=0.3 min | eta=0.4 min
[2026-08-15 03:50:27] INFO Epoch 021 | val batch=90/188 | elapsed=0.3 min | eta=0.3 min
[2026-08-15 03:50:29] INFO Epoch 021 | val batch=100/188 | elapsed=0.3 min | eta=0.3 min
[2026-08-15 03:50:31] INFO Epoch 021 | val batch=110/188 | elapsed=0.4 min | eta=0.3 min
[2026-08-15 03:50:33] INFO Epoch 021 | val batch=120/188 | elapsed=0.4 min | eta=0.2 min
[2026-08-15 03:50:36] INFO Epoch 021 | val batch=130/188 | elapsed=0.5 min | eta=0.2 min
[2026-08-15 03:50:38] INFO Epoch 021 | val batch=140/188 | elapsed=0.5 min | eta=0.2 min
[2026-08-15 03:50:40] INFO Epoch 021 | val batch=150/188 | elapsed=0.5 min | eta=0.1 min
[2026-08-15 03:50:42] INFO Epoch 021 | val batch=160/188 | elapsed=0.6 min | eta=0.1 min
[2026-08-15 03:50:44] INFO Epoch 021 | val batch=170/188 | elapsed=0.6 min | eta=0.1 min
[2026-08-15 03:50:46] INFO Epoch 021 | val batch=180/188 | elapsed=0.6 min | eta=0.0 min
[2026-08-15 03:50:47] INFO Epoch 021 | val batch=188/188 | elapsed=0.6 min | eta=0.0 min
[2026-08-15 03:50:47] INFO Epoch 021 | train_total=0.443275 | val_total=0.434972 | val_mask=0.218101 | val_retrieval=2.168716 | val_profile=0.000000 | val_anchors=604396 | val_positive_pairs=0 | val_hard_negatives=0 | val_relation_candidates=7268824 | val_teacher_keff=3.787 | val_student_keff=7.720 | val_adapter_valid=0.966 | val_adapter_gate=0.136 | val_adapter_spatial_gate=0.123 | val_adapter_ratio=0.676803 | val_adapter_modulation=0.738712 | val_adapter_modulation_std=0.539331 | val_adapter_group_gate_std=0.162541 | val_adapter_low_rank=5.834606 | val_adapter_direct=1.604485 | val_masked_positions=42190248 | skipped(train/val)=0/0
[2026-08-15 03:50:47] INFO Checkpoint updated | epoch=21 | best_val=0.434972 | path=C:\Users\clw\projects\researchRep\STAnchor-BlockMemory\artifacts\metrla_e5_final_latent48_cc_fgda_global288_seed42\pretrain_best.pt
[2026-08-15 03:50:47] INFO Epoch 022/050 started | train_batches=1418 | val_batches=188
[2026-08-15 03:50:48] INFO Epoch 022 | train batch=1/1418 | elapsed=0.0 min | eta=12.2 min
[2026-08-15 03:50:52] INFO Epoch 022 | train batch=10/1418 | elapsed=0.1 min | eta=11.3 min
[2026-08-15 03:50:57] INFO Epoch 022 | train batch=20/1418 | elapsed=0.2 min | eta=11.1 min
[2026-08-15 03:51:02] INFO Epoch 022 | train batch=30/1418 | elapsed=0.2 min | eta=10.9 min
[2026-08-15 03:51:07] INFO Epoch 022 | train batch=40/1418 | elapsed=0.3 min | eta=11.0 min
[2026-08-15 03:51:11] INFO Epoch 022 | train batch=50/1418 | elapsed=0.4 min | eta=10.8 min
[2026-08-15 03:51:16] INFO Epoch 022 | train batch=60/1418 | elapsed=0.5 min | eta=10.7 min
[2026-08-15 03:51:20] INFO Epoch 022 | train batch=70/1418 | elapsed=0.6 min | eta=10.6 min
[2026-08-15 03:51:25] INFO Epoch 022 | train batch=80/1418 | elapsed=0.6 min | eta=10.5 min
[2026-08-15 03:51:30] INFO Epoch 022 | train batch=90/1418 | elapsed=0.7 min | eta=10.4 min
[2026-08-15 03:51:34] INFO Epoch 022 | train batch=100/1418 | elapsed=0.8 min | eta=10.3 min
[2026-08-15 03:51:39] INFO Epoch 022 | train batch=110/1418 | elapsed=0.9 min | eta=10.3 min
[2026-08-15 03:51:44] INFO Epoch 022 | train batch=120/1418 | elapsed=0.9 min | eta=10.2 min
[2026-08-15 03:51:49] INFO Epoch 022 | train batch=130/1418 | elapsed=1.0 min | eta=10.1 min
[2026-08-15 03:51:53] INFO Epoch 022 | train batch=140/1418 | elapsed=1.1 min | eta=10.0 min
[2026-08-15 03:51:58] INFO Epoch 022 | train batch=150/1418 | elapsed=1.2 min | eta=10.0 min
[2026-08-15 03:52:03] INFO Epoch 022 | train batch=160/1418 | elapsed=1.3 min | eta=9.9 min
[2026-08-15 03:52:08] INFO Epoch 022 | train batch=170/1418 | elapsed=1.3 min | eta=9.8 min
[2026-08-15 03:52:13] INFO Epoch 022 | train batch=180/1418 | elapsed=1.4 min | eta=9.8 min
[2026-08-15 03:52:17] INFO Epoch 022 | train batch=190/1418 | elapsed=1.5 min | eta=9.7 min
[2026-08-15 03:52:22] INFO Epoch 022 | train batch=200/1418 | elapsed=1.6 min | eta=9.6 min
[2026-08-15 03:52:27] INFO Epoch 022 | train batch=210/1418 | elapsed=1.7 min | eta=9.5 min
[2026-08-15 03:52:32] INFO Epoch 022 | train batch=220/1418 | elapsed=1.7 min | eta=9.5 min
[2026-08-15 03:52:36] INFO Epoch 022 | train batch=230/1418 | elapsed=1.8 min | eta=9.4 min
[2026-08-15 03:52:41] INFO Epoch 022 | train batch=240/1418 | elapsed=1.9 min | eta=9.3 min
[2026-08-15 03:52:46] INFO Epoch 022 | train batch=250/1418 | elapsed=2.0 min | eta=9.2 min
[2026-08-15 03:52:50] INFO Epoch 022 | train batch=260/1418 | elapsed=2.0 min | eta=9.1 min
[2026-08-15 03:52:55] INFO Epoch 022 | train batch=270/1418 | elapsed=2.1 min | eta=9.0 min
[2026-08-15 03:53:00] INFO Epoch 022 | train batch=280/1418 | elapsed=2.2 min | eta=9.0 min
[2026-08-15 03:53:04] INFO Epoch 022 | train batch=290/1418 | elapsed=2.3 min | eta=8.9 min
[2026-08-15 03:53:09] INFO Epoch 022 | train batch=300/1418 | elapsed=2.4 min | eta=8.8 min
[2026-08-15 03:53:14] INFO Epoch 022 | train batch=310/1418 | elapsed=2.4 min | eta=8.7 min
[2026-08-15 03:53:19] INFO Epoch 022 | train batch=320/1418 | elapsed=2.5 min | eta=8.7 min
[2026-08-15 03:53:24] INFO Epoch 022 | train batch=330/1418 | elapsed=2.6 min | eta=8.6 min
[2026-08-15 03:53:28] INFO Epoch 022 | train batch=340/1418 | elapsed=2.7 min | eta=8.5 min
[2026-08-15 03:53:33] INFO Epoch 022 | train batch=350/1418 | elapsed=2.8 min | eta=8.4 min
[2026-08-15 03:53:38] INFO Epoch 022 | train batch=360/1418 | elapsed=2.8 min | eta=8.4 min
[2026-08-15 03:53:43] INFO Epoch 022 | train batch=370/1418 | elapsed=2.9 min | eta=8.3 min
[2026-08-15 03:53:48] INFO Epoch 022 | train batch=380/1418 | elapsed=3.0 min | eta=8.2 min
[2026-08-15 03:53:52] INFO Epoch 022 | train batch=390/1418 | elapsed=3.1 min | eta=8.1 min
[2026-08-15 03:53:57] INFO Epoch 022 | train batch=400/1418 | elapsed=3.2 min | eta=8.0 min
[2026-08-15 03:54:02] INFO Epoch 022 | train batch=410/1418 | elapsed=3.2 min | eta=8.0 min
[2026-08-15 03:54:06] INFO Epoch 022 | train batch=420/1418 | elapsed=3.3 min | eta=7.9 min
[2026-08-15 03:54:11] INFO Epoch 022 | train batch=430/1418 | elapsed=3.4 min | eta=7.8 min
[2026-08-15 03:54:16] INFO Epoch 022 | train batch=440/1418 | elapsed=3.5 min | eta=7.7 min
[2026-08-15 03:54:21] INFO Epoch 022 | train batch=450/1418 | elapsed=3.6 min | eta=7.7 min
[2026-08-15 03:54:25] INFO Epoch 022 | train batch=460/1418 | elapsed=3.6 min | eta=7.6 min
[2026-08-15 03:54:31] INFO Epoch 022 | train batch=470/1418 | elapsed=3.7 min | eta=7.5 min
[2026-08-15 03:54:35] INFO Epoch 022 | train batch=480/1418 | elapsed=3.8 min | eta=7.4 min
[2026-08-15 03:54:40] INFO Epoch 022 | train batch=490/1418 | elapsed=3.9 min | eta=7.3 min
[2026-08-15 03:54:44] INFO Epoch 022 | train batch=500/1418 | elapsed=3.9 min | eta=7.2 min
[2026-08-15 03:54:49] INFO Epoch 022 | train batch=510/1418 | elapsed=4.0 min | eta=7.2 min
[2026-08-15 03:54:53] INFO Epoch 022 | train batch=520/1418 | elapsed=4.1 min | eta=7.1 min
[2026-08-15 03:54:58] INFO Epoch 022 | train batch=530/1418 | elapsed=4.2 min | eta=7.0 min
[2026-08-15 03:55:03] INFO Epoch 022 | train batch=540/1418 | elapsed=4.3 min | eta=6.9 min
[2026-08-15 03:55:08] INFO Epoch 022 | train batch=550/1418 | elapsed=4.3 min | eta=6.8 min
[2026-08-15 03:55:12] INFO Epoch 022 | train batch=560/1418 | elapsed=4.4 min | eta=6.8 min
[2026-08-15 03:55:17] INFO Epoch 022 | train batch=570/1418 | elapsed=4.5 min | eta=6.7 min
[2026-08-15 03:55:21] INFO Epoch 022 | train batch=580/1418 | elapsed=4.6 min | eta=6.6 min
[2026-08-15 03:55:26] INFO Epoch 022 | train batch=590/1418 | elapsed=4.6 min | eta=6.5 min
[2026-08-15 03:55:31] INFO Epoch 022 | train batch=600/1418 | elapsed=4.7 min | eta=6.5 min
[2026-08-15 03:55:36] INFO Epoch 022 | train batch=610/1418 | elapsed=4.8 min | eta=6.4 min
[2026-08-15 03:55:41] INFO Epoch 022 | train batch=620/1418 | elapsed=4.9 min | eta=6.3 min
[2026-08-15 03:55:45] INFO Epoch 022 | train batch=630/1418 | elapsed=5.0 min | eta=6.2 min
[2026-08-15 03:55:50] INFO Epoch 022 | train batch=640/1418 | elapsed=5.0 min | eta=6.1 min
[2026-08-15 03:55:55] INFO Epoch 022 | train batch=650/1418 | elapsed=5.1 min | eta=6.1 min
[2026-08-15 03:56:00] INFO Epoch 022 | train batch=660/1418 | elapsed=5.2 min | eta=6.0 min
[2026-08-15 03:56:04] INFO Epoch 022 | train batch=670/1418 | elapsed=5.3 min | eta=5.9 min
[2026-08-15 03:56:09] INFO Epoch 022 | train batch=680/1418 | elapsed=5.4 min | eta=5.8 min
[2026-08-15 03:56:14] INFO Epoch 022 | train batch=690/1418 | elapsed=5.4 min | eta=5.7 min
[2026-08-15 03:56:18] INFO Epoch 022 | train batch=700/1418 | elapsed=5.5 min | eta=5.7 min
[2026-08-15 03:56:23] INFO Epoch 022 | train batch=710/1418 | elapsed=5.6 min | eta=5.6 min
[2026-08-15 03:56:28] INFO Epoch 022 | train batch=720/1418 | elapsed=5.7 min | eta=5.5 min
[2026-08-15 03:56:32] INFO Epoch 022 | train batch=730/1418 | elapsed=5.7 min | eta=5.4 min
[2026-08-15 03:56:37] INFO Epoch 022 | train batch=740/1418 | elapsed=5.8 min | eta=5.3 min
[2026-08-15 03:56:41] INFO Epoch 022 | train batch=750/1418 | elapsed=5.9 min | eta=5.3 min
[2026-08-15 03:56:46] INFO Epoch 022 | train batch=760/1418 | elapsed=6.0 min | eta=5.2 min
[2026-08-15 03:56:51] INFO Epoch 022 | train batch=770/1418 | elapsed=6.1 min | eta=5.1 min
[2026-08-15 03:56:56] INFO Epoch 022 | train batch=780/1418 | elapsed=6.1 min | eta=5.0 min
[2026-08-15 03:57:00] INFO Epoch 022 | train batch=790/1418 | elapsed=6.2 min | eta=4.9 min
[2026-08-15 03:57:05] INFO Epoch 022 | train batch=800/1418 | elapsed=6.3 min | eta=4.9 min
[2026-08-15 03:57:10] INFO Epoch 022 | train batch=810/1418 | elapsed=6.4 min | eta=4.8 min
[2026-08-15 03:57:15] INFO Epoch 022 | train batch=820/1418 | elapsed=6.5 min | eta=4.7 min
[2026-08-15 03:57:19] INFO Epoch 022 | train batch=830/1418 | elapsed=6.5 min | eta=4.6 min
[2026-08-15 03:57:24] INFO Epoch 022 | train batch=840/1418 | elapsed=6.6 min | eta=4.5 min
[2026-08-15 03:57:29] INFO Epoch 022 | train batch=850/1418 | elapsed=6.7 min | eta=4.5 min
[2026-08-15 03:57:33] INFO Epoch 022 | train batch=860/1418 | elapsed=6.8 min | eta=4.4 min
[2026-08-15 03:57:38] INFO Epoch 022 | train batch=870/1418 | elapsed=6.8 min | eta=4.3 min
[2026-08-15 03:57:42] INFO Epoch 022 | train batch=880/1418 | elapsed=6.9 min | eta=4.2 min
[2026-08-15 03:57:47] INFO Epoch 022 | train batch=890/1418 | elapsed=7.0 min | eta=4.1 min
[2026-08-15 03:57:51] INFO Epoch 022 | train batch=900/1418 | elapsed=7.1 min | eta=4.1 min
[2026-08-15 03:57:56] INFO Epoch 022 | train batch=910/1418 | elapsed=7.1 min | eta=4.0 min
[2026-08-15 03:58:01] INFO Epoch 022 | train batch=920/1418 | elapsed=7.2 min | eta=3.9 min
[2026-08-15 03:58:06] INFO Epoch 022 | train batch=930/1418 | elapsed=7.3 min | eta=3.8 min
[2026-08-15 03:58:10] INFO Epoch 022 | train batch=940/1418 | elapsed=7.4 min | eta=3.8 min
[2026-08-15 03:58:15] INFO Epoch 022 | train batch=950/1418 | elapsed=7.5 min | eta=3.7 min
[2026-08-15 03:58:20] INFO Epoch 022 | train batch=960/1418 | elapsed=7.5 min | eta=3.6 min
[2026-08-15 03:58:25] INFO Epoch 022 | train batch=970/1418 | elapsed=7.6 min | eta=3.5 min
[2026-08-15 03:58:29] INFO Epoch 022 | train batch=980/1418 | elapsed=7.7 min | eta=3.4 min
[2026-08-15 03:58:34] INFO Epoch 022 | train batch=990/1418 | elapsed=7.8 min | eta=3.4 min
[2026-08-15 03:58:38] INFO Epoch 022 | train batch=1000/1418 | elapsed=7.8 min | eta=3.3 min
[2026-08-15 03:58:43] INFO Epoch 022 | train batch=1010/1418 | elapsed=7.9 min | eta=3.2 min
[2026-08-15 03:58:48] INFO Epoch 022 | train batch=1020/1418 | elapsed=8.0 min | eta=3.1 min
[2026-08-15 03:58:52] INFO Epoch 022 | train batch=1030/1418 | elapsed=8.1 min | eta=3.0 min
[2026-08-15 03:58:57] INFO Epoch 022 | train batch=1040/1418 | elapsed=8.2 min | eta=3.0 min
[2026-08-15 03:59:02] INFO Epoch 022 | train batch=1050/1418 | elapsed=8.2 min | eta=2.9 min
[2026-08-15 03:59:07] INFO Epoch 022 | train batch=1060/1418 | elapsed=8.3 min | eta=2.8 min
[2026-08-15 03:59:11] INFO Epoch 022 | train batch=1070/1418 | elapsed=8.4 min | eta=2.7 min
[2026-08-15 03:59:16] INFO Epoch 022 | train batch=1080/1418 | elapsed=8.5 min | eta=2.7 min
[2026-08-15 03:59:20] INFO Epoch 022 | train batch=1090/1418 | elapsed=8.5 min | eta=2.6 min
[2026-08-15 03:59:25] INFO Epoch 022 | train batch=1100/1418 | elapsed=8.6 min | eta=2.5 min
[2026-08-15 03:59:29] INFO Epoch 022 | train batch=1110/1418 | elapsed=8.7 min | eta=2.4 min
[2026-08-15 03:59:34] INFO Epoch 022 | train batch=1120/1418 | elapsed=8.8 min | eta=2.3 min
[2026-08-15 03:59:39] INFO Epoch 022 | train batch=1130/1418 | elapsed=8.9 min | eta=2.3 min
[2026-08-15 03:59:43] INFO Epoch 022 | train batch=1140/1418 | elapsed=8.9 min | eta=2.2 min
[2026-08-15 03:59:48] INFO Epoch 022 | train batch=1150/1418 | elapsed=9.0 min | eta=2.1 min
[2026-08-15 03:59:53] INFO Epoch 022 | train batch=1160/1418 | elapsed=9.1 min | eta=2.0 min
[2026-08-15 03:59:58] INFO Epoch 022 | train batch=1170/1418 | elapsed=9.2 min | eta=1.9 min
[2026-08-15 04:00:02] INFO Epoch 022 | train batch=1180/1418 | elapsed=9.2 min | eta=1.9 min
[2026-08-15 04:00:07] INFO Epoch 022 | train batch=1190/1418 | elapsed=9.3 min | eta=1.8 min
[2026-08-15 04:00:12] INFO Epoch 022 | train batch=1200/1418 | elapsed=9.4 min | eta=1.7 min
[2026-08-15 04:00:16] INFO Epoch 022 | train batch=1210/1418 | elapsed=9.5 min | eta=1.6 min
[2026-08-15 04:00:21] INFO Epoch 022 | train batch=1220/1418 | elapsed=9.6 min | eta=1.6 min
[2026-08-15 04:00:26] INFO Epoch 022 | train batch=1230/1418 | elapsed=9.6 min | eta=1.5 min
[2026-08-15 04:00:30] INFO Epoch 022 | train batch=1240/1418 | elapsed=9.7 min | eta=1.4 min
[2026-08-15 04:00:35] INFO Epoch 022 | train batch=1250/1418 | elapsed=9.8 min | eta=1.3 min
[2026-08-15 04:00:40] INFO Epoch 022 | train batch=1260/1418 | elapsed=9.9 min | eta=1.2 min
[2026-08-15 04:00:44] INFO Epoch 022 | train batch=1270/1418 | elapsed=9.9 min | eta=1.2 min
[2026-08-15 04:00:49] INFO Epoch 022 | train batch=1280/1418 | elapsed=10.0 min | eta=1.1 min
[2026-08-15 04:00:54] INFO Epoch 022 | train batch=1290/1418 | elapsed=10.1 min | eta=1.0 min
[2026-08-15 04:00:58] INFO Epoch 022 | train batch=1300/1418 | elapsed=10.2 min | eta=0.9 min
[2026-08-15 04:01:03] INFO Epoch 022 | train batch=1310/1418 | elapsed=10.3 min | eta=0.8 min
[2026-08-15 04:01:08] INFO Epoch 022 | train batch=1320/1418 | elapsed=10.3 min | eta=0.8 min
[2026-08-15 04:01:13] INFO Epoch 022 | train batch=1330/1418 | elapsed=10.4 min | eta=0.7 min
[2026-08-15 04:01:18] INFO Epoch 022 | train batch=1340/1418 | elapsed=10.5 min | eta=0.6 min
[2026-08-15 04:01:22] INFO Epoch 022 | train batch=1350/1418 | elapsed=10.6 min | eta=0.5 min
[2026-08-15 04:01:27] INFO Epoch 022 | train batch=1360/1418 | elapsed=10.7 min | eta=0.5 min
[2026-08-15 04:01:32] INFO Epoch 022 | train batch=1370/1418 | elapsed=10.7 min | eta=0.4 min
[2026-08-15 04:01:37] INFO Epoch 022 | train batch=1380/1418 | elapsed=10.8 min | eta=0.3 min
[2026-08-15 04:01:41] INFO Epoch 022 | train batch=1390/1418 | elapsed=10.9 min | eta=0.2 min
[2026-08-15 04:01:46] INFO Epoch 022 | train batch=1400/1418 | elapsed=11.0 min | eta=0.1 min
[2026-08-15 04:01:51] INFO Epoch 022 | train batch=1410/1418 | elapsed=11.1 min | eta=0.1 min
[2026-08-15 04:01:54] INFO Epoch 022 | train batch=1418/1418 | elapsed=11.1 min | eta=0.0 min
[2026-08-15 04:01:54] INFO Epoch 022 | val batch=1/188 | elapsed=0.0 min | eta=0.5 min
[2026-08-15 04:01:56] INFO Epoch 022 | val batch=10/188 | elapsed=0.0 min | eta=0.6 min
[2026-08-15 04:01:59] INFO Epoch 022 | val batch=20/188 | elapsed=0.1 min | eta=0.6 min
[2026-08-15 04:02:01] INFO Epoch 022 | val batch=30/188 | elapsed=0.1 min | eta=0.6 min
[2026-08-15 04:02:03] INFO Epoch 022 | val batch=40/188 | elapsed=0.1 min | eta=0.5 min
[2026-08-15 04:02:05] INFO Epoch 022 | val batch=50/188 | elapsed=0.2 min | eta=0.5 min
[2026-08-15 04:02:07] INFO Epoch 022 | val batch=60/188 | elapsed=0.2 min | eta=0.4 min
[2026-08-15 04:02:09] INFO Epoch 022 | val batch=70/188 | elapsed=0.2 min | eta=0.4 min
[2026-08-15 04:02:11] INFO Epoch 022 | val batch=80/188 | elapsed=0.3 min | eta=0.4 min
[2026-08-15 04:02:13] INFO Epoch 022 | val batch=90/188 | elapsed=0.3 min | eta=0.3 min
[2026-08-15 04:02:15] INFO Epoch 022 | val batch=100/188 | elapsed=0.3 min | eta=0.3 min
[2026-08-15 04:02:17] INFO Epoch 022 | val batch=110/188 | elapsed=0.4 min | eta=0.3 min
[2026-08-15 04:02:19] INFO Epoch 022 | val batch=120/188 | elapsed=0.4 min | eta=0.2 min
[2026-08-15 04:02:21] INFO Epoch 022 | val batch=130/188 | elapsed=0.5 min | eta=0.2 min
[2026-08-15 04:02:23] INFO Epoch 022 | val batch=140/188 | elapsed=0.5 min | eta=0.2 min
[2026-08-15 04:02:26] INFO Epoch 022 | val batch=150/188 | elapsed=0.5 min | eta=0.1 min
[2026-08-15 04:02:28] INFO Epoch 022 | val batch=160/188 | elapsed=0.6 min | eta=0.1 min
[2026-08-15 04:02:30] INFO Epoch 022 | val batch=170/188 | elapsed=0.6 min | eta=0.1 min
[2026-08-15 04:02:32] INFO Epoch 022 | val batch=180/188 | elapsed=0.6 min | eta=0.0 min
[2026-08-15 04:02:33] INFO Epoch 022 | val batch=188/188 | elapsed=0.6 min | eta=0.0 min
[2026-08-15 04:02:33] INFO Epoch 022 | train_total=0.445660 | val_total=0.435746 | val_mask=0.218227 | val_retrieval=2.175198 | val_profile=0.000000 | val_anchors=604396 | val_positive_pairs=0 | val_hard_negatives=0 | val_relation_candidates=7268824 | val_teacher_keff=3.787 | val_student_keff=7.703 | val_adapter_valid=0.966 | val_adapter_gate=0.133 | val_adapter_spatial_gate=0.119 | val_adapter_ratio=0.662152 | val_adapter_modulation=0.741430 | val_adapter_modulation_std=0.536144 | val_adapter_group_gate_std=0.157936 | val_adapter_low_rank=5.835244 | val_adapter_direct=1.679766 | val_masked_positions=42201498 | skipped(train/val)=0/0
[2026-08-15 04:02:33] INFO Epoch 023/050 started | train_batches=1418 | val_batches=188
[2026-08-15 04:02:34] INFO Epoch 023 | train batch=1/1418 | elapsed=0.0 min | eta=9.9 min
[2026-08-15 04:02:38] INFO Epoch 023 | train batch=10/1418 | elapsed=0.1 min | eta=10.8 min
[2026-08-15 04:02:43] INFO Epoch 023 | train batch=20/1418 | elapsed=0.2 min | eta=10.9 min
[2026-08-15 04:02:47] INFO Epoch 023 | train batch=30/1418 | elapsed=0.2 min | eta=10.8 min
[2026-08-15 04:02:52] INFO Epoch 023 | train batch=40/1418 | elapsed=0.3 min | eta=10.8 min
[2026-08-15 04:02:57] INFO Epoch 023 | train batch=50/1418 | elapsed=0.4 min | eta=10.6 min
[2026-08-15 04:03:01] INFO Epoch 023 | train batch=60/1418 | elapsed=0.5 min | eta=10.5 min
[2026-08-15 04:03:06] INFO Epoch 023 | train batch=70/1418 | elapsed=0.5 min | eta=10.5 min
[2026-08-15 04:03:11] INFO Epoch 023 | train batch=80/1418 | elapsed=0.6 min | eta=10.4 min
[2026-08-15 04:03:16] INFO Epoch 023 | train batch=90/1418 | elapsed=0.7 min | eta=10.4 min
[2026-08-15 04:03:20] INFO Epoch 023 | train batch=100/1418 | elapsed=0.8 min | eta=10.3 min
[2026-08-15 04:03:25] INFO Epoch 023 | train batch=110/1418 | elapsed=0.9 min | eta=10.3 min
[2026-08-15 04:03:30] INFO Epoch 023 | train batch=120/1418 | elapsed=0.9 min | eta=10.2 min
[2026-08-15 04:03:35] INFO Epoch 023 | train batch=130/1418 | elapsed=1.0 min | eta=10.1 min
[2026-08-15 04:03:39] INFO Epoch 023 | train batch=140/1418 | elapsed=1.1 min | eta=10.0 min
[2026-08-15 04:03:44] INFO Epoch 023 | train batch=150/1418 | elapsed=1.2 min | eta=9.9 min
[2026-08-15 04:03:49] INFO Epoch 023 | train batch=160/1418 | elapsed=1.3 min | eta=9.9 min
[2026-08-15 04:03:53] INFO Epoch 023 | train batch=170/1418 | elapsed=1.3 min | eta=9.8 min
[2026-08-15 04:03:58] INFO Epoch 023 | train batch=180/1418 | elapsed=1.4 min | eta=9.8 min
[2026-08-15 04:04:03] INFO Epoch 023 | train batch=190/1418 | elapsed=1.5 min | eta=9.7 min
[2026-08-15 04:04:08] INFO Epoch 023 | train batch=200/1418 | elapsed=1.6 min | eta=9.6 min
[2026-08-15 04:04:12] INFO Epoch 023 | train batch=210/1418 | elapsed=1.6 min | eta=9.5 min
[2026-08-15 04:04:17] INFO Epoch 023 | train batch=220/1418 | elapsed=1.7 min | eta=9.4 min
[2026-08-15 04:04:22] INFO Epoch 023 | train batch=230/1418 | elapsed=1.8 min | eta=9.4 min
[2026-08-15 04:04:26] INFO Epoch 023 | train batch=240/1418 | elapsed=1.9 min | eta=9.3 min
[2026-08-15 04:04:31] INFO Epoch 023 | train batch=250/1418 | elapsed=2.0 min | eta=9.2 min
[2026-08-15 04:04:36] INFO Epoch 023 | train batch=260/1418 | elapsed=2.0 min | eta=9.1 min
[2026-08-15 04:04:40] INFO Epoch 023 | train batch=270/1418 | elapsed=2.1 min | eta=9.0 min
[2026-08-15 04:04:45] INFO Epoch 023 | train batch=280/1418 | elapsed=2.2 min | eta=8.9 min
[2026-08-15 04:04:50] INFO Epoch 023 | train batch=290/1418 | elapsed=2.3 min | eta=8.9 min
[2026-08-15 04:04:55] INFO Epoch 023 | train batch=300/1418 | elapsed=2.4 min | eta=8.8 min
[2026-08-15 04:04:59] INFO Epoch 023 | train batch=310/1418 | elapsed=2.4 min | eta=8.7 min
[2026-08-15 04:05:04] INFO Epoch 023 | train batch=320/1418 | elapsed=2.5 min | eta=8.6 min
[2026-08-15 04:05:09] INFO Epoch 023 | train batch=330/1418 | elapsed=2.6 min | eta=8.5 min
[2026-08-15 04:05:13] INFO Epoch 023 | train batch=340/1418 | elapsed=2.7 min | eta=8.5 min
[2026-08-15 04:05:18] INFO Epoch 023 | train batch=350/1418 | elapsed=2.7 min | eta=8.4 min
[2026-08-15 04:05:23] INFO Epoch 023 | train batch=360/1418 | elapsed=2.8 min | eta=8.3 min
[2026-08-15 04:05:28] INFO Epoch 023 | train batch=370/1418 | elapsed=2.9 min | eta=8.2 min
[2026-08-15 04:05:33] INFO Epoch 023 | train batch=380/1418 | elapsed=3.0 min | eta=8.2 min
[2026-08-15 04:05:37] INFO Epoch 023 | train batch=390/1418 | elapsed=3.1 min | eta=8.1 min
[2026-08-15 04:05:42] INFO Epoch 023 | train batch=400/1418 | elapsed=3.1 min | eta=8.0 min
[2026-08-15 04:05:47] INFO Epoch 023 | train batch=410/1418 | elapsed=3.2 min | eta=7.9 min
[2026-08-15 04:05:52] INFO Epoch 023 | train batch=420/1418 | elapsed=3.3 min | eta=7.9 min
[2026-08-15 04:05:56] INFO Epoch 023 | train batch=430/1418 | elapsed=3.4 min | eta=7.8 min
[2026-08-15 04:06:01] INFO Epoch 023 | train batch=440/1418 | elapsed=3.5 min | eta=7.7 min
[2026-08-15 04:06:05] INFO Epoch 023 | train batch=450/1418 | elapsed=3.5 min | eta=7.6 min
[2026-08-15 04:06:10] INFO Epoch 023 | train batch=460/1418 | elapsed=3.6 min | eta=7.5 min
[2026-08-15 04:06:14] INFO Epoch 023 | train batch=470/1418 | elapsed=3.7 min | eta=7.4 min
[2026-08-15 04:06:19] INFO Epoch 023 | train batch=480/1418 | elapsed=3.8 min | eta=7.4 min
[2026-08-15 04:06:24] INFO Epoch 023 | train batch=490/1418 | elapsed=3.8 min | eta=7.3 min
[2026-08-15 04:06:29] INFO Epoch 023 | train batch=500/1418 | elapsed=3.9 min | eta=7.2 min
[2026-08-15 04:06:33] INFO Epoch 023 | train batch=510/1418 | elapsed=4.0 min | eta=7.1 min
[2026-08-15 04:06:38] INFO Epoch 023 | train batch=520/1418 | elapsed=4.1 min | eta=7.0 min
[2026-08-15 04:06:43] INFO Epoch 023 | train batch=530/1418 | elapsed=4.2 min | eta=7.0 min
[2026-08-15 04:06:47] INFO Epoch 023 | train batch=540/1418 | elapsed=4.2 min | eta=6.9 min
[2026-08-15 04:06:52] INFO Epoch 023 | train batch=550/1418 | elapsed=4.3 min | eta=6.8 min
[2026-08-15 04:06:57] INFO Epoch 023 | train batch=560/1418 | elapsed=4.4 min | eta=6.7 min
[2026-08-15 04:07:01] INFO Epoch 023 | train batch=570/1418 | elapsed=4.5 min | eta=6.7 min
[2026-08-15 04:07:06] INFO Epoch 023 | train batch=580/1418 | elapsed=4.6 min | eta=6.6 min
[2026-08-15 04:07:11] INFO Epoch 023 | train batch=590/1418 | elapsed=4.6 min | eta=6.5 min
[2026-08-15 04:07:16] INFO Epoch 023 | train batch=600/1418 | elapsed=4.7 min | eta=6.4 min
[2026-08-15 04:07:20] INFO Epoch 023 | train batch=610/1418 | elapsed=4.8 min | eta=6.3 min
[2026-08-15 04:07:25] INFO Epoch 023 | train batch=620/1418 | elapsed=4.9 min | eta=6.3 min
[2026-08-15 04:07:29] INFO Epoch 023 | train batch=630/1418 | elapsed=4.9 min | eta=6.2 min
[2026-08-15 04:07:34] INFO Epoch 023 | train batch=640/1418 | elapsed=5.0 min | eta=6.1 min
[2026-08-15 04:07:39] INFO Epoch 023 | train batch=650/1418 | elapsed=5.1 min | eta=6.0 min
[2026-08-15 04:07:43] INFO Epoch 023 | train batch=660/1418 | elapsed=5.2 min | eta=5.9 min
[2026-08-15 04:07:48] INFO Epoch 023 | train batch=670/1418 | elapsed=5.2 min | eta=5.9 min
[2026-08-15 04:07:53] INFO Epoch 023 | train batch=680/1418 | elapsed=5.3 min | eta=5.8 min
[2026-08-15 04:07:57] INFO Epoch 023 | train batch=690/1418 | elapsed=5.4 min | eta=5.7 min
[2026-08-15 04:08:02] INFO Epoch 023 | train batch=700/1418 | elapsed=5.5 min | eta=5.6 min
[2026-08-15 04:08:07] INFO Epoch 023 | train batch=710/1418 | elapsed=5.6 min | eta=5.5 min
[2026-08-15 04:08:12] INFO Epoch 023 | train batch=720/1418 | elapsed=5.6 min | eta=5.5 min
[2026-08-15 04:08:17] INFO Epoch 023 | train batch=730/1418 | elapsed=5.7 min | eta=5.4 min
[2026-08-15 04:08:21] INFO Epoch 023 | train batch=740/1418 | elapsed=5.8 min | eta=5.3 min
[2026-08-15 04:08:26] INFO Epoch 023 | train batch=750/1418 | elapsed=5.9 min | eta=5.2 min
[2026-08-15 04:08:31] INFO Epoch 023 | train batch=760/1418 | elapsed=6.0 min | eta=5.2 min
[2026-08-15 04:08:35] INFO Epoch 023 | train batch=770/1418 | elapsed=6.0 min | eta=5.1 min
[2026-08-15 04:08:40] INFO Epoch 023 | train batch=780/1418 | elapsed=6.1 min | eta=5.0 min
[2026-08-15 04:08:45] INFO Epoch 023 | train batch=790/1418 | elapsed=6.2 min | eta=4.9 min
[2026-08-15 04:08:50] INFO Epoch 023 | train batch=800/1418 | elapsed=6.3 min | eta=4.8 min
[2026-08-15 04:08:54] INFO Epoch 023 | train batch=810/1418 | elapsed=6.3 min | eta=4.8 min
[2026-08-15 04:08:59] INFO Epoch 023 | train batch=820/1418 | elapsed=6.4 min | eta=4.7 min
[2026-08-15 04:09:04] INFO Epoch 023 | train batch=830/1418 | elapsed=6.5 min | eta=4.6 min
[2026-08-15 04:09:08] INFO Epoch 023 | train batch=840/1418 | elapsed=6.6 min | eta=4.5 min
[2026-08-15 04:09:13] INFO Epoch 023 | train batch=850/1418 | elapsed=6.7 min | eta=4.5 min
[2026-08-15 04:09:18] INFO Epoch 023 | train batch=860/1418 | elapsed=6.7 min | eta=4.4 min
[2026-08-15 04:09:22] INFO Epoch 023 | train batch=870/1418 | elapsed=6.8 min | eta=4.3 min
[2026-08-15 04:09:27] INFO Epoch 023 | train batch=880/1418 | elapsed=6.9 min | eta=4.2 min
[2026-08-15 04:09:32] INFO Epoch 023 | train batch=890/1418 | elapsed=7.0 min | eta=4.1 min
[2026-08-15 04:09:37] INFO Epoch 023 | train batch=900/1418 | elapsed=7.1 min | eta=4.1 min
[2026-08-15 04:09:42] INFO Epoch 023 | train batch=910/1418 | elapsed=7.1 min | eta=4.0 min
[2026-08-15 04:09:47] INFO Epoch 023 | train batch=920/1418 | elapsed=7.2 min | eta=3.9 min
[2026-08-15 04:09:51] INFO Epoch 023 | train batch=930/1418 | elapsed=7.3 min | eta=3.8 min
[2026-08-15 04:09:56] INFO Epoch 023 | train batch=940/1418 | elapsed=7.4 min | eta=3.8 min
[2026-08-15 04:10:01] INFO Epoch 023 | train batch=950/1418 | elapsed=7.5 min | eta=3.7 min
[2026-08-15 04:10:06] INFO Epoch 023 | train batch=960/1418 | elapsed=7.5 min | eta=3.6 min
[2026-08-15 04:10:10] INFO Epoch 023 | train batch=970/1418 | elapsed=7.6 min | eta=3.5 min
[2026-08-15 04:10:15] INFO Epoch 023 | train batch=980/1418 | elapsed=7.7 min | eta=3.4 min
[2026-08-15 04:10:20] INFO Epoch 023 | train batch=990/1418 | elapsed=7.8 min | eta=3.4 min
[2026-08-15 04:10:24] INFO Epoch 023 | train batch=1000/1418 | elapsed=7.8 min | eta=3.3 min
[2026-08-15 04:10:29] INFO Epoch 023 | train batch=1010/1418 | elapsed=7.9 min | eta=3.2 min
[2026-08-15 04:10:33] INFO Epoch 023 | train batch=1020/1418 | elapsed=8.0 min | eta=3.1 min
[2026-08-15 04:10:38] INFO Epoch 023 | train batch=1030/1418 | elapsed=8.1 min | eta=3.0 min
[2026-08-15 04:10:42] INFO Epoch 023 | train batch=1040/1418 | elapsed=8.1 min | eta=3.0 min
[2026-08-15 04:10:47] INFO Epoch 023 | train batch=1050/1418 | elapsed=8.2 min | eta=2.9 min
[2026-08-15 04:10:51] INFO Epoch 023 | train batch=1060/1418 | elapsed=8.3 min | eta=2.8 min
[2026-08-15 04:10:56] INFO Epoch 023 | train batch=1070/1418 | elapsed=8.4 min | eta=2.7 min
[2026-08-15 04:11:01] INFO Epoch 023 | train batch=1080/1418 | elapsed=8.5 min | eta=2.6 min
[2026-08-15 04:11:05] INFO Epoch 023 | train batch=1090/1418 | elapsed=8.5 min | eta=2.6 min
[2026-08-15 04:11:10] INFO Epoch 023 | train batch=1100/1418 | elapsed=8.6 min | eta=2.5 min
[2026-08-15 04:11:15] INFO Epoch 023 | train batch=1110/1418 | elapsed=8.7 min | eta=2.4 min
[2026-08-15 04:11:20] INFO Epoch 023 | train batch=1120/1418 | elapsed=8.8 min | eta=2.3 min
[2026-08-15 04:11:24] INFO Epoch 023 | train batch=1130/1418 | elapsed=8.9 min | eta=2.3 min
[2026-08-15 04:11:29] INFO Epoch 023 | train batch=1140/1418 | elapsed=8.9 min | eta=2.2 min
[2026-08-15 04:11:34] INFO Epoch 023 | train batch=1150/1418 | elapsed=9.0 min | eta=2.1 min
[2026-08-15 04:11:39] INFO Epoch 023 | train batch=1160/1418 | elapsed=9.1 min | eta=2.0 min
[2026-08-15 04:11:43] INFO Epoch 023 | train batch=1170/1418 | elapsed=9.2 min | eta=1.9 min
[2026-08-15 04:11:48] INFO Epoch 023 | train batch=1180/1418 | elapsed=9.2 min | eta=1.9 min
[2026-08-15 04:11:53] INFO Epoch 023 | train batch=1190/1418 | elapsed=9.3 min | eta=1.8 min
[2026-08-15 04:11:57] INFO Epoch 023 | train batch=1200/1418 | elapsed=9.4 min | eta=1.7 min
[2026-08-15 04:12:02] INFO Epoch 023 | train batch=1210/1418 | elapsed=9.5 min | eta=1.6 min
[2026-08-15 04:12:07] INFO Epoch 023 | train batch=1220/1418 | elapsed=9.6 min | eta=1.6 min
[2026-08-15 04:12:12] INFO Epoch 023 | train batch=1230/1418 | elapsed=9.6 min | eta=1.5 min
[2026-08-15 04:12:17] INFO Epoch 023 | train batch=1240/1418 | elapsed=9.7 min | eta=1.4 min
[2026-08-15 04:12:21] INFO Epoch 023 | train batch=1250/1418 | elapsed=9.8 min | eta=1.3 min
[2026-08-15 04:12:26] INFO Epoch 023 | train batch=1260/1418 | elapsed=9.9 min | eta=1.2 min
[2026-08-15 04:12:31] INFO Epoch 023 | train batch=1270/1418 | elapsed=10.0 min | eta=1.2 min
[2026-08-15 04:12:36] INFO Epoch 023 | train batch=1280/1418 | elapsed=10.0 min | eta=1.1 min
[2026-08-15 04:12:41] INFO Epoch 023 | train batch=1290/1418 | elapsed=10.1 min | eta=1.0 min
[2026-08-15 04:12:45] INFO Epoch 023 | train batch=1300/1418 | elapsed=10.2 min | eta=0.9 min
[2026-08-15 04:12:50] INFO Epoch 023 | train batch=1310/1418 | elapsed=10.3 min | eta=0.8 min
[2026-08-15 04:12:55] INFO Epoch 023 | train batch=1320/1418 | elapsed=10.4 min | eta=0.8 min
[2026-08-15 04:12:59] INFO Epoch 023 | train batch=1330/1418 | elapsed=10.4 min | eta=0.7 min
[2026-08-15 04:13:04] INFO Epoch 023 | train batch=1340/1418 | elapsed=10.5 min | eta=0.6 min
[2026-08-15 04:13:08] INFO Epoch 023 | train batch=1350/1418 | elapsed=10.6 min | eta=0.5 min
[2026-08-15 04:13:13] INFO Epoch 023 | train batch=1360/1418 | elapsed=10.7 min | eta=0.5 min
[2026-08-15 04:13:18] INFO Epoch 023 | train batch=1370/1418 | elapsed=10.7 min | eta=0.4 min
[2026-08-15 04:13:23] INFO Epoch 023 | train batch=1380/1418 | elapsed=10.8 min | eta=0.3 min
[2026-08-15 04:13:27] INFO Epoch 023 | train batch=1390/1418 | elapsed=10.9 min | eta=0.2 min
[2026-08-15 04:13:32] INFO Epoch 023 | train batch=1400/1418 | elapsed=11.0 min | eta=0.1 min
[2026-08-15 04:13:36] INFO Epoch 023 | train batch=1410/1418 | elapsed=11.0 min | eta=0.1 min
[2026-08-15 04:13:40] INFO Epoch 023 | train batch=1418/1418 | elapsed=11.1 min | eta=0.0 min
[2026-08-15 04:13:40] INFO Epoch 023 | val batch=1/188 | elapsed=0.0 min | eta=0.5 min
[2026-08-15 04:13:42] INFO Epoch 023 | val batch=10/188 | elapsed=0.0 min | eta=0.6 min
[2026-08-15 04:13:44] INFO Epoch 023 | val batch=20/188 | elapsed=0.1 min | eta=0.6 min
[2026-08-15 04:13:46] INFO Epoch 023 | val batch=30/188 | elapsed=0.1 min | eta=0.5 min
[2026-08-15 04:13:48] INFO Epoch 023 | val batch=40/188 | elapsed=0.1 min | eta=0.5 min
[2026-08-15 04:13:50] INFO Epoch 023 | val batch=50/188 | elapsed=0.2 min | eta=0.5 min
[2026-08-15 04:13:52] INFO Epoch 023 | val batch=60/188 | elapsed=0.2 min | eta=0.4 min
[2026-08-15 04:13:54] INFO Epoch 023 | val batch=70/188 | elapsed=0.2 min | eta=0.4 min
[2026-08-15 04:13:56] INFO Epoch 023 | val batch=80/188 | elapsed=0.3 min | eta=0.4 min
[2026-08-15 04:13:58] INFO Epoch 023 | val batch=90/188 | elapsed=0.3 min | eta=0.3 min
[2026-08-15 04:14:00] INFO Epoch 023 | val batch=100/188 | elapsed=0.3 min | eta=0.3 min
[2026-08-15 04:14:02] INFO Epoch 023 | val batch=110/188 | elapsed=0.4 min | eta=0.3 min
[2026-08-15 04:14:05] INFO Epoch 023 | val batch=120/188 | elapsed=0.4 min | eta=0.2 min
[2026-08-15 04:14:07] INFO Epoch 023 | val batch=130/188 | elapsed=0.4 min | eta=0.2 min
[2026-08-15 04:14:09] INFO Epoch 023 | val batch=140/188 | elapsed=0.5 min | eta=0.2 min
[2026-08-15 04:14:11] INFO Epoch 023 | val batch=150/188 | elapsed=0.5 min | eta=0.1 min
[2026-08-15 04:14:13] INFO Epoch 023 | val batch=160/188 | elapsed=0.6 min | eta=0.1 min
[2026-08-15 04:14:15] INFO Epoch 023 | val batch=170/188 | elapsed=0.6 min | eta=0.1 min
[2026-08-15 04:14:17] INFO Epoch 023 | val batch=180/188 | elapsed=0.6 min | eta=0.0 min
[2026-08-15 04:14:18] INFO Epoch 023 | val batch=188/188 | elapsed=0.6 min | eta=0.0 min
[2026-08-15 04:14:18] INFO Epoch 023 | train_total=0.443006 | val_total=0.445656 | val_mask=0.228665 | val_retrieval=2.169918 | val_profile=0.000000 | val_anchors=604396 | val_positive_pairs=0 | val_hard_negatives=0 | val_relation_candidates=7268824 | val_teacher_keff=3.787 | val_student_keff=8.033 | val_adapter_valid=0.966 | val_adapter_gate=0.131 | val_adapter_spatial_gate=0.115 | val_adapter_ratio=0.720010 | val_adapter_modulation=0.736385 | val_adapter_modulation_std=0.540146 | val_adapter_group_gate_std=0.159275 | val_adapter_low_rank=6.449028 | val_adapter_direct=1.819060 | val_masked_positions=42142956 | skipped(train/val)=0/0
[2026-08-15 04:14:18] INFO Epoch 024/050 started | train_batches=1418 | val_batches=188
[2026-08-15 04:14:19] INFO Epoch 024 | train batch=1/1418 | elapsed=0.0 min | eta=9.9 min
[2026-08-15 04:14:23] INFO Epoch 024 | train batch=10/1418 | elapsed=0.1 min | eta=10.8 min
[2026-08-15 04:14:28] INFO Epoch 024 | train batch=20/1418 | elapsed=0.2 min | eta=10.9 min
[2026-08-15 04:14:33] INFO Epoch 024 | train batch=30/1418 | elapsed=0.2 min | eta=10.9 min
[2026-08-15 04:14:37] INFO Epoch 024 | train batch=40/1418 | elapsed=0.3 min | eta=10.7 min
[2026-08-15 04:14:42] INFO Epoch 024 | train batch=50/1418 | elapsed=0.4 min | eta=10.7 min
[2026-08-15 04:14:47] INFO Epoch 024 | train batch=60/1418 | elapsed=0.5 min | eta=10.6 min
[2026-08-15 04:14:51] INFO Epoch 024 | train batch=70/1418 | elapsed=0.5 min | eta=10.5 min
[2026-08-15 04:14:56] INFO Epoch 024 | train batch=80/1418 | elapsed=0.6 min | eta=10.5 min
[2026-08-15 04:15:01] INFO Epoch 024 | train batch=90/1418 | elapsed=0.7 min | eta=10.5 min
[2026-08-15 04:15:06] INFO Epoch 024 | train batch=100/1418 | elapsed=0.8 min | eta=10.4 min
[2026-08-15 04:15:10] INFO Epoch 024 | train batch=110/1418 | elapsed=0.9 min | eta=10.2 min
[2026-08-15 04:15:15] INFO Epoch 024 | train batch=120/1418 | elapsed=0.9 min | eta=10.1 min
[2026-08-15 04:15:19] INFO Epoch 024 | train batch=130/1418 | elapsed=1.0 min | eta=10.0 min
[2026-08-15 04:15:23] INFO Epoch 024 | train batch=140/1418 | elapsed=1.1 min | eta=9.9 min
[2026-08-15 04:15:28] INFO Epoch 024 | train batch=150/1418 | elapsed=1.2 min | eta=9.8 min
[2026-08-15 04:15:33] INFO Epoch 024 | train batch=160/1418 | elapsed=1.2 min | eta=9.7 min
[2026-08-15 04:15:38] INFO Epoch 024 | train batch=170/1418 | elapsed=1.3 min | eta=9.7 min
[2026-08-15 04:15:42] INFO Epoch 024 | train batch=180/1418 | elapsed=1.4 min | eta=9.6 min
[2026-08-15 04:15:47] INFO Epoch 024 | train batch=190/1418 | elapsed=1.5 min | eta=9.5 min
[2026-08-15 04:15:52] INFO Epoch 024 | train batch=200/1418 | elapsed=1.6 min | eta=9.5 min
[2026-08-15 04:15:57] INFO Epoch 024 | train batch=210/1418 | elapsed=1.6 min | eta=9.4 min
[2026-08-15 04:16:01] INFO Epoch 024 | train batch=220/1418 | elapsed=1.7 min | eta=9.3 min
[2026-08-15 04:16:06] INFO Epoch 024 | train batch=230/1418 | elapsed=1.8 min | eta=9.3 min
[2026-08-15 04:16:10] INFO Epoch 024 | train batch=240/1418 | elapsed=1.9 min | eta=9.2 min
[2026-08-15 04:16:15] INFO Epoch 024 | train batch=250/1418 | elapsed=1.9 min | eta=9.1 min
[2026-08-15 04:16:20] INFO Epoch 024 | train batch=260/1418 | elapsed=2.0 min | eta=9.0 min
[2026-08-15 04:16:24] INFO Epoch 024 | train batch=270/1418 | elapsed=2.1 min | eta=8.9 min
[2026-08-15 04:16:29] INFO Epoch 024 | train batch=280/1418 | elapsed=2.2 min | eta=8.9 min
[2026-08-15 04:16:34] INFO Epoch 024 | train batch=290/1418 | elapsed=2.3 min | eta=8.8 min
[2026-08-15 04:16:39] INFO Epoch 024 | train batch=300/1418 | elapsed=2.3 min | eta=8.7 min
[2026-08-15 04:16:44] INFO Epoch 024 | train batch=310/1418 | elapsed=2.4 min | eta=8.6 min
[2026-08-15 04:16:49] INFO Epoch 024 | train batch=320/1418 | elapsed=2.5 min | eta=8.6 min
[2026-08-15 04:16:53] INFO Epoch 024 | train batch=330/1418 | elapsed=2.6 min | eta=8.5 min
[2026-08-15 04:16:58] INFO Epoch 024 | train batch=340/1418 | elapsed=2.7 min | eta=8.4 min
[2026-08-15 04:17:02] INFO Epoch 024 | train batch=350/1418 | elapsed=2.7 min | eta=8.3 min
[2026-08-15 04:17:07] INFO Epoch 024 | train batch=360/1418 | elapsed=2.8 min | eta=8.2 min
[2026-08-15 04:17:12] INFO Epoch 024 | train batch=370/1418 | elapsed=2.9 min | eta=8.2 min
[2026-08-15 04:17:16] INFO Epoch 024 | train batch=380/1418 | elapsed=3.0 min | eta=8.1 min
[2026-08-15 04:17:21] INFO Epoch 024 | train batch=390/1418 | elapsed=3.0 min | eta=8.0 min
[2026-08-15 04:17:25] INFO Epoch 024 | train batch=400/1418 | elapsed=3.1 min | eta=7.9 min
[2026-08-15 04:17:30] INFO Epoch 024 | train batch=410/1418 | elapsed=3.2 min | eta=7.8 min
[2026-08-15 04:17:35] INFO Epoch 024 | train batch=420/1418 | elapsed=3.3 min | eta=7.8 min
[2026-08-15 04:17:40] INFO Epoch 024 | train batch=430/1418 | elapsed=3.4 min | eta=7.7 min
[2026-08-15 04:17:44] INFO Epoch 024 | train batch=440/1418 | elapsed=3.4 min | eta=7.6 min
[2026-08-15 04:17:49] INFO Epoch 024 | train batch=450/1418 | elapsed=3.5 min | eta=7.6 min
[2026-08-15 04:17:54] INFO Epoch 024 | train batch=460/1418 | elapsed=3.6 min | eta=7.5 min
[2026-08-15 04:17:59] INFO Epoch 024 | train batch=470/1418 | elapsed=3.7 min | eta=7.4 min
[2026-08-15 04:18:03] INFO Epoch 024 | train batch=480/1418 | elapsed=3.7 min | eta=7.3 min
[2026-08-15 04:18:08] INFO Epoch 024 | train batch=490/1418 | elapsed=3.8 min | eta=7.2 min
[2026-08-15 04:18:12] INFO Epoch 024 | train batch=500/1418 | elapsed=3.9 min | eta=7.2 min
[2026-08-15 04:18:17] INFO Epoch 024 | train batch=510/1418 | elapsed=4.0 min | eta=7.1 min
[2026-08-15 04:18:22] INFO Epoch 024 | train batch=520/1418 | elapsed=4.1 min | eta=7.0 min
[2026-08-15 04:18:27] INFO Epoch 024 | train batch=530/1418 | elapsed=4.1 min | eta=6.9 min
[2026-08-15 04:18:31] INFO Epoch 024 | train batch=540/1418 | elapsed=4.2 min | eta=6.9 min
[2026-08-15 04:18:36] INFO Epoch 024 | train batch=550/1418 | elapsed=4.3 min | eta=6.8 min
[2026-08-15 04:18:41] INFO Epoch 024 | train batch=560/1418 | elapsed=4.4 min | eta=6.7 min
[2026-08-15 04:18:45] INFO Epoch 024 | train batch=570/1418 | elapsed=4.4 min | eta=6.6 min
[2026-08-15 04:18:50] INFO Epoch 024 | train batch=580/1418 | elapsed=4.5 min | eta=6.5 min
[2026-08-15 04:18:55] INFO Epoch 024 | train batch=590/1418 | elapsed=4.6 min | eta=6.5 min
[2026-08-15 04:18:59] INFO Epoch 024 | train batch=600/1418 | elapsed=4.7 min | eta=6.4 min
[2026-08-15 04:19:04] INFO Epoch 024 | train batch=610/1418 | elapsed=4.8 min | eta=6.3 min
[2026-08-15 04:19:09] INFO Epoch 024 | train batch=620/1418 | elapsed=4.8 min | eta=6.2 min
[2026-08-15 04:19:14] INFO Epoch 024 | train batch=630/1418 | elapsed=4.9 min | eta=6.2 min
[2026-08-15 04:19:18] INFO Epoch 024 | train batch=640/1418 | elapsed=5.0 min | eta=6.1 min
[2026-08-15 04:19:23] INFO Epoch 024 | train batch=650/1418 | elapsed=5.1 min | eta=6.0 min
[2026-08-15 04:19:28] INFO Epoch 024 | train batch=660/1418 | elapsed=5.2 min | eta=5.9 min
[2026-08-15 04:19:33] INFO Epoch 024 | train batch=670/1418 | elapsed=5.2 min | eta=5.8 min
[2026-08-15 04:19:37] INFO Epoch 024 | train batch=680/1418 | elapsed=5.3 min | eta=5.8 min
[2026-08-15 04:19:42] INFO Epoch 024 | train batch=690/1418 | elapsed=5.4 min | eta=5.7 min
[2026-08-15 04:19:47] INFO Epoch 024 | train batch=700/1418 | elapsed=5.5 min | eta=5.6 min
[2026-08-15 04:19:52] INFO Epoch 024 | train batch=710/1418 | elapsed=5.6 min | eta=5.5 min
[2026-08-15 04:19:57] INFO Epoch 024 | train batch=720/1418 | elapsed=5.6 min | eta=5.5 min
[2026-08-15 04:20:01] INFO Epoch 024 | train batch=730/1418 | elapsed=5.7 min | eta=5.4 min
[2026-08-15 04:20:06] INFO Epoch 024 | train batch=740/1418 | elapsed=5.8 min | eta=5.3 min
[2026-08-15 04:20:11] INFO Epoch 024 | train batch=750/1418 | elapsed=5.9 min | eta=5.2 min
[2026-08-15 04:20:15] INFO Epoch 024 | train batch=760/1418 | elapsed=5.9 min | eta=5.2 min
[2026-08-15 04:20:20] INFO Epoch 024 | train batch=770/1418 | elapsed=6.0 min | eta=5.1 min
[2026-08-15 04:20:25] INFO Epoch 024 | train batch=780/1418 | elapsed=6.1 min | eta=5.0 min
[2026-08-15 04:20:30] INFO Epoch 024 | train batch=790/1418 | elapsed=6.2 min | eta=4.9 min
[2026-08-15 04:20:34] INFO Epoch 024 | train batch=800/1418 | elapsed=6.3 min | eta=4.8 min
[2026-08-15 04:20:39] INFO Epoch 024 | train batch=810/1418 | elapsed=6.3 min | eta=4.8 min
[2026-08-15 04:20:44] INFO Epoch 024 | train batch=820/1418 | elapsed=6.4 min | eta=4.7 min
[2026-08-15 04:20:48] INFO Epoch 024 | train batch=830/1418 | elapsed=6.5 min | eta=4.6 min
[2026-08-15 04:20:53] INFO Epoch 024 | train batch=840/1418 | elapsed=6.6 min | eta=4.5 min
[2026-08-15 04:20:58] INFO Epoch 024 | train batch=850/1418 | elapsed=6.7 min | eta=4.4 min
[2026-08-15 04:21:02] INFO Epoch 024 | train batch=860/1418 | elapsed=6.7 min | eta=4.4 min
[2026-08-15 04:21:07] INFO Epoch 024 | train batch=870/1418 | elapsed=6.8 min | eta=4.3 min
[2026-08-15 04:21:12] INFO Epoch 024 | train batch=880/1418 | elapsed=6.9 min | eta=4.2 min
[2026-08-15 04:21:16] INFO Epoch 024 | train batch=890/1418 | elapsed=7.0 min | eta=4.1 min
[2026-08-15 04:21:21] INFO Epoch 024 | train batch=900/1418 | elapsed=7.0 min | eta=4.1 min
[2026-08-15 04:21:26] INFO Epoch 024 | train batch=910/1418 | elapsed=7.1 min | eta=4.0 min
[2026-08-15 04:21:30] INFO Epoch 024 | train batch=920/1418 | elapsed=7.2 min | eta=3.9 min
[2026-08-15 04:21:35] INFO Epoch 024 | train batch=930/1418 | elapsed=7.3 min | eta=3.8 min
[2026-08-15 04:21:40] INFO Epoch 024 | train batch=940/1418 | elapsed=7.4 min | eta=3.7 min
[2026-08-15 04:21:45] INFO Epoch 024 | train batch=950/1418 | elapsed=7.4 min | eta=3.7 min
[2026-08-15 04:21:49] INFO Epoch 024 | train batch=960/1418 | elapsed=7.5 min | eta=3.6 min
[2026-08-15 04:21:54] INFO Epoch 024 | train batch=970/1418 | elapsed=7.6 min | eta=3.5 min
[2026-08-15 04:21:59] INFO Epoch 024 | train batch=980/1418 | elapsed=7.7 min | eta=3.4 min
[2026-08-15 04:22:04] INFO Epoch 024 | train batch=990/1418 | elapsed=7.8 min | eta=3.4 min
[2026-08-15 04:22:08] INFO Epoch 024 | train batch=1000/1418 | elapsed=7.8 min | eta=3.3 min
[2026-08-15 04:22:13] INFO Epoch 024 | train batch=1010/1418 | elapsed=7.9 min | eta=3.2 min
[2026-08-15 04:22:18] INFO Epoch 024 | train batch=1020/1418 | elapsed=8.0 min | eta=3.1 min
[2026-08-15 04:22:22] INFO Epoch 024 | train batch=1030/1418 | elapsed=8.1 min | eta=3.0 min
[2026-08-15 04:22:27] INFO Epoch 024 | train batch=1040/1418 | elapsed=8.1 min | eta=3.0 min
[2026-08-15 04:22:32] INFO Epoch 024 | train batch=1050/1418 | elapsed=8.2 min | eta=2.9 min
[2026-08-15 04:22:36] INFO Epoch 024 | train batch=1060/1418 | elapsed=8.3 min | eta=2.8 min
[2026-08-15 04:22:41] INFO Epoch 024 | train batch=1070/1418 | elapsed=8.4 min | eta=2.7 min
[2026-08-15 04:22:46] INFO Epoch 024 | train batch=1080/1418 | elapsed=8.5 min | eta=2.6 min
[2026-08-15 04:22:50] INFO Epoch 024 | train batch=1090/1418 | elapsed=8.5 min | eta=2.6 min
[2026-08-15 04:22:55] INFO Epoch 024 | train batch=1100/1418 | elapsed=8.6 min | eta=2.5 min
[2026-08-15 04:23:00] INFO Epoch 024 | train batch=1110/1418 | elapsed=8.7 min | eta=2.4 min
[2026-08-15 04:23:05] INFO Epoch 024 | train batch=1120/1418 | elapsed=8.8 min | eta=2.3 min
[2026-08-15 04:23:10] INFO Epoch 024 | train batch=1130/1418 | elapsed=8.9 min | eta=2.3 min
[2026-08-15 04:23:14] INFO Epoch 024 | train batch=1140/1418 | elapsed=8.9 min | eta=2.2 min
[2026-08-15 04:23:19] INFO Epoch 024 | train batch=1150/1418 | elapsed=9.0 min | eta=2.1 min
[2026-08-15 04:23:24] INFO Epoch 024 | train batch=1160/1418 | elapsed=9.1 min | eta=2.0 min
[2026-08-15 04:23:28] INFO Epoch 024 | train batch=1170/1418 | elapsed=9.2 min | eta=1.9 min
[2026-08-15 04:23:33] INFO Epoch 024 | train batch=1180/1418 | elapsed=9.2 min | eta=1.9 min
[2026-08-15 04:23:37] INFO Epoch 024 | train batch=1190/1418 | elapsed=9.3 min | eta=1.8 min
[2026-08-15 04:23:42] INFO Epoch 024 | train batch=1200/1418 | elapsed=9.4 min | eta=1.7 min
[2026-08-15 04:23:47] INFO Epoch 024 | train batch=1210/1418 | elapsed=9.5 min | eta=1.6 min
[2026-08-15 04:23:52] INFO Epoch 024 | train batch=1220/1418 | elapsed=9.6 min | eta=1.6 min
[2026-08-15 04:23:57] INFO Epoch 024 | train batch=1230/1418 | elapsed=9.6 min | eta=1.5 min
[2026-08-15 04:24:01] INFO Epoch 024 | train batch=1240/1418 | elapsed=9.7 min | eta=1.4 min
[2026-08-15 04:24:06] INFO Epoch 024 | train batch=1250/1418 | elapsed=9.8 min | eta=1.3 min
[2026-08-15 04:24:10] INFO Epoch 024 | train batch=1260/1418 | elapsed=9.9 min | eta=1.2 min
[2026-08-15 04:24:15] INFO Epoch 024 | train batch=1270/1418 | elapsed=9.9 min | eta=1.2 min
[2026-08-15 04:24:19] INFO Epoch 024 | train batch=1280/1418 | elapsed=10.0 min | eta=1.1 min
[2026-08-15 04:24:24] INFO Epoch 024 | train batch=1290/1418 | elapsed=10.1 min | eta=1.0 min
[2026-08-15 04:24:29] INFO Epoch 024 | train batch=1300/1418 | elapsed=10.2 min | eta=0.9 min
[2026-08-15 04:24:34] INFO Epoch 024 | train batch=1310/1418 | elapsed=10.3 min | eta=0.8 min
[2026-08-15 04:24:39] INFO Epoch 024 | train batch=1320/1418 | elapsed=10.3 min | eta=0.8 min
[2026-08-15 04:24:43] INFO Epoch 024 | train batch=1330/1418 | elapsed=10.4 min | eta=0.7 min
[2026-08-15 04:24:48] INFO Epoch 024 | train batch=1340/1418 | elapsed=10.5 min | eta=0.6 min
[2026-08-15 04:24:53] INFO Epoch 024 | train batch=1350/1418 | elapsed=10.6 min | eta=0.5 min
[2026-08-15 04:24:58] INFO Epoch 024 | train batch=1360/1418 | elapsed=10.7 min | eta=0.5 min
[2026-08-15 04:25:02] INFO Epoch 024 | train batch=1370/1418 | elapsed=10.7 min | eta=0.4 min
[2026-08-15 04:25:07] INFO Epoch 024 | train batch=1380/1418 | elapsed=10.8 min | eta=0.3 min
[2026-08-15 04:25:11] INFO Epoch 024 | train batch=1390/1418 | elapsed=10.9 min | eta=0.2 min
[2026-08-15 04:25:16] INFO Epoch 024 | train batch=1400/1418 | elapsed=11.0 min | eta=0.1 min
[2026-08-15 04:25:20] INFO Epoch 024 | train batch=1410/1418 | elapsed=11.0 min | eta=0.1 min
[2026-08-15 04:25:24] INFO Epoch 024 | train batch=1418/1418 | elapsed=11.1 min | eta=0.0 min
[2026-08-15 04:25:25] INFO Epoch 024 | val batch=1/188 | elapsed=0.0 min | eta=0.5 min
[2026-08-15 04:25:26] INFO Epoch 024 | val batch=10/188 | elapsed=0.0 min | eta=0.6 min
[2026-08-15 04:25:29] INFO Epoch 024 | val batch=20/188 | elapsed=0.1 min | eta=0.6 min
[2026-08-15 04:25:31] INFO Epoch 024 | val batch=30/188 | elapsed=0.1 min | eta=0.6 min
[2026-08-15 04:25:33] INFO Epoch 024 | val batch=40/188 | elapsed=0.1 min | eta=0.5 min
[2026-08-15 04:25:35] INFO Epoch 024 | val batch=50/188 | elapsed=0.2 min | eta=0.5 min
[2026-08-15 04:25:37] INFO Epoch 024 | val batch=60/188 | elapsed=0.2 min | eta=0.4 min
[2026-08-15 04:25:39] INFO Epoch 024 | val batch=70/188 | elapsed=0.2 min | eta=0.4 min
[2026-08-15 04:25:41] INFO Epoch 024 | val batch=80/188 | elapsed=0.3 min | eta=0.4 min
[2026-08-15 04:25:43] INFO Epoch 024 | val batch=90/188 | elapsed=0.3 min | eta=0.3 min
[2026-08-15 04:25:45] INFO Epoch 024 | val batch=100/188 | elapsed=0.3 min | eta=0.3 min
[2026-08-15 04:25:47] INFO Epoch 024 | val batch=110/188 | elapsed=0.4 min | eta=0.3 min
[2026-08-15 04:25:49] INFO Epoch 024 | val batch=120/188 | elapsed=0.4 min | eta=0.2 min
[2026-08-15 04:25:52] INFO Epoch 024 | val batch=130/188 | elapsed=0.5 min | eta=0.2 min
[2026-08-15 04:25:54] INFO Epoch 024 | val batch=140/188 | elapsed=0.5 min | eta=0.2 min
[2026-08-15 04:25:56] INFO Epoch 024 | val batch=150/188 | elapsed=0.5 min | eta=0.1 min
[2026-08-15 04:25:58] INFO Epoch 024 | val batch=160/188 | elapsed=0.6 min | eta=0.1 min
[2026-08-15 04:26:00] INFO Epoch 024 | val batch=170/188 | elapsed=0.6 min | eta=0.1 min
[2026-08-15 04:26:02] INFO Epoch 024 | val batch=180/188 | elapsed=0.6 min | eta=0.0 min
[2026-08-15 04:26:03] INFO Epoch 024 | val batch=188/188 | elapsed=0.6 min | eta=0.0 min
[2026-08-15 04:26:03] INFO Epoch 024 | train_total=0.455725 | val_total=0.432757 | val_mask=0.215764 | val_retrieval=2.169935 | val_profile=0.000000 | val_anchors=604396 | val_positive_pairs=0 | val_hard_negatives=0 | val_relation_candidates=7268824 | val_teacher_keff=3.787 | val_student_keff=8.156 | val_adapter_valid=0.966 | val_adapter_gate=0.125 | val_adapter_spatial_gate=0.112 | val_adapter_ratio=0.664337 | val_adapter_modulation=0.738989 | val_adapter_modulation_std=0.532941 | val_adapter_group_gate_std=0.151381 | val_adapter_low_rank=6.324052 | val_adapter_direct=1.898724 | val_masked_positions=42196064 | skipped(train/val)=0/0
[2026-08-15 04:26:03] INFO Checkpoint updated | epoch=24 | best_val=0.432757 | path=C:\Users\clw\projects\researchRep\STAnchor-BlockMemory\artifacts\metrla_e5_final_latent48_cc_fgda_global288_seed42\pretrain_best.pt
[2026-08-15 04:26:03] INFO Epoch 025/050 started | train_batches=1418 | val_batches=188
[2026-08-15 04:26:04] INFO Epoch 025 | train batch=1/1418 | elapsed=0.0 min | eta=9.9 min
[2026-08-15 04:26:08] INFO Epoch 025 | train batch=10/1418 | elapsed=0.1 min | eta=11.3 min
[2026-08-15 04:26:13] INFO Epoch 025 | train batch=20/1418 | elapsed=0.2 min | eta=11.2 min
[2026-08-15 04:26:17] INFO Epoch 025 | train batch=30/1418 | elapsed=0.2 min | eta=10.7 min
[2026-08-15 04:26:22] INFO Epoch 025 | train batch=40/1418 | elapsed=0.3 min | eta=10.6 min
[2026-08-15 04:26:27] INFO Epoch 025 | train batch=50/1418 | elapsed=0.4 min | eta=10.6 min
[2026-08-15 04:26:32] INFO Epoch 025 | train batch=60/1418 | elapsed=0.5 min | eta=10.6 min
[2026-08-15 04:26:36] INFO Epoch 025 | train batch=70/1418 | elapsed=0.5 min | eta=10.5 min
[2026-08-15 04:26:41] INFO Epoch 025 | train batch=80/1418 | elapsed=0.6 min | eta=10.4 min
[2026-08-15 04:26:45] INFO Epoch 025 | train batch=90/1418 | elapsed=0.7 min | eta=10.3 min
[2026-08-15 04:26:50] INFO Epoch 025 | train batch=100/1418 | elapsed=0.8 min | eta=10.2 min
[2026-08-15 04:26:55] INFO Epoch 025 | train batch=110/1418 | elapsed=0.9 min | eta=10.2 min
[2026-08-15 04:26:59] INFO Epoch 025 | train batch=120/1418 | elapsed=0.9 min | eta=10.1 min
[2026-08-15 04:27:04] INFO Epoch 025 | train batch=130/1418 | elapsed=1.0 min | eta=10.0 min
[2026-08-15 04:27:09] INFO Epoch 025 | train batch=140/1418 | elapsed=1.1 min | eta=9.9 min
[2026-08-15 04:27:13] INFO Epoch 025 | train batch=150/1418 | elapsed=1.2 min | eta=9.8 min
[2026-08-15 04:27:18] INFO Epoch 025 | train batch=160/1418 | elapsed=1.2 min | eta=9.7 min
[2026-08-15 04:27:22] INFO Epoch 025 | train batch=170/1418 | elapsed=1.3 min | eta=9.7 min
[2026-08-15 04:27:27] INFO Epoch 025 | train batch=180/1418 | elapsed=1.4 min | eta=9.6 min
[2026-08-15 04:27:32] INFO Epoch 025 | train batch=190/1418 | elapsed=1.5 min | eta=9.5 min
[2026-08-15 04:27:37] INFO Epoch 025 | train batch=200/1418 | elapsed=1.6 min | eta=9.5 min
[2026-08-15 04:27:41] INFO Epoch 025 | train batch=210/1418 | elapsed=1.6 min | eta=9.4 min
[2026-08-15 04:27:46] INFO Epoch 025 | train batch=220/1418 | elapsed=1.7 min | eta=9.3 min
[2026-08-15 04:27:51] INFO Epoch 025 | train batch=230/1418 | elapsed=1.8 min | eta=9.2 min
[2026-08-15 04:27:55] INFO Epoch 025 | train batch=240/1418 | elapsed=1.9 min | eta=9.2 min
[2026-08-15 04:28:00] INFO Epoch 025 | train batch=250/1418 | elapsed=1.9 min | eta=9.1 min
[2026-08-15 04:28:05] INFO Epoch 025 | train batch=260/1418 | elapsed=2.0 min | eta=9.0 min
[2026-08-15 04:28:10] INFO Epoch 025 | train batch=270/1418 | elapsed=2.1 min | eta=8.9 min
[2026-08-15 04:28:14] INFO Epoch 025 | train batch=280/1418 | elapsed=2.2 min | eta=8.9 min
[2026-08-15 04:28:19] INFO Epoch 025 | train batch=290/1418 | elapsed=2.3 min | eta=8.8 min
[2026-08-15 04:28:24] INFO Epoch 025 | train batch=300/1418 | elapsed=2.3 min | eta=8.7 min
[2026-08-15 04:28:28] INFO Epoch 025 | train batch=310/1418 | elapsed=2.4 min | eta=8.6 min
[2026-08-15 04:28:33] INFO Epoch 025 | train batch=320/1418 | elapsed=2.5 min | eta=8.6 min
[2026-08-15 04:28:38] INFO Epoch 025 | train batch=330/1418 | elapsed=2.6 min | eta=8.5 min
[2026-08-15 04:28:43] INFO Epoch 025 | train batch=340/1418 | elapsed=2.7 min | eta=8.4 min
[2026-08-15 04:28:48] INFO Epoch 025 | train batch=350/1418 | elapsed=2.7 min | eta=8.4 min
[2026-08-15 04:28:52] INFO Epoch 025 | train batch=360/1418 | elapsed=2.8 min | eta=8.3 min
[2026-08-15 04:28:57] INFO Epoch 025 | train batch=370/1418 | elapsed=2.9 min | eta=8.2 min
[2026-08-15 04:29:02] INFO Epoch 025 | train batch=380/1418 | elapsed=3.0 min | eta=8.1 min
[2026-08-15 04:29:06] INFO Epoch 025 | train batch=390/1418 | elapsed=3.1 min | eta=8.0 min
[2026-08-15 04:29:11] INFO Epoch 025 | train batch=400/1418 | elapsed=3.1 min | eta=8.0 min
[2026-08-15 04:29:16] INFO Epoch 025 | train batch=410/1418 | elapsed=3.2 min | eta=7.9 min
[2026-08-15 04:29:21] INFO Epoch 025 | train batch=420/1418 | elapsed=3.3 min | eta=7.8 min
[2026-08-15 04:29:25] INFO Epoch 025 | train batch=430/1418 | elapsed=3.4 min | eta=7.7 min
[2026-08-15 04:29:30] INFO Epoch 025 | train batch=440/1418 | elapsed=3.4 min | eta=7.7 min
[2026-08-15 04:29:34] INFO Epoch 025 | train batch=450/1418 | elapsed=3.5 min | eta=7.6 min
[2026-08-15 04:29:39] INFO Epoch 025 | train batch=460/1418 | elapsed=3.6 min | eta=7.5 min
[2026-08-15 04:29:44] INFO Epoch 025 | train batch=470/1418 | elapsed=3.7 min | eta=7.4 min
[2026-08-15 04:29:49] INFO Epoch 025 | train batch=480/1418 | elapsed=3.8 min | eta=7.3 min
[2026-08-15 04:29:54] INFO Epoch 025 | train batch=490/1418 | elapsed=3.8 min | eta=7.3 min
[2026-08-15 04:29:58] INFO Epoch 025 | train batch=500/1418 | elapsed=3.9 min | eta=7.2 min
[2026-08-15 04:30:03] INFO Epoch 025 | train batch=510/1418 | elapsed=4.0 min | eta=7.1 min
[2026-08-15 04:30:08] INFO Epoch 025 | train batch=520/1418 | elapsed=4.1 min | eta=7.0 min
[2026-08-15 04:30:12] INFO Epoch 025 | train batch=530/1418 | elapsed=4.1 min | eta=7.0 min
[2026-08-15 04:30:17] INFO Epoch 025 | train batch=540/1418 | elapsed=4.2 min | eta=6.9 min
[2026-08-15 04:30:22] INFO Epoch 025 | train batch=550/1418 | elapsed=4.3 min | eta=6.8 min
[2026-08-15 04:30:27] INFO Epoch 025 | train batch=560/1418 | elapsed=4.4 min | eta=6.7 min
[2026-08-15 04:30:32] INFO Epoch 025 | train batch=570/1418 | elapsed=4.5 min | eta=6.7 min
[2026-08-15 04:30:37] INFO Epoch 025 | train batch=580/1418 | elapsed=4.6 min | eta=6.6 min
[2026-08-15 04:30:41] INFO Epoch 025 | train batch=590/1418 | elapsed=4.6 min | eta=6.5 min
[2026-08-15 04:30:46] INFO Epoch 025 | train batch=600/1418 | elapsed=4.7 min | eta=6.4 min
[2026-08-15 04:30:51] INFO Epoch 025 | train batch=610/1418 | elapsed=4.8 min | eta=6.3 min
[2026-08-15 04:30:55] INFO Epoch 025 | train batch=620/1418 | elapsed=4.9 min | eta=6.3 min
[2026-08-15 04:31:00] INFO Epoch 025 | train batch=630/1418 | elapsed=4.9 min | eta=6.2 min
[2026-08-15 04:31:05] INFO Epoch 025 | train batch=640/1418 | elapsed=5.0 min | eta=6.1 min
[2026-08-15 04:31:10] INFO Epoch 025 | train batch=650/1418 | elapsed=5.1 min | eta=6.0 min
[2026-08-15 04:31:14] INFO Epoch 025 | train batch=660/1418 | elapsed=5.2 min | eta=6.0 min
[2026-08-15 04:31:19] INFO Epoch 025 | train batch=670/1418 | elapsed=5.3 min | eta=5.9 min
[2026-08-15 04:31:24] INFO Epoch 025 | train batch=680/1418 | elapsed=5.3 min | eta=5.8 min
[2026-08-15 04:31:29] INFO Epoch 025 | train batch=690/1418 | elapsed=5.4 min | eta=5.7 min
[2026-08-15 04:31:34] INFO Epoch 025 | train batch=700/1418 | elapsed=5.5 min | eta=5.6 min
[2026-08-15 04:31:38] INFO Epoch 025 | train batch=710/1418 | elapsed=5.6 min | eta=5.6 min
[2026-08-15 04:31:43] INFO Epoch 025 | train batch=720/1418 | elapsed=5.7 min | eta=5.5 min
[2026-08-15 04:31:48] INFO Epoch 025 | train batch=730/1418 | elapsed=5.7 min | eta=5.4 min
[2026-08-15 04:31:53] INFO Epoch 025 | train batch=740/1418 | elapsed=5.8 min | eta=5.3 min
[2026-08-15 04:31:57] INFO Epoch 025 | train batch=750/1418 | elapsed=5.9 min | eta=5.3 min
[2026-08-15 04:32:02] INFO Epoch 025 | train batch=760/1418 | elapsed=6.0 min | eta=5.2 min
[2026-08-15 04:32:06] INFO Epoch 025 | train batch=770/1418 | elapsed=6.1 min | eta=5.1 min
[2026-08-15 04:32:11] INFO Epoch 025 | train batch=780/1418 | elapsed=6.1 min | eta=5.0 min
[2026-08-15 04:32:16] INFO Epoch 025 | train batch=790/1418 | elapsed=6.2 min | eta=4.9 min
[2026-08-15 04:32:21] INFO Epoch 025 | train batch=800/1418 | elapsed=6.3 min | eta=4.9 min
[2026-08-15 04:32:26] INFO Epoch 025 | train batch=810/1418 | elapsed=6.4 min | eta=4.8 min
[2026-08-15 04:32:30] INFO Epoch 025 | train batch=820/1418 | elapsed=6.4 min | eta=4.7 min
[2026-08-15 04:32:35] INFO Epoch 025 | train batch=830/1418 | elapsed=6.5 min | eta=4.6 min
[2026-08-15 04:32:40] INFO Epoch 025 | train batch=840/1418 | elapsed=6.6 min | eta=4.6 min
[2026-08-15 04:32:45] INFO Epoch 025 | train batch=850/1418 | elapsed=6.7 min | eta=4.5 min
[2026-08-15 04:32:50] INFO Epoch 025 | train batch=860/1418 | elapsed=6.8 min | eta=4.4 min
[2026-08-15 04:32:54] INFO Epoch 025 | train batch=870/1418 | elapsed=6.8 min | eta=4.3 min
[2026-08-15 04:32:59] INFO Epoch 025 | train batch=880/1418 | elapsed=6.9 min | eta=4.2 min
[2026-08-15 04:33:03] INFO Epoch 025 | train batch=890/1418 | elapsed=7.0 min | eta=4.2 min
[2026-08-15 04:33:08] INFO Epoch 025 | train batch=900/1418 | elapsed=7.1 min | eta=4.1 min
[2026-08-15 04:33:13] INFO Epoch 025 | train batch=910/1418 | elapsed=7.2 min | eta=4.0 min
[2026-08-15 04:33:18] INFO Epoch 025 | train batch=920/1418 | elapsed=7.2 min | eta=3.9 min
[2026-08-15 04:33:22] INFO Epoch 025 | train batch=930/1418 | elapsed=7.3 min | eta=3.8 min
[2026-08-15 04:33:27] INFO Epoch 025 | train batch=940/1418 | elapsed=7.4 min | eta=3.8 min
[2026-08-15 04:33:32] INFO Epoch 025 | train batch=950/1418 | elapsed=7.5 min | eta=3.7 min
[2026-08-15 04:33:36] INFO Epoch 025 | train batch=960/1418 | elapsed=7.5 min | eta=3.6 min
[2026-08-15 04:33:41] INFO Epoch 025 | train batch=970/1418 | elapsed=7.6 min | eta=3.5 min
[2026-08-15 04:33:45] INFO Epoch 025 | train batch=980/1418 | elapsed=7.7 min | eta=3.4 min
[2026-08-15 04:33:50] INFO Epoch 025 | train batch=990/1418 | elapsed=7.8 min | eta=3.4 min
[2026-08-15 04:33:55] INFO Epoch 025 | train batch=1000/1418 | elapsed=7.9 min | eta=3.3 min
[2026-08-15 04:33:59] INFO Epoch 025 | train batch=1010/1418 | elapsed=7.9 min | eta=3.2 min
[2026-08-15 04:34:04] INFO Epoch 025 | train batch=1020/1418 | elapsed=8.0 min | eta=3.1 min
[2026-08-15 04:34:09] INFO Epoch 025 | train batch=1030/1418 | elapsed=8.1 min | eta=3.0 min
[2026-08-15 04:34:13] INFO Epoch 025 | train batch=1040/1418 | elapsed=8.2 min | eta=3.0 min
[2026-08-15 04:34:18] INFO Epoch 025 | train batch=1050/1418 | elapsed=8.2 min | eta=2.9 min
[2026-08-15 04:34:23] INFO Epoch 025 | train batch=1060/1418 | elapsed=8.3 min | eta=2.8 min
[2026-08-15 04:34:28] INFO Epoch 025 | train batch=1070/1418 | elapsed=8.4 min | eta=2.7 min
[2026-08-15 04:34:32] INFO Epoch 025 | train batch=1080/1418 | elapsed=8.5 min | eta=2.7 min
[2026-08-15 04:34:37] INFO Epoch 025 | train batch=1090/1418 | elapsed=8.6 min | eta=2.6 min
[2026-08-15 04:34:41] INFO Epoch 025 | train batch=1100/1418 | elapsed=8.6 min | eta=2.5 min
[2026-08-15 04:34:46] INFO Epoch 025 | train batch=1110/1418 | elapsed=8.7 min | eta=2.4 min
[2026-08-15 04:34:51] INFO Epoch 025 | train batch=1120/1418 | elapsed=8.8 min | eta=2.3 min
[2026-08-15 04:34:56] INFO Epoch 025 | train batch=1130/1418 | elapsed=8.9 min | eta=2.3 min
[2026-08-15 04:35:00] INFO Epoch 025 | train batch=1140/1418 | elapsed=8.9 min | eta=2.2 min
[2026-08-15 04:35:05] INFO Epoch 025 | train batch=1150/1418 | elapsed=9.0 min | eta=2.1 min
[2026-08-15 04:35:10] INFO Epoch 025 | train batch=1160/1418 | elapsed=9.1 min | eta=2.0 min
[2026-08-15 04:35:14] INFO Epoch 025 | train batch=1170/1418 | elapsed=9.2 min | eta=1.9 min
[2026-08-15 04:35:19] INFO Epoch 025 | train batch=1180/1418 | elapsed=9.3 min | eta=1.9 min
[2026-08-15 04:35:24] INFO Epoch 025 | train batch=1190/1418 | elapsed=9.3 min | eta=1.8 min
[2026-08-15 04:35:29] INFO Epoch 025 | train batch=1200/1418 | elapsed=9.4 min | eta=1.7 min
[2026-08-15 04:35:34] INFO Epoch 025 | train batch=1210/1418 | elapsed=9.5 min | eta=1.6 min
[2026-08-15 04:35:38] INFO Epoch 025 | train batch=1220/1418 | elapsed=9.6 min | eta=1.6 min
[2026-08-15 04:35:43] INFO Epoch 025 | train batch=1230/1418 | elapsed=9.7 min | eta=1.5 min
[2026-08-15 04:35:48] INFO Epoch 025 | train batch=1240/1418 | elapsed=9.7 min | eta=1.4 min
[2026-08-15 04:35:52] INFO Epoch 025 | train batch=1250/1418 | elapsed=9.8 min | eta=1.3 min
[2026-08-15 04:35:57] INFO Epoch 025 | train batch=1260/1418 | elapsed=9.9 min | eta=1.2 min
[2026-08-15 04:36:02] INFO Epoch 025 | train batch=1270/1418 | elapsed=10.0 min | eta=1.2 min
[2026-08-15 04:36:06] INFO Epoch 025 | train batch=1280/1418 | elapsed=10.0 min | eta=1.1 min
[2026-08-15 04:36:11] INFO Epoch 025 | train batch=1290/1418 | elapsed=10.1 min | eta=1.0 min
[2026-08-15 04:36:16] INFO Epoch 025 | train batch=1300/1418 | elapsed=10.2 min | eta=0.9 min
[2026-08-15 04:36:21] INFO Epoch 025 | train batch=1310/1418 | elapsed=10.3 min | eta=0.8 min
[2026-08-15 04:36:26] INFO Epoch 025 | train batch=1320/1418 | elapsed=10.4 min | eta=0.8 min
[2026-08-15 04:36:30] INFO Epoch 025 | train batch=1330/1418 | elapsed=10.4 min | eta=0.7 min
[2026-08-15 04:36:35] INFO Epoch 025 | train batch=1340/1418 | elapsed=10.5 min | eta=0.6 min
[2026-08-15 04:36:40] INFO Epoch 025 | train batch=1350/1418 | elapsed=10.6 min | eta=0.5 min
[2026-08-15 04:36:44] INFO Epoch 025 | train batch=1360/1418 | elapsed=10.7 min | eta=0.5 min
[2026-08-15 04:36:49] INFO Epoch 025 | train batch=1370/1418 | elapsed=10.8 min | eta=0.4 min
[2026-08-15 04:36:54] INFO Epoch 025 | train batch=1380/1418 | elapsed=10.8 min | eta=0.3 min
[2026-08-15 04:36:59] INFO Epoch 025 | train batch=1390/1418 | elapsed=10.9 min | eta=0.2 min
[2026-08-15 04:37:03] INFO Epoch 025 | train batch=1400/1418 | elapsed=11.0 min | eta=0.1 min
[2026-08-15 04:37:08] INFO Epoch 025 | train batch=1410/1418 | elapsed=11.1 min | eta=0.1 min
[2026-08-15 04:37:12] INFO Epoch 025 | train batch=1418/1418 | elapsed=11.1 min | eta=0.0 min
[2026-08-15 04:37:12] INFO Epoch 025 | val batch=1/188 | elapsed=0.0 min | eta=0.5 min
[2026-08-15 04:37:14] INFO Epoch 025 | val batch=10/188 | elapsed=0.0 min | eta=0.6 min
[2026-08-15 04:37:16] INFO Epoch 025 | val batch=20/188 | elapsed=0.1 min | eta=0.6 min
[2026-08-15 04:37:18] INFO Epoch 025 | val batch=30/188 | elapsed=0.1 min | eta=0.5 min
[2026-08-15 04:37:20] INFO Epoch 025 | val batch=40/188 | elapsed=0.1 min | eta=0.5 min
[2026-08-15 04:37:22] INFO Epoch 025 | val batch=50/188 | elapsed=0.2 min | eta=0.5 min
[2026-08-15 04:37:25] INFO Epoch 025 | val batch=60/188 | elapsed=0.2 min | eta=0.4 min
[2026-08-15 04:37:27] INFO Epoch 025 | val batch=70/188 | elapsed=0.2 min | eta=0.4 min
[2026-08-15 04:37:29] INFO Epoch 025 | val batch=80/188 | elapsed=0.3 min | eta=0.4 min
[2026-08-15 04:37:31] INFO Epoch 025 | val batch=90/188 | elapsed=0.3 min | eta=0.3 min
[2026-08-15 04:37:33] INFO Epoch 025 | val batch=100/188 | elapsed=0.3 min | eta=0.3 min
[2026-08-15 04:37:35] INFO Epoch 025 | val batch=110/188 | elapsed=0.4 min | eta=0.3 min
[2026-08-15 04:37:37] INFO Epoch 025 | val batch=120/188 | elapsed=0.4 min | eta=0.2 min
[2026-08-15 04:37:39] INFO Epoch 025 | val batch=130/188 | elapsed=0.5 min | eta=0.2 min
[2026-08-15 04:37:41] INFO Epoch 025 | val batch=140/188 | elapsed=0.5 min | eta=0.2 min
[2026-08-15 04:37:43] INFO Epoch 025 | val batch=150/188 | elapsed=0.5 min | eta=0.1 min
[2026-08-15 04:37:45] INFO Epoch 025 | val batch=160/188 | elapsed=0.6 min | eta=0.1 min
[2026-08-15 04:37:47] INFO Epoch 025 | val batch=170/188 | elapsed=0.6 min | eta=0.1 min
[2026-08-15 04:37:50] INFO Epoch 025 | val batch=180/188 | elapsed=0.6 min | eta=0.0 min
[2026-08-15 04:37:51] INFO Epoch 025 | val batch=188/188 | elapsed=0.6 min | eta=0.0 min
[2026-08-15 04:37:51] INFO Epoch 025 | train_total=0.445284 | val_total=0.435446 | val_mask=0.219061 | val_retrieval=2.163852 | val_profile=0.000000 | val_anchors=604396 | val_positive_pairs=0 | val_hard_negatives=0 | val_relation_candidates=7268824 | val_teacher_keff=3.787 | val_student_keff=7.808 | val_adapter_valid=0.966 | val_adapter_gate=0.122 | val_adapter_spatial_gate=0.111 | val_adapter_ratio=0.681045 | val_adapter_modulation=0.735255 | val_adapter_modulation_std=0.523638 | val_adapter_group_gate_std=0.151244 | val_adapter_low_rank=6.565248 | val_adapter_direct=2.011366 | val_masked_positions=42238805 | skipped(train/val)=0/0
[2026-08-15 04:37:51] INFO Relation checkpoint updated | epoch=25 | best_val_relation=2.163852 | path=C:\Users\clw\projects\researchRep\STAnchor-BlockMemory\artifacts\metrla_e5_final_latent48_cc_fgda_global288_seed42\pretrain_best_relation.pt
[2026-08-15 04:37:51] INFO Epoch 026/050 started | train_batches=1418 | val_batches=188
[2026-08-15 04:37:51] INFO Epoch 026 | train batch=1/1418 | elapsed=0.0 min | eta=9.9 min
[2026-08-15 04:37:56] INFO Epoch 026 | train batch=10/1418 | elapsed=0.1 min | eta=10.6 min
[2026-08-15 04:38:00] INFO Epoch 026 | train batch=20/1418 | elapsed=0.1 min | eta=10.5 min
[2026-08-15 04:38:05] INFO Epoch 026 | train batch=30/1418 | elapsed=0.2 min | eta=10.6 min
[2026-08-15 04:38:10] INFO Epoch 026 | train batch=40/1418 | elapsed=0.3 min | eta=10.7 min
[2026-08-15 04:38:14] INFO Epoch 026 | train batch=50/1418 | elapsed=0.4 min | eta=10.6 min
[2026-08-15 04:38:19] INFO Epoch 026 | train batch=60/1418 | elapsed=0.5 min | eta=10.6 min
[2026-08-15 04:38:24] INFO Epoch 026 | train batch=70/1418 | elapsed=0.5 min | eta=10.4 min
[2026-08-15 04:38:29] INFO Epoch 026 | train batch=80/1418 | elapsed=0.6 min | eta=10.5 min
[2026-08-15 04:38:33] INFO Epoch 026 | train batch=90/1418 | elapsed=0.7 min | eta=10.4 min
[2026-08-15 04:38:38] INFO Epoch 026 | train batch=100/1418 | elapsed=0.8 min | eta=10.3 min
[2026-08-15 04:38:43] INFO Epoch 026 | train batch=110/1418 | elapsed=0.9 min | eta=10.3 min
[2026-08-15 04:38:47] INFO Epoch 026 | train batch=120/1418 | elapsed=0.9 min | eta=10.1 min
[2026-08-15 04:38:52] INFO Epoch 026 | train batch=130/1418 | elapsed=1.0 min | eta=10.1 min
[2026-08-15 04:38:57] INFO Epoch 026 | train batch=140/1418 | elapsed=1.1 min | eta=10.0 min
[2026-08-15 04:39:01] INFO Epoch 026 | train batch=150/1418 | elapsed=1.2 min | eta=9.9 min
[2026-08-15 04:39:06] INFO Epoch 026 | train batch=160/1418 | elapsed=1.2 min | eta=9.8 min
[2026-08-15 04:39:11] INFO Epoch 026 | train batch=170/1418 | elapsed=1.3 min | eta=9.7 min
[2026-08-15 04:39:15] INFO Epoch 026 | train batch=180/1418 | elapsed=1.4 min | eta=9.7 min
[2026-08-15 04:39:20] INFO Epoch 026 | train batch=190/1418 | elapsed=1.5 min | eta=9.6 min
[2026-08-15 04:39:25] INFO Epoch 026 | train batch=200/1418 | elapsed=1.6 min | eta=9.5 min
[2026-08-15 04:39:30] INFO Epoch 026 | train batch=210/1418 | elapsed=1.6 min | eta=9.5 min
[2026-08-15 04:39:34] INFO Epoch 026 | train batch=220/1418 | elapsed=1.7 min | eta=9.4 min
[2026-08-15 04:39:39] INFO Epoch 026 | train batch=230/1418 | elapsed=1.8 min | eta=9.3 min
[2026-08-15 04:39:44] INFO Epoch 026 | train batch=240/1418 | elapsed=1.9 min | eta=9.2 min
[2026-08-15 04:39:49] INFO Epoch 026 | train batch=250/1418 | elapsed=2.0 min | eta=9.2 min
[2026-08-15 04:39:54] INFO Epoch 026 | train batch=260/1418 | elapsed=2.0 min | eta=9.1 min
[2026-08-15 04:39:58] INFO Epoch 026 | train batch=270/1418 | elapsed=2.1 min | eta=9.0 min
[2026-08-15 04:40:03] INFO Epoch 026 | train batch=280/1418 | elapsed=2.2 min | eta=8.9 min
[2026-08-15 04:40:08] INFO Epoch 026 | train batch=290/1418 | elapsed=2.3 min | eta=8.9 min
[2026-08-15 04:40:12] INFO Epoch 026 | train batch=300/1418 | elapsed=2.4 min | eta=8.8 min
[2026-08-15 04:40:17] INFO Epoch 026 | train batch=310/1418 | elapsed=2.4 min | eta=8.7 min
[2026-08-15 04:40:22] INFO Epoch 026 | train batch=320/1418 | elapsed=2.5 min | eta=8.6 min
[2026-08-15 04:40:26] INFO Epoch 026 | train batch=330/1418 | elapsed=2.6 min | eta=8.5 min
[2026-08-15 04:40:31] INFO Epoch 026 | train batch=340/1418 | elapsed=2.7 min | eta=8.5 min
[2026-08-15 04:40:36] INFO Epoch 026 | train batch=350/1418 | elapsed=2.8 min | eta=8.4 min
[2026-08-15 04:40:41] INFO Epoch 026 | train batch=360/1418 | elapsed=2.8 min | eta=8.3 min
[2026-08-15 04:40:46] INFO Epoch 026 | train batch=370/1418 | elapsed=2.9 min | eta=8.3 min
[2026-08-15 04:40:51] INFO Epoch 026 | train batch=380/1418 | elapsed=3.0 min | eta=8.2 min
[2026-08-15 04:40:56] INFO Epoch 026 | train batch=390/1418 | elapsed=3.1 min | eta=8.1 min
[2026-08-15 04:41:00] INFO Epoch 026 | train batch=400/1418 | elapsed=3.2 min | eta=8.0 min
[2026-08-15 04:41:05] INFO Epoch 026 | train batch=410/1418 | elapsed=3.2 min | eta=7.9 min
[2026-08-15 04:41:09] INFO Epoch 026 | train batch=420/1418 | elapsed=3.3 min | eta=7.9 min
[2026-08-15 04:41:14] INFO Epoch 026 | train batch=430/1418 | elapsed=3.4 min | eta=7.8 min
[2026-08-15 04:41:19] INFO Epoch 026 | train batch=440/1418 | elapsed=3.5 min | eta=7.7 min
[2026-08-15 04:41:23] INFO Epoch 026 | train batch=450/1418 | elapsed=3.5 min | eta=7.6 min
[2026-08-15 04:41:28] INFO Epoch 026 | train batch=460/1418 | elapsed=3.6 min | eta=7.5 min
[2026-08-15 04:41:33] INFO Epoch 026 | train batch=470/1418 | elapsed=3.7 min | eta=7.5 min
[2026-08-15 04:41:38] INFO Epoch 026 | train batch=480/1418 | elapsed=3.8 min | eta=7.4 min
[2026-08-15 04:41:42] INFO Epoch 026 | train batch=490/1418 | elapsed=3.9 min | eta=7.3 min
[2026-08-15 04:41:47] INFO Epoch 026 | train batch=500/1418 | elapsed=3.9 min | eta=7.2 min
[2026-08-15 04:41:52] INFO Epoch 026 | train batch=510/1418 | elapsed=4.0 min | eta=7.1 min
[2026-08-15 04:41:56] INFO Epoch 026 | train batch=520/1418 | elapsed=4.1 min | eta=7.1 min
[2026-08-15 04:42:01] INFO Epoch 026 | train batch=530/1418 | elapsed=4.2 min | eta=7.0 min
[2026-08-15 04:42:06] INFO Epoch 026 | train batch=540/1418 | elapsed=4.2 min | eta=6.9 min
[2026-08-15 04:42:10] INFO Epoch 026 | train batch=550/1418 | elapsed=4.3 min | eta=6.8 min
[2026-08-15 04:42:15] INFO Epoch 026 | train batch=560/1418 | elapsed=4.4 min | eta=6.7 min
[2026-08-15 04:42:20] INFO Epoch 026 | train batch=570/1418 | elapsed=4.5 min | eta=6.7 min
[2026-08-15 04:42:24] INFO Epoch 026 | train batch=580/1418 | elapsed=4.6 min | eta=6.6 min
[2026-08-15 04:42:29] INFO Epoch 026 | train batch=590/1418 | elapsed=4.6 min | eta=6.5 min
[2026-08-15 04:42:33] INFO Epoch 026 | train batch=600/1418 | elapsed=4.7 min | eta=6.4 min
[2026-08-15 04:42:38] INFO Epoch 026 | train batch=610/1418 | elapsed=4.8 min | eta=6.3 min
[2026-08-15 04:42:43] INFO Epoch 026 | train batch=620/1418 | elapsed=4.9 min | eta=6.3 min
[2026-08-15 04:42:48] INFO Epoch 026 | train batch=630/1418 | elapsed=4.9 min | eta=6.2 min
[2026-08-15 04:42:52] INFO Epoch 026 | train batch=640/1418 | elapsed=5.0 min | eta=6.1 min
[2026-08-15 04:42:57] INFO Epoch 026 | train batch=650/1418 | elapsed=5.1 min | eta=6.0 min
[2026-08-15 04:43:02] INFO Epoch 026 | train batch=660/1418 | elapsed=5.2 min | eta=6.0 min
[2026-08-15 04:43:07] INFO Epoch 026 | train batch=670/1418 | elapsed=5.3 min | eta=5.9 min
[2026-08-15 04:43:12] INFO Epoch 026 | train batch=680/1418 | elapsed=5.3 min | eta=5.8 min
[2026-08-15 04:43:17] INFO Epoch 026 | train batch=690/1418 | elapsed=5.4 min | eta=5.7 min
[2026-08-15 04:43:21] INFO Epoch 026 | train batch=700/1418 | elapsed=5.5 min | eta=5.6 min
[2026-08-15 04:43:26] INFO Epoch 026 | train batch=710/1418 | elapsed=5.6 min | eta=5.6 min
[2026-08-15 04:43:31] INFO Epoch 026 | train batch=720/1418 | elapsed=5.7 min | eta=5.5 min
[2026-08-15 04:43:35] INFO Epoch 026 | train batch=730/1418 | elapsed=5.7 min | eta=5.4 min
[2026-08-15 04:43:40] INFO Epoch 026 | train batch=740/1418 | elapsed=5.8 min | eta=5.3 min
[2026-08-15 04:43:45] INFO Epoch 026 | train batch=750/1418 | elapsed=5.9 min | eta=5.2 min
[2026-08-15 04:43:50] INFO Epoch 026 | train batch=760/1418 | elapsed=6.0 min | eta=5.2 min
[2026-08-15 04:43:54] INFO Epoch 026 | train batch=770/1418 | elapsed=6.1 min | eta=5.1 min
[2026-08-15 04:43:59] INFO Epoch 026 | train batch=780/1418 | elapsed=6.1 min | eta=5.0 min
[2026-08-15 04:44:04] INFO Epoch 026 | train batch=790/1418 | elapsed=6.2 min | eta=4.9 min
[2026-08-15 04:44:08] INFO Epoch 026 | train batch=800/1418 | elapsed=6.3 min | eta=4.9 min
[2026-08-15 04:44:13] INFO Epoch 026 | train batch=810/1418 | elapsed=6.4 min | eta=4.8 min
[2026-08-15 04:44:18] INFO Epoch 026 | train batch=820/1418 | elapsed=6.4 min | eta=4.7 min
[2026-08-15 04:44:23] INFO Epoch 026 | train batch=830/1418 | elapsed=6.5 min | eta=4.6 min
[2026-08-15 04:44:27] INFO Epoch 026 | train batch=840/1418 | elapsed=6.6 min | eta=4.5 min
[2026-08-15 04:44:32] INFO Epoch 026 | train batch=850/1418 | elapsed=6.7 min | eta=4.5 min
[2026-08-15 04:44:37] INFO Epoch 026 | train batch=860/1418 | elapsed=6.8 min | eta=4.4 min
[2026-08-15 04:44:41] INFO Epoch 026 | train batch=870/1418 | elapsed=6.8 min | eta=4.3 min
[2026-08-15 04:44:46] INFO Epoch 026 | train batch=880/1418 | elapsed=6.9 min | eta=4.2 min
[2026-08-15 04:44:51] INFO Epoch 026 | train batch=890/1418 | elapsed=7.0 min | eta=4.2 min
[2026-08-15 04:44:56] INFO Epoch 026 | train batch=900/1418 | elapsed=7.1 min | eta=4.1 min
[2026-08-15 04:45:01] INFO Epoch 026 | train batch=910/1418 | elapsed=7.2 min | eta=4.0 min
[2026-08-15 04:45:05] INFO Epoch 026 | train batch=920/1418 | elapsed=7.2 min | eta=3.9 min
[2026-08-15 04:45:10] INFO Epoch 026 | train batch=930/1418 | elapsed=7.3 min | eta=3.8 min
[2026-08-15 04:45:15] INFO Epoch 026 | train batch=940/1418 | elapsed=7.4 min | eta=3.8 min
[2026-08-15 04:45:19] INFO Epoch 026 | train batch=950/1418 | elapsed=7.5 min | eta=3.7 min
[2026-08-15 04:45:24] INFO Epoch 026 | train batch=960/1418 | elapsed=7.5 min | eta=3.6 min
[2026-08-15 04:45:29] INFO Epoch 026 | train batch=970/1418 | elapsed=7.6 min | eta=3.5 min
[2026-08-15 04:45:34] INFO Epoch 026 | train batch=980/1418 | elapsed=7.7 min | eta=3.4 min
[2026-08-15 04:45:38] INFO Epoch 026 | train batch=990/1418 | elapsed=7.8 min | eta=3.4 min
[2026-08-15 04:45:43] INFO Epoch 026 | train batch=1000/1418 | elapsed=7.9 min | eta=3.3 min
[2026-08-15 04:45:47] INFO Epoch 026 | train batch=1010/1418 | elapsed=7.9 min | eta=3.2 min
[2026-08-15 04:45:52] INFO Epoch 026 | train batch=1020/1418 | elapsed=8.0 min | eta=3.1 min
[2026-08-15 04:45:57] INFO Epoch 026 | train batch=1030/1418 | elapsed=8.1 min | eta=3.1 min
[2026-08-15 04:46:01] INFO Epoch 026 | train batch=1040/1418 | elapsed=8.2 min | eta=3.0 min
[2026-08-15 04:46:06] INFO Epoch 026 | train batch=1050/1418 | elapsed=8.3 min | eta=2.9 min
[2026-08-15 04:46:11] INFO Epoch 026 | train batch=1060/1418 | elapsed=8.3 min | eta=2.8 min
[2026-08-15 04:46:15] INFO Epoch 026 | train batch=1070/1418 | elapsed=8.4 min | eta=2.7 min
[2026-08-15 04:46:20] INFO Epoch 026 | train batch=1080/1418 | elapsed=8.5 min | eta=2.7 min
[2026-08-15 04:46:25] INFO Epoch 026 | train batch=1090/1418 | elapsed=8.6 min | eta=2.6 min
[2026-08-15 04:46:29] INFO Epoch 026 | train batch=1100/1418 | elapsed=8.6 min | eta=2.5 min
[2026-08-15 04:46:34] INFO Epoch 026 | train batch=1110/1418 | elapsed=8.7 min | eta=2.4 min
[2026-08-15 04:46:39] INFO Epoch 026 | train batch=1120/1418 | elapsed=8.8 min | eta=2.3 min
[2026-08-15 04:46:44] INFO Epoch 026 | train batch=1130/1418 | elapsed=8.9 min | eta=2.3 min
[2026-08-15 04:46:49] INFO Epoch 026 | train batch=1140/1418 | elapsed=9.0 min | eta=2.2 min
[2026-08-15 04:46:53] INFO Epoch 026 | train batch=1150/1418 | elapsed=9.0 min | eta=2.1 min
[2026-08-15 04:46:58] INFO Epoch 026 | train batch=1160/1418 | elapsed=9.1 min | eta=2.0 min
[2026-08-15 04:47:03] INFO Epoch 026 | train batch=1170/1418 | elapsed=9.2 min | eta=1.9 min
[2026-08-15 04:47:07] INFO Epoch 026 | train batch=1180/1418 | elapsed=9.3 min | eta=1.9 min
[2026-08-15 04:47:12] INFO Epoch 026 | train batch=1190/1418 | elapsed=9.3 min | eta=1.8 min
[2026-08-15 04:47:17] INFO Epoch 026 | train batch=1200/1418 | elapsed=9.4 min | eta=1.7 min
[2026-08-15 04:47:22] INFO Epoch 026 | train batch=1210/1418 | elapsed=9.5 min | eta=1.6 min
[2026-08-15 04:47:26] INFO Epoch 026 | train batch=1220/1418 | elapsed=9.6 min | eta=1.6 min
[2026-08-15 04:47:31] INFO Epoch 026 | train batch=1230/1418 | elapsed=9.7 min | eta=1.5 min
[2026-08-15 04:47:35] INFO Epoch 026 | train batch=1240/1418 | elapsed=9.7 min | eta=1.4 min
[2026-08-15 04:47:40] INFO Epoch 026 | train batch=1250/1418 | elapsed=9.8 min | eta=1.3 min
[2026-08-15 04:47:45] INFO Epoch 026 | train batch=1260/1418 | elapsed=9.9 min | eta=1.2 min
[2026-08-15 04:47:50] INFO Epoch 026 | train batch=1270/1418 | elapsed=10.0 min | eta=1.2 min
[2026-08-15 04:47:55] INFO Epoch 026 | train batch=1280/1418 | elapsed=10.1 min | eta=1.1 min
[2026-08-15 04:48:00] INFO Epoch 026 | train batch=1290/1418 | elapsed=10.1 min | eta=1.0 min
[2026-08-15 04:48:04] INFO Epoch 026 | train batch=1300/1418 | elapsed=10.2 min | eta=0.9 min
[2026-08-15 04:48:09] INFO Epoch 026 | train batch=1310/1418 | elapsed=10.3 min | eta=0.8 min
[2026-08-15 04:48:13] INFO Epoch 026 | train batch=1320/1418 | elapsed=10.4 min | eta=0.8 min
[2026-08-15 04:48:18] INFO Epoch 026 | train batch=1330/1418 | elapsed=10.5 min | eta=0.7 min
[2026-08-15 04:48:23] INFO Epoch 026 | train batch=1340/1418 | elapsed=10.5 min | eta=0.6 min
[2026-08-15 04:48:28] INFO Epoch 026 | train batch=1350/1418 | elapsed=10.6 min | eta=0.5 min
[2026-08-15 04:48:32] INFO Epoch 026 | train batch=1360/1418 | elapsed=10.7 min | eta=0.5 min
[2026-08-15 04:48:37] INFO Epoch 026 | train batch=1370/1418 | elapsed=10.8 min | eta=0.4 min
[2026-08-15 04:48:41] INFO Epoch 026 | train batch=1380/1418 | elapsed=10.8 min | eta=0.3 min
[2026-08-15 04:48:46] INFO Epoch 026 | train batch=1390/1418 | elapsed=10.9 min | eta=0.2 min
[2026-08-15 04:48:51] INFO Epoch 026 | train batch=1400/1418 | elapsed=11.0 min | eta=0.1 min
[2026-08-15 04:48:56] INFO Epoch 026 | train batch=1410/1418 | elapsed=11.1 min | eta=0.1 min
[2026-08-15 04:49:00] INFO Epoch 026 | train batch=1418/1418 | elapsed=11.1 min | eta=0.0 min
[2026-08-15 04:49:00] INFO Epoch 026 | val batch=1/188 | elapsed=0.0 min | eta=0.5 min
[2026-08-15 04:49:02] INFO Epoch 026 | val batch=10/188 | elapsed=0.0 min | eta=0.6 min
[2026-08-15 04:49:04] INFO Epoch 026 | val batch=20/188 | elapsed=0.1 min | eta=0.6 min
[2026-08-15 04:49:06] INFO Epoch 026 | val batch=30/188 | elapsed=0.1 min | eta=0.5 min
[2026-08-15 04:49:08] INFO Epoch 026 | val batch=40/188 | elapsed=0.1 min | eta=0.5 min
[2026-08-15 04:49:10] INFO Epoch 026 | val batch=50/188 | elapsed=0.2 min | eta=0.5 min
[2026-08-15 04:49:12] INFO Epoch 026 | val batch=60/188 | elapsed=0.2 min | eta=0.4 min
[2026-08-15 04:49:14] INFO Epoch 026 | val batch=70/188 | elapsed=0.2 min | eta=0.4 min
[2026-08-15 04:49:16] INFO Epoch 026 | val batch=80/188 | elapsed=0.3 min | eta=0.4 min
[2026-08-15 04:49:18] INFO Epoch 026 | val batch=90/188 | elapsed=0.3 min | eta=0.3 min
[2026-08-15 04:49:20] INFO Epoch 026 | val batch=100/188 | elapsed=0.3 min | eta=0.3 min
[2026-08-15 04:49:22] INFO Epoch 026 | val batch=110/188 | elapsed=0.4 min | eta=0.3 min
[2026-08-15 04:49:25] INFO Epoch 026 | val batch=120/188 | elapsed=0.4 min | eta=0.2 min
[2026-08-15 04:49:27] INFO Epoch 026 | val batch=130/188 | elapsed=0.5 min | eta=0.2 min
[2026-08-15 04:49:29] INFO Epoch 026 | val batch=140/188 | elapsed=0.5 min | eta=0.2 min
[2026-08-15 04:49:31] INFO Epoch 026 | val batch=150/188 | elapsed=0.5 min | eta=0.1 min
[2026-08-15 04:49:33] INFO Epoch 026 | val batch=160/188 | elapsed=0.6 min | eta=0.1 min
[2026-08-15 04:49:35] INFO Epoch 026 | val batch=170/188 | elapsed=0.6 min | eta=0.1 min
[2026-08-15 04:49:37] INFO Epoch 026 | val batch=180/188 | elapsed=0.6 min | eta=0.0 min
[2026-08-15 04:49:39] INFO Epoch 026 | val batch=188/188 | elapsed=0.6 min | eta=0.0 min
[2026-08-15 04:49:39] INFO Epoch 026 | train_total=0.453609 | val_total=0.437417 | val_mask=0.219986 | val_retrieval=2.174311 | val_profile=0.000000 | val_anchors=604396 | val_positive_pairs=0 | val_hard_negatives=0 | val_relation_candidates=7268824 | val_teacher_keff=3.787 | val_student_keff=8.117 | val_adapter_valid=0.966 | val_adapter_gate=0.119 | val_adapter_spatial_gate=0.108 | val_adapter_ratio=0.676730 | val_adapter_modulation=0.731422 | val_adapter_modulation_std=0.523481 | val_adapter_group_gate_std=0.145364 | val_adapter_low_rank=6.881333 | val_adapter_direct=2.143394 | val_masked_positions=42256338 | skipped(train/val)=0/0
[2026-08-15 04:49:39] INFO Epoch 027/050 started | train_batches=1418 | val_batches=188
[2026-08-15 04:49:39] INFO Epoch 027 | train batch=1/1418 | elapsed=0.0 min | eta=9.9 min
[2026-08-15 04:49:43] INFO Epoch 027 | train batch=10/1418 | elapsed=0.1 min | eta=11.1 min
[2026-08-15 04:49:48] INFO Epoch 027 | train batch=20/1418 | elapsed=0.2 min | eta=11.0 min
[2026-08-15 04:49:53] INFO Epoch 027 | train batch=30/1418 | elapsed=0.2 min | eta=10.9 min
[2026-08-15 04:49:58] INFO Epoch 027 | train batch=40/1418 | elapsed=0.3 min | eta=10.9 min
[2026-08-15 04:50:02] INFO Epoch 027 | train batch=50/1418 | elapsed=0.4 min | eta=10.8 min
[2026-08-15 04:50:07] INFO Epoch 027 | train batch=60/1418 | elapsed=0.5 min | eta=10.6 min
[2026-08-15 04:50:11] INFO Epoch 027 | train batch=70/1418 | elapsed=0.5 min | eta=10.5 min
[2026-08-15 04:50:16] INFO Epoch 027 | train batch=80/1418 | elapsed=0.6 min | eta=10.4 min
[2026-08-15 04:50:21] INFO Epoch 027 | train batch=90/1418 | elapsed=0.7 min | eta=10.4 min
[2026-08-15 04:50:26] INFO Epoch 027 | train batch=100/1418 | elapsed=0.8 min | eta=10.4 min
[2026-08-15 04:50:31] INFO Epoch 027 | train batch=110/1418 | elapsed=0.9 min | eta=10.3 min
[2026-08-15 04:50:35] INFO Epoch 027 | train batch=120/1418 | elapsed=0.9 min | eta=10.2 min
[2026-08-15 04:50:40] INFO Epoch 027 | train batch=130/1418 | elapsed=1.0 min | eta=10.2 min
[2026-08-15 04:50:45] INFO Epoch 027 | train batch=140/1418 | elapsed=1.1 min | eta=10.1 min
[2026-08-15 04:50:49] INFO Epoch 027 | train batch=150/1418 | elapsed=1.2 min | eta=10.0 min
[2026-08-15 04:50:54] INFO Epoch 027 | train batch=160/1418 | elapsed=1.3 min | eta=9.9 min
[2026-08-15 04:50:59] INFO Epoch 027 | train batch=170/1418 | elapsed=1.3 min | eta=9.8 min
[2026-08-15 04:51:03] INFO Epoch 027 | train batch=180/1418 | elapsed=1.4 min | eta=9.7 min
[2026-08-15 04:51:08] INFO Epoch 027 | train batch=190/1418 | elapsed=1.5 min | eta=9.6 min
[2026-08-15 04:51:12] INFO Epoch 027 | train batch=200/1418 | elapsed=1.6 min | eta=9.5 min
[2026-08-15 04:51:17] INFO Epoch 027 | train batch=210/1418 | elapsed=1.6 min | eta=9.4 min
[2026-08-15 04:51:22] INFO Epoch 027 | train batch=220/1418 | elapsed=1.7 min | eta=9.4 min
[2026-08-15 04:51:27] INFO Epoch 027 | train batch=230/1418 | elapsed=1.8 min | eta=9.3 min
[2026-08-15 04:51:31] INFO Epoch 027 | train batch=240/1418 | elapsed=1.9 min | eta=9.2 min
[2026-08-15 04:51:36] INFO Epoch 027 | train batch=250/1418 | elapsed=2.0 min | eta=9.1 min
[2026-08-15 04:51:41] INFO Epoch 027 | train batch=260/1418 | elapsed=2.0 min | eta=9.1 min
[2026-08-15 04:51:45] INFO Epoch 027 | train batch=270/1418 | elapsed=2.1 min | eta=9.0 min
[2026-08-15 04:51:50] INFO Epoch 027 | train batch=280/1418 | elapsed=2.2 min | eta=8.9 min
[2026-08-15 04:51:54] INFO Epoch 027 | train batch=290/1418 | elapsed=2.3 min | eta=8.8 min
[2026-08-15 04:51:59] INFO Epoch 027 | train batch=300/1418 | elapsed=2.3 min | eta=8.7 min
[2026-08-15 04:52:04] INFO Epoch 027 | train batch=310/1418 | elapsed=2.4 min | eta=8.6 min
[2026-08-15 04:52:08] INFO Epoch 027 | train batch=320/1418 | elapsed=2.5 min | eta=8.6 min
[2026-08-15 04:52:13] INFO Epoch 027 | train batch=330/1418 | elapsed=2.6 min | eta=8.5 min
[2026-08-15 04:52:18] INFO Epoch 027 | train batch=340/1418 | elapsed=2.7 min | eta=8.4 min
[2026-08-15 04:52:22] INFO Epoch 027 | train batch=350/1418 | elapsed=2.7 min | eta=8.3 min
[2026-08-15 04:52:27] INFO Epoch 027 | train batch=360/1418 | elapsed=2.8 min | eta=8.2 min
[2026-08-15 04:52:31] INFO Epoch 027 | train batch=370/1418 | elapsed=2.9 min | eta=8.2 min
[2026-08-15 04:52:36] INFO Epoch 027 | train batch=380/1418 | elapsed=3.0 min | eta=8.1 min
[2026-08-15 04:52:41] INFO Epoch 027 | train batch=390/1418 | elapsed=3.0 min | eta=8.0 min
[2026-08-15 04:52:46] INFO Epoch 027 | train batch=400/1418 | elapsed=3.1 min | eta=7.9 min
[2026-08-15 04:52:50] INFO Epoch 027 | train batch=410/1418 | elapsed=3.2 min | eta=7.8 min
[2026-08-15 04:52:55] INFO Epoch 027 | train batch=420/1418 | elapsed=3.3 min | eta=7.8 min
[2026-08-15 04:53:00] INFO Epoch 027 | train batch=430/1418 | elapsed=3.4 min | eta=7.7 min
[2026-08-15 04:53:05] INFO Epoch 027 | train batch=440/1418 | elapsed=3.4 min | eta=7.6 min
[2026-08-15 04:53:09] INFO Epoch 027 | train batch=450/1418 | elapsed=3.5 min | eta=7.6 min
[2026-08-15 04:53:14] INFO Epoch 027 | train batch=460/1418 | elapsed=3.6 min | eta=7.5 min
[2026-08-15 04:53:18] INFO Epoch 027 | train batch=470/1418 | elapsed=3.7 min | eta=7.4 min
[2026-08-15 04:53:23] INFO Epoch 027 | train batch=480/1418 | elapsed=3.7 min | eta=7.3 min
[2026-08-15 04:53:28] INFO Epoch 027 | train batch=490/1418 | elapsed=3.8 min | eta=7.2 min
[2026-08-15 04:53:32] INFO Epoch 027 | train batch=500/1418 | elapsed=3.9 min | eta=7.1 min
[2026-08-15 04:53:37] INFO Epoch 027 | train batch=510/1418 | elapsed=4.0 min | eta=7.1 min
[2026-08-15 04:53:41] INFO Epoch 027 | train batch=520/1418 | elapsed=4.0 min | eta=7.0 min
[2026-08-15 04:53:46] INFO Epoch 027 | train batch=530/1418 | elapsed=4.1 min | eta=6.9 min
[2026-08-15 04:53:51] INFO Epoch 027 | train batch=540/1418 | elapsed=4.2 min | eta=6.8 min
[2026-08-15 04:53:55] INFO Epoch 027 | train batch=550/1418 | elapsed=4.3 min | eta=6.8 min
[2026-08-15 04:54:00] INFO Epoch 027 | train batch=560/1418 | elapsed=4.4 min | eta=6.7 min
[2026-08-15 04:54:05] INFO Epoch 027 | train batch=570/1418 | elapsed=4.4 min | eta=6.6 min
[2026-08-15 04:54:09] INFO Epoch 027 | train batch=580/1418 | elapsed=4.5 min | eta=6.5 min
[2026-08-15 04:54:14] INFO Epoch 027 | train batch=590/1418 | elapsed=4.6 min | eta=6.4 min
[2026-08-15 04:54:19] INFO Epoch 027 | train batch=600/1418 | elapsed=4.7 min | eta=6.4 min
[2026-08-15 04:54:24] INFO Epoch 027 | train batch=610/1418 | elapsed=4.8 min | eta=6.3 min
[2026-08-15 04:54:28] INFO Epoch 027 | train batch=620/1418 | elapsed=4.8 min | eta=6.2 min
[2026-08-15 04:54:33] INFO Epoch 027 | train batch=630/1418 | elapsed=4.9 min | eta=6.1 min
[2026-08-15 04:54:38] INFO Epoch 027 | train batch=640/1418 | elapsed=5.0 min | eta=6.1 min
[2026-08-15 04:54:42] INFO Epoch 027 | train batch=650/1418 | elapsed=5.1 min | eta=6.0 min
[2026-08-15 04:54:47] INFO Epoch 027 | train batch=660/1418 | elapsed=5.1 min | eta=5.9 min
[2026-08-15 04:54:52] INFO Epoch 027 | train batch=670/1418 | elapsed=5.2 min | eta=5.8 min
[2026-08-15 04:54:57] INFO Epoch 027 | train batch=680/1418 | elapsed=5.3 min | eta=5.8 min
[2026-08-15 04:55:01] INFO Epoch 027 | train batch=690/1418 | elapsed=5.4 min | eta=5.7 min
[2026-08-15 04:55:06] INFO Epoch 027 | train batch=700/1418 | elapsed=5.5 min | eta=5.6 min
[2026-08-15 04:55:11] INFO Epoch 027 | train batch=710/1418 | elapsed=5.5 min | eta=5.5 min
[2026-08-15 04:55:15] INFO Epoch 027 | train batch=720/1418 | elapsed=5.6 min | eta=5.4 min
[2026-08-15 04:55:20] INFO Epoch 027 | train batch=730/1418 | elapsed=5.7 min | eta=5.4 min
[2026-08-15 04:55:25] INFO Epoch 027 | train batch=740/1418 | elapsed=5.8 min | eta=5.3 min
[2026-08-15 04:55:29] INFO Epoch 027 | train batch=750/1418 | elapsed=5.8 min | eta=5.2 min
[2026-08-15 04:55:34] INFO Epoch 027 | train batch=760/1418 | elapsed=5.9 min | eta=5.1 min
[2026-08-15 04:55:39] INFO Epoch 027 | train batch=770/1418 | elapsed=6.0 min | eta=5.1 min
[2026-08-15 04:55:44] INFO Epoch 027 | train batch=780/1418 | elapsed=6.1 min | eta=5.0 min
[2026-08-15 04:55:48] INFO Epoch 027 | train batch=790/1418 | elapsed=6.2 min | eta=4.9 min
[2026-08-15 04:55:53] INFO Epoch 027 | train batch=800/1418 | elapsed=6.2 min | eta=4.8 min
[2026-08-15 04:55:58] INFO Epoch 027 | train batch=810/1418 | elapsed=6.3 min | eta=4.7 min
[2026-08-15 04:56:02] INFO Epoch 027 | train batch=820/1418 | elapsed=6.4 min | eta=4.7 min
[2026-08-15 04:56:07] INFO Epoch 027 | train batch=830/1418 | elapsed=6.5 min | eta=4.6 min
[2026-08-15 04:56:12] INFO Epoch 027 | train batch=840/1418 | elapsed=6.6 min | eta=4.5 min
[2026-08-15 04:56:16] INFO Epoch 027 | train batch=850/1418 | elapsed=6.6 min | eta=4.4 min
[2026-08-15 04:56:20] INFO Epoch 027 | train batch=860/1418 | elapsed=6.7 min | eta=4.3 min
[2026-08-15 04:56:25] INFO Epoch 027 | train batch=870/1418 | elapsed=6.8 min | eta=4.3 min
[2026-08-15 04:56:30] INFO Epoch 027 | train batch=880/1418 | elapsed=6.9 min | eta=4.2 min
[2026-08-15 04:56:35] INFO Epoch 027 | train batch=890/1418 | elapsed=6.9 min | eta=4.1 min
[2026-08-15 04:56:39] INFO Epoch 027 | train batch=900/1418 | elapsed=7.0 min | eta=4.0 min
[2026-08-15 04:56:44] INFO Epoch 027 | train batch=910/1418 | elapsed=7.1 min | eta=4.0 min
[2026-08-15 04:56:49] INFO Epoch 027 | train batch=920/1418 | elapsed=7.2 min | eta=3.9 min
[2026-08-15 04:56:53] INFO Epoch 027 | train batch=930/1418 | elapsed=7.2 min | eta=3.8 min
[2026-08-15 04:56:58] INFO Epoch 027 | train batch=940/1418 | elapsed=7.3 min | eta=3.7 min
[2026-08-15 04:57:03] INFO Epoch 027 | train batch=950/1418 | elapsed=7.4 min | eta=3.6 min
[2026-08-15 04:57:08] INFO Epoch 027 | train batch=960/1418 | elapsed=7.5 min | eta=3.6 min
[2026-08-15 04:57:12] INFO Epoch 027 | train batch=970/1418 | elapsed=7.6 min | eta=3.5 min
[2026-08-15 04:57:17] INFO Epoch 027 | train batch=980/1418 | elapsed=7.6 min | eta=3.4 min
[2026-08-15 04:57:22] INFO Epoch 027 | train batch=990/1418 | elapsed=7.7 min | eta=3.3 min
[2026-08-15 04:57:26] INFO Epoch 027 | train batch=1000/1418 | elapsed=7.8 min | eta=3.3 min
[2026-08-15 04:57:31] INFO Epoch 027 | train batch=1010/1418 | elapsed=7.9 min | eta=3.2 min
[2026-08-15 04:57:35] INFO Epoch 027 | train batch=1020/1418 | elapsed=7.9 min | eta=3.1 min
[2026-08-15 04:57:40] INFO Epoch 027 | train batch=1030/1418 | elapsed=8.0 min | eta=3.0 min
[2026-08-15 04:57:45] INFO Epoch 027 | train batch=1040/1418 | elapsed=8.1 min | eta=2.9 min
[2026-08-15 04:57:50] INFO Epoch 027 | train batch=1050/1418 | elapsed=8.2 min | eta=2.9 min
[2026-08-15 04:57:54] INFO Epoch 027 | train batch=1060/1418 | elapsed=8.3 min | eta=2.8 min
[2026-08-15 04:57:59] INFO Epoch 027 | train batch=1070/1418 | elapsed=8.3 min | eta=2.7 min
[2026-08-15 04:58:03] INFO Epoch 027 | train batch=1080/1418 | elapsed=8.4 min | eta=2.6 min
[2026-08-15 04:58:08] INFO Epoch 027 | train batch=1090/1418 | elapsed=8.5 min | eta=2.6 min
[2026-08-15 04:58:12] INFO Epoch 027 | train batch=1100/1418 | elapsed=8.6 min | eta=2.5 min
[2026-08-15 04:58:17] INFO Epoch 027 | train batch=1110/1418 | elapsed=8.6 min | eta=2.4 min
[2026-08-15 04:58:21] INFO Epoch 027 | train batch=1120/1418 | elapsed=8.7 min | eta=2.3 min
[2026-08-15 04:58:26] INFO Epoch 027 | train batch=1130/1418 | elapsed=8.8 min | eta=2.2 min
[2026-08-15 04:58:31] INFO Epoch 027 | train batch=1140/1418 | elapsed=8.9 min | eta=2.2 min
[2026-08-15 04:58:35] INFO Epoch 027 | train batch=1150/1418 | elapsed=8.9 min | eta=2.1 min
[2026-08-15 04:58:40] INFO Epoch 027 | train batch=1160/1418 | elapsed=9.0 min | eta=2.0 min
[2026-08-15 04:58:45] INFO Epoch 027 | train batch=1170/1418 | elapsed=9.1 min | eta=1.9 min
[2026-08-15 04:58:50] INFO Epoch 027 | train batch=1180/1418 | elapsed=9.2 min | eta=1.9 min
[2026-08-15 04:58:54] INFO Epoch 027 | train batch=1190/1418 | elapsed=9.3 min | eta=1.8 min
[2026-08-15 04:58:59] INFO Epoch 027 | train batch=1200/1418 | elapsed=9.3 min | eta=1.7 min
[2026-08-15 04:59:04] INFO Epoch 027 | train batch=1210/1418 | elapsed=9.4 min | eta=1.6 min
[2026-08-15 04:59:09] INFO Epoch 027 | train batch=1220/1418 | elapsed=9.5 min | eta=1.5 min
[2026-08-15 04:59:13] INFO Epoch 027 | train batch=1230/1418 | elapsed=9.6 min | eta=1.5 min
[2026-08-15 04:59:18] INFO Epoch 027 | train batch=1240/1418 | elapsed=9.7 min | eta=1.4 min
[2026-08-15 04:59:23] INFO Epoch 027 | train batch=1250/1418 | elapsed=9.7 min | eta=1.3 min
[2026-08-15 04:59:28] INFO Epoch 027 | train batch=1260/1418 | elapsed=9.8 min | eta=1.2 min
[2026-08-15 04:59:32] INFO Epoch 027 | train batch=1270/1418 | elapsed=9.9 min | eta=1.2 min
[2026-08-15 04:59:36] INFO Epoch 027 | train batch=1280/1418 | elapsed=10.0 min | eta=1.1 min
[2026-08-15 04:59:41] INFO Epoch 027 | train batch=1290/1418 | elapsed=10.0 min | eta=1.0 min
[2026-08-15 04:59:46] INFO Epoch 027 | train batch=1300/1418 | elapsed=10.1 min | eta=0.9 min
[2026-08-15 04:59:51] INFO Epoch 027 | train batch=1310/1418 | elapsed=10.2 min | eta=0.8 min
[2026-08-15 04:59:55] INFO Epoch 027 | train batch=1320/1418 | elapsed=10.3 min | eta=0.8 min
[2026-08-15 05:00:00] INFO Epoch 027 | train batch=1330/1418 | elapsed=10.4 min | eta=0.7 min
[2026-08-15 05:00:05] INFO Epoch 027 | train batch=1340/1418 | elapsed=10.4 min | eta=0.6 min
[2026-08-15 05:00:09] INFO Epoch 027 | train batch=1350/1418 | elapsed=10.5 min | eta=0.5 min
[2026-08-15 05:00:14] INFO Epoch 027 | train batch=1360/1418 | elapsed=10.6 min | eta=0.5 min
[2026-08-15 05:00:18] INFO Epoch 027 | train batch=1370/1418 | elapsed=10.7 min | eta=0.4 min
[2026-08-15 05:00:23] INFO Epoch 027 | train batch=1380/1418 | elapsed=10.7 min | eta=0.3 min
[2026-08-15 05:00:28] INFO Epoch 027 | train batch=1390/1418 | elapsed=10.8 min | eta=0.2 min
[2026-08-15 05:00:33] INFO Epoch 027 | train batch=1400/1418 | elapsed=10.9 min | eta=0.1 min
[2026-08-15 05:00:38] INFO Epoch 027 | train batch=1410/1418 | elapsed=11.0 min | eta=0.1 min
[2026-08-15 05:00:41] INFO Epoch 027 | train batch=1418/1418 | elapsed=11.0 min | eta=0.0 min
[2026-08-15 05:00:41] INFO Epoch 027 | val batch=1/188 | elapsed=0.0 min | eta=0.5 min
[2026-08-15 05:00:43] INFO Epoch 027 | val batch=10/188 | elapsed=0.0 min | eta=0.6 min
[2026-08-15 05:00:45] INFO Epoch 027 | val batch=20/188 | elapsed=0.1 min | eta=0.6 min
[2026-08-15 05:00:48] INFO Epoch 027 | val batch=30/188 | elapsed=0.1 min | eta=0.5 min
[2026-08-15 05:00:50] INFO Epoch 027 | val batch=40/188 | elapsed=0.1 min | eta=0.5 min
[2026-08-15 05:00:52] INFO Epoch 027 | val batch=50/188 | elapsed=0.2 min | eta=0.5 min
[2026-08-15 05:00:54] INFO Epoch 027 | val batch=60/188 | elapsed=0.2 min | eta=0.4 min
[2026-08-15 05:00:56] INFO Epoch 027 | val batch=70/188 | elapsed=0.2 min | eta=0.4 min
[2026-08-15 05:00:58] INFO Epoch 027 | val batch=80/188 | elapsed=0.3 min | eta=0.4 min
[2026-08-15 05:01:00] INFO Epoch 027 | val batch=90/188 | elapsed=0.3 min | eta=0.3 min
[2026-08-15 05:01:02] INFO Epoch 027 | val batch=100/188 | elapsed=0.3 min | eta=0.3 min
[2026-08-15 05:01:04] INFO Epoch 027 | val batch=110/188 | elapsed=0.4 min | eta=0.3 min
[2026-08-15 05:01:06] INFO Epoch 027 | val batch=120/188 | elapsed=0.4 min | eta=0.2 min
[2026-08-15 05:01:08] INFO Epoch 027 | val batch=130/188 | elapsed=0.5 min | eta=0.2 min
[2026-08-15 05:01:10] INFO Epoch 027 | val batch=140/188 | elapsed=0.5 min | eta=0.2 min
[2026-08-15 05:01:13] INFO Epoch 027 | val batch=150/188 | elapsed=0.5 min | eta=0.1 min
[2026-08-15 05:01:15] INFO Epoch 027 | val batch=160/188 | elapsed=0.6 min | eta=0.1 min
[2026-08-15 05:01:17] INFO Epoch 027 | val batch=170/188 | elapsed=0.6 min | eta=0.1 min
[2026-08-15 05:01:19] INFO Epoch 027 | val batch=180/188 | elapsed=0.6 min | eta=0.0 min
[2026-08-15 05:01:20] INFO Epoch 027 | val batch=188/188 | elapsed=0.7 min | eta=0.0 min
[2026-08-15 05:01:20] INFO Epoch 027 | train_total=0.447748 | val_total=0.439562 | val_mask=0.222694 | val_retrieval=2.168681 | val_profile=0.000000 | val_anchors=604396 | val_positive_pairs=0 | val_hard_negatives=0 | val_relation_candidates=7268824 | val_teacher_keff=3.787 | val_student_keff=7.918 | val_adapter_valid=0.966 | val_adapter_gate=0.119 | val_adapter_spatial_gate=0.104 | val_adapter_ratio=0.704884 | val_adapter_modulation=0.733829 | val_adapter_modulation_std=0.517967 | val_adapter_group_gate_std=0.145976 | val_adapter_low_rank=7.047759 | val_adapter_direct=2.213075 | val_masked_positions=42226928 | skipped(train/val)=0/0
[2026-08-15 05:01:20] INFO Epoch 028/050 started | train_batches=1418 | val_batches=188
[2026-08-15 05:01:21] INFO Epoch 028 | train batch=1/1418 | elapsed=0.0 min | eta=12.3 min
[2026-08-15 05:01:25] INFO Epoch 028 | train batch=10/1418 | elapsed=0.1 min | eta=11.0 min
[2026-08-15 05:01:29] INFO Epoch 028 | train batch=20/1418 | elapsed=0.2 min | eta=10.7 min
[2026-08-15 05:01:34] INFO Epoch 028 | train batch=30/1418 | elapsed=0.2 min | eta=10.8 min
[2026-08-15 05:01:39] INFO Epoch 028 | train batch=40/1418 | elapsed=0.3 min | eta=10.9 min
[2026-08-15 05:01:44] INFO Epoch 028 | train batch=50/1418 | elapsed=0.4 min | eta=10.7 min
[2026-08-15 05:01:48] INFO Epoch 028 | train batch=60/1418 | elapsed=0.5 min | eta=10.5 min
[2026-08-15 05:01:53] INFO Epoch 028 | train batch=70/1418 | elapsed=0.5 min | eta=10.4 min
[2026-08-15 05:01:57] INFO Epoch 028 | train batch=80/1418 | elapsed=0.6 min | eta=10.3 min
[2026-08-15 05:02:02] INFO Epoch 028 | train batch=90/1418 | elapsed=0.7 min | eta=10.3 min
[2026-08-15 05:02:07] INFO Epoch 028 | train batch=100/1418 | elapsed=0.8 min | eta=10.2 min
[2026-08-15 05:02:12] INFO Epoch 028 | train batch=110/1418 | elapsed=0.9 min | eta=10.2 min
[2026-08-15 05:02:16] INFO Epoch 028 | train batch=120/1418 | elapsed=0.9 min | eta=10.1 min
[2026-08-15 05:02:21] INFO Epoch 028 | train batch=130/1418 | elapsed=1.0 min | eta=10.0 min
[2026-08-15 05:02:26] INFO Epoch 028 | train batch=140/1418 | elapsed=1.1 min | eta=9.9 min
[2026-08-15 05:02:31] INFO Epoch 028 | train batch=150/1418 | elapsed=1.2 min | eta=9.9 min
[2026-08-15 05:02:35] INFO Epoch 028 | train batch=160/1418 | elapsed=1.2 min | eta=9.8 min
[2026-08-15 05:02:40] INFO Epoch 028 | train batch=170/1418 | elapsed=1.3 min | eta=9.7 min
[2026-08-15 05:02:44] INFO Epoch 028 | train batch=180/1418 | elapsed=1.4 min | eta=9.6 min
[2026-08-15 05:02:49] INFO Epoch 028 | train batch=190/1418 | elapsed=1.5 min | eta=9.5 min
[2026-08-15 05:02:54] INFO Epoch 028 | train batch=200/1418 | elapsed=1.6 min | eta=9.5 min
[2026-08-15 05:02:58] INFO Epoch 028 | train batch=210/1418 | elapsed=1.6 min | eta=9.4 min
[2026-08-15 05:03:03] INFO Epoch 028 | train batch=220/1418 | elapsed=1.7 min | eta=9.3 min
[2026-08-15 05:03:08] INFO Epoch 028 | train batch=230/1418 | elapsed=1.8 min | eta=9.2 min
[2026-08-15 05:03:12] INFO Epoch 028 | train batch=240/1418 | elapsed=1.9 min | eta=9.2 min
[2026-08-15 05:03:17] INFO Epoch 028 | train batch=250/1418 | elapsed=1.9 min | eta=9.1 min
[2026-08-15 05:03:22] INFO Epoch 028 | train batch=260/1418 | elapsed=2.0 min | eta=9.0 min
[2026-08-15 05:03:26] INFO Epoch 028 | train batch=270/1418 | elapsed=2.1 min | eta=8.9 min
[2026-08-15 05:03:31] INFO Epoch 028 | train batch=280/1418 | elapsed=2.2 min | eta=8.9 min
[2026-08-15 05:03:36] INFO Epoch 028 | train batch=290/1418 | elapsed=2.3 min | eta=8.8 min
[2026-08-15 05:03:40] INFO Epoch 028 | train batch=300/1418 | elapsed=2.3 min | eta=8.7 min
[2026-08-15 05:03:45] INFO Epoch 028 | train batch=310/1418 | elapsed=2.4 min | eta=8.6 min
[2026-08-15 05:03:50] INFO Epoch 028 | train batch=320/1418 | elapsed=2.5 min | eta=8.6 min
[2026-08-15 05:03:55] INFO Epoch 028 | train batch=330/1418 | elapsed=2.6 min | eta=8.5 min
[2026-08-15 05:04:00] INFO Epoch 028 | train batch=340/1418 | elapsed=2.7 min | eta=8.4 min
[2026-08-15 05:04:04] INFO Epoch 028 | train batch=350/1418 | elapsed=2.7 min | eta=8.3 min
[2026-08-15 05:04:09] INFO Epoch 028 | train batch=360/1418 | elapsed=2.8 min | eta=8.3 min
[2026-08-15 05:04:14] INFO Epoch 028 | train batch=370/1418 | elapsed=2.9 min | eta=8.2 min
[2026-08-15 05:04:18] INFO Epoch 028 | train batch=380/1418 | elapsed=3.0 min | eta=8.1 min
[2026-08-15 05:04:23] INFO Epoch 028 | train batch=390/1418 | elapsed=3.0 min | eta=8.0 min
[2026-08-15 05:04:28] INFO Epoch 028 | train batch=400/1418 | elapsed=3.1 min | eta=8.0 min
[2026-08-15 05:04:33] INFO Epoch 028 | train batch=410/1418 | elapsed=3.2 min | eta=7.9 min
[2026-08-15 05:04:38] INFO Epoch 028 | train batch=420/1418 | elapsed=3.3 min | eta=7.8 min
[2026-08-15 05:04:42] INFO Epoch 028 | train batch=430/1418 | elapsed=3.4 min | eta=7.7 min
[2026-08-15 05:04:47] INFO Epoch 028 | train batch=440/1418 | elapsed=3.4 min | eta=7.7 min
[2026-08-15 05:04:52] INFO Epoch 028 | train batch=450/1418 | elapsed=3.5 min | eta=7.6 min
[2026-08-15 05:04:57] INFO Epoch 028 | train batch=460/1418 | elapsed=3.6 min | eta=7.5 min
[2026-08-15 05:05:01] INFO Epoch 028 | train batch=470/1418 | elapsed=3.7 min | eta=7.4 min
[2026-08-15 05:05:06] INFO Epoch 028 | train batch=480/1418 | elapsed=3.8 min | eta=7.3 min
[2026-08-15 05:05:11] INFO Epoch 028 | train batch=490/1418 | elapsed=3.8 min | eta=7.3 min
[2026-08-15 05:05:15] INFO Epoch 028 | train batch=500/1418 | elapsed=3.9 min | eta=7.2 min
[2026-08-15 05:05:20] INFO Epoch 028 | train batch=510/1418 | elapsed=4.0 min | eta=7.1 min
[2026-08-15 05:05:25] INFO Epoch 028 | train batch=520/1418 | elapsed=4.1 min | eta=7.0 min
[2026-08-15 05:05:29] INFO Epoch 028 | train batch=530/1418 | elapsed=4.2 min | eta=7.0 min
[2026-08-15 05:05:34] INFO Epoch 028 | train batch=540/1418 | elapsed=4.2 min | eta=6.9 min
[2026-08-15 05:05:39] INFO Epoch 028 | train batch=550/1418 | elapsed=4.3 min | eta=6.8 min
[2026-08-15 05:05:43] INFO Epoch 028 | train batch=560/1418 | elapsed=4.4 min | eta=6.7 min
[2026-08-15 05:05:48] INFO Epoch 028 | train batch=570/1418 | elapsed=4.5 min | eta=6.6 min
[2026-08-15 05:05:53] INFO Epoch 028 | train batch=580/1418 | elapsed=4.5 min | eta=6.6 min
[2026-08-15 05:05:57] INFO Epoch 028 | train batch=590/1418 | elapsed=4.6 min | eta=6.5 min
[2026-08-15 05:06:02] INFO Epoch 028 | train batch=600/1418 | elapsed=4.7 min | eta=6.4 min
[2026-08-15 05:06:07] INFO Epoch 028 | train batch=610/1418 | elapsed=4.8 min | eta=6.3 min
[2026-08-15 05:06:11] INFO Epoch 028 | train batch=620/1418 | elapsed=4.9 min | eta=6.2 min
[2026-08-15 05:06:16] INFO Epoch 028 | train batch=630/1418 | elapsed=4.9 min | eta=6.2 min
[2026-08-15 05:06:21] INFO Epoch 028 | train batch=640/1418 | elapsed=5.0 min | eta=6.1 min
[2026-08-15 05:06:26] INFO Epoch 028 | train batch=650/1418 | elapsed=5.1 min | eta=6.0 min
[2026-08-15 05:06:30] INFO Epoch 028 | train batch=660/1418 | elapsed=5.2 min | eta=5.9 min
[2026-08-15 05:06:35] INFO Epoch 028 | train batch=670/1418 | elapsed=5.2 min | eta=5.9 min
[2026-08-15 05:06:40] INFO Epoch 028 | train batch=680/1418 | elapsed=5.3 min | eta=5.8 min
[2026-08-15 05:06:44] INFO Epoch 028 | train batch=690/1418 | elapsed=5.4 min | eta=5.7 min
[2026-08-15 05:06:49] INFO Epoch 028 | train batch=700/1418 | elapsed=5.5 min | eta=5.6 min
[2026-08-15 05:06:54] INFO Epoch 028 | train batch=710/1418 | elapsed=5.6 min | eta=5.5 min
[2026-08-15 05:06:58] INFO Epoch 028 | train batch=720/1418 | elapsed=5.6 min | eta=5.5 min
[2026-08-15 05:07:03] INFO Epoch 028 | train batch=730/1418 | elapsed=5.7 min | eta=5.4 min
[2026-08-15 05:07:07] INFO Epoch 028 | train batch=740/1418 | elapsed=5.8 min | eta=5.3 min
[2026-08-15 05:07:13] INFO Epoch 028 | train batch=750/1418 | elapsed=5.9 min | eta=5.2 min
[2026-08-15 05:07:18] INFO Epoch 028 | train batch=760/1418 | elapsed=6.0 min | eta=5.2 min
[2026-08-15 05:07:22] INFO Epoch 028 | train batch=770/1418 | elapsed=6.0 min | eta=5.1 min
[2026-08-15 05:07:27] INFO Epoch 028 | train batch=780/1418 | elapsed=6.1 min | eta=5.0 min
[2026-08-15 05:07:32] INFO Epoch 028 | train batch=790/1418 | elapsed=6.2 min | eta=4.9 min
[2026-08-15 05:07:36] INFO Epoch 028 | train batch=800/1418 | elapsed=6.3 min | eta=4.8 min
[2026-08-15 05:07:41] INFO Epoch 028 | train batch=810/1418 | elapsed=6.3 min | eta=4.8 min
[2026-08-15 05:07:45] INFO Epoch 028 | train batch=820/1418 | elapsed=6.4 min | eta=4.7 min
[2026-08-15 05:07:50] INFO Epoch 028 | train batch=830/1418 | elapsed=6.5 min | eta=4.6 min
[2026-08-15 05:07:55] INFO Epoch 028 | train batch=840/1418 | elapsed=6.6 min | eta=4.5 min
[2026-08-15 05:08:00] INFO Epoch 028 | train batch=850/1418 | elapsed=6.7 min | eta=4.4 min
[2026-08-15 05:08:04] INFO Epoch 028 | train batch=860/1418 | elapsed=6.7 min | eta=4.4 min
[2026-08-15 05:08:09] INFO Epoch 028 | train batch=870/1418 | elapsed=6.8 min | eta=4.3 min
[2026-08-15 05:08:13] INFO Epoch 028 | train batch=880/1418 | elapsed=6.9 min | eta=4.2 min
[2026-08-15 05:08:18] INFO Epoch 028 | train batch=890/1418 | elapsed=7.0 min | eta=4.1 min
[2026-08-15 05:08:23] INFO Epoch 028 | train batch=900/1418 | elapsed=7.0 min | eta=4.1 min
[2026-08-15 05:08:28] INFO Epoch 028 | train batch=910/1418 | elapsed=7.1 min | eta=4.0 min
[2026-08-15 05:08:32] INFO Epoch 028 | train batch=920/1418 | elapsed=7.2 min | eta=3.9 min
[2026-08-15 05:08:37] INFO Epoch 028 | train batch=930/1418 | elapsed=7.3 min | eta=3.8 min
[2026-08-15 05:08:42] INFO Epoch 028 | train batch=940/1418 | elapsed=7.4 min | eta=3.7 min
[2026-08-15 05:08:47] INFO Epoch 028 | train batch=950/1418 | elapsed=7.4 min | eta=3.7 min
[2026-08-15 05:08:51] INFO Epoch 028 | train batch=960/1418 | elapsed=7.5 min | eta=3.6 min
[2026-08-15 05:08:56] INFO Epoch 028 | train batch=970/1418 | elapsed=7.6 min | eta=3.5 min
[2026-08-15 05:09:01] INFO Epoch 028 | train batch=980/1418 | elapsed=7.7 min | eta=3.4 min
[2026-08-15 05:09:06] INFO Epoch 028 | train batch=990/1418 | elapsed=7.8 min | eta=3.4 min
[2026-08-15 05:09:10] INFO Epoch 028 | train batch=1000/1418 | elapsed=7.8 min | eta=3.3 min
[2026-08-15 05:09:15] INFO Epoch 028 | train batch=1010/1418 | elapsed=7.9 min | eta=3.2 min
[2026-08-15 05:09:19] INFO Epoch 028 | train batch=1020/1418 | elapsed=8.0 min | eta=3.1 min
[2026-08-15 05:09:24] INFO Epoch 028 | train batch=1030/1418 | elapsed=8.1 min | eta=3.0 min
[2026-08-15 05:09:29] INFO Epoch 028 | train batch=1040/1418 | elapsed=8.1 min | eta=3.0 min
[2026-08-15 05:09:34] INFO Epoch 028 | train batch=1050/1418 | elapsed=8.2 min | eta=2.9 min
[2026-08-15 05:09:38] INFO Epoch 028 | train batch=1060/1418 | elapsed=8.3 min | eta=2.8 min
[2026-08-15 05:09:43] INFO Epoch 028 | train batch=1070/1418 | elapsed=8.4 min | eta=2.7 min
[2026-08-15 05:09:47] INFO Epoch 028 | train batch=1080/1418 | elapsed=8.5 min | eta=2.6 min
[2026-08-15 05:09:52] INFO Epoch 028 | train batch=1090/1418 | elapsed=8.5 min | eta=2.6 min
[2026-08-15 05:09:57] INFO Epoch 028 | train batch=1100/1418 | elapsed=8.6 min | eta=2.5 min
[2026-08-15 05:10:01] INFO Epoch 028 | train batch=1110/1418 | elapsed=8.7 min | eta=2.4 min
[2026-08-15 05:10:06] INFO Epoch 028 | train batch=1120/1418 | elapsed=8.8 min | eta=2.3 min
[2026-08-15 05:10:11] INFO Epoch 028 | train batch=1130/1418 | elapsed=8.8 min | eta=2.3 min
[2026-08-15 05:10:16] INFO Epoch 028 | train batch=1140/1418 | elapsed=8.9 min | eta=2.2 min
[2026-08-15 05:10:20] INFO Epoch 028 | train batch=1150/1418 | elapsed=9.0 min | eta=2.1 min
[2026-08-15 05:10:25] INFO Epoch 028 | train batch=1160/1418 | elapsed=9.1 min | eta=2.0 min
[2026-08-15 05:10:30] INFO Epoch 028 | train batch=1170/1418 | elapsed=9.2 min | eta=1.9 min
[2026-08-15 05:10:34] INFO Epoch 028 | train batch=1180/1418 | elapsed=9.2 min | eta=1.9 min
[2026-08-15 05:10:40] INFO Epoch 028 | train batch=1190/1418 | elapsed=9.3 min | eta=1.8 min
[2026-08-15 05:10:44] INFO Epoch 028 | train batch=1200/1418 | elapsed=9.4 min | eta=1.7 min
[2026-08-15 05:10:49] INFO Epoch 028 | train batch=1210/1418 | elapsed=9.5 min | eta=1.6 min
[2026-08-15 05:10:54] INFO Epoch 028 | train batch=1220/1418 | elapsed=9.6 min | eta=1.6 min
[2026-08-15 05:10:58] INFO Epoch 028 | train batch=1230/1418 | elapsed=9.6 min | eta=1.5 min
[2026-08-15 05:11:03] INFO Epoch 028 | train batch=1240/1418 | elapsed=9.7 min | eta=1.4 min
[2026-08-15 05:11:08] INFO Epoch 028 | train batch=1250/1418 | elapsed=9.8 min | eta=1.3 min
[2026-08-15 05:11:12] INFO Epoch 028 | train batch=1260/1418 | elapsed=9.9 min | eta=1.2 min
[2026-08-15 05:11:17] INFO Epoch 028 | train batch=1270/1418 | elapsed=9.9 min | eta=1.2 min
[2026-08-15 05:11:22] INFO Epoch 028 | train batch=1280/1418 | elapsed=10.0 min | eta=1.1 min
[2026-08-15 05:11:26] INFO Epoch 028 | train batch=1290/1418 | elapsed=10.1 min | eta=1.0 min
[2026-08-15 05:11:31] INFO Epoch 028 | train batch=1300/1418 | elapsed=10.2 min | eta=0.9 min
[2026-08-15 05:11:36] INFO Epoch 028 | train batch=1310/1418 | elapsed=10.3 min | eta=0.8 min
[2026-08-15 05:11:40] INFO Epoch 028 | train batch=1320/1418 | elapsed=10.3 min | eta=0.8 min
[2026-08-15 05:11:45] INFO Epoch 028 | train batch=1330/1418 | elapsed=10.4 min | eta=0.7 min
[2026-08-15 05:11:50] INFO Epoch 028 | train batch=1340/1418 | elapsed=10.5 min | eta=0.6 min
[2026-08-15 05:11:55] INFO Epoch 028 | train batch=1350/1418 | elapsed=10.6 min | eta=0.5 min
[2026-08-15 05:12:00] INFO Epoch 028 | train batch=1360/1418 | elapsed=10.7 min | eta=0.5 min
[2026-08-15 05:12:05] INFO Epoch 028 | train batch=1370/1418 | elapsed=10.7 min | eta=0.4 min
[2026-08-15 05:12:09] INFO Epoch 028 | train batch=1380/1418 | elapsed=10.8 min | eta=0.3 min
[2026-08-15 05:12:14] INFO Epoch 028 | train batch=1390/1418 | elapsed=10.9 min | eta=0.2 min
[2026-08-15 05:12:19] INFO Epoch 028 | train batch=1400/1418 | elapsed=11.0 min | eta=0.1 min
[2026-08-15 05:12:24] INFO Epoch 028 | train batch=1410/1418 | elapsed=11.1 min | eta=0.1 min
[2026-08-15 05:12:27] INFO Epoch 028 | train batch=1418/1418 | elapsed=11.1 min | eta=0.0 min
[2026-08-15 05:12:28] INFO Epoch 028 | val batch=1/188 | elapsed=0.0 min | eta=0.5 min
[2026-08-15 05:12:29] INFO Epoch 028 | val batch=10/188 | elapsed=0.0 min | eta=0.6 min
[2026-08-15 05:12:32] INFO Epoch 028 | val batch=20/188 | elapsed=0.1 min | eta=0.6 min
[2026-08-15 05:12:34] INFO Epoch 028 | val batch=30/188 | elapsed=0.1 min | eta=0.5 min
[2026-08-15 05:12:36] INFO Epoch 028 | val batch=40/188 | elapsed=0.1 min | eta=0.5 min
[2026-08-15 05:12:38] INFO Epoch 028 | val batch=50/188 | elapsed=0.2 min | eta=0.5 min
[2026-08-15 05:12:40] INFO Epoch 028 | val batch=60/188 | elapsed=0.2 min | eta=0.4 min
[2026-08-15 05:12:42] INFO Epoch 028 | val batch=70/188 | elapsed=0.2 min | eta=0.4 min
[2026-08-15 05:12:44] INFO Epoch 028 | val batch=80/188 | elapsed=0.3 min | eta=0.4 min
[2026-08-15 05:12:46] INFO Epoch 028 | val batch=90/188 | elapsed=0.3 min | eta=0.3 min
[2026-08-15 05:12:48] INFO Epoch 028 | val batch=100/188 | elapsed=0.3 min | eta=0.3 min
[2026-08-15 05:12:50] INFO Epoch 028 | val batch=110/188 | elapsed=0.4 min | eta=0.3 min
[2026-08-15 05:12:52] INFO Epoch 028 | val batch=120/188 | elapsed=0.4 min | eta=0.2 min
[2026-08-15 05:12:54] INFO Epoch 028 | val batch=130/188 | elapsed=0.5 min | eta=0.2 min
[2026-08-15 05:12:57] INFO Epoch 028 | val batch=140/188 | elapsed=0.5 min | eta=0.2 min
[2026-08-15 05:12:59] INFO Epoch 028 | val batch=150/188 | elapsed=0.5 min | eta=0.1 min
[2026-08-15 05:13:01] INFO Epoch 028 | val batch=160/188 | elapsed=0.6 min | eta=0.1 min
[2026-08-15 05:13:03] INFO Epoch 028 | val batch=170/188 | elapsed=0.6 min | eta=0.1 min
[2026-08-15 05:13:05] INFO Epoch 028 | val batch=180/188 | elapsed=0.6 min | eta=0.0 min
[2026-08-15 05:13:06] INFO Epoch 028 | val batch=188/188 | elapsed=0.6 min | eta=0.0 min
[2026-08-15 05:13:06] INFO Epoch 028 | train_total=0.441049 | val_total=0.448061 | val_mask=0.230197 | val_retrieval=2.178639 | val_profile=0.000000 | val_anchors=604396 | val_positive_pairs=0 | val_hard_negatives=0 | val_relation_candidates=7268824 | val_teacher_keff=3.787 | val_student_keff=7.966 | val_adapter_valid=0.966 | val_adapter_gate=0.116 | val_adapter_spatial_gate=0.102 | val_adapter_ratio=0.698033 | val_adapter_modulation=0.729104 | val_adapter_modulation_std=0.512590 | val_adapter_group_gate_std=0.138624 | val_adapter_low_rank=7.443467 | val_adapter_direct=2.351843 | val_masked_positions=42170439 | skipped(train/val)=0/0
[2026-08-15 05:13:06] INFO Epoch 029/050 started | train_batches=1418 | val_batches=188
[2026-08-15 05:13:07] INFO Epoch 029 | train batch=1/1418 | elapsed=0.0 min | eta=10.0 min
[2026-08-15 05:13:11] INFO Epoch 029 | train batch=10/1418 | elapsed=0.1 min | eta=10.3 min
[2026-08-15 05:13:15] INFO Epoch 029 | train batch=20/1418 | elapsed=0.2 min | eta=10.6 min
[2026-08-15 05:13:20] INFO Epoch 029 | train batch=30/1418 | elapsed=0.2 min | eta=10.6 min
[2026-08-15 05:13:25] INFO Epoch 029 | train batch=40/1418 | elapsed=0.3 min | eta=10.6 min
[2026-08-15 05:13:29] INFO Epoch 029 | train batch=50/1418 | elapsed=0.4 min | eta=10.4 min
[2026-08-15 05:13:34] INFO Epoch 029 | train batch=60/1418 | elapsed=0.5 min | eta=10.4 min
[2026-08-15 05:13:39] INFO Epoch 029 | train batch=70/1418 | elapsed=0.5 min | eta=10.4 min
[2026-08-15 05:13:43] INFO Epoch 029 | train batch=80/1418 | elapsed=0.6 min | eta=10.3 min
[2026-08-15 05:13:48] INFO Epoch 029 | train batch=90/1418 | elapsed=0.7 min | eta=10.3 min
[2026-08-15 05:13:53] INFO Epoch 029 | train batch=100/1418 | elapsed=0.8 min | eta=10.2 min
[2026-08-15 05:13:57] INFO Epoch 029 | train batch=110/1418 | elapsed=0.8 min | eta=10.1 min
[2026-08-15 05:14:02] INFO Epoch 029 | train batch=120/1418 | elapsed=0.9 min | eta=10.0 min
[2026-08-15 05:14:07] INFO Epoch 029 | train batch=130/1418 | elapsed=1.0 min | eta=10.0 min
[2026-08-15 05:14:12] INFO Epoch 029 | train batch=140/1418 | elapsed=1.1 min | eta=9.9 min
[2026-08-15 05:14:17] INFO Epoch 029 | train batch=150/1418 | elapsed=1.2 min | eta=9.9 min
[2026-08-15 05:14:21] INFO Epoch 029 | train batch=160/1418 | elapsed=1.2 min | eta=9.8 min
[2026-08-15 05:14:26] INFO Epoch 029 | train batch=170/1418 | elapsed=1.3 min | eta=9.8 min
[2026-08-15 05:14:31] INFO Epoch 029 | train batch=180/1418 | elapsed=1.4 min | eta=9.7 min
[2026-08-15 05:14:36] INFO Epoch 029 | train batch=190/1418 | elapsed=1.5 min | eta=9.6 min
[2026-08-15 05:14:40] INFO Epoch 029 | train batch=200/1418 | elapsed=1.6 min | eta=9.5 min
[2026-08-15 05:14:45] INFO Epoch 029 | train batch=210/1418 | elapsed=1.7 min | eta=9.5 min
[2026-08-15 05:14:50] INFO Epoch 029 | train batch=220/1418 | elapsed=1.7 min | eta=9.4 min
[2026-08-15 05:14:55] INFO Epoch 029 | train batch=230/1418 | elapsed=1.8 min | eta=9.3 min
[2026-08-15 05:15:00] INFO Epoch 029 | train batch=240/1418 | elapsed=1.9 min | eta=9.3 min
[2026-08-15 05:15:04] INFO Epoch 029 | train batch=250/1418 | elapsed=2.0 min | eta=9.2 min
[2026-08-15 05:15:09] INFO Epoch 029 | train batch=260/1418 | elapsed=2.0 min | eta=9.1 min
[2026-08-15 05:15:14] INFO Epoch 029 | train batch=270/1418 | elapsed=2.1 min | eta=9.0 min
[2026-08-15 05:15:19] INFO Epoch 029 | train batch=280/1418 | elapsed=2.2 min | eta=9.0 min
[2026-08-15 05:15:23] INFO Epoch 029 | train batch=290/1418 | elapsed=2.3 min | eta=8.9 min
[2026-08-15 05:15:28] INFO Epoch 029 | train batch=300/1418 | elapsed=2.4 min | eta=8.8 min
[2026-08-15 05:15:33] INFO Epoch 029 | train batch=310/1418 | elapsed=2.4 min | eta=8.7 min
[2026-08-15 05:15:37] INFO Epoch 029 | train batch=320/1418 | elapsed=2.5 min | eta=8.6 min
[2026-08-15 05:15:42] INFO Epoch 029 | train batch=330/1418 | elapsed=2.6 min | eta=8.6 min
[2026-08-15 05:15:47] INFO Epoch 029 | train batch=340/1418 | elapsed=2.7 min | eta=8.5 min
[2026-08-15 05:15:52] INFO Epoch 029 | train batch=350/1418 | elapsed=2.8 min | eta=8.4 min
[2026-08-15 05:15:57] INFO Epoch 029 | train batch=360/1418 | elapsed=2.8 min | eta=8.3 min
[2026-08-15 05:16:01] INFO Epoch 029 | train batch=370/1418 | elapsed=2.9 min | eta=8.3 min
[2026-08-15 05:16:06] INFO Epoch 029 | train batch=380/1418 | elapsed=3.0 min | eta=8.2 min
[2026-08-15 05:16:11] INFO Epoch 029 | train batch=390/1418 | elapsed=3.1 min | eta=8.1 min
[2026-08-15 05:16:16] INFO Epoch 029 | train batch=400/1418 | elapsed=3.2 min | eta=8.0 min
[2026-08-15 05:16:20] INFO Epoch 029 | train batch=410/1418 | elapsed=3.2 min | eta=7.9 min
[2026-08-15 05:16:25] INFO Epoch 029 | train batch=420/1418 | elapsed=3.3 min | eta=7.9 min
[2026-08-15 05:16:30] INFO Epoch 029 | train batch=430/1418 | elapsed=3.4 min | eta=7.8 min
[2026-08-15 05:16:34] INFO Epoch 029 | train batch=440/1418 | elapsed=3.5 min | eta=7.7 min
[2026-08-15 05:16:39] INFO Epoch 029 | train batch=450/1418 | elapsed=3.5 min | eta=7.6 min
[2026-08-15 05:16:44] INFO Epoch 029 | train batch=460/1418 | elapsed=3.6 min | eta=7.5 min
[2026-08-15 05:16:48] INFO Epoch 029 | train batch=470/1418 | elapsed=3.7 min | eta=7.5 min
[2026-08-15 05:16:53] INFO Epoch 029 | train batch=480/1418 | elapsed=3.8 min | eta=7.4 min
[2026-08-15 05:16:57] INFO Epoch 029 | train batch=490/1418 | elapsed=3.9 min | eta=7.3 min
[2026-08-15 05:17:02] INFO Epoch 029 | train batch=500/1418 | elapsed=3.9 min | eta=7.2 min
[2026-08-15 05:17:07] INFO Epoch 029 | train batch=510/1418 | elapsed=4.0 min | eta=7.1 min
[2026-08-15 05:17:12] INFO Epoch 029 | train batch=520/1418 | elapsed=4.1 min | eta=7.1 min
[2026-08-15 05:17:16] INFO Epoch 029 | train batch=530/1418 | elapsed=4.2 min | eta=7.0 min
[2026-08-15 05:17:21] INFO Epoch 029 | train batch=540/1418 | elapsed=4.2 min | eta=6.9 min
[2026-08-15 05:17:25] INFO Epoch 029 | train batch=550/1418 | elapsed=4.3 min | eta=6.8 min
[2026-08-15 05:17:30] INFO Epoch 029 | train batch=560/1418 | elapsed=4.4 min | eta=6.7 min
[2026-08-15 05:17:35] INFO Epoch 029 | train batch=570/1418 | elapsed=4.5 min | eta=6.7 min
[2026-08-15 05:17:39] INFO Epoch 029 | train batch=580/1418 | elapsed=4.5 min | eta=6.6 min
[2026-08-15 05:17:44] INFO Epoch 029 | train batch=590/1418 | elapsed=4.6 min | eta=6.5 min
[2026-08-15 05:17:49] INFO Epoch 029 | train batch=600/1418 | elapsed=4.7 min | eta=6.4 min
[2026-08-15 05:17:54] INFO Epoch 029 | train batch=610/1418 | elapsed=4.8 min | eta=6.3 min
[2026-08-15 05:17:58] INFO Epoch 029 | train batch=620/1418 | elapsed=4.9 min | eta=6.3 min
[2026-08-15 05:18:03] INFO Epoch 029 | train batch=630/1418 | elapsed=4.9 min | eta=6.2 min
[2026-08-15 05:18:08] INFO Epoch 029 | train batch=640/1418 | elapsed=5.0 min | eta=6.1 min
[2026-08-15 05:18:12] INFO Epoch 029 | train batch=650/1418 | elapsed=5.1 min | eta=6.0 min
[2026-08-15 05:18:17] INFO Epoch 029 | train batch=660/1418 | elapsed=5.2 min | eta=6.0 min
[2026-08-15 05:18:22] INFO Epoch 029 | train batch=670/1418 | elapsed=5.3 min | eta=5.9 min
[2026-08-15 05:18:26] INFO Epoch 029 | train batch=680/1418 | elapsed=5.3 min | eta=5.8 min
[2026-08-15 05:18:31] INFO Epoch 029 | train batch=690/1418 | elapsed=5.4 min | eta=5.7 min
[2026-08-15 05:18:36] INFO Epoch 029 | train batch=700/1418 | elapsed=5.5 min | eta=5.6 min
[2026-08-15 05:18:40] INFO Epoch 029 | train batch=710/1418 | elapsed=5.6 min | eta=5.6 min
[2026-08-15 05:18:45] INFO Epoch 029 | train batch=720/1418 | elapsed=5.6 min | eta=5.5 min
[2026-08-15 05:18:50] INFO Epoch 029 | train batch=730/1418 | elapsed=5.7 min | eta=5.4 min
[2026-08-15 05:18:55] INFO Epoch 029 | train batch=740/1418 | elapsed=5.8 min | eta=5.3 min
[2026-08-15 05:19:00] INFO Epoch 029 | train batch=750/1418 | elapsed=5.9 min | eta=5.2 min
[2026-08-15 05:19:04] INFO Epoch 029 | train batch=760/1418 | elapsed=6.0 min | eta=5.2 min
[2026-08-15 05:19:09] INFO Epoch 029 | train batch=770/1418 | elapsed=6.1 min | eta=5.1 min
[2026-08-15 05:19:14] INFO Epoch 029 | train batch=780/1418 | elapsed=6.1 min | eta=5.0 min
[2026-08-15 05:19:19] INFO Epoch 029 | train batch=790/1418 | elapsed=6.2 min | eta=4.9 min
[2026-08-15 05:19:24] INFO Epoch 029 | train batch=800/1418 | elapsed=6.3 min | eta=4.9 min
[2026-08-15 05:19:28] INFO Epoch 029 | train batch=810/1418 | elapsed=6.4 min | eta=4.8 min
[2026-08-15 05:19:33] INFO Epoch 029 | train batch=820/1418 | elapsed=6.4 min | eta=4.7 min
[2026-08-15 05:19:38] INFO Epoch 029 | train batch=830/1418 | elapsed=6.5 min | eta=4.6 min
[2026-08-15 05:19:43] INFO Epoch 029 | train batch=840/1418 | elapsed=6.6 min | eta=4.5 min
[2026-08-15 05:19:47] INFO Epoch 029 | train batch=850/1418 | elapsed=6.7 min | eta=4.5 min
[2026-08-15 05:19:51] INFO Epoch 029 | train batch=860/1418 | elapsed=6.8 min | eta=4.4 min
[2026-08-15 05:19:56] INFO Epoch 029 | train batch=870/1418 | elapsed=6.8 min | eta=4.3 min
[2026-08-15 05:20:01] INFO Epoch 029 | train batch=880/1418 | elapsed=6.9 min | eta=4.2 min
[2026-08-15 05:20:06] INFO Epoch 029 | train batch=890/1418 | elapsed=7.0 min | eta=4.1 min
[2026-08-15 05:20:10] INFO Epoch 029 | train batch=900/1418 | elapsed=7.1 min | eta=4.1 min
[2026-08-15 05:20:15] INFO Epoch 029 | train batch=910/1418 | elapsed=7.1 min | eta=4.0 min
[2026-08-15 05:20:20] INFO Epoch 029 | train batch=920/1418 | elapsed=7.2 min | eta=3.9 min
[2026-08-15 05:20:25] INFO Epoch 029 | train batch=930/1418 | elapsed=7.3 min | eta=3.8 min
[2026-08-15 05:20:30] INFO Epoch 029 | train batch=940/1418 | elapsed=7.4 min | eta=3.8 min
[2026-08-15 05:20:34] INFO Epoch 029 | train batch=950/1418 | elapsed=7.5 min | eta=3.7 min
[2026-08-15 05:20:39] INFO Epoch 029 | train batch=960/1418 | elapsed=7.5 min | eta=3.6 min
[2026-08-15 05:20:44] INFO Epoch 029 | train batch=970/1418 | elapsed=7.6 min | eta=3.5 min
[2026-08-15 05:20:48] INFO Epoch 029 | train batch=980/1418 | elapsed=7.7 min | eta=3.4 min
[2026-08-15 05:20:53] INFO Epoch 029 | train batch=990/1418 | elapsed=7.8 min | eta=3.4 min
[2026-08-15 05:20:57] INFO Epoch 029 | train batch=1000/1418 | elapsed=7.9 min | eta=3.3 min
[2026-08-15 05:21:02] INFO Epoch 029 | train batch=1010/1418 | elapsed=7.9 min | eta=3.2 min
[2026-08-15 05:21:07] INFO Epoch 029 | train batch=1020/1418 | elapsed=8.0 min | eta=3.1 min
[2026-08-15 05:21:12] INFO Epoch 029 | train batch=1030/1418 | elapsed=8.1 min | eta=3.0 min
[2026-08-15 05:21:16] INFO Epoch 029 | train batch=1040/1418 | elapsed=8.2 min | eta=3.0 min
[2026-08-15 05:21:21] INFO Epoch 029 | train batch=1050/1418 | elapsed=8.2 min | eta=2.9 min
[2026-08-15 05:21:26] INFO Epoch 029 | train batch=1060/1418 | elapsed=8.3 min | eta=2.8 min
[2026-08-15 05:21:30] INFO Epoch 029 | train batch=1070/1418 | elapsed=8.4 min | eta=2.7 min
[2026-08-15 05:21:35] INFO Epoch 029 | train batch=1080/1418 | elapsed=8.5 min | eta=2.7 min
[2026-08-15 05:21:40] INFO Epoch 029 | train batch=1090/1418 | elapsed=8.6 min | eta=2.6 min
[2026-08-15 05:21:45] INFO Epoch 029 | train batch=1100/1418 | elapsed=8.6 min | eta=2.5 min
[2026-08-15 05:21:50] INFO Epoch 029 | train batch=1110/1418 | elapsed=8.7 min | eta=2.4 min
[2026-08-15 05:21:55] INFO Epoch 029 | train batch=1120/1418 | elapsed=8.8 min | eta=2.3 min
[2026-08-15 05:21:59] INFO Epoch 029 | train batch=1130/1418 | elapsed=8.9 min | eta=2.3 min
[2026-08-15 05:22:04] INFO Epoch 029 | train batch=1140/1418 | elapsed=9.0 min | eta=2.2 min
[2026-08-15 05:22:09] INFO Epoch 029 | train batch=1150/1418 | elapsed=9.0 min | eta=2.1 min
[2026-08-15 05:22:13] INFO Epoch 029 | train batch=1160/1418 | elapsed=9.1 min | eta=2.0 min
[2026-08-15 05:22:18] INFO Epoch 029 | train batch=1170/1418 | elapsed=9.2 min | eta=2.0 min
[2026-08-15 05:22:23] INFO Epoch 029 | train batch=1180/1418 | elapsed=9.3 min | eta=1.9 min
[2026-08-15 05:22:28] INFO Epoch 029 | train batch=1190/1418 | elapsed=9.4 min | eta=1.8 min
[2026-08-15 05:22:33] INFO Epoch 029 | train batch=1200/1418 | elapsed=9.4 min | eta=1.7 min
[2026-08-15 05:22:37] INFO Epoch 029 | train batch=1210/1418 | elapsed=9.5 min | eta=1.6 min
[2026-08-15 05:22:42] INFO Epoch 029 | train batch=1220/1418 | elapsed=9.6 min | eta=1.6 min
[2026-08-15 05:22:47] INFO Epoch 029 | train batch=1230/1418 | elapsed=9.7 min | eta=1.5 min
[2026-08-15 05:22:51] INFO Epoch 029 | train batch=1240/1418 | elapsed=9.8 min | eta=1.4 min
[2026-08-15 05:22:56] INFO Epoch 029 | train batch=1250/1418 | elapsed=9.8 min | eta=1.3 min
[2026-08-15 05:23:01] INFO Epoch 029 | train batch=1260/1418 | elapsed=9.9 min | eta=1.2 min
[2026-08-15 05:23:06] INFO Epoch 029 | train batch=1270/1418 | elapsed=10.0 min | eta=1.2 min
[2026-08-15 05:23:10] INFO Epoch 029 | train batch=1280/1418 | elapsed=10.1 min | eta=1.1 min
[2026-08-15 05:23:15] INFO Epoch 029 | train batch=1290/1418 | elapsed=10.1 min | eta=1.0 min
[2026-08-15 05:23:20] INFO Epoch 029 | train batch=1300/1418 | elapsed=10.2 min | eta=0.9 min
[2026-08-15 05:23:25] INFO Epoch 029 | train batch=1310/1418 | elapsed=10.3 min | eta=0.8 min
[2026-08-15 05:23:29] INFO Epoch 029 | train batch=1320/1418 | elapsed=10.4 min | eta=0.8 min
[2026-08-15 05:23:34] INFO Epoch 029 | train batch=1330/1418 | elapsed=10.5 min | eta=0.7 min
[2026-08-15 05:23:39] INFO Epoch 029 | train batch=1340/1418 | elapsed=10.5 min | eta=0.6 min
[2026-08-15 05:23:44] INFO Epoch 029 | train batch=1350/1418 | elapsed=10.6 min | eta=0.5 min
[2026-08-15 05:23:49] INFO Epoch 029 | train batch=1360/1418 | elapsed=10.7 min | eta=0.5 min
[2026-08-15 05:23:53] INFO Epoch 029 | train batch=1370/1418 | elapsed=10.8 min | eta=0.4 min
[2026-08-15 05:23:58] INFO Epoch 029 | train batch=1380/1418 | elapsed=10.9 min | eta=0.3 min
[2026-08-15 05:24:03] INFO Epoch 029 | train batch=1390/1418 | elapsed=10.9 min | eta=0.2 min
[2026-08-15 05:24:08] INFO Epoch 029 | train batch=1400/1418 | elapsed=11.0 min | eta=0.1 min
[2026-08-15 05:24:12] INFO Epoch 029 | train batch=1410/1418 | elapsed=11.1 min | eta=0.1 min
[2026-08-15 05:24:16] INFO Epoch 029 | train batch=1418/1418 | elapsed=11.2 min | eta=0.0 min
[2026-08-15 05:24:16] INFO Epoch 029 | val batch=1/188 | elapsed=0.0 min | eta=0.5 min
[2026-08-15 05:24:18] INFO Epoch 029 | val batch=10/188 | elapsed=0.0 min | eta=0.6 min
[2026-08-15 05:24:20] INFO Epoch 029 | val batch=20/188 | elapsed=0.1 min | eta=0.6 min
[2026-08-15 05:24:22] INFO Epoch 029 | val batch=30/188 | elapsed=0.1 min | eta=0.5 min
[2026-08-15 05:24:24] INFO Epoch 029 | val batch=40/188 | elapsed=0.1 min | eta=0.5 min
[2026-08-15 05:24:26] INFO Epoch 029 | val batch=50/188 | elapsed=0.2 min | eta=0.5 min
[2026-08-15 05:24:28] INFO Epoch 029 | val batch=60/188 | elapsed=0.2 min | eta=0.4 min
[2026-08-15 05:24:30] INFO Epoch 029 | val batch=70/188 | elapsed=0.2 min | eta=0.4 min
[2026-08-15 05:24:32] INFO Epoch 029 | val batch=80/188 | elapsed=0.3 min | eta=0.4 min
[2026-08-15 05:24:34] INFO Epoch 029 | val batch=90/188 | elapsed=0.3 min | eta=0.3 min
[2026-08-15 05:24:36] INFO Epoch 029 | val batch=100/188 | elapsed=0.3 min | eta=0.3 min
[2026-08-15 05:24:39] INFO Epoch 029 | val batch=110/188 | elapsed=0.4 min | eta=0.3 min
[2026-08-15 05:24:41] INFO Epoch 029 | val batch=120/188 | elapsed=0.4 min | eta=0.2 min
[2026-08-15 05:24:43] INFO Epoch 029 | val batch=130/188 | elapsed=0.5 min | eta=0.2 min
[2026-08-15 05:24:45] INFO Epoch 029 | val batch=140/188 | elapsed=0.5 min | eta=0.2 min
[2026-08-15 05:24:47] INFO Epoch 029 | val batch=150/188 | elapsed=0.5 min | eta=0.1 min
[2026-08-15 05:24:49] INFO Epoch 029 | val batch=160/188 | elapsed=0.6 min | eta=0.1 min
[2026-08-15 05:24:51] INFO Epoch 029 | val batch=170/188 | elapsed=0.6 min | eta=0.1 min
[2026-08-15 05:24:53] INFO Epoch 029 | val batch=180/188 | elapsed=0.6 min | eta=0.0 min
[2026-08-15 05:24:55] INFO Epoch 029 | val batch=188/188 | elapsed=0.6 min | eta=0.0 min
[2026-08-15 05:24:55] INFO Epoch 029 | train_total=0.444373 | val_total=0.438660 | val_mask=0.222122 | val_retrieval=2.165380 | val_profile=0.000000 | val_anchors=604396 | val_positive_pairs=0 | val_hard_negatives=0 | val_relation_candidates=7268824 | val_teacher_keff=3.787 | val_student_keff=7.712 | val_adapter_valid=0.966 | val_adapter_gate=0.114 | val_adapter_spatial_gate=0.100 | val_adapter_ratio=0.686377 | val_adapter_modulation=0.731750 | val_adapter_modulation_std=0.511759 | val_adapter_group_gate_std=0.140399 | val_adapter_low_rank=7.325557 | val_adapter_direct=2.409849 | val_masked_positions=42159517 | skipped(train/val)=0/0
[2026-08-15 05:24:55] INFO Epoch 030/050 started | train_batches=1418 | val_batches=188
[2026-08-15 05:24:55] INFO Epoch 030 | train batch=1/1418 | elapsed=0.0 min | eta=9.9 min
[2026-08-15 05:24:59] INFO Epoch 030 | train batch=10/1418 | elapsed=0.1 min | eta=11.5 min
[2026-08-15 05:25:04] INFO Epoch 030 | train batch=20/1418 | elapsed=0.2 min | eta=11.2 min
[2026-08-15 05:25:09] INFO Epoch 030 | train batch=30/1418 | elapsed=0.2 min | eta=11.1 min
[2026-08-15 05:25:14] INFO Epoch 030 | train batch=40/1418 | elapsed=0.3 min | eta=11.0 min
[2026-08-15 05:25:19] INFO Epoch 030 | train batch=50/1418 | elapsed=0.4 min | eta=10.9 min
[2026-08-15 05:25:23] INFO Epoch 030 | train batch=60/1418 | elapsed=0.5 min | eta=10.8 min
[2026-08-15 05:25:28] INFO Epoch 030 | train batch=70/1418 | elapsed=0.6 min | eta=10.7 min
[2026-08-15 05:25:33] INFO Epoch 030 | train batch=80/1418 | elapsed=0.6 min | eta=10.6 min
[2026-08-15 05:25:37] INFO Epoch 030 | train batch=90/1418 | elapsed=0.7 min | eta=10.5 min
[2026-08-15 05:25:42] INFO Epoch 030 | train batch=100/1418 | elapsed=0.8 min | eta=10.4 min
[2026-08-15 05:25:47] INFO Epoch 030 | train batch=110/1418 | elapsed=0.9 min | eta=10.3 min
[2026-08-15 05:25:51] INFO Epoch 030 | train batch=120/1418 | elapsed=0.9 min | eta=10.2 min
[2026-08-15 05:25:56] INFO Epoch 030 | train batch=130/1418 | elapsed=1.0 min | eta=10.1 min
[2026-08-15 05:26:01] INFO Epoch 030 | train batch=140/1418 | elapsed=1.1 min | eta=10.0 min
[2026-08-15 05:26:05] INFO Epoch 030 | train batch=150/1418 | elapsed=1.2 min | eta=10.0 min
[2026-08-15 05:26:10] INFO Epoch 030 | train batch=160/1418 | elapsed=1.3 min | eta=9.9 min
[2026-08-15 05:26:15] INFO Epoch 030 | train batch=170/1418 | elapsed=1.3 min | eta=9.8 min
[2026-08-15 05:26:20] INFO Epoch 030 | train batch=180/1418 | elapsed=1.4 min | eta=9.8 min
[2026-08-15 05:26:24] INFO Epoch 030 | train batch=190/1418 | elapsed=1.5 min | eta=9.7 min
[2026-08-15 05:26:29] INFO Epoch 030 | train batch=200/1418 | elapsed=1.6 min | eta=9.6 min
[2026-08-15 05:26:34] INFO Epoch 030 | train batch=210/1418 | elapsed=1.6 min | eta=9.5 min
[2026-08-15 05:26:38] INFO Epoch 030 | train batch=220/1418 | elapsed=1.7 min | eta=9.4 min
[2026-08-15 05:26:43] INFO Epoch 030 | train batch=230/1418 | elapsed=1.8 min | eta=9.3 min
[2026-08-15 05:26:48] INFO Epoch 030 | train batch=240/1418 | elapsed=1.9 min | eta=9.2 min
[2026-08-15 05:26:52] INFO Epoch 030 | train batch=250/1418 | elapsed=2.0 min | eta=9.2 min
[2026-08-15 05:26:57] INFO Epoch 030 | train batch=260/1418 | elapsed=2.0 min | eta=9.1 min
[2026-08-15 05:27:02] INFO Epoch 030 | train batch=270/1418 | elapsed=2.1 min | eta=9.0 min
[2026-08-15 05:27:06] INFO Epoch 030 | train batch=280/1418 | elapsed=2.2 min | eta=8.9 min
[2026-08-15 05:27:11] INFO Epoch 030 | train batch=290/1418 | elapsed=2.3 min | eta=8.8 min
[2026-08-15 05:27:16] INFO Epoch 030 | train batch=300/1418 | elapsed=2.4 min | eta=8.8 min
[2026-08-15 05:27:21] INFO Epoch 030 | train batch=310/1418 | elapsed=2.4 min | eta=8.7 min
[2026-08-15 05:27:25] INFO Epoch 030 | train batch=320/1418 | elapsed=2.5 min | eta=8.6 min
[2026-08-15 05:27:30] INFO Epoch 030 | train batch=330/1418 | elapsed=2.6 min | eta=8.6 min
[2026-08-15 05:27:35] INFO Epoch 030 | train batch=340/1418 | elapsed=2.7 min | eta=8.5 min
[2026-08-15 05:27:40] INFO Epoch 030 | train batch=350/1418 | elapsed=2.8 min | eta=8.4 min
[2026-08-15 05:27:44] INFO Epoch 030 | train batch=360/1418 | elapsed=2.8 min | eta=8.3 min
[2026-08-15 05:27:49] INFO Epoch 030 | train batch=370/1418 | elapsed=2.9 min | eta=8.2 min
[2026-08-15 05:27:54] INFO Epoch 030 | train batch=380/1418 | elapsed=3.0 min | eta=8.2 min
[2026-08-15 05:27:59] INFO Epoch 030 | train batch=390/1418 | elapsed=3.1 min | eta=8.1 min
[2026-08-15 05:28:04] INFO Epoch 030 | train batch=400/1418 | elapsed=3.2 min | eta=8.0 min
[2026-08-15 05:28:08] INFO Epoch 030 | train batch=410/1418 | elapsed=3.2 min | eta=7.9 min
[2026-08-15 05:28:13] INFO Epoch 030 | train batch=420/1418 | elapsed=3.3 min | eta=7.9 min
[2026-08-15 05:28:18] INFO Epoch 030 | train batch=430/1418 | elapsed=3.4 min | eta=7.8 min
[2026-08-15 05:28:23] INFO Epoch 030 | train batch=440/1418 | elapsed=3.5 min | eta=7.7 min
[2026-08-15 05:28:27] INFO Epoch 030 | train batch=450/1418 | elapsed=3.5 min | eta=7.6 min
[2026-08-15 05:28:32] INFO Epoch 030 | train batch=460/1418 | elapsed=3.6 min | eta=7.5 min
[2026-08-15 05:28:36] INFO Epoch 030 | train batch=470/1418 | elapsed=3.7 min | eta=7.5 min
[2026-08-15 05:28:41] INFO Epoch 030 | train batch=480/1418 | elapsed=3.8 min | eta=7.4 min
[2026-08-15 05:28:46] INFO Epoch 030 | train batch=490/1418 | elapsed=3.9 min | eta=7.3 min
[2026-08-15 05:28:50] INFO Epoch 030 | train batch=500/1418 | elapsed=3.9 min | eta=7.2 min
[2026-08-15 05:28:55] INFO Epoch 030 | train batch=510/1418 | elapsed=4.0 min | eta=7.1 min
[2026-08-15 05:29:00] INFO Epoch 030 | train batch=520/1418 | elapsed=4.1 min | eta=7.1 min
[2026-08-15 05:29:04] INFO Epoch 030 | train batch=530/1418 | elapsed=4.2 min | eta=7.0 min
[2026-08-15 05:29:09] INFO Epoch 030 | train batch=540/1418 | elapsed=4.2 min | eta=6.9 min
[2026-08-15 05:29:13] INFO Epoch 030 | train batch=550/1418 | elapsed=4.3 min | eta=6.8 min
[2026-08-15 05:29:18] INFO Epoch 030 | train batch=560/1418 | elapsed=4.4 min | eta=6.7 min
[2026-08-15 05:29:23] INFO Epoch 030 | train batch=570/1418 | elapsed=4.5 min | eta=6.6 min
[2026-08-15 05:29:28] INFO Epoch 030 | train batch=580/1418 | elapsed=4.6 min | eta=6.6 min
[2026-08-15 05:29:32] INFO Epoch 030 | train batch=590/1418 | elapsed=4.6 min | eta=6.5 min
[2026-08-15 05:29:37] INFO Epoch 030 | train batch=600/1418 | elapsed=4.7 min | eta=6.4 min
[2026-08-15 05:29:42] INFO Epoch 030 | train batch=610/1418 | elapsed=4.8 min | eta=6.3 min
[2026-08-15 05:29:46] INFO Epoch 030 | train batch=620/1418 | elapsed=4.9 min | eta=6.3 min
[2026-08-15 05:29:51] INFO Epoch 030 | train batch=630/1418 | elapsed=4.9 min | eta=6.2 min
[2026-08-15 05:29:56] INFO Epoch 030 | train batch=640/1418 | elapsed=5.0 min | eta=6.1 min
[2026-08-15 05:30:00] INFO Epoch 030 | train batch=650/1418 | elapsed=5.1 min | eta=6.0 min
[2026-08-15 05:30:05] INFO Epoch 030 | train batch=660/1418 | elapsed=5.2 min | eta=5.9 min
[2026-08-15 05:30:10] INFO Epoch 030 | train batch=670/1418 | elapsed=5.3 min | eta=5.9 min
[2026-08-15 05:30:14] INFO Epoch 030 | train batch=680/1418 | elapsed=5.3 min | eta=5.8 min
[2026-08-15 05:30:19] INFO Epoch 030 | train batch=690/1418 | elapsed=5.4 min | eta=5.7 min
[2026-08-15 05:30:24] INFO Epoch 030 | train batch=700/1418 | elapsed=5.5 min | eta=5.6 min
[2026-08-15 05:30:28] INFO Epoch 030 | train batch=710/1418 | elapsed=5.6 min | eta=5.5 min
[2026-08-15 05:30:33] INFO Epoch 030 | train batch=720/1418 | elapsed=5.6 min | eta=5.5 min
[2026-08-15 05:30:38] INFO Epoch 030 | train batch=730/1418 | elapsed=5.7 min | eta=5.4 min
[2026-08-15 05:30:43] INFO Epoch 030 | train batch=740/1418 | elapsed=5.8 min | eta=5.3 min
[2026-08-15 05:30:47] INFO Epoch 030 | train batch=750/1418 | elapsed=5.9 min | eta=5.2 min
[2026-08-15 05:30:52] INFO Epoch 030 | train batch=760/1418 | elapsed=6.0 min | eta=5.2 min
[2026-08-15 05:30:57] INFO Epoch 030 | train batch=770/1418 | elapsed=6.0 min | eta=5.1 min
[2026-08-15 05:31:01] INFO Epoch 030 | train batch=780/1418 | elapsed=6.1 min | eta=5.0 min
[2026-08-15 05:31:06] INFO Epoch 030 | train batch=790/1418 | elapsed=6.2 min | eta=4.9 min
[2026-08-15 05:31:11] INFO Epoch 030 | train batch=800/1418 | elapsed=6.3 min | eta=4.8 min
[2026-08-15 05:31:15] INFO Epoch 030 | train batch=810/1418 | elapsed=6.3 min | eta=4.8 min
[2026-08-15 05:31:20] INFO Epoch 030 | train batch=820/1418 | elapsed=6.4 min | eta=4.7 min
[2026-08-15 05:31:25] INFO Epoch 030 | train batch=830/1418 | elapsed=6.5 min | eta=4.6 min
[2026-08-15 05:31:30] INFO Epoch 030 | train batch=840/1418 | elapsed=6.6 min | eta=4.5 min
[2026-08-15 05:31:34] INFO Epoch 030 | train batch=850/1418 | elapsed=6.7 min | eta=4.5 min
[2026-08-15 05:31:39] INFO Epoch 030 | train batch=860/1418 | elapsed=6.7 min | eta=4.4 min
[2026-08-15 05:31:44] INFO Epoch 030 | train batch=870/1418 | elapsed=6.8 min | eta=4.3 min
[2026-08-15 05:31:49] INFO Epoch 030 | train batch=880/1418 | elapsed=6.9 min | eta=4.2 min
[2026-08-15 05:31:54] INFO Epoch 030 | train batch=890/1418 | elapsed=7.0 min | eta=4.1 min
[2026-08-15 05:31:58] INFO Epoch 030 | train batch=900/1418 | elapsed=7.1 min | eta=4.1 min
[2026-08-15 05:32:03] INFO Epoch 030 | train batch=910/1418 | elapsed=7.1 min | eta=4.0 min
[2026-08-15 05:32:08] INFO Epoch 030 | train batch=920/1418 | elapsed=7.2 min | eta=3.9 min
[2026-08-15 05:32:12] INFO Epoch 030 | train batch=930/1418 | elapsed=7.3 min | eta=3.8 min
[2026-08-15 05:32:17] INFO Epoch 030 | train batch=940/1418 | elapsed=7.4 min | eta=3.8 min
[2026-08-15 05:32:22] INFO Epoch 030 | train batch=950/1418 | elapsed=7.5 min | eta=3.7 min
[2026-08-15 05:32:27] INFO Epoch 030 | train batch=960/1418 | elapsed=7.5 min | eta=3.6 min
[2026-08-15 05:32:31] INFO Epoch 030 | train batch=970/1418 | elapsed=7.6 min | eta=3.5 min
[2026-08-15 05:32:36] INFO Epoch 030 | train batch=980/1418 | elapsed=7.7 min | eta=3.4 min
[2026-08-15 05:32:40] INFO Epoch 030 | train batch=990/1418 | elapsed=7.8 min | eta=3.4 min
[2026-08-15 05:32:45] INFO Epoch 030 | train batch=1000/1418 | elapsed=7.8 min | eta=3.3 min
[2026-08-15 05:32:50] INFO Epoch 030 | train batch=1010/1418 | elapsed=7.9 min | eta=3.2 min
[2026-08-15 05:32:54] INFO Epoch 030 | train batch=1020/1418 | elapsed=8.0 min | eta=3.1 min
[2026-08-15 05:32:59] INFO Epoch 030 | train batch=1030/1418 | elapsed=8.1 min | eta=3.0 min
[2026-08-15 05:33:04] INFO Epoch 030 | train batch=1040/1418 | elapsed=8.2 min | eta=3.0 min
[2026-08-15 05:33:08] INFO Epoch 030 | train batch=1050/1418 | elapsed=8.2 min | eta=2.9 min
[2026-08-15 05:33:13] INFO Epoch 030 | train batch=1060/1418 | elapsed=8.3 min | eta=2.8 min
[2026-08-15 05:33:18] INFO Epoch 030 | train batch=1070/1418 | elapsed=8.4 min | eta=2.7 min
[2026-08-15 05:33:23] INFO Epoch 030 | train batch=1080/1418 | elapsed=8.5 min | eta=2.6 min
[2026-08-15 05:33:27] INFO Epoch 030 | train batch=1090/1418 | elapsed=8.5 min | eta=2.6 min
[2026-08-15 05:33:32] INFO Epoch 030 | train batch=1100/1418 | elapsed=8.6 min | eta=2.5 min
[2026-08-15 05:33:37] INFO Epoch 030 | train batch=1110/1418 | elapsed=8.7 min | eta=2.4 min
[2026-08-15 05:33:42] INFO Epoch 030 | train batch=1120/1418 | elapsed=8.8 min | eta=2.3 min
[2026-08-15 05:33:46] INFO Epoch 030 | train batch=1130/1418 | elapsed=8.9 min | eta=2.3 min
[2026-08-15 05:33:51] INFO Epoch 030 | train batch=1140/1418 | elapsed=8.9 min | eta=2.2 min
[2026-08-15 05:33:56] INFO Epoch 030 | train batch=1150/1418 | elapsed=9.0 min | eta=2.1 min
[2026-08-15 05:34:01] INFO Epoch 030 | train batch=1160/1418 | elapsed=9.1 min | eta=2.0 min
[2026-08-15 05:34:06] INFO Epoch 030 | train batch=1170/1418 | elapsed=9.2 min | eta=1.9 min
[2026-08-15 05:34:10] INFO Epoch 030 | train batch=1180/1418 | elapsed=9.3 min | eta=1.9 min
[2026-08-15 05:34:15] INFO Epoch 030 | train batch=1190/1418 | elapsed=9.3 min | eta=1.8 min
[2026-08-15 05:34:20] INFO Epoch 030 | train batch=1200/1418 | elapsed=9.4 min | eta=1.7 min
[2026-08-15 05:34:24] INFO Epoch 030 | train batch=1210/1418 | elapsed=9.5 min | eta=1.6 min
[2026-08-15 05:34:30] INFO Epoch 030 | train batch=1220/1418 | elapsed=9.6 min | eta=1.6 min
[2026-08-15 05:34:35] INFO Epoch 030 | train batch=1230/1418 | elapsed=9.7 min | eta=1.5 min
[2026-08-15 05:34:39] INFO Epoch 030 | train batch=1240/1418 | elapsed=9.7 min | eta=1.4 min
[2026-08-15 05:34:44] INFO Epoch 030 | train batch=1250/1418 | elapsed=9.8 min | eta=1.3 min
[2026-08-15 05:34:48] INFO Epoch 030 | train batch=1260/1418 | elapsed=9.9 min | eta=1.2 min
[2026-08-15 05:34:53] INFO Epoch 030 | train batch=1270/1418 | elapsed=10.0 min | eta=1.2 min
[2026-08-15 05:34:59] INFO Epoch 030 | train batch=1280/1418 | elapsed=10.1 min | eta=1.1 min
[2026-08-15 05:35:04] INFO Epoch 030 | train batch=1290/1418 | elapsed=10.1 min | eta=1.0 min
[2026-08-15 05:35:08] INFO Epoch 030 | train batch=1300/1418 | elapsed=10.2 min | eta=0.9 min
[2026-08-15 05:35:13] INFO Epoch 030 | train batch=1310/1418 | elapsed=10.3 min | eta=0.8 min
[2026-08-15 05:35:18] INFO Epoch 030 | train batch=1320/1418 | elapsed=10.4 min | eta=0.8 min
[2026-08-15 05:35:22] INFO Epoch 030 | train batch=1330/1418 | elapsed=10.5 min | eta=0.7 min
[2026-08-15 05:35:26] INFO Epoch 030 | train batch=1340/1418 | elapsed=10.5 min | eta=0.6 min
[2026-08-15 05:35:31] INFO Epoch 030 | train batch=1350/1418 | elapsed=10.6 min | eta=0.5 min
[2026-08-15 05:35:36] INFO Epoch 030 | train batch=1360/1418 | elapsed=10.7 min | eta=0.5 min
[2026-08-15 05:35:41] INFO Epoch 030 | train batch=1370/1418 | elapsed=10.8 min | eta=0.4 min
[2026-08-15 05:35:45] INFO Epoch 030 | train batch=1380/1418 | elapsed=10.8 min | eta=0.3 min
[2026-08-15 05:35:49] INFO Epoch 030 | train batch=1390/1418 | elapsed=10.9 min | eta=0.2 min
[2026-08-15 05:35:54] INFO Epoch 030 | train batch=1400/1418 | elapsed=11.0 min | eta=0.1 min
[2026-08-15 05:35:59] INFO Epoch 030 | train batch=1410/1418 | elapsed=11.1 min | eta=0.1 min
[2026-08-15 05:36:02] INFO Epoch 030 | train batch=1418/1418 | elapsed=11.1 min | eta=0.0 min
[2026-08-15 05:36:02] INFO Epoch 030 | val batch=1/188 | elapsed=0.0 min | eta=0.5 min
[2026-08-15 05:36:04] INFO Epoch 030 | val batch=10/188 | elapsed=0.0 min | eta=0.6 min
[2026-08-15 05:36:06] INFO Epoch 030 | val batch=20/188 | elapsed=0.1 min | eta=0.6 min
[2026-08-15 05:36:08] INFO Epoch 030 | val batch=30/188 | elapsed=0.1 min | eta=0.5 min
[2026-08-15 05:36:11] INFO Epoch 030 | val batch=40/188 | elapsed=0.1 min | eta=0.5 min
[2026-08-15 05:36:13] INFO Epoch 030 | val batch=50/188 | elapsed=0.2 min | eta=0.5 min
[2026-08-15 05:36:15] INFO Epoch 030 | val batch=60/188 | elapsed=0.2 min | eta=0.4 min
[2026-08-15 05:36:17] INFO Epoch 030 | val batch=70/188 | elapsed=0.2 min | eta=0.4 min
[2026-08-15 05:36:19] INFO Epoch 030 | val batch=80/188 | elapsed=0.3 min | eta=0.4 min
[2026-08-15 05:36:21] INFO Epoch 030 | val batch=90/188 | elapsed=0.3 min | eta=0.3 min
[2026-08-15 05:36:23] INFO Epoch 030 | val batch=100/188 | elapsed=0.3 min | eta=0.3 min
[2026-08-15 05:36:25] INFO Epoch 030 | val batch=110/188 | elapsed=0.4 min | eta=0.3 min
[2026-08-15 05:36:27] INFO Epoch 030 | val batch=120/188 | elapsed=0.4 min | eta=0.2 min
[2026-08-15 05:36:29] INFO Epoch 030 | val batch=130/188 | elapsed=0.4 min | eta=0.2 min
[2026-08-15 05:36:31] INFO Epoch 030 | val batch=140/188 | elapsed=0.5 min | eta=0.2 min
[2026-08-15 05:36:33] INFO Epoch 030 | val batch=150/188 | elapsed=0.5 min | eta=0.1 min
[2026-08-15 05:36:35] INFO Epoch 030 | val batch=160/188 | elapsed=0.6 min | eta=0.1 min
[2026-08-15 05:36:38] INFO Epoch 030 | val batch=170/188 | elapsed=0.6 min | eta=0.1 min
[2026-08-15 05:36:40] INFO Epoch 030 | val batch=180/188 | elapsed=0.6 min | eta=0.0 min
[2026-08-15 05:36:41] INFO Epoch 030 | val batch=188/188 | elapsed=0.6 min | eta=0.0 min
[2026-08-15 05:36:41] INFO Epoch 030 | train_total=0.438792 | val_total=0.437988 | val_mask=0.221196 | val_retrieval=2.167924 | val_profile=0.000000 | val_anchors=604396 | val_positive_pairs=0 | val_hard_negatives=0 | val_relation_candidates=7268824 | val_teacher_keff=3.787 | val_student_keff=7.971 | val_adapter_valid=0.966 | val_adapter_gate=0.113 | val_adapter_spatial_gate=0.098 | val_adapter_ratio=0.654701 | val_adapter_modulation=0.730548 | val_adapter_modulation_std=0.509580 | val_adapter_group_gate_std=0.139416 | val_adapter_low_rank=7.193948 | val_adapter_direct=2.542033 | val_masked_positions=42207951 | skipped(train/val)=0/0
[2026-08-15 05:36:41] INFO Epoch 031/050 started | train_batches=1418 | val_batches=188
[2026-08-15 05:36:42] INFO Epoch 031 | train batch=1/1418 | elapsed=0.0 min | eta=9.9 min
[2026-08-15 05:36:46] INFO Epoch 031 | train batch=10/1418 | elapsed=0.1 min | eta=10.8 min
[2026-08-15 05:36:50] INFO Epoch 031 | train batch=20/1418 | elapsed=0.2 min | eta=10.8 min
[2026-08-15 05:36:55] INFO Epoch 031 | train batch=30/1418 | elapsed=0.2 min | eta=10.8 min
[2026-08-15 05:37:00] INFO Epoch 031 | train batch=40/1418 | elapsed=0.3 min | eta=10.7 min
[2026-08-15 05:37:04] INFO Epoch 031 | train batch=50/1418 | elapsed=0.4 min | eta=10.6 min
[2026-08-15 05:37:09] INFO Epoch 031 | train batch=60/1418 | elapsed=0.5 min | eta=10.5 min
[2026-08-15 05:37:14] INFO Epoch 031 | train batch=70/1418 | elapsed=0.5 min | eta=10.5 min
[2026-08-15 05:37:19] INFO Epoch 031 | train batch=80/1418 | elapsed=0.6 min | eta=10.4 min
[2026-08-15 05:37:23] INFO Epoch 031 | train batch=90/1418 | elapsed=0.7 min | eta=10.4 min
[2026-08-15 05:37:28] INFO Epoch 031 | train batch=100/1418 | elapsed=0.8 min | eta=10.2 min
[2026-08-15 05:37:32] INFO Epoch 031 | train batch=110/1418 | elapsed=0.9 min | eta=10.1 min
[2026-08-15 05:37:37] INFO Epoch 031 | train batch=120/1418 | elapsed=0.9 min | eta=10.1 min
[2026-08-15 05:37:42] INFO Epoch 031 | train batch=130/1418 | elapsed=1.0 min | eta=10.0 min
[2026-08-15 05:37:46] INFO Epoch 031 | train batch=140/1418 | elapsed=1.1 min | eta=10.0 min
[2026-08-15 05:37:51] INFO Epoch 031 | train batch=150/1418 | elapsed=1.2 min | eta=9.9 min
[2026-08-15 05:37:56] INFO Epoch 031 | train batch=160/1418 | elapsed=1.2 min | eta=9.8 min
[2026-08-15 05:38:01] INFO Epoch 031 | train batch=170/1418 | elapsed=1.3 min | eta=9.7 min
[2026-08-15 05:38:05] INFO Epoch 031 | train batch=180/1418 | elapsed=1.4 min | eta=9.6 min
[2026-08-15 05:38:10] INFO Epoch 031 | train batch=190/1418 | elapsed=1.5 min | eta=9.6 min
[2026-08-15 05:38:15] INFO Epoch 031 | train batch=200/1418 | elapsed=1.6 min | eta=9.5 min
[2026-08-15 05:38:19] INFO Epoch 031 | train batch=210/1418 | elapsed=1.6 min | eta=9.4 min
[2026-08-15 05:38:24] INFO Epoch 031 | train batch=220/1418 | elapsed=1.7 min | eta=9.3 min
[2026-08-15 05:38:28] INFO Epoch 031 | train batch=230/1418 | elapsed=1.8 min | eta=9.2 min
[2026-08-15 05:38:33] INFO Epoch 031 | train batch=240/1418 | elapsed=1.9 min | eta=9.1 min
[2026-08-15 05:38:38] INFO Epoch 031 | train batch=250/1418 | elapsed=1.9 min | eta=9.1 min
[2026-08-15 05:38:43] INFO Epoch 031 | train batch=260/1418 | elapsed=2.0 min | eta=9.0 min
[2026-08-15 05:38:47] INFO Epoch 031 | train batch=270/1418 | elapsed=2.1 min | eta=8.9 min
[2026-08-15 05:38:52] INFO Epoch 031 | train batch=280/1418 | elapsed=2.2 min | eta=8.9 min
[2026-08-15 05:38:56] INFO Epoch 031 | train batch=290/1418 | elapsed=2.3 min | eta=8.8 min
[2026-08-15 05:39:01] INFO Epoch 031 | train batch=300/1418 | elapsed=2.3 min | eta=8.7 min
[2026-08-15 05:39:06] INFO Epoch 031 | train batch=310/1418 | elapsed=2.4 min | eta=8.6 min
[2026-08-15 05:39:10] INFO Epoch 031 | train batch=320/1418 | elapsed=2.5 min | eta=8.5 min
[2026-08-15 05:39:15] INFO Epoch 031 | train batch=330/1418 | elapsed=2.6 min | eta=8.4 min
[2026-08-15 05:39:19] INFO Epoch 031 | train batch=340/1418 | elapsed=2.6 min | eta=8.4 min
[2026-08-15 05:39:24] INFO Epoch 031 | train batch=350/1418 | elapsed=2.7 min | eta=8.3 min
[2026-08-15 05:39:29] INFO Epoch 031 | train batch=360/1418 | elapsed=2.8 min | eta=8.2 min
[2026-08-15 05:39:33] INFO Epoch 031 | train batch=370/1418 | elapsed=2.9 min | eta=8.1 min
[2026-08-15 05:39:38] INFO Epoch 031 | train batch=380/1418 | elapsed=3.0 min | eta=8.1 min
[2026-08-15 05:39:43] INFO Epoch 031 | train batch=390/1418 | elapsed=3.0 min | eta=8.0 min
[2026-08-15 05:39:48] INFO Epoch 031 | train batch=400/1418 | elapsed=3.1 min | eta=7.9 min
[2026-08-15 05:39:52] INFO Epoch 031 | train batch=410/1418 | elapsed=3.2 min | eta=7.8 min
[2026-08-15 05:39:57] INFO Epoch 031 | train batch=420/1418 | elapsed=3.3 min | eta=7.8 min
[2026-08-15 05:40:02] INFO Epoch 031 | train batch=430/1418 | elapsed=3.3 min | eta=7.7 min
[2026-08-15 05:40:06] INFO Epoch 031 | train batch=440/1418 | elapsed=3.4 min | eta=7.6 min
[2026-08-15 05:40:11] INFO Epoch 031 | train batch=450/1418 | elapsed=3.5 min | eta=7.5 min
[2026-08-15 05:40:16] INFO Epoch 031 | train batch=460/1418 | elapsed=3.6 min | eta=7.4 min
[2026-08-15 05:40:20] INFO Epoch 031 | train batch=470/1418 | elapsed=3.7 min | eta=7.4 min
[2026-08-15 05:40:25] INFO Epoch 031 | train batch=480/1418 | elapsed=3.7 min | eta=7.3 min
[2026-08-15 05:40:30] INFO Epoch 031 | train batch=490/1418 | elapsed=3.8 min | eta=7.2 min
[2026-08-15 05:40:35] INFO Epoch 031 | train batch=500/1418 | elapsed=3.9 min | eta=7.1 min
[2026-08-15 05:40:39] INFO Epoch 031 | train batch=510/1418 | elapsed=4.0 min | eta=7.1 min
[2026-08-15 05:40:44] INFO Epoch 031 | train batch=520/1418 | elapsed=4.0 min | eta=7.0 min
[2026-08-15 05:40:49] INFO Epoch 031 | train batch=530/1418 | elapsed=4.1 min | eta=6.9 min
[2026-08-15 05:40:53] INFO Epoch 031 | train batch=540/1418 | elapsed=4.2 min | eta=6.8 min
[2026-08-15 05:40:58] INFO Epoch 031 | train batch=550/1418 | elapsed=4.3 min | eta=6.8 min
[2026-08-15 05:41:03] INFO Epoch 031 | train batch=560/1418 | elapsed=4.4 min | eta=6.7 min
[2026-08-15 05:41:08] INFO Epoch 031 | train batch=570/1418 | elapsed=4.4 min | eta=6.6 min
[2026-08-15 05:41:12] INFO Epoch 031 | train batch=580/1418 | elapsed=4.5 min | eta=6.5 min
[2026-08-15 05:41:17] INFO Epoch 031 | train batch=590/1418 | elapsed=4.6 min | eta=6.4 min
[2026-08-15 05:41:22] INFO Epoch 031 | train batch=600/1418 | elapsed=4.7 min | eta=6.4 min
[2026-08-15 05:41:26] INFO Epoch 031 | train batch=610/1418 | elapsed=4.8 min | eta=6.3 min
[2026-08-15 05:41:31] INFO Epoch 031 | train batch=620/1418 | elapsed=4.8 min | eta=6.2 min
[2026-08-15 05:41:36] INFO Epoch 031 | train batch=630/1418 | elapsed=4.9 min | eta=6.1 min
[2026-08-15 05:41:41] INFO Epoch 031 | train batch=640/1418 | elapsed=5.0 min | eta=6.1 min
[2026-08-15 05:41:45] INFO Epoch 031 | train batch=650/1418 | elapsed=5.1 min | eta=6.0 min
[2026-08-15 05:41:50] INFO Epoch 031 | train batch=660/1418 | elapsed=5.2 min | eta=5.9 min
[2026-08-15 05:41:55] INFO Epoch 031 | train batch=670/1418 | elapsed=5.2 min | eta=5.8 min
[2026-08-15 05:42:00] INFO Epoch 031 | train batch=680/1418 | elapsed=5.3 min | eta=5.8 min
[2026-08-15 05:42:05] INFO Epoch 031 | train batch=690/1418 | elapsed=5.4 min | eta=5.7 min
[2026-08-15 05:42:09] INFO Epoch 031 | train batch=700/1418 | elapsed=5.5 min | eta=5.6 min
[2026-08-15 05:42:14] INFO Epoch 031 | train batch=710/1418 | elapsed=5.5 min | eta=5.5 min
[2026-08-15 05:42:19] INFO Epoch 031 | train batch=720/1418 | elapsed=5.6 min | eta=5.5 min
[2026-08-15 05:42:23] INFO Epoch 031 | train batch=730/1418 | elapsed=5.7 min | eta=5.4 min
[2026-08-15 05:42:28] INFO Epoch 031 | train batch=740/1418 | elapsed=5.8 min | eta=5.3 min
[2026-08-15 05:42:32] INFO Epoch 031 | train batch=750/1418 | elapsed=5.9 min | eta=5.2 min
[2026-08-15 05:42:37] INFO Epoch 031 | train batch=760/1418 | elapsed=5.9 min | eta=5.1 min
[2026-08-15 05:42:42] INFO Epoch 031 | train batch=770/1418 | elapsed=6.0 min | eta=5.1 min
[2026-08-15 05:42:46] INFO Epoch 031 | train batch=780/1418 | elapsed=6.1 min | eta=5.0 min
[2026-08-15 05:42:51] INFO Epoch 031 | train batch=790/1418 | elapsed=6.2 min | eta=4.9 min
[2026-08-15 05:42:55] INFO Epoch 031 | train batch=800/1418 | elapsed=6.2 min | eta=4.8 min
[2026-08-15 05:43:00] INFO Epoch 031 | train batch=810/1418 | elapsed=6.3 min | eta=4.7 min
[2026-08-15 05:43:05] INFO Epoch 031 | train batch=820/1418 | elapsed=6.4 min | eta=4.7 min
[2026-08-15 05:43:10] INFO Epoch 031 | train batch=830/1418 | elapsed=6.5 min | eta=4.6 min
[2026-08-15 05:43:14] INFO Epoch 031 | train batch=840/1418 | elapsed=6.6 min | eta=4.5 min
[2026-08-15 05:43:19] INFO Epoch 031 | train batch=850/1418 | elapsed=6.6 min | eta=4.4 min
[2026-08-15 05:43:24] INFO Epoch 031 | train batch=860/1418 | elapsed=6.7 min | eta=4.4 min
[2026-08-15 05:43:29] INFO Epoch 031 | train batch=870/1418 | elapsed=6.8 min | eta=4.3 min
[2026-08-15 05:43:34] INFO Epoch 031 | train batch=880/1418 | elapsed=6.9 min | eta=4.2 min
[2026-08-15 05:43:38] INFO Epoch 031 | train batch=890/1418 | elapsed=7.0 min | eta=4.1 min
[2026-08-15 05:43:43] INFO Epoch 031 | train batch=900/1418 | elapsed=7.0 min | eta=4.0 min
[2026-08-15 05:43:48] INFO Epoch 031 | train batch=910/1418 | elapsed=7.1 min | eta=4.0 min
[2026-08-15 05:43:52] INFO Epoch 031 | train batch=920/1418 | elapsed=7.2 min | eta=3.9 min
[2026-08-15 05:43:57] INFO Epoch 031 | train batch=930/1418 | elapsed=7.3 min | eta=3.8 min
[2026-08-15 05:44:02] INFO Epoch 031 | train batch=940/1418 | elapsed=7.3 min | eta=3.7 min
[2026-08-15 05:44:06] INFO Epoch 031 | train batch=950/1418 | elapsed=7.4 min | eta=3.7 min
[2026-08-15 05:44:11] INFO Epoch 031 | train batch=960/1418 | elapsed=7.5 min | eta=3.6 min
[2026-08-15 05:44:16] INFO Epoch 031 | train batch=970/1418 | elapsed=7.6 min | eta=3.5 min
[2026-08-15 05:44:21] INFO Epoch 031 | train batch=980/1418 | elapsed=7.7 min | eta=3.4 min
[2026-08-15 05:44:26] INFO Epoch 031 | train batch=990/1418 | elapsed=7.7 min | eta=3.3 min
[2026-08-15 05:44:30] INFO Epoch 031 | train batch=1000/1418 | elapsed=7.8 min | eta=3.3 min
[2026-08-15 05:44:35] INFO Epoch 031 | train batch=1010/1418 | elapsed=7.9 min | eta=3.2 min
[2026-08-15 05:44:40] INFO Epoch 031 | train batch=1020/1418 | elapsed=8.0 min | eta=3.1 min
[2026-08-15 05:44:45] INFO Epoch 031 | train batch=1030/1418 | elapsed=8.1 min | eta=3.0 min
[2026-08-15 05:44:49] INFO Epoch 031 | train batch=1040/1418 | elapsed=8.1 min | eta=3.0 min
[2026-08-15 05:44:54] INFO Epoch 031 | train batch=1050/1418 | elapsed=8.2 min | eta=2.9 min
[2026-08-15 05:44:59] INFO Epoch 031 | train batch=1060/1418 | elapsed=8.3 min | eta=2.8 min
[2026-08-15 05:45:04] INFO Epoch 031 | train batch=1070/1418 | elapsed=8.4 min | eta=2.7 min
[2026-08-15 05:45:08] INFO Epoch 031 | train batch=1080/1418 | elapsed=8.5 min | eta=2.6 min
[2026-08-15 05:45:13] INFO Epoch 031 | train batch=1090/1418 | elapsed=8.5 min | eta=2.6 min
[2026-08-15 05:45:17] INFO Epoch 031 | train batch=1100/1418 | elapsed=8.6 min | eta=2.5 min
[2026-08-15 05:45:22] INFO Epoch 031 | train batch=1110/1418 | elapsed=8.7 min | eta=2.4 min
[2026-08-15 05:45:27] INFO Epoch 031 | train batch=1120/1418 | elapsed=8.8 min | eta=2.3 min
[2026-08-15 05:45:32] INFO Epoch 031 | train batch=1130/1418 | elapsed=8.8 min | eta=2.3 min
[2026-08-15 05:45:36] INFO Epoch 031 | train batch=1140/1418 | elapsed=8.9 min | eta=2.2 min
[2026-08-15 05:45:41] INFO Epoch 031 | train batch=1150/1418 | elapsed=9.0 min | eta=2.1 min
[2026-08-15 05:45:46] INFO Epoch 031 | train batch=1160/1418 | elapsed=9.1 min | eta=2.0 min
[2026-08-15 05:45:51] INFO Epoch 031 | train batch=1170/1418 | elapsed=9.2 min | eta=1.9 min
[2026-08-15 05:45:55] INFO Epoch 031 | train batch=1180/1418 | elapsed=9.2 min | eta=1.9 min
[2026-08-15 05:46:00] INFO Epoch 031 | train batch=1190/1418 | elapsed=9.3 min | eta=1.8 min
[2026-08-15 05:46:04] INFO Epoch 031 | train batch=1200/1418 | elapsed=9.4 min | eta=1.7 min
[2026-08-15 05:46:09] INFO Epoch 031 | train batch=1210/1418 | elapsed=9.5 min | eta=1.6 min
[2026-08-15 05:46:14] INFO Epoch 031 | train batch=1220/1418 | elapsed=9.5 min | eta=1.5 min
[2026-08-15 05:46:19] INFO Epoch 031 | train batch=1230/1418 | elapsed=9.6 min | eta=1.5 min
[2026-08-15 05:46:23] INFO Epoch 031 | train batch=1240/1418 | elapsed=9.7 min | eta=1.4 min
[2026-08-15 05:46:28] INFO Epoch 031 | train batch=1250/1418 | elapsed=9.8 min | eta=1.3 min
[2026-08-15 05:46:33] INFO Epoch 031 | train batch=1260/1418 | elapsed=9.9 min | eta=1.2 min
[2026-08-15 05:46:38] INFO Epoch 031 | train batch=1270/1418 | elapsed=9.9 min | eta=1.2 min
[2026-08-15 05:46:42] INFO Epoch 031 | train batch=1280/1418 | elapsed=10.0 min | eta=1.1 min
[2026-08-15 05:46:47] INFO Epoch 031 | train batch=1290/1418 | elapsed=10.1 min | eta=1.0 min
[2026-08-15 05:46:52] INFO Epoch 031 | train batch=1300/1418 | elapsed=10.2 min | eta=0.9 min
[2026-08-15 05:46:57] INFO Epoch 031 | train batch=1310/1418 | elapsed=10.3 min | eta=0.8 min
[2026-08-15 05:47:01] INFO Epoch 031 | train batch=1320/1418 | elapsed=10.3 min | eta=0.8 min
[2026-08-15 05:47:06] INFO Epoch 031 | train batch=1330/1418 | elapsed=10.4 min | eta=0.7 min
[2026-08-15 05:47:11] INFO Epoch 031 | train batch=1340/1418 | elapsed=10.5 min | eta=0.6 min
[2026-08-15 05:47:15] INFO Epoch 031 | train batch=1350/1418 | elapsed=10.6 min | eta=0.5 min
[2026-08-15 05:47:20] INFO Epoch 031 | train batch=1360/1418 | elapsed=10.7 min | eta=0.5 min
[2026-08-15 05:47:25] INFO Epoch 031 | train batch=1370/1418 | elapsed=10.7 min | eta=0.4 min
[2026-08-15 05:47:29] INFO Epoch 031 | train batch=1380/1418 | elapsed=10.8 min | eta=0.3 min
[2026-08-15 05:47:34] INFO Epoch 031 | train batch=1390/1418 | elapsed=10.9 min | eta=0.2 min
[2026-08-15 05:47:39] INFO Epoch 031 | train batch=1400/1418 | elapsed=11.0 min | eta=0.1 min
[2026-08-15 05:47:44] INFO Epoch 031 | train batch=1410/1418 | elapsed=11.0 min | eta=0.1 min
[2026-08-15 05:47:47] INFO Epoch 031 | train batch=1418/1418 | elapsed=11.1 min | eta=0.0 min
[2026-08-15 05:47:47] INFO Epoch 031 | val batch=1/188 | elapsed=0.0 min | eta=0.5 min
[2026-08-15 05:47:49] INFO Epoch 031 | val batch=10/188 | elapsed=0.0 min | eta=0.6 min
[2026-08-15 05:47:51] INFO Epoch 031 | val batch=20/188 | elapsed=0.1 min | eta=0.6 min
[2026-08-15 05:47:54] INFO Epoch 031 | val batch=30/188 | elapsed=0.1 min | eta=0.6 min
[2026-08-15 05:47:56] INFO Epoch 031 | val batch=40/188 | elapsed=0.1 min | eta=0.5 min
[2026-08-15 05:47:58] INFO Epoch 031 | val batch=50/188 | elapsed=0.2 min | eta=0.5 min
[2026-08-15 05:48:00] INFO Epoch 031 | val batch=60/188 | elapsed=0.2 min | eta=0.4 min
[2026-08-15 05:48:02] INFO Epoch 031 | val batch=70/188 | elapsed=0.2 min | eta=0.4 min
[2026-08-15 05:48:04] INFO Epoch 031 | val batch=80/188 | elapsed=0.3 min | eta=0.4 min
[2026-08-15 05:48:06] INFO Epoch 031 | val batch=90/188 | elapsed=0.3 min | eta=0.3 min
[2026-08-15 05:48:08] INFO Epoch 031 | val batch=100/188 | elapsed=0.3 min | eta=0.3 min
[2026-08-15 05:48:10] INFO Epoch 031 | val batch=110/188 | elapsed=0.4 min | eta=0.3 min
[2026-08-15 05:48:12] INFO Epoch 031 | val batch=120/188 | elapsed=0.4 min | eta=0.2 min
[2026-08-15 05:48:14] INFO Epoch 031 | val batch=130/188 | elapsed=0.5 min | eta=0.2 min
[2026-08-15 05:48:17] INFO Epoch 031 | val batch=140/188 | elapsed=0.5 min | eta=0.2 min
[2026-08-15 05:48:19] INFO Epoch 031 | val batch=150/188 | elapsed=0.5 min | eta=0.1 min
[2026-08-15 05:48:21] INFO Epoch 031 | val batch=160/188 | elapsed=0.6 min | eta=0.1 min
[2026-08-15 05:48:23] INFO Epoch 031 | val batch=170/188 | elapsed=0.6 min | eta=0.1 min
[2026-08-15 05:48:25] INFO Epoch 031 | val batch=180/188 | elapsed=0.6 min | eta=0.0 min
[2026-08-15 05:48:26] INFO Epoch 031 | val batch=188/188 | elapsed=0.6 min | eta=0.0 min
[2026-08-15 05:48:26] INFO Epoch 031 | train_total=0.487612 | val_total=0.438665 | val_mask=0.221767 | val_retrieval=2.168983 | val_profile=0.000000 | val_anchors=604396 | val_positive_pairs=0 | val_hard_negatives=0 | val_relation_candidates=7268824 | val_teacher_keff=3.787 | val_student_keff=7.743 | val_adapter_valid=0.966 | val_adapter_gate=0.105 | val_adapter_spatial_gate=0.096 | val_adapter_ratio=0.635314 | val_adapter_modulation=0.731460 | val_adapter_modulation_std=0.505786 | val_adapter_group_gate_std=0.129943 | val_adapter_low_rank=7.627882 | val_adapter_direct=2.635975 | val_masked_positions=42146748 | skipped(train/val)=0/0
[2026-08-15 05:48:26] INFO Epoch 032/050 started | train_batches=1418 | val_batches=188
[2026-08-15 05:48:27] INFO Epoch 032 | train batch=1/1418 | elapsed=0.0 min | eta=12.4 min
[2026-08-15 05:48:31] INFO Epoch 032 | train batch=10/1418 | elapsed=0.1 min | eta=11.2 min
[2026-08-15 05:48:36] INFO Epoch 032 | train batch=20/1418 | elapsed=0.2 min | eta=11.1 min
[2026-08-15 05:48:40] INFO Epoch 032 | train batch=30/1418 | elapsed=0.2 min | eta=10.8 min
[2026-08-15 05:48:45] INFO Epoch 032 | train batch=40/1418 | elapsed=0.3 min | eta=10.9 min
[2026-08-15 05:48:50] INFO Epoch 032 | train batch=50/1418 | elapsed=0.4 min | eta=10.8 min
[2026-08-15 05:48:55] INFO Epoch 032 | train batch=60/1418 | elapsed=0.5 min | eta=10.8 min
[2026-08-15 05:49:00] INFO Epoch 032 | train batch=70/1418 | elapsed=0.6 min | eta=10.8 min
[2026-08-15 05:49:04] INFO Epoch 032 | train batch=80/1418 | elapsed=0.6 min | eta=10.6 min
[2026-08-15 05:49:09] INFO Epoch 032 | train batch=90/1418 | elapsed=0.7 min | eta=10.6 min
[2026-08-15 05:49:14] INFO Epoch 032 | train batch=100/1418 | elapsed=0.8 min | eta=10.5 min
[2026-08-15 05:49:18] INFO Epoch 032 | train batch=110/1418 | elapsed=0.9 min | eta=10.3 min
[2026-08-15 05:49:23] INFO Epoch 032 | train batch=120/1418 | elapsed=0.9 min | eta=10.2 min
[2026-08-15 05:49:28] INFO Epoch 032 | train batch=130/1418 | elapsed=1.0 min | eta=10.2 min
[2026-08-15 05:49:33] INFO Epoch 032 | train batch=140/1418 | elapsed=1.1 min | eta=10.1 min
[2026-08-15 05:49:37] INFO Epoch 032 | train batch=150/1418 | elapsed=1.2 min | eta=10.0 min
[2026-08-15 05:49:42] INFO Epoch 032 | train batch=160/1418 | elapsed=1.3 min | eta=9.9 min
[2026-08-15 05:49:46] INFO Epoch 032 | train batch=170/1418 | elapsed=1.3 min | eta=9.8 min
[2026-08-15 05:49:51] INFO Epoch 032 | train batch=180/1418 | elapsed=1.4 min | eta=9.7 min
[2026-08-15 05:49:56] INFO Epoch 032 | train batch=190/1418 | elapsed=1.5 min | eta=9.6 min
[2026-08-15 05:50:01] INFO Epoch 032 | train batch=200/1418 | elapsed=1.6 min | eta=9.6 min
[2026-08-15 05:50:05] INFO Epoch 032 | train batch=210/1418 | elapsed=1.6 min | eta=9.5 min
[2026-08-15 05:50:10] INFO Epoch 032 | train batch=220/1418 | elapsed=1.7 min | eta=9.4 min
[2026-08-15 05:50:15] INFO Epoch 032 | train batch=230/1418 | elapsed=1.8 min | eta=9.3 min
[2026-08-15 05:50:19] INFO Epoch 032 | train batch=240/1418 | elapsed=1.9 min | eta=9.3 min
[2026-08-15 05:50:24] INFO Epoch 032 | train batch=250/1418 | elapsed=2.0 min | eta=9.2 min
[2026-08-15 05:50:29] INFO Epoch 032 | train batch=260/1418 | elapsed=2.0 min | eta=9.1 min
[2026-08-15 05:50:34] INFO Epoch 032 | train batch=270/1418 | elapsed=2.1 min | eta=9.0 min
[2026-08-15 05:50:38] INFO Epoch 032 | train batch=280/1418 | elapsed=2.2 min | eta=9.0 min
[2026-08-15 05:50:44] INFO Epoch 032 | train batch=290/1418 | elapsed=2.3 min | eta=8.9 min
[2026-08-15 05:50:48] INFO Epoch 032 | train batch=300/1418 | elapsed=2.4 min | eta=8.8 min
[2026-08-15 05:50:53] INFO Epoch 032 | train batch=310/1418 | elapsed=2.4 min | eta=8.7 min
[2026-08-15 05:50:58] INFO Epoch 032 | train batch=320/1418 | elapsed=2.5 min | eta=8.7 min
[2026-08-15 05:51:03] INFO Epoch 032 | train batch=330/1418 | elapsed=2.6 min | eta=8.6 min
[2026-08-15 05:51:07] INFO Epoch 032 | train batch=340/1418 | elapsed=2.7 min | eta=8.5 min
[2026-08-15 05:51:12] INFO Epoch 032 | train batch=350/1418 | elapsed=2.8 min | eta=8.4 min
[2026-08-15 05:51:17] INFO Epoch 032 | train batch=360/1418 | elapsed=2.8 min | eta=8.4 min
[2026-08-15 05:51:22] INFO Epoch 032 | train batch=370/1418 | elapsed=2.9 min | eta=8.3 min
[2026-08-15 05:51:26] INFO Epoch 032 | train batch=380/1418 | elapsed=3.0 min | eta=8.2 min
[2026-08-15 05:51:31] INFO Epoch 032 | train batch=390/1418 | elapsed=3.1 min | eta=8.1 min
[2026-08-15 05:51:36] INFO Epoch 032 | train batch=400/1418 | elapsed=3.2 min | eta=8.0 min
[2026-08-15 05:51:41] INFO Epoch 032 | train batch=410/1418 | elapsed=3.2 min | eta=8.0 min
[2026-08-15 05:51:45] INFO Epoch 032 | train batch=420/1418 | elapsed=3.3 min | eta=7.9 min
[2026-08-15 05:51:50] INFO Epoch 032 | train batch=430/1418 | elapsed=3.4 min | eta=7.8 min
[2026-08-15 05:51:55] INFO Epoch 032 | train batch=440/1418 | elapsed=3.5 min | eta=7.7 min
[2026-08-15 05:52:00] INFO Epoch 032 | train batch=450/1418 | elapsed=3.6 min | eta=7.6 min
[2026-08-15 05:52:04] INFO Epoch 032 | train batch=460/1418 | elapsed=3.6 min | eta=7.6 min
[2026-08-15 05:52:09] INFO Epoch 032 | train batch=470/1418 | elapsed=3.7 min | eta=7.5 min
[2026-08-15 05:52:14] INFO Epoch 032 | train batch=480/1418 | elapsed=3.8 min | eta=7.4 min
[2026-08-15 05:52:19] INFO Epoch 032 | train batch=490/1418 | elapsed=3.9 min | eta=7.3 min
[2026-08-15 05:52:23] INFO Epoch 032 | train batch=500/1418 | elapsed=3.9 min | eta=7.2 min
[2026-08-15 05:52:28] INFO Epoch 032 | train batch=510/1418 | elapsed=4.0 min | eta=7.2 min
[2026-08-15 05:52:33] INFO Epoch 032 | train batch=520/1418 | elapsed=4.1 min | eta=7.1 min
[2026-08-15 05:52:37] INFO Epoch 032 | train batch=530/1418 | elapsed=4.2 min | eta=7.0 min
[2026-08-15 05:52:42] INFO Epoch 032 | train batch=540/1418 | elapsed=4.3 min | eta=6.9 min
[2026-08-15 05:52:47] INFO Epoch 032 | train batch=550/1418 | elapsed=4.3 min | eta=6.9 min
[2026-08-15 05:52:52] INFO Epoch 032 | train batch=560/1418 | elapsed=4.4 min | eta=6.8 min
[2026-08-15 05:52:56] INFO Epoch 032 | train batch=570/1418 | elapsed=4.5 min | eta=6.7 min
[2026-08-15 05:53:01] INFO Epoch 032 | train batch=580/1418 | elapsed=4.6 min | eta=6.6 min
[2026-08-15 05:53:05] INFO Epoch 032 | train batch=590/1418 | elapsed=4.7 min | eta=6.5 min
[2026-08-15 05:53:10] INFO Epoch 032 | train batch=600/1418 | elapsed=4.7 min | eta=6.4 min
[2026-08-15 05:53:15] INFO Epoch 032 | train batch=610/1418 | elapsed=4.8 min | eta=6.4 min
[2026-08-15 05:53:20] INFO Epoch 032 | train batch=620/1418 | elapsed=4.9 min | eta=6.3 min
[2026-08-15 05:53:24] INFO Epoch 032 | train batch=630/1418 | elapsed=5.0 min | eta=6.2 min
[2026-08-15 05:53:29] INFO Epoch 032 | train batch=640/1418 | elapsed=5.1 min | eta=6.1 min
[2026-08-15 05:53:34] INFO Epoch 032 | train batch=650/1418 | elapsed=5.1 min | eta=6.1 min
[2026-08-15 05:53:39] INFO Epoch 032 | train batch=660/1418 | elapsed=5.2 min | eta=6.0 min
[2026-08-15 05:53:43] INFO Epoch 032 | train batch=670/1418 | elapsed=5.3 min | eta=5.9 min
[2026-08-15 05:53:48] INFO Epoch 032 | train batch=680/1418 | elapsed=5.4 min | eta=5.8 min
[2026-08-15 05:53:53] INFO Epoch 032 | train batch=690/1418 | elapsed=5.4 min | eta=5.7 min
[2026-08-15 05:53:57] INFO Epoch 032 | train batch=700/1418 | elapsed=5.5 min | eta=5.7 min
[2026-08-15 05:54:02] INFO Epoch 032 | train batch=710/1418 | elapsed=5.6 min | eta=5.6 min
[2026-08-15 05:54:07] INFO Epoch 032 | train batch=720/1418 | elapsed=5.7 min | eta=5.5 min
[2026-08-15 05:54:11] INFO Epoch 032 | train batch=730/1418 | elapsed=5.7 min | eta=5.4 min
[2026-08-15 05:54:16] INFO Epoch 032 | train batch=740/1418 | elapsed=5.8 min | eta=5.3 min
[2026-08-15 05:54:20] INFO Epoch 032 | train batch=750/1418 | elapsed=5.9 min | eta=5.3 min
[2026-08-15 05:54:25] INFO Epoch 032 | train batch=760/1418 | elapsed=6.0 min | eta=5.2 min
[2026-08-15 05:54:30] INFO Epoch 032 | train batch=770/1418 | elapsed=6.1 min | eta=5.1 min
[2026-08-15 05:54:34] INFO Epoch 032 | train batch=780/1418 | elapsed=6.1 min | eta=5.0 min
[2026-08-15 05:54:39] INFO Epoch 032 | train batch=790/1418 | elapsed=6.2 min | eta=4.9 min
[2026-08-15 05:54:44] INFO Epoch 032 | train batch=800/1418 | elapsed=6.3 min | eta=4.9 min
[2026-08-15 05:54:48] INFO Epoch 032 | train batch=810/1418 | elapsed=6.4 min | eta=4.8 min
[2026-08-15 05:54:53] INFO Epoch 032 | train batch=820/1418 | elapsed=6.4 min | eta=4.7 min
[2026-08-15 05:54:57] INFO Epoch 032 | train batch=830/1418 | elapsed=6.5 min | eta=4.6 min
[2026-08-15 05:55:02] INFO Epoch 032 | train batch=840/1418 | elapsed=6.6 min | eta=4.5 min
[2026-08-15 05:55:07] INFO Epoch 032 | train batch=850/1418 | elapsed=6.7 min | eta=4.5 min
[2026-08-15 05:55:11] INFO Epoch 032 | train batch=860/1418 | elapsed=6.8 min | eta=4.4 min
[2026-08-15 05:55:16] INFO Epoch 032 | train batch=870/1418 | elapsed=6.8 min | eta=4.3 min
[2026-08-15 05:55:21] INFO Epoch 032 | train batch=880/1418 | elapsed=6.9 min | eta=4.2 min
[2026-08-15 05:55:25] INFO Epoch 032 | train batch=890/1418 | elapsed=7.0 min | eta=4.1 min
[2026-08-15 05:55:30] INFO Epoch 032 | train batch=900/1418 | elapsed=7.1 min | eta=4.1 min
[2026-08-15 05:55:35] INFO Epoch 032 | train batch=910/1418 | elapsed=7.1 min | eta=4.0 min
[2026-08-15 05:55:40] INFO Epoch 032 | train batch=920/1418 | elapsed=7.2 min | eta=3.9 min
[2026-08-15 05:55:45] INFO Epoch 032 | train batch=930/1418 | elapsed=7.3 min | eta=3.8 min
[2026-08-15 05:55:49] INFO Epoch 032 | train batch=940/1418 | elapsed=7.4 min | eta=3.8 min
[2026-08-15 05:55:54] INFO Epoch 032 | train batch=950/1418 | elapsed=7.5 min | eta=3.7 min
[2026-08-15 05:55:59] INFO Epoch 032 | train batch=960/1418 | elapsed=7.5 min | eta=3.6 min
[2026-08-15 05:56:03] INFO Epoch 032 | train batch=970/1418 | elapsed=7.6 min | eta=3.5 min
[2026-08-15 05:56:08] INFO Epoch 032 | train batch=980/1418 | elapsed=7.7 min | eta=3.4 min
[2026-08-15 05:56:13] INFO Epoch 032 | train batch=990/1418 | elapsed=7.8 min | eta=3.4 min
[2026-08-15 05:56:18] INFO Epoch 032 | train batch=1000/1418 | elapsed=7.9 min | eta=3.3 min
[2026-08-15 05:56:22] INFO Epoch 032 | train batch=1010/1418 | elapsed=7.9 min | eta=3.2 min
[2026-08-15 05:56:27] INFO Epoch 032 | train batch=1020/1418 | elapsed=8.0 min | eta=3.1 min
[2026-08-15 05:56:32] INFO Epoch 032 | train batch=1030/1418 | elapsed=8.1 min | eta=3.0 min
[2026-08-15 05:56:36] INFO Epoch 032 | train batch=1040/1418 | elapsed=8.2 min | eta=3.0 min
[2026-08-15 05:56:41] INFO Epoch 032 | train batch=1050/1418 | elapsed=8.3 min | eta=2.9 min
[2026-08-15 05:56:46] INFO Epoch 032 | train batch=1060/1418 | elapsed=8.3 min | eta=2.8 min
[2026-08-15 05:56:51] INFO Epoch 032 | train batch=1070/1418 | elapsed=8.4 min | eta=2.7 min
[2026-08-15 05:56:56] INFO Epoch 032 | train batch=1080/1418 | elapsed=8.5 min | eta=2.7 min
[2026-08-15 05:57:01] INFO Epoch 032 | train batch=1090/1418 | elapsed=8.6 min | eta=2.6 min
[2026-08-15 05:57:05] INFO Epoch 032 | train batch=1100/1418 | elapsed=8.6 min | eta=2.5 min
[2026-08-15 05:57:10] INFO Epoch 032 | train batch=1110/1418 | elapsed=8.7 min | eta=2.4 min
[2026-08-15 05:57:14] INFO Epoch 032 | train batch=1120/1418 | elapsed=8.8 min | eta=2.3 min
[2026-08-15 05:57:19] INFO Epoch 032 | train batch=1130/1418 | elapsed=8.9 min | eta=2.3 min
[2026-08-15 05:57:23] INFO Epoch 032 | train batch=1140/1418 | elapsed=8.9 min | eta=2.2 min
[2026-08-15 05:57:28] INFO Epoch 032 | train batch=1150/1418 | elapsed=9.0 min | eta=2.1 min
[2026-08-15 05:57:33] INFO Epoch 032 | train batch=1160/1418 | elapsed=9.1 min | eta=2.0 min
[2026-08-15 05:57:38] INFO Epoch 032 | train batch=1170/1418 | elapsed=9.2 min | eta=1.9 min
[2026-08-15 05:57:43] INFO Epoch 032 | train batch=1180/1418 | elapsed=9.3 min | eta=1.9 min
[2026-08-15 05:57:47] INFO Epoch 032 | train batch=1190/1418 | elapsed=9.3 min | eta=1.8 min
[2026-08-15 05:57:52] INFO Epoch 032 | train batch=1200/1418 | elapsed=9.4 min | eta=1.7 min
[2026-08-15 05:57:57] INFO Epoch 032 | train batch=1210/1418 | elapsed=9.5 min | eta=1.6 min
[2026-08-15 05:58:01] INFO Epoch 032 | train batch=1220/1418 | elapsed=9.6 min | eta=1.6 min
[2026-08-15 05:58:06] INFO Epoch 032 | train batch=1230/1418 | elapsed=9.7 min | eta=1.5 min
[2026-08-15 05:58:11] INFO Epoch 032 | train batch=1240/1418 | elapsed=9.7 min | eta=1.4 min
[2026-08-15 05:58:15] INFO Epoch 032 | train batch=1250/1418 | elapsed=9.8 min | eta=1.3 min
[2026-08-15 05:58:20] INFO Epoch 032 | train batch=1260/1418 | elapsed=9.9 min | eta=1.2 min
[2026-08-15 05:58:25] INFO Epoch 032 | train batch=1270/1418 | elapsed=10.0 min | eta=1.2 min
[2026-08-15 05:58:30] INFO Epoch 032 | train batch=1280/1418 | elapsed=10.1 min | eta=1.1 min
[2026-08-15 05:58:34] INFO Epoch 032 | train batch=1290/1418 | elapsed=10.1 min | eta=1.0 min
[2026-08-15 05:58:39] INFO Epoch 032 | train batch=1300/1418 | elapsed=10.2 min | eta=0.9 min
[2026-08-15 05:58:44] INFO Epoch 032 | train batch=1310/1418 | elapsed=10.3 min | eta=0.8 min
[2026-08-15 05:58:49] INFO Epoch 032 | train batch=1320/1418 | elapsed=10.4 min | eta=0.8 min
[2026-08-15 05:58:53] INFO Epoch 032 | train batch=1330/1418 | elapsed=10.4 min | eta=0.7 min
[2026-08-15 05:58:58] INFO Epoch 032 | train batch=1340/1418 | elapsed=10.5 min | eta=0.6 min
[2026-08-15 05:59:02] INFO Epoch 032 | train batch=1350/1418 | elapsed=10.6 min | eta=0.5 min
[2026-08-15 05:59:07] INFO Epoch 032 | train batch=1360/1418 | elapsed=10.7 min | eta=0.5 min
[2026-08-15 05:59:12] INFO Epoch 032 | train batch=1370/1418 | elapsed=10.8 min | eta=0.4 min
[2026-08-15 05:59:16] INFO Epoch 032 | train batch=1380/1418 | elapsed=10.8 min | eta=0.3 min
[2026-08-15 05:59:21] INFO Epoch 032 | train batch=1390/1418 | elapsed=10.9 min | eta=0.2 min
[2026-08-15 05:59:26] INFO Epoch 032 | train batch=1400/1418 | elapsed=11.0 min | eta=0.1 min
[2026-08-15 05:59:31] INFO Epoch 032 | train batch=1410/1418 | elapsed=11.1 min | eta=0.1 min
[2026-08-15 05:59:34] INFO Epoch 032 | train batch=1418/1418 | elapsed=11.1 min | eta=0.0 min
[2026-08-15 05:59:34] INFO Epoch 032 | val batch=1/188 | elapsed=0.0 min | eta=0.5 min
[2026-08-15 05:59:36] INFO Epoch 032 | val batch=10/188 | elapsed=0.0 min | eta=0.6 min
[2026-08-15 05:59:38] INFO Epoch 032 | val batch=20/188 | elapsed=0.1 min | eta=0.6 min
[2026-08-15 05:59:40] INFO Epoch 032 | val batch=30/188 | elapsed=0.1 min | eta=0.5 min
[2026-08-15 05:59:42] INFO Epoch 032 | val batch=40/188 | elapsed=0.1 min | eta=0.5 min
[2026-08-15 05:59:45] INFO Epoch 032 | val batch=50/188 | elapsed=0.2 min | eta=0.5 min
[2026-08-15 05:59:47] INFO Epoch 032 | val batch=60/188 | elapsed=0.2 min | eta=0.4 min
[2026-08-15 05:59:49] INFO Epoch 032 | val batch=70/188 | elapsed=0.2 min | eta=0.4 min
[2026-08-15 05:59:51] INFO Epoch 032 | val batch=80/188 | elapsed=0.3 min | eta=0.4 min
[2026-08-15 05:59:53] INFO Epoch 032 | val batch=90/188 | elapsed=0.3 min | eta=0.3 min
[2026-08-15 05:59:55] INFO Epoch 032 | val batch=100/188 | elapsed=0.3 min | eta=0.3 min
[2026-08-15 05:59:57] INFO Epoch 032 | val batch=110/188 | elapsed=0.4 min | eta=0.3 min
[2026-08-15 05:59:59] INFO Epoch 032 | val batch=120/188 | elapsed=0.4 min | eta=0.2 min
[2026-08-15 06:00:01] INFO Epoch 032 | val batch=130/188 | elapsed=0.5 min | eta=0.2 min
[2026-08-15 06:00:03] INFO Epoch 032 | val batch=140/188 | elapsed=0.5 min | eta=0.2 min
[2026-08-15 06:00:05] INFO Epoch 032 | val batch=150/188 | elapsed=0.5 min | eta=0.1 min
[2026-08-15 06:00:07] INFO Epoch 032 | val batch=160/188 | elapsed=0.6 min | eta=0.1 min
[2026-08-15 06:00:10] INFO Epoch 032 | val batch=170/188 | elapsed=0.6 min | eta=0.1 min
[2026-08-15 06:00:12] INFO Epoch 032 | val batch=180/188 | elapsed=0.6 min | eta=0.0 min
[2026-08-15 06:00:13] INFO Epoch 032 | val batch=188/188 | elapsed=0.6 min | eta=0.0 min
[2026-08-15 06:00:13] INFO Epoch 032 | train_total=0.444215 | val_total=0.439546 | val_mask=0.222748 | val_retrieval=2.167984 | val_profile=0.000000 | val_anchors=604396 | val_positive_pairs=0 | val_hard_negatives=0 | val_relation_candidates=7268824 | val_teacher_keff=3.787 | val_student_keff=7.809 | val_adapter_valid=0.966 | val_adapter_gate=0.104 | val_adapter_spatial_gate=0.094 | val_adapter_ratio=0.668210 | val_adapter_modulation=0.727463 | val_adapter_modulation_std=0.512450 | val_adapter_group_gate_std=0.130410 | val_adapter_low_rank=7.866131 | val_adapter_direct=2.729972 | val_masked_positions=42139652 | skipped(train/val)=0/0
[2026-08-15 06:00:13] INFO Epoch 033/050 started | train_batches=1418 | val_batches=188
[2026-08-15 06:00:14] INFO Epoch 033 | train batch=1/1418 | elapsed=0.0 min | eta=12.1 min
[2026-08-15 06:00:18] INFO Epoch 033 | train batch=10/1418 | elapsed=0.1 min | eta=11.5 min
[2026-08-15 06:00:23] INFO Epoch 033 | train batch=20/1418 | elapsed=0.2 min | eta=11.0 min
[2026-08-15 06:00:27] INFO Epoch 033 | train batch=30/1418 | elapsed=0.2 min | eta=10.9 min
[2026-08-15 06:00:32] INFO Epoch 033 | train batch=40/1418 | elapsed=0.3 min | eta=10.9 min
[2026-08-15 06:00:37] INFO Epoch 033 | train batch=50/1418 | elapsed=0.4 min | eta=10.9 min
[2026-08-15 06:00:41] INFO Epoch 033 | train batch=60/1418 | elapsed=0.5 min | eta=10.7 min
[2026-08-15 06:00:46] INFO Epoch 033 | train batch=70/1418 | elapsed=0.6 min | eta=10.6 min
[2026-08-15 06:00:51] INFO Epoch 033 | train batch=80/1418 | elapsed=0.6 min | eta=10.5 min
[2026-08-15 06:00:56] INFO Epoch 033 | train batch=90/1418 | elapsed=0.7 min | eta=10.5 min
[2026-08-15 06:01:00] INFO Epoch 033 | train batch=100/1418 | elapsed=0.8 min | eta=10.4 min
[2026-08-15 06:01:05] INFO Epoch 033 | train batch=110/1418 | elapsed=0.9 min | eta=10.4 min
[2026-08-15 06:01:10] INFO Epoch 033 | train batch=120/1418 | elapsed=0.9 min | eta=10.3 min
[2026-08-15 06:01:15] INFO Epoch 033 | train batch=130/1418 | elapsed=1.0 min | eta=10.2 min
[2026-08-15 06:01:19] INFO Epoch 033 | train batch=140/1418 | elapsed=1.1 min | eta=10.1 min
[2026-08-15 06:01:24] INFO Epoch 033 | train batch=150/1418 | elapsed=1.2 min | eta=10.0 min
[2026-08-15 06:01:29] INFO Epoch 033 | train batch=160/1418 | elapsed=1.3 min | eta=9.9 min
[2026-08-15 06:01:34] INFO Epoch 033 | train batch=170/1418 | elapsed=1.3 min | eta=9.8 min
[2026-08-15 06:01:38] INFO Epoch 033 | train batch=180/1418 | elapsed=1.4 min | eta=9.8 min
[2026-08-15 06:01:43] INFO Epoch 033 | train batch=190/1418 | elapsed=1.5 min | eta=9.7 min
[2026-08-15 06:01:48] INFO Epoch 033 | train batch=200/1418 | elapsed=1.6 min | eta=9.6 min
[2026-08-15 06:01:52] INFO Epoch 033 | train batch=210/1418 | elapsed=1.7 min | eta=9.5 min
[2026-08-15 06:01:57] INFO Epoch 033 | train batch=220/1418 | elapsed=1.7 min | eta=9.5 min
[2026-08-15 06:02:02] INFO Epoch 033 | train batch=230/1418 | elapsed=1.8 min | eta=9.4 min
[2026-08-15 06:02:07] INFO Epoch 033 | train batch=240/1418 | elapsed=1.9 min | eta=9.3 min
[2026-08-15 06:02:11] INFO Epoch 033 | train batch=250/1418 | elapsed=2.0 min | eta=9.2 min
[2026-08-15 06:02:16] INFO Epoch 033 | train batch=260/1418 | elapsed=2.1 min | eta=9.1 min
[2026-08-15 06:02:21] INFO Epoch 033 | train batch=270/1418 | elapsed=2.1 min | eta=9.1 min
[2026-08-15 06:02:26] INFO Epoch 033 | train batch=280/1418 | elapsed=2.2 min | eta=9.0 min
[2026-08-15 06:02:30] INFO Epoch 033 | train batch=290/1418 | elapsed=2.3 min | eta=8.9 min
[2026-08-15 06:02:35] INFO Epoch 033 | train batch=300/1418 | elapsed=2.4 min | eta=8.8 min
[2026-08-15 06:02:40] INFO Epoch 033 | train batch=310/1418 | elapsed=2.4 min | eta=8.7 min
[2026-08-15 06:02:44] INFO Epoch 033 | train batch=320/1418 | elapsed=2.5 min | eta=8.7 min
[2026-08-15 06:02:49] INFO Epoch 033 | train batch=330/1418 | elapsed=2.6 min | eta=8.6 min
[2026-08-15 06:02:54] INFO Epoch 033 | train batch=340/1418 | elapsed=2.7 min | eta=8.5 min
[2026-08-15 06:02:59] INFO Epoch 033 | train batch=350/1418 | elapsed=2.8 min | eta=8.4 min
[2026-08-15 06:03:03] INFO Epoch 033 | train batch=360/1418 | elapsed=2.8 min | eta=8.3 min
[2026-08-15 06:03:08] INFO Epoch 033 | train batch=370/1418 | elapsed=2.9 min | eta=8.3 min
[2026-08-15 06:03:13] INFO Epoch 033 | train batch=380/1418 | elapsed=3.0 min | eta=8.2 min
[2026-08-15 06:03:18] INFO Epoch 033 | train batch=390/1418 | elapsed=3.1 min | eta=8.1 min
[2026-08-15 06:03:22] INFO Epoch 033 | train batch=400/1418 | elapsed=3.2 min | eta=8.0 min
[2026-08-15 06:03:27] INFO Epoch 033 | train batch=410/1418 | elapsed=3.2 min | eta=8.0 min
[2026-08-15 06:03:32] INFO Epoch 033 | train batch=420/1418 | elapsed=3.3 min | eta=7.9 min
[2026-08-15 06:03:37] INFO Epoch 033 | train batch=430/1418 | elapsed=3.4 min | eta=7.8 min
[2026-08-15 06:03:42] INFO Epoch 033 | train batch=440/1418 | elapsed=3.5 min | eta=7.7 min
[2026-08-15 06:03:46] INFO Epoch 033 | train batch=450/1418 | elapsed=3.6 min | eta=7.6 min
[2026-08-15 06:03:51] INFO Epoch 033 | train batch=460/1418 | elapsed=3.6 min | eta=7.6 min
[2026-08-15 06:03:56] INFO Epoch 033 | train batch=470/1418 | elapsed=3.7 min | eta=7.5 min
[2026-08-15 06:04:00] INFO Epoch 033 | train batch=480/1418 | elapsed=3.8 min | eta=7.4 min
[2026-08-15 06:04:05] INFO Epoch 033 | train batch=490/1418 | elapsed=3.9 min | eta=7.3 min
[2026-08-15 06:04:09] INFO Epoch 033 | train batch=500/1418 | elapsed=3.9 min | eta=7.2 min
[2026-08-15 06:04:14] INFO Epoch 033 | train batch=510/1418 | elapsed=4.0 min | eta=7.2 min
[2026-08-15 06:04:19] INFO Epoch 033 | train batch=520/1418 | elapsed=4.1 min | eta=7.1 min
[2026-08-15 06:04:23] INFO Epoch 033 | train batch=530/1418 | elapsed=4.2 min | eta=7.0 min
[2026-08-15 06:04:28] INFO Epoch 033 | train batch=540/1418 | elapsed=4.3 min | eta=6.9 min
[2026-08-15 06:04:33] INFO Epoch 033 | train batch=550/1418 | elapsed=4.3 min | eta=6.8 min
[2026-08-15 06:04:37] INFO Epoch 033 | train batch=560/1418 | elapsed=4.4 min | eta=6.7 min
[2026-08-15 06:04:42] INFO Epoch 033 | train batch=570/1418 | elapsed=4.5 min | eta=6.7 min
[2026-08-15 06:04:47] INFO Epoch 033 | train batch=580/1418 | elapsed=4.6 min | eta=6.6 min
[2026-08-15 06:04:52] INFO Epoch 033 | train batch=590/1418 | elapsed=4.6 min | eta=6.5 min
[2026-08-15 06:04:57] INFO Epoch 033 | train batch=600/1418 | elapsed=4.7 min | eta=6.4 min
[2026-08-15 06:05:01] INFO Epoch 033 | train batch=610/1418 | elapsed=4.8 min | eta=6.4 min
[2026-08-15 06:05:06] INFO Epoch 033 | train batch=620/1418 | elapsed=4.9 min | eta=6.3 min
[2026-08-15 06:05:11] INFO Epoch 033 | train batch=630/1418 | elapsed=5.0 min | eta=6.2 min
[2026-08-15 06:05:15] INFO Epoch 033 | train batch=640/1418 | elapsed=5.0 min | eta=6.1 min
[2026-08-15 06:05:20] INFO Epoch 033 | train batch=650/1418 | elapsed=5.1 min | eta=6.0 min
[2026-08-15 06:05:25] INFO Epoch 033 | train batch=660/1418 | elapsed=5.2 min | eta=6.0 min
[2026-08-15 06:05:29] INFO Epoch 033 | train batch=670/1418 | elapsed=5.3 min | eta=5.9 min
[2026-08-15 06:05:34] INFO Epoch 033 | train batch=680/1418 | elapsed=5.4 min | eta=5.8 min
[2026-08-15 06:05:39] INFO Epoch 033 | train batch=690/1418 | elapsed=5.4 min | eta=5.7 min
[2026-08-15 06:05:43] INFO Epoch 033 | train batch=700/1418 | elapsed=5.5 min | eta=5.6 min
[2026-08-15 06:05:48] INFO Epoch 033 | train batch=710/1418 | elapsed=5.6 min | eta=5.6 min
[2026-08-15 06:05:52] INFO Epoch 033 | train batch=720/1418 | elapsed=5.7 min | eta=5.5 min
[2026-08-15 06:05:57] INFO Epoch 033 | train batch=730/1418 | elapsed=5.7 min | eta=5.4 min
[2026-08-15 06:06:02] INFO Epoch 033 | train batch=740/1418 | elapsed=5.8 min | eta=5.3 min
[2026-08-15 06:06:07] INFO Epoch 033 | train batch=750/1418 | elapsed=5.9 min | eta=5.2 min
[2026-08-15 06:06:11] INFO Epoch 033 | train batch=760/1418 | elapsed=6.0 min | eta=5.2 min
[2026-08-15 06:06:16] INFO Epoch 033 | train batch=770/1418 | elapsed=6.1 min | eta=5.1 min
[2026-08-15 06:06:21] INFO Epoch 033 | train batch=780/1418 | elapsed=6.1 min | eta=5.0 min
[2026-08-15 06:06:26] INFO Epoch 033 | train batch=790/1418 | elapsed=6.2 min | eta=4.9 min
[2026-08-15 06:06:31] INFO Epoch 033 | train batch=800/1418 | elapsed=6.3 min | eta=4.9 min
[2026-08-15 06:06:36] INFO Epoch 033 | train batch=810/1418 | elapsed=6.4 min | eta=4.8 min
[2026-08-15 06:06:40] INFO Epoch 033 | train batch=820/1418 | elapsed=6.5 min | eta=4.7 min
[2026-08-15 06:06:45] INFO Epoch 033 | train batch=830/1418 | elapsed=6.5 min | eta=4.6 min
[2026-08-15 06:06:50] INFO Epoch 033 | train batch=840/1418 | elapsed=6.6 min | eta=4.5 min
[2026-08-15 06:06:54] INFO Epoch 033 | train batch=850/1418 | elapsed=6.7 min | eta=4.5 min
[2026-08-15 06:06:59] INFO Epoch 033 | train batch=860/1418 | elapsed=6.8 min | eta=4.4 min
[2026-08-15 06:07:04] INFO Epoch 033 | train batch=870/1418 | elapsed=6.8 min | eta=4.3 min
[2026-08-15 06:07:09] INFO Epoch 033 | train batch=880/1418 | elapsed=6.9 min | eta=4.2 min
[2026-08-15 06:07:14] INFO Epoch 033 | train batch=890/1418 | elapsed=7.0 min | eta=4.2 min
[2026-08-15 06:07:18] INFO Epoch 033 | train batch=900/1418 | elapsed=7.1 min | eta=4.1 min
[2026-08-15 06:07:23] INFO Epoch 033 | train batch=910/1418 | elapsed=7.2 min | eta=4.0 min
[2026-08-15 06:07:27] INFO Epoch 033 | train batch=920/1418 | elapsed=7.2 min | eta=3.9 min
[2026-08-15 06:07:32] INFO Epoch 033 | train batch=930/1418 | elapsed=7.3 min | eta=3.8 min
[2026-08-15 06:07:37] INFO Epoch 033 | train batch=940/1418 | elapsed=7.4 min | eta=3.8 min
[2026-08-15 06:07:42] INFO Epoch 033 | train batch=950/1418 | elapsed=7.5 min | eta=3.7 min
[2026-08-15 06:07:47] INFO Epoch 033 | train batch=960/1418 | elapsed=7.6 min | eta=3.6 min
[2026-08-15 06:07:51] INFO Epoch 033 | train batch=970/1418 | elapsed=7.6 min | eta=3.5 min
[2026-08-15 06:07:56] INFO Epoch 033 | train batch=980/1418 | elapsed=7.7 min | eta=3.4 min
[2026-08-15 06:08:00] INFO Epoch 033 | train batch=990/1418 | elapsed=7.8 min | eta=3.4 min
[2026-08-15 06:08:05] INFO Epoch 033 | train batch=1000/1418 | elapsed=7.9 min | eta=3.3 min
[2026-08-15 06:08:10] INFO Epoch 033 | train batch=1010/1418 | elapsed=7.9 min | eta=3.2 min
[2026-08-15 06:08:14] INFO Epoch 033 | train batch=1020/1418 | elapsed=8.0 min | eta=3.1 min
[2026-08-15 06:08:19] INFO Epoch 033 | train batch=1030/1418 | elapsed=8.1 min | eta=3.1 min
[2026-08-15 06:08:24] INFO Epoch 033 | train batch=1040/1418 | elapsed=8.2 min | eta=3.0 min
[2026-08-15 06:08:28] INFO Epoch 033 | train batch=1050/1418 | elapsed=8.3 min | eta=2.9 min
[2026-08-15 06:08:33] INFO Epoch 033 | train batch=1060/1418 | elapsed=8.3 min | eta=2.8 min
[2026-08-15 06:08:38] INFO Epoch 033 | train batch=1070/1418 | elapsed=8.4 min | eta=2.7 min
[2026-08-15 06:08:43] INFO Epoch 033 | train batch=1080/1418 | elapsed=8.5 min | eta=2.7 min
[2026-08-15 06:08:47] INFO Epoch 033 | train batch=1090/1418 | elapsed=8.6 min | eta=2.6 min
[2026-08-15 06:08:52] INFO Epoch 033 | train batch=1100/1418 | elapsed=8.7 min | eta=2.5 min
[2026-08-15 06:08:57] INFO Epoch 033 | train batch=1110/1418 | elapsed=8.7 min | eta=2.4 min
[2026-08-15 06:09:02] INFO Epoch 033 | train batch=1120/1418 | elapsed=8.8 min | eta=2.3 min
[2026-08-15 06:09:06] INFO Epoch 033 | train batch=1130/1418 | elapsed=8.9 min | eta=2.3 min
[2026-08-15 06:09:11] INFO Epoch 033 | train batch=1140/1418 | elapsed=9.0 min | eta=2.2 min
[2026-08-15 06:09:16] INFO Epoch 033 | train batch=1150/1418 | elapsed=9.0 min | eta=2.1 min
[2026-08-15 06:09:21] INFO Epoch 033 | train batch=1160/1418 | elapsed=9.1 min | eta=2.0 min
[2026-08-15 06:09:25] INFO Epoch 033 | train batch=1170/1418 | elapsed=9.2 min | eta=2.0 min
[2026-08-15 06:09:30] INFO Epoch 033 | train batch=1180/1418 | elapsed=9.3 min | eta=1.9 min
[2026-08-15 06:09:35] INFO Epoch 033 | train batch=1190/1418 | elapsed=9.4 min | eta=1.8 min
[2026-08-15 06:09:39] INFO Epoch 033 | train batch=1200/1418 | elapsed=9.4 min | eta=1.7 min
[2026-08-15 06:09:44] INFO Epoch 033 | train batch=1210/1418 | elapsed=9.5 min | eta=1.6 min
[2026-08-15 06:09:49] INFO Epoch 033 | train batch=1220/1418 | elapsed=9.6 min | eta=1.6 min
[2026-08-15 06:09:54] INFO Epoch 033 | train batch=1230/1418 | elapsed=9.7 min | eta=1.5 min
[2026-08-15 06:09:59] INFO Epoch 033 | train batch=1240/1418 | elapsed=9.8 min | eta=1.4 min
[2026-08-15 06:10:03] INFO Epoch 033 | train batch=1250/1418 | elapsed=9.8 min | eta=1.3 min
[2026-08-15 06:10:08] INFO Epoch 033 | train batch=1260/1418 | elapsed=9.9 min | eta=1.2 min
[2026-08-15 06:10:13] INFO Epoch 033 | train batch=1270/1418 | elapsed=10.0 min | eta=1.2 min
[2026-08-15 06:10:17] INFO Epoch 033 | train batch=1280/1418 | elapsed=10.1 min | eta=1.1 min
[2026-08-15 06:10:22] INFO Epoch 033 | train batch=1290/1418 | elapsed=10.2 min | eta=1.0 min
[2026-08-15 06:10:27] INFO Epoch 033 | train batch=1300/1418 | elapsed=10.2 min | eta=0.9 min
[2026-08-15 06:10:31] INFO Epoch 033 | train batch=1310/1418 | elapsed=10.3 min | eta=0.8 min
[2026-08-15 06:10:36] INFO Epoch 033 | train batch=1320/1418 | elapsed=10.4 min | eta=0.8 min
[2026-08-15 06:10:41] INFO Epoch 033 | train batch=1330/1418 | elapsed=10.5 min | eta=0.7 min
[2026-08-15 06:10:45] INFO Epoch 033 | train batch=1340/1418 | elapsed=10.5 min | eta=0.6 min
[2026-08-15 06:10:50] INFO Epoch 033 | train batch=1350/1418 | elapsed=10.6 min | eta=0.5 min
[2026-08-15 06:10:55] INFO Epoch 033 | train batch=1360/1418 | elapsed=10.7 min | eta=0.5 min
[2026-08-15 06:10:59] INFO Epoch 033 | train batch=1370/1418 | elapsed=10.8 min | eta=0.4 min
[2026-08-15 06:11:04] INFO Epoch 033 | train batch=1380/1418 | elapsed=10.9 min | eta=0.3 min
[2026-08-15 06:11:09] INFO Epoch 033 | train batch=1390/1418 | elapsed=10.9 min | eta=0.2 min
[2026-08-15 06:11:13] INFO Epoch 033 | train batch=1400/1418 | elapsed=11.0 min | eta=0.1 min
[2026-08-15 06:11:18] INFO Epoch 033 | train batch=1410/1418 | elapsed=11.1 min | eta=0.1 min
[2026-08-15 06:11:22] INFO Epoch 033 | train batch=1418/1418 | elapsed=11.1 min | eta=0.0 min
[2026-08-15 06:11:22] INFO Epoch 033 | val batch=1/188 | elapsed=0.0 min | eta=0.5 min
[2026-08-15 06:11:24] INFO Epoch 033 | val batch=10/188 | elapsed=0.0 min | eta=0.6 min
[2026-08-15 06:11:26] INFO Epoch 033 | val batch=20/188 | elapsed=0.1 min | eta=0.6 min
[2026-08-15 06:11:28] INFO Epoch 033 | val batch=30/188 | elapsed=0.1 min | eta=0.5 min
[2026-08-15 06:11:30] INFO Epoch 033 | val batch=40/188 | elapsed=0.1 min | eta=0.5 min
[2026-08-15 06:11:32] INFO Epoch 033 | val batch=50/188 | elapsed=0.2 min | eta=0.5 min
[2026-08-15 06:11:34] INFO Epoch 033 | val batch=60/188 | elapsed=0.2 min | eta=0.4 min
[2026-08-15 06:11:36] INFO Epoch 033 | val batch=70/188 | elapsed=0.2 min | eta=0.4 min
[2026-08-15 06:11:39] INFO Epoch 033 | val batch=80/188 | elapsed=0.3 min | eta=0.4 min
[2026-08-15 06:11:41] INFO Epoch 033 | val batch=90/188 | elapsed=0.3 min | eta=0.3 min
[2026-08-15 06:11:43] INFO Epoch 033 | val batch=100/188 | elapsed=0.3 min | eta=0.3 min
[2026-08-15 06:11:45] INFO Epoch 033 | val batch=110/188 | elapsed=0.4 min | eta=0.3 min
[2026-08-15 06:11:47] INFO Epoch 033 | val batch=120/188 | elapsed=0.4 min | eta=0.2 min
[2026-08-15 06:11:49] INFO Epoch 033 | val batch=130/188 | elapsed=0.5 min | eta=0.2 min
[2026-08-15 06:11:51] INFO Epoch 033 | val batch=140/188 | elapsed=0.5 min | eta=0.2 min
[2026-08-15 06:11:53] INFO Epoch 033 | val batch=150/188 | elapsed=0.5 min | eta=0.1 min
[2026-08-15 06:11:55] INFO Epoch 033 | val batch=160/188 | elapsed=0.6 min | eta=0.1 min
[2026-08-15 06:11:57] INFO Epoch 033 | val batch=170/188 | elapsed=0.6 min | eta=0.1 min
[2026-08-15 06:11:59] INFO Epoch 033 | val batch=180/188 | elapsed=0.6 min | eta=0.0 min
[2026-08-15 06:12:01] INFO Epoch 033 | val batch=188/188 | elapsed=0.6 min | eta=0.0 min
[2026-08-15 06:12:01] INFO Epoch 033 | train_total=0.435143 | val_total=0.434687 | val_mask=0.216852 | val_retrieval=2.178355 | val_profile=0.000000 | val_anchors=604396 | val_positive_pairs=0 | val_hard_negatives=0 | val_relation_candidates=7268824 | val_teacher_keff=3.787 | val_student_keff=7.696 | val_adapter_valid=0.966 | val_adapter_gate=0.102 | val_adapter_spatial_gate=0.094 | val_adapter_ratio=0.638460 | val_adapter_modulation=0.728986 | val_adapter_modulation_std=0.507734 | val_adapter_group_gate_std=0.127172 | val_adapter_low_rank=8.062427 | val_adapter_direct=2.821125 | val_masked_positions=42212008 | skipped(train/val)=0/0
[2026-08-15 06:12:01] INFO Epoch 034/050 started | train_batches=1418 | val_batches=188
[2026-08-15 06:12:01] INFO Epoch 034 | train batch=1/1418 | elapsed=0.0 min | eta=9.9 min
[2026-08-15 06:12:05] INFO Epoch 034 | train batch=10/1418 | elapsed=0.1 min | eta=10.3 min
[2026-08-15 06:12:10] INFO Epoch 034 | train batch=20/1418 | elapsed=0.2 min | eta=10.7 min
[2026-08-15 06:12:14] INFO Epoch 034 | train batch=30/1418 | elapsed=0.2 min | eta=10.6 min
[2026-08-15 06:12:19] INFO Epoch 034 | train batch=40/1418 | elapsed=0.3 min | eta=10.6 min
[2026-08-15 06:12:24] INFO Epoch 034 | train batch=50/1418 | elapsed=0.4 min | eta=10.6 min
[2026-08-15 06:12:29] INFO Epoch 034 | train batch=60/1418 | elapsed=0.5 min | eta=10.4 min
[2026-08-15 06:12:33] INFO Epoch 034 | train batch=70/1418 | elapsed=0.5 min | eta=10.4 min
[2026-08-15 06:12:38] INFO Epoch 034 | train batch=80/1418 | elapsed=0.6 min | eta=10.5 min
[2026-08-15 06:12:43] INFO Epoch 034 | train batch=90/1418 | elapsed=0.7 min | eta=10.4 min
[2026-08-15 06:12:48] INFO Epoch 034 | train batch=100/1418 | elapsed=0.8 min | eta=10.3 min
[2026-08-15 06:12:53] INFO Epoch 034 | train batch=110/1418 | elapsed=0.9 min | eta=10.3 min
[2026-08-15 06:12:58] INFO Epoch 034 | train batch=120/1418 | elapsed=0.9 min | eta=10.3 min
[2026-08-15 06:13:03] INFO Epoch 034 | train batch=130/1418 | elapsed=1.0 min | eta=10.2 min
[2026-08-15 06:13:07] INFO Epoch 034 | train batch=140/1418 | elapsed=1.1 min | eta=10.1 min
[2026-08-15 06:13:12] INFO Epoch 034 | train batch=150/1418 | elapsed=1.2 min | eta=10.1 min
[2026-08-15 06:13:17] INFO Epoch 034 | train batch=160/1418 | elapsed=1.3 min | eta=10.0 min
[2026-08-15 06:13:22] INFO Epoch 034 | train batch=170/1418 | elapsed=1.4 min | eta=10.0 min
[2026-08-15 06:13:27] INFO Epoch 034 | train batch=180/1418 | elapsed=1.4 min | eta=9.8 min
[2026-08-15 06:13:31] INFO Epoch 034 | train batch=190/1418 | elapsed=1.5 min | eta=9.7 min
[2026-08-15 06:13:36] INFO Epoch 034 | train batch=200/1418 | elapsed=1.6 min | eta=9.6 min
[2026-08-15 06:13:40] INFO Epoch 034 | train batch=210/1418 | elapsed=1.7 min | eta=9.6 min
[2026-08-15 06:13:45] INFO Epoch 034 | train batch=220/1418 | elapsed=1.7 min | eta=9.5 min
[2026-08-15 06:13:50] INFO Epoch 034 | train batch=230/1418 | elapsed=1.8 min | eta=9.4 min
[2026-08-15 06:13:55] INFO Epoch 034 | train batch=240/1418 | elapsed=1.9 min | eta=9.3 min
[2026-08-15 06:14:00] INFO Epoch 034 | train batch=250/1418 | elapsed=2.0 min | eta=9.2 min
[2026-08-15 06:14:04] INFO Epoch 034 | train batch=260/1418 | elapsed=2.1 min | eta=9.1 min
[2026-08-15 06:14:09] INFO Epoch 034 | train batch=270/1418 | elapsed=2.1 min | eta=9.1 min
[2026-08-15 06:14:14] INFO Epoch 034 | train batch=280/1418 | elapsed=2.2 min | eta=9.0 min
[2026-08-15 06:14:18] INFO Epoch 034 | train batch=290/1418 | elapsed=2.3 min | eta=8.9 min
[2026-08-15 06:14:23] INFO Epoch 034 | train batch=300/1418 | elapsed=2.4 min | eta=8.8 min
[2026-08-15 06:14:27] INFO Epoch 034 | train batch=310/1418 | elapsed=2.4 min | eta=8.7 min
[2026-08-15 06:14:32] INFO Epoch 034 | train batch=320/1418 | elapsed=2.5 min | eta=8.7 min
[2026-08-15 06:14:37] INFO Epoch 034 | train batch=330/1418 | elapsed=2.6 min | eta=8.6 min
[2026-08-15 06:14:42] INFO Epoch 034 | train batch=340/1418 | elapsed=2.7 min | eta=8.5 min
[2026-08-15 06:14:47] INFO Epoch 034 | train batch=350/1418 | elapsed=2.8 min | eta=8.4 min
[2026-08-15 06:14:52] INFO Epoch 034 | train batch=360/1418 | elapsed=2.9 min | eta=8.4 min
[2026-08-15 06:14:57] INFO Epoch 034 | train batch=370/1418 | elapsed=2.9 min | eta=8.3 min
[2026-08-15 06:15:01] INFO Epoch 034 | train batch=380/1418 | elapsed=3.0 min | eta=8.2 min
[2026-08-15 06:15:06] INFO Epoch 034 | train batch=390/1418 | elapsed=3.1 min | eta=8.2 min
[2026-08-15 06:15:12] INFO Epoch 034 | train batch=400/1418 | elapsed=3.2 min | eta=8.1 min
[2026-08-15 06:15:16] INFO Epoch 034 | train batch=410/1418 | elapsed=3.3 min | eta=8.0 min
[2026-08-15 06:15:21] INFO Epoch 034 | train batch=420/1418 | elapsed=3.3 min | eta=7.9 min
[2026-08-15 06:15:25] INFO Epoch 034 | train batch=430/1418 | elapsed=3.4 min | eta=7.8 min
[2026-08-15 06:15:30] INFO Epoch 034 | train batch=440/1418 | elapsed=3.5 min | eta=7.8 min
[2026-08-15 06:15:35] INFO Epoch 034 | train batch=450/1418 | elapsed=3.6 min | eta=7.7 min
[2026-08-15 06:15:39] INFO Epoch 034 | train batch=460/1418 | elapsed=3.6 min | eta=7.6 min
[2026-08-15 06:15:44] INFO Epoch 034 | train batch=470/1418 | elapsed=3.7 min | eta=7.5 min
[2026-08-15 06:15:49] INFO Epoch 034 | train batch=480/1418 | elapsed=3.8 min | eta=7.4 min
[2026-08-15 06:15:53] INFO Epoch 034 | train batch=490/1418 | elapsed=3.9 min | eta=7.3 min
[2026-08-15 06:15:58] INFO Epoch 034 | train batch=500/1418 | elapsed=4.0 min | eta=7.3 min
[2026-08-15 06:16:02] INFO Epoch 034 | train batch=510/1418 | elapsed=4.0 min | eta=7.2 min
[2026-08-15 06:16:07] INFO Epoch 034 | train batch=520/1418 | elapsed=4.1 min | eta=7.1 min
[2026-08-15 06:16:12] INFO Epoch 034 | train batch=530/1418 | elapsed=4.2 min | eta=7.0 min
[2026-08-15 06:16:16] INFO Epoch 034 | train batch=540/1418 | elapsed=4.3 min | eta=6.9 min
[2026-08-15 06:16:21] INFO Epoch 034 | train batch=550/1418 | elapsed=4.3 min | eta=6.9 min
[2026-08-15 06:16:26] INFO Epoch 034 | train batch=560/1418 | elapsed=4.4 min | eta=6.8 min
[2026-08-15 06:16:31] INFO Epoch 034 | train batch=570/1418 | elapsed=4.5 min | eta=6.7 min
[2026-08-15 06:16:36] INFO Epoch 034 | train batch=580/1418 | elapsed=4.6 min | eta=6.6 min
[2026-08-15 06:16:40] INFO Epoch 034 | train batch=590/1418 | elapsed=4.7 min | eta=6.5 min
[2026-08-15 06:16:45] INFO Epoch 034 | train batch=600/1418 | elapsed=4.7 min | eta=6.5 min
[2026-08-15 06:16:50] INFO Epoch 034 | train batch=610/1418 | elapsed=4.8 min | eta=6.4 min
[2026-08-15 06:16:55] INFO Epoch 034 | train batch=620/1418 | elapsed=4.9 min | eta=6.3 min
[2026-08-15 06:16:59] INFO Epoch 034 | train batch=630/1418 | elapsed=5.0 min | eta=6.2 min
[2026-08-15 06:17:04] INFO Epoch 034 | train batch=640/1418 | elapsed=5.1 min | eta=6.1 min
[2026-08-15 06:17:09] INFO Epoch 034 | train batch=650/1418 | elapsed=5.1 min | eta=6.1 min
[2026-08-15 06:17:14] INFO Epoch 034 | train batch=660/1418 | elapsed=5.2 min | eta=6.0 min
[2026-08-15 06:17:18] INFO Epoch 034 | train batch=670/1418 | elapsed=5.3 min | eta=5.9 min
[2026-08-15 06:17:23] INFO Epoch 034 | train batch=680/1418 | elapsed=5.4 min | eta=5.8 min
[2026-08-15 06:17:28] INFO Epoch 034 | train batch=690/1418 | elapsed=5.4 min | eta=5.7 min
[2026-08-15 06:17:32] INFO Epoch 034 | train batch=700/1418 | elapsed=5.5 min | eta=5.7 min
[2026-08-15 06:17:37] INFO Epoch 034 | train batch=710/1418 | elapsed=5.6 min | eta=5.6 min
[2026-08-15 06:17:41] INFO Epoch 034 | train batch=720/1418 | elapsed=5.7 min | eta=5.5 min
[2026-08-15 06:17:46] INFO Epoch 034 | train batch=730/1418 | elapsed=5.8 min | eta=5.4 min
[2026-08-15 06:17:51] INFO Epoch 034 | train batch=740/1418 | elapsed=5.8 min | eta=5.3 min
[2026-08-15 06:17:56] INFO Epoch 034 | train batch=750/1418 | elapsed=5.9 min | eta=5.3 min
[2026-08-15 06:18:01] INFO Epoch 034 | train batch=760/1418 | elapsed=6.0 min | eta=5.2 min
[2026-08-15 06:18:05] INFO Epoch 034 | train batch=770/1418 | elapsed=6.1 min | eta=5.1 min
[2026-08-15 06:18:10] INFO Epoch 034 | train batch=780/1418 | elapsed=6.2 min | eta=5.0 min
[2026-08-15 06:18:15] INFO Epoch 034 | train batch=790/1418 | elapsed=6.2 min | eta=5.0 min
[2026-08-15 06:18:20] INFO Epoch 034 | train batch=800/1418 | elapsed=6.3 min | eta=4.9 min
[2026-08-15 06:18:24] INFO Epoch 034 | train batch=810/1418 | elapsed=6.4 min | eta=4.8 min
[2026-08-15 06:18:29] INFO Epoch 034 | train batch=820/1418 | elapsed=6.5 min | eta=4.7 min
[2026-08-15 06:18:33] INFO Epoch 034 | train batch=830/1418 | elapsed=6.5 min | eta=4.6 min
[2026-08-15 06:18:38] INFO Epoch 034 | train batch=840/1418 | elapsed=6.6 min | eta=4.6 min
[2026-08-15 06:18:43] INFO Epoch 034 | train batch=850/1418 | elapsed=6.7 min | eta=4.5 min
[2026-08-15 06:18:48] INFO Epoch 034 | train batch=860/1418 | elapsed=6.8 min | eta=4.4 min
[2026-08-15 06:18:52] INFO Epoch 034 | train batch=870/1418 | elapsed=6.9 min | eta=4.3 min
[2026-08-15 06:18:57] INFO Epoch 034 | train batch=880/1418 | elapsed=6.9 min | eta=4.2 min
[2026-08-15 06:19:01] INFO Epoch 034 | train batch=890/1418 | elapsed=7.0 min | eta=4.2 min
[2026-08-15 06:19:06] INFO Epoch 034 | train batch=900/1418 | elapsed=7.1 min | eta=4.1 min
[2026-08-15 06:19:11] INFO Epoch 034 | train batch=910/1418 | elapsed=7.2 min | eta=4.0 min
[2026-08-15 06:19:15] INFO Epoch 034 | train batch=920/1418 | elapsed=7.2 min | eta=3.9 min
[2026-08-15 06:19:20] INFO Epoch 034 | train batch=930/1418 | elapsed=7.3 min | eta=3.8 min
[2026-08-15 06:19:25] INFO Epoch 034 | train batch=940/1418 | elapsed=7.4 min | eta=3.8 min
[2026-08-15 06:19:29] INFO Epoch 034 | train batch=950/1418 | elapsed=7.5 min | eta=3.7 min
[2026-08-15 06:19:34] INFO Epoch 034 | train batch=960/1418 | elapsed=7.6 min | eta=3.6 min
[2026-08-15 06:19:39] INFO Epoch 034 | train batch=970/1418 | elapsed=7.6 min | eta=3.5 min
[2026-08-15 06:19:44] INFO Epoch 034 | train batch=980/1418 | elapsed=7.7 min | eta=3.4 min
[2026-08-15 06:19:48] INFO Epoch 034 | train batch=990/1418 | elapsed=7.8 min | eta=3.4 min
[2026-08-15 06:19:53] INFO Epoch 034 | train batch=1000/1418 | elapsed=7.9 min | eta=3.3 min
[2026-08-15 06:19:58] INFO Epoch 034 | train batch=1010/1418 | elapsed=7.9 min | eta=3.2 min
[2026-08-15 06:20:03] INFO Epoch 034 | train batch=1020/1418 | elapsed=8.0 min | eta=3.1 min
[2026-08-15 06:20:07] INFO Epoch 034 | train batch=1030/1418 | elapsed=8.1 min | eta=3.1 min
[2026-08-15 06:20:12] INFO Epoch 034 | train batch=1040/1418 | elapsed=8.2 min | eta=3.0 min
[2026-08-15 06:20:17] INFO Epoch 034 | train batch=1050/1418 | elapsed=8.3 min | eta=2.9 min
[2026-08-15 06:20:21] INFO Epoch 034 | train batch=1060/1418 | elapsed=8.3 min | eta=2.8 min
[2026-08-15 06:20:26] INFO Epoch 034 | train batch=1070/1418 | elapsed=8.4 min | eta=2.7 min
[2026-08-15 06:20:31] INFO Epoch 034 | train batch=1080/1418 | elapsed=8.5 min | eta=2.7 min
[2026-08-15 06:20:36] INFO Epoch 034 | train batch=1090/1418 | elapsed=8.6 min | eta=2.6 min
[2026-08-15 06:20:41] INFO Epoch 034 | train batch=1100/1418 | elapsed=8.7 min | eta=2.5 min
[2026-08-15 06:20:45] INFO Epoch 034 | train batch=1110/1418 | elapsed=8.7 min | eta=2.4 min
[2026-08-15 06:20:50] INFO Epoch 034 | train batch=1120/1418 | elapsed=8.8 min | eta=2.3 min
[2026-08-15 06:20:55] INFO Epoch 034 | train batch=1130/1418 | elapsed=8.9 min | eta=2.3 min
[2026-08-15 06:21:00] INFO Epoch 034 | train batch=1140/1418 | elapsed=9.0 min | eta=2.2 min
[2026-08-15 06:21:05] INFO Epoch 034 | train batch=1150/1418 | elapsed=9.1 min | eta=2.1 min
[2026-08-15 06:21:09] INFO Epoch 034 | train batch=1160/1418 | elapsed=9.1 min | eta=2.0 min
[2026-08-15 06:21:13] INFO Epoch 034 | train batch=1170/1418 | elapsed=9.2 min | eta=2.0 min
[2026-08-15 06:21:18] INFO Epoch 034 | train batch=1180/1418 | elapsed=9.3 min | eta=1.9 min
[2026-08-15 06:21:22] INFO Epoch 034 | train batch=1190/1418 | elapsed=9.4 min | eta=1.8 min
[2026-08-15 06:21:27] INFO Epoch 034 | train batch=1200/1418 | elapsed=9.4 min | eta=1.7 min
[2026-08-15 06:21:32] INFO Epoch 034 | train batch=1210/1418 | elapsed=9.5 min | eta=1.6 min
[2026-08-15 06:21:36] INFO Epoch 034 | train batch=1220/1418 | elapsed=9.6 min | eta=1.6 min
[2026-08-15 06:21:41] INFO Epoch 034 | train batch=1230/1418 | elapsed=9.7 min | eta=1.5 min
[2026-08-15 06:21:46] INFO Epoch 034 | train batch=1240/1418 | elapsed=9.7 min | eta=1.4 min
[2026-08-15 06:21:50] INFO Epoch 034 | train batch=1250/1418 | elapsed=9.8 min | eta=1.3 min
[2026-08-15 06:21:55] INFO Epoch 034 | train batch=1260/1418 | elapsed=9.9 min | eta=1.2 min
[2026-08-15 06:22:00] INFO Epoch 034 | train batch=1270/1418 | elapsed=10.0 min | eta=1.2 min
[2026-08-15 06:22:04] INFO Epoch 034 | train batch=1280/1418 | elapsed=10.1 min | eta=1.1 min
[2026-08-15 06:22:09] INFO Epoch 034 | train batch=1290/1418 | elapsed=10.1 min | eta=1.0 min
[2026-08-15 06:22:14] INFO Epoch 034 | train batch=1300/1418 | elapsed=10.2 min | eta=0.9 min
[2026-08-15 06:22:19] INFO Epoch 034 | train batch=1310/1418 | elapsed=10.3 min | eta=0.8 min
[2026-08-15 06:22:23] INFO Epoch 034 | train batch=1320/1418 | elapsed=10.4 min | eta=0.8 min
[2026-08-15 06:22:28] INFO Epoch 034 | train batch=1330/1418 | elapsed=10.5 min | eta=0.7 min
[2026-08-15 06:22:33] INFO Epoch 034 | train batch=1340/1418 | elapsed=10.5 min | eta=0.6 min
[2026-08-15 06:22:38] INFO Epoch 034 | train batch=1350/1418 | elapsed=10.6 min | eta=0.5 min
[2026-08-15 06:22:43] INFO Epoch 034 | train batch=1360/1418 | elapsed=10.7 min | eta=0.5 min
[2026-08-15 06:22:47] INFO Epoch 034 | train batch=1370/1418 | elapsed=10.8 min | eta=0.4 min
[2026-08-15 06:22:52] INFO Epoch 034 | train batch=1380/1418 | elapsed=10.8 min | eta=0.3 min
[2026-08-15 06:22:56] INFO Epoch 034 | train batch=1390/1418 | elapsed=10.9 min | eta=0.2 min
[2026-08-15 06:23:01] INFO Epoch 034 | train batch=1400/1418 | elapsed=11.0 min | eta=0.1 min
[2026-08-15 06:23:06] INFO Epoch 034 | train batch=1410/1418 | elapsed=11.1 min | eta=0.1 min
[2026-08-15 06:23:09] INFO Epoch 034 | train batch=1418/1418 | elapsed=11.1 min | eta=0.0 min
[2026-08-15 06:23:09] INFO Epoch 034 | val batch=1/188 | elapsed=0.0 min | eta=0.5 min
[2026-08-15 06:23:11] INFO Epoch 034 | val batch=10/188 | elapsed=0.0 min | eta=0.6 min
[2026-08-15 06:23:13] INFO Epoch 034 | val batch=20/188 | elapsed=0.1 min | eta=0.6 min
[2026-08-15 06:23:16] INFO Epoch 034 | val batch=30/188 | elapsed=0.1 min | eta=0.6 min
[2026-08-15 06:23:18] INFO Epoch 034 | val batch=40/188 | elapsed=0.1 min | eta=0.5 min
[2026-08-15 06:23:20] INFO Epoch 034 | val batch=50/188 | elapsed=0.2 min | eta=0.5 min
[2026-08-15 06:23:22] INFO Epoch 034 | val batch=60/188 | elapsed=0.2 min | eta=0.4 min
[2026-08-15 06:23:24] INFO Epoch 034 | val batch=70/188 | elapsed=0.2 min | eta=0.4 min
[2026-08-15 06:23:26] INFO Epoch 034 | val batch=80/188 | elapsed=0.3 min | eta=0.4 min
[2026-08-15 06:23:28] INFO Epoch 034 | val batch=90/188 | elapsed=0.3 min | eta=0.3 min
[2026-08-15 06:23:30] INFO Epoch 034 | val batch=100/188 | elapsed=0.3 min | eta=0.3 min
[2026-08-15 06:23:32] INFO Epoch 034 | val batch=110/188 | elapsed=0.4 min | eta=0.3 min
[2026-08-15 06:23:34] INFO Epoch 034 | val batch=120/188 | elapsed=0.4 min | eta=0.2 min
[2026-08-15 06:23:36] INFO Epoch 034 | val batch=130/188 | elapsed=0.5 min | eta=0.2 min
[2026-08-15 06:23:38] INFO Epoch 034 | val batch=140/188 | elapsed=0.5 min | eta=0.2 min
[2026-08-15 06:23:41] INFO Epoch 034 | val batch=150/188 | elapsed=0.5 min | eta=0.1 min
[2026-08-15 06:23:43] INFO Epoch 034 | val batch=160/188 | elapsed=0.6 min | eta=0.1 min
[2026-08-15 06:23:45] INFO Epoch 034 | val batch=170/188 | elapsed=0.6 min | eta=0.1 min
[2026-08-15 06:23:47] INFO Epoch 034 | val batch=180/188 | elapsed=0.6 min | eta=0.0 min
[2026-08-15 06:23:48] INFO Epoch 034 | val batch=188/188 | elapsed=0.6 min | eta=0.0 min
[2026-08-15 06:23:48] INFO Epoch 034 | train_total=0.439006 | val_total=0.442768 | val_mask=0.225796 | val_retrieval=2.169724 | val_profile=0.000000 | val_anchors=604396 | val_positive_pairs=0 | val_hard_negatives=0 | val_relation_candidates=7268824 | val_teacher_keff=3.787 | val_student_keff=8.061 | val_adapter_valid=0.966 | val_adapter_gate=0.103 | val_adapter_spatial_gate=0.092 | val_adapter_ratio=0.705130 | val_adapter_modulation=0.727923 | val_adapter_modulation_std=0.509818 | val_adapter_group_gate_std=0.128710 | val_adapter_low_rank=8.506602 | val_adapter_direct=2.914282 | val_masked_positions=42161050 | skipped(train/val)=0/0
[2026-08-15 06:23:48] INFO Epoch 035/050 started | train_batches=1418 | val_batches=188
[2026-08-15 06:23:49] INFO Epoch 035 | train batch=1/1418 | elapsed=0.0 min | eta=12.4 min
[2026-08-15 06:23:53] INFO Epoch 035 | train batch=10/1418 | elapsed=0.1 min | eta=11.7 min
[2026-08-15 06:23:58] INFO Epoch 035 | train batch=20/1418 | elapsed=0.2 min | eta=11.4 min
[2026-08-15 06:24:03] INFO Epoch 035 | train batch=30/1418 | elapsed=0.2 min | eta=11.3 min
[2026-08-15 06:24:08] INFO Epoch 035 | train batch=40/1418 | elapsed=0.3 min | eta=11.1 min
[2026-08-15 06:24:12] INFO Epoch 035 | train batch=50/1418 | elapsed=0.4 min | eta=10.8 min
[2026-08-15 06:24:17] INFO Epoch 035 | train batch=60/1418 | elapsed=0.5 min | eta=10.7 min
[2026-08-15 06:24:21] INFO Epoch 035 | train batch=70/1418 | elapsed=0.5 min | eta=10.6 min
[2026-08-15 06:24:26] INFO Epoch 035 | train batch=80/1418 | elapsed=0.6 min | eta=10.5 min
[2026-08-15 06:24:30] INFO Epoch 035 | train batch=90/1418 | elapsed=0.7 min | eta=10.4 min
[2026-08-15 06:24:35] INFO Epoch 035 | train batch=100/1418 | elapsed=0.8 min | eta=10.3 min
[2026-08-15 06:24:39] INFO Epoch 035 | train batch=110/1418 | elapsed=0.9 min | eta=10.1 min
[2026-08-15 06:24:44] INFO Epoch 035 | train batch=120/1418 | elapsed=0.9 min | eta=10.1 min
[2026-08-15 06:24:49] INFO Epoch 035 | train batch=130/1418 | elapsed=1.0 min | eta=10.0 min
[2026-08-15 06:24:54] INFO Epoch 035 | train batch=140/1418 | elapsed=1.1 min | eta=10.0 min
[2026-08-15 06:24:58] INFO Epoch 035 | train batch=150/1418 | elapsed=1.2 min | eta=9.9 min
[2026-08-15 06:25:03] INFO Epoch 035 | train batch=160/1418 | elapsed=1.2 min | eta=9.8 min
[2026-08-15 06:25:07] INFO Epoch 035 | train batch=170/1418 | elapsed=1.3 min | eta=9.6 min
[2026-08-15 06:25:12] INFO Epoch 035 | train batch=180/1418 | elapsed=1.4 min | eta=9.6 min
[2026-08-15 06:25:16] INFO Epoch 035 | train batch=190/1418 | elapsed=1.5 min | eta=9.5 min
[2026-08-15 06:25:21] INFO Epoch 035 | train batch=200/1418 | elapsed=1.5 min | eta=9.4 min
[2026-08-15 06:25:26] INFO Epoch 035 | train batch=210/1418 | elapsed=1.6 min | eta=9.3 min
[2026-08-15 06:25:30] INFO Epoch 035 | train batch=220/1418 | elapsed=1.7 min | eta=9.3 min
[2026-08-15 06:25:35] INFO Epoch 035 | train batch=230/1418 | elapsed=1.8 min | eta=9.2 min
[2026-08-15 06:25:40] INFO Epoch 035 | train batch=240/1418 | elapsed=1.9 min | eta=9.1 min
[2026-08-15 06:25:44] INFO Epoch 035 | train batch=250/1418 | elapsed=1.9 min | eta=9.0 min
[2026-08-15 06:25:49] INFO Epoch 035 | train batch=260/1418 | elapsed=2.0 min | eta=8.9 min
[2026-08-15 06:25:53] INFO Epoch 035 | train batch=270/1418 | elapsed=2.1 min | eta=8.9 min
[2026-08-15 06:25:58] INFO Epoch 035 | train batch=280/1418 | elapsed=2.2 min | eta=8.8 min
[2026-08-15 06:26:03] INFO Epoch 035 | train batch=290/1418 | elapsed=2.2 min | eta=8.7 min
[2026-08-15 06:26:08] INFO Epoch 035 | train batch=300/1418 | elapsed=2.3 min | eta=8.7 min
[2026-08-15 06:26:12] INFO Epoch 035 | train batch=310/1418 | elapsed=2.4 min | eta=8.6 min
[2026-08-15 06:26:17] INFO Epoch 035 | train batch=320/1418 | elapsed=2.5 min | eta=8.5 min
[2026-08-15 06:26:21] INFO Epoch 035 | train batch=330/1418 | elapsed=2.6 min | eta=8.4 min
[2026-08-15 06:26:26] INFO Epoch 035 | train batch=340/1418 | elapsed=2.6 min | eta=8.3 min
[2026-08-15 06:26:30] INFO Epoch 035 | train batch=350/1418 | elapsed=2.7 min | eta=8.3 min
[2026-08-15 06:26:35] INFO Epoch 035 | train batch=360/1418 | elapsed=2.8 min | eta=8.2 min
[2026-08-15 06:26:40] INFO Epoch 035 | train batch=370/1418 | elapsed=2.9 min | eta=8.1 min
[2026-08-15 06:26:45] INFO Epoch 035 | train batch=380/1418 | elapsed=2.9 min | eta=8.0 min
[2026-08-15 06:26:50] INFO Epoch 035 | train batch=390/1418 | elapsed=3.0 min | eta=8.0 min
[2026-08-15 06:26:55] INFO Epoch 035 | train batch=400/1418 | elapsed=3.1 min | eta=7.9 min
[2026-08-15 06:27:00] INFO Epoch 035 | train batch=410/1418 | elapsed=3.2 min | eta=7.8 min
[2026-08-15 06:27:04] INFO Epoch 035 | train batch=420/1418 | elapsed=3.3 min | eta=7.8 min
[2026-08-15 06:27:09] INFO Epoch 035 | train batch=430/1418 | elapsed=3.3 min | eta=7.7 min
[2026-08-15 06:27:14] INFO Epoch 035 | train batch=440/1418 | elapsed=3.4 min | eta=7.6 min
[2026-08-15 06:27:19] INFO Epoch 035 | train batch=450/1418 | elapsed=3.5 min | eta=7.5 min
[2026-08-15 06:27:24] INFO Epoch 035 | train batch=460/1418 | elapsed=3.6 min | eta=7.5 min
[2026-08-15 06:27:28] INFO Epoch 035 | train batch=470/1418 | elapsed=3.7 min | eta=7.4 min
[2026-08-15 06:27:33] INFO Epoch 035 | train batch=480/1418 | elapsed=3.7 min | eta=7.3 min
[2026-08-15 06:27:38] INFO Epoch 035 | train batch=490/1418 | elapsed=3.8 min | eta=7.2 min
[2026-08-15 06:27:42] INFO Epoch 035 | train batch=500/1418 | elapsed=3.9 min | eta=7.2 min
[2026-08-15 06:27:47] INFO Epoch 035 | train batch=510/1418 | elapsed=4.0 min | eta=7.1 min
[2026-08-15 06:27:51] INFO Epoch 035 | train batch=520/1418 | elapsed=4.0 min | eta=7.0 min
[2026-08-15 06:27:56] INFO Epoch 035 | train batch=530/1418 | elapsed=4.1 min | eta=6.9 min
[2026-08-15 06:28:00] INFO Epoch 035 | train batch=540/1418 | elapsed=4.2 min | eta=6.8 min
[2026-08-15 06:28:05] INFO Epoch 035 | train batch=550/1418 | elapsed=4.3 min | eta=6.8 min
[2026-08-15 06:28:10] INFO Epoch 035 | train batch=560/1418 | elapsed=4.4 min | eta=6.7 min
[2026-08-15 06:28:15] INFO Epoch 035 | train batch=570/1418 | elapsed=4.4 min | eta=6.6 min
[2026-08-15 06:28:19] INFO Epoch 035 | train batch=580/1418 | elapsed=4.5 min | eta=6.5 min
[2026-08-15 06:28:24] INFO Epoch 035 | train batch=590/1418 | elapsed=4.6 min | eta=6.5 min
[2026-08-15 06:28:29] INFO Epoch 035 | train batch=600/1418 | elapsed=4.7 min | eta=6.4 min
[2026-08-15 06:28:33] INFO Epoch 035 | train batch=610/1418 | elapsed=4.7 min | eta=6.3 min
[2026-08-15 06:28:38] INFO Epoch 035 | train batch=620/1418 | elapsed=4.8 min | eta=6.2 min
[2026-08-15 06:28:43] INFO Epoch 035 | train batch=630/1418 | elapsed=4.9 min | eta=6.1 min
[2026-08-15 06:28:48] INFO Epoch 035 | train batch=640/1418 | elapsed=5.0 min | eta=6.1 min
[2026-08-15 06:28:53] INFO Epoch 035 | train batch=650/1418 | elapsed=5.1 min | eta=6.0 min
[2026-08-15 06:28:58] INFO Epoch 035 | train batch=660/1418 | elapsed=5.2 min | eta=5.9 min
[2026-08-15 06:29:02] INFO Epoch 035 | train batch=670/1418 | elapsed=5.2 min | eta=5.8 min
[2026-08-15 06:29:07] INFO Epoch 035 | train batch=680/1418 | elapsed=5.3 min | eta=5.8 min
[2026-08-15 06:29:12] INFO Epoch 035 | train batch=690/1418 | elapsed=5.4 min | eta=5.7 min
[2026-08-15 06:29:16] INFO Epoch 035 | train batch=700/1418 | elapsed=5.5 min | eta=5.6 min
[2026-08-15 06:29:21] INFO Epoch 035 | train batch=710/1418 | elapsed=5.5 min | eta=5.5 min
[2026-08-15 06:29:26] INFO Epoch 035 | train batch=720/1418 | elapsed=5.6 min | eta=5.5 min
[2026-08-15 06:29:30] INFO Epoch 035 | train batch=730/1418 | elapsed=5.7 min | eta=5.4 min
[2026-08-15 06:29:35] INFO Epoch 035 | train batch=740/1418 | elapsed=5.8 min | eta=5.3 min
[2026-08-15 06:29:40] INFO Epoch 035 | train batch=750/1418 | elapsed=5.9 min | eta=5.2 min
[2026-08-15 06:29:45] INFO Epoch 035 | train batch=760/1418 | elapsed=5.9 min | eta=5.1 min
[2026-08-15 06:29:49] INFO Epoch 035 | train batch=770/1418 | elapsed=6.0 min | eta=5.1 min
[2026-08-15 06:29:54] INFO Epoch 035 | train batch=780/1418 | elapsed=6.1 min | eta=5.0 min
[2026-08-15 06:29:59] INFO Epoch 035 | train batch=790/1418 | elapsed=6.2 min | eta=4.9 min
[2026-08-15 06:30:04] INFO Epoch 035 | train batch=800/1418 | elapsed=6.3 min | eta=4.8 min
[2026-08-15 06:30:08] INFO Epoch 035 | train batch=810/1418 | elapsed=6.3 min | eta=4.8 min
[2026-08-15 06:30:13] INFO Epoch 035 | train batch=820/1418 | elapsed=6.4 min | eta=4.7 min
[2026-08-15 06:30:18] INFO Epoch 035 | train batch=830/1418 | elapsed=6.5 min | eta=4.6 min
[2026-08-15 06:30:22] INFO Epoch 035 | train batch=840/1418 | elapsed=6.6 min | eta=4.5 min
[2026-08-15 06:30:27] INFO Epoch 035 | train batch=850/1418 | elapsed=6.6 min | eta=4.4 min
[2026-08-15 06:30:31] INFO Epoch 035 | train batch=860/1418 | elapsed=6.7 min | eta=4.4 min
[2026-08-15 06:30:36] INFO Epoch 035 | train batch=870/1418 | elapsed=6.8 min | eta=4.3 min
[2026-08-15 06:30:40] INFO Epoch 035 | train batch=880/1418 | elapsed=6.9 min | eta=4.2 min
[2026-08-15 06:30:45] INFO Epoch 035 | train batch=890/1418 | elapsed=6.9 min | eta=4.1 min
[2026-08-15 06:30:50] INFO Epoch 035 | train batch=900/1418 | elapsed=7.0 min | eta=4.0 min
[2026-08-15 06:30:55] INFO Epoch 035 | train batch=910/1418 | elapsed=7.1 min | eta=4.0 min
[2026-08-15 06:31:00] INFO Epoch 035 | train batch=920/1418 | elapsed=7.2 min | eta=3.9 min
[2026-08-15 06:31:04] INFO Epoch 035 | train batch=930/1418 | elapsed=7.3 min | eta=3.8 min
[2026-08-15 06:31:09] INFO Epoch 035 | train batch=940/1418 | elapsed=7.4 min | eta=3.7 min
[2026-08-15 06:31:14] INFO Epoch 035 | train batch=950/1418 | elapsed=7.4 min | eta=3.7 min
[2026-08-15 06:31:19] INFO Epoch 035 | train batch=960/1418 | elapsed=7.5 min | eta=3.6 min
[2026-08-15 06:31:24] INFO Epoch 035 | train batch=970/1418 | elapsed=7.6 min | eta=3.5 min
[2026-08-15 06:31:28] INFO Epoch 035 | train batch=980/1418 | elapsed=7.7 min | eta=3.4 min
[2026-08-15 06:31:33] INFO Epoch 035 | train batch=990/1418 | elapsed=7.7 min | eta=3.3 min
[2026-08-15 06:31:38] INFO Epoch 035 | train batch=1000/1418 | elapsed=7.8 min | eta=3.3 min
[2026-08-15 06:31:42] INFO Epoch 035 | train batch=1010/1418 | elapsed=7.9 min | eta=3.2 min
[2026-08-15 06:31:47] INFO Epoch 035 | train batch=1020/1418 | elapsed=8.0 min | eta=3.1 min
[2026-08-15 06:31:52] INFO Epoch 035 | train batch=1030/1418 | elapsed=8.1 min | eta=3.0 min
[2026-08-15 06:31:57] INFO Epoch 035 | train batch=1040/1418 | elapsed=8.1 min | eta=3.0 min
[2026-08-15 06:32:02] INFO Epoch 035 | train batch=1050/1418 | elapsed=8.2 min | eta=2.9 min
[2026-08-15 06:32:07] INFO Epoch 035 | train batch=1060/1418 | elapsed=8.3 min | eta=2.8 min
[2026-08-15 06:32:12] INFO Epoch 035 | train batch=1070/1418 | elapsed=8.4 min | eta=2.7 min
[2026-08-15 06:32:16] INFO Epoch 035 | train batch=1080/1418 | elapsed=8.5 min | eta=2.7 min
[2026-08-15 06:32:22] INFO Epoch 035 | train batch=1090/1418 | elapsed=8.6 min | eta=2.6 min
[2026-08-15 06:32:26] INFO Epoch 035 | train batch=1100/1418 | elapsed=8.6 min | eta=2.5 min
[2026-08-15 06:32:31] INFO Epoch 035 | train batch=1110/1418 | elapsed=8.7 min | eta=2.4 min
[2026-08-15 06:32:35] INFO Epoch 035 | train batch=1120/1418 | elapsed=8.8 min | eta=2.3 min
[2026-08-15 06:32:40] INFO Epoch 035 | train batch=1130/1418 | elapsed=8.9 min | eta=2.3 min
[2026-08-15 06:32:45] INFO Epoch 035 | train batch=1140/1418 | elapsed=9.0 min | eta=2.2 min
[2026-08-15 06:32:50] INFO Epoch 035 | train batch=1150/1418 | elapsed=9.0 min | eta=2.1 min
[2026-08-15 06:32:55] INFO Epoch 035 | train batch=1160/1418 | elapsed=9.1 min | eta=2.0 min
[2026-08-15 06:32:59] INFO Epoch 035 | train batch=1170/1418 | elapsed=9.2 min | eta=1.9 min
[2026-08-15 06:33:04] INFO Epoch 035 | train batch=1180/1418 | elapsed=9.3 min | eta=1.9 min
[2026-08-15 06:33:09] INFO Epoch 035 | train batch=1190/1418 | elapsed=9.3 min | eta=1.8 min
[2026-08-15 06:33:13] INFO Epoch 035 | train batch=1200/1418 | elapsed=9.4 min | eta=1.7 min
[2026-08-15 06:33:18] INFO Epoch 035 | train batch=1210/1418 | elapsed=9.5 min | eta=1.6 min
[2026-08-15 06:33:23] INFO Epoch 035 | train batch=1220/1418 | elapsed=9.6 min | eta=1.6 min
[2026-08-15 06:33:27] INFO Epoch 035 | train batch=1230/1418 | elapsed=9.6 min | eta=1.5 min
[2026-08-15 06:33:32] INFO Epoch 035 | train batch=1240/1418 | elapsed=9.7 min | eta=1.4 min
[2026-08-15 06:33:36] INFO Epoch 035 | train batch=1250/1418 | elapsed=9.8 min | eta=1.3 min
[2026-08-15 06:33:41] INFO Epoch 035 | train batch=1260/1418 | elapsed=9.9 min | eta=1.2 min
[2026-08-15 06:33:46] INFO Epoch 035 | train batch=1270/1418 | elapsed=10.0 min | eta=1.2 min
[2026-08-15 06:33:51] INFO Epoch 035 | train batch=1280/1418 | elapsed=10.0 min | eta=1.1 min
[2026-08-15 06:33:55] INFO Epoch 035 | train batch=1290/1418 | elapsed=10.1 min | eta=1.0 min
[2026-08-15 06:34:00] INFO Epoch 035 | train batch=1300/1418 | elapsed=10.2 min | eta=0.9 min
[2026-08-15 06:34:05] INFO Epoch 035 | train batch=1310/1418 | elapsed=10.3 min | eta=0.8 min
[2026-08-15 06:34:10] INFO Epoch 035 | train batch=1320/1418 | elapsed=10.4 min | eta=0.8 min
[2026-08-15 06:34:15] INFO Epoch 035 | train batch=1330/1418 | elapsed=10.4 min | eta=0.7 min
[2026-08-15 06:34:19] INFO Epoch 035 | train batch=1340/1418 | elapsed=10.5 min | eta=0.6 min
[2026-08-15 06:34:24] INFO Epoch 035 | train batch=1350/1418 | elapsed=10.6 min | eta=0.5 min
[2026-08-15 06:34:29] INFO Epoch 035 | train batch=1360/1418 | elapsed=10.7 min | eta=0.5 min
[2026-08-15 06:34:33] INFO Epoch 035 | train batch=1370/1418 | elapsed=10.8 min | eta=0.4 min
[2026-08-15 06:34:38] INFO Epoch 035 | train batch=1380/1418 | elapsed=10.8 min | eta=0.3 min
[2026-08-15 06:34:43] INFO Epoch 035 | train batch=1390/1418 | elapsed=10.9 min | eta=0.2 min
[2026-08-15 06:34:48] INFO Epoch 035 | train batch=1400/1418 | elapsed=11.0 min | eta=0.1 min
[2026-08-15 06:34:52] INFO Epoch 035 | train batch=1410/1418 | elapsed=11.1 min | eta=0.1 min
[2026-08-15 06:34:56] INFO Epoch 035 | train batch=1418/1418 | elapsed=11.1 min | eta=0.0 min
[2026-08-15 06:34:56] INFO Epoch 035 | val batch=1/188 | elapsed=0.0 min | eta=0.5 min
[2026-08-15 06:34:58] INFO Epoch 035 | val batch=10/188 | elapsed=0.0 min | eta=0.6 min
[2026-08-15 06:35:00] INFO Epoch 035 | val batch=20/188 | elapsed=0.1 min | eta=0.6 min
[2026-08-15 06:35:02] INFO Epoch 035 | val batch=30/188 | elapsed=0.1 min | eta=0.5 min
[2026-08-15 06:35:04] INFO Epoch 035 | val batch=40/188 | elapsed=0.1 min | eta=0.5 min
[2026-08-15 06:35:06] INFO Epoch 035 | val batch=50/188 | elapsed=0.2 min | eta=0.5 min
[2026-08-15 06:35:08] INFO Epoch 035 | val batch=60/188 | elapsed=0.2 min | eta=0.4 min
[2026-08-15 06:35:10] INFO Epoch 035 | val batch=70/188 | elapsed=0.2 min | eta=0.4 min
[2026-08-15 06:35:13] INFO Epoch 035 | val batch=80/188 | elapsed=0.3 min | eta=0.4 min
[2026-08-15 06:35:15] INFO Epoch 035 | val batch=90/188 | elapsed=0.3 min | eta=0.3 min
[2026-08-15 06:35:17] INFO Epoch 035 | val batch=100/188 | elapsed=0.3 min | eta=0.3 min
[2026-08-15 06:35:19] INFO Epoch 035 | val batch=110/188 | elapsed=0.4 min | eta=0.3 min
[2026-08-15 06:35:21] INFO Epoch 035 | val batch=120/188 | elapsed=0.4 min | eta=0.2 min
[2026-08-15 06:35:23] INFO Epoch 035 | val batch=130/188 | elapsed=0.5 min | eta=0.2 min
[2026-08-15 06:35:25] INFO Epoch 035 | val batch=140/188 | elapsed=0.5 min | eta=0.2 min
[2026-08-15 06:35:27] INFO Epoch 035 | val batch=150/188 | elapsed=0.5 min | eta=0.1 min
[2026-08-15 06:35:29] INFO Epoch 035 | val batch=160/188 | elapsed=0.6 min | eta=0.1 min
[2026-08-15 06:35:31] INFO Epoch 035 | val batch=170/188 | elapsed=0.6 min | eta=0.1 min
[2026-08-15 06:35:33] INFO Epoch 035 | val batch=180/188 | elapsed=0.6 min | eta=0.0 min
[2026-08-15 06:35:35] INFO Epoch 035 | val batch=188/188 | elapsed=0.7 min | eta=0.0 min
[2026-08-15 06:35:35] INFO Epoch 035 | train_total=0.442350 | val_total=0.449349 | val_mask=0.231550 | val_retrieval=2.177993 | val_profile=0.000000 | val_anchors=604396 | val_positive_pairs=0 | val_hard_negatives=0 | val_relation_candidates=7268824 | val_teacher_keff=3.787 | val_student_keff=7.942 | val_adapter_valid=0.966 | val_adapter_gate=0.095 | val_adapter_spatial_gate=0.090 | val_adapter_ratio=0.602443 | val_adapter_modulation=0.726243 | val_adapter_modulation_std=0.492212 | val_adapter_group_gate_std=0.122608 | val_adapter_low_rank=8.312182 | val_adapter_direct=3.113916 | val_masked_positions=42166946 | skipped(train/val)=0/0
[2026-08-15 06:35:35] INFO Early stopping | epoch=35 | stale_epochs=10 | val_retrieval=2.163852
[2026-08-15 06:35:35] INFO Pretraining finished | best_val=0.432757 | best_val_relation=2.163852 | checkpoint=C:\Users\clw\projects\researchRep\STAnchor-BlockMemory\artifacts\metrla_e5_final_latent48_cc_fgda_global288_seed42\pretrain_best.pt | relation_checkpoint=C:\Users\clw\projects\researchRep\STAnchor-BlockMemory\artifacts\metrla_e5_final_latent48_cc_fgda_global288_seed42\pretrain_best_relation.pt
