[2026-08-13 09:39:04] INFO Pretraining start | run=metrla_e5_final_sym_profile_local12_seed42 | device=cuda:0 (requested=cuda:0) | seed=42 | output=C:\Users\clw\projects\researchRep\STAnchor-BlockMemory\artifacts\metrla_e5_final_sym_profile_local12_seed42
[2026-08-13 09:39:04] INFO Data | steps=34272 | nodes=207 | channels=1 | train/val/test=22817/3240/6224 | dropped_unobserved=1150/164/608
[2026-08-13 09:39:04] INFO Tensor contract | retrieval_x=[B,12,207,1] | forecast_x=[B,12,207,1] | patches=12 | hidden=96 | retrieval_dim=48 | y=[B,12,207,1] | graph_edges=1722
[2026-08-13 09:39:04] INFO Parameters | total=389,713 | trainable=389,713 | embedding=29,376 | encoder=336,864 | retrieval_head=23,376 | reconstruction_head=97
[2026-08-13 09:39:04] INFO Optimization | epochs=50 | batch_size=16 | lr=0.001 | weight_decay=0.0001 | time_mask=0.250 | time_mask_block=3 steps | space_mask=0.250 | retrieval_loss=relation | teacher_mode=offset_decay | distance_normalization=symmetric_geometric_mean | future_increment_weight=0.000 | retrieval_weight=0.100 | student_tau=0.100 | teacher_tau=0.100 | patience=10
[2026-08-13 09:39:04] INFO Epoch 001/050 started | train_batches=1427 | val_batches=203
[2026-08-13 09:39:05] INFO Epoch 001 | train batch=1/1427 | elapsed=0.0 min | eta=19.3 min
[2026-08-13 09:39:07] INFO Epoch 001 | train batch=10/1427 | elapsed=0.1 min | eta=8.5 min
[2026-08-13 09:39:10] INFO Epoch 001 | train batch=20/1427 | elapsed=0.1 min | eta=7.2 min
[2026-08-13 09:39:13] INFO Epoch 001 | train batch=30/1427 | elapsed=0.1 min | eta=6.9 min
[2026-08-13 09:39:16] INFO Epoch 001 | train batch=40/1427 | elapsed=0.2 min | eta=6.9 min
[2026-08-13 09:39:18] INFO Epoch 001 | train batch=50/1427 | elapsed=0.2 min | eta=6.7 min
[2026-08-13 09:39:21] INFO Epoch 001 | train batch=60/1427 | elapsed=0.3 min | eta=6.5 min
[2026-08-13 09:39:23] INFO Epoch 001 | train batch=70/1427 | elapsed=0.3 min | eta=6.3 min
[2026-08-13 09:39:26] INFO Epoch 001 | train batch=80/1427 | elapsed=0.4 min | eta=6.2 min
[2026-08-13 09:39:29] INFO Epoch 001 | train batch=90/1427 | elapsed=0.4 min | eta=6.1 min
[2026-08-13 09:39:31] INFO Epoch 001 | train batch=100/1427 | elapsed=0.5 min | eta=6.0 min
[2026-08-13 09:39:34] INFO Epoch 001 | train batch=110/1427 | elapsed=0.5 min | eta=6.0 min
[2026-08-13 09:39:36] INFO Epoch 001 | train batch=120/1427 | elapsed=0.5 min | eta=5.9 min
[2026-08-13 09:39:39] INFO Epoch 001 | train batch=130/1427 | elapsed=0.6 min | eta=5.9 min
[2026-08-13 09:39:42] INFO Epoch 001 | train batch=140/1427 | elapsed=0.6 min | eta=5.8 min
[2026-08-13 09:39:45] INFO Epoch 001 | train batch=150/1427 | elapsed=0.7 min | eta=5.8 min
[2026-08-13 09:39:47] INFO Epoch 001 | train batch=160/1427 | elapsed=0.7 min | eta=5.7 min
[2026-08-13 09:39:50] INFO Epoch 001 | train batch=170/1427 | elapsed=0.8 min | eta=5.7 min
[2026-08-13 09:39:52] INFO Epoch 001 | train batch=180/1427 | elapsed=0.8 min | eta=5.6 min
[2026-08-13 09:39:55] INFO Epoch 001 | train batch=190/1427 | elapsed=0.9 min | eta=5.5 min
[2026-08-13 09:39:58] INFO Epoch 001 | train batch=200/1427 | elapsed=0.9 min | eta=5.5 min
[2026-08-13 09:40:01] INFO Epoch 001 | train batch=210/1427 | elapsed=0.9 min | eta=5.5 min
[2026-08-13 09:40:04] INFO Epoch 001 | train batch=220/1427 | elapsed=1.0 min | eta=5.5 min
[2026-08-13 09:40:07] INFO Epoch 001 | train batch=230/1427 | elapsed=1.0 min | eta=5.5 min
[2026-08-13 09:40:09] INFO Epoch 001 | train batch=240/1427 | elapsed=1.1 min | eta=5.4 min
[2026-08-13 09:40:12] INFO Epoch 001 | train batch=250/1427 | elapsed=1.1 min | eta=5.3 min
[2026-08-13 09:40:14] INFO Epoch 001 | train batch=260/1427 | elapsed=1.2 min | eta=5.3 min
[2026-08-13 09:40:17] INFO Epoch 001 | train batch=270/1427 | elapsed=1.2 min | eta=5.2 min
[2026-08-13 09:40:20] INFO Epoch 001 | train batch=280/1427 | elapsed=1.3 min | eta=5.2 min
[2026-08-13 09:40:23] INFO Epoch 001 | train batch=290/1427 | elapsed=1.3 min | eta=5.2 min
[2026-08-13 09:40:25] INFO Epoch 001 | train batch=300/1427 | elapsed=1.4 min | eta=5.1 min
[2026-08-13 09:40:28] INFO Epoch 001 | train batch=310/1427 | elapsed=1.4 min | eta=5.1 min
[2026-08-13 09:40:30] INFO Epoch 001 | train batch=320/1427 | elapsed=1.4 min | eta=5.0 min
[2026-08-13 09:40:33] INFO Epoch 001 | train batch=330/1427 | elapsed=1.5 min | eta=5.0 min
[2026-08-13 09:40:36] INFO Epoch 001 | train batch=340/1427 | elapsed=1.5 min | eta=4.9 min
[2026-08-13 09:40:39] INFO Epoch 001 | train batch=350/1427 | elapsed=1.6 min | eta=4.9 min
[2026-08-13 09:40:42] INFO Epoch 001 | train batch=360/1427 | elapsed=1.6 min | eta=4.8 min
[2026-08-13 09:40:44] INFO Epoch 001 | train batch=370/1427 | elapsed=1.7 min | eta=4.8 min
[2026-08-13 09:40:47] INFO Epoch 001 | train batch=380/1427 | elapsed=1.7 min | eta=4.7 min
[2026-08-13 09:40:50] INFO Epoch 001 | train batch=390/1427 | elapsed=1.8 min | eta=4.7 min
[2026-08-13 09:40:52] INFO Epoch 001 | train batch=400/1427 | elapsed=1.8 min | eta=4.6 min
[2026-08-13 09:40:55] INFO Epoch 001 | train batch=410/1427 | elapsed=1.9 min | eta=4.6 min
[2026-08-13 09:40:57] INFO Epoch 001 | train batch=420/1427 | elapsed=1.9 min | eta=4.5 min
[2026-08-13 09:41:00] INFO Epoch 001 | train batch=430/1427 | elapsed=1.9 min | eta=4.5 min
[2026-08-13 09:41:03] INFO Epoch 001 | train batch=440/1427 | elapsed=2.0 min | eta=4.4 min
[2026-08-13 09:41:05] INFO Epoch 001 | train batch=450/1427 | elapsed=2.0 min | eta=4.4 min
[2026-08-13 09:41:08] INFO Epoch 001 | train batch=460/1427 | elapsed=2.1 min | eta=4.4 min
[2026-08-13 09:41:11] INFO Epoch 001 | train batch=470/1427 | elapsed=2.1 min | eta=4.3 min
[2026-08-13 09:41:14] INFO Epoch 001 | train batch=480/1427 | elapsed=2.2 min | eta=4.3 min
[2026-08-13 09:41:16] INFO Epoch 001 | train batch=490/1427 | elapsed=2.2 min | eta=4.2 min
[2026-08-13 09:41:19] INFO Epoch 001 | train batch=500/1427 | elapsed=2.3 min | eta=4.2 min
[2026-08-13 09:41:22] INFO Epoch 001 | train batch=510/1427 | elapsed=2.3 min | eta=4.1 min
[2026-08-13 09:41:24] INFO Epoch 001 | train batch=520/1427 | elapsed=2.3 min | eta=4.1 min
[2026-08-13 09:41:27] INFO Epoch 001 | train batch=530/1427 | elapsed=2.4 min | eta=4.0 min
[2026-08-13 09:41:29] INFO Epoch 001 | train batch=540/1427 | elapsed=2.4 min | eta=4.0 min
[2026-08-13 09:41:32] INFO Epoch 001 | train batch=550/1427 | elapsed=2.5 min | eta=3.9 min
[2026-08-13 09:41:35] INFO Epoch 001 | train batch=560/1427 | elapsed=2.5 min | eta=3.9 min
[2026-08-13 09:41:38] INFO Epoch 001 | train batch=570/1427 | elapsed=2.6 min | eta=3.9 min
[2026-08-13 09:41:40] INFO Epoch 001 | train batch=580/1427 | elapsed=2.6 min | eta=3.8 min
[2026-08-13 09:41:43] INFO Epoch 001 | train batch=590/1427 | elapsed=2.7 min | eta=3.8 min
[2026-08-13 09:41:46] INFO Epoch 001 | train batch=600/1427 | elapsed=2.7 min | eta=3.7 min
[2026-08-13 09:41:49] INFO Epoch 001 | train batch=610/1427 | elapsed=2.7 min | eta=3.7 min
[2026-08-13 09:41:51] INFO Epoch 001 | train batch=620/1427 | elapsed=2.8 min | eta=3.6 min
[2026-08-13 09:41:54] INFO Epoch 001 | train batch=630/1427 | elapsed=2.8 min | eta=3.6 min
[2026-08-13 09:41:57] INFO Epoch 001 | train batch=640/1427 | elapsed=2.9 min | eta=3.5 min
[2026-08-13 09:42:00] INFO Epoch 001 | train batch=650/1427 | elapsed=2.9 min | eta=3.5 min
[2026-08-13 09:42:02] INFO Epoch 001 | train batch=660/1427 | elapsed=3.0 min | eta=3.5 min
[2026-08-13 09:42:05] INFO Epoch 001 | train batch=670/1427 | elapsed=3.0 min | eta=3.4 min
[2026-08-13 09:42:08] INFO Epoch 001 | train batch=680/1427 | elapsed=3.1 min | eta=3.4 min
[2026-08-13 09:42:11] INFO Epoch 001 | train batch=690/1427 | elapsed=3.1 min | eta=3.3 min
[2026-08-13 09:42:13] INFO Epoch 001 | train batch=700/1427 | elapsed=3.2 min | eta=3.3 min
[2026-08-13 09:42:16] INFO Epoch 001 | train batch=710/1427 | elapsed=3.2 min | eta=3.2 min
[2026-08-13 09:42:19] INFO Epoch 001 | train batch=720/1427 | elapsed=3.3 min | eta=3.2 min
[2026-08-13 09:42:22] INFO Epoch 001 | train batch=730/1427 | elapsed=3.3 min | eta=3.1 min
[2026-08-13 09:42:24] INFO Epoch 001 | train batch=740/1427 | elapsed=3.3 min | eta=3.1 min
[2026-08-13 09:42:27] INFO Epoch 001 | train batch=750/1427 | elapsed=3.4 min | eta=3.1 min
[2026-08-13 09:42:29] INFO Epoch 001 | train batch=760/1427 | elapsed=3.4 min | eta=3.0 min
[2026-08-13 09:42:32] INFO Epoch 001 | train batch=770/1427 | elapsed=3.5 min | eta=3.0 min
[2026-08-13 09:42:34] INFO Epoch 001 | train batch=780/1427 | elapsed=3.5 min | eta=2.9 min
[2026-08-13 09:42:37] INFO Epoch 001 | train batch=790/1427 | elapsed=3.6 min | eta=2.9 min
[2026-08-13 09:42:40] INFO Epoch 001 | train batch=800/1427 | elapsed=3.6 min | eta=2.8 min
[2026-08-13 09:42:42] INFO Epoch 001 | train batch=810/1427 | elapsed=3.6 min | eta=2.8 min
[2026-08-13 09:42:45] INFO Epoch 001 | train batch=820/1427 | elapsed=3.7 min | eta=2.7 min
[2026-08-13 09:42:48] INFO Epoch 001 | train batch=830/1427 | elapsed=3.7 min | eta=2.7 min
[2026-08-13 09:42:50] INFO Epoch 001 | train batch=840/1427 | elapsed=3.8 min | eta=2.6 min
[2026-08-13 09:42:53] INFO Epoch 001 | train batch=850/1427 | elapsed=3.8 min | eta=2.6 min
[2026-08-13 09:42:56] INFO Epoch 001 | train batch=860/1427 | elapsed=3.9 min | eta=2.6 min
[2026-08-13 09:42:58] INFO Epoch 001 | train batch=870/1427 | elapsed=3.9 min | eta=2.5 min
[2026-08-13 09:43:01] INFO Epoch 001 | train batch=880/1427 | elapsed=4.0 min | eta=2.5 min
[2026-08-13 09:43:04] INFO Epoch 001 | train batch=890/1427 | elapsed=4.0 min | eta=2.4 min
[2026-08-13 09:43:06] INFO Epoch 001 | train batch=900/1427 | elapsed=4.0 min | eta=2.4 min
[2026-08-13 09:43:09] INFO Epoch 001 | train batch=910/1427 | elapsed=4.1 min | eta=2.3 min
[2026-08-13 09:43:12] INFO Epoch 001 | train batch=920/1427 | elapsed=4.1 min | eta=2.3 min
[2026-08-13 09:43:15] INFO Epoch 001 | train batch=930/1427 | elapsed=4.2 min | eta=2.2 min
[2026-08-13 09:43:17] INFO Epoch 001 | train batch=940/1427 | elapsed=4.2 min | eta=2.2 min
[2026-08-13 09:43:20] INFO Epoch 001 | train batch=950/1427 | elapsed=4.3 min | eta=2.1 min
[2026-08-13 09:43:23] INFO Epoch 001 | train batch=960/1427 | elapsed=4.3 min | eta=2.1 min
[2026-08-13 09:43:25] INFO Epoch 001 | train batch=970/1427 | elapsed=4.4 min | eta=2.1 min
[2026-08-13 09:43:28] INFO Epoch 001 | train batch=980/1427 | elapsed=4.4 min | eta=2.0 min
[2026-08-13 09:43:31] INFO Epoch 001 | train batch=990/1427 | elapsed=4.5 min | eta=2.0 min
[2026-08-13 09:43:33] INFO Epoch 001 | train batch=1000/1427 | elapsed=4.5 min | eta=1.9 min
[2026-08-13 09:43:36] INFO Epoch 001 | train batch=1010/1427 | elapsed=4.5 min | eta=1.9 min
[2026-08-13 09:43:39] INFO Epoch 001 | train batch=1020/1427 | elapsed=4.6 min | eta=1.8 min
[2026-08-13 09:43:42] INFO Epoch 001 | train batch=1030/1427 | elapsed=4.6 min | eta=1.8 min
[2026-08-13 09:43:45] INFO Epoch 001 | train batch=1040/1427 | elapsed=4.7 min | eta=1.7 min
[2026-08-13 09:43:47] INFO Epoch 001 | train batch=1050/1427 | elapsed=4.7 min | eta=1.7 min
[2026-08-13 09:43:50] INFO Epoch 001 | train batch=1060/1427 | elapsed=4.8 min | eta=1.7 min
[2026-08-13 09:43:52] INFO Epoch 001 | train batch=1070/1427 | elapsed=4.8 min | eta=1.6 min
[2026-08-13 09:43:55] INFO Epoch 001 | train batch=1080/1427 | elapsed=4.9 min | eta=1.6 min
[2026-08-13 09:43:58] INFO Epoch 001 | train batch=1090/1427 | elapsed=4.9 min | eta=1.5 min
[2026-08-13 09:44:00] INFO Epoch 001 | train batch=1100/1427 | elapsed=4.9 min | eta=1.5 min
[2026-08-13 09:44:03] INFO Epoch 001 | train batch=1110/1427 | elapsed=5.0 min | eta=1.4 min
[2026-08-13 09:44:06] INFO Epoch 001 | train batch=1120/1427 | elapsed=5.0 min | eta=1.4 min
[2026-08-13 09:44:08] INFO Epoch 001 | train batch=1130/1427 | elapsed=5.1 min | eta=1.3 min
[2026-08-13 09:44:11] INFO Epoch 001 | train batch=1140/1427 | elapsed=5.1 min | eta=1.3 min
[2026-08-13 09:44:14] INFO Epoch 001 | train batch=1150/1427 | elapsed=5.2 min | eta=1.2 min
[2026-08-13 09:44:17] INFO Epoch 001 | train batch=1160/1427 | elapsed=5.2 min | eta=1.2 min
[2026-08-13 09:44:20] INFO Epoch 001 | train batch=1170/1427 | elapsed=5.3 min | eta=1.2 min
[2026-08-13 09:44:23] INFO Epoch 001 | train batch=1180/1427 | elapsed=5.3 min | eta=1.1 min
[2026-08-13 09:44:25] INFO Epoch 001 | train batch=1190/1427 | elapsed=5.4 min | eta=1.1 min
[2026-08-13 09:44:28] INFO Epoch 001 | train batch=1200/1427 | elapsed=5.4 min | eta=1.0 min
[2026-08-13 09:44:31] INFO Epoch 001 | train batch=1210/1427 | elapsed=5.4 min | eta=1.0 min
[2026-08-13 09:44:33] INFO Epoch 001 | train batch=1220/1427 | elapsed=5.5 min | eta=0.9 min
[2026-08-13 09:44:36] INFO Epoch 001 | train batch=1230/1427 | elapsed=5.5 min | eta=0.9 min
[2026-08-13 09:44:38] INFO Epoch 001 | train batch=1240/1427 | elapsed=5.6 min | eta=0.8 min
[2026-08-13 09:44:41] INFO Epoch 001 | train batch=1250/1427 | elapsed=5.6 min | eta=0.8 min
[2026-08-13 09:44:44] INFO Epoch 001 | train batch=1260/1427 | elapsed=5.7 min | eta=0.8 min
[2026-08-13 09:44:46] INFO Epoch 001 | train batch=1270/1427 | elapsed=5.7 min | eta=0.7 min
[2026-08-13 09:44:49] INFO Epoch 001 | train batch=1280/1427 | elapsed=5.8 min | eta=0.7 min
[2026-08-13 09:44:52] INFO Epoch 001 | train batch=1290/1427 | elapsed=5.8 min | eta=0.6 min
[2026-08-13 09:44:55] INFO Epoch 001 | train batch=1300/1427 | elapsed=5.9 min | eta=0.6 min
[2026-08-13 09:44:58] INFO Epoch 001 | train batch=1310/1427 | elapsed=5.9 min | eta=0.5 min
[2026-08-13 09:45:00] INFO Epoch 001 | train batch=1320/1427 | elapsed=5.9 min | eta=0.5 min
[2026-08-13 09:45:03] INFO Epoch 001 | train batch=1330/1427 | elapsed=6.0 min | eta=0.4 min
[2026-08-13 09:45:06] INFO Epoch 001 | train batch=1340/1427 | elapsed=6.0 min | eta=0.4 min
[2026-08-13 09:45:08] INFO Epoch 001 | train batch=1350/1427 | elapsed=6.1 min | eta=0.3 min
[2026-08-13 09:45:11] INFO Epoch 001 | train batch=1360/1427 | elapsed=6.1 min | eta=0.3 min
[2026-08-13 09:45:14] INFO Epoch 001 | train batch=1370/1427 | elapsed=6.2 min | eta=0.3 min
[2026-08-13 09:45:17] INFO Epoch 001 | train batch=1380/1427 | elapsed=6.2 min | eta=0.2 min
[2026-08-13 09:45:19] INFO Epoch 001 | train batch=1390/1427 | elapsed=6.3 min | eta=0.2 min
[2026-08-13 09:45:22] INFO Epoch 001 | train batch=1400/1427 | elapsed=6.3 min | eta=0.1 min
[2026-08-13 09:45:25] INFO Epoch 001 | train batch=1410/1427 | elapsed=6.4 min | eta=0.1 min
[2026-08-13 09:45:28] INFO Epoch 001 | train batch=1420/1427 | elapsed=6.4 min | eta=0.0 min
[2026-08-13 09:45:29] INFO Epoch 001 | train batch=1427/1427 | elapsed=6.4 min | eta=0.0 min
[2026-08-13 09:45:29] INFO Epoch 001 | val batch=1/203 | elapsed=0.0 min | eta=0.3 min
[2026-08-13 09:45:31] INFO Epoch 001 | val batch=10/203 | elapsed=0.0 min | eta=0.4 min
[2026-08-13 09:45:32] INFO Epoch 001 | val batch=20/203 | elapsed=0.0 min | eta=0.4 min
[2026-08-13 09:45:33] INFO Epoch 001 | val batch=30/203 | elapsed=0.1 min | eta=0.4 min
[2026-08-13 09:45:35] INFO Epoch 001 | val batch=40/203 | elapsed=0.1 min | eta=0.4 min
[2026-08-13 09:45:36] INFO Epoch 001 | val batch=50/203 | elapsed=0.1 min | eta=0.3 min
[2026-08-13 09:45:37] INFO Epoch 001 | val batch=60/203 | elapsed=0.1 min | eta=0.3 min
[2026-08-13 09:45:39] INFO Epoch 001 | val batch=70/203 | elapsed=0.2 min | eta=0.3 min
[2026-08-13 09:45:40] INFO Epoch 001 | val batch=80/203 | elapsed=0.2 min | eta=0.3 min
[2026-08-13 09:45:41] INFO Epoch 001 | val batch=90/203 | elapsed=0.2 min | eta=0.2 min
[2026-08-13 09:45:43] INFO Epoch 001 | val batch=100/203 | elapsed=0.2 min | eta=0.2 min
[2026-08-13 09:45:44] INFO Epoch 001 | val batch=110/203 | elapsed=0.2 min | eta=0.2 min
[2026-08-13 09:45:45] INFO Epoch 001 | val batch=120/203 | elapsed=0.3 min | eta=0.2 min
[2026-08-13 09:45:46] INFO Epoch 001 | val batch=130/203 | elapsed=0.3 min | eta=0.2 min
[2026-08-13 09:45:48] INFO Epoch 001 | val batch=140/203 | elapsed=0.3 min | eta=0.1 min
[2026-08-13 09:45:49] INFO Epoch 001 | val batch=150/203 | elapsed=0.3 min | eta=0.1 min
[2026-08-13 09:45:50] INFO Epoch 001 | val batch=160/203 | elapsed=0.4 min | eta=0.1 min
[2026-08-13 09:45:52] INFO Epoch 001 | val batch=170/203 | elapsed=0.4 min | eta=0.1 min
[2026-08-13 09:45:53] INFO Epoch 001 | val batch=180/203 | elapsed=0.4 min | eta=0.1 min
[2026-08-13 09:45:54] INFO Epoch 001 | val batch=190/203 | elapsed=0.4 min | eta=0.0 min
[2026-08-13 09:45:56] INFO Epoch 001 | val batch=200/203 | elapsed=0.4 min | eta=0.0 min
[2026-08-13 09:45:56] INFO Epoch 001 | val batch=203/203 | elapsed=0.4 min | eta=0.0 min
[2026-08-13 09:45:56] INFO Epoch 001 | train_total=1.118451 | val_total=1.119334 | val_mask=0.775424 | val_retrieval=2.443087 | val_profile=0.996008 | val_anchors=660915 | val_positive_pairs=0 | val_hard_negatives=0 | val_relation_candidates=9654476 | val_teacher_keff=4.444 | val_student_keff=10.552 | val_masked_positions=1959192 | skipped(train/val)=0/0
[2026-08-13 09:45:56] INFO Checkpoint updated | epoch=1 | best_val=1.119334 | path=C:\Users\clw\projects\researchRep\STAnchor-BlockMemory\artifacts\metrla_e5_final_sym_profile_local12_seed42\pretrain_best.pt
[2026-08-13 09:45:56] INFO Relation checkpoint updated | epoch=1 | best_val_relation=2.443087 | path=C:\Users\clw\projects\researchRep\STAnchor-BlockMemory\artifacts\metrla_e5_final_sym_profile_local12_seed42\pretrain_best_relation.pt
[2026-08-13 09:45:56] INFO Epoch 002/050 started | train_batches=1427 | val_batches=203
[2026-08-13 09:45:56] INFO Epoch 002 | train batch=1/1427 | elapsed=0.0 min | eta=5.2 min
[2026-08-13 09:45:59] INFO Epoch 002 | train batch=10/1427 | elapsed=0.0 min | eta=6.3 min
[2026-08-13 09:46:02] INFO Epoch 002 | train batch=20/1427 | elapsed=0.1 min | eta=6.3 min
[2026-08-13 09:46:04] INFO Epoch 002 | train batch=30/1427 | elapsed=0.1 min | eta=6.4 min
[2026-08-13 09:46:07] INFO Epoch 002 | train batch=40/1427 | elapsed=0.2 min | eta=6.3 min
[2026-08-13 09:46:10] INFO Epoch 002 | train batch=50/1427 | elapsed=0.2 min | eta=6.2 min
[2026-08-13 09:46:12] INFO Epoch 002 | train batch=60/1427 | elapsed=0.3 min | eta=6.2 min
[2026-08-13 09:46:15] INFO Epoch 002 | train batch=70/1427 | elapsed=0.3 min | eta=6.1 min
[2026-08-13 09:46:18] INFO Epoch 002 | train batch=80/1427 | elapsed=0.4 min | eta=6.0 min
[2026-08-13 09:46:20] INFO Epoch 002 | train batch=90/1427 | elapsed=0.4 min | eta=5.9 min
[2026-08-13 09:46:23] INFO Epoch 002 | train batch=100/1427 | elapsed=0.4 min | eta=5.9 min
[2026-08-13 09:46:26] INFO Epoch 002 | train batch=110/1427 | elapsed=0.5 min | eta=5.9 min
[2026-08-13 09:46:29] INFO Epoch 002 | train batch=120/1427 | elapsed=0.5 min | eta=5.9 min
[2026-08-13 09:46:31] INFO Epoch 002 | train batch=130/1427 | elapsed=0.6 min | eta=5.8 min
[2026-08-13 09:46:34] INFO Epoch 002 | train batch=140/1427 | elapsed=0.6 min | eta=5.8 min
[2026-08-13 09:46:37] INFO Epoch 002 | train batch=150/1427 | elapsed=0.7 min | eta=5.8 min
[2026-08-13 09:46:40] INFO Epoch 002 | train batch=160/1427 | elapsed=0.7 min | eta=5.7 min
[2026-08-13 09:46:42] INFO Epoch 002 | train batch=170/1427 | elapsed=0.8 min | eta=5.7 min
[2026-08-13 09:46:45] INFO Epoch 002 | train batch=180/1427 | elapsed=0.8 min | eta=5.6 min
[2026-08-13 09:46:47] INFO Epoch 002 | train batch=190/1427 | elapsed=0.9 min | eta=5.6 min
[2026-08-13 09:46:50] INFO Epoch 002 | train batch=200/1427 | elapsed=0.9 min | eta=5.5 min
[2026-08-13 09:46:52] INFO Epoch 002 | train batch=210/1427 | elapsed=0.9 min | eta=5.4 min
[2026-08-13 09:46:55] INFO Epoch 002 | train batch=220/1427 | elapsed=1.0 min | eta=5.4 min
[2026-08-13 09:46:57] INFO Epoch 002 | train batch=230/1427 | elapsed=1.0 min | eta=5.3 min
[2026-08-13 09:47:00] INFO Epoch 002 | train batch=240/1427 | elapsed=1.1 min | eta=5.3 min
[2026-08-13 09:47:03] INFO Epoch 002 | train batch=250/1427 | elapsed=1.1 min | eta=5.2 min
[2026-08-13 09:47:05] INFO Epoch 002 | train batch=260/1427 | elapsed=1.2 min | eta=5.2 min
[2026-08-13 09:47:08] INFO Epoch 002 | train batch=270/1427 | elapsed=1.2 min | eta=5.1 min
[2026-08-13 09:47:10] INFO Epoch 002 | train batch=280/1427 | elapsed=1.2 min | eta=5.1 min
[2026-08-13 09:47:13] INFO Epoch 002 | train batch=290/1427 | elapsed=1.3 min | eta=5.0 min
[2026-08-13 09:47:15] INFO Epoch 002 | train batch=300/1427 | elapsed=1.3 min | eta=5.0 min
[2026-08-13 09:47:18] INFO Epoch 002 | train batch=310/1427 | elapsed=1.4 min | eta=4.9 min
[2026-08-13 09:47:21] INFO Epoch 002 | train batch=320/1427 | elapsed=1.4 min | eta=4.9 min
[2026-08-13 09:47:24] INFO Epoch 002 | train batch=330/1427 | elapsed=1.5 min | eta=4.9 min
[2026-08-13 09:47:26] INFO Epoch 002 | train batch=340/1427 | elapsed=1.5 min | eta=4.8 min
[2026-08-13 09:47:29] INFO Epoch 002 | train batch=350/1427 | elapsed=1.6 min | eta=4.8 min
[2026-08-13 09:47:32] INFO Epoch 002 | train batch=360/1427 | elapsed=1.6 min | eta=4.7 min
[2026-08-13 09:47:35] INFO Epoch 002 | train batch=370/1427 | elapsed=1.6 min | eta=4.7 min
[2026-08-13 09:47:38] INFO Epoch 002 | train batch=380/1427 | elapsed=1.7 min | eta=4.7 min
[2026-08-13 09:47:40] INFO Epoch 002 | train batch=390/1427 | elapsed=1.7 min | eta=4.6 min
[2026-08-13 09:47:43] INFO Epoch 002 | train batch=400/1427 | elapsed=1.8 min | eta=4.6 min
[2026-08-13 09:47:46] INFO Epoch 002 | train batch=410/1427 | elapsed=1.8 min | eta=4.5 min
[2026-08-13 09:47:48] INFO Epoch 002 | train batch=420/1427 | elapsed=1.9 min | eta=4.5 min
[2026-08-13 09:47:51] INFO Epoch 002 | train batch=430/1427 | elapsed=1.9 min | eta=4.4 min
[2026-08-13 09:47:54] INFO Epoch 002 | train batch=440/1427 | elapsed=2.0 min | eta=4.4 min
[2026-08-13 09:47:56] INFO Epoch 002 | train batch=450/1427 | elapsed=2.0 min | eta=4.3 min
[2026-08-13 09:47:59] INFO Epoch 002 | train batch=460/1427 | elapsed=2.0 min | eta=4.3 min
[2026-08-13 09:48:01] INFO Epoch 002 | train batch=470/1427 | elapsed=2.1 min | eta=4.2 min
[2026-08-13 09:48:04] INFO Epoch 002 | train batch=480/1427 | elapsed=2.1 min | eta=4.2 min
[2026-08-13 09:48:07] INFO Epoch 002 | train batch=490/1427 | elapsed=2.2 min | eta=4.2 min
[2026-08-13 09:48:10] INFO Epoch 002 | train batch=500/1427 | elapsed=2.2 min | eta=4.1 min
[2026-08-13 09:48:12] INFO Epoch 002 | train batch=510/1427 | elapsed=2.3 min | eta=4.1 min
[2026-08-13 09:48:15] INFO Epoch 002 | train batch=520/1427 | elapsed=2.3 min | eta=4.0 min
[2026-08-13 09:48:17] INFO Epoch 002 | train batch=530/1427 | elapsed=2.3 min | eta=4.0 min
[2026-08-13 09:48:20] INFO Epoch 002 | train batch=540/1427 | elapsed=2.4 min | eta=3.9 min
[2026-08-13 09:48:22] INFO Epoch 002 | train batch=550/1427 | elapsed=2.4 min | eta=3.9 min
[2026-08-13 09:48:25] INFO Epoch 002 | train batch=560/1427 | elapsed=2.5 min | eta=3.8 min
[2026-08-13 09:48:27] INFO Epoch 002 | train batch=570/1427 | elapsed=2.5 min | eta=3.8 min
[2026-08-13 09:48:30] INFO Epoch 002 | train batch=580/1427 | elapsed=2.6 min | eta=3.7 min
[2026-08-13 09:48:33] INFO Epoch 002 | train batch=590/1427 | elapsed=2.6 min | eta=3.7 min
[2026-08-13 09:48:36] INFO Epoch 002 | train batch=600/1427 | elapsed=2.7 min | eta=3.7 min
[2026-08-13 09:48:39] INFO Epoch 002 | train batch=610/1427 | elapsed=2.7 min | eta=3.6 min
[2026-08-13 09:48:41] INFO Epoch 002 | train batch=620/1427 | elapsed=2.8 min | eta=3.6 min
[2026-08-13 09:48:44] INFO Epoch 002 | train batch=630/1427 | elapsed=2.8 min | eta=3.5 min
[2026-08-13 09:48:47] INFO Epoch 002 | train batch=640/1427 | elapsed=2.8 min | eta=3.5 min
[2026-08-13 09:48:49] INFO Epoch 002 | train batch=650/1427 | elapsed=2.9 min | eta=3.4 min
[2026-08-13 09:48:52] INFO Epoch 002 | train batch=660/1427 | elapsed=2.9 min | eta=3.4 min
[2026-08-13 09:48:54] INFO Epoch 002 | train batch=670/1427 | elapsed=3.0 min | eta=3.4 min
[2026-08-13 09:48:57] INFO Epoch 002 | train batch=680/1427 | elapsed=3.0 min | eta=3.3 min
[2026-08-13 09:49:00] INFO Epoch 002 | train batch=690/1427 | elapsed=3.1 min | eta=3.3 min
[2026-08-13 09:49:03] INFO Epoch 002 | train batch=700/1427 | elapsed=3.1 min | eta=3.2 min
[2026-08-13 09:49:06] INFO Epoch 002 | train batch=710/1427 | elapsed=3.2 min | eta=3.2 min
[2026-08-13 09:49:09] INFO Epoch 002 | train batch=720/1427 | elapsed=3.2 min | eta=3.1 min
[2026-08-13 09:49:11] INFO Epoch 002 | train batch=730/1427 | elapsed=3.3 min | eta=3.1 min
[2026-08-13 09:49:14] INFO Epoch 002 | train batch=740/1427 | elapsed=3.3 min | eta=3.1 min
[2026-08-13 09:49:17] INFO Epoch 002 | train batch=750/1427 | elapsed=3.3 min | eta=3.0 min
[2026-08-13 09:49:19] INFO Epoch 002 | train batch=760/1427 | elapsed=3.4 min | eta=3.0 min
[2026-08-13 09:49:22] INFO Epoch 002 | train batch=770/1427 | elapsed=3.4 min | eta=2.9 min
[2026-08-13 09:49:25] INFO Epoch 002 | train batch=780/1427 | elapsed=3.5 min | eta=2.9 min
[2026-08-13 09:49:27] INFO Epoch 002 | train batch=790/1427 | elapsed=3.5 min | eta=2.8 min
[2026-08-13 09:49:30] INFO Epoch 002 | train batch=800/1427 | elapsed=3.6 min | eta=2.8 min
[2026-08-13 09:49:33] INFO Epoch 002 | train batch=810/1427 | elapsed=3.6 min | eta=2.8 min
[2026-08-13 09:49:36] INFO Epoch 002 | train batch=820/1427 | elapsed=3.7 min | eta=2.7 min
[2026-08-13 09:49:38] INFO Epoch 002 | train batch=830/1427 | elapsed=3.7 min | eta=2.7 min
[2026-08-13 09:49:41] INFO Epoch 002 | train batch=840/1427 | elapsed=3.8 min | eta=2.6 min
[2026-08-13 09:49:44] INFO Epoch 002 | train batch=850/1427 | elapsed=3.8 min | eta=2.6 min
[2026-08-13 09:49:46] INFO Epoch 002 | train batch=860/1427 | elapsed=3.8 min | eta=2.5 min
[2026-08-13 09:49:49] INFO Epoch 002 | train batch=870/1427 | elapsed=3.9 min | eta=2.5 min
[2026-08-13 09:49:52] INFO Epoch 002 | train batch=880/1427 | elapsed=3.9 min | eta=2.4 min
[2026-08-13 09:49:55] INFO Epoch 002 | train batch=890/1427 | elapsed=4.0 min | eta=2.4 min
[2026-08-13 09:49:57] INFO Epoch 002 | train batch=900/1427 | elapsed=4.0 min | eta=2.4 min
[2026-08-13 09:50:00] INFO Epoch 002 | train batch=910/1427 | elapsed=4.1 min | eta=2.3 min
[2026-08-13 09:50:03] INFO Epoch 002 | train batch=920/1427 | elapsed=4.1 min | eta=2.3 min
[2026-08-13 09:50:05] INFO Epoch 002 | train batch=930/1427 | elapsed=4.2 min | eta=2.2 min
[2026-08-13 09:50:08] INFO Epoch 002 | train batch=940/1427 | elapsed=4.2 min | eta=2.2 min
[2026-08-13 09:50:10] INFO Epoch 002 | train batch=950/1427 | elapsed=4.2 min | eta=2.1 min
[2026-08-13 09:50:13] INFO Epoch 002 | train batch=960/1427 | elapsed=4.3 min | eta=2.1 min
[2026-08-13 09:50:15] INFO Epoch 002 | train batch=970/1427 | elapsed=4.3 min | eta=2.0 min
[2026-08-13 09:50:18] INFO Epoch 002 | train batch=980/1427 | elapsed=4.4 min | eta=2.0 min
[2026-08-13 09:50:21] INFO Epoch 002 | train batch=990/1427 | elapsed=4.4 min | eta=1.9 min
[2026-08-13 09:50:24] INFO Epoch 002 | train batch=1000/1427 | elapsed=4.5 min | eta=1.9 min
[2026-08-13 09:50:26] INFO Epoch 002 | train batch=1010/1427 | elapsed=4.5 min | eta=1.9 min
[2026-08-13 09:50:29] INFO Epoch 002 | train batch=1020/1427 | elapsed=4.6 min | eta=1.8 min
[2026-08-13 09:50:32] INFO Epoch 002 | train batch=1030/1427 | elapsed=4.6 min | eta=1.8 min
[2026-08-13 09:50:35] INFO Epoch 002 | train batch=1040/1427 | elapsed=4.6 min | eta=1.7 min
[2026-08-13 09:50:38] INFO Epoch 002 | train batch=1050/1427 | elapsed=4.7 min | eta=1.7 min
[2026-08-13 09:50:40] INFO Epoch 002 | train batch=1060/1427 | elapsed=4.7 min | eta=1.6 min
[2026-08-13 09:50:43] INFO Epoch 002 | train batch=1070/1427 | elapsed=4.8 min | eta=1.6 min
[2026-08-13 09:50:46] INFO Epoch 002 | train batch=1080/1427 | elapsed=4.8 min | eta=1.6 min
[2026-08-13 09:50:49] INFO Epoch 002 | train batch=1090/1427 | elapsed=4.9 min | eta=1.5 min
[2026-08-13 09:50:52] INFO Epoch 002 | train batch=1100/1427 | elapsed=4.9 min | eta=1.5 min
[2026-08-13 09:50:54] INFO Epoch 002 | train batch=1110/1427 | elapsed=5.0 min | eta=1.4 min
[2026-08-13 09:50:57] INFO Epoch 002 | train batch=1120/1427 | elapsed=5.0 min | eta=1.4 min
[2026-08-13 09:51:00] INFO Epoch 002 | train batch=1130/1427 | elapsed=5.1 min | eta=1.3 min
[2026-08-13 09:51:03] INFO Epoch 002 | train batch=1140/1427 | elapsed=5.1 min | eta=1.3 min
[2026-08-13 09:51:05] INFO Epoch 002 | train batch=1150/1427 | elapsed=5.2 min | eta=1.2 min
[2026-08-13 09:51:08] INFO Epoch 002 | train batch=1160/1427 | elapsed=5.2 min | eta=1.2 min
[2026-08-13 09:51:11] INFO Epoch 002 | train batch=1170/1427 | elapsed=5.2 min | eta=1.2 min
[2026-08-13 09:51:13] INFO Epoch 002 | train batch=1180/1427 | elapsed=5.3 min | eta=1.1 min
[2026-08-13 09:51:16] INFO Epoch 002 | train batch=1190/1427 | elapsed=5.3 min | eta=1.1 min
[2026-08-13 09:51:19] INFO Epoch 002 | train batch=1200/1427 | elapsed=5.4 min | eta=1.0 min
[2026-08-13 09:51:21] INFO Epoch 002 | train batch=1210/1427 | elapsed=5.4 min | eta=1.0 min
[2026-08-13 09:51:24] INFO Epoch 002 | train batch=1220/1427 | elapsed=5.5 min | eta=0.9 min
[2026-08-13 09:51:27] INFO Epoch 002 | train batch=1230/1427 | elapsed=5.5 min | eta=0.9 min
[2026-08-13 09:51:30] INFO Epoch 002 | train batch=1240/1427 | elapsed=5.6 min | eta=0.8 min
[2026-08-13 09:51:32] INFO Epoch 002 | train batch=1250/1427 | elapsed=5.6 min | eta=0.8 min
[2026-08-13 09:51:34] INFO Epoch 002 | train batch=1260/1427 | elapsed=5.6 min | eta=0.7 min
[2026-08-13 09:51:37] INFO Epoch 002 | train batch=1270/1427 | elapsed=5.7 min | eta=0.7 min
[2026-08-13 09:51:40] INFO Epoch 002 | train batch=1280/1427 | elapsed=5.7 min | eta=0.7 min
[2026-08-13 09:51:43] INFO Epoch 002 | train batch=1290/1427 | elapsed=5.8 min | eta=0.6 min
[2026-08-13 09:51:46] INFO Epoch 002 | train batch=1300/1427 | elapsed=5.8 min | eta=0.6 min
[2026-08-13 09:51:48] INFO Epoch 002 | train batch=1310/1427 | elapsed=5.9 min | eta=0.5 min
[2026-08-13 09:51:51] INFO Epoch 002 | train batch=1320/1427 | elapsed=5.9 min | eta=0.5 min
[2026-08-13 09:51:54] INFO Epoch 002 | train batch=1330/1427 | elapsed=6.0 min | eta=0.4 min
[2026-08-13 09:51:56] INFO Epoch 002 | train batch=1340/1427 | elapsed=6.0 min | eta=0.4 min
[2026-08-13 09:51:59] INFO Epoch 002 | train batch=1350/1427 | elapsed=6.1 min | eta=0.3 min
[2026-08-13 09:52:02] INFO Epoch 002 | train batch=1360/1427 | elapsed=6.1 min | eta=0.3 min
[2026-08-13 09:52:05] INFO Epoch 002 | train batch=1370/1427 | elapsed=6.1 min | eta=0.3 min
[2026-08-13 09:52:07] INFO Epoch 002 | train batch=1380/1427 | elapsed=6.2 min | eta=0.2 min
[2026-08-13 09:52:10] INFO Epoch 002 | train batch=1390/1427 | elapsed=6.2 min | eta=0.2 min
[2026-08-13 09:52:13] INFO Epoch 002 | train batch=1400/1427 | elapsed=6.3 min | eta=0.1 min
[2026-08-13 09:52:15] INFO Epoch 002 | train batch=1410/1427 | elapsed=6.3 min | eta=0.1 min
[2026-08-13 09:52:18] INFO Epoch 002 | train batch=1420/1427 | elapsed=6.4 min | eta=0.0 min
[2026-08-13 09:52:20] INFO Epoch 002 | train batch=1427/1427 | elapsed=6.4 min | eta=0.0 min
[2026-08-13 09:52:20] INFO Epoch 002 | val batch=1/203 | elapsed=0.0 min | eta=0.3 min
[2026-08-13 09:52:21] INFO Epoch 002 | val batch=10/203 | elapsed=0.0 min | eta=0.4 min
[2026-08-13 09:52:22] INFO Epoch 002 | val batch=20/203 | elapsed=0.0 min | eta=0.4 min
[2026-08-13 09:52:24] INFO Epoch 002 | val batch=30/203 | elapsed=0.1 min | eta=0.4 min
[2026-08-13 09:52:25] INFO Epoch 002 | val batch=40/203 | elapsed=0.1 min | eta=0.4 min
[2026-08-13 09:52:26] INFO Epoch 002 | val batch=50/203 | elapsed=0.1 min | eta=0.3 min
[2026-08-13 09:52:28] INFO Epoch 002 | val batch=60/203 | elapsed=0.1 min | eta=0.3 min
[2026-08-13 09:52:29] INFO Epoch 002 | val batch=70/203 | elapsed=0.2 min | eta=0.3 min
[2026-08-13 09:52:30] INFO Epoch 002 | val batch=80/203 | elapsed=0.2 min | eta=0.3 min
[2026-08-13 09:52:31] INFO Epoch 002 | val batch=90/203 | elapsed=0.2 min | eta=0.2 min
[2026-08-13 09:52:33] INFO Epoch 002 | val batch=100/203 | elapsed=0.2 min | eta=0.2 min
[2026-08-13 09:52:34] INFO Epoch 002 | val batch=110/203 | elapsed=0.2 min | eta=0.2 min
[2026-08-13 09:52:35] INFO Epoch 002 | val batch=120/203 | elapsed=0.3 min | eta=0.2 min
[2026-08-13 09:52:37] INFO Epoch 002 | val batch=130/203 | elapsed=0.3 min | eta=0.2 min
[2026-08-13 09:52:38] INFO Epoch 002 | val batch=140/203 | elapsed=0.3 min | eta=0.1 min
[2026-08-13 09:52:39] INFO Epoch 002 | val batch=150/203 | elapsed=0.3 min | eta=0.1 min
[2026-08-13 09:52:41] INFO Epoch 002 | val batch=160/203 | elapsed=0.4 min | eta=0.1 min
[2026-08-13 09:52:42] INFO Epoch 002 | val batch=170/203 | elapsed=0.4 min | eta=0.1 min
[2026-08-13 09:52:43] INFO Epoch 002 | val batch=180/203 | elapsed=0.4 min | eta=0.1 min
[2026-08-13 09:52:45] INFO Epoch 002 | val batch=190/203 | elapsed=0.4 min | eta=0.0 min
[2026-08-13 09:52:46] INFO Epoch 002 | val batch=200/203 | elapsed=0.4 min | eta=0.0 min
[2026-08-13 09:52:46] INFO Epoch 002 | val batch=203/203 | elapsed=0.4 min | eta=0.0 min
[2026-08-13 09:52:46] INFO Epoch 002 | train_total=1.121310 | val_total=1.123751 | val_mask=0.784201 | val_retrieval=2.420737 | val_profile=0.974767 | val_anchors=660915 | val_positive_pairs=0 | val_hard_negatives=0 | val_relation_candidates=9654476 | val_teacher_keff=4.444 | val_student_keff=10.215 | val_masked_positions=1959098 | skipped(train/val)=0/0
[2026-08-13 09:52:46] INFO Relation checkpoint updated | epoch=2 | best_val_relation=2.420737 | path=C:\Users\clw\projects\researchRep\STAnchor-BlockMemory\artifacts\metrla_e5_final_sym_profile_local12_seed42\pretrain_best_relation.pt
[2026-08-13 09:52:46] INFO Epoch 003/050 started | train_batches=1427 | val_batches=203
[2026-08-13 09:52:47] INFO Epoch 003 | train batch=1/1427 | elapsed=0.0 min | eta=7.8 min
[2026-08-13 09:52:49] INFO Epoch 003 | train batch=10/1427 | elapsed=0.0 min | eta=6.9 min
[2026-08-13 09:52:52] INFO Epoch 003 | train batch=20/1427 | elapsed=0.1 min | eta=6.1 min
[2026-08-13 09:52:54] INFO Epoch 003 | train batch=30/1427 | elapsed=0.1 min | eta=6.0 min
[2026-08-13 09:52:57] INFO Epoch 003 | train batch=40/1427 | elapsed=0.2 min | eta=6.0 min
[2026-08-13 09:53:00] INFO Epoch 003 | train batch=50/1427 | elapsed=0.2 min | eta=6.1 min
[2026-08-13 09:53:02] INFO Epoch 003 | train batch=60/1427 | elapsed=0.3 min | eta=6.0 min
[2026-08-13 09:53:05] INFO Epoch 003 | train batch=70/1427 | elapsed=0.3 min | eta=6.1 min
[2026-08-13 09:53:08] INFO Epoch 003 | train batch=80/1427 | elapsed=0.4 min | eta=6.1 min
[2026-08-13 09:53:11] INFO Epoch 003 | train batch=90/1427 | elapsed=0.4 min | eta=6.0 min
[2026-08-13 09:53:13] INFO Epoch 003 | train batch=100/1427 | elapsed=0.4 min | eta=5.9 min
[2026-08-13 09:53:16] INFO Epoch 003 | train batch=110/1427 | elapsed=0.5 min | eta=5.9 min
[2026-08-13 09:53:18] INFO Epoch 003 | train batch=120/1427 | elapsed=0.5 min | eta=5.8 min
[2026-08-13 09:53:21] INFO Epoch 003 | train batch=130/1427 | elapsed=0.6 min | eta=5.8 min
[2026-08-13 09:53:24] INFO Epoch 003 | train batch=140/1427 | elapsed=0.6 min | eta=5.7 min
[2026-08-13 09:53:26] INFO Epoch 003 | train batch=150/1427 | elapsed=0.7 min | eta=5.6 min
[2026-08-13 09:53:29] INFO Epoch 003 | train batch=160/1427 | elapsed=0.7 min | eta=5.6 min
[2026-08-13 09:53:32] INFO Epoch 003 | train batch=170/1427 | elapsed=0.8 min | eta=5.6 min
[2026-08-13 09:53:34] INFO Epoch 003 | train batch=180/1427 | elapsed=0.8 min | eta=5.5 min
[2026-08-13 09:53:37] INFO Epoch 003 | train batch=190/1427 | elapsed=0.8 min | eta=5.5 min
[2026-08-13 09:53:40] INFO Epoch 003 | train batch=200/1427 | elapsed=0.9 min | eta=5.5 min
[2026-08-13 09:53:43] INFO Epoch 003 | train batch=210/1427 | elapsed=0.9 min | eta=5.4 min
[2026-08-13 09:53:45] INFO Epoch 003 | train batch=220/1427 | elapsed=1.0 min | eta=5.4 min
[2026-08-13 09:53:48] INFO Epoch 003 | train batch=230/1427 | elapsed=1.0 min | eta=5.3 min
[2026-08-13 09:53:51] INFO Epoch 003 | train batch=240/1427 | elapsed=1.1 min | eta=5.3 min
[2026-08-13 09:53:53] INFO Epoch 003 | train batch=250/1427 | elapsed=1.1 min | eta=5.3 min
[2026-08-13 09:53:56] INFO Epoch 003 | train batch=260/1427 | elapsed=1.2 min | eta=5.2 min
[2026-08-13 09:53:59] INFO Epoch 003 | train batch=270/1427 | elapsed=1.2 min | eta=5.2 min
[2026-08-13 09:54:01] INFO Epoch 003 | train batch=280/1427 | elapsed=1.3 min | eta=5.1 min
[2026-08-13 09:54:04] INFO Epoch 003 | train batch=290/1427 | elapsed=1.3 min | eta=5.1 min
[2026-08-13 09:54:07] INFO Epoch 003 | train batch=300/1427 | elapsed=1.3 min | eta=5.0 min
[2026-08-13 09:54:10] INFO Epoch 003 | train batch=310/1427 | elapsed=1.4 min | eta=5.0 min
[2026-08-13 09:54:13] INFO Epoch 003 | train batch=320/1427 | elapsed=1.4 min | eta=5.0 min
[2026-08-13 09:54:15] INFO Epoch 003 | train batch=330/1427 | elapsed=1.5 min | eta=4.9 min
[2026-08-13 09:54:18] INFO Epoch 003 | train batch=340/1427 | elapsed=1.5 min | eta=4.9 min
[2026-08-13 09:54:21] INFO Epoch 003 | train batch=350/1427 | elapsed=1.6 min | eta=4.8 min
[2026-08-13 09:54:23] INFO Epoch 003 | train batch=360/1427 | elapsed=1.6 min | eta=4.8 min
[2026-08-13 09:54:26] INFO Epoch 003 | train batch=370/1427 | elapsed=1.7 min | eta=4.7 min
[2026-08-13 09:54:29] INFO Epoch 003 | train batch=380/1427 | elapsed=1.7 min | eta=4.7 min
[2026-08-13 09:54:31] INFO Epoch 003 | train batch=390/1427 | elapsed=1.8 min | eta=4.7 min
[2026-08-13 09:54:34] INFO Epoch 003 | train batch=400/1427 | elapsed=1.8 min | eta=4.6 min
[2026-08-13 09:54:37] INFO Epoch 003 | train batch=410/1427 | elapsed=1.8 min | eta=4.6 min
[2026-08-13 09:54:40] INFO Epoch 003 | train batch=420/1427 | elapsed=1.9 min | eta=4.5 min
[2026-08-13 09:54:42] INFO Epoch 003 | train batch=430/1427 | elapsed=1.9 min | eta=4.5 min
[2026-08-13 09:54:45] INFO Epoch 003 | train batch=440/1427 | elapsed=2.0 min | eta=4.4 min
[2026-08-13 09:54:48] INFO Epoch 003 | train batch=450/1427 | elapsed=2.0 min | eta=4.4 min
[2026-08-13 09:54:50] INFO Epoch 003 | train batch=460/1427 | elapsed=2.1 min | eta=4.3 min
[2026-08-13 09:54:53] INFO Epoch 003 | train batch=470/1427 | elapsed=2.1 min | eta=4.3 min
[2026-08-13 09:54:56] INFO Epoch 003 | train batch=480/1427 | elapsed=2.2 min | eta=4.3 min
[2026-08-13 09:54:59] INFO Epoch 003 | train batch=490/1427 | elapsed=2.2 min | eta=4.2 min
[2026-08-13 09:55:01] INFO Epoch 003 | train batch=500/1427 | elapsed=2.2 min | eta=4.2 min
[2026-08-13 09:55:04] INFO Epoch 003 | train batch=510/1427 | elapsed=2.3 min | eta=4.1 min
[2026-08-13 09:55:07] INFO Epoch 003 | train batch=520/1427 | elapsed=2.3 min | eta=4.1 min
[2026-08-13 09:55:10] INFO Epoch 003 | train batch=530/1427 | elapsed=2.4 min | eta=4.0 min
[2026-08-13 09:55:12] INFO Epoch 003 | train batch=540/1427 | elapsed=2.4 min | eta=4.0 min
[2026-08-13 09:55:15] INFO Epoch 003 | train batch=550/1427 | elapsed=2.5 min | eta=4.0 min
[2026-08-13 09:55:18] INFO Epoch 003 | train batch=560/1427 | elapsed=2.5 min | eta=3.9 min
[2026-08-13 09:55:20] INFO Epoch 003 | train batch=570/1427 | elapsed=2.6 min | eta=3.9 min
[2026-08-13 09:55:23] INFO Epoch 003 | train batch=580/1427 | elapsed=2.6 min | eta=3.8 min
[2026-08-13 09:55:26] INFO Epoch 003 | train batch=590/1427 | elapsed=2.7 min | eta=3.8 min
[2026-08-13 09:55:29] INFO Epoch 003 | train batch=600/1427 | elapsed=2.7 min | eta=3.7 min
[2026-08-13 09:55:31] INFO Epoch 003 | train batch=610/1427 | elapsed=2.8 min | eta=3.7 min
[2026-08-13 09:55:34] INFO Epoch 003 | train batch=620/1427 | elapsed=2.8 min | eta=3.6 min
[2026-08-13 09:55:37] INFO Epoch 003 | train batch=630/1427 | elapsed=2.8 min | eta=3.6 min
[2026-08-13 09:55:40] INFO Epoch 003 | train batch=640/1427 | elapsed=2.9 min | eta=3.5 min
[2026-08-13 09:55:42] INFO Epoch 003 | train batch=650/1427 | elapsed=2.9 min | eta=3.5 min
[2026-08-13 09:55:45] INFO Epoch 003 | train batch=660/1427 | elapsed=3.0 min | eta=3.5 min
[2026-08-13 09:55:48] INFO Epoch 003 | train batch=670/1427 | elapsed=3.0 min | eta=3.4 min
[2026-08-13 09:55:50] INFO Epoch 003 | train batch=680/1427 | elapsed=3.1 min | eta=3.4 min
[2026-08-13 09:55:53] INFO Epoch 003 | train batch=690/1427 | elapsed=3.1 min | eta=3.3 min
[2026-08-13 09:55:56] INFO Epoch 003 | train batch=700/1427 | elapsed=3.2 min | eta=3.3 min
[2026-08-13 09:55:58] INFO Epoch 003 | train batch=710/1427 | elapsed=3.2 min | eta=3.2 min
[2026-08-13 09:56:01] INFO Epoch 003 | train batch=720/1427 | elapsed=3.2 min | eta=3.2 min
[2026-08-13 09:56:04] INFO Epoch 003 | train batch=730/1427 | elapsed=3.3 min | eta=3.1 min
[2026-08-13 09:56:07] INFO Epoch 003 | train batch=740/1427 | elapsed=3.3 min | eta=3.1 min
[2026-08-13 09:56:09] INFO Epoch 003 | train batch=750/1427 | elapsed=3.4 min | eta=3.1 min
[2026-08-13 09:56:12] INFO Epoch 003 | train batch=760/1427 | elapsed=3.4 min | eta=3.0 min
[2026-08-13 09:56:14] INFO Epoch 003 | train batch=770/1427 | elapsed=3.5 min | eta=3.0 min
[2026-08-13 09:56:17] INFO Epoch 003 | train batch=780/1427 | elapsed=3.5 min | eta=2.9 min
[2026-08-13 09:56:20] INFO Epoch 003 | train batch=790/1427 | elapsed=3.6 min | eta=2.9 min
[2026-08-13 09:56:22] INFO Epoch 003 | train batch=800/1427 | elapsed=3.6 min | eta=2.8 min
[2026-08-13 09:56:25] INFO Epoch 003 | train batch=810/1427 | elapsed=3.6 min | eta=2.8 min
[2026-08-13 09:56:28] INFO Epoch 003 | train batch=820/1427 | elapsed=3.7 min | eta=2.7 min
[2026-08-13 09:56:31] INFO Epoch 003 | train batch=830/1427 | elapsed=3.7 min | eta=2.7 min
[2026-08-13 09:56:33] INFO Epoch 003 | train batch=840/1427 | elapsed=3.8 min | eta=2.6 min
[2026-08-13 09:56:36] INFO Epoch 003 | train batch=850/1427 | elapsed=3.8 min | eta=2.6 min
[2026-08-13 09:56:39] INFO Epoch 003 | train batch=860/1427 | elapsed=3.9 min | eta=2.6 min
[2026-08-13 09:56:42] INFO Epoch 003 | train batch=870/1427 | elapsed=3.9 min | eta=2.5 min
[2026-08-13 09:56:44] INFO Epoch 003 | train batch=880/1427 | elapsed=4.0 min | eta=2.5 min
[2026-08-13 09:56:47] INFO Epoch 003 | train batch=890/1427 | elapsed=4.0 min | eta=2.4 min
[2026-08-13 09:56:49] INFO Epoch 003 | train batch=900/1427 | elapsed=4.1 min | eta=2.4 min
[2026-08-13 09:56:52] INFO Epoch 003 | train batch=910/1427 | elapsed=4.1 min | eta=2.3 min
[2026-08-13 09:56:55] INFO Epoch 003 | train batch=920/1427 | elapsed=4.1 min | eta=2.3 min
[2026-08-13 09:56:57] INFO Epoch 003 | train batch=930/1427 | elapsed=4.2 min | eta=2.2 min
[2026-08-13 09:56:59] INFO Epoch 003 | train batch=940/1427 | elapsed=4.2 min | eta=2.2 min
[2026-08-13 09:57:02] INFO Epoch 003 | train batch=950/1427 | elapsed=4.3 min | eta=2.1 min
[2026-08-13 09:57:05] INFO Epoch 003 | train batch=960/1427 | elapsed=4.3 min | eta=2.1 min
[2026-08-13 09:57:08] INFO Epoch 003 | train batch=970/1427 | elapsed=4.4 min | eta=2.1 min
[2026-08-13 09:57:10] INFO Epoch 003 | train batch=980/1427 | elapsed=4.4 min | eta=2.0 min
[2026-08-13 09:57:13] INFO Epoch 003 | train batch=990/1427 | elapsed=4.4 min | eta=2.0 min
[2026-08-13 09:57:16] INFO Epoch 003 | train batch=1000/1427 | elapsed=4.5 min | eta=1.9 min
[2026-08-13 09:57:18] INFO Epoch 003 | train batch=1010/1427 | elapsed=4.5 min | eta=1.9 min
[2026-08-13 09:57:21] INFO Epoch 003 | train batch=1020/1427 | elapsed=4.6 min | eta=1.8 min
[2026-08-13 09:57:24] INFO Epoch 003 | train batch=1030/1427 | elapsed=4.6 min | eta=1.8 min
[2026-08-13 09:57:26] INFO Epoch 003 | train batch=1040/1427 | elapsed=4.7 min | eta=1.7 min
[2026-08-13 09:57:29] INFO Epoch 003 | train batch=1050/1427 | elapsed=4.7 min | eta=1.7 min
[2026-08-13 09:57:31] INFO Epoch 003 | train batch=1060/1427 | elapsed=4.7 min | eta=1.6 min
[2026-08-13 09:57:34] INFO Epoch 003 | train batch=1070/1427 | elapsed=4.8 min | eta=1.6 min
[2026-08-13 09:57:36] INFO Epoch 003 | train batch=1080/1427 | elapsed=4.8 min | eta=1.6 min
[2026-08-13 09:57:39] INFO Epoch 003 | train batch=1090/1427 | elapsed=4.9 min | eta=1.5 min
[2026-08-13 09:57:42] INFO Epoch 003 | train batch=1100/1427 | elapsed=4.9 min | eta=1.5 min
[2026-08-13 09:57:44] INFO Epoch 003 | train batch=1110/1427 | elapsed=5.0 min | eta=1.4 min
[2026-08-13 09:57:47] INFO Epoch 003 | train batch=1120/1427 | elapsed=5.0 min | eta=1.4 min
[2026-08-13 09:57:50] INFO Epoch 003 | train batch=1130/1427 | elapsed=5.1 min | eta=1.3 min
[2026-08-13 09:57:52] INFO Epoch 003 | train batch=1140/1427 | elapsed=5.1 min | eta=1.3 min
[2026-08-13 09:57:55] INFO Epoch 003 | train batch=1150/1427 | elapsed=5.1 min | eta=1.2 min
[2026-08-13 09:57:58] INFO Epoch 003 | train batch=1160/1427 | elapsed=5.2 min | eta=1.2 min
[2026-08-13 09:58:00] INFO Epoch 003 | train batch=1170/1427 | elapsed=5.2 min | eta=1.1 min
[2026-08-13 09:58:03] INFO Epoch 003 | train batch=1180/1427 | elapsed=5.3 min | eta=1.1 min
[2026-08-13 09:58:06] INFO Epoch 003 | train batch=1190/1427 | elapsed=5.3 min | eta=1.1 min
[2026-08-13 09:58:09] INFO Epoch 003 | train batch=1200/1427 | elapsed=5.4 min | eta=1.0 min
[2026-08-13 09:58:11] INFO Epoch 003 | train batch=1210/1427 | elapsed=5.4 min | eta=1.0 min
[2026-08-13 09:58:14] INFO Epoch 003 | train batch=1220/1427 | elapsed=5.5 min | eta=0.9 min
[2026-08-13 09:58:17] INFO Epoch 003 | train batch=1230/1427 | elapsed=5.5 min | eta=0.9 min
[2026-08-13 09:58:19] INFO Epoch 003 | train batch=1240/1427 | elapsed=5.5 min | eta=0.8 min
[2026-08-13 09:58:22] INFO Epoch 003 | train batch=1250/1427 | elapsed=5.6 min | eta=0.8 min
[2026-08-13 09:58:25] INFO Epoch 003 | train batch=1260/1427 | elapsed=5.6 min | eta=0.7 min
[2026-08-13 09:58:28] INFO Epoch 003 | train batch=1270/1427 | elapsed=5.7 min | eta=0.7 min
[2026-08-13 09:58:30] INFO Epoch 003 | train batch=1280/1427 | elapsed=5.7 min | eta=0.7 min
[2026-08-13 09:58:33] INFO Epoch 003 | train batch=1290/1427 | elapsed=5.8 min | eta=0.6 min
[2026-08-13 09:58:36] INFO Epoch 003 | train batch=1300/1427 | elapsed=5.8 min | eta=0.6 min
[2026-08-13 09:58:39] INFO Epoch 003 | train batch=1310/1427 | elapsed=5.9 min | eta=0.5 min
[2026-08-13 09:58:41] INFO Epoch 003 | train batch=1320/1427 | elapsed=5.9 min | eta=0.5 min
[2026-08-13 09:58:44] INFO Epoch 003 | train batch=1330/1427 | elapsed=6.0 min | eta=0.4 min
[2026-08-13 09:58:46] INFO Epoch 003 | train batch=1340/1427 | elapsed=6.0 min | eta=0.4 min
[2026-08-13 09:58:49] INFO Epoch 003 | train batch=1350/1427 | elapsed=6.0 min | eta=0.3 min
[2026-08-13 09:58:52] INFO Epoch 003 | train batch=1360/1427 | elapsed=6.1 min | eta=0.3 min
[2026-08-13 09:58:54] INFO Epoch 003 | train batch=1370/1427 | elapsed=6.1 min | eta=0.3 min
[2026-08-13 09:58:57] INFO Epoch 003 | train batch=1380/1427 | elapsed=6.2 min | eta=0.2 min
[2026-08-13 09:59:00] INFO Epoch 003 | train batch=1390/1427 | elapsed=6.2 min | eta=0.2 min
[2026-08-13 09:59:03] INFO Epoch 003 | train batch=1400/1427 | elapsed=6.3 min | eta=0.1 min
[2026-08-13 09:59:05] INFO Epoch 003 | train batch=1410/1427 | elapsed=6.3 min | eta=0.1 min
[2026-08-13 09:59:08] INFO Epoch 003 | train batch=1420/1427 | elapsed=6.4 min | eta=0.0 min
[2026-08-13 09:59:09] INFO Epoch 003 | train batch=1427/1427 | elapsed=6.4 min | eta=0.0 min
[2026-08-13 09:59:10] INFO Epoch 003 | val batch=1/203 | elapsed=0.0 min | eta=0.3 min
[2026-08-13 09:59:11] INFO Epoch 003 | val batch=10/203 | elapsed=0.0 min | eta=0.4 min
[2026-08-13 09:59:12] INFO Epoch 003 | val batch=20/203 | elapsed=0.0 min | eta=0.4 min
[2026-08-13 09:59:13] INFO Epoch 003 | val batch=30/203 | elapsed=0.1 min | eta=0.4 min
[2026-08-13 09:59:15] INFO Epoch 003 | val batch=40/203 | elapsed=0.1 min | eta=0.4 min
[2026-08-13 09:59:16] INFO Epoch 003 | val batch=50/203 | elapsed=0.1 min | eta=0.3 min
[2026-08-13 09:59:17] INFO Epoch 003 | val batch=60/203 | elapsed=0.1 min | eta=0.3 min
[2026-08-13 09:59:19] INFO Epoch 003 | val batch=70/203 | elapsed=0.2 min | eta=0.3 min
[2026-08-13 09:59:20] INFO Epoch 003 | val batch=80/203 | elapsed=0.2 min | eta=0.3 min
[2026-08-13 09:59:21] INFO Epoch 003 | val batch=90/203 | elapsed=0.2 min | eta=0.2 min
[2026-08-13 09:59:23] INFO Epoch 003 | val batch=100/203 | elapsed=0.2 min | eta=0.2 min
[2026-08-13 09:59:24] INFO Epoch 003 | val batch=110/203 | elapsed=0.2 min | eta=0.2 min
[2026-08-13 09:59:25] INFO Epoch 003 | val batch=120/203 | elapsed=0.3 min | eta=0.2 min
[2026-08-13 09:59:27] INFO Epoch 003 | val batch=130/203 | elapsed=0.3 min | eta=0.2 min
[2026-08-13 09:59:28] INFO Epoch 003 | val batch=140/203 | elapsed=0.3 min | eta=0.1 min
[2026-08-13 09:59:29] INFO Epoch 003 | val batch=150/203 | elapsed=0.3 min | eta=0.1 min
[2026-08-13 09:59:31] INFO Epoch 003 | val batch=160/203 | elapsed=0.4 min | eta=0.1 min
[2026-08-13 09:59:32] INFO Epoch 003 | val batch=170/203 | elapsed=0.4 min | eta=0.1 min
[2026-08-13 09:59:33] INFO Epoch 003 | val batch=180/203 | elapsed=0.4 min | eta=0.1 min
[2026-08-13 09:59:34] INFO Epoch 003 | val batch=190/203 | elapsed=0.4 min | eta=0.0 min
[2026-08-13 09:59:36] INFO Epoch 003 | val batch=200/203 | elapsed=0.4 min | eta=0.0 min
[2026-08-13 09:59:36] INFO Epoch 003 | val batch=203/203 | elapsed=0.4 min | eta=0.0 min
[2026-08-13 09:59:36] INFO Epoch 003 | train_total=1.236998 | val_total=0.993666 | val_mask=0.656374 | val_retrieval=2.408149 | val_profile=0.964769 | val_anchors=660915 | val_positive_pairs=0 | val_hard_negatives=0 | val_relation_candidates=9654476 | val_teacher_keff=4.444 | val_student_keff=10.152 | val_masked_positions=1958903 | skipped(train/val)=0/0
[2026-08-13 09:59:36] INFO Checkpoint updated | epoch=3 | best_val=0.993666 | path=C:\Users\clw\projects\researchRep\STAnchor-BlockMemory\artifacts\metrla_e5_final_sym_profile_local12_seed42\pretrain_best.pt
[2026-08-13 09:59:36] INFO Relation checkpoint updated | epoch=3 | best_val_relation=2.408149 | path=C:\Users\clw\projects\researchRep\STAnchor-BlockMemory\artifacts\metrla_e5_final_sym_profile_local12_seed42\pretrain_best_relation.pt
[2026-08-13 09:59:36] INFO Epoch 004/050 started | train_batches=1427 | val_batches=203
[2026-08-13 09:59:36] INFO Epoch 004 | train batch=1/1427 | elapsed=0.0 min | eta=7.7 min
[2026-08-13 09:59:39] INFO Epoch 004 | train batch=10/1427 | elapsed=0.0 min | eta=6.3 min
[2026-08-13 09:59:42] INFO Epoch 004 | train batch=20/1427 | elapsed=0.1 min | eta=6.4 min
[2026-08-13 09:59:44] INFO Epoch 004 | train batch=30/1427 | elapsed=0.1 min | eta=6.4 min
[2026-08-13 09:59:47] INFO Epoch 004 | train batch=40/1427 | elapsed=0.2 min | eta=6.4 min
[2026-08-13 09:59:50] INFO Epoch 004 | train batch=50/1427 | elapsed=0.2 min | eta=6.3 min
[2026-08-13 09:59:52] INFO Epoch 004 | train batch=60/1427 | elapsed=0.3 min | eta=6.1 min
[2026-08-13 09:59:55] INFO Epoch 004 | train batch=70/1427 | elapsed=0.3 min | eta=6.1 min
[2026-08-13 09:59:58] INFO Epoch 004 | train batch=80/1427 | elapsed=0.4 min | eta=6.1 min
[2026-08-13 10:00:01] INFO Epoch 004 | train batch=90/1427 | elapsed=0.4 min | eta=6.1 min
[2026-08-13 10:00:03] INFO Epoch 004 | train batch=100/1427 | elapsed=0.5 min | eta=6.0 min
[2026-08-13 10:00:06] INFO Epoch 004 | train batch=110/1427 | elapsed=0.5 min | eta=5.9 min
[2026-08-13 10:00:09] INFO Epoch 004 | train batch=120/1427 | elapsed=0.5 min | eta=5.9 min
[2026-08-13 10:00:11] INFO Epoch 004 | train batch=130/1427 | elapsed=0.6 min | eta=5.9 min
[2026-08-13 10:00:14] INFO Epoch 004 | train batch=140/1427 | elapsed=0.6 min | eta=5.8 min
[2026-08-13 10:00:17] INFO Epoch 004 | train batch=150/1427 | elapsed=0.7 min | eta=5.8 min
[2026-08-13 10:00:20] INFO Epoch 004 | train batch=160/1427 | elapsed=0.7 min | eta=5.7 min
[2026-08-13 10:00:22] INFO Epoch 004 | train batch=170/1427 | elapsed=0.8 min | eta=5.7 min
[2026-08-13 10:00:25] INFO Epoch 004 | train batch=180/1427 | elapsed=0.8 min | eta=5.6 min
[2026-08-13 10:00:28] INFO Epoch 004 | train batch=190/1427 | elapsed=0.9 min | eta=5.6 min
[2026-08-13 10:00:31] INFO Epoch 004 | train batch=200/1427 | elapsed=0.9 min | eta=5.6 min
[2026-08-13 10:00:33] INFO Epoch 004 | train batch=210/1427 | elapsed=1.0 min | eta=5.5 min
[2026-08-13 10:00:36] INFO Epoch 004 | train batch=220/1427 | elapsed=1.0 min | eta=5.5 min
[2026-08-13 10:00:39] INFO Epoch 004 | train batch=230/1427 | elapsed=1.1 min | eta=5.5 min
[2026-08-13 10:00:42] INFO Epoch 004 | train batch=240/1427 | elapsed=1.1 min | eta=5.4 min
[2026-08-13 10:00:45] INFO Epoch 004 | train batch=250/1427 | elapsed=1.1 min | eta=5.4 min
[2026-08-13 10:00:48] INFO Epoch 004 | train batch=260/1427 | elapsed=1.2 min | eta=5.3 min
[2026-08-13 10:00:50] INFO Epoch 004 | train batch=270/1427 | elapsed=1.2 min | eta=5.3 min
[2026-08-13 10:00:53] INFO Epoch 004 | train batch=280/1427 | elapsed=1.3 min | eta=5.2 min
[2026-08-13 10:00:55] INFO Epoch 004 | train batch=290/1427 | elapsed=1.3 min | eta=5.2 min
[2026-08-13 10:00:58] INFO Epoch 004 | train batch=300/1427 | elapsed=1.4 min | eta=5.1 min
[2026-08-13 10:01:00] INFO Epoch 004 | train batch=310/1427 | elapsed=1.4 min | eta=5.1 min
[2026-08-13 10:01:03] INFO Epoch 004 | train batch=320/1427 | elapsed=1.4 min | eta=5.0 min
[2026-08-13 10:01:05] INFO Epoch 004 | train batch=330/1427 | elapsed=1.5 min | eta=4.9 min
[2026-08-13 10:01:08] INFO Epoch 004 | train batch=340/1427 | elapsed=1.5 min | eta=4.9 min
[2026-08-13 10:01:11] INFO Epoch 004 | train batch=350/1427 | elapsed=1.6 min | eta=4.8 min
[2026-08-13 10:01:13] INFO Epoch 004 | train batch=360/1427 | elapsed=1.6 min | eta=4.8 min
[2026-08-13 10:01:16] INFO Epoch 004 | train batch=370/1427 | elapsed=1.7 min | eta=4.8 min
[2026-08-13 10:01:19] INFO Epoch 004 | train batch=380/1427 | elapsed=1.7 min | eta=4.7 min
[2026-08-13 10:01:22] INFO Epoch 004 | train batch=390/1427 | elapsed=1.8 min | eta=4.7 min
[2026-08-13 10:01:24] INFO Epoch 004 | train batch=400/1427 | elapsed=1.8 min | eta=4.6 min
[2026-08-13 10:01:27] INFO Epoch 004 | train batch=410/1427 | elapsed=1.8 min | eta=4.6 min
[2026-08-13 10:01:30] INFO Epoch 004 | train batch=420/1427 | elapsed=1.9 min | eta=4.5 min
[2026-08-13 10:01:32] INFO Epoch 004 | train batch=430/1427 | elapsed=1.9 min | eta=4.5 min
[2026-08-13 10:01:35] INFO Epoch 004 | train batch=440/1427 | elapsed=2.0 min | eta=4.5 min
[2026-08-13 10:01:38] INFO Epoch 004 | train batch=450/1427 | elapsed=2.0 min | eta=4.4 min
[2026-08-13 10:01:40] INFO Epoch 004 | train batch=460/1427 | elapsed=2.1 min | eta=4.4 min
[2026-08-13 10:01:43] INFO Epoch 004 | train batch=470/1427 | elapsed=2.1 min | eta=4.3 min
[2026-08-13 10:01:46] INFO Epoch 004 | train batch=480/1427 | elapsed=2.2 min | eta=4.3 min
[2026-08-13 10:01:49] INFO Epoch 004 | train batch=490/1427 | elapsed=2.2 min | eta=4.2 min
[2026-08-13 10:01:51] INFO Epoch 004 | train batch=500/1427 | elapsed=2.3 min | eta=4.2 min
[2026-08-13 10:01:54] INFO Epoch 004 | train batch=510/1427 | elapsed=2.3 min | eta=4.1 min
[2026-08-13 10:01:56] INFO Epoch 004 | train batch=520/1427 | elapsed=2.3 min | eta=4.1 min
[2026-08-13 10:01:59] INFO Epoch 004 | train batch=530/1427 | elapsed=2.4 min | eta=4.0 min
[2026-08-13 10:02:02] INFO Epoch 004 | train batch=540/1427 | elapsed=2.4 min | eta=4.0 min
[2026-08-13 10:02:05] INFO Epoch 004 | train batch=550/1427 | elapsed=2.5 min | eta=3.9 min
[2026-08-13 10:02:07] INFO Epoch 004 | train batch=560/1427 | elapsed=2.5 min | eta=3.9 min
[2026-08-13 10:02:10] INFO Epoch 004 | train batch=570/1427 | elapsed=2.6 min | eta=3.9 min
[2026-08-13 10:02:13] INFO Epoch 004 | train batch=580/1427 | elapsed=2.6 min | eta=3.8 min
[2026-08-13 10:02:16] INFO Epoch 004 | train batch=590/1427 | elapsed=2.7 min | eta=3.8 min
[2026-08-13 10:02:18] INFO Epoch 004 | train batch=600/1427 | elapsed=2.7 min | eta=3.7 min
[2026-08-13 10:02:21] INFO Epoch 004 | train batch=610/1427 | elapsed=2.7 min | eta=3.7 min
[2026-08-13 10:02:23] INFO Epoch 004 | train batch=620/1427 | elapsed=2.8 min | eta=3.6 min
[2026-08-13 10:02:26] INFO Epoch 004 | train batch=630/1427 | elapsed=2.8 min | eta=3.6 min
[2026-08-13 10:02:29] INFO Epoch 004 | train batch=640/1427 | elapsed=2.9 min | eta=3.5 min
[2026-08-13 10:02:31] INFO Epoch 004 | train batch=650/1427 | elapsed=2.9 min | eta=3.5 min
[2026-08-13 10:02:34] INFO Epoch 004 | train batch=660/1427 | elapsed=3.0 min | eta=3.4 min
[2026-08-13 10:02:37] INFO Epoch 004 | train batch=670/1427 | elapsed=3.0 min | eta=3.4 min
[2026-08-13 10:02:40] INFO Epoch 004 | train batch=680/1427 | elapsed=3.1 min | eta=3.4 min
[2026-08-13 10:02:42] INFO Epoch 004 | train batch=690/1427 | elapsed=3.1 min | eta=3.3 min
[2026-08-13 10:02:45] INFO Epoch 004 | train batch=700/1427 | elapsed=3.2 min | eta=3.3 min
[2026-08-13 10:02:48] INFO Epoch 004 | train batch=710/1427 | elapsed=3.2 min | eta=3.2 min
[2026-08-13 10:02:51] INFO Epoch 004 | train batch=720/1427 | elapsed=3.3 min | eta=3.2 min
[2026-08-13 10:02:54] INFO Epoch 004 | train batch=730/1427 | elapsed=3.3 min | eta=3.2 min
[2026-08-13 10:02:57] INFO Epoch 004 | train batch=740/1427 | elapsed=3.4 min | eta=3.1 min
[2026-08-13 10:03:00] INFO Epoch 004 | train batch=750/1427 | elapsed=3.4 min | eta=3.1 min
[2026-08-13 10:03:03] INFO Epoch 004 | train batch=760/1427 | elapsed=3.4 min | eta=3.0 min
[2026-08-13 10:03:05] INFO Epoch 004 | train batch=770/1427 | elapsed=3.5 min | eta=3.0 min
[2026-08-13 10:03:08] INFO Epoch 004 | train batch=780/1427 | elapsed=3.5 min | eta=2.9 min
[2026-08-13 10:03:11] INFO Epoch 004 | train batch=790/1427 | elapsed=3.6 min | eta=2.9 min
[2026-08-13 10:03:14] INFO Epoch 004 | train batch=800/1427 | elapsed=3.6 min | eta=2.8 min
[2026-08-13 10:03:16] INFO Epoch 004 | train batch=810/1427 | elapsed=3.7 min | eta=2.8 min
[2026-08-13 10:03:19] INFO Epoch 004 | train batch=820/1427 | elapsed=3.7 min | eta=2.8 min
[2026-08-13 10:03:22] INFO Epoch 004 | train batch=830/1427 | elapsed=3.8 min | eta=2.7 min
[2026-08-13 10:03:25] INFO Epoch 004 | train batch=840/1427 | elapsed=3.8 min | eta=2.7 min
[2026-08-13 10:03:27] INFO Epoch 004 | train batch=850/1427 | elapsed=3.9 min | eta=2.6 min
[2026-08-13 10:03:30] INFO Epoch 004 | train batch=860/1427 | elapsed=3.9 min | eta=2.6 min
[2026-08-13 10:03:33] INFO Epoch 004 | train batch=870/1427 | elapsed=3.9 min | eta=2.5 min
[2026-08-13 10:03:35] INFO Epoch 004 | train batch=880/1427 | elapsed=4.0 min | eta=2.5 min
[2026-08-13 10:03:38] INFO Epoch 004 | train batch=890/1427 | elapsed=4.0 min | eta=2.4 min
[2026-08-13 10:03:41] INFO Epoch 004 | train batch=900/1427 | elapsed=4.1 min | eta=2.4 min
[2026-08-13 10:03:43] INFO Epoch 004 | train batch=910/1427 | elapsed=4.1 min | eta=2.3 min
[2026-08-13 10:03:46] INFO Epoch 004 | train batch=920/1427 | elapsed=4.2 min | eta=2.3 min
[2026-08-13 10:03:49] INFO Epoch 004 | train batch=930/1427 | elapsed=4.2 min | eta=2.2 min
[2026-08-13 10:03:51] INFO Epoch 004 | train batch=940/1427 | elapsed=4.3 min | eta=2.2 min
[2026-08-13 10:03:54] INFO Epoch 004 | train batch=950/1427 | elapsed=4.3 min | eta=2.2 min
[2026-08-13 10:03:57] INFO Epoch 004 | train batch=960/1427 | elapsed=4.4 min | eta=2.1 min
[2026-08-13 10:04:00] INFO Epoch 004 | train batch=970/1427 | elapsed=4.4 min | eta=2.1 min
[2026-08-13 10:04:03] INFO Epoch 004 | train batch=980/1427 | elapsed=4.4 min | eta=2.0 min
[2026-08-13 10:04:05] INFO Epoch 004 | train batch=990/1427 | elapsed=4.5 min | eta=2.0 min
[2026-08-13 10:04:08] INFO Epoch 004 | train batch=1000/1427 | elapsed=4.5 min | eta=1.9 min
[2026-08-13 10:04:10] INFO Epoch 004 | train batch=1010/1427 | elapsed=4.6 min | eta=1.9 min
[2026-08-13 10:04:13] INFO Epoch 004 | train batch=1020/1427 | elapsed=4.6 min | eta=1.8 min
[2026-08-13 10:04:15] INFO Epoch 004 | train batch=1030/1427 | elapsed=4.7 min | eta=1.8 min
[2026-08-13 10:04:18] INFO Epoch 004 | train batch=1040/1427 | elapsed=4.7 min | eta=1.7 min
[2026-08-13 10:04:20] INFO Epoch 004 | train batch=1050/1427 | elapsed=4.7 min | eta=1.7 min
[2026-08-13 10:04:23] INFO Epoch 004 | train batch=1060/1427 | elapsed=4.8 min | eta=1.7 min
[2026-08-13 10:04:26] INFO Epoch 004 | train batch=1070/1427 | elapsed=4.8 min | eta=1.6 min
[2026-08-13 10:04:28] INFO Epoch 004 | train batch=1080/1427 | elapsed=4.9 min | eta=1.6 min
[2026-08-13 10:04:31] INFO Epoch 004 | train batch=1090/1427 | elapsed=4.9 min | eta=1.5 min
[2026-08-13 10:04:34] INFO Epoch 004 | train batch=1100/1427 | elapsed=5.0 min | eta=1.5 min
[2026-08-13 10:04:36] INFO Epoch 004 | train batch=1110/1427 | elapsed=5.0 min | eta=1.4 min
[2026-08-13 10:04:39] INFO Epoch 004 | train batch=1120/1427 | elapsed=5.1 min | eta=1.4 min
[2026-08-13 10:04:42] INFO Epoch 004 | train batch=1130/1427 | elapsed=5.1 min | eta=1.3 min
[2026-08-13 10:04:45] INFO Epoch 004 | train batch=1140/1427 | elapsed=5.1 min | eta=1.3 min
[2026-08-13 10:04:47] INFO Epoch 004 | train batch=1150/1427 | elapsed=5.2 min | eta=1.2 min
[2026-08-13 10:04:50] INFO Epoch 004 | train batch=1160/1427 | elapsed=5.2 min | eta=1.2 min
[2026-08-13 10:04:53] INFO Epoch 004 | train batch=1170/1427 | elapsed=5.3 min | eta=1.2 min
[2026-08-13 10:04:56] INFO Epoch 004 | train batch=1180/1427 | elapsed=5.3 min | eta=1.1 min
[2026-08-13 10:04:59] INFO Epoch 004 | train batch=1190/1427 | elapsed=5.4 min | eta=1.1 min
[2026-08-13 10:05:02] INFO Epoch 004 | train batch=1200/1427 | elapsed=5.4 min | eta=1.0 min
[2026-08-13 10:05:04] INFO Epoch 004 | train batch=1210/1427 | elapsed=5.5 min | eta=1.0 min
[2026-08-13 10:05:07] INFO Epoch 004 | train batch=1220/1427 | elapsed=5.5 min | eta=0.9 min
[2026-08-13 10:05:10] INFO Epoch 004 | train batch=1230/1427 | elapsed=5.6 min | eta=0.9 min
[2026-08-13 10:05:12] INFO Epoch 004 | train batch=1240/1427 | elapsed=5.6 min | eta=0.8 min
[2026-08-13 10:05:15] INFO Epoch 004 | train batch=1250/1427 | elapsed=5.7 min | eta=0.8 min
[2026-08-13 10:05:18] INFO Epoch 004 | train batch=1260/1427 | elapsed=5.7 min | eta=0.8 min
[2026-08-13 10:05:21] INFO Epoch 004 | train batch=1270/1427 | elapsed=5.7 min | eta=0.7 min
[2026-08-13 10:05:23] INFO Epoch 004 | train batch=1280/1427 | elapsed=5.8 min | eta=0.7 min
[2026-08-13 10:05:26] INFO Epoch 004 | train batch=1290/1427 | elapsed=5.8 min | eta=0.6 min
[2026-08-13 10:05:29] INFO Epoch 004 | train batch=1300/1427 | elapsed=5.9 min | eta=0.6 min
[2026-08-13 10:05:31] INFO Epoch 004 | train batch=1310/1427 | elapsed=5.9 min | eta=0.5 min
[2026-08-13 10:05:34] INFO Epoch 004 | train batch=1320/1427 | elapsed=6.0 min | eta=0.5 min
[2026-08-13 10:05:36] INFO Epoch 004 | train batch=1330/1427 | elapsed=6.0 min | eta=0.4 min
[2026-08-13 10:05:39] INFO Epoch 004 | train batch=1340/1427 | elapsed=6.0 min | eta=0.4 min
[2026-08-13 10:05:42] INFO Epoch 004 | train batch=1350/1427 | elapsed=6.1 min | eta=0.3 min
[2026-08-13 10:05:45] INFO Epoch 004 | train batch=1360/1427 | elapsed=6.1 min | eta=0.3 min
[2026-08-13 10:05:48] INFO Epoch 004 | train batch=1370/1427 | elapsed=6.2 min | eta=0.3 min
[2026-08-13 10:05:50] INFO Epoch 004 | train batch=1380/1427 | elapsed=6.2 min | eta=0.2 min
[2026-08-13 10:05:53] INFO Epoch 004 | train batch=1390/1427 | elapsed=6.3 min | eta=0.2 min
[2026-08-13 10:05:55] INFO Epoch 004 | train batch=1400/1427 | elapsed=6.3 min | eta=0.1 min
[2026-08-13 10:05:58] INFO Epoch 004 | train batch=1410/1427 | elapsed=6.4 min | eta=0.1 min
[2026-08-13 10:06:01] INFO Epoch 004 | train batch=1420/1427 | elapsed=6.4 min | eta=0.0 min
[2026-08-13 10:06:03] INFO Epoch 004 | train batch=1427/1427 | elapsed=6.4 min | eta=0.0 min
[2026-08-13 10:06:03] INFO Epoch 004 | val batch=1/203 | elapsed=0.0 min | eta=0.3 min
[2026-08-13 10:06:04] INFO Epoch 004 | val batch=10/203 | elapsed=0.0 min | eta=0.4 min
[2026-08-13 10:06:05] INFO Epoch 004 | val batch=20/203 | elapsed=0.0 min | eta=0.4 min
[2026-08-13 10:06:07] INFO Epoch 004 | val batch=30/203 | elapsed=0.1 min | eta=0.4 min
[2026-08-13 10:06:08] INFO Epoch 004 | val batch=40/203 | elapsed=0.1 min | eta=0.4 min
[2026-08-13 10:06:09] INFO Epoch 004 | val batch=50/203 | elapsed=0.1 min | eta=0.3 min
[2026-08-13 10:06:11] INFO Epoch 004 | val batch=60/203 | elapsed=0.1 min | eta=0.3 min
[2026-08-13 10:06:12] INFO Epoch 004 | val batch=70/203 | elapsed=0.2 min | eta=0.3 min
[2026-08-13 10:06:13] INFO Epoch 004 | val batch=80/203 | elapsed=0.2 min | eta=0.3 min
[2026-08-13 10:06:14] INFO Epoch 004 | val batch=90/203 | elapsed=0.2 min | eta=0.2 min
[2026-08-13 10:06:16] INFO Epoch 004 | val batch=100/203 | elapsed=0.2 min | eta=0.2 min
[2026-08-13 10:06:17] INFO Epoch 004 | val batch=110/203 | elapsed=0.2 min | eta=0.2 min
[2026-08-13 10:06:18] INFO Epoch 004 | val batch=120/203 | elapsed=0.3 min | eta=0.2 min
[2026-08-13 10:06:20] INFO Epoch 004 | val batch=130/203 | elapsed=0.3 min | eta=0.2 min
[2026-08-13 10:06:21] INFO Epoch 004 | val batch=140/203 | elapsed=0.3 min | eta=0.1 min
[2026-08-13 10:06:22] INFO Epoch 004 | val batch=150/203 | elapsed=0.3 min | eta=0.1 min
[2026-08-13 10:06:24] INFO Epoch 004 | val batch=160/203 | elapsed=0.3 min | eta=0.1 min
[2026-08-13 10:06:25] INFO Epoch 004 | val batch=170/203 | elapsed=0.4 min | eta=0.1 min
[2026-08-13 10:06:26] INFO Epoch 004 | val batch=180/203 | elapsed=0.4 min | eta=0.1 min
[2026-08-13 10:06:28] INFO Epoch 004 | val batch=190/203 | elapsed=0.4 min | eta=0.0 min
[2026-08-13 10:06:29] INFO Epoch 004 | val batch=200/203 | elapsed=0.4 min | eta=0.0 min
[2026-08-13 10:06:29] INFO Epoch 004 | val batch=203/203 | elapsed=0.4 min | eta=0.0 min
[2026-08-13 10:06:29] INFO Epoch 004 | train_total=1.121696 | val_total=1.329101 | val_mask=0.992735 | val_retrieval=2.404511 | val_profile=0.959148 | val_anchors=660915 | val_positive_pairs=0 | val_hard_negatives=0 | val_relation_candidates=9654476 | val_teacher_keff=4.444 | val_student_keff=10.350 | val_masked_positions=1959249 | skipped(train/val)=0/0
[2026-08-13 10:06:29] INFO Relation checkpoint updated | epoch=4 | best_val_relation=2.404511 | path=C:\Users\clw\projects\researchRep\STAnchor-BlockMemory\artifacts\metrla_e5_final_sym_profile_local12_seed42\pretrain_best_relation.pt
[2026-08-13 10:06:29] INFO Epoch 005/050 started | train_batches=1427 | val_batches=203
[2026-08-13 10:06:29] INFO Epoch 005 | train batch=1/1427 | elapsed=0.0 min | eta=5.2 min
[2026-08-13 10:06:32] INFO Epoch 005 | train batch=10/1427 | elapsed=0.0 min | eta=6.3 min
[2026-08-13 10:06:35] INFO Epoch 005 | train batch=20/1427 | elapsed=0.1 min | eta=6.6 min
[2026-08-13 10:06:38] INFO Epoch 005 | train batch=30/1427 | elapsed=0.1 min | eta=6.5 min
[2026-08-13 10:06:40] INFO Epoch 005 | train batch=40/1427 | elapsed=0.2 min | eta=6.4 min
[2026-08-13 10:06:43] INFO Epoch 005 | train batch=50/1427 | elapsed=0.2 min | eta=6.3 min
[2026-08-13 10:06:46] INFO Epoch 005 | train batch=60/1427 | elapsed=0.3 min | eta=6.3 min
[2026-08-13 10:06:48] INFO Epoch 005 | train batch=70/1427 | elapsed=0.3 min | eta=6.2 min
[2026-08-13 10:06:51] INFO Epoch 005 | train batch=80/1427 | elapsed=0.4 min | eta=6.1 min
[2026-08-13 10:06:54] INFO Epoch 005 | train batch=90/1427 | elapsed=0.4 min | eta=6.0 min
[2026-08-13 10:06:57] INFO Epoch 005 | train batch=100/1427 | elapsed=0.5 min | eta=6.0 min
[2026-08-13 10:06:59] INFO Epoch 005 | train batch=110/1427 | elapsed=0.5 min | eta=6.0 min
[2026-08-13 10:07:02] INFO Epoch 005 | train batch=120/1427 | elapsed=0.5 min | eta=5.9 min
[2026-08-13 10:07:04] INFO Epoch 005 | train batch=130/1427 | elapsed=0.6 min | eta=5.9 min
[2026-08-13 10:07:07] INFO Epoch 005 | train batch=140/1427 | elapsed=0.6 min | eta=5.9 min
[2026-08-13 10:07:10] INFO Epoch 005 | train batch=150/1427 | elapsed=0.7 min | eta=5.8 min
[2026-08-13 10:07:13] INFO Epoch 005 | train batch=160/1427 | elapsed=0.7 min | eta=5.7 min
[2026-08-13 10:07:15] INFO Epoch 005 | train batch=170/1427 | elapsed=0.8 min | eta=5.7 min
[2026-08-13 10:07:18] INFO Epoch 005 | train batch=180/1427 | elapsed=0.8 min | eta=5.6 min
[2026-08-13 10:07:20] INFO Epoch 005 | train batch=190/1427 | elapsed=0.9 min | eta=5.6 min
[2026-08-13 10:07:23] INFO Epoch 005 | train batch=200/1427 | elapsed=0.9 min | eta=5.5 min
[2026-08-13 10:07:26] INFO Epoch 005 | train batch=210/1427 | elapsed=0.9 min | eta=5.4 min
[2026-08-13 10:07:28] INFO Epoch 005 | train batch=220/1427 | elapsed=1.0 min | eta=5.4 min
[2026-08-13 10:07:31] INFO Epoch 005 | train batch=230/1427 | elapsed=1.0 min | eta=5.4 min
[2026-08-13 10:07:34] INFO Epoch 005 | train batch=240/1427 | elapsed=1.1 min | eta=5.3 min
[2026-08-13 10:07:37] INFO Epoch 005 | train batch=250/1427 | elapsed=1.1 min | eta=5.3 min
[2026-08-13 10:07:39] INFO Epoch 005 | train batch=260/1427 | elapsed=1.2 min | eta=5.2 min
[2026-08-13 10:07:42] INFO Epoch 005 | train batch=270/1427 | elapsed=1.2 min | eta=5.2 min
[2026-08-13 10:07:45] INFO Epoch 005 | train batch=280/1427 | elapsed=1.3 min | eta=5.2 min
[2026-08-13 10:07:47] INFO Epoch 005 | train batch=290/1427 | elapsed=1.3 min | eta=5.1 min
[2026-08-13 10:07:50] INFO Epoch 005 | train batch=300/1427 | elapsed=1.3 min | eta=5.1 min
[2026-08-13 10:07:53] INFO Epoch 005 | train batch=310/1427 | elapsed=1.4 min | eta=5.0 min
[2026-08-13 10:07:55] INFO Epoch 005 | train batch=320/1427 | elapsed=1.4 min | eta=5.0 min
[2026-08-13 10:07:58] INFO Epoch 005 | train batch=330/1427 | elapsed=1.5 min | eta=4.9 min
[2026-08-13 10:08:01] INFO Epoch 005 | train batch=340/1427 | elapsed=1.5 min | eta=4.9 min
[2026-08-13 10:08:03] INFO Epoch 005 | train batch=350/1427 | elapsed=1.6 min | eta=4.8 min
[2026-08-13 10:08:06] INFO Epoch 005 | train batch=360/1427 | elapsed=1.6 min | eta=4.8 min
[2026-08-13 10:08:08] INFO Epoch 005 | train batch=370/1427 | elapsed=1.7 min | eta=4.7 min
[2026-08-13 10:08:11] INFO Epoch 005 | train batch=380/1427 | elapsed=1.7 min | eta=4.7 min
[2026-08-13 10:08:14] INFO Epoch 005 | train batch=390/1427 | elapsed=1.7 min | eta=4.6 min
[2026-08-13 10:08:16] INFO Epoch 005 | train batch=400/1427 | elapsed=1.8 min | eta=4.6 min
[2026-08-13 10:08:19] INFO Epoch 005 | train batch=410/1427 | elapsed=1.8 min | eta=4.5 min
[2026-08-13 10:08:22] INFO Epoch 005 | train batch=420/1427 | elapsed=1.9 min | eta=4.5 min
[2026-08-13 10:08:25] INFO Epoch 005 | train batch=430/1427 | elapsed=1.9 min | eta=4.5 min
[2026-08-13 10:08:27] INFO Epoch 005 | train batch=440/1427 | elapsed=2.0 min | eta=4.4 min
[2026-08-13 10:08:30] INFO Epoch 005 | train batch=450/1427 | elapsed=2.0 min | eta=4.4 min
[2026-08-13 10:08:32] INFO Epoch 005 | train batch=460/1427 | elapsed=2.1 min | eta=4.3 min
[2026-08-13 10:08:35] INFO Epoch 005 | train batch=470/1427 | elapsed=2.1 min | eta=4.3 min
[2026-08-13 10:08:38] INFO Epoch 005 | train batch=480/1427 | elapsed=2.1 min | eta=4.2 min
[2026-08-13 10:08:40] INFO Epoch 005 | train batch=490/1427 | elapsed=2.2 min | eta=4.2 min
[2026-08-13 10:08:43] INFO Epoch 005 | train batch=500/1427 | elapsed=2.2 min | eta=4.1 min
[2026-08-13 10:08:46] INFO Epoch 005 | train batch=510/1427 | elapsed=2.3 min | eta=4.1 min
[2026-08-13 10:08:49] INFO Epoch 005 | train batch=520/1427 | elapsed=2.3 min | eta=4.1 min
[2026-08-13 10:08:51] INFO Epoch 005 | train batch=530/1427 | elapsed=2.4 min | eta=4.0 min
[2026-08-13 10:08:54] INFO Epoch 005 | train batch=540/1427 | elapsed=2.4 min | eta=4.0 min
[2026-08-13 10:08:57] INFO Epoch 005 | train batch=550/1427 | elapsed=2.5 min | eta=3.9 min
[2026-08-13 10:09:00] INFO Epoch 005 | train batch=560/1427 | elapsed=2.5 min | eta=3.9 min
[2026-08-13 10:09:02] INFO Epoch 005 | train batch=570/1427 | elapsed=2.6 min | eta=3.8 min
[2026-08-13 10:09:05] INFO Epoch 005 | train batch=580/1427 | elapsed=2.6 min | eta=3.8 min
[2026-08-13 10:09:08] INFO Epoch 005 | train batch=590/1427 | elapsed=2.6 min | eta=3.7 min
[2026-08-13 10:09:10] INFO Epoch 005 | train batch=600/1427 | elapsed=2.7 min | eta=3.7 min
[2026-08-13 10:09:13] INFO Epoch 005 | train batch=610/1427 | elapsed=2.7 min | eta=3.7 min
[2026-08-13 10:09:16] INFO Epoch 005 | train batch=620/1427 | elapsed=2.8 min | eta=3.6 min
[2026-08-13 10:09:18] INFO Epoch 005 | train batch=630/1427 | elapsed=2.8 min | eta=3.6 min
[2026-08-13 10:09:21] INFO Epoch 005 | train batch=640/1427 | elapsed=2.9 min | eta=3.5 min
[2026-08-13 10:09:24] INFO Epoch 005 | train batch=650/1427 | elapsed=2.9 min | eta=3.5 min
[2026-08-13 10:09:26] INFO Epoch 005 | train batch=660/1427 | elapsed=3.0 min | eta=3.4 min
[2026-08-13 10:09:29] INFO Epoch 005 | train batch=670/1427 | elapsed=3.0 min | eta=3.4 min
[2026-08-13 10:09:32] INFO Epoch 005 | train batch=680/1427 | elapsed=3.0 min | eta=3.3 min
[2026-08-13 10:09:34] INFO Epoch 005 | train batch=690/1427 | elapsed=3.1 min | eta=3.3 min
[2026-08-13 10:09:37] INFO Epoch 005 | train batch=700/1427 | elapsed=3.1 min | eta=3.2 min
[2026-08-13 10:09:40] INFO Epoch 005 | train batch=710/1427 | elapsed=3.2 min | eta=3.2 min
[2026-08-13 10:09:42] INFO Epoch 005 | train batch=720/1427 | elapsed=3.2 min | eta=3.2 min
[2026-08-13 10:09:45] INFO Epoch 005 | train batch=730/1427 | elapsed=3.3 min | eta=3.1 min
[2026-08-13 10:09:48] INFO Epoch 005 | train batch=740/1427 | elapsed=3.3 min | eta=3.1 min
[2026-08-13 10:09:51] INFO Epoch 005 | train batch=750/1427 | elapsed=3.4 min | eta=3.0 min
[2026-08-13 10:09:53] INFO Epoch 005 | train batch=760/1427 | elapsed=3.4 min | eta=3.0 min
[2026-08-13 10:09:56] INFO Epoch 005 | train batch=770/1427 | elapsed=3.4 min | eta=2.9 min
[2026-08-13 10:09:59] INFO Epoch 005 | train batch=780/1427 | elapsed=3.5 min | eta=2.9 min
[2026-08-13 10:10:02] INFO Epoch 005 | train batch=790/1427 | elapsed=3.5 min | eta=2.9 min
[2026-08-13 10:10:05] INFO Epoch 005 | train batch=800/1427 | elapsed=3.6 min | eta=2.8 min
[2026-08-13 10:10:07] INFO Epoch 005 | train batch=810/1427 | elapsed=3.6 min | eta=2.8 min
[2026-08-13 10:10:11] INFO Epoch 005 | train batch=820/1427 | elapsed=3.7 min | eta=2.7 min
[2026-08-13 10:10:13] INFO Epoch 005 | train batch=830/1427 | elapsed=3.7 min | eta=2.7 min
[2026-08-13 10:10:16] INFO Epoch 005 | train batch=840/1427 | elapsed=3.8 min | eta=2.6 min
[2026-08-13 10:10:19] INFO Epoch 005 | train batch=850/1427 | elapsed=3.8 min | eta=2.6 min
[2026-08-13 10:10:22] INFO Epoch 005 | train batch=860/1427 | elapsed=3.9 min | eta=2.6 min
[2026-08-13 10:10:25] INFO Epoch 005 | train batch=870/1427 | elapsed=3.9 min | eta=2.5 min
[2026-08-13 10:10:27] INFO Epoch 005 | train batch=880/1427 | elapsed=4.0 min | eta=2.5 min
[2026-08-13 10:10:30] INFO Epoch 005 | train batch=890/1427 | elapsed=4.0 min | eta=2.4 min
[2026-08-13 10:10:32] INFO Epoch 005 | train batch=900/1427 | elapsed=4.1 min | eta=2.4 min
[2026-08-13 10:10:35] INFO Epoch 005 | train batch=910/1427 | elapsed=4.1 min | eta=2.3 min
[2026-08-13 10:10:37] INFO Epoch 005 | train batch=920/1427 | elapsed=4.1 min | eta=2.3 min
[2026-08-13 10:10:40] INFO Epoch 005 | train batch=930/1427 | elapsed=4.2 min | eta=2.2 min
[2026-08-13 10:10:43] INFO Epoch 005 | train batch=940/1427 | elapsed=4.2 min | eta=2.2 min
[2026-08-13 10:10:46] INFO Epoch 005 | train batch=950/1427 | elapsed=4.3 min | eta=2.1 min
[2026-08-13 10:10:49] INFO Epoch 005 | train batch=960/1427 | elapsed=4.3 min | eta=2.1 min
[2026-08-13 10:10:51] INFO Epoch 005 | train batch=970/1427 | elapsed=4.4 min | eta=2.1 min
[2026-08-13 10:10:54] INFO Epoch 005 | train batch=980/1427 | elapsed=4.4 min | eta=2.0 min
[2026-08-13 10:10:56] INFO Epoch 005 | train batch=990/1427 | elapsed=4.5 min | eta=2.0 min
[2026-08-13 10:10:59] INFO Epoch 005 | train batch=1000/1427 | elapsed=4.5 min | eta=1.9 min
[2026-08-13 10:11:02] INFO Epoch 005 | train batch=1010/1427 | elapsed=4.5 min | eta=1.9 min
[2026-08-13 10:11:05] INFO Epoch 005 | train batch=1020/1427 | elapsed=4.6 min | eta=1.8 min
[2026-08-13 10:11:07] INFO Epoch 005 | train batch=1030/1427 | elapsed=4.6 min | eta=1.8 min
[2026-08-13 10:11:10] INFO Epoch 005 | train batch=1040/1427 | elapsed=4.7 min | eta=1.7 min
[2026-08-13 10:11:12] INFO Epoch 005 | train batch=1050/1427 | elapsed=4.7 min | eta=1.7 min
[2026-08-13 10:11:15] INFO Epoch 005 | train batch=1060/1427 | elapsed=4.8 min | eta=1.6 min
[2026-08-13 10:11:18] INFO Epoch 005 | train batch=1070/1427 | elapsed=4.8 min | eta=1.6 min
[2026-08-13 10:11:20] INFO Epoch 005 | train batch=1080/1427 | elapsed=4.9 min | eta=1.6 min
[2026-08-13 10:11:23] INFO Epoch 005 | train batch=1090/1427 | elapsed=4.9 min | eta=1.5 min
[2026-08-13 10:11:26] INFO Epoch 005 | train batch=1100/1427 | elapsed=4.9 min | eta=1.5 min
[2026-08-13 10:11:28] INFO Epoch 005 | train batch=1110/1427 | elapsed=5.0 min | eta=1.4 min
[2026-08-13 10:11:31] INFO Epoch 005 | train batch=1120/1427 | elapsed=5.0 min | eta=1.4 min
[2026-08-13 10:11:34] INFO Epoch 005 | train batch=1130/1427 | elapsed=5.1 min | eta=1.3 min
[2026-08-13 10:11:37] INFO Epoch 005 | train batch=1140/1427 | elapsed=5.1 min | eta=1.3 min
[2026-08-13 10:11:39] INFO Epoch 005 | train batch=1150/1427 | elapsed=5.2 min | eta=1.2 min
[2026-08-13 10:11:42] INFO Epoch 005 | train batch=1160/1427 | elapsed=5.2 min | eta=1.2 min
[2026-08-13 10:11:44] INFO Epoch 005 | train batch=1170/1427 | elapsed=5.2 min | eta=1.2 min
[2026-08-13 10:11:47] INFO Epoch 005 | train batch=1180/1427 | elapsed=5.3 min | eta=1.1 min
[2026-08-13 10:11:50] INFO Epoch 005 | train batch=1190/1427 | elapsed=5.3 min | eta=1.1 min
[2026-08-13 10:11:52] INFO Epoch 005 | train batch=1200/1427 | elapsed=5.4 min | eta=1.0 min
[2026-08-13 10:11:55] INFO Epoch 005 | train batch=1210/1427 | elapsed=5.4 min | eta=1.0 min
[2026-08-13 10:11:58] INFO Epoch 005 | train batch=1220/1427 | elapsed=5.5 min | eta=0.9 min
[2026-08-13 10:12:00] INFO Epoch 005 | train batch=1230/1427 | elapsed=5.5 min | eta=0.9 min
[2026-08-13 10:12:03] INFO Epoch 005 | train batch=1240/1427 | elapsed=5.6 min | eta=0.8 min
[2026-08-13 10:12:06] INFO Epoch 005 | train batch=1250/1427 | elapsed=5.6 min | eta=0.8 min
[2026-08-13 10:12:09] INFO Epoch 005 | train batch=1260/1427 | elapsed=5.7 min | eta=0.7 min
[2026-08-13 10:12:11] INFO Epoch 005 | train batch=1270/1427 | elapsed=5.7 min | eta=0.7 min
[2026-08-13 10:12:14] INFO Epoch 005 | train batch=1280/1427 | elapsed=5.7 min | eta=0.7 min
[2026-08-13 10:12:16] INFO Epoch 005 | train batch=1290/1427 | elapsed=5.8 min | eta=0.6 min
[2026-08-13 10:12:19] INFO Epoch 005 | train batch=1300/1427 | elapsed=5.8 min | eta=0.6 min
[2026-08-13 10:12:22] INFO Epoch 005 | train batch=1310/1427 | elapsed=5.9 min | eta=0.5 min
[2026-08-13 10:12:24] INFO Epoch 005 | train batch=1320/1427 | elapsed=5.9 min | eta=0.5 min
[2026-08-13 10:12:27] INFO Epoch 005 | train batch=1330/1427 | elapsed=6.0 min | eta=0.4 min
[2026-08-13 10:12:30] INFO Epoch 005 | train batch=1340/1427 | elapsed=6.0 min | eta=0.4 min
[2026-08-13 10:12:32] INFO Epoch 005 | train batch=1350/1427 | elapsed=6.0 min | eta=0.3 min
[2026-08-13 10:12:35] INFO Epoch 005 | train batch=1360/1427 | elapsed=6.1 min | eta=0.3 min
[2026-08-13 10:12:38] INFO Epoch 005 | train batch=1370/1427 | elapsed=6.1 min | eta=0.3 min
[2026-08-13 10:12:40] INFO Epoch 005 | train batch=1380/1427 | elapsed=6.2 min | eta=0.2 min
[2026-08-13 10:12:43] INFO Epoch 005 | train batch=1390/1427 | elapsed=6.2 min | eta=0.2 min
[2026-08-13 10:12:46] INFO Epoch 005 | train batch=1400/1427 | elapsed=6.3 min | eta=0.1 min
[2026-08-13 10:12:48] INFO Epoch 005 | train batch=1410/1427 | elapsed=6.3 min | eta=0.1 min
[2026-08-13 10:12:51] INFO Epoch 005 | train batch=1420/1427 | elapsed=6.4 min | eta=0.0 min
[2026-08-13 10:12:53] INFO Epoch 005 | train batch=1427/1427 | elapsed=6.4 min | eta=0.0 min
[2026-08-13 10:12:53] INFO Epoch 005 | val batch=1/203 | elapsed=0.0 min | eta=0.3 min
[2026-08-13 10:12:54] INFO Epoch 005 | val batch=10/203 | elapsed=0.0 min | eta=0.4 min
[2026-08-13 10:12:55] INFO Epoch 005 | val batch=20/203 | elapsed=0.0 min | eta=0.4 min
[2026-08-13 10:12:57] INFO Epoch 005 | val batch=30/203 | elapsed=0.1 min | eta=0.4 min
[2026-08-13 10:12:58] INFO Epoch 005 | val batch=40/203 | elapsed=0.1 min | eta=0.4 min
[2026-08-13 10:12:59] INFO Epoch 005 | val batch=50/203 | elapsed=0.1 min | eta=0.3 min
[2026-08-13 10:13:01] INFO Epoch 005 | val batch=60/203 | elapsed=0.1 min | eta=0.3 min
[2026-08-13 10:13:02] INFO Epoch 005 | val batch=70/203 | elapsed=0.2 min | eta=0.3 min
[2026-08-13 10:13:03] INFO Epoch 005 | val batch=80/203 | elapsed=0.2 min | eta=0.3 min
[2026-08-13 10:13:05] INFO Epoch 005 | val batch=90/203 | elapsed=0.2 min | eta=0.2 min
[2026-08-13 10:13:06] INFO Epoch 005 | val batch=100/203 | elapsed=0.2 min | eta=0.2 min
[2026-08-13 10:13:07] INFO Epoch 005 | val batch=110/203 | elapsed=0.2 min | eta=0.2 min
[2026-08-13 10:13:09] INFO Epoch 005 | val batch=120/203 | elapsed=0.3 min | eta=0.2 min
[2026-08-13 10:13:10] INFO Epoch 005 | val batch=130/203 | elapsed=0.3 min | eta=0.2 min
[2026-08-13 10:13:11] INFO Epoch 005 | val batch=140/203 | elapsed=0.3 min | eta=0.1 min
[2026-08-13 10:13:13] INFO Epoch 005 | val batch=150/203 | elapsed=0.3 min | eta=0.1 min
[2026-08-13 10:13:14] INFO Epoch 005 | val batch=160/203 | elapsed=0.4 min | eta=0.1 min
[2026-08-13 10:13:15] INFO Epoch 005 | val batch=170/203 | elapsed=0.4 min | eta=0.1 min
[2026-08-13 10:13:17] INFO Epoch 005 | val batch=180/203 | elapsed=0.4 min | eta=0.1 min
[2026-08-13 10:13:18] INFO Epoch 005 | val batch=190/203 | elapsed=0.4 min | eta=0.0 min
[2026-08-13 10:13:19] INFO Epoch 005 | val batch=200/203 | elapsed=0.4 min | eta=0.0 min
[2026-08-13 10:13:19] INFO Epoch 005 | val batch=203/203 | elapsed=0.4 min | eta=0.0 min
[2026-08-13 10:13:19] INFO Epoch 005 | train_total=1.132659 | val_total=1.099743 | val_mask=0.764088 | val_retrieval=2.402397 | val_profile=0.954151 | val_anchors=660915 | val_positive_pairs=0 | val_hard_negatives=0 | val_relation_candidates=9654476 | val_teacher_keff=4.444 | val_student_keff=9.448 | val_masked_positions=1959602 | skipped(train/val)=0/0
[2026-08-13 10:13:20] INFO Relation checkpoint updated | epoch=5 | best_val_relation=2.402397 | path=C:\Users\clw\projects\researchRep\STAnchor-BlockMemory\artifacts\metrla_e5_final_sym_profile_local12_seed42\pretrain_best_relation.pt
[2026-08-13 10:13:20] INFO Epoch 006/050 started | train_batches=1427 | val_batches=203
[2026-08-13 10:13:20] INFO Epoch 006 | train batch=1/1427 | elapsed=0.0 min | eta=7.7 min
[2026-08-13 10:13:22] INFO Epoch 006 | train batch=10/1427 | elapsed=0.0 min | eta=6.8 min
[2026-08-13 10:13:25] INFO Epoch 006 | train batch=20/1427 | elapsed=0.1 min | eta=6.3 min
[2026-08-13 10:13:28] INFO Epoch 006 | train batch=30/1427 | elapsed=0.1 min | eta=6.3 min
[2026-08-13 10:13:30] INFO Epoch 006 | train batch=40/1427 | elapsed=0.2 min | eta=6.4 min
[2026-08-13 10:13:33] INFO Epoch 006 | train batch=50/1427 | elapsed=0.2 min | eta=6.3 min
[2026-08-13 10:13:36] INFO Epoch 006 | train batch=60/1427 | elapsed=0.3 min | eta=6.3 min
[2026-08-13 10:13:39] INFO Epoch 006 | train batch=70/1427 | elapsed=0.3 min | eta=6.3 min
[2026-08-13 10:13:42] INFO Epoch 006 | train batch=80/1427 | elapsed=0.4 min | eta=6.3 min
[2026-08-13 10:13:45] INFO Epoch 006 | train batch=90/1427 | elapsed=0.4 min | eta=6.3 min
[2026-08-13 10:13:48] INFO Epoch 006 | train batch=100/1427 | elapsed=0.5 min | eta=6.3 min
[2026-08-13 10:13:50] INFO Epoch 006 | train batch=110/1427 | elapsed=0.5 min | eta=6.2 min
[2026-08-13 10:13:53] INFO Epoch 006 | train batch=120/1427 | elapsed=0.6 min | eta=6.1 min
[2026-08-13 10:13:56] INFO Epoch 006 | train batch=130/1427 | elapsed=0.6 min | eta=6.1 min
[2026-08-13 10:13:59] INFO Epoch 006 | train batch=140/1427 | elapsed=0.7 min | eta=6.1 min
[2026-08-13 10:14:02] INFO Epoch 006 | train batch=150/1427 | elapsed=0.7 min | eta=6.0 min
[2026-08-13 10:14:04] INFO Epoch 006 | train batch=160/1427 | elapsed=0.7 min | eta=5.9 min
[2026-08-13 10:14:07] INFO Epoch 006 | train batch=170/1427 | elapsed=0.8 min | eta=5.8 min
[2026-08-13 10:14:10] INFO Epoch 006 | train batch=180/1427 | elapsed=0.8 min | eta=5.8 min
[2026-08-13 10:14:12] INFO Epoch 006 | train batch=190/1427 | elapsed=0.9 min | eta=5.7 min
[2026-08-13 10:14:15] INFO Epoch 006 | train batch=200/1427 | elapsed=0.9 min | eta=5.7 min
[2026-08-13 10:14:18] INFO Epoch 006 | train batch=210/1427 | elapsed=1.0 min | eta=5.7 min
[2026-08-13 10:14:21] INFO Epoch 006 | train batch=220/1427 | elapsed=1.0 min | eta=5.6 min
[2026-08-13 10:14:24] INFO Epoch 006 | train batch=230/1427 | elapsed=1.1 min | eta=5.6 min
[2026-08-13 10:14:26] INFO Epoch 006 | train batch=240/1427 | elapsed=1.1 min | eta=5.5 min
[2026-08-13 10:14:29] INFO Epoch 006 | train batch=250/1427 | elapsed=1.2 min | eta=5.4 min
[2026-08-13 10:14:32] INFO Epoch 006 | train batch=260/1427 | elapsed=1.2 min | eta=5.4 min
[2026-08-13 10:14:34] INFO Epoch 006 | train batch=270/1427 | elapsed=1.2 min | eta=5.3 min
[2026-08-13 10:14:37] INFO Epoch 006 | train batch=280/1427 | elapsed=1.3 min | eta=5.3 min
[2026-08-13 10:14:40] INFO Epoch 006 | train batch=290/1427 | elapsed=1.3 min | eta=5.2 min
[2026-08-13 10:14:42] INFO Epoch 006 | train batch=300/1427 | elapsed=1.4 min | eta=5.2 min
[2026-08-13 10:14:45] INFO Epoch 006 | train batch=310/1427 | elapsed=1.4 min | eta=5.1 min
[2026-08-13 10:14:47] INFO Epoch 006 | train batch=320/1427 | elapsed=1.5 min | eta=5.0 min
[2026-08-13 10:14:50] INFO Epoch 006 | train batch=330/1427 | elapsed=1.5 min | eta=5.0 min
[2026-08-13 10:14:53] INFO Epoch 006 | train batch=340/1427 | elapsed=1.6 min | eta=5.0 min
[2026-08-13 10:14:56] INFO Epoch 006 | train batch=350/1427 | elapsed=1.6 min | eta=4.9 min
[2026-08-13 10:14:58] INFO Epoch 006 | train batch=360/1427 | elapsed=1.6 min | eta=4.9 min
[2026-08-13 10:15:01] INFO Epoch 006 | train batch=370/1427 | elapsed=1.7 min | eta=4.8 min
[2026-08-13 10:15:03] INFO Epoch 006 | train batch=380/1427 | elapsed=1.7 min | eta=4.8 min
[2026-08-13 10:15:06] INFO Epoch 006 | train batch=390/1427 | elapsed=1.8 min | eta=4.7 min
[2026-08-13 10:15:08] INFO Epoch 006 | train batch=400/1427 | elapsed=1.8 min | eta=4.6 min
[2026-08-13 10:15:11] INFO Epoch 006 | train batch=410/1427 | elapsed=1.9 min | eta=4.6 min
[2026-08-13 10:15:13] INFO Epoch 006 | train batch=420/1427 | elapsed=1.9 min | eta=4.6 min
[2026-08-13 10:15:16] INFO Epoch 006 | train batch=430/1427 | elapsed=1.9 min | eta=4.5 min
[2026-08-13 10:15:19] INFO Epoch 006 | train batch=440/1427 | elapsed=2.0 min | eta=4.5 min
[2026-08-13 10:15:21] INFO Epoch 006 | train batch=450/1427 | elapsed=2.0 min | eta=4.4 min
[2026-08-13 10:15:24] INFO Epoch 006 | train batch=460/1427 | elapsed=2.1 min | eta=4.4 min
[2026-08-13 10:15:27] INFO Epoch 006 | train batch=470/1427 | elapsed=2.1 min | eta=4.3 min
[2026-08-13 10:15:30] INFO Epoch 006 | train batch=480/1427 | elapsed=2.2 min | eta=4.3 min
[2026-08-13 10:15:33] INFO Epoch 006 | train batch=490/1427 | elapsed=2.2 min | eta=4.2 min
[2026-08-13 10:15:35] INFO Epoch 006 | train batch=500/1427 | elapsed=2.3 min | eta=4.2 min
[2026-08-13 10:15:38] INFO Epoch 006 | train batch=510/1427 | elapsed=2.3 min | eta=4.1 min
[2026-08-13 10:15:40] INFO Epoch 006 | train batch=520/1427 | elapsed=2.3 min | eta=4.1 min
[2026-08-13 10:15:43] INFO Epoch 006 | train batch=530/1427 | elapsed=2.4 min | eta=4.0 min
[2026-08-13 10:15:46] INFO Epoch 006 | train batch=540/1427 | elapsed=2.4 min | eta=4.0 min
[2026-08-13 10:15:48] INFO Epoch 006 | train batch=550/1427 | elapsed=2.5 min | eta=3.9 min
[2026-08-13 10:15:51] INFO Epoch 006 | train batch=560/1427 | elapsed=2.5 min | eta=3.9 min
[2026-08-13 10:15:53] INFO Epoch 006 | train batch=570/1427 | elapsed=2.6 min | eta=3.9 min
[2026-08-13 10:15:56] INFO Epoch 006 | train batch=580/1427 | elapsed=2.6 min | eta=3.8 min
[2026-08-13 10:15:58] INFO Epoch 006 | train batch=590/1427 | elapsed=2.6 min | eta=3.8 min
[2026-08-13 10:16:01] INFO Epoch 006 | train batch=600/1427 | elapsed=2.7 min | eta=3.7 min
[2026-08-13 10:16:04] INFO Epoch 006 | train batch=610/1427 | elapsed=2.7 min | eta=3.7 min
[2026-08-13 10:16:06] INFO Epoch 006 | train batch=620/1427 | elapsed=2.8 min | eta=3.6 min
[2026-08-13 10:16:09] INFO Epoch 006 | train batch=630/1427 | elapsed=2.8 min | eta=3.6 min
[2026-08-13 10:16:11] INFO Epoch 006 | train batch=640/1427 | elapsed=2.9 min | eta=3.5 min
[2026-08-13 10:16:14] INFO Epoch 006 | train batch=650/1427 | elapsed=2.9 min | eta=3.5 min
[2026-08-13 10:16:17] INFO Epoch 006 | train batch=660/1427 | elapsed=3.0 min | eta=3.4 min
[2026-08-13 10:16:20] INFO Epoch 006 | train batch=670/1427 | elapsed=3.0 min | eta=3.4 min
[2026-08-13 10:16:23] INFO Epoch 006 | train batch=680/1427 | elapsed=3.1 min | eta=3.4 min
[2026-08-13 10:16:25] INFO Epoch 006 | train batch=690/1427 | elapsed=3.1 min | eta=3.3 min
[2026-08-13 10:16:28] INFO Epoch 006 | train batch=700/1427 | elapsed=3.1 min | eta=3.3 min
[2026-08-13 10:16:31] INFO Epoch 006 | train batch=710/1427 | elapsed=3.2 min | eta=3.2 min
[2026-08-13 10:16:33] INFO Epoch 006 | train batch=720/1427 | elapsed=3.2 min | eta=3.2 min
[2026-08-13 10:16:36] INFO Epoch 006 | train batch=730/1427 | elapsed=3.3 min | eta=3.1 min
[2026-08-13 10:16:39] INFO Epoch 006 | train batch=740/1427 | elapsed=3.3 min | eta=3.1 min
[2026-08-13 10:16:42] INFO Epoch 006 | train batch=750/1427 | elapsed=3.4 min | eta=3.0 min
[2026-08-13 10:16:44] INFO Epoch 006 | train batch=760/1427 | elapsed=3.4 min | eta=3.0 min
[2026-08-13 10:16:47] INFO Epoch 006 | train batch=770/1427 | elapsed=3.5 min | eta=2.9 min
[2026-08-13 10:16:49] INFO Epoch 006 | train batch=780/1427 | elapsed=3.5 min | eta=2.9 min
[2026-08-13 10:16:52] INFO Epoch 006 | train batch=790/1427 | elapsed=3.5 min | eta=2.9 min
[2026-08-13 10:16:55] INFO Epoch 006 | train batch=800/1427 | elapsed=3.6 min | eta=2.8 min
[2026-08-13 10:16:57] INFO Epoch 006 | train batch=810/1427 | elapsed=3.6 min | eta=2.8 min
[2026-08-13 10:17:00] INFO Epoch 006 | train batch=820/1427 | elapsed=3.7 min | eta=2.7 min
[2026-08-13 10:17:03] INFO Epoch 006 | train batch=830/1427 | elapsed=3.7 min | eta=2.7 min
[2026-08-13 10:17:05] INFO Epoch 006 | train batch=840/1427 | elapsed=3.8 min | eta=2.6 min
[2026-08-13 10:17:08] INFO Epoch 006 | train batch=850/1427 | elapsed=3.8 min | eta=2.6 min
[2026-08-13 10:17:11] INFO Epoch 006 | train batch=860/1427 | elapsed=3.9 min | eta=2.5 min
[2026-08-13 10:17:14] INFO Epoch 006 | train batch=870/1427 | elapsed=3.9 min | eta=2.5 min
[2026-08-13 10:17:17] INFO Epoch 006 | train batch=880/1427 | elapsed=4.0 min | eta=2.5 min
[2026-08-13 10:17:20] INFO Epoch 006 | train batch=890/1427 | elapsed=4.0 min | eta=2.4 min
[2026-08-13 10:17:22] INFO Epoch 006 | train batch=900/1427 | elapsed=4.0 min | eta=2.4 min
[2026-08-13 10:17:25] INFO Epoch 006 | train batch=910/1427 | elapsed=4.1 min | eta=2.3 min
[2026-08-13 10:17:27] INFO Epoch 006 | train batch=920/1427 | elapsed=4.1 min | eta=2.3 min
[2026-08-13 10:17:30] INFO Epoch 006 | train batch=930/1427 | elapsed=4.2 min | eta=2.2 min
[2026-08-13 10:17:32] INFO Epoch 006 | train batch=940/1427 | elapsed=4.2 min | eta=2.2 min
[2026-08-13 10:17:35] INFO Epoch 006 | train batch=950/1427 | elapsed=4.3 min | eta=2.1 min
[2026-08-13 10:17:38] INFO Epoch 006 | train batch=960/1427 | elapsed=4.3 min | eta=2.1 min
[2026-08-13 10:17:40] INFO Epoch 006 | train batch=970/1427 | elapsed=4.3 min | eta=2.0 min
[2026-08-13 10:17:43] INFO Epoch 006 | train batch=980/1427 | elapsed=4.4 min | eta=2.0 min
[2026-08-13 10:17:46] INFO Epoch 006 | train batch=990/1427 | elapsed=4.4 min | eta=2.0 min
[2026-08-13 10:17:48] INFO Epoch 006 | train batch=1000/1427 | elapsed=4.5 min | eta=1.9 min
[2026-08-13 10:17:51] INFO Epoch 006 | train batch=1010/1427 | elapsed=4.5 min | eta=1.9 min
[2026-08-13 10:17:54] INFO Epoch 006 | train batch=1020/1427 | elapsed=4.6 min | eta=1.8 min
[2026-08-13 10:17:56] INFO Epoch 006 | train batch=1030/1427 | elapsed=4.6 min | eta=1.8 min
[2026-08-13 10:17:59] INFO Epoch 006 | train batch=1040/1427 | elapsed=4.7 min | eta=1.7 min
[2026-08-13 10:18:02] INFO Epoch 006 | train batch=1050/1427 | elapsed=4.7 min | eta=1.7 min
[2026-08-13 10:18:05] INFO Epoch 006 | train batch=1060/1427 | elapsed=4.8 min | eta=1.6 min
[2026-08-13 10:18:08] INFO Epoch 006 | train batch=1070/1427 | elapsed=4.8 min | eta=1.6 min
[2026-08-13 10:18:11] INFO Epoch 006 | train batch=1080/1427 | elapsed=4.9 min | eta=1.6 min
[2026-08-13 10:18:13] INFO Epoch 006 | train batch=1090/1427 | elapsed=4.9 min | eta=1.5 min
[2026-08-13 10:18:16] INFO Epoch 006 | train batch=1100/1427 | elapsed=4.9 min | eta=1.5 min
[2026-08-13 10:18:18] INFO Epoch 006 | train batch=1110/1427 | elapsed=5.0 min | eta=1.4 min
[2026-08-13 10:18:21] INFO Epoch 006 | train batch=1120/1427 | elapsed=5.0 min | eta=1.4 min
[2026-08-13 10:18:24] INFO Epoch 006 | train batch=1130/1427 | elapsed=5.1 min | eta=1.3 min
[2026-08-13 10:18:27] INFO Epoch 006 | train batch=1140/1427 | elapsed=5.1 min | eta=1.3 min
[2026-08-13 10:18:30] INFO Epoch 006 | train batch=1150/1427 | elapsed=5.2 min | eta=1.2 min
[2026-08-13 10:18:32] INFO Epoch 006 | train batch=1160/1427 | elapsed=5.2 min | eta=1.2 min
[2026-08-13 10:18:35] INFO Epoch 006 | train batch=1170/1427 | elapsed=5.3 min | eta=1.2 min
[2026-08-13 10:18:38] INFO Epoch 006 | train batch=1180/1427 | elapsed=5.3 min | eta=1.1 min
[2026-08-13 10:18:40] INFO Epoch 006 | train batch=1190/1427 | elapsed=5.3 min | eta=1.1 min
[2026-08-13 10:18:43] INFO Epoch 006 | train batch=1200/1427 | elapsed=5.4 min | eta=1.0 min
[2026-08-13 10:18:46] INFO Epoch 006 | train batch=1210/1427 | elapsed=5.4 min | eta=1.0 min
[2026-08-13 10:18:49] INFO Epoch 006 | train batch=1220/1427 | elapsed=5.5 min | eta=0.9 min
[2026-08-13 10:18:52] INFO Epoch 006 | train batch=1230/1427 | elapsed=5.5 min | eta=0.9 min
[2026-08-13 10:18:55] INFO Epoch 006 | train batch=1240/1427 | elapsed=5.6 min | eta=0.8 min
[2026-08-13 10:18:57] INFO Epoch 006 | train batch=1250/1427 | elapsed=5.6 min | eta=0.8 min
[2026-08-13 10:19:00] INFO Epoch 006 | train batch=1260/1427 | elapsed=5.7 min | eta=0.8 min
[2026-08-13 10:19:03] INFO Epoch 006 | train batch=1270/1427 | elapsed=5.7 min | eta=0.7 min
[2026-08-13 10:19:05] INFO Epoch 006 | train batch=1280/1427 | elapsed=5.8 min | eta=0.7 min
[2026-08-13 10:19:08] INFO Epoch 006 | train batch=1290/1427 | elapsed=5.8 min | eta=0.6 min
[2026-08-13 10:19:10] INFO Epoch 006 | train batch=1300/1427 | elapsed=5.8 min | eta=0.6 min
[2026-08-13 10:19:13] INFO Epoch 006 | train batch=1310/1427 | elapsed=5.9 min | eta=0.5 min
[2026-08-13 10:19:15] INFO Epoch 006 | train batch=1320/1427 | elapsed=5.9 min | eta=0.5 min
[2026-08-13 10:19:18] INFO Epoch 006 | train batch=1330/1427 | elapsed=6.0 min | eta=0.4 min
[2026-08-13 10:19:20] INFO Epoch 006 | train batch=1340/1427 | elapsed=6.0 min | eta=0.4 min
[2026-08-13 10:19:23] INFO Epoch 006 | train batch=1350/1427 | elapsed=6.1 min | eta=0.3 min
[2026-08-13 10:19:26] INFO Epoch 006 | train batch=1360/1427 | elapsed=6.1 min | eta=0.3 min
[2026-08-13 10:19:29] INFO Epoch 006 | train batch=1370/1427 | elapsed=6.2 min | eta=0.3 min
[2026-08-13 10:19:32] INFO Epoch 006 | train batch=1380/1427 | elapsed=6.2 min | eta=0.2 min
[2026-08-13 10:19:34] INFO Epoch 006 | train batch=1390/1427 | elapsed=6.2 min | eta=0.2 min
[2026-08-13 10:19:37] INFO Epoch 006 | train batch=1400/1427 | elapsed=6.3 min | eta=0.1 min
[2026-08-13 10:19:39] INFO Epoch 006 | train batch=1410/1427 | elapsed=6.3 min | eta=0.1 min
[2026-08-13 10:19:42] INFO Epoch 006 | train batch=1420/1427 | elapsed=6.4 min | eta=0.0 min
[2026-08-13 10:19:44] INFO Epoch 006 | train batch=1427/1427 | elapsed=6.4 min | eta=0.0 min
[2026-08-13 10:19:44] INFO Epoch 006 | val batch=1/203 | elapsed=0.0 min | eta=0.3 min
[2026-08-13 10:19:45] INFO Epoch 006 | val batch=10/203 | elapsed=0.0 min | eta=0.4 min
[2026-08-13 10:19:46] INFO Epoch 006 | val batch=20/203 | elapsed=0.0 min | eta=0.4 min
[2026-08-13 10:19:48] INFO Epoch 006 | val batch=30/203 | elapsed=0.1 min | eta=0.4 min
[2026-08-13 10:19:49] INFO Epoch 006 | val batch=40/203 | elapsed=0.1 min | eta=0.4 min
[2026-08-13 10:19:50] INFO Epoch 006 | val batch=50/203 | elapsed=0.1 min | eta=0.3 min
[2026-08-13 10:19:52] INFO Epoch 006 | val batch=60/203 | elapsed=0.1 min | eta=0.3 min
[2026-08-13 10:19:53] INFO Epoch 006 | val batch=70/203 | elapsed=0.2 min | eta=0.3 min
[2026-08-13 10:19:54] INFO Epoch 006 | val batch=80/203 | elapsed=0.2 min | eta=0.3 min
[2026-08-13 10:19:56] INFO Epoch 006 | val batch=90/203 | elapsed=0.2 min | eta=0.2 min
[2026-08-13 10:19:57] INFO Epoch 006 | val batch=100/203 | elapsed=0.2 min | eta=0.2 min
[2026-08-13 10:19:58] INFO Epoch 006 | val batch=110/203 | elapsed=0.2 min | eta=0.2 min
[2026-08-13 10:19:59] INFO Epoch 006 | val batch=120/203 | elapsed=0.3 min | eta=0.2 min
[2026-08-13 10:20:01] INFO Epoch 006 | val batch=130/203 | elapsed=0.3 min | eta=0.2 min
[2026-08-13 10:20:02] INFO Epoch 006 | val batch=140/203 | elapsed=0.3 min | eta=0.1 min
[2026-08-13 10:20:03] INFO Epoch 006 | val batch=150/203 | elapsed=0.3 min | eta=0.1 min
[2026-08-13 10:20:05] INFO Epoch 006 | val batch=160/203 | elapsed=0.4 min | eta=0.1 min
[2026-08-13 10:20:06] INFO Epoch 006 | val batch=170/203 | elapsed=0.4 min | eta=0.1 min
[2026-08-13 10:20:07] INFO Epoch 006 | val batch=180/203 | elapsed=0.4 min | eta=0.1 min
[2026-08-13 10:20:09] INFO Epoch 006 | val batch=190/203 | elapsed=0.4 min | eta=0.0 min
[2026-08-13 10:20:10] INFO Epoch 006 | val batch=200/203 | elapsed=0.4 min | eta=0.0 min
[2026-08-13 10:20:10] INFO Epoch 006 | val batch=203/203 | elapsed=0.4 min | eta=0.0 min
[2026-08-13 10:20:10] INFO Epoch 006 | train_total=1.091713 | val_total=0.976689 | val_mask=0.641826 | val_retrieval=2.396052 | val_profile=0.952572 | val_anchors=660915 | val_positive_pairs=0 | val_hard_negatives=0 | val_relation_candidates=9654476 | val_teacher_keff=4.444 | val_student_keff=9.923 | val_masked_positions=1958485 | skipped(train/val)=0/0
[2026-08-13 10:20:10] INFO Checkpoint updated | epoch=6 | best_val=0.976689 | path=C:\Users\clw\projects\researchRep\STAnchor-BlockMemory\artifacts\metrla_e5_final_sym_profile_local12_seed42\pretrain_best.pt
[2026-08-13 10:20:10] INFO Relation checkpoint updated | epoch=6 | best_val_relation=2.396052 | path=C:\Users\clw\projects\researchRep\STAnchor-BlockMemory\artifacts\metrla_e5_final_sym_profile_local12_seed42\pretrain_best_relation.pt
[2026-08-13 10:20:10] INFO Epoch 007/050 started | train_batches=1427 | val_batches=203
[2026-08-13 10:20:11] INFO Epoch 007 | train batch=1/1427 | elapsed=0.0 min | eta=7.8 min
[2026-08-13 10:20:13] INFO Epoch 007 | train batch=10/1427 | elapsed=0.0 min | eta=6.3 min
[2026-08-13 10:20:16] INFO Epoch 007 | train batch=20/1427 | elapsed=0.1 min | eta=6.3 min
[2026-08-13 10:20:18] INFO Epoch 007 | train batch=30/1427 | elapsed=0.1 min | eta=6.1 min
[2026-08-13 10:20:21] INFO Epoch 007 | train batch=40/1427 | elapsed=0.2 min | eta=5.9 min
[2026-08-13 10:20:24] INFO Epoch 007 | train batch=50/1427 | elapsed=0.2 min | eta=6.0 min
[2026-08-13 10:20:26] INFO Epoch 007 | train batch=60/1427 | elapsed=0.3 min | eta=6.0 min
[2026-08-13 10:20:29] INFO Epoch 007 | train batch=70/1427 | elapsed=0.3 min | eta=5.9 min
[2026-08-13 10:20:31] INFO Epoch 007 | train batch=80/1427 | elapsed=0.3 min | eta=5.9 min
[2026-08-13 10:20:34] INFO Epoch 007 | train batch=90/1427 | elapsed=0.4 min | eta=5.9 min
[2026-08-13 10:20:37] INFO Epoch 007 | train batch=100/1427 | elapsed=0.4 min | eta=5.9 min
[2026-08-13 10:20:40] INFO Epoch 007 | train batch=110/1427 | elapsed=0.5 min | eta=5.8 min
[2026-08-13 10:20:42] INFO Epoch 007 | train batch=120/1427 | elapsed=0.5 min | eta=5.8 min
[2026-08-13 10:20:45] INFO Epoch 007 | train batch=130/1427 | elapsed=0.6 min | eta=5.7 min
[2026-08-13 10:20:48] INFO Epoch 007 | train batch=140/1427 | elapsed=0.6 min | eta=5.7 min
[2026-08-13 10:20:51] INFO Epoch 007 | train batch=150/1427 | elapsed=0.7 min | eta=5.7 min
[2026-08-13 10:20:53] INFO Epoch 007 | train batch=160/1427 | elapsed=0.7 min | eta=5.7 min
[2026-08-13 10:20:56] INFO Epoch 007 | train batch=170/1427 | elapsed=0.8 min | eta=5.6 min
[2026-08-13 10:20:59] INFO Epoch 007 | train batch=180/1427 | elapsed=0.8 min | eta=5.6 min
[2026-08-13 10:21:01] INFO Epoch 007 | train batch=190/1427 | elapsed=0.8 min | eta=5.5 min
[2026-08-13 10:21:04] INFO Epoch 007 | train batch=200/1427 | elapsed=0.9 min | eta=5.5 min
[2026-08-13 10:21:07] INFO Epoch 007 | train batch=210/1427 | elapsed=0.9 min | eta=5.5 min
[2026-08-13 10:21:10] INFO Epoch 007 | train batch=220/1427 | elapsed=1.0 min | eta=5.4 min
[2026-08-13 10:21:12] INFO Epoch 007 | train batch=230/1427 | elapsed=1.0 min | eta=5.4 min
[2026-08-13 10:21:15] INFO Epoch 007 | train batch=240/1427 | elapsed=1.1 min | eta=5.3 min
[2026-08-13 10:21:18] INFO Epoch 007 | train batch=250/1427 | elapsed=1.1 min | eta=5.3 min
[2026-08-13 10:21:20] INFO Epoch 007 | train batch=260/1427 | elapsed=1.2 min | eta=5.2 min
[2026-08-13 10:21:23] INFO Epoch 007 | train batch=270/1427 | elapsed=1.2 min | eta=5.2 min
[2026-08-13 10:21:26] INFO Epoch 007 | train batch=280/1427 | elapsed=1.3 min | eta=5.2 min
[2026-08-13 10:21:29] INFO Epoch 007 | train batch=290/1427 | elapsed=1.3 min | eta=5.1 min
[2026-08-13 10:21:31] INFO Epoch 007 | train batch=300/1427 | elapsed=1.3 min | eta=5.1 min
[2026-08-13 10:21:34] INFO Epoch 007 | train batch=310/1427 | elapsed=1.4 min | eta=5.0 min
[2026-08-13 10:21:37] INFO Epoch 007 | train batch=320/1427 | elapsed=1.4 min | eta=5.0 min
[2026-08-13 10:21:39] INFO Epoch 007 | train batch=330/1427 | elapsed=1.5 min | eta=4.9 min
[2026-08-13 10:21:42] INFO Epoch 007 | train batch=340/1427 | elapsed=1.5 min | eta=4.9 min
[2026-08-13 10:21:44] INFO Epoch 007 | train batch=350/1427 | elapsed=1.6 min | eta=4.8 min
[2026-08-13 10:21:47] INFO Epoch 007 | train batch=360/1427 | elapsed=1.6 min | eta=4.8 min
[2026-08-13 10:21:50] INFO Epoch 007 | train batch=370/1427 | elapsed=1.7 min | eta=4.7 min
[2026-08-13 10:21:52] INFO Epoch 007 | train batch=380/1427 | elapsed=1.7 min | eta=4.7 min
[2026-08-13 10:21:55] INFO Epoch 007 | train batch=390/1427 | elapsed=1.7 min | eta=4.6 min
[2026-08-13 10:21:57] INFO Epoch 007 | train batch=400/1427 | elapsed=1.8 min | eta=4.6 min
[2026-08-13 10:22:00] INFO Epoch 007 | train batch=410/1427 | elapsed=1.8 min | eta=4.5 min
[2026-08-13 10:22:02] INFO Epoch 007 | train batch=420/1427 | elapsed=1.9 min | eta=4.5 min
[2026-08-13 10:22:05] INFO Epoch 007 | train batch=430/1427 | elapsed=1.9 min | eta=4.4 min
[2026-08-13 10:22:08] INFO Epoch 007 | train batch=440/1427 | elapsed=2.0 min | eta=4.4 min
[2026-08-13 10:22:10] INFO Epoch 007 | train batch=450/1427 | elapsed=2.0 min | eta=4.3 min
[2026-08-13 10:22:14] INFO Epoch 007 | train batch=460/1427 | elapsed=2.1 min | eta=4.3 min
[2026-08-13 10:22:16] INFO Epoch 007 | train batch=470/1427 | elapsed=2.1 min | eta=4.3 min
[2026-08-13 10:22:19] INFO Epoch 007 | train batch=480/1427 | elapsed=2.1 min | eta=4.2 min
[2026-08-13 10:22:22] INFO Epoch 007 | train batch=490/1427 | elapsed=2.2 min | eta=4.2 min
[2026-08-13 10:22:24] INFO Epoch 007 | train batch=500/1427 | elapsed=2.2 min | eta=4.1 min
[2026-08-13 10:22:27] INFO Epoch 007 | train batch=510/1427 | elapsed=2.3 min | eta=4.1 min
[2026-08-13 10:22:30] INFO Epoch 007 | train batch=520/1427 | elapsed=2.3 min | eta=4.0 min
[2026-08-13 10:22:32] INFO Epoch 007 | train batch=530/1427 | elapsed=2.4 min | eta=4.0 min
[2026-08-13 10:22:35] INFO Epoch 007 | train batch=540/1427 | elapsed=2.4 min | eta=4.0 min
[2026-08-13 10:22:38] INFO Epoch 007 | train batch=550/1427 | elapsed=2.5 min | eta=3.9 min
[2026-08-13 10:22:41] INFO Epoch 007 | train batch=560/1427 | elapsed=2.5 min | eta=3.9 min
[2026-08-13 10:22:43] INFO Epoch 007 | train batch=570/1427 | elapsed=2.6 min | eta=3.8 min
[2026-08-13 10:22:46] INFO Epoch 007 | train batch=580/1427 | elapsed=2.6 min | eta=3.8 min
[2026-08-13 10:22:49] INFO Epoch 007 | train batch=590/1427 | elapsed=2.6 min | eta=3.7 min
[2026-08-13 10:22:51] INFO Epoch 007 | train batch=600/1427 | elapsed=2.7 min | eta=3.7 min
[2026-08-13 10:22:54] INFO Epoch 007 | train batch=610/1427 | elapsed=2.7 min | eta=3.7 min
[2026-08-13 10:22:57] INFO Epoch 007 | train batch=620/1427 | elapsed=2.8 min | eta=3.6 min
[2026-08-13 10:23:00] INFO Epoch 007 | train batch=630/1427 | elapsed=2.8 min | eta=3.6 min
[2026-08-13 10:23:02] INFO Epoch 007 | train batch=640/1427 | elapsed=2.9 min | eta=3.5 min
[2026-08-13 10:23:05] INFO Epoch 007 | train batch=650/1427 | elapsed=2.9 min | eta=3.5 min
[2026-08-13 10:23:08] INFO Epoch 007 | train batch=660/1427 | elapsed=3.0 min | eta=3.4 min
[2026-08-13 10:23:10] INFO Epoch 007 | train batch=670/1427 | elapsed=3.0 min | eta=3.4 min
[2026-08-13 10:23:13] INFO Epoch 007 | train batch=680/1427 | elapsed=3.0 min | eta=3.3 min
[2026-08-13 10:23:16] INFO Epoch 007 | train batch=690/1427 | elapsed=3.1 min | eta=3.3 min
[2026-08-13 10:23:19] INFO Epoch 007 | train batch=700/1427 | elapsed=3.1 min | eta=3.3 min
[2026-08-13 10:23:21] INFO Epoch 007 | train batch=710/1427 | elapsed=3.2 min | eta=3.2 min
[2026-08-13 10:23:24] INFO Epoch 007 | train batch=720/1427 | elapsed=3.2 min | eta=3.2 min
[2026-08-13 10:23:26] INFO Epoch 007 | train batch=730/1427 | elapsed=3.3 min | eta=3.1 min
[2026-08-13 10:23:29] INFO Epoch 007 | train batch=740/1427 | elapsed=3.3 min | eta=3.1 min
[2026-08-13 10:23:32] INFO Epoch 007 | train batch=750/1427 | elapsed=3.4 min | eta=3.0 min
[2026-08-13 10:23:35] INFO Epoch 007 | train batch=760/1427 | elapsed=3.4 min | eta=3.0 min
[2026-08-13 10:23:37] INFO Epoch 007 | train batch=770/1427 | elapsed=3.4 min | eta=2.9 min
[2026-08-13 10:23:40] INFO Epoch 007 | train batch=780/1427 | elapsed=3.5 min | eta=2.9 min
[2026-08-13 10:23:43] INFO Epoch 007 | train batch=790/1427 | elapsed=3.5 min | eta=2.9 min
[2026-08-13 10:23:45] INFO Epoch 007 | train batch=800/1427 | elapsed=3.6 min | eta=2.8 min
[2026-08-13 10:23:48] INFO Epoch 007 | train batch=810/1427 | elapsed=3.6 min | eta=2.8 min
[2026-08-13 10:23:50] INFO Epoch 007 | train batch=820/1427 | elapsed=3.7 min | eta=2.7 min
[2026-08-13 10:23:53] INFO Epoch 007 | train batch=830/1427 | elapsed=3.7 min | eta=2.7 min
[2026-08-13 10:23:55] INFO Epoch 007 | train batch=840/1427 | elapsed=3.7 min | eta=2.6 min
[2026-08-13 10:23:58] INFO Epoch 007 | train batch=850/1427 | elapsed=3.8 min | eta=2.6 min
[2026-08-13 10:24:01] INFO Epoch 007 | train batch=860/1427 | elapsed=3.8 min | eta=2.5 min
[2026-08-13 10:24:04] INFO Epoch 007 | train batch=870/1427 | elapsed=3.9 min | eta=2.5 min
[2026-08-13 10:24:07] INFO Epoch 007 | train batch=880/1427 | elapsed=3.9 min | eta=2.4 min
[2026-08-13 10:24:09] INFO Epoch 007 | train batch=890/1427 | elapsed=4.0 min | eta=2.4 min
[2026-08-13 10:24:12] INFO Epoch 007 | train batch=900/1427 | elapsed=4.0 min | eta=2.4 min
[2026-08-13 10:24:15] INFO Epoch 007 | train batch=910/1427 | elapsed=4.1 min | eta=2.3 min
[2026-08-13 10:24:17] INFO Epoch 007 | train batch=920/1427 | elapsed=4.1 min | eta=2.3 min
[2026-08-13 10:24:20] INFO Epoch 007 | train batch=930/1427 | elapsed=4.2 min | eta=2.2 min
[2026-08-13 10:24:23] INFO Epoch 007 | train batch=940/1427 | elapsed=4.2 min | eta=2.2 min
[2026-08-13 10:24:26] INFO Epoch 007 | train batch=950/1427 | elapsed=4.3 min | eta=2.1 min
[2026-08-13 10:24:28] INFO Epoch 007 | train batch=960/1427 | elapsed=4.3 min | eta=2.1 min
[2026-08-13 10:24:31] INFO Epoch 007 | train batch=970/1427 | elapsed=4.3 min | eta=2.0 min
[2026-08-13 10:24:34] INFO Epoch 007 | train batch=980/1427 | elapsed=4.4 min | eta=2.0 min
[2026-08-13 10:24:36] INFO Epoch 007 | train batch=990/1427 | elapsed=4.4 min | eta=2.0 min
[2026-08-13 10:24:38] INFO Epoch 007 | train batch=1000/1427 | elapsed=4.5 min | eta=1.9 min
[2026-08-13 10:24:41] INFO Epoch 007 | train batch=1010/1427 | elapsed=4.5 min | eta=1.9 min
[2026-08-13 10:24:44] INFO Epoch 007 | train batch=1020/1427 | elapsed=4.6 min | eta=1.8 min
[2026-08-13 10:24:47] INFO Epoch 007 | train batch=1030/1427 | elapsed=4.6 min | eta=1.8 min
[2026-08-13 10:24:50] INFO Epoch 007 | train batch=1040/1427 | elapsed=4.7 min | eta=1.7 min
[2026-08-13 10:24:53] INFO Epoch 007 | train batch=1050/1427 | elapsed=4.7 min | eta=1.7 min
[2026-08-13 10:24:55] INFO Epoch 007 | train batch=1060/1427 | elapsed=4.7 min | eta=1.6 min
[2026-08-13 10:24:57] INFO Epoch 007 | train batch=1070/1427 | elapsed=4.8 min | eta=1.6 min
[2026-08-13 10:25:01] INFO Epoch 007 | train batch=1080/1427 | elapsed=4.8 min | eta=1.6 min
[2026-08-13 10:25:03] INFO Epoch 007 | train batch=1090/1427 | elapsed=4.9 min | eta=1.5 min
[2026-08-13 10:25:06] INFO Epoch 007 | train batch=1100/1427 | elapsed=4.9 min | eta=1.5 min
[2026-08-13 10:25:09] INFO Epoch 007 | train batch=1110/1427 | elapsed=5.0 min | eta=1.4 min
[2026-08-13 10:25:11] INFO Epoch 007 | train batch=1120/1427 | elapsed=5.0 min | eta=1.4 min
[2026-08-13 10:25:14] INFO Epoch 007 | train batch=1130/1427 | elapsed=5.1 min | eta=1.3 min
[2026-08-13 10:25:17] INFO Epoch 007 | train batch=1140/1427 | elapsed=5.1 min | eta=1.3 min
[2026-08-13 10:25:20] INFO Epoch 007 | train batch=1150/1427 | elapsed=5.2 min | eta=1.2 min
[2026-08-13 10:25:23] INFO Epoch 007 | train batch=1160/1427 | elapsed=5.2 min | eta=1.2 min
[2026-08-13 10:25:25] INFO Epoch 007 | train batch=1170/1427 | elapsed=5.2 min | eta=1.2 min
[2026-08-13 10:25:28] INFO Epoch 007 | train batch=1180/1427 | elapsed=5.3 min | eta=1.1 min
[2026-08-13 10:25:30] INFO Epoch 007 | train batch=1190/1427 | elapsed=5.3 min | eta=1.1 min
[2026-08-13 10:25:33] INFO Epoch 007 | train batch=1200/1427 | elapsed=5.4 min | eta=1.0 min
[2026-08-13 10:25:36] INFO Epoch 007 | train batch=1210/1427 | elapsed=5.4 min | eta=1.0 min
[2026-08-13 10:25:38] INFO Epoch 007 | train batch=1220/1427 | elapsed=5.5 min | eta=0.9 min
[2026-08-13 10:25:41] INFO Epoch 007 | train batch=1230/1427 | elapsed=5.5 min | eta=0.9 min
[2026-08-13 10:25:44] INFO Epoch 007 | train batch=1240/1427 | elapsed=5.6 min | eta=0.8 min
[2026-08-13 10:25:47] INFO Epoch 007 | train batch=1250/1427 | elapsed=5.6 min | eta=0.8 min
[2026-08-13 10:25:49] INFO Epoch 007 | train batch=1260/1427 | elapsed=5.6 min | eta=0.7 min
[2026-08-13 10:25:52] INFO Epoch 007 | train batch=1270/1427 | elapsed=5.7 min | eta=0.7 min
[2026-08-13 10:25:55] INFO Epoch 007 | train batch=1280/1427 | elapsed=5.7 min | eta=0.7 min
[2026-08-13 10:25:58] INFO Epoch 007 | train batch=1290/1427 | elapsed=5.8 min | eta=0.6 min
[2026-08-13 10:26:00] INFO Epoch 007 | train batch=1300/1427 | elapsed=5.8 min | eta=0.6 min
[2026-08-13 10:26:03] INFO Epoch 007 | train batch=1310/1427 | elapsed=5.9 min | eta=0.5 min
[2026-08-13 10:26:06] INFO Epoch 007 | train batch=1320/1427 | elapsed=5.9 min | eta=0.5 min
[2026-08-13 10:26:09] INFO Epoch 007 | train batch=1330/1427 | elapsed=6.0 min | eta=0.4 min
[2026-08-13 10:26:11] INFO Epoch 007 | train batch=1340/1427 | elapsed=6.0 min | eta=0.4 min
[2026-08-13 10:26:14] INFO Epoch 007 | train batch=1350/1427 | elapsed=6.1 min | eta=0.3 min
[2026-08-13 10:26:17] INFO Epoch 007 | train batch=1360/1427 | elapsed=6.1 min | eta=0.3 min
[2026-08-13 10:26:19] INFO Epoch 007 | train batch=1370/1427 | elapsed=6.2 min | eta=0.3 min
[2026-08-13 10:26:22] INFO Epoch 007 | train batch=1380/1427 | elapsed=6.2 min | eta=0.2 min
[2026-08-13 10:26:25] INFO Epoch 007 | train batch=1390/1427 | elapsed=6.2 min | eta=0.2 min
[2026-08-13 10:26:28] INFO Epoch 007 | train batch=1400/1427 | elapsed=6.3 min | eta=0.1 min
[2026-08-13 10:26:31] INFO Epoch 007 | train batch=1410/1427 | elapsed=6.3 min | eta=0.1 min
[2026-08-13 10:26:34] INFO Epoch 007 | train batch=1420/1427 | elapsed=6.4 min | eta=0.0 min
[2026-08-13 10:26:35] INFO Epoch 007 | train batch=1427/1427 | elapsed=6.4 min | eta=0.0 min
[2026-08-13 10:26:35] INFO Epoch 007 | val batch=1/203 | elapsed=0.0 min | eta=0.3 min
[2026-08-13 10:26:36] INFO Epoch 007 | val batch=10/203 | elapsed=0.0 min | eta=0.4 min
[2026-08-13 10:26:38] INFO Epoch 007 | val batch=20/203 | elapsed=0.0 min | eta=0.4 min
[2026-08-13 10:26:39] INFO Epoch 007 | val batch=30/203 | elapsed=0.1 min | eta=0.4 min
[2026-08-13 10:26:40] INFO Epoch 007 | val batch=40/203 | elapsed=0.1 min | eta=0.4 min
[2026-08-13 10:26:42] INFO Epoch 007 | val batch=50/203 | elapsed=0.1 min | eta=0.3 min
[2026-08-13 10:26:43] INFO Epoch 007 | val batch=60/203 | elapsed=0.1 min | eta=0.3 min
[2026-08-13 10:26:44] INFO Epoch 007 | val batch=70/203 | elapsed=0.2 min | eta=0.3 min
[2026-08-13 10:26:46] INFO Epoch 007 | val batch=80/203 | elapsed=0.2 min | eta=0.3 min
[2026-08-13 10:26:47] INFO Epoch 007 | val batch=90/203 | elapsed=0.2 min | eta=0.2 min
[2026-08-13 10:26:48] INFO Epoch 007 | val batch=100/203 | elapsed=0.2 min | eta=0.2 min
[2026-08-13 10:26:50] INFO Epoch 007 | val batch=110/203 | elapsed=0.2 min | eta=0.2 min
[2026-08-13 10:26:51] INFO Epoch 007 | val batch=120/203 | elapsed=0.3 min | eta=0.2 min
[2026-08-13 10:26:52] INFO Epoch 007 | val batch=130/203 | elapsed=0.3 min | eta=0.2 min
[2026-08-13 10:26:54] INFO Epoch 007 | val batch=140/203 | elapsed=0.3 min | eta=0.1 min
[2026-08-13 10:26:55] INFO Epoch 007 | val batch=150/203 | elapsed=0.3 min | eta=0.1 min
[2026-08-13 10:26:56] INFO Epoch 007 | val batch=160/203 | elapsed=0.4 min | eta=0.1 min
[2026-08-13 10:26:58] INFO Epoch 007 | val batch=170/203 | elapsed=0.4 min | eta=0.1 min
[2026-08-13 10:26:59] INFO Epoch 007 | val batch=180/203 | elapsed=0.4 min | eta=0.1 min
[2026-08-13 10:27:00] INFO Epoch 007 | val batch=190/203 | elapsed=0.4 min | eta=0.0 min
[2026-08-13 10:27:02] INFO Epoch 007 | val batch=200/203 | elapsed=0.4 min | eta=0.0 min
[2026-08-13 10:27:02] INFO Epoch 007 | val batch=203/203 | elapsed=0.4 min | eta=0.0 min
[2026-08-13 10:27:02] INFO Epoch 007 | train_total=1.011478 | val_total=1.125661 | val_mask=0.790955 | val_retrieval=2.396959 | val_profile=0.950098 | val_anchors=660915 | val_positive_pairs=0 | val_hard_negatives=0 | val_relation_candidates=9654476 | val_teacher_keff=4.444 | val_student_keff=9.567 | val_masked_positions=1958857 | skipped(train/val)=0/0
[2026-08-13 10:27:02] INFO Epoch 008/050 started | train_batches=1427 | val_batches=203
[2026-08-13 10:27:02] INFO Epoch 008 | train batch=1/1427 | elapsed=0.0 min | eta=7.7 min
[2026-08-13 10:27:05] INFO Epoch 008 | train batch=10/1427 | elapsed=0.0 min | eta=6.7 min
[2026-08-13 10:27:08] INFO Epoch 008 | train batch=20/1427 | elapsed=0.1 min | eta=6.5 min
[2026-08-13 10:27:10] INFO Epoch 008 | train batch=30/1427 | elapsed=0.1 min | eta=6.5 min
[2026-08-13 10:27:13] INFO Epoch 008 | train batch=40/1427 | elapsed=0.2 min | eta=6.3 min
[2026-08-13 10:27:16] INFO Epoch 008 | train batch=50/1427 | elapsed=0.2 min | eta=6.3 min
[2026-08-13 10:27:19] INFO Epoch 008 | train batch=60/1427 | elapsed=0.3 min | eta=6.3 min
[2026-08-13 10:27:21] INFO Epoch 008 | train batch=70/1427 | elapsed=0.3 min | eta=6.3 min
[2026-08-13 10:27:24] INFO Epoch 008 | train batch=80/1427 | elapsed=0.4 min | eta=6.2 min
[2026-08-13 10:27:27] INFO Epoch 008 | train batch=90/1427 | elapsed=0.4 min | eta=6.1 min
[2026-08-13 10:27:30] INFO Epoch 008 | train batch=100/1427 | elapsed=0.5 min | eta=6.1 min
[2026-08-13 10:27:32] INFO Epoch 008 | train batch=110/1427 | elapsed=0.5 min | eta=6.1 min
[2026-08-13 10:27:35] INFO Epoch 008 | train batch=120/1427 | elapsed=0.6 min | eta=6.0 min
[2026-08-13 10:27:38] INFO Epoch 008 | train batch=130/1427 | elapsed=0.6 min | eta=6.0 min
[2026-08-13 10:27:41] INFO Epoch 008 | train batch=140/1427 | elapsed=0.6 min | eta=5.9 min
[2026-08-13 10:27:43] INFO Epoch 008 | train batch=150/1427 | elapsed=0.7 min | eta=5.8 min
[2026-08-13 10:27:46] INFO Epoch 008 | train batch=160/1427 | elapsed=0.7 min | eta=5.8 min
[2026-08-13 10:27:49] INFO Epoch 008 | train batch=170/1427 | elapsed=0.8 min | eta=5.8 min
[2026-08-13 10:27:52] INFO Epoch 008 | train batch=180/1427 | elapsed=0.8 min | eta=5.8 min
[2026-08-13 10:27:55] INFO Epoch 008 | train batch=190/1427 | elapsed=0.9 min | eta=5.7 min
[2026-08-13 10:27:57] INFO Epoch 008 | train batch=200/1427 | elapsed=0.9 min | eta=5.7 min
[2026-08-13 10:28:00] INFO Epoch 008 | train batch=210/1427 | elapsed=1.0 min | eta=5.6 min
[2026-08-13 10:28:02] INFO Epoch 008 | train batch=220/1427 | elapsed=1.0 min | eta=5.5 min
[2026-08-13 10:28:06] INFO Epoch 008 | train batch=230/1427 | elapsed=1.1 min | eta=5.5 min
[2026-08-13 10:28:08] INFO Epoch 008 | train batch=240/1427 | elapsed=1.1 min | eta=5.5 min
[2026-08-13 10:28:11] INFO Epoch 008 | train batch=250/1427 | elapsed=1.2 min | eta=5.4 min
[2026-08-13 10:28:14] INFO Epoch 008 | train batch=260/1427 | elapsed=1.2 min | eta=5.4 min
[2026-08-13 10:28:16] INFO Epoch 008 | train batch=270/1427 | elapsed=1.2 min | eta=5.3 min
[2026-08-13 10:28:19] INFO Epoch 008 | train batch=280/1427 | elapsed=1.3 min | eta=5.2 min
[2026-08-13 10:28:22] INFO Epoch 008 | train batch=290/1427 | elapsed=1.3 min | eta=5.2 min
[2026-08-13 10:28:24] INFO Epoch 008 | train batch=300/1427 | elapsed=1.4 min | eta=5.1 min
[2026-08-13 10:28:27] INFO Epoch 008 | train batch=310/1427 | elapsed=1.4 min | eta=5.1 min
[2026-08-13 10:28:30] INFO Epoch 008 | train batch=320/1427 | elapsed=1.5 min | eta=5.1 min
[2026-08-13 10:28:32] INFO Epoch 008 | train batch=330/1427 | elapsed=1.5 min | eta=5.0 min
[2026-08-13 10:28:35] INFO Epoch 008 | train batch=340/1427 | elapsed=1.6 min | eta=5.0 min
[2026-08-13 10:28:38] INFO Epoch 008 | train batch=350/1427 | elapsed=1.6 min | eta=4.9 min
[2026-08-13 10:28:41] INFO Epoch 008 | train batch=360/1427 | elapsed=1.6 min | eta=4.9 min
[2026-08-13 10:28:43] INFO Epoch 008 | train batch=370/1427 | elapsed=1.7 min | eta=4.8 min
[2026-08-13 10:28:46] INFO Epoch 008 | train batch=380/1427 | elapsed=1.7 min | eta=4.8 min
[2026-08-13 10:28:48] INFO Epoch 008 | train batch=390/1427 | elapsed=1.8 min | eta=4.7 min
[2026-08-13 10:28:51] INFO Epoch 008 | train batch=400/1427 | elapsed=1.8 min | eta=4.7 min
[2026-08-13 10:28:54] INFO Epoch 008 | train batch=410/1427 | elapsed=1.9 min | eta=4.6 min
[2026-08-13 10:28:57] INFO Epoch 008 | train batch=420/1427 | elapsed=1.9 min | eta=4.6 min
[2026-08-13 10:29:00] INFO Epoch 008 | train batch=430/1427 | elapsed=2.0 min | eta=4.5 min
[2026-08-13 10:29:03] INFO Epoch 008 | train batch=440/1427 | elapsed=2.0 min | eta=4.5 min
[2026-08-13 10:29:06] INFO Epoch 008 | train batch=450/1427 | elapsed=2.1 min | eta=4.5 min
[2026-08-13 10:29:09] INFO Epoch 008 | train batch=460/1427 | elapsed=2.1 min | eta=4.4 min
[2026-08-13 10:29:11] INFO Epoch 008 | train batch=470/1427 | elapsed=2.2 min | eta=4.4 min
[2026-08-13 10:29:14] INFO Epoch 008 | train batch=480/1427 | elapsed=2.2 min | eta=4.3 min
[2026-08-13 10:29:17] INFO Epoch 008 | train batch=490/1427 | elapsed=2.2 min | eta=4.3 min
[2026-08-13 10:29:19] INFO Epoch 008 | train batch=500/1427 | elapsed=2.3 min | eta=4.2 min
[2026-08-13 10:29:22] INFO Epoch 008 | train batch=510/1427 | elapsed=2.3 min | eta=4.2 min
[2026-08-13 10:29:25] INFO Epoch 008 | train batch=520/1427 | elapsed=2.4 min | eta=4.1 min
[2026-08-13 10:29:27] INFO Epoch 008 | train batch=530/1427 | elapsed=2.4 min | eta=4.1 min
[2026-08-13 10:29:30] INFO Epoch 008 | train batch=540/1427 | elapsed=2.5 min | eta=4.0 min
[2026-08-13 10:29:33] INFO Epoch 008 | train batch=550/1427 | elapsed=2.5 min | eta=4.0 min
[2026-08-13 10:29:36] INFO Epoch 008 | train batch=560/1427 | elapsed=2.6 min | eta=4.0 min
[2026-08-13 10:29:38] INFO Epoch 008 | train batch=570/1427 | elapsed=2.6 min | eta=3.9 min
[2026-08-13 10:29:40] INFO Epoch 008 | train batch=580/1427 | elapsed=2.6 min | eta=3.9 min
[2026-08-13 10:29:43] INFO Epoch 008 | train batch=590/1427 | elapsed=2.7 min | eta=3.8 min
[2026-08-13 10:29:46] INFO Epoch 008 | train batch=600/1427 | elapsed=2.7 min | eta=3.8 min
[2026-08-13 10:29:49] INFO Epoch 008 | train batch=610/1427 | elapsed=2.8 min | eta=3.7 min
[2026-08-13 10:29:52] INFO Epoch 008 | train batch=620/1427 | elapsed=2.8 min | eta=3.7 min
[2026-08-13 10:29:55] INFO Epoch 008 | train batch=630/1427 | elapsed=2.9 min | eta=3.6 min
[2026-08-13 10:29:57] INFO Epoch 008 | train batch=640/1427 | elapsed=2.9 min | eta=3.6 min
[2026-08-13 10:30:00] INFO Epoch 008 | train batch=650/1427 | elapsed=3.0 min | eta=3.5 min
[2026-08-13 10:30:03] INFO Epoch 008 | train batch=660/1427 | elapsed=3.0 min | eta=3.5 min
[2026-08-13 10:30:05] INFO Epoch 008 | train batch=670/1427 | elapsed=3.1 min | eta=3.5 min
[2026-08-13 10:30:08] INFO Epoch 008 | train batch=680/1427 | elapsed=3.1 min | eta=3.4 min
[2026-08-13 10:30:11] INFO Epoch 008 | train batch=690/1427 | elapsed=3.1 min | eta=3.4 min
[2026-08-13 10:30:13] INFO Epoch 008 | train batch=700/1427 | elapsed=3.2 min | eta=3.3 min
[2026-08-13 10:30:16] INFO Epoch 008 | train batch=710/1427 | elapsed=3.2 min | eta=3.3 min
[2026-08-13 10:30:19] INFO Epoch 008 | train batch=720/1427 | elapsed=3.3 min | eta=3.2 min
[2026-08-13 10:30:22] INFO Epoch 008 | train batch=730/1427 | elapsed=3.3 min | eta=3.2 min
[2026-08-13 10:30:25] INFO Epoch 008 | train batch=740/1427 | elapsed=3.4 min | eta=3.1 min
[2026-08-13 10:30:27] INFO Epoch 008 | train batch=750/1427 | elapsed=3.4 min | eta=3.1 min
[2026-08-13 10:30:29] INFO Epoch 008 | train batch=760/1427 | elapsed=3.5 min | eta=3.0 min
[2026-08-13 10:30:32] INFO Epoch 008 | train batch=770/1427 | elapsed=3.5 min | eta=3.0 min
[2026-08-13 10:30:35] INFO Epoch 008 | train batch=780/1427 | elapsed=3.5 min | eta=2.9 min
[2026-08-13 10:30:37] INFO Epoch 008 | train batch=790/1427 | elapsed=3.6 min | eta=2.9 min
[2026-08-13 10:30:40] INFO Epoch 008 | train batch=800/1427 | elapsed=3.6 min | eta=2.8 min
[2026-08-13 10:30:43] INFO Epoch 008 | train batch=810/1427 | elapsed=3.7 min | eta=2.8 min
[2026-08-13 10:30:46] INFO Epoch 008 | train batch=820/1427 | elapsed=3.7 min | eta=2.8 min
[2026-08-13 10:30:49] INFO Epoch 008 | train batch=830/1427 | elapsed=3.8 min | eta=2.7 min
[2026-08-13 10:30:52] INFO Epoch 008 | train batch=840/1427 | elapsed=3.8 min | eta=2.7 min
[2026-08-13 10:30:54] INFO Epoch 008 | train batch=850/1427 | elapsed=3.9 min | eta=2.6 min
[2026-08-13 10:30:57] INFO Epoch 008 | train batch=860/1427 | elapsed=3.9 min | eta=2.6 min
[2026-08-13 10:30:59] INFO Epoch 008 | train batch=870/1427 | elapsed=4.0 min | eta=2.5 min
[2026-08-13 10:31:02] INFO Epoch 008 | train batch=880/1427 | elapsed=4.0 min | eta=2.5 min
[2026-08-13 10:31:05] INFO Epoch 008 | train batch=890/1427 | elapsed=4.0 min | eta=2.4 min
[2026-08-13 10:31:07] INFO Epoch 008 | train batch=900/1427 | elapsed=4.1 min | eta=2.4 min
[2026-08-13 10:31:10] INFO Epoch 008 | train batch=910/1427 | elapsed=4.1 min | eta=2.3 min
[2026-08-13 10:31:13] INFO Epoch 008 | train batch=920/1427 | elapsed=4.2 min | eta=2.3 min
[2026-08-13 10:31:16] INFO Epoch 008 | train batch=930/1427 | elapsed=4.2 min | eta=2.3 min
[2026-08-13 10:31:18] INFO Epoch 008 | train batch=940/1427 | elapsed=4.3 min | eta=2.2 min
[2026-08-13 10:31:21] INFO Epoch 008 | train batch=950/1427 | elapsed=4.3 min | eta=2.2 min
[2026-08-13 10:31:23] INFO Epoch 008 | train batch=960/1427 | elapsed=4.4 min | eta=2.1 min
[2026-08-13 10:31:26] INFO Epoch 008 | train batch=970/1427 | elapsed=4.4 min | eta=2.1 min
[2026-08-13 10:31:28] INFO Epoch 008 | train batch=980/1427 | elapsed=4.4 min | eta=2.0 min
[2026-08-13 10:31:31] INFO Epoch 008 | train batch=990/1427 | elapsed=4.5 min | eta=2.0 min
[2026-08-13 10:31:33] INFO Epoch 008 | train batch=1000/1427 | elapsed=4.5 min | eta=1.9 min
[2026-08-13 10:31:36] INFO Epoch 008 | train batch=1010/1427 | elapsed=4.6 min | eta=1.9 min
[2026-08-13 10:31:38] INFO Epoch 008 | train batch=1020/1427 | elapsed=4.6 min | eta=1.8 min
[2026-08-13 10:31:41] INFO Epoch 008 | train batch=1030/1427 | elapsed=4.6 min | eta=1.8 min
[2026-08-13 10:31:44] INFO Epoch 008 | train batch=1040/1427 | elapsed=4.7 min | eta=1.7 min
[2026-08-13 10:31:46] INFO Epoch 008 | train batch=1050/1427 | elapsed=4.7 min | eta=1.7 min
[2026-08-13 10:31:49] INFO Epoch 008 | train batch=1060/1427 | elapsed=4.8 min | eta=1.7 min
[2026-08-13 10:31:52] INFO Epoch 008 | train batch=1070/1427 | elapsed=4.8 min | eta=1.6 min
[2026-08-13 10:31:54] INFO Epoch 008 | train batch=1080/1427 | elapsed=4.9 min | eta=1.6 min
[2026-08-13 10:31:57] INFO Epoch 008 | train batch=1090/1427 | elapsed=4.9 min | eta=1.5 min
[2026-08-13 10:32:00] INFO Epoch 008 | train batch=1100/1427 | elapsed=5.0 min | eta=1.5 min
[2026-08-13 10:32:02] INFO Epoch 008 | train batch=1110/1427 | elapsed=5.0 min | eta=1.4 min
[2026-08-13 10:32:05] INFO Epoch 008 | train batch=1120/1427 | elapsed=5.0 min | eta=1.4 min
[2026-08-13 10:32:08] INFO Epoch 008 | train batch=1130/1427 | elapsed=5.1 min | eta=1.3 min
[2026-08-13 10:32:10] INFO Epoch 008 | train batch=1140/1427 | elapsed=5.1 min | eta=1.3 min
[2026-08-13 10:32:13] INFO Epoch 008 | train batch=1150/1427 | elapsed=5.2 min | eta=1.2 min
[2026-08-13 10:32:15] INFO Epoch 008 | train batch=1160/1427 | elapsed=5.2 min | eta=1.2 min
[2026-08-13 10:32:18] INFO Epoch 008 | train batch=1170/1427 | elapsed=5.3 min | eta=1.2 min
[2026-08-13 10:32:21] INFO Epoch 008 | train batch=1180/1427 | elapsed=5.3 min | eta=1.1 min
[2026-08-13 10:32:23] INFO Epoch 008 | train batch=1190/1427 | elapsed=5.4 min | eta=1.1 min
[2026-08-13 10:32:26] INFO Epoch 008 | train batch=1200/1427 | elapsed=5.4 min | eta=1.0 min
[2026-08-13 10:32:29] INFO Epoch 008 | train batch=1210/1427 | elapsed=5.4 min | eta=1.0 min
[2026-08-13 10:32:32] INFO Epoch 008 | train batch=1220/1427 | elapsed=5.5 min | eta=0.9 min
[2026-08-13 10:32:34] INFO Epoch 008 | train batch=1230/1427 | elapsed=5.5 min | eta=0.9 min
[2026-08-13 10:32:37] INFO Epoch 008 | train batch=1240/1427 | elapsed=5.6 min | eta=0.8 min
[2026-08-13 10:32:40] INFO Epoch 008 | train batch=1250/1427 | elapsed=5.6 min | eta=0.8 min
[2026-08-13 10:32:43] INFO Epoch 008 | train batch=1260/1427 | elapsed=5.7 min | eta=0.8 min
[2026-08-13 10:32:45] INFO Epoch 008 | train batch=1270/1427 | elapsed=5.7 min | eta=0.7 min
[2026-08-13 10:32:48] INFO Epoch 008 | train batch=1280/1427 | elapsed=5.8 min | eta=0.7 min
[2026-08-13 10:32:51] INFO Epoch 008 | train batch=1290/1427 | elapsed=5.8 min | eta=0.6 min
[2026-08-13 10:32:53] INFO Epoch 008 | train batch=1300/1427 | elapsed=5.9 min | eta=0.6 min
[2026-08-13 10:32:56] INFO Epoch 008 | train batch=1310/1427 | elapsed=5.9 min | eta=0.5 min
[2026-08-13 10:32:59] INFO Epoch 008 | train batch=1320/1427 | elapsed=5.9 min | eta=0.5 min
[2026-08-13 10:33:01] INFO Epoch 008 | train batch=1330/1427 | elapsed=6.0 min | eta=0.4 min
[2026-08-13 10:33:03] INFO Epoch 008 | train batch=1340/1427 | elapsed=6.0 min | eta=0.4 min
[2026-08-13 10:33:06] INFO Epoch 008 | train batch=1350/1427 | elapsed=6.1 min | eta=0.3 min
[2026-08-13 10:33:09] INFO Epoch 008 | train batch=1360/1427 | elapsed=6.1 min | eta=0.3 min
[2026-08-13 10:33:12] INFO Epoch 008 | train batch=1370/1427 | elapsed=6.2 min | eta=0.3 min
[2026-08-13 10:33:15] INFO Epoch 008 | train batch=1380/1427 | elapsed=6.2 min | eta=0.2 min
[2026-08-13 10:33:17] INFO Epoch 008 | train batch=1390/1427 | elapsed=6.3 min | eta=0.2 min
[2026-08-13 10:33:20] INFO Epoch 008 | train batch=1400/1427 | elapsed=6.3 min | eta=0.1 min
[2026-08-13 10:33:23] INFO Epoch 008 | train batch=1410/1427 | elapsed=6.3 min | eta=0.1 min
[2026-08-13 10:33:25] INFO Epoch 008 | train batch=1420/1427 | elapsed=6.4 min | eta=0.0 min
[2026-08-13 10:33:27] INFO Epoch 008 | train batch=1427/1427 | elapsed=6.4 min | eta=0.0 min
[2026-08-13 10:33:27] INFO Epoch 008 | val batch=1/203 | elapsed=0.0 min | eta=0.3 min
[2026-08-13 10:33:28] INFO Epoch 008 | val batch=10/203 | elapsed=0.0 min | eta=0.4 min
[2026-08-13 10:33:29] INFO Epoch 008 | val batch=20/203 | elapsed=0.0 min | eta=0.4 min
[2026-08-13 10:33:31] INFO Epoch 008 | val batch=30/203 | elapsed=0.1 min | eta=0.4 min
[2026-08-13 10:33:32] INFO Epoch 008 | val batch=40/203 | elapsed=0.1 min | eta=0.4 min
[2026-08-13 10:33:33] INFO Epoch 008 | val batch=50/203 | elapsed=0.1 min | eta=0.3 min
[2026-08-13 10:33:35] INFO Epoch 008 | val batch=60/203 | elapsed=0.1 min | eta=0.3 min
[2026-08-13 10:33:36] INFO Epoch 008 | val batch=70/203 | elapsed=0.2 min | eta=0.3 min
[2026-08-13 10:33:37] INFO Epoch 008 | val batch=80/203 | elapsed=0.2 min | eta=0.3 min
[2026-08-13 10:33:39] INFO Epoch 008 | val batch=90/203 | elapsed=0.2 min | eta=0.2 min
[2026-08-13 10:33:40] INFO Epoch 008 | val batch=100/203 | elapsed=0.2 min | eta=0.2 min
[2026-08-13 10:33:41] INFO Epoch 008 | val batch=110/203 | elapsed=0.2 min | eta=0.2 min
[2026-08-13 10:33:43] INFO Epoch 008 | val batch=120/203 | elapsed=0.3 min | eta=0.2 min
[2026-08-13 10:33:44] INFO Epoch 008 | val batch=130/203 | elapsed=0.3 min | eta=0.2 min
[2026-08-13 10:33:45] INFO Epoch 008 | val batch=140/203 | elapsed=0.3 min | eta=0.1 min
[2026-08-13 10:33:47] INFO Epoch 008 | val batch=150/203 | elapsed=0.3 min | eta=0.1 min
[2026-08-13 10:33:48] INFO Epoch 008 | val batch=160/203 | elapsed=0.4 min | eta=0.1 min
[2026-08-13 10:33:49] INFO Epoch 008 | val batch=170/203 | elapsed=0.4 min | eta=0.1 min
[2026-08-13 10:33:50] INFO Epoch 008 | val batch=180/203 | elapsed=0.4 min | eta=0.1 min
[2026-08-13 10:33:52] INFO Epoch 008 | val batch=190/203 | elapsed=0.4 min | eta=0.0 min
[2026-08-13 10:33:53] INFO Epoch 008 | val batch=200/203 | elapsed=0.4 min | eta=0.0 min
[2026-08-13 10:33:53] INFO Epoch 008 | val batch=203/203 | elapsed=0.4 min | eta=0.0 min
[2026-08-13 10:33:53] INFO Epoch 008 | train_total=1.098163 | val_total=1.235915 | val_mask=0.900569 | val_retrieval=2.402473 | val_profile=0.950984 | val_anchors=660915 | val_positive_pairs=0 | val_hard_negatives=0 | val_relation_candidates=9654476 | val_teacher_keff=4.444 | val_student_keff=9.308 | val_masked_positions=1957906 | skipped(train/val)=0/0
[2026-08-13 10:33:53] INFO Epoch 009/050 started | train_batches=1427 | val_batches=203
[2026-08-13 10:33:54] INFO Epoch 009 | train batch=1/1427 | elapsed=0.0 min | eta=7.7 min
[2026-08-13 10:33:56] INFO Epoch 009 | train batch=10/1427 | elapsed=0.0 min | eta=6.9 min
[2026-08-13 10:33:59] INFO Epoch 009 | train batch=20/1427 | elapsed=0.1 min | eta=6.4 min
[2026-08-13 10:34:02] INFO Epoch 009 | train batch=30/1427 | elapsed=0.1 min | eta=6.3 min
[2026-08-13 10:34:04] INFO Epoch 009 | train batch=40/1427 | elapsed=0.2 min | eta=6.2 min
[2026-08-13 10:34:07] INFO Epoch 009 | train batch=50/1427 | elapsed=0.2 min | eta=6.2 min
[2026-08-13 10:34:09] INFO Epoch 009 | train batch=60/1427 | elapsed=0.3 min | eta=6.0 min
[2026-08-13 10:34:12] INFO Epoch 009 | train batch=70/1427 | elapsed=0.3 min | eta=5.9 min
[2026-08-13 10:34:14] INFO Epoch 009 | train batch=80/1427 | elapsed=0.3 min | eta=5.8 min
[2026-08-13 10:34:17] INFO Epoch 009 | train batch=90/1427 | elapsed=0.4 min | eta=5.8 min
[2026-08-13 10:34:20] INFO Epoch 009 | train batch=100/1427 | elapsed=0.4 min | eta=5.8 min
[2026-08-13 10:34:22] INFO Epoch 009 | train batch=110/1427 | elapsed=0.5 min | eta=5.8 min
[2026-08-13 10:34:25] INFO Epoch 009 | train batch=120/1427 | elapsed=0.5 min | eta=5.7 min
[2026-08-13 10:34:28] INFO Epoch 009 | train batch=130/1427 | elapsed=0.6 min | eta=5.7 min
[2026-08-13 10:34:30] INFO Epoch 009 | train batch=140/1427 | elapsed=0.6 min | eta=5.6 min
[2026-08-13 10:34:33] INFO Epoch 009 | train batch=150/1427 | elapsed=0.7 min | eta=5.6 min
[2026-08-13 10:34:36] INFO Epoch 009 | train batch=160/1427 | elapsed=0.7 min | eta=5.6 min
[2026-08-13 10:34:38] INFO Epoch 009 | train batch=170/1427 | elapsed=0.8 min | eta=5.5 min
[2026-08-13 10:34:41] INFO Epoch 009 | train batch=180/1427 | elapsed=0.8 min | eta=5.5 min
[2026-08-13 10:34:43] INFO Epoch 009 | train batch=190/1427 | elapsed=0.8 min | eta=5.4 min
[2026-08-13 10:34:46] INFO Epoch 009 | train batch=200/1427 | elapsed=0.9 min | eta=5.4 min
[2026-08-13 10:34:49] INFO Epoch 009 | train batch=210/1427 | elapsed=0.9 min | eta=5.4 min
[2026-08-13 10:34:52] INFO Epoch 009 | train batch=220/1427 | elapsed=1.0 min | eta=5.3 min
[2026-08-13 10:34:54] INFO Epoch 009 | train batch=230/1427 | elapsed=1.0 min | eta=5.3 min
[2026-08-13 10:34:57] INFO Epoch 009 | train batch=240/1427 | elapsed=1.1 min | eta=5.3 min
[2026-08-13 10:35:00] INFO Epoch 009 | train batch=250/1427 | elapsed=1.1 min | eta=5.2 min
[2026-08-13 10:35:03] INFO Epoch 009 | train batch=260/1427 | elapsed=1.2 min | eta=5.2 min
[2026-08-13 10:35:06] INFO Epoch 009 | train batch=270/1427 | elapsed=1.2 min | eta=5.2 min
[2026-08-13 10:35:08] INFO Epoch 009 | train batch=280/1427 | elapsed=1.2 min | eta=5.1 min
[2026-08-13 10:35:11] INFO Epoch 009 | train batch=290/1427 | elapsed=1.3 min | eta=5.1 min
[2026-08-13 10:35:13] INFO Epoch 009 | train batch=300/1427 | elapsed=1.3 min | eta=5.0 min
[2026-08-13 10:35:16] INFO Epoch 009 | train batch=310/1427 | elapsed=1.4 min | eta=5.0 min
[2026-08-13 10:35:19] INFO Epoch 009 | train batch=320/1427 | elapsed=1.4 min | eta=4.9 min
[2026-08-13 10:35:21] INFO Epoch 009 | train batch=330/1427 | elapsed=1.5 min | eta=4.9 min
[2026-08-13 10:35:24] INFO Epoch 009 | train batch=340/1427 | elapsed=1.5 min | eta=4.8 min
[2026-08-13 10:35:27] INFO Epoch 009 | train batch=350/1427 | elapsed=1.6 min | eta=4.8 min
[2026-08-13 10:35:29] INFO Epoch 009 | train batch=360/1427 | elapsed=1.6 min | eta=4.7 min
[2026-08-13 10:35:32] INFO Epoch 009 | train batch=370/1427 | elapsed=1.6 min | eta=4.7 min
[2026-08-13 10:35:34] INFO Epoch 009 | train batch=380/1427 | elapsed=1.7 min | eta=4.6 min
[2026-08-13 10:35:37] INFO Epoch 009 | train batch=390/1427 | elapsed=1.7 min | eta=4.6 min
[2026-08-13 10:35:39] INFO Epoch 009 | train batch=400/1427 | elapsed=1.8 min | eta=4.5 min
[2026-08-13 10:35:42] INFO Epoch 009 | train batch=410/1427 | elapsed=1.8 min | eta=4.5 min
[2026-08-13 10:35:45] INFO Epoch 009 | train batch=420/1427 | elapsed=1.9 min | eta=4.5 min
[2026-08-13 10:35:48] INFO Epoch 009 | train batch=430/1427 | elapsed=1.9 min | eta=4.4 min
[2026-08-13 10:35:50] INFO Epoch 009 | train batch=440/1427 | elapsed=1.9 min | eta=4.4 min
[2026-08-13 10:35:53] INFO Epoch 009 | train batch=450/1427 | elapsed=2.0 min | eta=4.3 min
[2026-08-13 10:35:55] INFO Epoch 009 | train batch=460/1427 | elapsed=2.0 min | eta=4.3 min
[2026-08-13 10:35:58] INFO Epoch 009 | train batch=470/1427 | elapsed=2.1 min | eta=4.2 min
[2026-08-13 10:36:00] INFO Epoch 009 | train batch=480/1427 | elapsed=2.1 min | eta=4.2 min
[2026-08-13 10:36:03] INFO Epoch 009 | train batch=490/1427 | elapsed=2.2 min | eta=4.1 min
[2026-08-13 10:36:05] INFO Epoch 009 | train batch=500/1427 | elapsed=2.2 min | eta=4.1 min
[2026-08-13 10:36:08] INFO Epoch 009 | train batch=510/1427 | elapsed=2.2 min | eta=4.0 min
[2026-08-13 10:36:10] INFO Epoch 009 | train batch=520/1427 | elapsed=2.3 min | eta=4.0 min
[2026-08-13 10:36:13] INFO Epoch 009 | train batch=530/1427 | elapsed=2.3 min | eta=3.9 min
[2026-08-13 10:36:16] INFO Epoch 009 | train batch=540/1427 | elapsed=2.4 min | eta=3.9 min
[2026-08-13 10:36:19] INFO Epoch 009 | train batch=550/1427 | elapsed=2.4 min | eta=3.9 min
[2026-08-13 10:36:22] INFO Epoch 009 | train batch=560/1427 | elapsed=2.5 min | eta=3.8 min
[2026-08-13 10:36:24] INFO Epoch 009 | train batch=570/1427 | elapsed=2.5 min | eta=3.8 min
[2026-08-13 10:36:27] INFO Epoch 009 | train batch=580/1427 | elapsed=2.6 min | eta=3.7 min
[2026-08-13 10:36:30] INFO Epoch 009 | train batch=590/1427 | elapsed=2.6 min | eta=3.7 min
[2026-08-13 10:36:32] INFO Epoch 009 | train batch=600/1427 | elapsed=2.7 min | eta=3.7 min
[2026-08-13 10:36:35] INFO Epoch 009 | train batch=610/1427 | elapsed=2.7 min | eta=3.6 min
[2026-08-13 10:36:37] INFO Epoch 009 | train batch=620/1427 | elapsed=2.7 min | eta=3.6 min
[2026-08-13 10:36:40] INFO Epoch 009 | train batch=630/1427 | elapsed=2.8 min | eta=3.5 min
[2026-08-13 10:36:43] INFO Epoch 009 | train batch=640/1427 | elapsed=2.8 min | eta=3.5 min
[2026-08-13 10:36:45] INFO Epoch 009 | train batch=650/1427 | elapsed=2.9 min | eta=3.4 min
[2026-08-13 10:36:48] INFO Epoch 009 | train batch=660/1427 | elapsed=2.9 min | eta=3.4 min
[2026-08-13 10:36:50] INFO Epoch 009 | train batch=670/1427 | elapsed=2.9 min | eta=3.3 min
[2026-08-13 10:36:53] INFO Epoch 009 | train batch=680/1427 | elapsed=3.0 min | eta=3.3 min
[2026-08-13 10:36:56] INFO Epoch 009 | train batch=690/1427 | elapsed=3.0 min | eta=3.2 min
[2026-08-13 10:36:58] INFO Epoch 009 | train batch=700/1427 | elapsed=3.1 min | eta=3.2 min
[2026-08-13 10:37:01] INFO Epoch 009 | train batch=710/1427 | elapsed=3.1 min | eta=3.2 min
[2026-08-13 10:37:04] INFO Epoch 009 | train batch=720/1427 | elapsed=3.2 min | eta=3.1 min
[2026-08-13 10:37:07] INFO Epoch 009 | train batch=730/1427 | elapsed=3.2 min | eta=3.1 min
[2026-08-13 10:37:09] INFO Epoch 009 | train batch=740/1427 | elapsed=3.3 min | eta=3.0 min
[2026-08-13 10:37:12] INFO Epoch 009 | train batch=750/1427 | elapsed=3.3 min | eta=3.0 min
[2026-08-13 10:37:15] INFO Epoch 009 | train batch=760/1427 | elapsed=3.4 min | eta=2.9 min
[2026-08-13 10:37:18] INFO Epoch 009 | train batch=770/1427 | elapsed=3.4 min | eta=2.9 min
[2026-08-13 10:37:20] INFO Epoch 009 | train batch=780/1427 | elapsed=3.4 min | eta=2.9 min
[2026-08-13 10:37:23] INFO Epoch 009 | train batch=790/1427 | elapsed=3.5 min | eta=2.8 min
[2026-08-13 10:37:26] INFO Epoch 009 | train batch=800/1427 | elapsed=3.5 min | eta=2.8 min
[2026-08-13 10:37:28] INFO Epoch 009 | train batch=810/1427 | elapsed=3.6 min | eta=2.7 min
[2026-08-13 10:37:31] INFO Epoch 009 | train batch=820/1427 | elapsed=3.6 min | eta=2.7 min
[2026-08-13 10:37:33] INFO Epoch 009 | train batch=830/1427 | elapsed=3.7 min | eta=2.6 min
[2026-08-13 10:37:36] INFO Epoch 009 | train batch=840/1427 | elapsed=3.7 min | eta=2.6 min
[2026-08-13 10:37:39] INFO Epoch 009 | train batch=850/1427 | elapsed=3.8 min | eta=2.6 min
[2026-08-13 10:37:42] INFO Epoch 009 | train batch=860/1427 | elapsed=3.8 min | eta=2.5 min
[2026-08-13 10:37:45] INFO Epoch 009 | train batch=870/1427 | elapsed=3.9 min | eta=2.5 min
[2026-08-13 10:37:48] INFO Epoch 009 | train batch=880/1427 | elapsed=3.9 min | eta=2.4 min
[2026-08-13 10:37:50] INFO Epoch 009 | train batch=890/1427 | elapsed=3.9 min | eta=2.4 min
[2026-08-13 10:37:53] INFO Epoch 009 | train batch=900/1427 | elapsed=4.0 min | eta=2.3 min
[2026-08-13 10:37:55] INFO Epoch 009 | train batch=910/1427 | elapsed=4.0 min | eta=2.3 min
[2026-08-13 10:37:58] INFO Epoch 009 | train batch=920/1427 | elapsed=4.1 min | eta=2.2 min
[2026-08-13 10:38:01] INFO Epoch 009 | train batch=930/1427 | elapsed=4.1 min | eta=2.2 min
[2026-08-13 10:38:04] INFO Epoch 009 | train batch=940/1427 | elapsed=4.2 min | eta=2.2 min
[2026-08-13 10:38:07] INFO Epoch 009 | train batch=950/1427 | elapsed=4.2 min | eta=2.1 min
[2026-08-13 10:38:09] INFO Epoch 009 | train batch=960/1427 | elapsed=4.3 min | eta=2.1 min
[2026-08-13 10:38:12] INFO Epoch 009 | train batch=970/1427 | elapsed=4.3 min | eta=2.0 min
[2026-08-13 10:38:15] INFO Epoch 009 | train batch=980/1427 | elapsed=4.4 min | eta=2.0 min
[2026-08-13 10:38:18] INFO Epoch 009 | train batch=990/1427 | elapsed=4.4 min | eta=1.9 min
[2026-08-13 10:38:20] INFO Epoch 009 | train batch=1000/1427 | elapsed=4.4 min | eta=1.9 min
[2026-08-13 10:38:23] INFO Epoch 009 | train batch=1010/1427 | elapsed=4.5 min | eta=1.9 min
[2026-08-13 10:38:26] INFO Epoch 009 | train batch=1020/1427 | elapsed=4.5 min | eta=1.8 min
[2026-08-13 10:38:28] INFO Epoch 009 | train batch=1030/1427 | elapsed=4.6 min | eta=1.8 min
[2026-08-13 10:38:31] INFO Epoch 009 | train batch=1040/1427 | elapsed=4.6 min | eta=1.7 min
[2026-08-13 10:38:33] INFO Epoch 009 | train batch=1050/1427 | elapsed=4.7 min | eta=1.7 min
[2026-08-13 10:38:36] INFO Epoch 009 | train batch=1060/1427 | elapsed=4.7 min | eta=1.6 min
[2026-08-13 10:38:38] INFO Epoch 009 | train batch=1070/1427 | elapsed=4.8 min | eta=1.6 min
[2026-08-13 10:38:41] INFO Epoch 009 | train batch=1080/1427 | elapsed=4.8 min | eta=1.5 min
[2026-08-13 10:38:44] INFO Epoch 009 | train batch=1090/1427 | elapsed=4.8 min | eta=1.5 min
[2026-08-13 10:38:47] INFO Epoch 009 | train batch=1100/1427 | elapsed=4.9 min | eta=1.5 min
[2026-08-13 10:38:49] INFO Epoch 009 | train batch=1110/1427 | elapsed=4.9 min | eta=1.4 min
[2026-08-13 10:38:52] INFO Epoch 009 | train batch=1120/1427 | elapsed=5.0 min | eta=1.4 min
[2026-08-13 10:38:55] INFO Epoch 009 | train batch=1130/1427 | elapsed=5.0 min | eta=1.3 min
[2026-08-13 10:38:58] INFO Epoch 009 | train batch=1140/1427 | elapsed=5.1 min | eta=1.3 min
[2026-08-13 10:39:00] INFO Epoch 009 | train batch=1150/1427 | elapsed=5.1 min | eta=1.2 min
[2026-08-13 10:39:03] INFO Epoch 009 | train batch=1160/1427 | elapsed=5.2 min | eta=1.2 min
[2026-08-13 10:39:05] INFO Epoch 009 | train batch=1170/1427 | elapsed=5.2 min | eta=1.1 min
[2026-08-13 10:39:08] INFO Epoch 009 | train batch=1180/1427 | elapsed=5.2 min | eta=1.1 min
[2026-08-13 10:39:11] INFO Epoch 009 | train batch=1190/1427 | elapsed=5.3 min | eta=1.1 min
[2026-08-13 10:39:13] INFO Epoch 009 | train batch=1200/1427 | elapsed=5.3 min | eta=1.0 min
[2026-08-13 10:39:16] INFO Epoch 009 | train batch=1210/1427 | elapsed=5.4 min | eta=1.0 min
[2026-08-13 10:39:19] INFO Epoch 009 | train batch=1220/1427 | elapsed=5.4 min | eta=0.9 min
[2026-08-13 10:39:21] INFO Epoch 009 | train batch=1230/1427 | elapsed=5.5 min | eta=0.9 min
[2026-08-13 10:39:24] INFO Epoch 009 | train batch=1240/1427 | elapsed=5.5 min | eta=0.8 min
[2026-08-13 10:39:27] INFO Epoch 009 | train batch=1250/1427 | elapsed=5.6 min | eta=0.8 min
[2026-08-13 10:39:29] INFO Epoch 009 | train batch=1260/1427 | elapsed=5.6 min | eta=0.7 min
[2026-08-13 10:39:32] INFO Epoch 009 | train batch=1270/1427 | elapsed=5.6 min | eta=0.7 min
[2026-08-13 10:39:35] INFO Epoch 009 | train batch=1280/1427 | elapsed=5.7 min | eta=0.7 min
[2026-08-13 10:39:37] INFO Epoch 009 | train batch=1290/1427 | elapsed=5.7 min | eta=0.6 min
[2026-08-13 10:39:40] INFO Epoch 009 | train batch=1300/1427 | elapsed=5.8 min | eta=0.6 min
[2026-08-13 10:39:43] INFO Epoch 009 | train batch=1310/1427 | elapsed=5.8 min | eta=0.5 min
[2026-08-13 10:39:46] INFO Epoch 009 | train batch=1320/1427 | elapsed=5.9 min | eta=0.5 min
[2026-08-13 10:39:48] INFO Epoch 009 | train batch=1330/1427 | elapsed=5.9 min | eta=0.4 min
[2026-08-13 10:39:51] INFO Epoch 009 | train batch=1340/1427 | elapsed=6.0 min | eta=0.4 min
[2026-08-13 10:39:54] INFO Epoch 009 | train batch=1350/1427 | elapsed=6.0 min | eta=0.3 min
[2026-08-13 10:39:56] INFO Epoch 009 | train batch=1360/1427 | elapsed=6.0 min | eta=0.3 min
[2026-08-13 10:39:59] INFO Epoch 009 | train batch=1370/1427 | elapsed=6.1 min | eta=0.3 min
[2026-08-13 10:40:02] INFO Epoch 009 | train batch=1380/1427 | elapsed=6.1 min | eta=0.2 min
[2026-08-13 10:40:04] INFO Epoch 009 | train batch=1390/1427 | elapsed=6.2 min | eta=0.2 min
[2026-08-13 10:40:07] INFO Epoch 009 | train batch=1400/1427 | elapsed=6.2 min | eta=0.1 min
[2026-08-13 10:40:09] INFO Epoch 009 | train batch=1410/1427 | elapsed=6.3 min | eta=0.1 min
[2026-08-13 10:40:12] INFO Epoch 009 | train batch=1420/1427 | elapsed=6.3 min | eta=0.0 min
[2026-08-13 10:40:13] INFO Epoch 009 | train batch=1427/1427 | elapsed=6.3 min | eta=0.0 min
[2026-08-13 10:40:13] INFO Epoch 009 | val batch=1/203 | elapsed=0.0 min | eta=0.3 min
[2026-08-13 10:40:15] INFO Epoch 009 | val batch=10/203 | elapsed=0.0 min | eta=0.4 min
[2026-08-13 10:40:16] INFO Epoch 009 | val batch=20/203 | elapsed=0.0 min | eta=0.4 min
[2026-08-13 10:40:17] INFO Epoch 009 | val batch=30/203 | elapsed=0.1 min | eta=0.4 min
[2026-08-13 10:40:19] INFO Epoch 009 | val batch=40/203 | elapsed=0.1 min | eta=0.4 min
[2026-08-13 10:40:20] INFO Epoch 009 | val batch=50/203 | elapsed=0.1 min | eta=0.3 min
[2026-08-13 10:40:21] INFO Epoch 009 | val batch=60/203 | elapsed=0.1 min | eta=0.3 min
[2026-08-13 10:40:23] INFO Epoch 009 | val batch=70/203 | elapsed=0.2 min | eta=0.3 min
[2026-08-13 10:40:24] INFO Epoch 009 | val batch=80/203 | elapsed=0.2 min | eta=0.3 min
[2026-08-13 10:40:25] INFO Epoch 009 | val batch=90/203 | elapsed=0.2 min | eta=0.2 min
[2026-08-13 10:40:27] INFO Epoch 009 | val batch=100/203 | elapsed=0.2 min | eta=0.2 min
[2026-08-13 10:40:28] INFO Epoch 009 | val batch=110/203 | elapsed=0.2 min | eta=0.2 min
[2026-08-13 10:40:29] INFO Epoch 009 | val batch=120/203 | elapsed=0.3 min | eta=0.2 min
[2026-08-13 10:40:30] INFO Epoch 009 | val batch=130/203 | elapsed=0.3 min | eta=0.2 min
[2026-08-13 10:40:32] INFO Epoch 009 | val batch=140/203 | elapsed=0.3 min | eta=0.1 min
[2026-08-13 10:40:33] INFO Epoch 009 | val batch=150/203 | elapsed=0.3 min | eta=0.1 min
[2026-08-13 10:40:34] INFO Epoch 009 | val batch=160/203 | elapsed=0.4 min | eta=0.1 min
[2026-08-13 10:40:36] INFO Epoch 009 | val batch=170/203 | elapsed=0.4 min | eta=0.1 min
[2026-08-13 10:40:37] INFO Epoch 009 | val batch=180/203 | elapsed=0.4 min | eta=0.1 min
[2026-08-13 10:40:38] INFO Epoch 009 | val batch=190/203 | elapsed=0.4 min | eta=0.0 min
[2026-08-13 10:40:40] INFO Epoch 009 | val batch=200/203 | elapsed=0.4 min | eta=0.0 min
[2026-08-13 10:40:40] INFO Epoch 009 | val batch=203/203 | elapsed=0.4 min | eta=0.0 min
[2026-08-13 10:40:40] INFO Epoch 009 | train_total=1.067560 | val_total=1.295259 | val_mask=0.960474 | val_retrieval=2.398995 | val_profile=0.948861 | val_anchors=660915 | val_positive_pairs=0 | val_hard_negatives=0 | val_relation_candidates=9654476 | val_teacher_keff=4.444 | val_student_keff=9.026 | val_masked_positions=1958919 | skipped(train/val)=0/0
[2026-08-13 10:40:40] INFO Epoch 010/050 started | train_batches=1427 | val_batches=203
[2026-08-13 10:40:40] INFO Epoch 010 | train batch=1/1427 | elapsed=0.0 min | eta=7.6 min
[2026-08-13 10:40:43] INFO Epoch 010 | train batch=10/1427 | elapsed=0.0 min | eta=6.6 min
[2026-08-13 10:40:46] INFO Epoch 010 | train batch=20/1427 | elapsed=0.1 min | eta=6.5 min
[2026-08-13 10:40:48] INFO Epoch 010 | train batch=30/1427 | elapsed=0.1 min | eta=6.1 min
[2026-08-13 10:40:51] INFO Epoch 010 | train batch=40/1427 | elapsed=0.2 min | eta=6.3 min
[2026-08-13 10:40:53] INFO Epoch 010 | train batch=50/1427 | elapsed=0.2 min | eta=6.1 min
[2026-08-13 10:40:56] INFO Epoch 010 | train batch=60/1427 | elapsed=0.3 min | eta=6.1 min
[2026-08-13 10:40:59] INFO Epoch 010 | train batch=70/1427 | elapsed=0.3 min | eta=6.1 min
[2026-08-13 10:41:02] INFO Epoch 010 | train batch=80/1427 | elapsed=0.4 min | eta=6.1 min
[2026-08-13 10:41:04] INFO Epoch 010 | train batch=90/1427 | elapsed=0.4 min | eta=6.0 min
[2026-08-13 10:41:07] INFO Epoch 010 | train batch=100/1427 | elapsed=0.4 min | eta=5.9 min
[2026-08-13 10:41:09] INFO Epoch 010 | train batch=110/1427 | elapsed=0.5 min | eta=5.9 min
[2026-08-13 10:41:12] INFO Epoch 010 | train batch=120/1427 | elapsed=0.5 min | eta=5.8 min
[2026-08-13 10:41:15] INFO Epoch 010 | train batch=130/1427 | elapsed=0.6 min | eta=5.7 min
[2026-08-13 10:41:17] INFO Epoch 010 | train batch=140/1427 | elapsed=0.6 min | eta=5.7 min
[2026-08-13 10:41:20] INFO Epoch 010 | train batch=150/1427 | elapsed=0.7 min | eta=5.6 min
[2026-08-13 10:41:22] INFO Epoch 010 | train batch=160/1427 | elapsed=0.7 min | eta=5.6 min
[2026-08-13 10:41:25] INFO Epoch 010 | train batch=170/1427 | elapsed=0.7 min | eta=5.5 min
[2026-08-13 10:41:28] INFO Epoch 010 | train batch=180/1427 | elapsed=0.8 min | eta=5.5 min
[2026-08-13 10:41:30] INFO Epoch 010 | train batch=190/1427 | elapsed=0.8 min | eta=5.5 min
[2026-08-13 10:41:33] INFO Epoch 010 | train batch=200/1427 | elapsed=0.9 min | eta=5.4 min
[2026-08-13 10:41:36] INFO Epoch 010 | train batch=210/1427 | elapsed=0.9 min | eta=5.4 min
[2026-08-13 10:41:39] INFO Epoch 010 | train batch=220/1427 | elapsed=1.0 min | eta=5.4 min
[2026-08-13 10:41:41] INFO Epoch 010 | train batch=230/1427 | elapsed=1.0 min | eta=5.3 min
[2026-08-13 10:41:44] INFO Epoch 010 | train batch=240/1427 | elapsed=1.1 min | eta=5.3 min
[2026-08-13 10:41:47] INFO Epoch 010 | train batch=250/1427 | elapsed=1.1 min | eta=5.2 min
[2026-08-13 10:41:50] INFO Epoch 010 | train batch=260/1427 | elapsed=1.2 min | eta=5.2 min
[2026-08-13 10:41:52] INFO Epoch 010 | train batch=270/1427 | elapsed=1.2 min | eta=5.2 min
[2026-08-13 10:41:55] INFO Epoch 010 | train batch=280/1427 | elapsed=1.2 min | eta=5.1 min
[2026-08-13 10:41:57] INFO Epoch 010 | train batch=290/1427 | elapsed=1.3 min | eta=5.1 min
[2026-08-13 10:42:00] INFO Epoch 010 | train batch=300/1427 | elapsed=1.3 min | eta=5.0 min
[2026-08-13 10:42:03] INFO Epoch 010 | train batch=310/1427 | elapsed=1.4 min | eta=5.0 min
[2026-08-13 10:42:05] INFO Epoch 010 | train batch=320/1427 | elapsed=1.4 min | eta=4.9 min
[2026-08-13 10:42:08] INFO Epoch 010 | train batch=330/1427 | elapsed=1.5 min | eta=4.9 min
[2026-08-13 10:42:10] INFO Epoch 010 | train batch=340/1427 | elapsed=1.5 min | eta=4.8 min
[2026-08-13 10:42:13] INFO Epoch 010 | train batch=350/1427 | elapsed=1.6 min | eta=4.8 min
[2026-08-13 10:42:16] INFO Epoch 010 | train batch=360/1427 | elapsed=1.6 min | eta=4.7 min
[2026-08-13 10:42:18] INFO Epoch 010 | train batch=370/1427 | elapsed=1.6 min | eta=4.7 min
[2026-08-13 10:42:21] INFO Epoch 010 | train batch=380/1427 | elapsed=1.7 min | eta=4.7 min
[2026-08-13 10:42:24] INFO Epoch 010 | train batch=390/1427 | elapsed=1.7 min | eta=4.6 min
[2026-08-13 10:42:27] INFO Epoch 010 | train batch=400/1427 | elapsed=1.8 min | eta=4.6 min
[2026-08-13 10:42:29] INFO Epoch 010 | train batch=410/1427 | elapsed=1.8 min | eta=4.5 min
[2026-08-13 10:42:32] INFO Epoch 010 | train batch=420/1427 | elapsed=1.9 min | eta=4.5 min
[2026-08-13 10:42:35] INFO Epoch 010 | train batch=430/1427 | elapsed=1.9 min | eta=4.4 min
[2026-08-13 10:42:37] INFO Epoch 010 | train batch=440/1427 | elapsed=1.9 min | eta=4.4 min
[2026-08-13 10:42:39] INFO Epoch 010 | train batch=450/1427 | elapsed=2.0 min | eta=4.3 min
[2026-08-13 10:42:42] INFO Epoch 010 | train batch=460/1427 | elapsed=2.0 min | eta=4.3 min
[2026-08-13 10:42:45] INFO Epoch 010 | train batch=470/1427 | elapsed=2.1 min | eta=4.2 min
[2026-08-13 10:42:48] INFO Epoch 010 | train batch=480/1427 | elapsed=2.1 min | eta=4.2 min
[2026-08-13 10:42:50] INFO Epoch 010 | train batch=490/1427 | elapsed=2.2 min | eta=4.2 min
[2026-08-13 10:42:53] INFO Epoch 010 | train batch=500/1427 | elapsed=2.2 min | eta=4.1 min
[2026-08-13 10:42:56] INFO Epoch 010 | train batch=510/1427 | elapsed=2.3 min | eta=4.1 min
[2026-08-13 10:42:59] INFO Epoch 010 | train batch=520/1427 | elapsed=2.3 min | eta=4.0 min
[2026-08-13 10:43:02] INFO Epoch 010 | train batch=530/1427 | elapsed=2.4 min | eta=4.0 min
[2026-08-13 10:43:04] INFO Epoch 010 | train batch=540/1427 | elapsed=2.4 min | eta=4.0 min
[2026-08-13 10:43:07] INFO Epoch 010 | train batch=550/1427 | elapsed=2.5 min | eta=3.9 min
[2026-08-13 10:43:10] INFO Epoch 010 | train batch=560/1427 | elapsed=2.5 min | eta=3.9 min
[2026-08-13 10:43:12] INFO Epoch 010 | train batch=570/1427 | elapsed=2.5 min | eta=3.8 min
[2026-08-13 10:43:15] INFO Epoch 010 | train batch=580/1427 | elapsed=2.6 min | eta=3.8 min
[2026-08-13 10:43:17] INFO Epoch 010 | train batch=590/1427 | elapsed=2.6 min | eta=3.7 min
[2026-08-13 10:43:20] INFO Epoch 010 | train batch=600/1427 | elapsed=2.7 min | eta=3.7 min
[2026-08-13 10:43:23] INFO Epoch 010 | train batch=610/1427 | elapsed=2.7 min | eta=3.6 min
[2026-08-13 10:43:25] INFO Epoch 010 | train batch=620/1427 | elapsed=2.8 min | eta=3.6 min
[2026-08-13 10:43:28] INFO Epoch 010 | train batch=630/1427 | elapsed=2.8 min | eta=3.5 min
[2026-08-13 10:43:31] INFO Epoch 010 | train batch=640/1427 | elapsed=2.8 min | eta=3.5 min
[2026-08-13 10:43:33] INFO Epoch 010 | train batch=650/1427 | elapsed=2.9 min | eta=3.4 min
[2026-08-13 10:43:35] INFO Epoch 010 | train batch=660/1427 | elapsed=2.9 min | eta=3.4 min
[2026-08-13 10:43:38] INFO Epoch 010 | train batch=670/1427 | elapsed=3.0 min | eta=3.4 min
[2026-08-13 10:43:41] INFO Epoch 010 | train batch=680/1427 | elapsed=3.0 min | eta=3.3 min
[2026-08-13 10:43:44] INFO Epoch 010 | train batch=690/1427 | elapsed=3.1 min | eta=3.3 min
[2026-08-13 10:43:47] INFO Epoch 010 | train batch=700/1427 | elapsed=3.1 min | eta=3.2 min
[2026-08-13 10:43:49] INFO Epoch 010 | train batch=710/1427 | elapsed=3.2 min | eta=3.2 min
[2026-08-13 10:43:52] INFO Epoch 010 | train batch=720/1427 | elapsed=3.2 min | eta=3.1 min
[2026-08-13 10:43:55] INFO Epoch 010 | train batch=730/1427 | elapsed=3.3 min | eta=3.1 min
[2026-08-13 10:43:58] INFO Epoch 010 | train batch=740/1427 | elapsed=3.3 min | eta=3.1 min
[2026-08-13 10:44:00] INFO Epoch 010 | train batch=750/1427 | elapsed=3.3 min | eta=3.0 min
[2026-08-13 10:44:03] INFO Epoch 010 | train batch=760/1427 | elapsed=3.4 min | eta=3.0 min
[2026-08-13 10:44:06] INFO Epoch 010 | train batch=770/1427 | elapsed=3.4 min | eta=2.9 min
[2026-08-13 10:44:09] INFO Epoch 010 | train batch=780/1427 | elapsed=3.5 min | eta=2.9 min
[2026-08-13 10:44:12] INFO Epoch 010 | train batch=790/1427 | elapsed=3.5 min | eta=2.8 min
[2026-08-13 10:44:14] INFO Epoch 010 | train batch=800/1427 | elapsed=3.6 min | eta=2.8 min
[2026-08-13 10:44:17] INFO Epoch 010 | train batch=810/1427 | elapsed=3.6 min | eta=2.8 min
[2026-08-13 10:44:20] INFO Epoch 010 | train batch=820/1427 | elapsed=3.7 min | eta=2.7 min
[2026-08-13 10:44:22] INFO Epoch 010 | train batch=830/1427 | elapsed=3.7 min | eta=2.7 min
[2026-08-13 10:44:25] INFO Epoch 010 | train batch=840/1427 | elapsed=3.8 min | eta=2.6 min
[2026-08-13 10:44:28] INFO Epoch 010 | train batch=850/1427 | elapsed=3.8 min | eta=2.6 min
[2026-08-13 10:44:30] INFO Epoch 010 | train batch=860/1427 | elapsed=3.8 min | eta=2.5 min
[2026-08-13 10:44:33] INFO Epoch 010 | train batch=870/1427 | elapsed=3.9 min | eta=2.5 min
[2026-08-13 10:44:36] INFO Epoch 010 | train batch=880/1427 | elapsed=3.9 min | eta=2.4 min
[2026-08-13 10:44:38] INFO Epoch 010 | train batch=890/1427 | elapsed=4.0 min | eta=2.4 min
[2026-08-13 10:44:41] INFO Epoch 010 | train batch=900/1427 | elapsed=4.0 min | eta=2.4 min
[2026-08-13 10:44:43] INFO Epoch 010 | train batch=910/1427 | elapsed=4.1 min | eta=2.3 min
[2026-08-13 10:44:46] INFO Epoch 010 | train batch=920/1427 | elapsed=4.1 min | eta=2.3 min
[2026-08-13 10:44:49] INFO Epoch 010 | train batch=930/1427 | elapsed=4.1 min | eta=2.2 min
[2026-08-13 10:44:51] INFO Epoch 010 | train batch=940/1427 | elapsed=4.2 min | eta=2.2 min
[2026-08-13 10:44:54] INFO Epoch 010 | train batch=950/1427 | elapsed=4.2 min | eta=2.1 min
[2026-08-13 10:44:57] INFO Epoch 010 | train batch=960/1427 | elapsed=4.3 min | eta=2.1 min
[2026-08-13 10:44:59] INFO Epoch 010 | train batch=970/1427 | elapsed=4.3 min | eta=2.0 min
[2026-08-13 10:45:02] INFO Epoch 010 | train batch=980/1427 | elapsed=4.4 min | eta=2.0 min
[2026-08-13 10:45:05] INFO Epoch 010 | train batch=990/1427 | elapsed=4.4 min | eta=1.9 min
[2026-08-13 10:45:07] INFO Epoch 010 | train batch=1000/1427 | elapsed=4.5 min | eta=1.9 min
[2026-08-13 10:45:10] INFO Epoch 010 | train batch=1010/1427 | elapsed=4.5 min | eta=1.9 min
[2026-08-13 10:45:12] INFO Epoch 010 | train batch=1020/1427 | elapsed=4.5 min | eta=1.8 min
[2026-08-13 10:45:15] INFO Epoch 010 | train batch=1030/1427 | elapsed=4.6 min | eta=1.8 min
[2026-08-13 10:45:18] INFO Epoch 010 | train batch=1040/1427 | elapsed=4.6 min | eta=1.7 min
[2026-08-13 10:45:20] INFO Epoch 010 | train batch=1050/1427 | elapsed=4.7 min | eta=1.7 min
[2026-08-13 10:45:22] INFO Epoch 010 | train batch=1060/1427 | elapsed=4.7 min | eta=1.6 min
[2026-08-13 10:45:25] INFO Epoch 010 | train batch=1070/1427 | elapsed=4.8 min | eta=1.6 min
[2026-08-13 10:45:28] INFO Epoch 010 | train batch=1080/1427 | elapsed=4.8 min | eta=1.5 min
[2026-08-13 10:45:30] INFO Epoch 010 | train batch=1090/1427 | elapsed=4.8 min | eta=1.5 min
[2026-08-13 10:45:33] INFO Epoch 010 | train batch=1100/1427 | elapsed=4.9 min | eta=1.5 min
[2026-08-13 10:45:35] INFO Epoch 010 | train batch=1110/1427 | elapsed=4.9 min | eta=1.4 min
[2026-08-13 10:45:38] INFO Epoch 010 | train batch=1120/1427 | elapsed=5.0 min | eta=1.4 min
[2026-08-13 10:45:41] INFO Epoch 010 | train batch=1130/1427 | elapsed=5.0 min | eta=1.3 min
[2026-08-13 10:45:43] INFO Epoch 010 | train batch=1140/1427 | elapsed=5.1 min | eta=1.3 min
[2026-08-13 10:45:46] INFO Epoch 010 | train batch=1150/1427 | elapsed=5.1 min | eta=1.2 min
[2026-08-13 10:45:49] INFO Epoch 010 | train batch=1160/1427 | elapsed=5.1 min | eta=1.2 min
[2026-08-13 10:45:51] INFO Epoch 010 | train batch=1170/1427 | elapsed=5.2 min | eta=1.1 min
[2026-08-13 10:45:54] INFO Epoch 010 | train batch=1180/1427 | elapsed=5.2 min | eta=1.1 min
[2026-08-13 10:45:57] INFO Epoch 010 | train batch=1190/1427 | elapsed=5.3 min | eta=1.1 min
[2026-08-13 10:46:00] INFO Epoch 010 | train batch=1200/1427 | elapsed=5.3 min | eta=1.0 min
[2026-08-13 10:46:02] INFO Epoch 010 | train batch=1210/1427 | elapsed=5.4 min | eta=1.0 min
[2026-08-13 10:46:05] INFO Epoch 010 | train batch=1220/1427 | elapsed=5.4 min | eta=0.9 min
[2026-08-13 10:46:08] INFO Epoch 010 | train batch=1230/1427 | elapsed=5.5 min | eta=0.9 min
[2026-08-13 10:46:11] INFO Epoch 010 | train batch=1240/1427 | elapsed=5.5 min | eta=0.8 min
[2026-08-13 10:46:13] INFO Epoch 010 | train batch=1250/1427 | elapsed=5.6 min | eta=0.8 min
[2026-08-13 10:46:16] INFO Epoch 010 | train batch=1260/1427 | elapsed=5.6 min | eta=0.7 min
[2026-08-13 10:46:18] INFO Epoch 010 | train batch=1270/1427 | elapsed=5.6 min | eta=0.7 min
[2026-08-13 10:46:21] INFO Epoch 010 | train batch=1280/1427 | elapsed=5.7 min | eta=0.7 min
[2026-08-13 10:46:24] INFO Epoch 010 | train batch=1290/1427 | elapsed=5.7 min | eta=0.6 min
[2026-08-13 10:46:26] INFO Epoch 010 | train batch=1300/1427 | elapsed=5.8 min | eta=0.6 min
[2026-08-13 10:46:29] INFO Epoch 010 | train batch=1310/1427 | elapsed=5.8 min | eta=0.5 min
[2026-08-13 10:46:32] INFO Epoch 010 | train batch=1320/1427 | elapsed=5.9 min | eta=0.5 min
[2026-08-13 10:46:34] INFO Epoch 010 | train batch=1330/1427 | elapsed=5.9 min | eta=0.4 min
[2026-08-13 10:46:37] INFO Epoch 010 | train batch=1340/1427 | elapsed=5.9 min | eta=0.4 min
[2026-08-13 10:46:40] INFO Epoch 010 | train batch=1350/1427 | elapsed=6.0 min | eta=0.3 min
[2026-08-13 10:46:42] INFO Epoch 010 | train batch=1360/1427 | elapsed=6.0 min | eta=0.3 min
[2026-08-13 10:46:45] INFO Epoch 010 | train batch=1370/1427 | elapsed=6.1 min | eta=0.3 min
[2026-08-13 10:46:48] INFO Epoch 010 | train batch=1380/1427 | elapsed=6.1 min | eta=0.2 min
[2026-08-13 10:46:50] INFO Epoch 010 | train batch=1390/1427 | elapsed=6.2 min | eta=0.2 min
[2026-08-13 10:46:53] INFO Epoch 010 | train batch=1400/1427 | elapsed=6.2 min | eta=0.1 min
[2026-08-13 10:46:56] INFO Epoch 010 | train batch=1410/1427 | elapsed=6.3 min | eta=0.1 min
[2026-08-13 10:46:59] INFO Epoch 010 | train batch=1420/1427 | elapsed=6.3 min | eta=0.0 min
[2026-08-13 10:47:00] INFO Epoch 010 | train batch=1427/1427 | elapsed=6.3 min | eta=0.0 min
[2026-08-13 10:47:00] INFO Epoch 010 | val batch=1/203 | elapsed=0.0 min | eta=0.3 min
[2026-08-13 10:47:01] INFO Epoch 010 | val batch=10/203 | elapsed=0.0 min | eta=0.4 min
[2026-08-13 10:47:03] INFO Epoch 010 | val batch=20/203 | elapsed=0.0 min | eta=0.4 min
[2026-08-13 10:47:04] INFO Epoch 010 | val batch=30/203 | elapsed=0.1 min | eta=0.4 min
[2026-08-13 10:47:05] INFO Epoch 010 | val batch=40/203 | elapsed=0.1 min | eta=0.4 min
[2026-08-13 10:47:07] INFO Epoch 010 | val batch=50/203 | elapsed=0.1 min | eta=0.3 min
[2026-08-13 10:47:08] INFO Epoch 010 | val batch=60/203 | elapsed=0.1 min | eta=0.3 min
[2026-08-13 10:47:09] INFO Epoch 010 | val batch=70/203 | elapsed=0.2 min | eta=0.3 min
[2026-08-13 10:47:11] INFO Epoch 010 | val batch=80/203 | elapsed=0.2 min | eta=0.3 min
[2026-08-13 10:47:12] INFO Epoch 010 | val batch=90/203 | elapsed=0.2 min | eta=0.2 min
[2026-08-13 10:47:13] INFO Epoch 010 | val batch=100/203 | elapsed=0.2 min | eta=0.2 min
[2026-08-13 10:47:15] INFO Epoch 010 | val batch=110/203 | elapsed=0.2 min | eta=0.2 min
[2026-08-13 10:47:16] INFO Epoch 010 | val batch=120/203 | elapsed=0.3 min | eta=0.2 min
[2026-08-13 10:47:17] INFO Epoch 010 | val batch=130/203 | elapsed=0.3 min | eta=0.2 min
[2026-08-13 10:47:18] INFO Epoch 010 | val batch=140/203 | elapsed=0.3 min | eta=0.1 min
[2026-08-13 10:47:20] INFO Epoch 010 | val batch=150/203 | elapsed=0.3 min | eta=0.1 min
[2026-08-13 10:47:21] INFO Epoch 010 | val batch=160/203 | elapsed=0.4 min | eta=0.1 min
[2026-08-13 10:47:22] INFO Epoch 010 | val batch=170/203 | elapsed=0.4 min | eta=0.1 min
[2026-08-13 10:47:24] INFO Epoch 010 | val batch=180/203 | elapsed=0.4 min | eta=0.1 min
[2026-08-13 10:47:25] INFO Epoch 010 | val batch=190/203 | elapsed=0.4 min | eta=0.0 min
[2026-08-13 10:47:26] INFO Epoch 010 | val batch=200/203 | elapsed=0.4 min | eta=0.0 min
[2026-08-13 10:47:27] INFO Epoch 010 | val batch=203/203 | elapsed=0.4 min | eta=0.0 min
[2026-08-13 10:47:27] INFO Epoch 010 | train_total=1.169422 | val_total=0.864724 | val_mask=0.530985 | val_retrieval=2.386062 | val_profile=0.951328 | val_anchors=660915 | val_positive_pairs=0 | val_hard_negatives=0 | val_relation_candidates=9654476 | val_teacher_keff=4.444 | val_student_keff=9.782 | val_masked_positions=1959764 | skipped(train/val)=0/0
[2026-08-13 10:47:27] INFO Checkpoint updated | epoch=10 | best_val=0.864724 | path=C:\Users\clw\projects\researchRep\STAnchor-BlockMemory\artifacts\metrla_e5_final_sym_profile_local12_seed42\pretrain_best.pt
[2026-08-13 10:47:27] INFO Relation checkpoint updated | epoch=10 | best_val_relation=2.386062 | path=C:\Users\clw\projects\researchRep\STAnchor-BlockMemory\artifacts\metrla_e5_final_sym_profile_local12_seed42\pretrain_best_relation.pt
[2026-08-13 10:47:27] INFO Epoch 011/050 started | train_batches=1427 | val_batches=203
[2026-08-13 10:47:27] INFO Epoch 011 | train batch=1/1427 | elapsed=0.0 min | eta=5.3 min
[2026-08-13 10:47:29] INFO Epoch 011 | train batch=10/1427 | elapsed=0.0 min | eta=6.3 min
[2026-08-13 10:47:32] INFO Epoch 011 | train batch=20/1427 | elapsed=0.1 min | eta=6.3 min
[2026-08-13 10:47:35] INFO Epoch 011 | train batch=30/1427 | elapsed=0.1 min | eta=6.2 min
[2026-08-13 10:47:37] INFO Epoch 011 | train batch=40/1427 | elapsed=0.2 min | eta=6.2 min
[2026-08-13 10:47:40] INFO Epoch 011 | train batch=50/1427 | elapsed=0.2 min | eta=6.1 min
[2026-08-13 10:47:43] INFO Epoch 011 | train batch=60/1427 | elapsed=0.3 min | eta=6.1 min
[2026-08-13 10:47:45] INFO Epoch 011 | train batch=70/1427 | elapsed=0.3 min | eta=6.0 min
[2026-08-13 10:47:48] INFO Epoch 011 | train batch=80/1427 | elapsed=0.4 min | eta=6.0 min
[2026-08-13 10:47:51] INFO Epoch 011 | train batch=90/1427 | elapsed=0.4 min | eta=6.0 min
[2026-08-13 10:47:54] INFO Epoch 011 | train batch=100/1427 | elapsed=0.4 min | eta=6.0 min
[2026-08-13 10:47:56] INFO Epoch 011 | train batch=110/1427 | elapsed=0.5 min | eta=5.9 min
[2026-08-13 10:47:59] INFO Epoch 011 | train batch=120/1427 | elapsed=0.5 min | eta=5.8 min
[2026-08-13 10:48:02] INFO Epoch 011 | train batch=130/1427 | elapsed=0.6 min | eta=5.8 min
[2026-08-13 10:48:04] INFO Epoch 011 | train batch=140/1427 | elapsed=0.6 min | eta=5.8 min
[2026-08-13 10:48:07] INFO Epoch 011 | train batch=150/1427 | elapsed=0.7 min | eta=5.7 min
[2026-08-13 10:48:09] INFO Epoch 011 | train batch=160/1427 | elapsed=0.7 min | eta=5.6 min
[2026-08-13 10:48:12] INFO Epoch 011 | train batch=170/1427 | elapsed=0.8 min | eta=5.6 min
[2026-08-13 10:48:15] INFO Epoch 011 | train batch=180/1427 | elapsed=0.8 min | eta=5.5 min
[2026-08-13 10:48:17] INFO Epoch 011 | train batch=190/1427 | elapsed=0.8 min | eta=5.5 min
[2026-08-13 10:48:20] INFO Epoch 011 | train batch=200/1427 | elapsed=0.9 min | eta=5.5 min
[2026-08-13 10:48:23] INFO Epoch 011 | train batch=210/1427 | elapsed=0.9 min | eta=5.4 min
[2026-08-13 10:48:25] INFO Epoch 011 | train batch=220/1427 | elapsed=1.0 min | eta=5.4 min
[2026-08-13 10:48:28] INFO Epoch 011 | train batch=230/1427 | elapsed=1.0 min | eta=5.3 min
[2026-08-13 10:48:31] INFO Epoch 011 | train batch=240/1427 | elapsed=1.1 min | eta=5.3 min
[2026-08-13 10:48:34] INFO Epoch 011 | train batch=250/1427 | elapsed=1.1 min | eta=5.3 min
[2026-08-13 10:48:36] INFO Epoch 011 | train batch=260/1427 | elapsed=1.2 min | eta=5.2 min
[2026-08-13 10:48:39] INFO Epoch 011 | train batch=270/1427 | elapsed=1.2 min | eta=5.2 min
[2026-08-13 10:48:42] INFO Epoch 011 | train batch=280/1427 | elapsed=1.3 min | eta=5.1 min
[2026-08-13 10:48:44] INFO Epoch 011 | train batch=290/1427 | elapsed=1.3 min | eta=5.1 min
[2026-08-13 10:48:47] INFO Epoch 011 | train batch=300/1427 | elapsed=1.3 min | eta=5.0 min
[2026-08-13 10:48:49] INFO Epoch 011 | train batch=310/1427 | elapsed=1.4 min | eta=5.0 min
[2026-08-13 10:48:52] INFO Epoch 011 | train batch=320/1427 | elapsed=1.4 min | eta=4.9 min
[2026-08-13 10:48:54] INFO Epoch 011 | train batch=330/1427 | elapsed=1.5 min | eta=4.9 min
[2026-08-13 10:48:57] INFO Epoch 011 | train batch=340/1427 | elapsed=1.5 min | eta=4.8 min
[2026-08-13 10:49:00] INFO Epoch 011 | train batch=350/1427 | elapsed=1.6 min | eta=4.8 min
[2026-08-13 10:49:03] INFO Epoch 011 | train batch=360/1427 | elapsed=1.6 min | eta=4.8 min
[2026-08-13 10:49:06] INFO Epoch 011 | train batch=370/1427 | elapsed=1.6 min | eta=4.7 min
[2026-08-13 10:49:09] INFO Epoch 011 | train batch=380/1427 | elapsed=1.7 min | eta=4.7 min
[2026-08-13 10:49:11] INFO Epoch 011 | train batch=390/1427 | elapsed=1.7 min | eta=4.6 min
[2026-08-13 10:49:14] INFO Epoch 011 | train batch=400/1427 | elapsed=1.8 min | eta=4.6 min
[2026-08-13 10:49:17] INFO Epoch 011 | train batch=410/1427 | elapsed=1.8 min | eta=4.5 min
[2026-08-13 10:49:19] INFO Epoch 011 | train batch=420/1427 | elapsed=1.9 min | eta=4.5 min
[2026-08-13 10:49:22] INFO Epoch 011 | train batch=430/1427 | elapsed=1.9 min | eta=4.4 min
[2026-08-13 10:49:24] INFO Epoch 011 | train batch=440/1427 | elapsed=2.0 min | eta=4.4 min
[2026-08-13 10:49:27] INFO Epoch 011 | train batch=450/1427 | elapsed=2.0 min | eta=4.4 min
[2026-08-13 10:49:30] INFO Epoch 011 | train batch=460/1427 | elapsed=2.1 min | eta=4.3 min
[2026-08-13 10:49:32] INFO Epoch 011 | train batch=470/1427 | elapsed=2.1 min | eta=4.3 min
[2026-08-13 10:49:35] INFO Epoch 011 | train batch=480/1427 | elapsed=2.1 min | eta=4.2 min
[2026-08-13 10:49:37] INFO Epoch 011 | train batch=490/1427 | elapsed=2.2 min | eta=4.2 min
[2026-08-13 10:49:40] INFO Epoch 011 | train batch=500/1427 | elapsed=2.2 min | eta=4.1 min
[2026-08-13 10:49:43] INFO Epoch 011 | train batch=510/1427 | elapsed=2.3 min | eta=4.1 min
[2026-08-13 10:49:46] INFO Epoch 011 | train batch=520/1427 | elapsed=2.3 min | eta=4.0 min
[2026-08-13 10:49:48] INFO Epoch 011 | train batch=530/1427 | elapsed=2.4 min | eta=4.0 min
[2026-08-13 10:49:51] INFO Epoch 011 | train batch=540/1427 | elapsed=2.4 min | eta=4.0 min
[2026-08-13 10:49:54] INFO Epoch 011 | train batch=550/1427 | elapsed=2.5 min | eta=3.9 min
[2026-08-13 10:49:57] INFO Epoch 011 | train batch=560/1427 | elapsed=2.5 min | eta=3.9 min
[2026-08-13 10:49:59] INFO Epoch 011 | train batch=570/1427 | elapsed=2.5 min | eta=3.8 min
[2026-08-13 10:50:02] INFO Epoch 011 | train batch=580/1427 | elapsed=2.6 min | eta=3.8 min
[2026-08-13 10:50:05] INFO Epoch 011 | train batch=590/1427 | elapsed=2.6 min | eta=3.7 min
[2026-08-13 10:50:07] INFO Epoch 011 | train batch=600/1427 | elapsed=2.7 min | eta=3.7 min
[2026-08-13 10:50:10] INFO Epoch 011 | train batch=610/1427 | elapsed=2.7 min | eta=3.6 min
[2026-08-13 10:50:13] INFO Epoch 011 | train batch=620/1427 | elapsed=2.8 min | eta=3.6 min
[2026-08-13 10:50:15] INFO Epoch 011 | train batch=630/1427 | elapsed=2.8 min | eta=3.6 min
[2026-08-13 10:50:18] INFO Epoch 011 | train batch=640/1427 | elapsed=2.9 min | eta=3.5 min
[2026-08-13 10:50:21] INFO Epoch 011 | train batch=650/1427 | elapsed=2.9 min | eta=3.5 min
[2026-08-13 10:50:23] INFO Epoch 011 | train batch=660/1427 | elapsed=2.9 min | eta=3.4 min
[2026-08-13 10:50:26] INFO Epoch 011 | train batch=670/1427 | elapsed=3.0 min | eta=3.4 min
[2026-08-13 10:50:29] INFO Epoch 011 | train batch=680/1427 | elapsed=3.0 min | eta=3.3 min
[2026-08-13 10:50:32] INFO Epoch 011 | train batch=690/1427 | elapsed=3.1 min | eta=3.3 min
[2026-08-13 10:50:35] INFO Epoch 011 | train batch=700/1427 | elapsed=3.1 min | eta=3.3 min
[2026-08-13 10:50:37] INFO Epoch 011 | train batch=710/1427 | elapsed=3.2 min | eta=3.2 min
[2026-08-13 10:50:40] INFO Epoch 011 | train batch=720/1427 | elapsed=3.2 min | eta=3.2 min
[2026-08-13 10:50:43] INFO Epoch 011 | train batch=730/1427 | elapsed=3.3 min | eta=3.1 min
[2026-08-13 10:50:46] INFO Epoch 011 | train batch=740/1427 | elapsed=3.3 min | eta=3.1 min
[2026-08-13 10:50:48] INFO Epoch 011 | train batch=750/1427 | elapsed=3.4 min | eta=3.0 min
[2026-08-13 10:50:51] INFO Epoch 011 | train batch=760/1427 | elapsed=3.4 min | eta=3.0 min
[2026-08-13 10:50:53] INFO Epoch 011 | train batch=770/1427 | elapsed=3.4 min | eta=2.9 min
[2026-08-13 10:50:56] INFO Epoch 011 | train batch=780/1427 | elapsed=3.5 min | eta=2.9 min
[2026-08-13 10:50:59] INFO Epoch 011 | train batch=790/1427 | elapsed=3.5 min | eta=2.9 min
[2026-08-13 10:51:02] INFO Epoch 011 | train batch=800/1427 | elapsed=3.6 min | eta=2.8 min
[2026-08-13 10:51:04] INFO Epoch 011 | train batch=810/1427 | elapsed=3.6 min | eta=2.8 min
[2026-08-13 10:51:07] INFO Epoch 011 | train batch=820/1427 | elapsed=3.7 min | eta=2.7 min
[2026-08-13 10:51:10] INFO Epoch 011 | train batch=830/1427 | elapsed=3.7 min | eta=2.7 min
[2026-08-13 10:51:12] INFO Epoch 011 | train batch=840/1427 | elapsed=3.8 min | eta=2.6 min
[2026-08-13 10:51:15] INFO Epoch 011 | train batch=850/1427 | elapsed=3.8 min | eta=2.6 min
[2026-08-13 10:51:17] INFO Epoch 011 | train batch=860/1427 | elapsed=3.8 min | eta=2.5 min
[2026-08-13 10:51:20] INFO Epoch 011 | train batch=870/1427 | elapsed=3.9 min | eta=2.5 min
[2026-08-13 10:51:22] INFO Epoch 011 | train batch=880/1427 | elapsed=3.9 min | eta=2.4 min
[2026-08-13 10:51:25] INFO Epoch 011 | train batch=890/1427 | elapsed=4.0 min | eta=2.4 min
[2026-08-13 10:51:27] INFO Epoch 011 | train batch=900/1427 | elapsed=4.0 min | eta=2.3 min
[2026-08-13 10:51:30] INFO Epoch 011 | train batch=910/1427 | elapsed=4.1 min | eta=2.3 min
[2026-08-13 10:51:33] INFO Epoch 011 | train batch=920/1427 | elapsed=4.1 min | eta=2.3 min
[2026-08-13 10:51:36] INFO Epoch 011 | train batch=930/1427 | elapsed=4.2 min | eta=2.2 min
[2026-08-13 10:51:38] INFO Epoch 011 | train batch=940/1427 | elapsed=4.2 min | eta=2.2 min
[2026-08-13 10:51:41] INFO Epoch 011 | train batch=950/1427 | elapsed=4.2 min | eta=2.1 min
[2026-08-13 10:51:44] INFO Epoch 011 | train batch=960/1427 | elapsed=4.3 min | eta=2.1 min
[2026-08-13 10:51:47] INFO Epoch 011 | train batch=970/1427 | elapsed=4.3 min | eta=2.0 min
[2026-08-13 10:51:50] INFO Epoch 011 | train batch=980/1427 | elapsed=4.4 min | eta=2.0 min
[2026-08-13 10:51:53] INFO Epoch 011 | train batch=990/1427 | elapsed=4.4 min | eta=2.0 min
[2026-08-13 10:51:55] INFO Epoch 011 | train batch=1000/1427 | elapsed=4.5 min | eta=1.9 min
[2026-08-13 10:51:58] INFO Epoch 011 | train batch=1010/1427 | elapsed=4.5 min | eta=1.9 min
[2026-08-13 10:52:01] INFO Epoch 011 | train batch=1020/1427 | elapsed=4.6 min | eta=1.8 min
[2026-08-13 10:52:03] INFO Epoch 011 | train batch=1030/1427 | elapsed=4.6 min | eta=1.8 min
[2026-08-13 10:52:06] INFO Epoch 011 | train batch=1040/1427 | elapsed=4.7 min | eta=1.7 min
[2026-08-13 10:52:08] INFO Epoch 011 | train batch=1050/1427 | elapsed=4.7 min | eta=1.7 min
[2026-08-13 10:52:11] INFO Epoch 011 | train batch=1060/1427 | elapsed=4.7 min | eta=1.6 min
[2026-08-13 10:52:14] INFO Epoch 011 | train batch=1070/1427 | elapsed=4.8 min | eta=1.6 min
[2026-08-13 10:52:16] INFO Epoch 011 | train batch=1080/1427 | elapsed=4.8 min | eta=1.5 min
[2026-08-13 10:52:19] INFO Epoch 011 | train batch=1090/1427 | elapsed=4.9 min | eta=1.5 min
[2026-08-13 10:52:22] INFO Epoch 011 | train batch=1100/1427 | elapsed=4.9 min | eta=1.5 min
[2026-08-13 10:52:24] INFO Epoch 011 | train batch=1110/1427 | elapsed=5.0 min | eta=1.4 min
[2026-08-13 10:52:27] INFO Epoch 011 | train batch=1120/1427 | elapsed=5.0 min | eta=1.4 min
[2026-08-13 10:52:29] INFO Epoch 011 | train batch=1130/1427 | elapsed=5.0 min | eta=1.3 min
[2026-08-13 10:52:32] INFO Epoch 011 | train batch=1140/1427 | elapsed=5.1 min | eta=1.3 min
[2026-08-13 10:52:35] INFO Epoch 011 | train batch=1150/1427 | elapsed=5.1 min | eta=1.2 min
[2026-08-13 10:52:38] INFO Epoch 011 | train batch=1160/1427 | elapsed=5.2 min | eta=1.2 min
[2026-08-13 10:52:40] INFO Epoch 011 | train batch=1170/1427 | elapsed=5.2 min | eta=1.1 min
[2026-08-13 10:52:43] INFO Epoch 011 | train batch=1180/1427 | elapsed=5.3 min | eta=1.1 min
[2026-08-13 10:52:46] INFO Epoch 011 | train batch=1190/1427 | elapsed=5.3 min | eta=1.1 min
[2026-08-13 10:52:48] INFO Epoch 011 | train batch=1200/1427 | elapsed=5.4 min | eta=1.0 min
[2026-08-13 10:52:51] INFO Epoch 011 | train batch=1210/1427 | elapsed=5.4 min | eta=1.0 min
[2026-08-13 10:52:54] INFO Epoch 011 | train batch=1220/1427 | elapsed=5.5 min | eta=0.9 min
[2026-08-13 10:52:57] INFO Epoch 011 | train batch=1230/1427 | elapsed=5.5 min | eta=0.9 min
[2026-08-13 10:52:59] INFO Epoch 011 | train batch=1240/1427 | elapsed=5.5 min | eta=0.8 min
[2026-08-13 10:53:02] INFO Epoch 011 | train batch=1250/1427 | elapsed=5.6 min | eta=0.8 min
[2026-08-13 10:53:05] INFO Epoch 011 | train batch=1260/1427 | elapsed=5.6 min | eta=0.7 min
[2026-08-13 10:53:07] INFO Epoch 011 | train batch=1270/1427 | elapsed=5.7 min | eta=0.7 min
[2026-08-13 10:53:10] INFO Epoch 011 | train batch=1280/1427 | elapsed=5.7 min | eta=0.7 min
[2026-08-13 10:53:13] INFO Epoch 011 | train batch=1290/1427 | elapsed=5.8 min | eta=0.6 min
[2026-08-13 10:53:15] INFO Epoch 011 | train batch=1300/1427 | elapsed=5.8 min | eta=0.6 min
[2026-08-13 10:53:18] INFO Epoch 011 | train batch=1310/1427 | elapsed=5.9 min | eta=0.5 min
[2026-08-13 10:53:21] INFO Epoch 011 | train batch=1320/1427 | elapsed=5.9 min | eta=0.5 min
[2026-08-13 10:53:23] INFO Epoch 011 | train batch=1330/1427 | elapsed=5.9 min | eta=0.4 min
[2026-08-13 10:53:26] INFO Epoch 011 | train batch=1340/1427 | elapsed=6.0 min | eta=0.4 min
[2026-08-13 10:53:29] INFO Epoch 011 | train batch=1350/1427 | elapsed=6.0 min | eta=0.3 min
[2026-08-13 10:53:32] INFO Epoch 011 | train batch=1360/1427 | elapsed=6.1 min | eta=0.3 min
[2026-08-13 10:53:34] INFO Epoch 011 | train batch=1370/1427 | elapsed=6.1 min | eta=0.3 min
[2026-08-13 10:53:37] INFO Epoch 011 | train batch=1380/1427 | elapsed=6.2 min | eta=0.2 min
[2026-08-13 10:53:40] INFO Epoch 011 | train batch=1390/1427 | elapsed=6.2 min | eta=0.2 min
[2026-08-13 10:53:43] INFO Epoch 011 | train batch=1400/1427 | elapsed=6.3 min | eta=0.1 min
[2026-08-13 10:53:45] INFO Epoch 011 | train batch=1410/1427 | elapsed=6.3 min | eta=0.1 min
[2026-08-13 10:53:48] INFO Epoch 011 | train batch=1420/1427 | elapsed=6.3 min | eta=0.0 min
[2026-08-13 10:53:49] INFO Epoch 011 | train batch=1427/1427 | elapsed=6.4 min | eta=0.0 min
[2026-08-13 10:53:49] INFO Epoch 011 | val batch=1/203 | elapsed=0.0 min | eta=0.3 min
[2026-08-13 10:53:51] INFO Epoch 011 | val batch=10/203 | elapsed=0.0 min | eta=0.4 min
[2026-08-13 10:53:52] INFO Epoch 011 | val batch=20/203 | elapsed=0.0 min | eta=0.4 min
[2026-08-13 10:53:53] INFO Epoch 011 | val batch=30/203 | elapsed=0.1 min | eta=0.4 min
[2026-08-13 10:53:55] INFO Epoch 011 | val batch=40/203 | elapsed=0.1 min | eta=0.4 min
[2026-08-13 10:53:56] INFO Epoch 011 | val batch=50/203 | elapsed=0.1 min | eta=0.3 min
[2026-08-13 10:53:57] INFO Epoch 011 | val batch=60/203 | elapsed=0.1 min | eta=0.3 min
[2026-08-13 10:53:59] INFO Epoch 011 | val batch=70/203 | elapsed=0.2 min | eta=0.3 min
[2026-08-13 10:54:00] INFO Epoch 011 | val batch=80/203 | elapsed=0.2 min | eta=0.3 min
[2026-08-13 10:54:01] INFO Epoch 011 | val batch=90/203 | elapsed=0.2 min | eta=0.2 min
[2026-08-13 10:54:02] INFO Epoch 011 | val batch=100/203 | elapsed=0.2 min | eta=0.2 min
[2026-08-13 10:54:04] INFO Epoch 011 | val batch=110/203 | elapsed=0.2 min | eta=0.2 min
[2026-08-13 10:54:05] INFO Epoch 011 | val batch=120/203 | elapsed=0.3 min | eta=0.2 min
[2026-08-13 10:54:06] INFO Epoch 011 | val batch=130/203 | elapsed=0.3 min | eta=0.2 min
[2026-08-13 10:54:08] INFO Epoch 011 | val batch=140/203 | elapsed=0.3 min | eta=0.1 min
[2026-08-13 10:54:09] INFO Epoch 011 | val batch=150/203 | elapsed=0.3 min | eta=0.1 min
[2026-08-13 10:54:10] INFO Epoch 011 | val batch=160/203 | elapsed=0.3 min | eta=0.1 min
[2026-08-13 10:54:12] INFO Epoch 011 | val batch=170/203 | elapsed=0.4 min | eta=0.1 min
[2026-08-13 10:54:13] INFO Epoch 011 | val batch=180/203 | elapsed=0.4 min | eta=0.1 min
[2026-08-13 10:54:14] INFO Epoch 011 | val batch=190/203 | elapsed=0.4 min | eta=0.0 min
[2026-08-13 10:54:16] INFO Epoch 011 | val batch=200/203 | elapsed=0.4 min | eta=0.0 min
[2026-08-13 10:54:16] INFO Epoch 011 | val batch=203/203 | elapsed=0.4 min | eta=0.0 min
[2026-08-13 10:54:16] INFO Epoch 011 | train_total=1.140962 | val_total=1.386042 | val_mask=1.052160 | val_retrieval=2.388734 | val_profile=0.950085 | val_anchors=660915 | val_positive_pairs=0 | val_hard_negatives=0 | val_relation_candidates=9654476 | val_teacher_keff=4.444 | val_student_keff=9.637 | val_masked_positions=1960813 | skipped(train/val)=0/0
[2026-08-13 10:54:16] INFO Epoch 012/050 started | train_batches=1427 | val_batches=203
[2026-08-13 10:54:16] INFO Epoch 012 | train batch=1/1427 | elapsed=0.0 min | eta=5.1 min
[2026-08-13 10:54:18] INFO Epoch 012 | train batch=10/1427 | elapsed=0.0 min | eta=5.8 min
[2026-08-13 10:54:21] INFO Epoch 012 | train batch=20/1427 | elapsed=0.1 min | eta=6.3 min
[2026-08-13 10:54:24] INFO Epoch 012 | train batch=30/1427 | elapsed=0.1 min | eta=6.1 min
[2026-08-13 10:54:26] INFO Epoch 012 | train batch=40/1427 | elapsed=0.2 min | eta=6.0 min
[2026-08-13 10:54:29] INFO Epoch 012 | train batch=50/1427 | elapsed=0.2 min | eta=6.0 min
[2026-08-13 10:54:32] INFO Epoch 012 | train batch=60/1427 | elapsed=0.3 min | eta=6.0 min
[2026-08-13 10:54:35] INFO Epoch 012 | train batch=70/1427 | elapsed=0.3 min | eta=6.1 min
[2026-08-13 10:54:37] INFO Epoch 012 | train batch=80/1427 | elapsed=0.4 min | eta=6.0 min
[2026-08-13 10:54:40] INFO Epoch 012 | train batch=90/1427 | elapsed=0.4 min | eta=5.9 min
[2026-08-13 10:54:42] INFO Epoch 012 | train batch=100/1427 | elapsed=0.4 min | eta=5.8 min
[2026-08-13 10:54:45] INFO Epoch 012 | train batch=110/1427 | elapsed=0.5 min | eta=5.8 min
[2026-08-13 10:54:48] INFO Epoch 012 | train batch=120/1427 | elapsed=0.5 min | eta=5.8 min
[2026-08-13 10:54:51] INFO Epoch 012 | train batch=130/1427 | elapsed=0.6 min | eta=5.8 min
[2026-08-13 10:54:53] INFO Epoch 012 | train batch=140/1427 | elapsed=0.6 min | eta=5.8 min
[2026-08-13 10:54:56] INFO Epoch 012 | train batch=150/1427 | elapsed=0.7 min | eta=5.7 min
[2026-08-13 10:54:59] INFO Epoch 012 | train batch=160/1427 | elapsed=0.7 min | eta=5.7 min
[2026-08-13 10:55:02] INFO Epoch 012 | train batch=170/1427 | elapsed=0.8 min | eta=5.7 min
[2026-08-13 10:55:05] INFO Epoch 012 | train batch=180/1427 | elapsed=0.8 min | eta=5.6 min
[2026-08-13 10:55:07] INFO Epoch 012 | train batch=190/1427 | elapsed=0.9 min | eta=5.6 min
[2026-08-13 10:55:10] INFO Epoch 012 | train batch=200/1427 | elapsed=0.9 min | eta=5.5 min
[2026-08-13 10:55:13] INFO Epoch 012 | train batch=210/1427 | elapsed=0.9 min | eta=5.5 min
[2026-08-13 10:55:15] INFO Epoch 012 | train batch=220/1427 | elapsed=1.0 min | eta=5.4 min
[2026-08-13 10:55:18] INFO Epoch 012 | train batch=230/1427 | elapsed=1.0 min | eta=5.4 min
[2026-08-13 10:55:21] INFO Epoch 012 | train batch=240/1427 | elapsed=1.1 min | eta=5.3 min
[2026-08-13 10:55:23] INFO Epoch 012 | train batch=250/1427 | elapsed=1.1 min | eta=5.3 min
[2026-08-13 10:55:26] INFO Epoch 012 | train batch=260/1427 | elapsed=1.2 min | eta=5.2 min
[2026-08-13 10:55:29] INFO Epoch 012 | train batch=270/1427 | elapsed=1.2 min | eta=5.2 min
[2026-08-13 10:55:31] INFO Epoch 012 | train batch=280/1427 | elapsed=1.3 min | eta=5.1 min
[2026-08-13 10:55:34] INFO Epoch 012 | train batch=290/1427 | elapsed=1.3 min | eta=5.1 min
[2026-08-13 10:55:36] INFO Epoch 012 | train batch=300/1427 | elapsed=1.3 min | eta=5.0 min
[2026-08-13 10:55:39] INFO Epoch 012 | train batch=310/1427 | elapsed=1.4 min | eta=5.0 min
[2026-08-13 10:55:42] INFO Epoch 012 | train batch=320/1427 | elapsed=1.4 min | eta=5.0 min
[2026-08-13 10:55:45] INFO Epoch 012 | train batch=330/1427 | elapsed=1.5 min | eta=4.9 min
[2026-08-13 10:55:47] INFO Epoch 012 | train batch=340/1427 | elapsed=1.5 min | eta=4.9 min
[2026-08-13 10:55:50] INFO Epoch 012 | train batch=350/1427 | elapsed=1.6 min | eta=4.8 min
[2026-08-13 10:55:52] INFO Epoch 012 | train batch=360/1427 | elapsed=1.6 min | eta=4.8 min
[2026-08-13 10:55:56] INFO Epoch 012 | train batch=370/1427 | elapsed=1.7 min | eta=4.7 min
[2026-08-13 10:55:58] INFO Epoch 012 | train batch=380/1427 | elapsed=1.7 min | eta=4.7 min
[2026-08-13 10:56:01] INFO Epoch 012 | train batch=390/1427 | elapsed=1.7 min | eta=4.6 min
[2026-08-13 10:56:03] INFO Epoch 012 | train batch=400/1427 | elapsed=1.8 min | eta=4.6 min
[2026-08-13 10:56:06] INFO Epoch 012 | train batch=410/1427 | elapsed=1.8 min | eta=4.5 min
[2026-08-13 10:56:09] INFO Epoch 012 | train batch=420/1427 | elapsed=1.9 min | eta=4.5 min
[2026-08-13 10:56:11] INFO Epoch 012 | train batch=430/1427 | elapsed=1.9 min | eta=4.5 min
[2026-08-13 10:56:14] INFO Epoch 012 | train batch=440/1427 | elapsed=2.0 min | eta=4.4 min
[2026-08-13 10:56:17] INFO Epoch 012 | train batch=450/1427 | elapsed=2.0 min | eta=4.4 min
[2026-08-13 10:56:19] INFO Epoch 012 | train batch=460/1427 | elapsed=2.1 min | eta=4.3 min
[2026-08-13 10:56:22] INFO Epoch 012 | train batch=470/1427 | elapsed=2.1 min | eta=4.3 min
[2026-08-13 10:56:25] INFO Epoch 012 | train batch=480/1427 | elapsed=2.1 min | eta=4.2 min
[2026-08-13 10:56:28] INFO Epoch 012 | train batch=490/1427 | elapsed=2.2 min | eta=4.2 min
[2026-08-13 10:56:30] INFO Epoch 012 | train batch=500/1427 | elapsed=2.2 min | eta=4.2 min
[2026-08-13 10:56:33] INFO Epoch 012 | train batch=510/1427 | elapsed=2.3 min | eta=4.1 min
[2026-08-13 10:56:35] INFO Epoch 012 | train batch=520/1427 | elapsed=2.3 min | eta=4.1 min
[2026-08-13 10:56:38] INFO Epoch 012 | train batch=530/1427 | elapsed=2.4 min | eta=4.0 min
[2026-08-13 10:56:41] INFO Epoch 012 | train batch=540/1427 | elapsed=2.4 min | eta=4.0 min
[2026-08-13 10:56:44] INFO Epoch 012 | train batch=550/1427 | elapsed=2.5 min | eta=3.9 min
[2026-08-13 10:56:46] INFO Epoch 012 | train batch=560/1427 | elapsed=2.5 min | eta=3.9 min
[2026-08-13 10:56:49] INFO Epoch 012 | train batch=570/1427 | elapsed=2.5 min | eta=3.8 min
[2026-08-13 10:56:51] INFO Epoch 012 | train batch=580/1427 | elapsed=2.6 min | eta=3.8 min
[2026-08-13 10:56:54] INFO Epoch 012 | train batch=590/1427 | elapsed=2.6 min | eta=3.7 min
[2026-08-13 10:56:57] INFO Epoch 012 | train batch=600/1427 | elapsed=2.7 min | eta=3.7 min
[2026-08-13 10:56:59] INFO Epoch 012 | train batch=610/1427 | elapsed=2.7 min | eta=3.6 min
[2026-08-13 10:57:01] INFO Epoch 012 | train batch=620/1427 | elapsed=2.8 min | eta=3.6 min
[2026-08-13 10:57:04] INFO Epoch 012 | train batch=630/1427 | elapsed=2.8 min | eta=3.5 min
[2026-08-13 10:57:07] INFO Epoch 012 | train batch=640/1427 | elapsed=2.8 min | eta=3.5 min
[2026-08-13 10:57:09] INFO Epoch 012 | train batch=650/1427 | elapsed=2.9 min | eta=3.5 min
[2026-08-13 10:57:12] INFO Epoch 012 | train batch=660/1427 | elapsed=2.9 min | eta=3.4 min
[2026-08-13 10:57:15] INFO Epoch 012 | train batch=670/1427 | elapsed=3.0 min | eta=3.4 min
[2026-08-13 10:57:18] INFO Epoch 012 | train batch=680/1427 | elapsed=3.0 min | eta=3.3 min
[2026-08-13 10:57:20] INFO Epoch 012 | train batch=690/1427 | elapsed=3.1 min | eta=3.3 min
[2026-08-13 10:57:23] INFO Epoch 012 | train batch=700/1427 | elapsed=3.1 min | eta=3.2 min
[2026-08-13 10:57:26] INFO Epoch 012 | train batch=710/1427 | elapsed=3.2 min | eta=3.2 min
[2026-08-13 10:57:29] INFO Epoch 012 | train batch=720/1427 | elapsed=3.2 min | eta=3.2 min
[2026-08-13 10:57:31] INFO Epoch 012 | train batch=730/1427 | elapsed=3.3 min | eta=3.1 min
[2026-08-13 10:57:34] INFO Epoch 012 | train batch=740/1427 | elapsed=3.3 min | eta=3.1 min
[2026-08-13 10:57:37] INFO Epoch 012 | train batch=750/1427 | elapsed=3.3 min | eta=3.0 min
[2026-08-13 10:57:39] INFO Epoch 012 | train batch=760/1427 | elapsed=3.4 min | eta=3.0 min
[2026-08-13 10:57:42] INFO Epoch 012 | train batch=770/1427 | elapsed=3.4 min | eta=2.9 min
[2026-08-13 10:57:44] INFO Epoch 012 | train batch=780/1427 | elapsed=3.5 min | eta=2.9 min
[2026-08-13 10:57:47] INFO Epoch 012 | train batch=790/1427 | elapsed=3.5 min | eta=2.8 min
[2026-08-13 10:57:50] INFO Epoch 012 | train batch=800/1427 | elapsed=3.6 min | eta=2.8 min
[2026-08-13 10:57:52] INFO Epoch 012 | train batch=810/1427 | elapsed=3.6 min | eta=2.7 min
[2026-08-13 10:57:55] INFO Epoch 012 | train batch=820/1427 | elapsed=3.6 min | eta=2.7 min
[2026-08-13 10:57:57] INFO Epoch 012 | train batch=830/1427 | elapsed=3.7 min | eta=2.7 min
[2026-08-13 10:58:00] INFO Epoch 012 | train batch=840/1427 | elapsed=3.7 min | eta=2.6 min
[2026-08-13 10:58:03] INFO Epoch 012 | train batch=850/1427 | elapsed=3.8 min | eta=2.6 min
[2026-08-13 10:58:05] INFO Epoch 012 | train batch=860/1427 | elapsed=3.8 min | eta=2.5 min
[2026-08-13 10:58:08] INFO Epoch 012 | train batch=870/1427 | elapsed=3.9 min | eta=2.5 min
[2026-08-13 10:58:11] INFO Epoch 012 | train batch=880/1427 | elapsed=3.9 min | eta=2.4 min
[2026-08-13 10:58:14] INFO Epoch 012 | train batch=890/1427 | elapsed=4.0 min | eta=2.4 min
[2026-08-13 10:58:16] INFO Epoch 012 | train batch=900/1427 | elapsed=4.0 min | eta=2.3 min
[2026-08-13 10:58:19] INFO Epoch 012 | train batch=910/1427 | elapsed=4.1 min | eta=2.3 min
[2026-08-13 10:58:22] INFO Epoch 012 | train batch=920/1427 | elapsed=4.1 min | eta=2.3 min
[2026-08-13 10:58:24] INFO Epoch 012 | train batch=930/1427 | elapsed=4.1 min | eta=2.2 min
[2026-08-13 10:58:27] INFO Epoch 012 | train batch=940/1427 | elapsed=4.2 min | eta=2.2 min
[2026-08-13 10:58:29] INFO Epoch 012 | train batch=950/1427 | elapsed=4.2 min | eta=2.1 min
[2026-08-13 10:58:32] INFO Epoch 012 | train batch=960/1427 | elapsed=4.3 min | eta=2.1 min
[2026-08-13 10:58:34] INFO Epoch 012 | train batch=970/1427 | elapsed=4.3 min | eta=2.0 min
[2026-08-13 10:58:37] INFO Epoch 012 | train batch=980/1427 | elapsed=4.4 min | eta=2.0 min
[2026-08-13 10:58:40] INFO Epoch 012 | train batch=990/1427 | elapsed=4.4 min | eta=1.9 min
[2026-08-13 10:58:42] INFO Epoch 012 | train batch=1000/1427 | elapsed=4.4 min | eta=1.9 min
[2026-08-13 10:58:45] INFO Epoch 012 | train batch=1010/1427 | elapsed=4.5 min | eta=1.9 min
[2026-08-13 10:58:47] INFO Epoch 012 | train batch=1020/1427 | elapsed=4.5 min | eta=1.8 min
[2026-08-13 10:58:50] INFO Epoch 012 | train batch=1030/1427 | elapsed=4.6 min | eta=1.8 min
[2026-08-13 10:58:52] INFO Epoch 012 | train batch=1040/1427 | elapsed=4.6 min | eta=1.7 min
[2026-08-13 10:58:55] INFO Epoch 012 | train batch=1050/1427 | elapsed=4.7 min | eta=1.7 min
[2026-08-13 10:58:58] INFO Epoch 012 | train batch=1060/1427 | elapsed=4.7 min | eta=1.6 min
[2026-08-13 10:59:01] INFO Epoch 012 | train batch=1070/1427 | elapsed=4.8 min | eta=1.6 min
[2026-08-13 10:59:04] INFO Epoch 012 | train batch=1080/1427 | elapsed=4.8 min | eta=1.5 min
[2026-08-13 10:59:07] INFO Epoch 012 | train batch=1090/1427 | elapsed=4.8 min | eta=1.5 min
[2026-08-13 10:59:09] INFO Epoch 012 | train batch=1100/1427 | elapsed=4.9 min | eta=1.5 min
[2026-08-13 10:59:12] INFO Epoch 012 | train batch=1110/1427 | elapsed=4.9 min | eta=1.4 min
[2026-08-13 10:59:15] INFO Epoch 012 | train batch=1120/1427 | elapsed=5.0 min | eta=1.4 min
[2026-08-13 10:59:17] INFO Epoch 012 | train batch=1130/1427 | elapsed=5.0 min | eta=1.3 min
[2026-08-13 10:59:20] INFO Epoch 012 | train batch=1140/1427 | elapsed=5.1 min | eta=1.3 min
[2026-08-13 10:59:22] INFO Epoch 012 | train batch=1150/1427 | elapsed=5.1 min | eta=1.2 min
[2026-08-13 10:59:25] INFO Epoch 012 | train batch=1160/1427 | elapsed=5.2 min | eta=1.2 min
[2026-08-13 10:59:28] INFO Epoch 012 | train batch=1170/1427 | elapsed=5.2 min | eta=1.1 min
[2026-08-13 10:59:30] INFO Epoch 012 | train batch=1180/1427 | elapsed=5.2 min | eta=1.1 min
[2026-08-13 10:59:33] INFO Epoch 012 | train batch=1190/1427 | elapsed=5.3 min | eta=1.1 min
[2026-08-13 10:59:36] INFO Epoch 012 | train batch=1200/1427 | elapsed=5.3 min | eta=1.0 min
[2026-08-13 10:59:39] INFO Epoch 012 | train batch=1210/1427 | elapsed=5.4 min | eta=1.0 min
[2026-08-13 10:59:41] INFO Epoch 012 | train batch=1220/1427 | elapsed=5.4 min | eta=0.9 min
[2026-08-13 10:59:44] INFO Epoch 012 | train batch=1230/1427 | elapsed=5.5 min | eta=0.9 min
[2026-08-13 10:59:47] INFO Epoch 012 | train batch=1240/1427 | elapsed=5.5 min | eta=0.8 min
[2026-08-13 10:59:49] INFO Epoch 012 | train batch=1250/1427 | elapsed=5.6 min | eta=0.8 min
[2026-08-13 10:59:52] INFO Epoch 012 | train batch=1260/1427 | elapsed=5.6 min | eta=0.7 min
[2026-08-13 10:59:55] INFO Epoch 012 | train batch=1270/1427 | elapsed=5.6 min | eta=0.7 min
[2026-08-13 10:59:57] INFO Epoch 012 | train batch=1280/1427 | elapsed=5.7 min | eta=0.7 min
[2026-08-13 11:00:00] INFO Epoch 012 | train batch=1290/1427 | elapsed=5.7 min | eta=0.6 min
[2026-08-13 11:00:03] INFO Epoch 012 | train batch=1300/1427 | elapsed=5.8 min | eta=0.6 min
[2026-08-13 11:00:06] INFO Epoch 012 | train batch=1310/1427 | elapsed=5.8 min | eta=0.5 min
[2026-08-13 11:00:09] INFO Epoch 012 | train batch=1320/1427 | elapsed=5.9 min | eta=0.5 min
[2026-08-13 11:00:11] INFO Epoch 012 | train batch=1330/1427 | elapsed=5.9 min | eta=0.4 min
[2026-08-13 11:00:14] INFO Epoch 012 | train batch=1340/1427 | elapsed=6.0 min | eta=0.4 min
[2026-08-13 11:00:17] INFO Epoch 012 | train batch=1350/1427 | elapsed=6.0 min | eta=0.3 min
[2026-08-13 11:00:19] INFO Epoch 012 | train batch=1360/1427 | elapsed=6.1 min | eta=0.3 min
[2026-08-13 11:00:22] INFO Epoch 012 | train batch=1370/1427 | elapsed=6.1 min | eta=0.3 min
[2026-08-13 11:00:25] INFO Epoch 012 | train batch=1380/1427 | elapsed=6.2 min | eta=0.2 min
[2026-08-13 11:00:27] INFO Epoch 012 | train batch=1390/1427 | elapsed=6.2 min | eta=0.2 min
[2026-08-13 11:00:30] INFO Epoch 012 | train batch=1400/1427 | elapsed=6.2 min | eta=0.1 min
[2026-08-13 11:00:32] INFO Epoch 012 | train batch=1410/1427 | elapsed=6.3 min | eta=0.1 min
[2026-08-13 11:00:35] INFO Epoch 012 | train batch=1420/1427 | elapsed=6.3 min | eta=0.0 min
[2026-08-13 11:00:37] INFO Epoch 012 | train batch=1427/1427 | elapsed=6.4 min | eta=0.0 min
[2026-08-13 11:00:37] INFO Epoch 012 | val batch=1/203 | elapsed=0.0 min | eta=0.3 min
[2026-08-13 11:00:38] INFO Epoch 012 | val batch=10/203 | elapsed=0.0 min | eta=0.4 min
[2026-08-13 11:00:40] INFO Epoch 012 | val batch=20/203 | elapsed=0.0 min | eta=0.4 min
[2026-08-13 11:00:41] INFO Epoch 012 | val batch=30/203 | elapsed=0.1 min | eta=0.4 min
[2026-08-13 11:00:42] INFO Epoch 012 | val batch=40/203 | elapsed=0.1 min | eta=0.4 min
[2026-08-13 11:00:44] INFO Epoch 012 | val batch=50/203 | elapsed=0.1 min | eta=0.3 min
[2026-08-13 11:00:45] INFO Epoch 012 | val batch=60/203 | elapsed=0.1 min | eta=0.3 min
[2026-08-13 11:00:46] INFO Epoch 012 | val batch=70/203 | elapsed=0.2 min | eta=0.3 min
[2026-08-13 11:00:48] INFO Epoch 012 | val batch=80/203 | elapsed=0.2 min | eta=0.3 min
[2026-08-13 11:00:49] INFO Epoch 012 | val batch=90/203 | elapsed=0.2 min | eta=0.2 min
[2026-08-13 11:00:50] INFO Epoch 012 | val batch=100/203 | elapsed=0.2 min | eta=0.2 min
[2026-08-13 11:00:51] INFO Epoch 012 | val batch=110/203 | elapsed=0.2 min | eta=0.2 min
[2026-08-13 11:00:53] INFO Epoch 012 | val batch=120/203 | elapsed=0.3 min | eta=0.2 min
[2026-08-13 11:00:54] INFO Epoch 012 | val batch=130/203 | elapsed=0.3 min | eta=0.2 min
[2026-08-13 11:00:55] INFO Epoch 012 | val batch=140/203 | elapsed=0.3 min | eta=0.1 min
[2026-08-13 11:00:57] INFO Epoch 012 | val batch=150/203 | elapsed=0.3 min | eta=0.1 min
[2026-08-13 11:00:58] INFO Epoch 012 | val batch=160/203 | elapsed=0.3 min | eta=0.1 min
[2026-08-13 11:00:59] INFO Epoch 012 | val batch=170/203 | elapsed=0.4 min | eta=0.1 min
[2026-08-13 11:01:01] INFO Epoch 012 | val batch=180/203 | elapsed=0.4 min | eta=0.1 min
[2026-08-13 11:01:02] INFO Epoch 012 | val batch=190/203 | elapsed=0.4 min | eta=0.0 min
[2026-08-13 11:01:03] INFO Epoch 012 | val batch=200/203 | elapsed=0.4 min | eta=0.0 min
[2026-08-13 11:01:04] INFO Epoch 012 | val batch=203/203 | elapsed=0.4 min | eta=0.0 min
[2026-08-13 11:01:04] INFO Epoch 012 | train_total=1.097756 | val_total=0.992312 | val_mask=0.658802 | val_retrieval=2.387843 | val_profile=0.947260 | val_anchors=660915 | val_positive_pairs=0 | val_hard_negatives=0 | val_relation_candidates=9654476 | val_teacher_keff=4.444 | val_student_keff=9.660 | val_masked_positions=1961462 | skipped(train/val)=0/0
[2026-08-13 11:01:04] INFO Epoch 013/050 started | train_batches=1427 | val_batches=203
[2026-08-13 11:01:04] INFO Epoch 013 | train batch=1/1427 | elapsed=0.0 min | eta=8.1 min
[2026-08-13 11:01:06] INFO Epoch 013 | train batch=10/1427 | elapsed=0.0 min | eta=6.7 min
[2026-08-13 11:01:09] INFO Epoch 013 | train batch=20/1427 | elapsed=0.1 min | eta=6.2 min
[2026-08-13 11:01:12] INFO Epoch 013 | train batch=30/1427 | elapsed=0.1 min | eta=6.3 min
[2026-08-13 11:01:14] INFO Epoch 013 | train batch=40/1427 | elapsed=0.2 min | eta=6.1 min
[2026-08-13 11:01:17] INFO Epoch 013 | train batch=50/1427 | elapsed=0.2 min | eta=6.1 min
[2026-08-13 11:01:19] INFO Epoch 013 | train batch=60/1427 | elapsed=0.3 min | eta=6.0 min
[2026-08-13 11:01:22] INFO Epoch 013 | train batch=70/1427 | elapsed=0.3 min | eta=6.0 min
[2026-08-13 11:01:25] INFO Epoch 013 | train batch=80/1427 | elapsed=0.4 min | eta=6.0 min
[2026-08-13 11:01:27] INFO Epoch 013 | train batch=90/1427 | elapsed=0.4 min | eta=5.9 min
[2026-08-13 11:01:30] INFO Epoch 013 | train batch=100/1427 | elapsed=0.4 min | eta=5.9 min
[2026-08-13 11:01:33] INFO Epoch 013 | train batch=110/1427 | elapsed=0.5 min | eta=5.8 min
[2026-08-13 11:01:36] INFO Epoch 013 | train batch=120/1427 | elapsed=0.5 min | eta=5.8 min
[2026-08-13 11:01:38] INFO Epoch 013 | train batch=130/1427 | elapsed=0.6 min | eta=5.8 min
[2026-08-13 11:01:41] INFO Epoch 013 | train batch=140/1427 | elapsed=0.6 min | eta=5.7 min
[2026-08-13 11:01:44] INFO Epoch 013 | train batch=150/1427 | elapsed=0.7 min | eta=5.7 min
[2026-08-13 11:01:46] INFO Epoch 013 | train batch=160/1427 | elapsed=0.7 min | eta=5.7 min
[2026-08-13 11:01:49] INFO Epoch 013 | train batch=170/1427 | elapsed=0.8 min | eta=5.6 min
[2026-08-13 11:01:52] INFO Epoch 013 | train batch=180/1427 | elapsed=0.8 min | eta=5.6 min
[2026-08-13 11:01:55] INFO Epoch 013 | train batch=190/1427 | elapsed=0.8 min | eta=5.5 min
[2026-08-13 11:01:58] INFO Epoch 013 | train batch=200/1427 | elapsed=0.9 min | eta=5.5 min
[2026-08-13 11:02:00] INFO Epoch 013 | train batch=210/1427 | elapsed=0.9 min | eta=5.5 min
[2026-08-13 11:02:03] INFO Epoch 013 | train batch=220/1427 | elapsed=1.0 min | eta=5.4 min
[2026-08-13 11:02:06] INFO Epoch 013 | train batch=230/1427 | elapsed=1.0 min | eta=5.4 min
[2026-08-13 11:02:09] INFO Epoch 013 | train batch=240/1427 | elapsed=1.1 min | eta=5.4 min
[2026-08-13 11:02:11] INFO Epoch 013 | train batch=250/1427 | elapsed=1.1 min | eta=5.3 min
[2026-08-13 11:02:14] INFO Epoch 013 | train batch=260/1427 | elapsed=1.2 min | eta=5.3 min
[2026-08-13 11:02:17] INFO Epoch 013 | train batch=270/1427 | elapsed=1.2 min | eta=5.2 min
[2026-08-13 11:02:20] INFO Epoch 013 | train batch=280/1427 | elapsed=1.3 min | eta=5.2 min
[2026-08-13 11:02:22] INFO Epoch 013 | train batch=290/1427 | elapsed=1.3 min | eta=5.2 min
[2026-08-13 11:02:25] INFO Epoch 013 | train batch=300/1427 | elapsed=1.4 min | eta=5.1 min
[2026-08-13 11:02:28] INFO Epoch 013 | train batch=310/1427 | elapsed=1.4 min | eta=5.0 min
[2026-08-13 11:02:30] INFO Epoch 013 | train batch=320/1427 | elapsed=1.4 min | eta=5.0 min
[2026-08-13 11:02:33] INFO Epoch 013 | train batch=330/1427 | elapsed=1.5 min | eta=5.0 min
[2026-08-13 11:02:36] INFO Epoch 013 | train batch=340/1427 | elapsed=1.5 min | eta=4.9 min
[2026-08-13 11:02:39] INFO Epoch 013 | train batch=350/1427 | elapsed=1.6 min | eta=4.9 min
[2026-08-13 11:02:41] INFO Epoch 013 | train batch=360/1427 | elapsed=1.6 min | eta=4.8 min
[2026-08-13 11:02:44] INFO Epoch 013 | train batch=370/1427 | elapsed=1.7 min | eta=4.8 min
[2026-08-13 11:02:47] INFO Epoch 013 | train batch=380/1427 | elapsed=1.7 min | eta=4.8 min
[2026-08-13 11:02:50] INFO Epoch 013 | train batch=390/1427 | elapsed=1.8 min | eta=4.7 min
[2026-08-13 11:02:53] INFO Epoch 013 | train batch=400/1427 | elapsed=1.8 min | eta=4.7 min
[2026-08-13 11:02:55] INFO Epoch 013 | train batch=410/1427 | elapsed=1.9 min | eta=4.6 min
[2026-08-13 11:02:58] INFO Epoch 013 | train batch=420/1427 | elapsed=1.9 min | eta=4.6 min
[2026-08-13 11:03:01] INFO Epoch 013 | train batch=430/1427 | elapsed=2.0 min | eta=4.5 min
[2026-08-13 11:03:04] INFO Epoch 013 | train batch=440/1427 | elapsed=2.0 min | eta=4.5 min
[2026-08-13 11:03:06] INFO Epoch 013 | train batch=450/1427 | elapsed=2.0 min | eta=4.4 min
[2026-08-13 11:03:09] INFO Epoch 013 | train batch=460/1427 | elapsed=2.1 min | eta=4.4 min
[2026-08-13 11:03:12] INFO Epoch 013 | train batch=470/1427 | elapsed=2.1 min | eta=4.3 min
[2026-08-13 11:03:14] INFO Epoch 013 | train batch=480/1427 | elapsed=2.2 min | eta=4.3 min
[2026-08-13 11:03:17] INFO Epoch 013 | train batch=490/1427 | elapsed=2.2 min | eta=4.2 min
[2026-08-13 11:03:19] INFO Epoch 013 | train batch=500/1427 | elapsed=2.3 min | eta=4.2 min
[2026-08-13 11:03:22] INFO Epoch 013 | train batch=510/1427 | elapsed=2.3 min | eta=4.1 min
[2026-08-13 11:03:24] INFO Epoch 013 | train batch=520/1427 | elapsed=2.3 min | eta=4.1 min
[2026-08-13 11:03:27] INFO Epoch 013 | train batch=530/1427 | elapsed=2.4 min | eta=4.0 min
[2026-08-13 11:03:30] INFO Epoch 013 | train batch=540/1427 | elapsed=2.4 min | eta=4.0 min
[2026-08-13 11:03:33] INFO Epoch 013 | train batch=550/1427 | elapsed=2.5 min | eta=4.0 min
[2026-08-13 11:03:35] INFO Epoch 013 | train batch=560/1427 | elapsed=2.5 min | eta=3.9 min
[2026-08-13 11:03:38] INFO Epoch 013 | train batch=570/1427 | elapsed=2.6 min | eta=3.9 min
[2026-08-13 11:03:41] INFO Epoch 013 | train batch=580/1427 | elapsed=2.6 min | eta=3.8 min
[2026-08-13 11:03:43] INFO Epoch 013 | train batch=590/1427 | elapsed=2.7 min | eta=3.8 min
[2026-08-13 11:03:46] INFO Epoch 013 | train batch=600/1427 | elapsed=2.7 min | eta=3.7 min
[2026-08-13 11:03:49] INFO Epoch 013 | train batch=610/1427 | elapsed=2.8 min | eta=3.7 min
[2026-08-13 11:03:52] INFO Epoch 013 | train batch=620/1427 | elapsed=2.8 min | eta=3.6 min
[2026-08-13 11:03:54] INFO Epoch 013 | train batch=630/1427 | elapsed=2.8 min | eta=3.6 min
[2026-08-13 11:03:57] INFO Epoch 013 | train batch=640/1427 | elapsed=2.9 min | eta=3.6 min
[2026-08-13 11:04:00] INFO Epoch 013 | train batch=650/1427 | elapsed=2.9 min | eta=3.5 min
[2026-08-13 11:04:02] INFO Epoch 013 | train batch=660/1427 | elapsed=3.0 min | eta=3.5 min
[2026-08-13 11:04:05] INFO Epoch 013 | train batch=670/1427 | elapsed=3.0 min | eta=3.4 min
[2026-08-13 11:04:08] INFO Epoch 013 | train batch=680/1427 | elapsed=3.1 min | eta=3.4 min
[2026-08-13 11:04:11] INFO Epoch 013 | train batch=690/1427 | elapsed=3.1 min | eta=3.3 min
[2026-08-13 11:04:13] INFO Epoch 013 | train batch=700/1427 | elapsed=3.2 min | eta=3.3 min
[2026-08-13 11:04:16] INFO Epoch 013 | train batch=710/1427 | elapsed=3.2 min | eta=3.2 min
[2026-08-13 11:04:18] INFO Epoch 013 | train batch=720/1427 | elapsed=3.2 min | eta=3.2 min
[2026-08-13 11:04:21] INFO Epoch 013 | train batch=730/1427 | elapsed=3.3 min | eta=3.1 min
[2026-08-13 11:04:23] INFO Epoch 013 | train batch=740/1427 | elapsed=3.3 min | eta=3.1 min
[2026-08-13 11:04:26] INFO Epoch 013 | train batch=750/1427 | elapsed=3.4 min | eta=3.1 min
[2026-08-13 11:04:29] INFO Epoch 013 | train batch=760/1427 | elapsed=3.4 min | eta=3.0 min
[2026-08-13 11:04:32] INFO Epoch 013 | train batch=770/1427 | elapsed=3.5 min | eta=3.0 min
[2026-08-13 11:04:34] INFO Epoch 013 | train batch=780/1427 | elapsed=3.5 min | eta=2.9 min
[2026-08-13 11:04:37] INFO Epoch 013 | train batch=790/1427 | elapsed=3.6 min | eta=2.9 min
[2026-08-13 11:04:40] INFO Epoch 013 | train batch=800/1427 | elapsed=3.6 min | eta=2.8 min
[2026-08-13 11:04:42] INFO Epoch 013 | train batch=810/1427 | elapsed=3.6 min | eta=2.8 min
[2026-08-13 11:04:45] INFO Epoch 013 | train batch=820/1427 | elapsed=3.7 min | eta=2.7 min
[2026-08-13 11:04:47] INFO Epoch 013 | train batch=830/1427 | elapsed=3.7 min | eta=2.7 min
[2026-08-13 11:04:50] INFO Epoch 013 | train batch=840/1427 | elapsed=3.8 min | eta=2.6 min
[2026-08-13 11:04:53] INFO Epoch 013 | train batch=850/1427 | elapsed=3.8 min | eta=2.6 min
[2026-08-13 11:04:56] INFO Epoch 013 | train batch=860/1427 | elapsed=3.9 min | eta=2.5 min
[2026-08-13 11:04:58] INFO Epoch 013 | train batch=870/1427 | elapsed=3.9 min | eta=2.5 min
[2026-08-13 11:05:01] INFO Epoch 013 | train batch=880/1427 | elapsed=4.0 min | eta=2.5 min
[2026-08-13 11:05:04] INFO Epoch 013 | train batch=890/1427 | elapsed=4.0 min | eta=2.4 min
[2026-08-13 11:05:06] INFO Epoch 013 | train batch=900/1427 | elapsed=4.0 min | eta=2.4 min
[2026-08-13 11:05:09] INFO Epoch 013 | train batch=910/1427 | elapsed=4.1 min | eta=2.3 min
[2026-08-13 11:05:11] INFO Epoch 013 | train batch=920/1427 | elapsed=4.1 min | eta=2.3 min
[2026-08-13 11:05:14] INFO Epoch 013 | train batch=930/1427 | elapsed=4.2 min | eta=2.2 min
[2026-08-13 11:05:16] INFO Epoch 013 | train batch=940/1427 | elapsed=4.2 min | eta=2.2 min
[2026-08-13 11:05:19] INFO Epoch 013 | train batch=950/1427 | elapsed=4.3 min | eta=2.1 min
[2026-08-13 11:05:22] INFO Epoch 013 | train batch=960/1427 | elapsed=4.3 min | eta=2.1 min
[2026-08-13 11:05:24] INFO Epoch 013 | train batch=970/1427 | elapsed=4.3 min | eta=2.0 min
[2026-08-13 11:05:27] INFO Epoch 013 | train batch=980/1427 | elapsed=4.4 min | eta=2.0 min
[2026-08-13 11:05:29] INFO Epoch 013 | train batch=990/1427 | elapsed=4.4 min | eta=2.0 min
[2026-08-13 11:05:32] INFO Epoch 013 | train batch=1000/1427 | elapsed=4.5 min | eta=1.9 min
[2026-08-13 11:05:35] INFO Epoch 013 | train batch=1010/1427 | elapsed=4.5 min | eta=1.9 min
[2026-08-13 11:05:37] INFO Epoch 013 | train batch=1020/1427 | elapsed=4.6 min | eta=1.8 min
[2026-08-13 11:05:40] INFO Epoch 013 | train batch=1030/1427 | elapsed=4.6 min | eta=1.8 min
[2026-08-13 11:05:43] INFO Epoch 013 | train batch=1040/1427 | elapsed=4.7 min | eta=1.7 min
[2026-08-13 11:05:46] INFO Epoch 013 | train batch=1050/1427 | elapsed=4.7 min | eta=1.7 min
[2026-08-13 11:05:48] INFO Epoch 013 | train batch=1060/1427 | elapsed=4.7 min | eta=1.6 min
[2026-08-13 11:05:51] INFO Epoch 013 | train batch=1070/1427 | elapsed=4.8 min | eta=1.6 min
[2026-08-13 11:05:53] INFO Epoch 013 | train batch=1080/1427 | elapsed=4.8 min | eta=1.6 min
[2026-08-13 11:05:56] INFO Epoch 013 | train batch=1090/1427 | elapsed=4.9 min | eta=1.5 min
[2026-08-13 11:05:58] INFO Epoch 013 | train batch=1100/1427 | elapsed=4.9 min | eta=1.5 min
[2026-08-13 11:06:01] INFO Epoch 013 | train batch=1110/1427 | elapsed=5.0 min | eta=1.4 min
[2026-08-13 11:06:04] INFO Epoch 013 | train batch=1120/1427 | elapsed=5.0 min | eta=1.4 min
[2026-08-13 11:06:07] INFO Epoch 013 | train batch=1130/1427 | elapsed=5.1 min | eta=1.3 min
[2026-08-13 11:06:10] INFO Epoch 013 | train batch=1140/1427 | elapsed=5.1 min | eta=1.3 min
[2026-08-13 11:06:12] INFO Epoch 013 | train batch=1150/1427 | elapsed=5.1 min | eta=1.2 min
[2026-08-13 11:06:15] INFO Epoch 013 | train batch=1160/1427 | elapsed=5.2 min | eta=1.2 min
[2026-08-13 11:06:18] INFO Epoch 013 | train batch=1170/1427 | elapsed=5.2 min | eta=1.1 min
[2026-08-13 11:06:20] INFO Epoch 013 | train batch=1180/1427 | elapsed=5.3 min | eta=1.1 min
[2026-08-13 11:06:23] INFO Epoch 013 | train batch=1190/1427 | elapsed=5.3 min | eta=1.1 min
[2026-08-13 11:06:26] INFO Epoch 013 | train batch=1200/1427 | elapsed=5.4 min | eta=1.0 min
[2026-08-13 11:06:29] INFO Epoch 013 | train batch=1210/1427 | elapsed=5.4 min | eta=1.0 min
[2026-08-13 11:06:31] INFO Epoch 013 | train batch=1220/1427 | elapsed=5.5 min | eta=0.9 min
[2026-08-13 11:06:34] INFO Epoch 013 | train batch=1230/1427 | elapsed=5.5 min | eta=0.9 min
[2026-08-13 11:06:37] INFO Epoch 013 | train batch=1240/1427 | elapsed=5.6 min | eta=0.8 min
[2026-08-13 11:06:39] INFO Epoch 013 | train batch=1250/1427 | elapsed=5.6 min | eta=0.8 min
[2026-08-13 11:06:41] INFO Epoch 013 | train batch=1260/1427 | elapsed=5.6 min | eta=0.7 min
[2026-08-13 11:06:44] INFO Epoch 013 | train batch=1270/1427 | elapsed=5.7 min | eta=0.7 min
[2026-08-13 11:06:47] INFO Epoch 013 | train batch=1280/1427 | elapsed=5.7 min | eta=0.7 min
[2026-08-13 11:06:50] INFO Epoch 013 | train batch=1290/1427 | elapsed=5.8 min | eta=0.6 min
[2026-08-13 11:06:52] INFO Epoch 013 | train batch=1300/1427 | elapsed=5.8 min | eta=0.6 min
[2026-08-13 11:06:55] INFO Epoch 013 | train batch=1310/1427 | elapsed=5.9 min | eta=0.5 min
[2026-08-13 11:06:58] INFO Epoch 013 | train batch=1320/1427 | elapsed=5.9 min | eta=0.5 min
[2026-08-13 11:07:00] INFO Epoch 013 | train batch=1330/1427 | elapsed=5.9 min | eta=0.4 min
[2026-08-13 11:07:03] INFO Epoch 013 | train batch=1340/1427 | elapsed=6.0 min | eta=0.4 min
[2026-08-13 11:07:06] INFO Epoch 013 | train batch=1350/1427 | elapsed=6.0 min | eta=0.3 min
[2026-08-13 11:07:09] INFO Epoch 013 | train batch=1360/1427 | elapsed=6.1 min | eta=0.3 min
[2026-08-13 11:07:11] INFO Epoch 013 | train batch=1370/1427 | elapsed=6.1 min | eta=0.3 min
[2026-08-13 11:07:14] INFO Epoch 013 | train batch=1380/1427 | elapsed=6.2 min | eta=0.2 min
[2026-08-13 11:07:17] INFO Epoch 013 | train batch=1390/1427 | elapsed=6.2 min | eta=0.2 min
[2026-08-13 11:07:19] INFO Epoch 013 | train batch=1400/1427 | elapsed=6.3 min | eta=0.1 min
[2026-08-13 11:07:22] INFO Epoch 013 | train batch=1410/1427 | elapsed=6.3 min | eta=0.1 min
[2026-08-13 11:07:25] INFO Epoch 013 | train batch=1420/1427 | elapsed=6.4 min | eta=0.0 min
[2026-08-13 11:07:27] INFO Epoch 013 | train batch=1427/1427 | elapsed=6.4 min | eta=0.0 min
[2026-08-13 11:07:27] INFO Epoch 013 | val batch=1/203 | elapsed=0.0 min | eta=0.3 min
[2026-08-13 11:07:28] INFO Epoch 013 | val batch=10/203 | elapsed=0.0 min | eta=0.4 min
[2026-08-13 11:07:30] INFO Epoch 013 | val batch=20/203 | elapsed=0.0 min | eta=0.4 min
[2026-08-13 11:07:31] INFO Epoch 013 | val batch=30/203 | elapsed=0.1 min | eta=0.4 min
[2026-08-13 11:07:32] INFO Epoch 013 | val batch=40/203 | elapsed=0.1 min | eta=0.4 min
[2026-08-13 11:07:34] INFO Epoch 013 | val batch=50/203 | elapsed=0.1 min | eta=0.3 min
[2026-08-13 11:07:35] INFO Epoch 013 | val batch=60/203 | elapsed=0.1 min | eta=0.3 min
[2026-08-13 11:07:36] INFO Epoch 013 | val batch=70/203 | elapsed=0.2 min | eta=0.3 min
[2026-08-13 11:07:37] INFO Epoch 013 | val batch=80/203 | elapsed=0.2 min | eta=0.3 min
[2026-08-13 11:07:39] INFO Epoch 013 | val batch=90/203 | elapsed=0.2 min | eta=0.2 min
[2026-08-13 11:07:40] INFO Epoch 013 | val batch=100/203 | elapsed=0.2 min | eta=0.2 min
[2026-08-13 11:07:41] INFO Epoch 013 | val batch=110/203 | elapsed=0.2 min | eta=0.2 min
[2026-08-13 11:07:43] INFO Epoch 013 | val batch=120/203 | elapsed=0.3 min | eta=0.2 min
[2026-08-13 11:07:44] INFO Epoch 013 | val batch=130/203 | elapsed=0.3 min | eta=0.2 min
[2026-08-13 11:07:45] INFO Epoch 013 | val batch=140/203 | elapsed=0.3 min | eta=0.1 min
[2026-08-13 11:07:47] INFO Epoch 013 | val batch=150/203 | elapsed=0.3 min | eta=0.1 min
[2026-08-13 11:07:48] INFO Epoch 013 | val batch=160/203 | elapsed=0.4 min | eta=0.1 min
[2026-08-13 11:07:49] INFO Epoch 013 | val batch=170/203 | elapsed=0.4 min | eta=0.1 min
[2026-08-13 11:07:51] INFO Epoch 013 | val batch=180/203 | elapsed=0.4 min | eta=0.1 min
[2026-08-13 11:07:52] INFO Epoch 013 | val batch=190/203 | elapsed=0.4 min | eta=0.0 min
[2026-08-13 11:07:53] INFO Epoch 013 | val batch=200/203 | elapsed=0.4 min | eta=0.0 min
[2026-08-13 11:07:54] INFO Epoch 013 | val batch=203/203 | elapsed=0.4 min | eta=0.0 min
[2026-08-13 11:07:54] INFO Epoch 013 | train_total=1.132992 | val_total=1.038540 | val_mask=0.705538 | val_retrieval=2.381250 | val_profile=0.948768 | val_anchors=660915 | val_positive_pairs=0 | val_hard_negatives=0 | val_relation_candidates=9654476 | val_teacher_keff=4.444 | val_student_keff=9.518 | val_masked_positions=1957994 | skipped(train/val)=0/0
[2026-08-13 11:07:54] INFO Relation checkpoint updated | epoch=13 | best_val_relation=2.381250 | path=C:\Users\clw\projects\researchRep\STAnchor-BlockMemory\artifacts\metrla_e5_final_sym_profile_local12_seed42\pretrain_best_relation.pt
[2026-08-13 11:07:54] INFO Epoch 014/050 started | train_batches=1427 | val_batches=203
[2026-08-13 11:07:54] INFO Epoch 014 | train batch=1/1427 | elapsed=0.0 min | eta=5.2 min
[2026-08-13 11:07:56] INFO Epoch 014 | train batch=10/1427 | elapsed=0.0 min | eta=6.4 min
[2026-08-13 11:07:59] INFO Epoch 014 | train batch=20/1427 | elapsed=0.1 min | eta=6.3 min
[2026-08-13 11:08:02] INFO Epoch 014 | train batch=30/1427 | elapsed=0.1 min | eta=6.4 min
[2026-08-13 11:08:05] INFO Epoch 014 | train batch=40/1427 | elapsed=0.2 min | eta=6.5 min
[2026-08-13 11:08:08] INFO Epoch 014 | train batch=50/1427 | elapsed=0.2 min | eta=6.4 min
[2026-08-13 11:08:10] INFO Epoch 014 | train batch=60/1427 | elapsed=0.3 min | eta=6.3 min
[2026-08-13 11:08:13] INFO Epoch 014 | train batch=70/1427 | elapsed=0.3 min | eta=6.3 min
[2026-08-13 11:08:16] INFO Epoch 014 | train batch=80/1427 | elapsed=0.4 min | eta=6.2 min
[2026-08-13 11:08:19] INFO Epoch 014 | train batch=90/1427 | elapsed=0.4 min | eta=6.2 min
[2026-08-13 11:08:21] INFO Epoch 014 | train batch=100/1427 | elapsed=0.5 min | eta=6.1 min
[2026-08-13 11:08:24] INFO Epoch 014 | train batch=110/1427 | elapsed=0.5 min | eta=6.0 min
[2026-08-13 11:08:26] INFO Epoch 014 | train batch=120/1427 | elapsed=0.5 min | eta=5.9 min
[2026-08-13 11:08:29] INFO Epoch 014 | train batch=130/1427 | elapsed=0.6 min | eta=5.9 min
[2026-08-13 11:08:31] INFO Epoch 014 | train batch=140/1427 | elapsed=0.6 min | eta=5.8 min
[2026-08-13 11:08:34] INFO Epoch 014 | train batch=150/1427 | elapsed=0.7 min | eta=5.7 min
[2026-08-13 11:08:37] INFO Epoch 014 | train batch=160/1427 | elapsed=0.7 min | eta=5.7 min
[2026-08-13 11:08:39] INFO Epoch 014 | train batch=170/1427 | elapsed=0.8 min | eta=5.6 min
[2026-08-13 11:08:42] INFO Epoch 014 | train batch=180/1427 | elapsed=0.8 min | eta=5.6 min
[2026-08-13 11:08:45] INFO Epoch 014 | train batch=190/1427 | elapsed=0.9 min | eta=5.5 min
[2026-08-13 11:08:48] INFO Epoch 014 | train batch=200/1427 | elapsed=0.9 min | eta=5.5 min
[2026-08-13 11:08:50] INFO Epoch 014 | train batch=210/1427 | elapsed=0.9 min | eta=5.4 min
[2026-08-13 11:08:52] INFO Epoch 014 | train batch=220/1427 | elapsed=1.0 min | eta=5.4 min
[2026-08-13 11:08:55] INFO Epoch 014 | train batch=230/1427 | elapsed=1.0 min | eta=5.3 min
[2026-08-13 11:08:58] INFO Epoch 014 | train batch=240/1427 | elapsed=1.1 min | eta=5.3 min
[2026-08-13 11:09:01] INFO Epoch 014 | train batch=250/1427 | elapsed=1.1 min | eta=5.3 min
[2026-08-13 11:09:03] INFO Epoch 014 | train batch=260/1427 | elapsed=1.2 min | eta=5.2 min
[2026-08-13 11:09:06] INFO Epoch 014 | train batch=270/1427 | elapsed=1.2 min | eta=5.2 min
[2026-08-13 11:09:09] INFO Epoch 014 | train batch=280/1427 | elapsed=1.3 min | eta=5.1 min
[2026-08-13 11:09:12] INFO Epoch 014 | train batch=290/1427 | elapsed=1.3 min | eta=5.1 min
[2026-08-13 11:09:14] INFO Epoch 014 | train batch=300/1427 | elapsed=1.3 min | eta=5.0 min
[2026-08-13 11:09:17] INFO Epoch 014 | train batch=310/1427 | elapsed=1.4 min | eta=5.0 min
[2026-08-13 11:09:20] INFO Epoch 014 | train batch=320/1427 | elapsed=1.4 min | eta=5.0 min
[2026-08-13 11:09:23] INFO Epoch 014 | train batch=330/1427 | elapsed=1.5 min | eta=4.9 min
[2026-08-13 11:09:25] INFO Epoch 014 | train batch=340/1427 | elapsed=1.5 min | eta=4.9 min
[2026-08-13 11:09:27] INFO Epoch 014 | train batch=350/1427 | elapsed=1.6 min | eta=4.8 min
[2026-08-13 11:09:30] INFO Epoch 014 | train batch=360/1427 | elapsed=1.6 min | eta=4.8 min
[2026-08-13 11:09:33] INFO Epoch 014 | train batch=370/1427 | elapsed=1.7 min | eta=4.7 min
[2026-08-13 11:09:35] INFO Epoch 014 | train batch=380/1427 | elapsed=1.7 min | eta=4.7 min
[2026-08-13 11:09:38] INFO Epoch 014 | train batch=390/1427 | elapsed=1.7 min | eta=4.6 min
[2026-08-13 11:09:41] INFO Epoch 014 | train batch=400/1427 | elapsed=1.8 min | eta=4.6 min
[2026-08-13 11:09:43] INFO Epoch 014 | train batch=410/1427 | elapsed=1.8 min | eta=4.5 min
[2026-08-13 11:09:46] INFO Epoch 014 | train batch=420/1427 | elapsed=1.9 min | eta=4.5 min
[2026-08-13 11:09:49] INFO Epoch 014 | train batch=430/1427 | elapsed=1.9 min | eta=4.5 min
[2026-08-13 11:09:52] INFO Epoch 014 | train batch=440/1427 | elapsed=2.0 min | eta=4.4 min
[2026-08-13 11:09:55] INFO Epoch 014 | train batch=450/1427 | elapsed=2.0 min | eta=4.4 min
[2026-08-13 11:09:57] INFO Epoch 014 | train batch=460/1427 | elapsed=2.1 min | eta=4.3 min
[2026-08-13 11:10:00] INFO Epoch 014 | train batch=470/1427 | elapsed=2.1 min | eta=4.3 min
[2026-08-13 11:10:02] INFO Epoch 014 | train batch=480/1427 | elapsed=2.1 min | eta=4.2 min
[2026-08-13 11:10:05] INFO Epoch 014 | train batch=490/1427 | elapsed=2.2 min | eta=4.2 min
[2026-08-13 11:10:08] INFO Epoch 014 | train batch=500/1427 | elapsed=2.2 min | eta=4.1 min
[2026-08-13 11:10:11] INFO Epoch 014 | train batch=510/1427 | elapsed=2.3 min | eta=4.1 min
[2026-08-13 11:10:13] INFO Epoch 014 | train batch=520/1427 | elapsed=2.3 min | eta=4.1 min
[2026-08-13 11:10:16] INFO Epoch 014 | train batch=530/1427 | elapsed=2.4 min | eta=4.0 min
[2026-08-13 11:10:18] INFO Epoch 014 | train batch=540/1427 | elapsed=2.4 min | eta=4.0 min
[2026-08-13 11:10:21] INFO Epoch 014 | train batch=550/1427 | elapsed=2.5 min | eta=3.9 min
[2026-08-13 11:10:24] INFO Epoch 014 | train batch=560/1427 | elapsed=2.5 min | eta=3.9 min
[2026-08-13 11:10:27] INFO Epoch 014 | train batch=570/1427 | elapsed=2.6 min | eta=3.8 min
[2026-08-13 11:10:30] INFO Epoch 014 | train batch=580/1427 | elapsed=2.6 min | eta=3.8 min
[2026-08-13 11:10:32] INFO Epoch 014 | train batch=590/1427 | elapsed=2.6 min | eta=3.8 min
[2026-08-13 11:10:35] INFO Epoch 014 | train batch=600/1427 | elapsed=2.7 min | eta=3.7 min
[2026-08-13 11:10:38] INFO Epoch 014 | train batch=610/1427 | elapsed=2.7 min | eta=3.7 min
[2026-08-13 11:10:41] INFO Epoch 014 | train batch=620/1427 | elapsed=2.8 min | eta=3.6 min
[2026-08-13 11:10:43] INFO Epoch 014 | train batch=630/1427 | elapsed=2.8 min | eta=3.6 min
[2026-08-13 11:10:46] INFO Epoch 014 | train batch=640/1427 | elapsed=2.9 min | eta=3.5 min
[2026-08-13 11:10:49] INFO Epoch 014 | train batch=650/1427 | elapsed=2.9 min | eta=3.5 min
[2026-08-13 11:10:52] INFO Epoch 014 | train batch=660/1427 | elapsed=3.0 min | eta=3.5 min
[2026-08-13 11:10:55] INFO Epoch 014 | train batch=670/1427 | elapsed=3.0 min | eta=3.4 min
[2026-08-13 11:10:57] INFO Epoch 014 | train batch=680/1427 | elapsed=3.1 min | eta=3.4 min
[2026-08-13 11:11:00] INFO Epoch 014 | train batch=690/1427 | elapsed=3.1 min | eta=3.3 min
[2026-08-13 11:11:02] INFO Epoch 014 | train batch=700/1427 | elapsed=3.1 min | eta=3.3 min
[2026-08-13 11:11:05] INFO Epoch 014 | train batch=710/1427 | elapsed=3.2 min | eta=3.2 min
[2026-08-13 11:11:08] INFO Epoch 014 | train batch=720/1427 | elapsed=3.2 min | eta=3.2 min
[2026-08-13 11:11:11] INFO Epoch 014 | train batch=730/1427 | elapsed=3.3 min | eta=3.1 min
[2026-08-13 11:11:14] INFO Epoch 014 | train batch=740/1427 | elapsed=3.3 min | eta=3.1 min
[2026-08-13 11:11:16] INFO Epoch 014 | train batch=750/1427 | elapsed=3.4 min | eta=3.0 min
[2026-08-13 11:11:19] INFO Epoch 014 | train batch=760/1427 | elapsed=3.4 min | eta=3.0 min
[2026-08-13 11:11:22] INFO Epoch 014 | train batch=770/1427 | elapsed=3.5 min | eta=3.0 min
[2026-08-13 11:11:24] INFO Epoch 014 | train batch=780/1427 | elapsed=3.5 min | eta=2.9 min
[2026-08-13 11:11:27] INFO Epoch 014 | train batch=790/1427 | elapsed=3.6 min | eta=2.9 min
[2026-08-13 11:11:30] INFO Epoch 014 | train batch=800/1427 | elapsed=3.6 min | eta=2.8 min
[2026-08-13 11:11:33] INFO Epoch 014 | train batch=810/1427 | elapsed=3.6 min | eta=2.8 min
[2026-08-13 11:11:35] INFO Epoch 014 | train batch=820/1427 | elapsed=3.7 min | eta=2.7 min
[2026-08-13 11:11:38] INFO Epoch 014 | train batch=830/1427 | elapsed=3.7 min | eta=2.7 min
[2026-08-13 11:11:40] INFO Epoch 014 | train batch=840/1427 | elapsed=3.8 min | eta=2.6 min
[2026-08-13 11:11:42] INFO Epoch 014 | train batch=850/1427 | elapsed=3.8 min | eta=2.6 min
[2026-08-13 11:11:45] INFO Epoch 014 | train batch=860/1427 | elapsed=3.9 min | eta=2.5 min
[2026-08-13 11:11:48] INFO Epoch 014 | train batch=870/1427 | elapsed=3.9 min | eta=2.5 min
[2026-08-13 11:11:50] INFO Epoch 014 | train batch=880/1427 | elapsed=3.9 min | eta=2.5 min
[2026-08-13 11:11:53] INFO Epoch 014 | train batch=890/1427 | elapsed=4.0 min | eta=2.4 min
[2026-08-13 11:11:56] INFO Epoch 014 | train batch=900/1427 | elapsed=4.0 min | eta=2.4 min
[2026-08-13 11:11:59] INFO Epoch 014 | train batch=910/1427 | elapsed=4.1 min | eta=2.3 min
[2026-08-13 11:12:01] INFO Epoch 014 | train batch=920/1427 | elapsed=4.1 min | eta=2.3 min
[2026-08-13 11:12:04] INFO Epoch 014 | train batch=930/1427 | elapsed=4.2 min | eta=2.2 min
[2026-08-13 11:12:07] INFO Epoch 014 | train batch=940/1427 | elapsed=4.2 min | eta=2.2 min
[2026-08-13 11:12:10] INFO Epoch 014 | train batch=950/1427 | elapsed=4.3 min | eta=2.1 min
[2026-08-13 11:12:13] INFO Epoch 014 | train batch=960/1427 | elapsed=4.3 min | eta=2.1 min
[2026-08-13 11:12:16] INFO Epoch 014 | train batch=970/1427 | elapsed=4.4 min | eta=2.1 min
[2026-08-13 11:12:18] INFO Epoch 014 | train batch=980/1427 | elapsed=4.4 min | eta=2.0 min
[2026-08-13 11:12:21] INFO Epoch 014 | train batch=990/1427 | elapsed=4.5 min | eta=2.0 min
[2026-08-13 11:12:24] INFO Epoch 014 | train batch=1000/1427 | elapsed=4.5 min | eta=1.9 min
[2026-08-13 11:12:26] INFO Epoch 014 | train batch=1010/1427 | elapsed=4.5 min | eta=1.9 min
[2026-08-13 11:12:29] INFO Epoch 014 | train batch=1020/1427 | elapsed=4.6 min | eta=1.8 min
[2026-08-13 11:12:31] INFO Epoch 014 | train batch=1030/1427 | elapsed=4.6 min | eta=1.8 min
[2026-08-13 11:12:34] INFO Epoch 014 | train batch=1040/1427 | elapsed=4.7 min | eta=1.7 min
[2026-08-13 11:12:37] INFO Epoch 014 | train batch=1050/1427 | elapsed=4.7 min | eta=1.7 min
[2026-08-13 11:12:40] INFO Epoch 014 | train batch=1060/1427 | elapsed=4.8 min | eta=1.7 min
[2026-08-13 11:12:42] INFO Epoch 014 | train batch=1070/1427 | elapsed=4.8 min | eta=1.6 min
[2026-08-13 11:12:45] INFO Epoch 014 | train batch=1080/1427 | elapsed=4.9 min | eta=1.6 min
[2026-08-13 11:12:47] INFO Epoch 014 | train batch=1090/1427 | elapsed=4.9 min | eta=1.5 min
[2026-08-13 11:12:50] INFO Epoch 014 | train batch=1100/1427 | elapsed=4.9 min | eta=1.5 min
[2026-08-13 11:12:52] INFO Epoch 014 | train batch=1110/1427 | elapsed=5.0 min | eta=1.4 min
[2026-08-13 11:12:55] INFO Epoch 014 | train batch=1120/1427 | elapsed=5.0 min | eta=1.4 min
[2026-08-13 11:12:58] INFO Epoch 014 | train batch=1130/1427 | elapsed=5.1 min | eta=1.3 min
[2026-08-13 11:13:01] INFO Epoch 014 | train batch=1140/1427 | elapsed=5.1 min | eta=1.3 min
[2026-08-13 11:13:04] INFO Epoch 014 | train batch=1150/1427 | elapsed=5.2 min | eta=1.2 min
[2026-08-13 11:13:06] INFO Epoch 014 | train batch=1160/1427 | elapsed=5.2 min | eta=1.2 min
[2026-08-13 11:13:09] INFO Epoch 014 | train batch=1170/1427 | elapsed=5.3 min | eta=1.2 min
[2026-08-13 11:13:12] INFO Epoch 014 | train batch=1180/1427 | elapsed=5.3 min | eta=1.1 min
[2026-08-13 11:13:15] INFO Epoch 014 | train batch=1190/1427 | elapsed=5.3 min | eta=1.1 min
[2026-08-13 11:13:17] INFO Epoch 014 | train batch=1200/1427 | elapsed=5.4 min | eta=1.0 min
[2026-08-13 11:13:20] INFO Epoch 014 | train batch=1210/1427 | elapsed=5.4 min | eta=1.0 min
[2026-08-13 11:13:23] INFO Epoch 014 | train batch=1220/1427 | elapsed=5.5 min | eta=0.9 min
[2026-08-13 11:13:26] INFO Epoch 014 | train batch=1230/1427 | elapsed=5.5 min | eta=0.9 min
[2026-08-13 11:13:29] INFO Epoch 014 | train batch=1240/1427 | elapsed=5.6 min | eta=0.8 min
[2026-08-13 11:13:31] INFO Epoch 014 | train batch=1250/1427 | elapsed=5.6 min | eta=0.8 min
[2026-08-13 11:13:34] INFO Epoch 014 | train batch=1260/1427 | elapsed=5.7 min | eta=0.8 min
[2026-08-13 11:13:37] INFO Epoch 014 | train batch=1270/1427 | elapsed=5.7 min | eta=0.7 min
[2026-08-13 11:13:39] INFO Epoch 014 | train batch=1280/1427 | elapsed=5.8 min | eta=0.7 min
[2026-08-13 11:13:42] INFO Epoch 014 | train batch=1290/1427 | elapsed=5.8 min | eta=0.6 min
[2026-08-13 11:13:45] INFO Epoch 014 | train batch=1300/1427 | elapsed=5.9 min | eta=0.6 min
[2026-08-13 11:13:47] INFO Epoch 014 | train batch=1310/1427 | elapsed=5.9 min | eta=0.5 min
[2026-08-13 11:13:50] INFO Epoch 014 | train batch=1320/1427 | elapsed=5.9 min | eta=0.5 min
[2026-08-13 11:13:53] INFO Epoch 014 | train batch=1330/1427 | elapsed=6.0 min | eta=0.4 min
[2026-08-13 11:13:55] INFO Epoch 014 | train batch=1340/1427 | elapsed=6.0 min | eta=0.4 min
[2026-08-13 11:13:58] INFO Epoch 014 | train batch=1350/1427 | elapsed=6.1 min | eta=0.3 min
[2026-08-13 11:14:01] INFO Epoch 014 | train batch=1360/1427 | elapsed=6.1 min | eta=0.3 min
[2026-08-13 11:14:04] INFO Epoch 014 | train batch=1370/1427 | elapsed=6.2 min | eta=0.3 min
[2026-08-13 11:14:06] INFO Epoch 014 | train batch=1380/1427 | elapsed=6.2 min | eta=0.2 min
[2026-08-13 11:14:09] INFO Epoch 014 | train batch=1390/1427 | elapsed=6.3 min | eta=0.2 min
[2026-08-13 11:14:12] INFO Epoch 014 | train batch=1400/1427 | elapsed=6.3 min | eta=0.1 min
[2026-08-13 11:14:15] INFO Epoch 014 | train batch=1410/1427 | elapsed=6.3 min | eta=0.1 min
[2026-08-13 11:14:17] INFO Epoch 014 | train batch=1420/1427 | elapsed=6.4 min | eta=0.0 min
[2026-08-13 11:14:19] INFO Epoch 014 | train batch=1427/1427 | elapsed=6.4 min | eta=0.0 min
[2026-08-13 11:14:19] INFO Epoch 014 | val batch=1/203 | elapsed=0.0 min | eta=0.3 min
[2026-08-13 11:14:20] INFO Epoch 014 | val batch=10/203 | elapsed=0.0 min | eta=0.4 min
[2026-08-13 11:14:21] INFO Epoch 014 | val batch=20/203 | elapsed=0.0 min | eta=0.4 min
[2026-08-13 11:14:23] INFO Epoch 014 | val batch=30/203 | elapsed=0.1 min | eta=0.4 min
[2026-08-13 11:14:24] INFO Epoch 014 | val batch=40/203 | elapsed=0.1 min | eta=0.4 min
[2026-08-13 11:14:25] INFO Epoch 014 | val batch=50/203 | elapsed=0.1 min | eta=0.3 min
[2026-08-13 11:14:26] INFO Epoch 014 | val batch=60/203 | elapsed=0.1 min | eta=0.3 min
[2026-08-13 11:14:28] INFO Epoch 014 | val batch=70/203 | elapsed=0.2 min | eta=0.3 min
[2026-08-13 11:14:29] INFO Epoch 014 | val batch=80/203 | elapsed=0.2 min | eta=0.3 min
[2026-08-13 11:14:30] INFO Epoch 014 | val batch=90/203 | elapsed=0.2 min | eta=0.2 min
[2026-08-13 11:14:32] INFO Epoch 014 | val batch=100/203 | elapsed=0.2 min | eta=0.2 min
[2026-08-13 11:14:33] INFO Epoch 014 | val batch=110/203 | elapsed=0.2 min | eta=0.2 min
[2026-08-13 11:14:34] INFO Epoch 014 | val batch=120/203 | elapsed=0.3 min | eta=0.2 min
[2026-08-13 11:14:36] INFO Epoch 014 | val batch=130/203 | elapsed=0.3 min | eta=0.2 min
[2026-08-13 11:14:37] INFO Epoch 014 | val batch=140/203 | elapsed=0.3 min | eta=0.1 min
[2026-08-13 11:14:38] INFO Epoch 014 | val batch=150/203 | elapsed=0.3 min | eta=0.1 min
[2026-08-13 11:14:40] INFO Epoch 014 | val batch=160/203 | elapsed=0.4 min | eta=0.1 min
[2026-08-13 11:14:41] INFO Epoch 014 | val batch=170/203 | elapsed=0.4 min | eta=0.1 min
[2026-08-13 11:14:42] INFO Epoch 014 | val batch=180/203 | elapsed=0.4 min | eta=0.1 min
[2026-08-13 11:14:44] INFO Epoch 014 | val batch=190/203 | elapsed=0.4 min | eta=0.0 min
[2026-08-13 11:14:45] INFO Epoch 014 | val batch=200/203 | elapsed=0.4 min | eta=0.0 min
[2026-08-13 11:14:45] INFO Epoch 014 | val batch=203/203 | elapsed=0.4 min | eta=0.0 min
[2026-08-13 11:14:45] INFO Epoch 014 | train_total=1.022400 | val_total=1.142487 | val_mask=0.809537 | val_retrieval=2.382411 | val_profile=0.947089 | val_anchors=660915 | val_positive_pairs=0 | val_hard_negatives=0 | val_relation_candidates=9654476 | val_teacher_keff=4.444 | val_student_keff=9.838 | val_masked_positions=1961152 | skipped(train/val)=0/0
[2026-08-13 11:14:45] INFO Epoch 015/050 started | train_batches=1427 | val_batches=203
[2026-08-13 11:14:46] INFO Epoch 015 | train batch=1/1427 | elapsed=0.0 min | eta=7.7 min
[2026-08-13 11:14:48] INFO Epoch 015 | train batch=10/1427 | elapsed=0.0 min | eta=6.4 min
[2026-08-13 11:14:51] INFO Epoch 015 | train batch=20/1427 | elapsed=0.1 min | eta=6.2 min
[2026-08-13 11:14:53] INFO Epoch 015 | train batch=30/1427 | elapsed=0.1 min | eta=6.2 min
[2026-08-13 11:14:56] INFO Epoch 015 | train batch=40/1427 | elapsed=0.2 min | eta=6.3 min
[2026-08-13 11:14:59] INFO Epoch 015 | train batch=50/1427 | elapsed=0.2 min | eta=6.3 min
[2026-08-13 11:15:02] INFO Epoch 015 | train batch=60/1427 | elapsed=0.3 min | eta=6.3 min
[2026-08-13 11:15:05] INFO Epoch 015 | train batch=70/1427 | elapsed=0.3 min | eta=6.2 min
[2026-08-13 11:15:07] INFO Epoch 015 | train batch=80/1427 | elapsed=0.4 min | eta=6.1 min
[2026-08-13 11:15:09] INFO Epoch 015 | train batch=90/1427 | elapsed=0.4 min | eta=6.0 min
[2026-08-13 11:15:12] INFO Epoch 015 | train batch=100/1427 | elapsed=0.4 min | eta=5.9 min
[2026-08-13 11:15:14] INFO Epoch 015 | train batch=110/1427 | elapsed=0.5 min | eta=5.8 min
[2026-08-13 11:15:17] INFO Epoch 015 | train batch=120/1427 | elapsed=0.5 min | eta=5.8 min
[2026-08-13 11:15:20] INFO Epoch 015 | train batch=130/1427 | elapsed=0.6 min | eta=5.7 min
[2026-08-13 11:15:22] INFO Epoch 015 | train batch=140/1427 | elapsed=0.6 min | eta=5.7 min
[2026-08-13 11:15:25] INFO Epoch 015 | train batch=150/1427 | elapsed=0.7 min | eta=5.7 min
[2026-08-13 11:15:28] INFO Epoch 015 | train batch=160/1427 | elapsed=0.7 min | eta=5.6 min
[2026-08-13 11:15:31] INFO Epoch 015 | train batch=170/1427 | elapsed=0.8 min | eta=5.6 min
[2026-08-13 11:15:33] INFO Epoch 015 | train batch=180/1427 | elapsed=0.8 min | eta=5.6 min
[2026-08-13 11:15:36] INFO Epoch 015 | train batch=190/1427 | elapsed=0.9 min | eta=5.5 min
[2026-08-13 11:15:39] INFO Epoch 015 | train batch=200/1427 | elapsed=0.9 min | eta=5.5 min
[2026-08-13 11:15:42] INFO Epoch 015 | train batch=210/1427 | elapsed=0.9 min | eta=5.5 min
[2026-08-13 11:15:45] INFO Epoch 015 | train batch=220/1427 | elapsed=1.0 min | eta=5.4 min
[2026-08-13 11:15:47] INFO Epoch 015 | train batch=230/1427 | elapsed=1.0 min | eta=5.4 min
[2026-08-13 11:15:50] INFO Epoch 015 | train batch=240/1427 | elapsed=1.1 min | eta=5.4 min
[2026-08-13 11:15:53] INFO Epoch 015 | train batch=250/1427 | elapsed=1.1 min | eta=5.3 min
[2026-08-13 11:15:56] INFO Epoch 015 | train batch=260/1427 | elapsed=1.2 min | eta=5.3 min
[2026-08-13 11:15:58] INFO Epoch 015 | train batch=270/1427 | elapsed=1.2 min | eta=5.2 min
[2026-08-13 11:16:01] INFO Epoch 015 | train batch=280/1427 | elapsed=1.3 min | eta=5.2 min
[2026-08-13 11:16:03] INFO Epoch 015 | train batch=290/1427 | elapsed=1.3 min | eta=5.1 min
[2026-08-13 11:16:06] INFO Epoch 015 | train batch=300/1427 | elapsed=1.3 min | eta=5.0 min
[2026-08-13 11:16:09] INFO Epoch 015 | train batch=310/1427 | elapsed=1.4 min | eta=5.0 min
[2026-08-13 11:16:11] INFO Epoch 015 | train batch=320/1427 | elapsed=1.4 min | eta=5.0 min
[2026-08-13 11:16:14] INFO Epoch 015 | train batch=330/1427 | elapsed=1.5 min | eta=4.9 min
[2026-08-13 11:16:17] INFO Epoch 015 | train batch=340/1427 | elapsed=1.5 min | eta=4.9 min
[2026-08-13 11:16:20] INFO Epoch 015 | train batch=350/1427 | elapsed=1.6 min | eta=4.8 min
[2026-08-13 11:16:22] INFO Epoch 015 | train batch=360/1427 | elapsed=1.6 min | eta=4.8 min
[2026-08-13 11:16:25] INFO Epoch 015 | train batch=370/1427 | elapsed=1.7 min | eta=4.7 min
[2026-08-13 11:16:28] INFO Epoch 015 | train batch=380/1427 | elapsed=1.7 min | eta=4.7 min
[2026-08-13 11:16:30] INFO Epoch 015 | train batch=390/1427 | elapsed=1.8 min | eta=4.7 min
[2026-08-13 11:16:33] INFO Epoch 015 | train batch=400/1427 | elapsed=1.8 min | eta=4.6 min
[2026-08-13 11:16:36] INFO Epoch 015 | train batch=410/1427 | elapsed=1.8 min | eta=4.6 min
[2026-08-13 11:16:39] INFO Epoch 015 | train batch=420/1427 | elapsed=1.9 min | eta=4.5 min
[2026-08-13 11:16:41] INFO Epoch 015 | train batch=430/1427 | elapsed=1.9 min | eta=4.5 min
[2026-08-13 11:16:44] INFO Epoch 015 | train batch=440/1427 | elapsed=2.0 min | eta=4.4 min
[2026-08-13 11:16:47] INFO Epoch 015 | train batch=450/1427 | elapsed=2.0 min | eta=4.4 min
[2026-08-13 11:16:50] INFO Epoch 015 | train batch=460/1427 | elapsed=2.1 min | eta=4.4 min
[2026-08-13 11:16:52] INFO Epoch 015 | train batch=470/1427 | elapsed=2.1 min | eta=4.3 min
[2026-08-13 11:16:55] INFO Epoch 015 | train batch=480/1427 | elapsed=2.2 min | eta=4.3 min
[2026-08-13 11:16:58] INFO Epoch 015 | train batch=490/1427 | elapsed=2.2 min | eta=4.2 min
[2026-08-13 11:17:00] INFO Epoch 015 | train batch=500/1427 | elapsed=2.3 min | eta=4.2 min
[2026-08-13 11:17:03] INFO Epoch 015 | train batch=510/1427 | elapsed=2.3 min | eta=4.1 min
[2026-08-13 11:17:06] INFO Epoch 015 | train batch=520/1427 | elapsed=2.3 min | eta=4.1 min
[2026-08-13 11:17:09] INFO Epoch 015 | train batch=530/1427 | elapsed=2.4 min | eta=4.0 min
[2026-08-13 11:17:11] INFO Epoch 015 | train batch=540/1427 | elapsed=2.4 min | eta=4.0 min
[2026-08-13 11:17:14] INFO Epoch 015 | train batch=550/1427 | elapsed=2.5 min | eta=4.0 min
[2026-08-13 11:17:17] INFO Epoch 015 | train batch=560/1427 | elapsed=2.5 min | eta=3.9 min
[2026-08-13 11:17:20] INFO Epoch 015 | train batch=570/1427 | elapsed=2.6 min | eta=3.9 min
[2026-08-13 11:17:22] INFO Epoch 015 | train batch=580/1427 | elapsed=2.6 min | eta=3.8 min
[2026-08-13 11:17:25] INFO Epoch 015 | train batch=590/1427 | elapsed=2.7 min | eta=3.8 min
[2026-08-13 11:17:28] INFO Epoch 015 | train batch=600/1427 | elapsed=2.7 min | eta=3.7 min
[2026-08-13 11:17:31] INFO Epoch 015 | train batch=610/1427 | elapsed=2.8 min | eta=3.7 min
[2026-08-13 11:17:33] INFO Epoch 015 | train batch=620/1427 | elapsed=2.8 min | eta=3.6 min
[2026-08-13 11:17:36] INFO Epoch 015 | train batch=630/1427 | elapsed=2.9 min | eta=3.6 min
[2026-08-13 11:17:39] INFO Epoch 015 | train batch=640/1427 | elapsed=2.9 min | eta=3.6 min
[2026-08-13 11:17:42] INFO Epoch 015 | train batch=650/1427 | elapsed=3.0 min | eta=3.5 min
[2026-08-13 11:17:45] INFO Epoch 015 | train batch=660/1427 | elapsed=3.0 min | eta=3.5 min
[2026-08-13 11:17:48] INFO Epoch 015 | train batch=670/1427 | elapsed=3.0 min | eta=3.4 min
[2026-08-13 11:17:50] INFO Epoch 015 | train batch=680/1427 | elapsed=3.1 min | eta=3.4 min
[2026-08-13 11:17:53] INFO Epoch 015 | train batch=690/1427 | elapsed=3.1 min | eta=3.3 min
[2026-08-13 11:17:56] INFO Epoch 015 | train batch=700/1427 | elapsed=3.2 min | eta=3.3 min
[2026-08-13 11:17:59] INFO Epoch 015 | train batch=710/1427 | elapsed=3.2 min | eta=3.3 min
[2026-08-13 11:18:02] INFO Epoch 015 | train batch=720/1427 | elapsed=3.3 min | eta=3.2 min
[2026-08-13 11:18:04] INFO Epoch 015 | train batch=730/1427 | elapsed=3.3 min | eta=3.2 min
[2026-08-13 11:18:07] INFO Epoch 015 | train batch=740/1427 | elapsed=3.4 min | eta=3.1 min
[2026-08-13 11:18:10] INFO Epoch 015 | train batch=750/1427 | elapsed=3.4 min | eta=3.1 min
[2026-08-13 11:18:12] INFO Epoch 015 | train batch=760/1427 | elapsed=3.5 min | eta=3.0 min
[2026-08-13 11:18:15] INFO Epoch 015 | train batch=770/1427 | elapsed=3.5 min | eta=3.0 min
[2026-08-13 11:18:18] INFO Epoch 015 | train batch=780/1427 | elapsed=3.5 min | eta=2.9 min
[2026-08-13 11:18:20] INFO Epoch 015 | train batch=790/1427 | elapsed=3.6 min | eta=2.9 min
[2026-08-13 11:18:23] INFO Epoch 015 | train batch=800/1427 | elapsed=3.6 min | eta=2.8 min
[2026-08-13 11:18:26] INFO Epoch 015 | train batch=810/1427 | elapsed=3.7 min | eta=2.8 min
[2026-08-13 11:18:28] INFO Epoch 015 | train batch=820/1427 | elapsed=3.7 min | eta=2.7 min
[2026-08-13 11:18:31] INFO Epoch 015 | train batch=830/1427 | elapsed=3.8 min | eta=2.7 min
[2026-08-13 11:18:33] INFO Epoch 015 | train batch=840/1427 | elapsed=3.8 min | eta=2.7 min
[2026-08-13 11:18:36] INFO Epoch 015 | train batch=850/1427 | elapsed=3.8 min | eta=2.6 min
[2026-08-13 11:18:39] INFO Epoch 015 | train batch=860/1427 | elapsed=3.9 min | eta=2.6 min
[2026-08-13 11:18:41] INFO Epoch 015 | train batch=870/1427 | elapsed=3.9 min | eta=2.5 min
[2026-08-13 11:18:44] INFO Epoch 015 | train batch=880/1427 | elapsed=4.0 min | eta=2.5 min
[2026-08-13 11:18:46] INFO Epoch 015 | train batch=890/1427 | elapsed=4.0 min | eta=2.4 min
[2026-08-13 11:18:49] INFO Epoch 015 | train batch=900/1427 | elapsed=4.1 min | eta=2.4 min
[2026-08-13 11:18:52] INFO Epoch 015 | train batch=910/1427 | elapsed=4.1 min | eta=2.3 min
[2026-08-13 11:18:55] INFO Epoch 015 | train batch=920/1427 | elapsed=4.2 min | eta=2.3 min
[2026-08-13 11:18:57] INFO Epoch 015 | train batch=930/1427 | elapsed=4.2 min | eta=2.2 min
[2026-08-13 11:19:00] INFO Epoch 015 | train batch=940/1427 | elapsed=4.3 min | eta=2.2 min
[2026-08-13 11:19:03] INFO Epoch 015 | train batch=950/1427 | elapsed=4.3 min | eta=2.2 min
[2026-08-13 11:19:06] INFO Epoch 015 | train batch=960/1427 | elapsed=4.3 min | eta=2.1 min
[2026-08-13 11:19:08] INFO Epoch 015 | train batch=970/1427 | elapsed=4.4 min | eta=2.1 min
[2026-08-13 11:19:11] INFO Epoch 015 | train batch=980/1427 | elapsed=4.4 min | eta=2.0 min
[2026-08-13 11:19:14] INFO Epoch 015 | train batch=990/1427 | elapsed=4.5 min | eta=2.0 min
[2026-08-13 11:19:16] INFO Epoch 015 | train batch=1000/1427 | elapsed=4.5 min | eta=1.9 min
[2026-08-13 11:19:19] INFO Epoch 015 | train batch=1010/1427 | elapsed=4.6 min | eta=1.9 min
[2026-08-13 11:19:22] INFO Epoch 015 | train batch=1020/1427 | elapsed=4.6 min | eta=1.8 min
[2026-08-13 11:19:25] INFO Epoch 015 | train batch=1030/1427 | elapsed=4.7 min | eta=1.8 min
[2026-08-13 11:19:27] INFO Epoch 015 | train batch=1040/1427 | elapsed=4.7 min | eta=1.7 min
[2026-08-13 11:19:30] INFO Epoch 015 | train batch=1050/1427 | elapsed=4.7 min | eta=1.7 min
[2026-08-13 11:19:32] INFO Epoch 015 | train batch=1060/1427 | elapsed=4.8 min | eta=1.7 min
[2026-08-13 11:19:35] INFO Epoch 015 | train batch=1070/1427 | elapsed=4.8 min | eta=1.6 min
[2026-08-13 11:19:38] INFO Epoch 015 | train batch=1080/1427 | elapsed=4.9 min | eta=1.6 min
[2026-08-13 11:19:40] INFO Epoch 015 | train batch=1090/1427 | elapsed=4.9 min | eta=1.5 min
[2026-08-13 11:19:43] INFO Epoch 015 | train batch=1100/1427 | elapsed=5.0 min | eta=1.5 min
[2026-08-13 11:19:45] INFO Epoch 015 | train batch=1110/1427 | elapsed=5.0 min | eta=1.4 min
[2026-08-13 11:19:48] INFO Epoch 015 | train batch=1120/1427 | elapsed=5.0 min | eta=1.4 min
[2026-08-13 11:19:51] INFO Epoch 015 | train batch=1130/1427 | elapsed=5.1 min | eta=1.3 min
[2026-08-13 11:19:53] INFO Epoch 015 | train batch=1140/1427 | elapsed=5.1 min | eta=1.3 min
[2026-08-13 11:19:56] INFO Epoch 015 | train batch=1150/1427 | elapsed=5.2 min | eta=1.2 min
[2026-08-13 11:19:59] INFO Epoch 015 | train batch=1160/1427 | elapsed=5.2 min | eta=1.2 min
[2026-08-13 11:20:01] INFO Epoch 015 | train batch=1170/1427 | elapsed=5.3 min | eta=1.2 min
[2026-08-13 11:20:04] INFO Epoch 015 | train batch=1180/1427 | elapsed=5.3 min | eta=1.1 min
[2026-08-13 11:20:07] INFO Epoch 015 | train batch=1190/1427 | elapsed=5.4 min | eta=1.1 min
[2026-08-13 11:20:10] INFO Epoch 015 | train batch=1200/1427 | elapsed=5.4 min | eta=1.0 min
[2026-08-13 11:20:13] INFO Epoch 015 | train batch=1210/1427 | elapsed=5.5 min | eta=1.0 min
[2026-08-13 11:20:15] INFO Epoch 015 | train batch=1220/1427 | elapsed=5.5 min | eta=0.9 min
[2026-08-13 11:20:18] INFO Epoch 015 | train batch=1230/1427 | elapsed=5.5 min | eta=0.9 min
[2026-08-13 11:20:21] INFO Epoch 015 | train batch=1240/1427 | elapsed=5.6 min | eta=0.8 min
[2026-08-13 11:20:24] INFO Epoch 015 | train batch=1250/1427 | elapsed=5.6 min | eta=0.8 min
[2026-08-13 11:20:26] INFO Epoch 015 | train batch=1260/1427 | elapsed=5.7 min | eta=0.8 min
[2026-08-13 11:20:29] INFO Epoch 015 | train batch=1270/1427 | elapsed=5.7 min | eta=0.7 min
[2026-08-13 11:20:32] INFO Epoch 015 | train batch=1280/1427 | elapsed=5.8 min | eta=0.7 min
[2026-08-13 11:20:35] INFO Epoch 015 | train batch=1290/1427 | elapsed=5.8 min | eta=0.6 min
[2026-08-13 11:20:37] INFO Epoch 015 | train batch=1300/1427 | elapsed=5.9 min | eta=0.6 min
[2026-08-13 11:20:40] INFO Epoch 015 | train batch=1310/1427 | elapsed=5.9 min | eta=0.5 min
[2026-08-13 11:20:43] INFO Epoch 015 | train batch=1320/1427 | elapsed=6.0 min | eta=0.5 min
[2026-08-13 11:20:45] INFO Epoch 015 | train batch=1330/1427 | elapsed=6.0 min | eta=0.4 min
[2026-08-13 11:20:48] INFO Epoch 015 | train batch=1340/1427 | elapsed=6.0 min | eta=0.4 min
[2026-08-13 11:20:51] INFO Epoch 015 | train batch=1350/1427 | elapsed=6.1 min | eta=0.3 min
[2026-08-13 11:20:53] INFO Epoch 015 | train batch=1360/1427 | elapsed=6.1 min | eta=0.3 min
[2026-08-13 11:20:56] INFO Epoch 015 | train batch=1370/1427 | elapsed=6.2 min | eta=0.3 min
[2026-08-13 11:20:59] INFO Epoch 015 | train batch=1380/1427 | elapsed=6.2 min | eta=0.2 min
[2026-08-13 11:21:02] INFO Epoch 015 | train batch=1390/1427 | elapsed=6.3 min | eta=0.2 min
[2026-08-13 11:21:04] INFO Epoch 015 | train batch=1400/1427 | elapsed=6.3 min | eta=0.1 min
[2026-08-13 11:21:07] INFO Epoch 015 | train batch=1410/1427 | elapsed=6.4 min | eta=0.1 min
[2026-08-13 11:21:09] INFO Epoch 015 | train batch=1420/1427 | elapsed=6.4 min | eta=0.0 min
[2026-08-13 11:21:11] INFO Epoch 015 | train batch=1427/1427 | elapsed=6.4 min | eta=0.0 min
[2026-08-13 11:21:11] INFO Epoch 015 | val batch=1/203 | elapsed=0.0 min | eta=0.3 min
[2026-08-13 11:21:12] INFO Epoch 015 | val batch=10/203 | elapsed=0.0 min | eta=0.4 min
[2026-08-13 11:21:14] INFO Epoch 015 | val batch=20/203 | elapsed=0.0 min | eta=0.4 min
[2026-08-13 11:21:15] INFO Epoch 015 | val batch=30/203 | elapsed=0.1 min | eta=0.4 min
[2026-08-13 11:21:16] INFO Epoch 015 | val batch=40/203 | elapsed=0.1 min | eta=0.4 min
[2026-08-13 11:21:18] INFO Epoch 015 | val batch=50/203 | elapsed=0.1 min | eta=0.3 min
[2026-08-13 11:21:19] INFO Epoch 015 | val batch=60/203 | elapsed=0.1 min | eta=0.3 min
[2026-08-13 11:21:20] INFO Epoch 015 | val batch=70/203 | elapsed=0.2 min | eta=0.3 min
[2026-08-13 11:21:21] INFO Epoch 015 | val batch=80/203 | elapsed=0.2 min | eta=0.3 min
[2026-08-13 11:21:23] INFO Epoch 015 | val batch=90/203 | elapsed=0.2 min | eta=0.2 min
[2026-08-13 11:21:24] INFO Epoch 015 | val batch=100/203 | elapsed=0.2 min | eta=0.2 min
[2026-08-13 11:21:25] INFO Epoch 015 | val batch=110/203 | elapsed=0.2 min | eta=0.2 min
[2026-08-13 11:21:27] INFO Epoch 015 | val batch=120/203 | elapsed=0.3 min | eta=0.2 min
[2026-08-13 11:21:28] INFO Epoch 015 | val batch=130/203 | elapsed=0.3 min | eta=0.2 min
[2026-08-13 11:21:29] INFO Epoch 015 | val batch=140/203 | elapsed=0.3 min | eta=0.1 min
[2026-08-13 11:21:31] INFO Epoch 015 | val batch=150/203 | elapsed=0.3 min | eta=0.1 min
[2026-08-13 11:21:32] INFO Epoch 015 | val batch=160/203 | elapsed=0.4 min | eta=0.1 min
[2026-08-13 11:21:33] INFO Epoch 015 | val batch=170/203 | elapsed=0.4 min | eta=0.1 min
[2026-08-13 11:21:35] INFO Epoch 015 | val batch=180/203 | elapsed=0.4 min | eta=0.1 min
[2026-08-13 11:21:36] INFO Epoch 015 | val batch=190/203 | elapsed=0.4 min | eta=0.0 min
[2026-08-13 11:21:37] INFO Epoch 015 | val batch=200/203 | elapsed=0.4 min | eta=0.0 min
[2026-08-13 11:21:38] INFO Epoch 015 | val batch=203/203 | elapsed=0.4 min | eta=0.0 min
[2026-08-13 11:21:38] INFO Epoch 015 | train_total=1.071949 | val_total=1.206590 | val_mask=0.872497 | val_retrieval=2.393359 | val_profile=0.947567 | val_anchors=660915 | val_positive_pairs=0 | val_hard_negatives=0 | val_relation_candidates=9654476 | val_teacher_keff=4.444 | val_student_keff=9.464 | val_masked_positions=1959549 | skipped(train/val)=0/0
[2026-08-13 11:21:38] INFO Epoch 016/050 started | train_batches=1427 | val_batches=203
[2026-08-13 11:21:38] INFO Epoch 016 | train batch=1/1427 | elapsed=0.0 min | eta=5.2 min
[2026-08-13 11:21:40] INFO Epoch 016 | train batch=10/1427 | elapsed=0.0 min | eta=6.8 min
[2026-08-13 11:21:43] INFO Epoch 016 | train batch=20/1427 | elapsed=0.1 min | eta=6.8 min
[2026-08-13 11:21:46] INFO Epoch 016 | train batch=30/1427 | elapsed=0.1 min | eta=6.6 min
[2026-08-13 11:21:49] INFO Epoch 016 | train batch=40/1427 | elapsed=0.2 min | eta=6.5 min
[2026-08-13 11:21:51] INFO Epoch 016 | train batch=50/1427 | elapsed=0.2 min | eta=6.3 min
[2026-08-13 11:21:54] INFO Epoch 016 | train batch=60/1427 | elapsed=0.3 min | eta=6.2 min
[2026-08-13 11:21:57] INFO Epoch 016 | train batch=70/1427 | elapsed=0.3 min | eta=6.2 min
[2026-08-13 11:21:59] INFO Epoch 016 | train batch=80/1427 | elapsed=0.4 min | eta=6.1 min
[2026-08-13 11:22:02] INFO Epoch 016 | train batch=90/1427 | elapsed=0.4 min | eta=6.0 min
[2026-08-13 11:22:05] INFO Epoch 016 | train batch=100/1427 | elapsed=0.5 min | eta=6.0 min
[2026-08-13 11:22:07] INFO Epoch 016 | train batch=110/1427 | elapsed=0.5 min | eta=5.9 min
[2026-08-13 11:22:10] INFO Epoch 016 | train batch=120/1427 | elapsed=0.5 min | eta=5.9 min
[2026-08-13 11:22:12] INFO Epoch 016 | train batch=130/1427 | elapsed=0.6 min | eta=5.8 min
[2026-08-13 11:22:15] INFO Epoch 016 | train batch=140/1427 | elapsed=0.6 min | eta=5.8 min
[2026-08-13 11:22:18] INFO Epoch 016 | train batch=150/1427 | elapsed=0.7 min | eta=5.7 min
[2026-08-13 11:22:21] INFO Epoch 016 | train batch=160/1427 | elapsed=0.7 min | eta=5.7 min
[2026-08-13 11:22:23] INFO Epoch 016 | train batch=170/1427 | elapsed=0.8 min | eta=5.6 min
[2026-08-13 11:22:26] INFO Epoch 016 | train batch=180/1427 | elapsed=0.8 min | eta=5.6 min
[2026-08-13 11:22:29] INFO Epoch 016 | train batch=190/1427 | elapsed=0.8 min | eta=5.5 min
[2026-08-13 11:22:31] INFO Epoch 016 | train batch=200/1427 | elapsed=0.9 min | eta=5.5 min
[2026-08-13 11:22:34] INFO Epoch 016 | train batch=210/1427 | elapsed=0.9 min | eta=5.4 min
[2026-08-13 11:22:37] INFO Epoch 016 | train batch=220/1427 | elapsed=1.0 min | eta=5.4 min
[2026-08-13 11:22:39] INFO Epoch 016 | train batch=230/1427 | elapsed=1.0 min | eta=5.3 min
[2026-08-13 11:22:42] INFO Epoch 016 | train batch=240/1427 | elapsed=1.1 min | eta=5.3 min
[2026-08-13 11:22:45] INFO Epoch 016 | train batch=250/1427 | elapsed=1.1 min | eta=5.3 min
[2026-08-13 11:22:48] INFO Epoch 016 | train batch=260/1427 | elapsed=1.2 min | eta=5.2 min
[2026-08-13 11:22:51] INFO Epoch 016 | train batch=270/1427 | elapsed=1.2 min | eta=5.2 min
[2026-08-13 11:22:53] INFO Epoch 016 | train batch=280/1427 | elapsed=1.3 min | eta=5.2 min
[2026-08-13 11:22:56] INFO Epoch 016 | train batch=290/1427 | elapsed=1.3 min | eta=5.1 min
[2026-08-13 11:22:59] INFO Epoch 016 | train batch=300/1427 | elapsed=1.4 min | eta=5.1 min
[2026-08-13 11:23:01] INFO Epoch 016 | train batch=310/1427 | elapsed=1.4 min | eta=5.0 min
[2026-08-13 11:23:04] INFO Epoch 016 | train batch=320/1427 | elapsed=1.4 min | eta=5.0 min
[2026-08-13 11:23:07] INFO Epoch 016 | train batch=330/1427 | elapsed=1.5 min | eta=4.9 min
[2026-08-13 11:23:09] INFO Epoch 016 | train batch=340/1427 | elapsed=1.5 min | eta=4.9 min
[2026-08-13 11:23:12] INFO Epoch 016 | train batch=350/1427 | elapsed=1.6 min | eta=4.9 min
[2026-08-13 11:23:15] INFO Epoch 016 | train batch=360/1427 | elapsed=1.6 min | eta=4.8 min
[2026-08-13 11:23:18] INFO Epoch 016 | train batch=370/1427 | elapsed=1.7 min | eta=4.8 min
[2026-08-13 11:23:20] INFO Epoch 016 | train batch=380/1427 | elapsed=1.7 min | eta=4.7 min
[2026-08-13 11:23:23] INFO Epoch 016 | train batch=390/1427 | elapsed=1.8 min | eta=4.7 min
[2026-08-13 11:23:26] INFO Epoch 016 | train batch=400/1427 | elapsed=1.8 min | eta=4.6 min
[2026-08-13 11:23:29] INFO Epoch 016 | train batch=410/1427 | elapsed=1.9 min | eta=4.6 min
[2026-08-13 11:23:31] INFO Epoch 016 | train batch=420/1427 | elapsed=1.9 min | eta=4.5 min
[2026-08-13 11:23:34] INFO Epoch 016 | train batch=430/1427 | elapsed=1.9 min | eta=4.5 min
[2026-08-13 11:23:37] INFO Epoch 016 | train batch=440/1427 | elapsed=2.0 min | eta=4.5 min
[2026-08-13 11:23:40] INFO Epoch 016 | train batch=450/1427 | elapsed=2.0 min | eta=4.4 min
[2026-08-13 11:23:42] INFO Epoch 016 | train batch=460/1427 | elapsed=2.1 min | eta=4.4 min
[2026-08-13 11:23:45] INFO Epoch 016 | train batch=470/1427 | elapsed=2.1 min | eta=4.3 min
[2026-08-13 11:23:48] INFO Epoch 016 | train batch=480/1427 | elapsed=2.2 min | eta=4.3 min
[2026-08-13 11:23:50] INFO Epoch 016 | train batch=490/1427 | elapsed=2.2 min | eta=4.2 min
[2026-08-13 11:23:53] INFO Epoch 016 | train batch=500/1427 | elapsed=2.3 min | eta=4.2 min
[2026-08-13 11:23:56] INFO Epoch 016 | train batch=510/1427 | elapsed=2.3 min | eta=4.1 min
[2026-08-13 11:23:59] INFO Epoch 016 | train batch=520/1427 | elapsed=2.4 min | eta=4.1 min
[2026-08-13 11:24:01] INFO Epoch 016 | train batch=530/1427 | elapsed=2.4 min | eta=4.1 min
[2026-08-13 11:24:04] INFO Epoch 016 | train batch=540/1427 | elapsed=2.4 min | eta=4.0 min
[2026-08-13 11:24:07] INFO Epoch 016 | train batch=550/1427 | elapsed=2.5 min | eta=4.0 min
[2026-08-13 11:24:10] INFO Epoch 016 | train batch=560/1427 | elapsed=2.5 min | eta=3.9 min
[2026-08-13 11:24:13] INFO Epoch 016 | train batch=570/1427 | elapsed=2.6 min | eta=3.9 min
[2026-08-13 11:24:15] INFO Epoch 016 | train batch=580/1427 | elapsed=2.6 min | eta=3.8 min
[2026-08-13 11:24:18] INFO Epoch 016 | train batch=590/1427 | elapsed=2.7 min | eta=3.8 min
[2026-08-13 11:24:21] INFO Epoch 016 | train batch=600/1427 | elapsed=2.7 min | eta=3.7 min
[2026-08-13 11:24:23] INFO Epoch 016 | train batch=610/1427 | elapsed=2.8 min | eta=3.7 min
[2026-08-13 11:24:26] INFO Epoch 016 | train batch=620/1427 | elapsed=2.8 min | eta=3.7 min
[2026-08-13 11:24:29] INFO Epoch 016 | train batch=630/1427 | elapsed=2.9 min | eta=3.6 min
[2026-08-13 11:24:31] INFO Epoch 016 | train batch=640/1427 | elapsed=2.9 min | eta=3.6 min
[2026-08-13 11:24:34] INFO Epoch 016 | train batch=650/1427 | elapsed=2.9 min | eta=3.5 min
[2026-08-13 11:24:37] INFO Epoch 016 | train batch=660/1427 | elapsed=3.0 min | eta=3.5 min
[2026-08-13 11:24:40] INFO Epoch 016 | train batch=670/1427 | elapsed=3.0 min | eta=3.4 min
[2026-08-13 11:24:42] INFO Epoch 016 | train batch=680/1427 | elapsed=3.1 min | eta=3.4 min
[2026-08-13 11:24:45] INFO Epoch 016 | train batch=690/1427 | elapsed=3.1 min | eta=3.3 min
[2026-08-13 11:24:48] INFO Epoch 016 | train batch=700/1427 | elapsed=3.2 min | eta=3.3 min
[2026-08-13 11:24:50] INFO Epoch 016 | train batch=710/1427 | elapsed=3.2 min | eta=3.2 min
[2026-08-13 11:24:53] INFO Epoch 016 | train batch=720/1427 | elapsed=3.3 min | eta=3.2 min
[2026-08-13 11:24:55] INFO Epoch 016 | train batch=730/1427 | elapsed=3.3 min | eta=3.1 min
[2026-08-13 11:24:58] INFO Epoch 016 | train batch=740/1427 | elapsed=3.3 min | eta=3.1 min
[2026-08-13 11:25:01] INFO Epoch 016 | train batch=750/1427 | elapsed=3.4 min | eta=3.1 min
[2026-08-13 11:25:03] INFO Epoch 016 | train batch=760/1427 | elapsed=3.4 min | eta=3.0 min
[2026-08-13 11:25:06] INFO Epoch 016 | train batch=770/1427 | elapsed=3.5 min | eta=3.0 min
[2026-08-13 11:25:08] INFO Epoch 016 | train batch=780/1427 | elapsed=3.5 min | eta=2.9 min
[2026-08-13 11:25:11] INFO Epoch 016 | train batch=790/1427 | elapsed=3.6 min | eta=2.9 min
[2026-08-13 11:25:14] INFO Epoch 016 | train batch=800/1427 | elapsed=3.6 min | eta=2.8 min
[2026-08-13 11:25:16] INFO Epoch 016 | train batch=810/1427 | elapsed=3.6 min | eta=2.8 min
[2026-08-13 11:25:19] INFO Epoch 016 | train batch=820/1427 | elapsed=3.7 min | eta=2.7 min
[2026-08-13 11:25:21] INFO Epoch 016 | train batch=830/1427 | elapsed=3.7 min | eta=2.7 min
[2026-08-13 11:25:24] INFO Epoch 016 | train batch=840/1427 | elapsed=3.8 min | eta=2.6 min
[2026-08-13 11:25:27] INFO Epoch 016 | train batch=850/1427 | elapsed=3.8 min | eta=2.6 min
[2026-08-13 11:25:29] INFO Epoch 016 | train batch=860/1427 | elapsed=3.9 min | eta=2.5 min
[2026-08-13 11:25:32] INFO Epoch 016 | train batch=870/1427 | elapsed=3.9 min | eta=2.5 min
[2026-08-13 11:25:35] INFO Epoch 016 | train batch=880/1427 | elapsed=3.9 min | eta=2.5 min
[2026-08-13 11:25:37] INFO Epoch 016 | train batch=890/1427 | elapsed=4.0 min | eta=2.4 min
[2026-08-13 11:25:40] INFO Epoch 016 | train batch=900/1427 | elapsed=4.0 min | eta=2.4 min
[2026-08-13 11:25:43] INFO Epoch 016 | train batch=910/1427 | elapsed=4.1 min | eta=2.3 min
[2026-08-13 11:25:45] INFO Epoch 016 | train batch=920/1427 | elapsed=4.1 min | eta=2.3 min
[2026-08-13 11:25:48] INFO Epoch 016 | train batch=930/1427 | elapsed=4.2 min | eta=2.2 min
[2026-08-13 11:25:51] INFO Epoch 016 | train batch=940/1427 | elapsed=4.2 min | eta=2.2 min
[2026-08-13 11:25:54] INFO Epoch 016 | train batch=950/1427 | elapsed=4.3 min | eta=2.1 min
[2026-08-13 11:25:56] INFO Epoch 016 | train batch=960/1427 | elapsed=4.3 min | eta=2.1 min
[2026-08-13 11:25:59] INFO Epoch 016 | train batch=970/1427 | elapsed=4.4 min | eta=2.1 min
[2026-08-13 11:26:01] INFO Epoch 016 | train batch=980/1427 | elapsed=4.4 min | eta=2.0 min
[2026-08-13 11:26:04] INFO Epoch 016 | train batch=990/1427 | elapsed=4.4 min | eta=2.0 min
[2026-08-13 11:26:07] INFO Epoch 016 | train batch=1000/1427 | elapsed=4.5 min | eta=1.9 min
[2026-08-13 11:26:09] INFO Epoch 016 | train batch=1010/1427 | elapsed=4.5 min | eta=1.9 min
[2026-08-13 11:26:12] INFO Epoch 016 | train batch=1020/1427 | elapsed=4.6 min | eta=1.8 min
[2026-08-13 11:26:15] INFO Epoch 016 | train batch=1030/1427 | elapsed=4.6 min | eta=1.8 min
[2026-08-13 11:26:17] INFO Epoch 016 | train batch=1040/1427 | elapsed=4.7 min | eta=1.7 min
[2026-08-13 11:26:19] INFO Epoch 016 | train batch=1050/1427 | elapsed=4.7 min | eta=1.7 min
[2026-08-13 11:26:22] INFO Epoch 016 | train batch=1060/1427 | elapsed=4.7 min | eta=1.6 min
[2026-08-13 11:26:25] INFO Epoch 016 | train batch=1070/1427 | elapsed=4.8 min | eta=1.6 min
[2026-08-13 11:26:27] INFO Epoch 016 | train batch=1080/1427 | elapsed=4.8 min | eta=1.5 min
[2026-08-13 11:26:30] INFO Epoch 016 | train batch=1090/1427 | elapsed=4.9 min | eta=1.5 min
[2026-08-13 11:26:32] INFO Epoch 016 | train batch=1100/1427 | elapsed=4.9 min | eta=1.5 min
[2026-08-13 11:26:35] INFO Epoch 016 | train batch=1110/1427 | elapsed=5.0 min | eta=1.4 min
[2026-08-13 11:26:38] INFO Epoch 016 | train batch=1120/1427 | elapsed=5.0 min | eta=1.4 min
[2026-08-13 11:26:40] INFO Epoch 016 | train batch=1130/1427 | elapsed=5.0 min | eta=1.3 min
[2026-08-13 11:26:43] INFO Epoch 016 | train batch=1140/1427 | elapsed=5.1 min | eta=1.3 min
[2026-08-13 11:26:46] INFO Epoch 016 | train batch=1150/1427 | elapsed=5.1 min | eta=1.2 min
[2026-08-13 11:26:49] INFO Epoch 016 | train batch=1160/1427 | elapsed=5.2 min | eta=1.2 min
[2026-08-13 11:26:51] INFO Epoch 016 | train batch=1170/1427 | elapsed=5.2 min | eta=1.1 min
[2026-08-13 11:26:54] INFO Epoch 016 | train batch=1180/1427 | elapsed=5.3 min | eta=1.1 min
[2026-08-13 11:26:57] INFO Epoch 016 | train batch=1190/1427 | elapsed=5.3 min | eta=1.1 min
[2026-08-13 11:27:00] INFO Epoch 016 | train batch=1200/1427 | elapsed=5.4 min | eta=1.0 min
[2026-08-13 11:27:02] INFO Epoch 016 | train batch=1210/1427 | elapsed=5.4 min | eta=1.0 min
[2026-08-13 11:27:05] INFO Epoch 016 | train batch=1220/1427 | elapsed=5.5 min | eta=0.9 min
[2026-08-13 11:27:08] INFO Epoch 016 | train batch=1230/1427 | elapsed=5.5 min | eta=0.9 min
[2026-08-13 11:27:11] INFO Epoch 016 | train batch=1240/1427 | elapsed=5.5 min | eta=0.8 min
[2026-08-13 11:27:14] INFO Epoch 016 | train batch=1250/1427 | elapsed=5.6 min | eta=0.8 min
[2026-08-13 11:27:16] INFO Epoch 016 | train batch=1260/1427 | elapsed=5.6 min | eta=0.7 min
[2026-08-13 11:27:19] INFO Epoch 016 | train batch=1270/1427 | elapsed=5.7 min | eta=0.7 min
[2026-08-13 11:27:21] INFO Epoch 016 | train batch=1280/1427 | elapsed=5.7 min | eta=0.7 min
[2026-08-13 11:27:24] INFO Epoch 016 | train batch=1290/1427 | elapsed=5.8 min | eta=0.6 min
[2026-08-13 11:27:27] INFO Epoch 016 | train batch=1300/1427 | elapsed=5.8 min | eta=0.6 min
[2026-08-13 11:27:30] INFO Epoch 016 | train batch=1310/1427 | elapsed=5.9 min | eta=0.5 min
[2026-08-13 11:27:33] INFO Epoch 016 | train batch=1320/1427 | elapsed=5.9 min | eta=0.5 min
[2026-08-13 11:27:36] INFO Epoch 016 | train batch=1330/1427 | elapsed=6.0 min | eta=0.4 min
[2026-08-13 11:27:38] INFO Epoch 016 | train batch=1340/1427 | elapsed=6.0 min | eta=0.4 min
[2026-08-13 11:27:41] INFO Epoch 016 | train batch=1350/1427 | elapsed=6.1 min | eta=0.3 min
[2026-08-13 11:27:43] INFO Epoch 016 | train batch=1360/1427 | elapsed=6.1 min | eta=0.3 min
[2026-08-13 11:27:46] INFO Epoch 016 | train batch=1370/1427 | elapsed=6.1 min | eta=0.3 min
[2026-08-13 11:27:48] INFO Epoch 016 | train batch=1380/1427 | elapsed=6.2 min | eta=0.2 min
[2026-08-13 11:27:51] INFO Epoch 016 | train batch=1390/1427 | elapsed=6.2 min | eta=0.2 min
[2026-08-13 11:27:54] INFO Epoch 016 | train batch=1400/1427 | elapsed=6.3 min | eta=0.1 min
[2026-08-13 11:27:56] INFO Epoch 016 | train batch=1410/1427 | elapsed=6.3 min | eta=0.1 min
[2026-08-13 11:27:59] INFO Epoch 016 | train batch=1420/1427 | elapsed=6.3 min | eta=0.0 min
[2026-08-13 11:28:00] INFO Epoch 016 | train batch=1427/1427 | elapsed=6.4 min | eta=0.0 min
[2026-08-13 11:28:00] INFO Epoch 016 | val batch=1/203 | elapsed=0.0 min | eta=0.3 min
[2026-08-13 11:28:02] INFO Epoch 016 | val batch=10/203 | elapsed=0.0 min | eta=0.4 min
[2026-08-13 11:28:03] INFO Epoch 016 | val batch=20/203 | elapsed=0.0 min | eta=0.4 min
[2026-08-13 11:28:04] INFO Epoch 016 | val batch=30/203 | elapsed=0.1 min | eta=0.4 min
[2026-08-13 11:28:06] INFO Epoch 016 | val batch=40/203 | elapsed=0.1 min | eta=0.4 min
[2026-08-13 11:28:07] INFO Epoch 016 | val batch=50/203 | elapsed=0.1 min | eta=0.3 min
[2026-08-13 11:28:08] INFO Epoch 016 | val batch=60/203 | elapsed=0.1 min | eta=0.3 min
[2026-08-13 11:28:10] INFO Epoch 016 | val batch=70/203 | elapsed=0.2 min | eta=0.3 min
[2026-08-13 11:28:11] INFO Epoch 016 | val batch=80/203 | elapsed=0.2 min | eta=0.3 min
[2026-08-13 11:28:12] INFO Epoch 016 | val batch=90/203 | elapsed=0.2 min | eta=0.2 min
[2026-08-13 11:28:13] INFO Epoch 016 | val batch=100/203 | elapsed=0.2 min | eta=0.2 min
[2026-08-13 11:28:15] INFO Epoch 016 | val batch=110/203 | elapsed=0.2 min | eta=0.2 min
[2026-08-13 11:28:16] INFO Epoch 016 | val batch=120/203 | elapsed=0.3 min | eta=0.2 min
[2026-08-13 11:28:17] INFO Epoch 016 | val batch=130/203 | elapsed=0.3 min | eta=0.2 min
[2026-08-13 11:28:19] INFO Epoch 016 | val batch=140/203 | elapsed=0.3 min | eta=0.1 min
[2026-08-13 11:28:20] INFO Epoch 016 | val batch=150/203 | elapsed=0.3 min | eta=0.1 min
[2026-08-13 11:28:21] INFO Epoch 016 | val batch=160/203 | elapsed=0.4 min | eta=0.1 min
[2026-08-13 11:28:23] INFO Epoch 016 | val batch=170/203 | elapsed=0.4 min | eta=0.1 min
[2026-08-13 11:28:24] INFO Epoch 016 | val batch=180/203 | elapsed=0.4 min | eta=0.1 min
[2026-08-13 11:28:25] INFO Epoch 016 | val batch=190/203 | elapsed=0.4 min | eta=0.0 min
[2026-08-13 11:28:27] INFO Epoch 016 | val batch=200/203 | elapsed=0.4 min | eta=0.0 min
[2026-08-13 11:28:27] INFO Epoch 016 | val batch=203/203 | elapsed=0.4 min | eta=0.0 min
[2026-08-13 11:28:27] INFO Epoch 016 | train_total=1.086273 | val_total=1.045040 | val_mask=0.711433 | val_retrieval=2.390398 | val_profile=0.945673 | val_anchors=660915 | val_positive_pairs=0 | val_hard_negatives=0 | val_relation_candidates=9654476 | val_teacher_keff=4.444 | val_student_keff=9.155 | val_masked_positions=1959360 | skipped(train/val)=0/0
[2026-08-13 11:28:27] INFO Epoch 017/050 started | train_batches=1427 | val_batches=203
[2026-08-13 11:28:27] INFO Epoch 017 | train batch=1/1427 | elapsed=0.0 min | eta=5.1 min
[2026-08-13 11:28:30] INFO Epoch 017 | train batch=10/1427 | elapsed=0.0 min | eta=6.6 min
[2026-08-13 11:28:32] INFO Epoch 017 | train batch=20/1427 | elapsed=0.1 min | eta=6.4 min
[2026-08-13 11:28:35] INFO Epoch 017 | train batch=30/1427 | elapsed=0.1 min | eta=6.5 min
[2026-08-13 11:28:38] INFO Epoch 017 | train batch=40/1427 | elapsed=0.2 min | eta=6.3 min
[2026-08-13 11:28:41] INFO Epoch 017 | train batch=50/1427 | elapsed=0.2 min | eta=6.2 min
[2026-08-13 11:28:43] INFO Epoch 017 | train batch=60/1427 | elapsed=0.3 min | eta=6.2 min
[2026-08-13 11:28:46] INFO Epoch 017 | train batch=70/1427 | elapsed=0.3 min | eta=6.2 min
[2026-08-13 11:28:49] INFO Epoch 017 | train batch=80/1427 | elapsed=0.4 min | eta=6.1 min
[2026-08-13 11:28:51] INFO Epoch 017 | train batch=90/1427 | elapsed=0.4 min | eta=6.1 min
[2026-08-13 11:28:54] INFO Epoch 017 | train batch=100/1427 | elapsed=0.5 min | eta=6.0 min
[2026-08-13 11:28:57] INFO Epoch 017 | train batch=110/1427 | elapsed=0.5 min | eta=5.9 min
[2026-08-13 11:28:59] INFO Epoch 017 | train batch=120/1427 | elapsed=0.5 min | eta=5.9 min
[2026-08-13 11:29:02] INFO Epoch 017 | train batch=130/1427 | elapsed=0.6 min | eta=5.8 min
[2026-08-13 11:29:04] INFO Epoch 017 | train batch=140/1427 | elapsed=0.6 min | eta=5.8 min
[2026-08-13 11:29:07] INFO Epoch 017 | train batch=150/1427 | elapsed=0.7 min | eta=5.7 min
[2026-08-13 11:29:10] INFO Epoch 017 | train batch=160/1427 | elapsed=0.7 min | eta=5.7 min
[2026-08-13 11:29:13] INFO Epoch 017 | train batch=170/1427 | elapsed=0.8 min | eta=5.7 min
[2026-08-13 11:29:16] INFO Epoch 017 | train batch=180/1427 | elapsed=0.8 min | eta=5.6 min
[2026-08-13 11:29:18] INFO Epoch 017 | train batch=190/1427 | elapsed=0.9 min | eta=5.6 min
[2026-08-13 11:29:21] INFO Epoch 017 | train batch=200/1427 | elapsed=0.9 min | eta=5.5 min
[2026-08-13 11:29:24] INFO Epoch 017 | train batch=210/1427 | elapsed=1.0 min | eta=5.5 min
[2026-08-13 11:29:27] INFO Epoch 017 | train batch=220/1427 | elapsed=1.0 min | eta=5.5 min
[2026-08-13 11:29:29] INFO Epoch 017 | train batch=230/1427 | elapsed=1.0 min | eta=5.4 min
[2026-08-13 11:29:32] INFO Epoch 017 | train batch=240/1427 | elapsed=1.1 min | eta=5.4 min
[2026-08-13 11:29:35] INFO Epoch 017 | train batch=250/1427 | elapsed=1.1 min | eta=5.3 min
[2026-08-13 11:29:38] INFO Epoch 017 | train batch=260/1427 | elapsed=1.2 min | eta=5.3 min
[2026-08-13 11:29:40] INFO Epoch 017 | train batch=270/1427 | elapsed=1.2 min | eta=5.2 min
[2026-08-13 11:29:43] INFO Epoch 017 | train batch=280/1427 | elapsed=1.3 min | eta=5.2 min
[2026-08-13 11:29:45] INFO Epoch 017 | train batch=290/1427 | elapsed=1.3 min | eta=5.1 min
[2026-08-13 11:29:48] INFO Epoch 017 | train batch=300/1427 | elapsed=1.3 min | eta=5.1 min
[2026-08-13 11:29:50] INFO Epoch 017 | train batch=310/1427 | elapsed=1.4 min | eta=5.0 min
[2026-08-13 11:29:53] INFO Epoch 017 | train batch=320/1427 | elapsed=1.4 min | eta=4.9 min
[2026-08-13 11:29:56] INFO Epoch 017 | train batch=330/1427 | elapsed=1.5 min | eta=4.9 min
[2026-08-13 11:29:59] INFO Epoch 017 | train batch=340/1427 | elapsed=1.5 min | eta=4.9 min
[2026-08-13 11:30:01] INFO Epoch 017 | train batch=350/1427 | elapsed=1.6 min | eta=4.8 min
[2026-08-13 11:30:04] INFO Epoch 017 | train batch=360/1427 | elapsed=1.6 min | eta=4.8 min
[2026-08-13 11:30:06] INFO Epoch 017 | train batch=370/1427 | elapsed=1.7 min | eta=4.7 min
[2026-08-13 11:30:09] INFO Epoch 017 | train batch=380/1427 | elapsed=1.7 min | eta=4.7 min
[2026-08-13 11:30:12] INFO Epoch 017 | train batch=390/1427 | elapsed=1.8 min | eta=4.7 min
[2026-08-13 11:30:14] INFO Epoch 017 | train batch=400/1427 | elapsed=1.8 min | eta=4.6 min
[2026-08-13 11:30:17] INFO Epoch 017 | train batch=410/1427 | elapsed=1.8 min | eta=4.6 min
[2026-08-13 11:30:20] INFO Epoch 017 | train batch=420/1427 | elapsed=1.9 min | eta=4.5 min
[2026-08-13 11:30:22] INFO Epoch 017 | train batch=430/1427 | elapsed=1.9 min | eta=4.5 min
[2026-08-13 11:30:25] INFO Epoch 017 | train batch=440/1427 | elapsed=2.0 min | eta=4.4 min
[2026-08-13 11:30:28] INFO Epoch 017 | train batch=450/1427 | elapsed=2.0 min | eta=4.4 min
[2026-08-13 11:30:30] INFO Epoch 017 | train batch=460/1427 | elapsed=2.1 min | eta=4.3 min
[2026-08-13 11:30:33] INFO Epoch 017 | train batch=470/1427 | elapsed=2.1 min | eta=4.3 min
[2026-08-13 11:30:36] INFO Epoch 017 | train batch=480/1427 | elapsed=2.2 min | eta=4.2 min
[2026-08-13 11:30:39] INFO Epoch 017 | train batch=490/1427 | elapsed=2.2 min | eta=4.2 min
[2026-08-13 11:30:41] INFO Epoch 017 | train batch=500/1427 | elapsed=2.2 min | eta=4.2 min
[2026-08-13 11:30:44] INFO Epoch 017 | train batch=510/1427 | elapsed=2.3 min | eta=4.1 min
[2026-08-13 11:30:47] INFO Epoch 017 | train batch=520/1427 | elapsed=2.3 min | eta=4.1 min
[2026-08-13 11:30:50] INFO Epoch 017 | train batch=530/1427 | elapsed=2.4 min | eta=4.0 min
[2026-08-13 11:30:53] INFO Epoch 017 | train batch=540/1427 | elapsed=2.4 min | eta=4.0 min
[2026-08-13 11:30:55] INFO Epoch 017 | train batch=550/1427 | elapsed=2.5 min | eta=3.9 min
[2026-08-13 11:30:58] INFO Epoch 017 | train batch=560/1427 | elapsed=2.5 min | eta=3.9 min
[2026-08-13 11:31:01] INFO Epoch 017 | train batch=570/1427 | elapsed=2.6 min | eta=3.9 min
[2026-08-13 11:31:04] INFO Epoch 017 | train batch=580/1427 | elapsed=2.6 min | eta=3.8 min
[2026-08-13 11:31:06] INFO Epoch 017 | train batch=590/1427 | elapsed=2.7 min | eta=3.8 min
[2026-08-13 11:31:09] INFO Epoch 017 | train batch=600/1427 | elapsed=2.7 min | eta=3.7 min
[2026-08-13 11:31:12] INFO Epoch 017 | train batch=610/1427 | elapsed=2.7 min | eta=3.7 min
[2026-08-13 11:31:14] INFO Epoch 017 | train batch=620/1427 | elapsed=2.8 min | eta=3.6 min
[2026-08-13 11:31:17] INFO Epoch 017 | train batch=630/1427 | elapsed=2.8 min | eta=3.6 min
[2026-08-13 11:31:20] INFO Epoch 017 | train batch=640/1427 | elapsed=2.9 min | eta=3.5 min
[2026-08-13 11:31:22] INFO Epoch 017 | train batch=650/1427 | elapsed=2.9 min | eta=3.5 min
[2026-08-13 11:31:25] INFO Epoch 017 | train batch=660/1427 | elapsed=3.0 min | eta=3.5 min
[2026-08-13 11:31:28] INFO Epoch 017 | train batch=670/1427 | elapsed=3.0 min | eta=3.4 min
[2026-08-13 11:31:31] INFO Epoch 017 | train batch=680/1427 | elapsed=3.1 min | eta=3.4 min
[2026-08-13 11:31:33] INFO Epoch 017 | train batch=690/1427 | elapsed=3.1 min | eta=3.3 min
[2026-08-13 11:31:36] INFO Epoch 017 | train batch=700/1427 | elapsed=3.2 min | eta=3.3 min
[2026-08-13 11:31:39] INFO Epoch 017 | train batch=710/1427 | elapsed=3.2 min | eta=3.2 min
[2026-08-13 11:31:42] INFO Epoch 017 | train batch=720/1427 | elapsed=3.2 min | eta=3.2 min
[2026-08-13 11:31:44] INFO Epoch 017 | train batch=730/1427 | elapsed=3.3 min | eta=3.1 min
[2026-08-13 11:31:47] INFO Epoch 017 | train batch=740/1427 | elapsed=3.3 min | eta=3.1 min
[2026-08-13 11:31:49] INFO Epoch 017 | train batch=750/1427 | elapsed=3.4 min | eta=3.0 min
[2026-08-13 11:31:52] INFO Epoch 017 | train batch=760/1427 | elapsed=3.4 min | eta=3.0 min
[2026-08-13 11:31:54] INFO Epoch 017 | train batch=770/1427 | elapsed=3.5 min | eta=3.0 min
[2026-08-13 11:31:57] INFO Epoch 017 | train batch=780/1427 | elapsed=3.5 min | eta=2.9 min
[2026-08-13 11:31:59] INFO Epoch 017 | train batch=790/1427 | elapsed=3.5 min | eta=2.9 min
[2026-08-13 11:32:02] INFO Epoch 017 | train batch=800/1427 | elapsed=3.6 min | eta=2.8 min
[2026-08-13 11:32:05] INFO Epoch 017 | train batch=810/1427 | elapsed=3.6 min | eta=2.8 min
[2026-08-13 11:32:08] INFO Epoch 017 | train batch=820/1427 | elapsed=3.7 min | eta=2.7 min
[2026-08-13 11:32:10] INFO Epoch 017 | train batch=830/1427 | elapsed=3.7 min | eta=2.7 min
[2026-08-13 11:32:13] INFO Epoch 017 | train batch=840/1427 | elapsed=3.8 min | eta=2.6 min
[2026-08-13 11:32:16] INFO Epoch 017 | train batch=850/1427 | elapsed=3.8 min | eta=2.6 min
[2026-08-13 11:32:18] INFO Epoch 017 | train batch=860/1427 | elapsed=3.9 min | eta=2.5 min
[2026-08-13 11:32:21] INFO Epoch 017 | train batch=870/1427 | elapsed=3.9 min | eta=2.5 min
[2026-08-13 11:32:24] INFO Epoch 017 | train batch=880/1427 | elapsed=3.9 min | eta=2.5 min
[2026-08-13 11:32:26] INFO Epoch 017 | train batch=890/1427 | elapsed=4.0 min | eta=2.4 min
[2026-08-13 11:32:29] INFO Epoch 017 | train batch=900/1427 | elapsed=4.0 min | eta=2.4 min
[2026-08-13 11:32:32] INFO Epoch 017 | train batch=910/1427 | elapsed=4.1 min | eta=2.3 min
[2026-08-13 11:32:34] INFO Epoch 017 | train batch=920/1427 | elapsed=4.1 min | eta=2.3 min
[2026-08-13 11:32:37] INFO Epoch 017 | train batch=930/1427 | elapsed=4.2 min | eta=2.2 min
[2026-08-13 11:32:39] INFO Epoch 017 | train batch=940/1427 | elapsed=4.2 min | eta=2.2 min
[2026-08-13 11:32:42] INFO Epoch 017 | train batch=950/1427 | elapsed=4.2 min | eta=2.1 min
[2026-08-13 11:32:44] INFO Epoch 017 | train batch=960/1427 | elapsed=4.3 min | eta=2.1 min
[2026-08-13 11:32:47] INFO Epoch 017 | train batch=970/1427 | elapsed=4.3 min | eta=2.0 min
[2026-08-13 11:32:50] INFO Epoch 017 | train batch=980/1427 | elapsed=4.4 min | eta=2.0 min
[2026-08-13 11:32:52] INFO Epoch 017 | train batch=990/1427 | elapsed=4.4 min | eta=2.0 min
[2026-08-13 11:32:55] INFO Epoch 017 | train batch=1000/1427 | elapsed=4.5 min | eta=1.9 min
[2026-08-13 11:32:58] INFO Epoch 017 | train batch=1010/1427 | elapsed=4.5 min | eta=1.9 min
[2026-08-13 11:33:01] INFO Epoch 017 | train batch=1020/1427 | elapsed=4.6 min | eta=1.8 min
[2026-08-13 11:33:04] INFO Epoch 017 | train batch=1030/1427 | elapsed=4.6 min | eta=1.8 min
[2026-08-13 11:33:06] INFO Epoch 017 | train batch=1040/1427 | elapsed=4.7 min | eta=1.7 min
[2026-08-13 11:33:09] INFO Epoch 017 | train batch=1050/1427 | elapsed=4.7 min | eta=1.7 min
[2026-08-13 11:33:11] INFO Epoch 017 | train batch=1060/1427 | elapsed=4.7 min | eta=1.6 min
[2026-08-13 11:33:14] INFO Epoch 017 | train batch=1070/1427 | elapsed=4.8 min | eta=1.6 min
[2026-08-13 11:33:17] INFO Epoch 017 | train batch=1080/1427 | elapsed=4.8 min | eta=1.6 min
[2026-08-13 11:33:19] INFO Epoch 017 | train batch=1090/1427 | elapsed=4.9 min | eta=1.5 min
[2026-08-13 11:33:22] INFO Epoch 017 | train batch=1100/1427 | elapsed=4.9 min | eta=1.5 min
[2026-08-13 11:33:25] INFO Epoch 017 | train batch=1110/1427 | elapsed=5.0 min | eta=1.4 min
[2026-08-13 11:33:27] INFO Epoch 017 | train batch=1120/1427 | elapsed=5.0 min | eta=1.4 min
[2026-08-13 11:33:30] INFO Epoch 017 | train batch=1130/1427 | elapsed=5.0 min | eta=1.3 min
[2026-08-13 11:33:33] INFO Epoch 017 | train batch=1140/1427 | elapsed=5.1 min | eta=1.3 min
[2026-08-13 11:33:35] INFO Epoch 017 | train batch=1150/1427 | elapsed=5.1 min | eta=1.2 min
[2026-08-13 11:33:38] INFO Epoch 017 | train batch=1160/1427 | elapsed=5.2 min | eta=1.2 min
[2026-08-13 11:33:41] INFO Epoch 017 | train batch=1170/1427 | elapsed=5.2 min | eta=1.1 min
[2026-08-13 11:33:43] INFO Epoch 017 | train batch=1180/1427 | elapsed=5.3 min | eta=1.1 min
[2026-08-13 11:33:46] INFO Epoch 017 | train batch=1190/1427 | elapsed=5.3 min | eta=1.1 min
[2026-08-13 11:33:48] INFO Epoch 017 | train batch=1200/1427 | elapsed=5.4 min | eta=1.0 min
[2026-08-13 11:33:51] INFO Epoch 017 | train batch=1210/1427 | elapsed=5.4 min | eta=1.0 min
[2026-08-13 11:33:54] INFO Epoch 017 | train batch=1220/1427 | elapsed=5.4 min | eta=0.9 min
[2026-08-13 11:33:56] INFO Epoch 017 | train batch=1230/1427 | elapsed=5.5 min | eta=0.9 min
[2026-08-13 11:33:59] INFO Epoch 017 | train batch=1240/1427 | elapsed=5.5 min | eta=0.8 min
[2026-08-13 11:34:01] INFO Epoch 017 | train batch=1250/1427 | elapsed=5.6 min | eta=0.8 min
[2026-08-13 11:34:04] INFO Epoch 017 | train batch=1260/1427 | elapsed=5.6 min | eta=0.7 min
[2026-08-13 11:34:06] INFO Epoch 017 | train batch=1270/1427 | elapsed=5.7 min | eta=0.7 min
[2026-08-13 11:34:09] INFO Epoch 017 | train batch=1280/1427 | elapsed=5.7 min | eta=0.7 min
[2026-08-13 11:34:12] INFO Epoch 017 | train batch=1290/1427 | elapsed=5.7 min | eta=0.6 min
[2026-08-13 11:34:14] INFO Epoch 017 | train batch=1300/1427 | elapsed=5.8 min | eta=0.6 min
[2026-08-13 11:34:17] INFO Epoch 017 | train batch=1310/1427 | elapsed=5.8 min | eta=0.5 min
[2026-08-13 11:34:20] INFO Epoch 017 | train batch=1320/1427 | elapsed=5.9 min | eta=0.5 min
[2026-08-13 11:34:22] INFO Epoch 017 | train batch=1330/1427 | elapsed=5.9 min | eta=0.4 min
[2026-08-13 11:34:25] INFO Epoch 017 | train batch=1340/1427 | elapsed=6.0 min | eta=0.4 min
[2026-08-13 11:34:28] INFO Epoch 017 | train batch=1350/1427 | elapsed=6.0 min | eta=0.3 min
[2026-08-13 11:34:30] INFO Epoch 017 | train batch=1360/1427 | elapsed=6.1 min | eta=0.3 min
[2026-08-13 11:34:33] INFO Epoch 017 | train batch=1370/1427 | elapsed=6.1 min | eta=0.3 min
[2026-08-13 11:34:36] INFO Epoch 017 | train batch=1380/1427 | elapsed=6.2 min | eta=0.2 min
[2026-08-13 11:34:39] INFO Epoch 017 | train batch=1390/1427 | elapsed=6.2 min | eta=0.2 min
[2026-08-13 11:34:42] INFO Epoch 017 | train batch=1400/1427 | elapsed=6.2 min | eta=0.1 min
[2026-08-13 11:34:44] INFO Epoch 017 | train batch=1410/1427 | elapsed=6.3 min | eta=0.1 min
[2026-08-13 11:34:47] INFO Epoch 017 | train batch=1420/1427 | elapsed=6.3 min | eta=0.0 min
[2026-08-13 11:34:49] INFO Epoch 017 | train batch=1427/1427 | elapsed=6.4 min | eta=0.0 min
[2026-08-13 11:34:49] INFO Epoch 017 | val batch=1/203 | elapsed=0.0 min | eta=0.3 min
[2026-08-13 11:34:50] INFO Epoch 017 | val batch=10/203 | elapsed=0.0 min | eta=0.4 min
[2026-08-13 11:34:51] INFO Epoch 017 | val batch=20/203 | elapsed=0.0 min | eta=0.4 min
[2026-08-13 11:34:53] INFO Epoch 017 | val batch=30/203 | elapsed=0.1 min | eta=0.4 min
[2026-08-13 11:34:54] INFO Epoch 017 | val batch=40/203 | elapsed=0.1 min | eta=0.4 min
[2026-08-13 11:34:55] INFO Epoch 017 | val batch=50/203 | elapsed=0.1 min | eta=0.3 min
[2026-08-13 11:34:57] INFO Epoch 017 | val batch=60/203 | elapsed=0.1 min | eta=0.3 min
[2026-08-13 11:34:58] INFO Epoch 017 | val batch=70/203 | elapsed=0.2 min | eta=0.3 min
[2026-08-13 11:34:59] INFO Epoch 017 | val batch=80/203 | elapsed=0.2 min | eta=0.3 min
[2026-08-13 11:35:01] INFO Epoch 017 | val batch=90/203 | elapsed=0.2 min | eta=0.2 min
[2026-08-13 11:35:02] INFO Epoch 017 | val batch=100/203 | elapsed=0.2 min | eta=0.2 min
[2026-08-13 11:35:03] INFO Epoch 017 | val batch=110/203 | elapsed=0.2 min | eta=0.2 min
[2026-08-13 11:35:04] INFO Epoch 017 | val batch=120/203 | elapsed=0.3 min | eta=0.2 min
[2026-08-13 11:35:06] INFO Epoch 017 | val batch=130/203 | elapsed=0.3 min | eta=0.2 min
[2026-08-13 11:35:07] INFO Epoch 017 | val batch=140/203 | elapsed=0.3 min | eta=0.1 min
[2026-08-13 11:35:08] INFO Epoch 017 | val batch=150/203 | elapsed=0.3 min | eta=0.1 min
[2026-08-13 11:35:10] INFO Epoch 017 | val batch=160/203 | elapsed=0.3 min | eta=0.1 min
[2026-08-13 11:35:11] INFO Epoch 017 | val batch=170/203 | elapsed=0.4 min | eta=0.1 min
[2026-08-13 11:35:12] INFO Epoch 017 | val batch=180/203 | elapsed=0.4 min | eta=0.1 min
[2026-08-13 11:35:14] INFO Epoch 017 | val batch=190/203 | elapsed=0.4 min | eta=0.0 min
[2026-08-13 11:35:15] INFO Epoch 017 | val batch=200/203 | elapsed=0.4 min | eta=0.0 min
[2026-08-13 11:35:15] INFO Epoch 017 | val batch=203/203 | elapsed=0.4 min | eta=0.0 min
[2026-08-13 11:35:15] INFO Epoch 017 | train_total=1.096169 | val_total=1.231724 | val_mask=0.899099 | val_retrieval=2.380285 | val_profile=0.945965 | val_anchors=660915 | val_positive_pairs=0 | val_hard_negatives=0 | val_relation_candidates=9654476 | val_teacher_keff=4.444 | val_student_keff=9.485 | val_masked_positions=1960083 | skipped(train/val)=0/0
[2026-08-13 11:35:15] INFO Relation checkpoint updated | epoch=17 | best_val_relation=2.380285 | path=C:\Users\clw\projects\researchRep\STAnchor-BlockMemory\artifacts\metrla_e5_final_sym_profile_local12_seed42\pretrain_best_relation.pt
[2026-08-13 11:35:15] INFO Epoch 018/050 started | train_batches=1427 | val_batches=203
[2026-08-13 11:35:16] INFO Epoch 018 | train batch=1/1427 | elapsed=0.0 min | eta=7.8 min
[2026-08-13 11:35:18] INFO Epoch 018 | train batch=10/1427 | elapsed=0.0 min | eta=6.8 min
[2026-08-13 11:35:21] INFO Epoch 018 | train batch=20/1427 | elapsed=0.1 min | eta=6.4 min
[2026-08-13 11:35:24] INFO Epoch 018 | train batch=30/1427 | elapsed=0.1 min | eta=6.4 min
[2026-08-13 11:35:26] INFO Epoch 018 | train batch=40/1427 | elapsed=0.2 min | eta=6.3 min
[2026-08-13 11:35:29] INFO Epoch 018 | train batch=50/1427 | elapsed=0.2 min | eta=6.1 min
[2026-08-13 11:35:31] INFO Epoch 018 | train batch=60/1427 | elapsed=0.3 min | eta=6.1 min
[2026-08-13 11:35:34] INFO Epoch 018 | train batch=70/1427 | elapsed=0.3 min | eta=6.1 min
[2026-08-13 11:35:37] INFO Epoch 018 | train batch=80/1427 | elapsed=0.4 min | eta=6.1 min
[2026-08-13 11:35:40] INFO Epoch 018 | train batch=90/1427 | elapsed=0.4 min | eta=6.0 min
[2026-08-13 11:35:43] INFO Epoch 018 | train batch=100/1427 | elapsed=0.5 min | eta=6.0 min
[2026-08-13 11:35:45] INFO Epoch 018 | train batch=110/1427 | elapsed=0.5 min | eta=6.0 min
[2026-08-13 11:35:48] INFO Epoch 018 | train batch=120/1427 | elapsed=0.5 min | eta=5.9 min
[2026-08-13 11:35:50] INFO Epoch 018 | train batch=130/1427 | elapsed=0.6 min | eta=5.8 min
[2026-08-13 11:35:53] INFO Epoch 018 | train batch=140/1427 | elapsed=0.6 min | eta=5.8 min
[2026-08-13 11:35:56] INFO Epoch 018 | train batch=150/1427 | elapsed=0.7 min | eta=5.7 min
[2026-08-13 11:35:59] INFO Epoch 018 | train batch=160/1427 | elapsed=0.7 min | eta=5.7 min
[2026-08-13 11:36:01] INFO Epoch 018 | train batch=170/1427 | elapsed=0.8 min | eta=5.7 min
[2026-08-13 11:36:04] INFO Epoch 018 | train batch=180/1427 | elapsed=0.8 min | eta=5.6 min
[2026-08-13 11:36:07] INFO Epoch 018 | train batch=190/1427 | elapsed=0.9 min | eta=5.6 min
[2026-08-13 11:36:10] INFO Epoch 018 | train batch=200/1427 | elapsed=0.9 min | eta=5.6 min
[2026-08-13 11:36:13] INFO Epoch 018 | train batch=210/1427 | elapsed=1.0 min | eta=5.6 min
[2026-08-13 11:36:16] INFO Epoch 018 | train batch=220/1427 | elapsed=1.0 min | eta=5.5 min
[2026-08-13 11:36:18] INFO Epoch 018 | train batch=230/1427 | elapsed=1.0 min | eta=5.4 min
[2026-08-13 11:36:21] INFO Epoch 018 | train batch=240/1427 | elapsed=1.1 min | eta=5.4 min
[2026-08-13 11:36:23] INFO Epoch 018 | train batch=250/1427 | elapsed=1.1 min | eta=5.3 min
[2026-08-13 11:36:26] INFO Epoch 018 | train batch=260/1427 | elapsed=1.2 min | eta=5.3 min
[2026-08-13 11:36:29] INFO Epoch 018 | train batch=270/1427 | elapsed=1.2 min | eta=5.2 min
[2026-08-13 11:36:31] INFO Epoch 018 | train batch=280/1427 | elapsed=1.3 min | eta=5.2 min
[2026-08-13 11:36:34] INFO Epoch 018 | train batch=290/1427 | elapsed=1.3 min | eta=5.1 min
[2026-08-13 11:36:36] INFO Epoch 018 | train batch=300/1427 | elapsed=1.4 min | eta=5.1 min
[2026-08-13 11:36:39] INFO Epoch 018 | train batch=310/1427 | elapsed=1.4 min | eta=5.0 min
[2026-08-13 11:36:42] INFO Epoch 018 | train batch=320/1427 | elapsed=1.4 min | eta=5.0 min
[2026-08-13 11:36:44] INFO Epoch 018 | train batch=330/1427 | elapsed=1.5 min | eta=4.9 min
[2026-08-13 11:36:47] INFO Epoch 018 | train batch=340/1427 | elapsed=1.5 min | eta=4.9 min
[2026-08-13 11:36:49] INFO Epoch 018 | train batch=350/1427 | elapsed=1.6 min | eta=4.8 min
[2026-08-13 11:36:52] INFO Epoch 018 | train batch=360/1427 | elapsed=1.6 min | eta=4.8 min
[2026-08-13 11:36:54] INFO Epoch 018 | train batch=370/1427 | elapsed=1.7 min | eta=4.7 min
[2026-08-13 11:36:57] INFO Epoch 018 | train batch=380/1427 | elapsed=1.7 min | eta=4.7 min
[2026-08-13 11:37:00] INFO Epoch 018 | train batch=390/1427 | elapsed=1.7 min | eta=4.6 min
[2026-08-13 11:37:03] INFO Epoch 018 | train batch=400/1427 | elapsed=1.8 min | eta=4.6 min
[2026-08-13 11:37:06] INFO Epoch 018 | train batch=410/1427 | elapsed=1.8 min | eta=4.6 min
[2026-08-13 11:37:09] INFO Epoch 018 | train batch=420/1427 | elapsed=1.9 min | eta=4.5 min
[2026-08-13 11:37:12] INFO Epoch 018 | train batch=430/1427 | elapsed=1.9 min | eta=4.5 min
[2026-08-13 11:37:14] INFO Epoch 018 | train batch=440/1427 | elapsed=2.0 min | eta=4.5 min
[2026-08-13 11:37:17] INFO Epoch 018 | train batch=450/1427 | elapsed=2.0 min | eta=4.4 min
[2026-08-13 11:37:20] INFO Epoch 018 | train batch=460/1427 | elapsed=2.1 min | eta=4.4 min
[2026-08-13 11:37:23] INFO Epoch 018 | train batch=470/1427 | elapsed=2.1 min | eta=4.3 min
[2026-08-13 11:37:26] INFO Epoch 018 | train batch=480/1427 | elapsed=2.2 min | eta=4.3 min
[2026-08-13 11:37:29] INFO Epoch 018 | train batch=490/1427 | elapsed=2.2 min | eta=4.3 min
[2026-08-13 11:37:32] INFO Epoch 018 | train batch=500/1427 | elapsed=2.3 min | eta=4.2 min
[2026-08-13 11:37:34] INFO Epoch 018 | train batch=510/1427 | elapsed=2.3 min | eta=4.2 min
[2026-08-13 11:37:37] INFO Epoch 018 | train batch=520/1427 | elapsed=2.4 min | eta=4.1 min
[2026-08-13 11:37:40] INFO Epoch 018 | train batch=530/1427 | elapsed=2.4 min | eta=4.1 min
[2026-08-13 11:37:42] INFO Epoch 018 | train batch=540/1427 | elapsed=2.5 min | eta=4.0 min
[2026-08-13 11:37:45] INFO Epoch 018 | train batch=550/1427 | elapsed=2.5 min | eta=4.0 min
[2026-08-13 11:37:48] INFO Epoch 018 | train batch=560/1427 | elapsed=2.5 min | eta=3.9 min
[2026-08-13 11:37:50] INFO Epoch 018 | train batch=570/1427 | elapsed=2.6 min | eta=3.9 min
[2026-08-13 11:37:53] INFO Epoch 018 | train batch=580/1427 | elapsed=2.6 min | eta=3.8 min
[2026-08-13 11:37:56] INFO Epoch 018 | train batch=590/1427 | elapsed=2.7 min | eta=3.8 min
[2026-08-13 11:37:59] INFO Epoch 018 | train batch=600/1427 | elapsed=2.7 min | eta=3.7 min
[2026-08-13 11:38:01] INFO Epoch 018 | train batch=610/1427 | elapsed=2.8 min | eta=3.7 min
[2026-08-13 11:38:04] INFO Epoch 018 | train batch=620/1427 | elapsed=2.8 min | eta=3.7 min
[2026-08-13 11:38:06] INFO Epoch 018 | train batch=630/1427 | elapsed=2.8 min | eta=3.6 min
[2026-08-13 11:38:09] INFO Epoch 018 | train batch=640/1427 | elapsed=2.9 min | eta=3.6 min
[2026-08-13 11:38:12] INFO Epoch 018 | train batch=650/1427 | elapsed=2.9 min | eta=3.5 min
[2026-08-13 11:38:14] INFO Epoch 018 | train batch=660/1427 | elapsed=3.0 min | eta=3.5 min
[2026-08-13 11:38:17] INFO Epoch 018 | train batch=670/1427 | elapsed=3.0 min | eta=3.4 min
[2026-08-13 11:38:20] INFO Epoch 018 | train batch=680/1427 | elapsed=3.1 min | eta=3.4 min
[2026-08-13 11:38:22] INFO Epoch 018 | train batch=690/1427 | elapsed=3.1 min | eta=3.3 min
[2026-08-13 11:38:25] INFO Epoch 018 | train batch=700/1427 | elapsed=3.2 min | eta=3.3 min
[2026-08-13 11:38:28] INFO Epoch 018 | train batch=710/1427 | elapsed=3.2 min | eta=3.2 min
[2026-08-13 11:38:31] INFO Epoch 018 | train batch=720/1427 | elapsed=3.3 min | eta=3.2 min
[2026-08-13 11:38:33] INFO Epoch 018 | train batch=730/1427 | elapsed=3.3 min | eta=3.1 min
[2026-08-13 11:38:36] INFO Epoch 018 | train batch=740/1427 | elapsed=3.3 min | eta=3.1 min
[2026-08-13 11:38:39] INFO Epoch 018 | train batch=750/1427 | elapsed=3.4 min | eta=3.1 min
[2026-08-13 11:38:41] INFO Epoch 018 | train batch=760/1427 | elapsed=3.4 min | eta=3.0 min
[2026-08-13 11:38:44] INFO Epoch 018 | train batch=770/1427 | elapsed=3.5 min | eta=3.0 min
[2026-08-13 11:38:46] INFO Epoch 018 | train batch=780/1427 | elapsed=3.5 min | eta=2.9 min
[2026-08-13 11:38:49] INFO Epoch 018 | train batch=790/1427 | elapsed=3.6 min | eta=2.9 min
[2026-08-13 11:38:52] INFO Epoch 018 | train batch=800/1427 | elapsed=3.6 min | eta=2.8 min
[2026-08-13 11:38:55] INFO Epoch 018 | train batch=810/1427 | elapsed=3.7 min | eta=2.8 min
[2026-08-13 11:38:57] INFO Epoch 018 | train batch=820/1427 | elapsed=3.7 min | eta=2.7 min
[2026-08-13 11:39:00] INFO Epoch 018 | train batch=830/1427 | elapsed=3.7 min | eta=2.7 min
[2026-08-13 11:39:02] INFO Epoch 018 | train batch=840/1427 | elapsed=3.8 min | eta=2.6 min
[2026-08-13 11:39:05] INFO Epoch 018 | train batch=850/1427 | elapsed=3.8 min | eta=2.6 min
[2026-08-13 11:39:08] INFO Epoch 018 | train batch=860/1427 | elapsed=3.9 min | eta=2.6 min
[2026-08-13 11:39:11] INFO Epoch 018 | train batch=870/1427 | elapsed=3.9 min | eta=2.5 min
[2026-08-13 11:39:13] INFO Epoch 018 | train batch=880/1427 | elapsed=4.0 min | eta=2.5 min
[2026-08-13 11:39:16] INFO Epoch 018 | train batch=890/1427 | elapsed=4.0 min | eta=2.4 min
[2026-08-13 11:39:18] INFO Epoch 018 | train batch=900/1427 | elapsed=4.0 min | eta=2.4 min
[2026-08-13 11:39:21] INFO Epoch 018 | train batch=910/1427 | elapsed=4.1 min | eta=2.3 min
[2026-08-13 11:39:24] INFO Epoch 018 | train batch=920/1427 | elapsed=4.1 min | eta=2.3 min
[2026-08-13 11:39:26] INFO Epoch 018 | train batch=930/1427 | elapsed=4.2 min | eta=2.2 min
[2026-08-13 11:39:29] INFO Epoch 018 | train batch=940/1427 | elapsed=4.2 min | eta=2.2 min
[2026-08-13 11:39:31] INFO Epoch 018 | train batch=950/1427 | elapsed=4.3 min | eta=2.1 min
[2026-08-13 11:39:34] INFO Epoch 018 | train batch=960/1427 | elapsed=4.3 min | eta=2.1 min
[2026-08-13 11:39:37] INFO Epoch 018 | train batch=970/1427 | elapsed=4.4 min | eta=2.1 min
[2026-08-13 11:39:40] INFO Epoch 018 | train batch=980/1427 | elapsed=4.4 min | eta=2.0 min
[2026-08-13 11:39:42] INFO Epoch 018 | train batch=990/1427 | elapsed=4.4 min | eta=2.0 min
[2026-08-13 11:39:45] INFO Epoch 018 | train batch=1000/1427 | elapsed=4.5 min | eta=1.9 min
[2026-08-13 11:39:48] INFO Epoch 018 | train batch=1010/1427 | elapsed=4.5 min | eta=1.9 min
[2026-08-13 11:39:50] INFO Epoch 018 | train batch=1020/1427 | elapsed=4.6 min | eta=1.8 min
[2026-08-13 11:39:53] INFO Epoch 018 | train batch=1030/1427 | elapsed=4.6 min | eta=1.8 min
[2026-08-13 11:39:55] INFO Epoch 018 | train batch=1040/1427 | elapsed=4.7 min | eta=1.7 min
[2026-08-13 11:39:58] INFO Epoch 018 | train batch=1050/1427 | elapsed=4.7 min | eta=1.7 min
[2026-08-13 11:40:01] INFO Epoch 018 | train batch=1060/1427 | elapsed=4.8 min | eta=1.6 min
[2026-08-13 11:40:03] INFO Epoch 018 | train batch=1070/1427 | elapsed=4.8 min | eta=1.6 min
[2026-08-13 11:40:06] INFO Epoch 018 | train batch=1080/1427 | elapsed=4.8 min | eta=1.6 min
[2026-08-13 11:40:08] INFO Epoch 018 | train batch=1090/1427 | elapsed=4.9 min | eta=1.5 min
[2026-08-13 11:40:11] INFO Epoch 018 | train batch=1100/1427 | elapsed=4.9 min | eta=1.5 min
[2026-08-13 11:40:13] INFO Epoch 018 | train batch=1110/1427 | elapsed=5.0 min | eta=1.4 min
[2026-08-13 11:40:16] INFO Epoch 018 | train batch=1120/1427 | elapsed=5.0 min | eta=1.4 min
[2026-08-13 11:40:19] INFO Epoch 018 | train batch=1130/1427 | elapsed=5.1 min | eta=1.3 min
[2026-08-13 11:40:22] INFO Epoch 018 | train batch=1140/1427 | elapsed=5.1 min | eta=1.3 min
[2026-08-13 11:40:24] INFO Epoch 018 | train batch=1150/1427 | elapsed=5.1 min | eta=1.2 min
[2026-08-13 11:40:27] INFO Epoch 018 | train batch=1160/1427 | elapsed=5.2 min | eta=1.2 min
[2026-08-13 11:40:30] INFO Epoch 018 | train batch=1170/1427 | elapsed=5.2 min | eta=1.2 min
[2026-08-13 11:40:33] INFO Epoch 018 | train batch=1180/1427 | elapsed=5.3 min | eta=1.1 min
[2026-08-13 11:40:35] INFO Epoch 018 | train batch=1190/1427 | elapsed=5.3 min | eta=1.1 min
[2026-08-13 11:40:38] INFO Epoch 018 | train batch=1200/1427 | elapsed=5.4 min | eta=1.0 min
[2026-08-13 11:40:41] INFO Epoch 018 | train batch=1210/1427 | elapsed=5.4 min | eta=1.0 min
[2026-08-13 11:40:43] INFO Epoch 018 | train batch=1220/1427 | elapsed=5.5 min | eta=0.9 min
[2026-08-13 11:40:46] INFO Epoch 018 | train batch=1230/1427 | elapsed=5.5 min | eta=0.9 min
[2026-08-13 11:40:49] INFO Epoch 018 | train batch=1240/1427 | elapsed=5.6 min | eta=0.8 min
[2026-08-13 11:40:52] INFO Epoch 018 | train batch=1250/1427 | elapsed=5.6 min | eta=0.8 min
[2026-08-13 11:40:55] INFO Epoch 018 | train batch=1260/1427 | elapsed=5.7 min | eta=0.7 min
[2026-08-13 11:40:57] INFO Epoch 018 | train batch=1270/1427 | elapsed=5.7 min | eta=0.7 min
[2026-08-13 11:41:00] INFO Epoch 018 | train batch=1280/1427 | elapsed=5.7 min | eta=0.7 min
[2026-08-13 11:41:03] INFO Epoch 018 | train batch=1290/1427 | elapsed=5.8 min | eta=0.6 min
[2026-08-13 11:41:06] INFO Epoch 018 | train batch=1300/1427 | elapsed=5.8 min | eta=0.6 min
[2026-08-13 11:41:09] INFO Epoch 018 | train batch=1310/1427 | elapsed=5.9 min | eta=0.5 min
[2026-08-13 11:41:11] INFO Epoch 018 | train batch=1320/1427 | elapsed=5.9 min | eta=0.5 min
[2026-08-13 11:41:14] INFO Epoch 018 | train batch=1330/1427 | elapsed=6.0 min | eta=0.4 min
[2026-08-13 11:41:17] INFO Epoch 018 | train batch=1340/1427 | elapsed=6.0 min | eta=0.4 min
[2026-08-13 11:41:19] INFO Epoch 018 | train batch=1350/1427 | elapsed=6.1 min | eta=0.3 min
[2026-08-13 11:41:22] INFO Epoch 018 | train batch=1360/1427 | elapsed=6.1 min | eta=0.3 min
[2026-08-13 11:41:25] INFO Epoch 018 | train batch=1370/1427 | elapsed=6.2 min | eta=0.3 min
[2026-08-13 11:41:28] INFO Epoch 018 | train batch=1380/1427 | elapsed=6.2 min | eta=0.2 min
[2026-08-13 11:41:30] INFO Epoch 018 | train batch=1390/1427 | elapsed=6.2 min | eta=0.2 min
[2026-08-13 11:41:33] INFO Epoch 018 | train batch=1400/1427 | elapsed=6.3 min | eta=0.1 min
[2026-08-13 11:41:36] INFO Epoch 018 | train batch=1410/1427 | elapsed=6.3 min | eta=0.1 min
[2026-08-13 11:41:39] INFO Epoch 018 | train batch=1420/1427 | elapsed=6.4 min | eta=0.0 min
[2026-08-13 11:41:40] INFO Epoch 018 | train batch=1427/1427 | elapsed=6.4 min | eta=0.0 min
[2026-08-13 11:41:40] INFO Epoch 018 | val batch=1/203 | elapsed=0.0 min | eta=0.3 min
[2026-08-13 11:41:42] INFO Epoch 018 | val batch=10/203 | elapsed=0.0 min | eta=0.4 min
[2026-08-13 11:41:43] INFO Epoch 018 | val batch=20/203 | elapsed=0.0 min | eta=0.4 min
[2026-08-13 11:41:44] INFO Epoch 018 | val batch=30/203 | elapsed=0.1 min | eta=0.4 min
[2026-08-13 11:41:45] INFO Epoch 018 | val batch=40/203 | elapsed=0.1 min | eta=0.4 min
[2026-08-13 11:41:47] INFO Epoch 018 | val batch=50/203 | elapsed=0.1 min | eta=0.3 min
[2026-08-13 11:41:48] INFO Epoch 018 | val batch=60/203 | elapsed=0.1 min | eta=0.3 min
[2026-08-13 11:41:49] INFO Epoch 018 | val batch=70/203 | elapsed=0.2 min | eta=0.3 min
[2026-08-13 11:41:51] INFO Epoch 018 | val batch=80/203 | elapsed=0.2 min | eta=0.3 min
[2026-08-13 11:41:52] INFO Epoch 018 | val batch=90/203 | elapsed=0.2 min | eta=0.2 min
[2026-08-13 11:41:53] INFO Epoch 018 | val batch=100/203 | elapsed=0.2 min | eta=0.2 min
[2026-08-13 11:41:55] INFO Epoch 018 | val batch=110/203 | elapsed=0.2 min | eta=0.2 min
[2026-08-13 11:41:56] INFO Epoch 018 | val batch=120/203 | elapsed=0.3 min | eta=0.2 min
[2026-08-13 11:41:57] INFO Epoch 018 | val batch=130/203 | elapsed=0.3 min | eta=0.2 min
[2026-08-13 11:41:59] INFO Epoch 018 | val batch=140/203 | elapsed=0.3 min | eta=0.1 min
[2026-08-13 11:42:00] INFO Epoch 018 | val batch=150/203 | elapsed=0.3 min | eta=0.1 min
[2026-08-13 11:42:01] INFO Epoch 018 | val batch=160/203 | elapsed=0.4 min | eta=0.1 min
[2026-08-13 11:42:03] INFO Epoch 018 | val batch=170/203 | elapsed=0.4 min | eta=0.1 min
[2026-08-13 11:42:04] INFO Epoch 018 | val batch=180/203 | elapsed=0.4 min | eta=0.1 min
[2026-08-13 11:42:05] INFO Epoch 018 | val batch=190/203 | elapsed=0.4 min | eta=0.0 min
[2026-08-13 11:42:07] INFO Epoch 018 | val batch=200/203 | elapsed=0.4 min | eta=0.0 min
[2026-08-13 11:42:07] INFO Epoch 018 | val batch=203/203 | elapsed=0.4 min | eta=0.0 min
[2026-08-13 11:42:07] INFO Epoch 018 | train_total=1.144854 | val_total=0.968018 | val_mask=0.635371 | val_retrieval=2.378950 | val_profile=0.947521 | val_anchors=660915 | val_positive_pairs=0 | val_hard_negatives=0 | val_relation_candidates=9654476 | val_teacher_keff=4.444 | val_student_keff=9.612 | val_masked_positions=1960130 | skipped(train/val)=0/0
[2026-08-13 11:42:07] INFO Relation checkpoint updated | epoch=18 | best_val_relation=2.378950 | path=C:\Users\clw\projects\researchRep\STAnchor-BlockMemory\artifacts\metrla_e5_final_sym_profile_local12_seed42\pretrain_best_relation.pt
[2026-08-13 11:42:07] INFO Epoch 019/050 started | train_batches=1427 | val_batches=203
[2026-08-13 11:42:07] INFO Epoch 019 | train batch=1/1427 | elapsed=0.0 min | eta=7.8 min
[2026-08-13 11:42:10] INFO Epoch 019 | train batch=10/1427 | elapsed=0.0 min | eta=6.6 min
[2026-08-13 11:42:13] INFO Epoch 019 | train batch=20/1427 | elapsed=0.1 min | eta=6.7 min
[2026-08-13 11:42:15] INFO Epoch 019 | train batch=30/1427 | elapsed=0.1 min | eta=6.5 min
[2026-08-13 11:42:18] INFO Epoch 019 | train batch=40/1427 | elapsed=0.2 min | eta=6.5 min
[2026-08-13 11:42:21] INFO Epoch 019 | train batch=50/1427 | elapsed=0.2 min | eta=6.5 min
[2026-08-13 11:42:24] INFO Epoch 019 | train batch=60/1427 | elapsed=0.3 min | eta=6.4 min
[2026-08-13 11:42:26] INFO Epoch 019 | train batch=70/1427 | elapsed=0.3 min | eta=6.3 min
[2026-08-13 11:42:29] INFO Epoch 019 | train batch=80/1427 | elapsed=0.4 min | eta=6.2 min
[2026-08-13 11:42:32] INFO Epoch 019 | train batch=90/1427 | elapsed=0.4 min | eta=6.1 min
[2026-08-13 11:42:35] INFO Epoch 019 | train batch=100/1427 | elapsed=0.5 min | eta=6.1 min
[2026-08-13 11:42:37] INFO Epoch 019 | train batch=110/1427 | elapsed=0.5 min | eta=6.1 min
[2026-08-13 11:42:40] INFO Epoch 019 | train batch=120/1427 | elapsed=0.6 min | eta=6.0 min
[2026-08-13 11:42:43] INFO Epoch 019 | train batch=130/1427 | elapsed=0.6 min | eta=5.9 min
[2026-08-13 11:42:45] INFO Epoch 019 | train batch=140/1427 | elapsed=0.6 min | eta=5.9 min
[2026-08-13 11:42:48] INFO Epoch 019 | train batch=150/1427 | elapsed=0.7 min | eta=5.8 min
[2026-08-13 11:42:50] INFO Epoch 019 | train batch=160/1427 | elapsed=0.7 min | eta=5.7 min
[2026-08-13 11:42:53] INFO Epoch 019 | train batch=170/1427 | elapsed=0.8 min | eta=5.7 min
[2026-08-13 11:42:56] INFO Epoch 019 | train batch=180/1427 | elapsed=0.8 min | eta=5.6 min
[2026-08-13 11:42:58] INFO Epoch 019 | train batch=190/1427 | elapsed=0.9 min | eta=5.6 min
[2026-08-13 11:43:01] INFO Epoch 019 | train batch=200/1427 | elapsed=0.9 min | eta=5.5 min
[2026-08-13 11:43:04] INFO Epoch 019 | train batch=210/1427 | elapsed=0.9 min | eta=5.5 min
[2026-08-13 11:43:06] INFO Epoch 019 | train batch=220/1427 | elapsed=1.0 min | eta=5.4 min
[2026-08-13 11:43:09] INFO Epoch 019 | train batch=230/1427 | elapsed=1.0 min | eta=5.4 min
[2026-08-13 11:43:12] INFO Epoch 019 | train batch=240/1427 | elapsed=1.1 min | eta=5.4 min
[2026-08-13 11:43:15] INFO Epoch 019 | train batch=250/1427 | elapsed=1.1 min | eta=5.3 min
[2026-08-13 11:43:17] INFO Epoch 019 | train batch=260/1427 | elapsed=1.2 min | eta=5.3 min
[2026-08-13 11:43:20] INFO Epoch 019 | train batch=270/1427 | elapsed=1.2 min | eta=5.2 min
[2026-08-13 11:43:22] INFO Epoch 019 | train batch=280/1427 | elapsed=1.3 min | eta=5.1 min
[2026-08-13 11:43:25] INFO Epoch 019 | train batch=290/1427 | elapsed=1.3 min | eta=5.1 min
[2026-08-13 11:43:28] INFO Epoch 019 | train batch=300/1427 | elapsed=1.3 min | eta=5.1 min
[2026-08-13 11:43:30] INFO Epoch 019 | train batch=310/1427 | elapsed=1.4 min | eta=5.0 min
[2026-08-13 11:43:33] INFO Epoch 019 | train batch=320/1427 | elapsed=1.4 min | eta=5.0 min
[2026-08-13 11:43:35] INFO Epoch 019 | train batch=330/1427 | elapsed=1.5 min | eta=4.9 min
[2026-08-13 11:43:38] INFO Epoch 019 | train batch=340/1427 | elapsed=1.5 min | eta=4.9 min
[2026-08-13 11:43:41] INFO Epoch 019 | train batch=350/1427 | elapsed=1.6 min | eta=4.8 min
[2026-08-13 11:43:43] INFO Epoch 019 | train batch=360/1427 | elapsed=1.6 min | eta=4.8 min
[2026-08-13 11:43:46] INFO Epoch 019 | train batch=370/1427 | elapsed=1.7 min | eta=4.7 min
[2026-08-13 11:43:49] INFO Epoch 019 | train batch=380/1427 | elapsed=1.7 min | eta=4.7 min
[2026-08-13 11:43:52] INFO Epoch 019 | train batch=390/1427 | elapsed=1.7 min | eta=4.6 min
[2026-08-13 11:43:55] INFO Epoch 019 | train batch=400/1427 | elapsed=1.8 min | eta=4.6 min
[2026-08-13 11:43:57] INFO Epoch 019 | train batch=410/1427 | elapsed=1.8 min | eta=4.6 min
[2026-08-13 11:44:00] INFO Epoch 019 | train batch=420/1427 | elapsed=1.9 min | eta=4.5 min
[2026-08-13 11:44:03] INFO Epoch 019 | train batch=430/1427 | elapsed=1.9 min | eta=4.5 min
[2026-08-13 11:44:06] INFO Epoch 019 | train batch=440/1427 | elapsed=2.0 min | eta=4.4 min
[2026-08-13 11:44:08] INFO Epoch 019 | train batch=450/1427 | elapsed=2.0 min | eta=4.4 min
[2026-08-13 11:44:11] INFO Epoch 019 | train batch=460/1427 | elapsed=2.1 min | eta=4.3 min
[2026-08-13 11:44:13] INFO Epoch 019 | train batch=470/1427 | elapsed=2.1 min | eta=4.3 min
[2026-08-13 11:44:16] INFO Epoch 019 | train batch=480/1427 | elapsed=2.2 min | eta=4.3 min
[2026-08-13 11:44:19] INFO Epoch 019 | train batch=490/1427 | elapsed=2.2 min | eta=4.2 min
[2026-08-13 11:44:21] INFO Epoch 019 | train batch=500/1427 | elapsed=2.2 min | eta=4.2 min
[2026-08-13 11:44:24] INFO Epoch 019 | train batch=510/1427 | elapsed=2.3 min | eta=4.1 min
[2026-08-13 11:44:27] INFO Epoch 019 | train batch=520/1427 | elapsed=2.3 min | eta=4.1 min
[2026-08-13 11:44:30] INFO Epoch 019 | train batch=530/1427 | elapsed=2.4 min | eta=4.0 min
[2026-08-13 11:44:33] INFO Epoch 019 | train batch=540/1427 | elapsed=2.4 min | eta=4.0 min
[2026-08-13 11:44:35] INFO Epoch 019 | train batch=550/1427 | elapsed=2.5 min | eta=3.9 min
[2026-08-13 11:44:38] INFO Epoch 019 | train batch=560/1427 | elapsed=2.5 min | eta=3.9 min
[2026-08-13 11:44:41] INFO Epoch 019 | train batch=570/1427 | elapsed=2.6 min | eta=3.9 min
[2026-08-13 11:44:43] INFO Epoch 019 | train batch=580/1427 | elapsed=2.6 min | eta=3.8 min
[2026-08-13 11:44:46] INFO Epoch 019 | train batch=590/1427 | elapsed=2.6 min | eta=3.8 min
[2026-08-13 11:44:48] INFO Epoch 019 | train batch=600/1427 | elapsed=2.7 min | eta=3.7 min
[2026-08-13 11:44:51] INFO Epoch 019 | train batch=610/1427 | elapsed=2.7 min | eta=3.7 min
[2026-08-13 11:44:54] INFO Epoch 019 | train batch=620/1427 | elapsed=2.8 min | eta=3.6 min
[2026-08-13 11:44:57] INFO Epoch 019 | train batch=630/1427 | elapsed=2.8 min | eta=3.6 min
[2026-08-13 11:44:59] INFO Epoch 019 | train batch=640/1427 | elapsed=2.9 min | eta=3.5 min
[2026-08-13 11:45:02] INFO Epoch 019 | train batch=650/1427 | elapsed=2.9 min | eta=3.5 min
[2026-08-13 11:45:05] INFO Epoch 019 | train batch=660/1427 | elapsed=3.0 min | eta=3.4 min
[2026-08-13 11:45:08] INFO Epoch 019 | train batch=670/1427 | elapsed=3.0 min | eta=3.4 min
[2026-08-13 11:45:10] INFO Epoch 019 | train batch=680/1427 | elapsed=3.1 min | eta=3.4 min
[2026-08-13 11:45:13] INFO Epoch 019 | train batch=690/1427 | elapsed=3.1 min | eta=3.3 min
[2026-08-13 11:45:16] INFO Epoch 019 | train batch=700/1427 | elapsed=3.1 min | eta=3.3 min
[2026-08-13 11:45:18] INFO Epoch 019 | train batch=710/1427 | elapsed=3.2 min | eta=3.2 min
[2026-08-13 11:45:21] INFO Epoch 019 | train batch=720/1427 | elapsed=3.2 min | eta=3.2 min
[2026-08-13 11:45:24] INFO Epoch 019 | train batch=730/1427 | elapsed=3.3 min | eta=3.1 min
[2026-08-13 11:45:27] INFO Epoch 019 | train batch=740/1427 | elapsed=3.3 min | eta=3.1 min
[2026-08-13 11:45:29] INFO Epoch 019 | train batch=750/1427 | elapsed=3.4 min | eta=3.0 min
[2026-08-13 11:45:32] INFO Epoch 019 | train batch=760/1427 | elapsed=3.4 min | eta=3.0 min
[2026-08-13 11:45:34] INFO Epoch 019 | train batch=770/1427 | elapsed=3.5 min | eta=3.0 min
[2026-08-13 11:45:37] INFO Epoch 019 | train batch=780/1427 | elapsed=3.5 min | eta=2.9 min
[2026-08-13 11:45:40] INFO Epoch 019 | train batch=790/1427 | elapsed=3.6 min | eta=2.9 min
[2026-08-13 11:45:42] INFO Epoch 019 | train batch=800/1427 | elapsed=3.6 min | eta=2.8 min
[2026-08-13 11:45:45] INFO Epoch 019 | train batch=810/1427 | elapsed=3.6 min | eta=2.8 min
[2026-08-13 11:45:48] INFO Epoch 019 | train batch=820/1427 | elapsed=3.7 min | eta=2.7 min
[2026-08-13 11:45:50] INFO Epoch 019 | train batch=830/1427 | elapsed=3.7 min | eta=2.7 min
[2026-08-13 11:45:53] INFO Epoch 019 | train batch=840/1427 | elapsed=3.8 min | eta=2.6 min
[2026-08-13 11:45:56] INFO Epoch 019 | train batch=850/1427 | elapsed=3.8 min | eta=2.6 min
[2026-08-13 11:45:58] INFO Epoch 019 | train batch=860/1427 | elapsed=3.9 min | eta=2.5 min
[2026-08-13 11:46:01] INFO Epoch 019 | train batch=870/1427 | elapsed=3.9 min | eta=2.5 min
[2026-08-13 11:46:04] INFO Epoch 019 | train batch=880/1427 | elapsed=3.9 min | eta=2.5 min
[2026-08-13 11:46:06] INFO Epoch 019 | train batch=890/1427 | elapsed=4.0 min | eta=2.4 min
[2026-08-13 11:46:09] INFO Epoch 019 | train batch=900/1427 | elapsed=4.0 min | eta=2.4 min
[2026-08-13 11:46:11] INFO Epoch 019 | train batch=910/1427 | elapsed=4.1 min | eta=2.3 min
[2026-08-13 11:46:14] INFO Epoch 019 | train batch=920/1427 | elapsed=4.1 min | eta=2.3 min
[2026-08-13 11:46:16] INFO Epoch 019 | train batch=930/1427 | elapsed=4.2 min | eta=2.2 min
[2026-08-13 11:46:19] INFO Epoch 019 | train batch=940/1427 | elapsed=4.2 min | eta=2.2 min
[2026-08-13 11:46:22] INFO Epoch 019 | train batch=950/1427 | elapsed=4.2 min | eta=2.1 min
[2026-08-13 11:46:24] INFO Epoch 019 | train batch=960/1427 | elapsed=4.3 min | eta=2.1 min
[2026-08-13 11:46:27] INFO Epoch 019 | train batch=970/1427 | elapsed=4.3 min | eta=2.0 min
[2026-08-13 11:46:29] INFO Epoch 019 | train batch=980/1427 | elapsed=4.4 min | eta=2.0 min
[2026-08-13 11:46:32] INFO Epoch 019 | train batch=990/1427 | elapsed=4.4 min | eta=1.9 min
[2026-08-13 11:46:34] INFO Epoch 019 | train batch=1000/1427 | elapsed=4.5 min | eta=1.9 min
[2026-08-13 11:46:37] INFO Epoch 019 | train batch=1010/1427 | elapsed=4.5 min | eta=1.9 min
[2026-08-13 11:46:39] INFO Epoch 019 | train batch=1020/1427 | elapsed=4.5 min | eta=1.8 min
[2026-08-13 11:46:42] INFO Epoch 019 | train batch=1030/1427 | elapsed=4.6 min | eta=1.8 min
[2026-08-13 11:46:45] INFO Epoch 019 | train batch=1040/1427 | elapsed=4.6 min | eta=1.7 min
[2026-08-13 11:46:48] INFO Epoch 019 | train batch=1050/1427 | elapsed=4.7 min | eta=1.7 min
[2026-08-13 11:46:50] INFO Epoch 019 | train batch=1060/1427 | elapsed=4.7 min | eta=1.6 min
[2026-08-13 11:46:53] INFO Epoch 019 | train batch=1070/1427 | elapsed=4.8 min | eta=1.6 min
[2026-08-13 11:46:56] INFO Epoch 019 | train batch=1080/1427 | elapsed=4.8 min | eta=1.5 min
[2026-08-13 11:46:59] INFO Epoch 019 | train batch=1090/1427 | elapsed=4.9 min | eta=1.5 min
[2026-08-13 11:47:01] INFO Epoch 019 | train batch=1100/1427 | elapsed=4.9 min | eta=1.5 min
[2026-08-13 11:47:05] INFO Epoch 019 | train batch=1110/1427 | elapsed=5.0 min | eta=1.4 min
[2026-08-13 11:47:07] INFO Epoch 019 | train batch=1120/1427 | elapsed=5.0 min | eta=1.4 min
[2026-08-13 11:47:10] INFO Epoch 019 | train batch=1130/1427 | elapsed=5.0 min | eta=1.3 min
[2026-08-13 11:47:13] INFO Epoch 019 | train batch=1140/1427 | elapsed=5.1 min | eta=1.3 min
[2026-08-13 11:47:15] INFO Epoch 019 | train batch=1150/1427 | elapsed=5.1 min | eta=1.2 min
[2026-08-13 11:47:18] INFO Epoch 019 | train batch=1160/1427 | elapsed=5.2 min | eta=1.2 min
[2026-08-13 11:47:21] INFO Epoch 019 | train batch=1170/1427 | elapsed=5.2 min | eta=1.1 min
[2026-08-13 11:47:23] INFO Epoch 019 | train batch=1180/1427 | elapsed=5.3 min | eta=1.1 min
[2026-08-13 11:47:26] INFO Epoch 019 | train batch=1190/1427 | elapsed=5.3 min | eta=1.1 min
[2026-08-13 11:47:29] INFO Epoch 019 | train batch=1200/1427 | elapsed=5.4 min | eta=1.0 min
[2026-08-13 11:47:31] INFO Epoch 019 | train batch=1210/1427 | elapsed=5.4 min | eta=1.0 min
[2026-08-13 11:47:34] INFO Epoch 019 | train batch=1220/1427 | elapsed=5.5 min | eta=0.9 min
[2026-08-13 11:47:37] INFO Epoch 019 | train batch=1230/1427 | elapsed=5.5 min | eta=0.9 min
[2026-08-13 11:47:40] INFO Epoch 019 | train batch=1240/1427 | elapsed=5.5 min | eta=0.8 min
[2026-08-13 11:47:42] INFO Epoch 019 | train batch=1250/1427 | elapsed=5.6 min | eta=0.8 min
[2026-08-13 11:47:45] INFO Epoch 019 | train batch=1260/1427 | elapsed=5.6 min | eta=0.7 min
[2026-08-13 11:47:48] INFO Epoch 019 | train batch=1270/1427 | elapsed=5.7 min | eta=0.7 min
[2026-08-13 11:47:50] INFO Epoch 019 | train batch=1280/1427 | elapsed=5.7 min | eta=0.7 min
[2026-08-13 11:47:53] INFO Epoch 019 | train batch=1290/1427 | elapsed=5.8 min | eta=0.6 min
[2026-08-13 11:47:56] INFO Epoch 019 | train batch=1300/1427 | elapsed=5.8 min | eta=0.6 min
[2026-08-13 11:47:59] INFO Epoch 019 | train batch=1310/1427 | elapsed=5.9 min | eta=0.5 min
[2026-08-13 11:48:02] INFO Epoch 019 | train batch=1320/1427 | elapsed=5.9 min | eta=0.5 min
[2026-08-13 11:48:05] INFO Epoch 019 | train batch=1330/1427 | elapsed=6.0 min | eta=0.4 min
[2026-08-13 11:48:07] INFO Epoch 019 | train batch=1340/1427 | elapsed=6.0 min | eta=0.4 min
[2026-08-13 11:48:10] INFO Epoch 019 | train batch=1350/1427 | elapsed=6.1 min | eta=0.3 min
[2026-08-13 11:48:13] INFO Epoch 019 | train batch=1360/1427 | elapsed=6.1 min | eta=0.3 min
[2026-08-13 11:48:16] INFO Epoch 019 | train batch=1370/1427 | elapsed=6.1 min | eta=0.3 min
[2026-08-13 11:48:19] INFO Epoch 019 | train batch=1380/1427 | elapsed=6.2 min | eta=0.2 min
[2026-08-13 11:48:21] INFO Epoch 019 | train batch=1390/1427 | elapsed=6.2 min | eta=0.2 min
[2026-08-13 11:48:24] INFO Epoch 019 | train batch=1400/1427 | elapsed=6.3 min | eta=0.1 min
[2026-08-13 11:48:26] INFO Epoch 019 | train batch=1410/1427 | elapsed=6.3 min | eta=0.1 min
[2026-08-13 11:48:29] INFO Epoch 019 | train batch=1420/1427 | elapsed=6.4 min | eta=0.0 min
[2026-08-13 11:48:31] INFO Epoch 019 | train batch=1427/1427 | elapsed=6.4 min | eta=0.0 min
[2026-08-13 11:48:31] INFO Epoch 019 | val batch=1/203 | elapsed=0.0 min | eta=0.3 min
[2026-08-13 11:48:32] INFO Epoch 019 | val batch=10/203 | elapsed=0.0 min | eta=0.4 min
[2026-08-13 11:48:34] INFO Epoch 019 | val batch=20/203 | elapsed=0.0 min | eta=0.4 min
[2026-08-13 11:48:35] INFO Epoch 019 | val batch=30/203 | elapsed=0.1 min | eta=0.4 min
[2026-08-13 11:48:36] INFO Epoch 019 | val batch=40/203 | elapsed=0.1 min | eta=0.4 min
[2026-08-13 11:48:38] INFO Epoch 019 | val batch=50/203 | elapsed=0.1 min | eta=0.3 min
[2026-08-13 11:48:39] INFO Epoch 019 | val batch=60/203 | elapsed=0.1 min | eta=0.3 min
[2026-08-13 11:48:40] INFO Epoch 019 | val batch=70/203 | elapsed=0.2 min | eta=0.3 min
[2026-08-13 11:48:42] INFO Epoch 019 | val batch=80/203 | elapsed=0.2 min | eta=0.3 min
[2026-08-13 11:48:43] INFO Epoch 019 | val batch=90/203 | elapsed=0.2 min | eta=0.2 min
[2026-08-13 11:48:44] INFO Epoch 019 | val batch=100/203 | elapsed=0.2 min | eta=0.2 min
[2026-08-13 11:48:46] INFO Epoch 019 | val batch=110/203 | elapsed=0.2 min | eta=0.2 min
[2026-08-13 11:48:47] INFO Epoch 019 | val batch=120/203 | elapsed=0.3 min | eta=0.2 min
[2026-08-13 11:48:48] INFO Epoch 019 | val batch=130/203 | elapsed=0.3 min | eta=0.2 min
[2026-08-13 11:48:50] INFO Epoch 019 | val batch=140/203 | elapsed=0.3 min | eta=0.1 min
[2026-08-13 11:48:51] INFO Epoch 019 | val batch=150/203 | elapsed=0.3 min | eta=0.1 min
[2026-08-13 11:48:52] INFO Epoch 019 | val batch=160/203 | elapsed=0.4 min | eta=0.1 min
[2026-08-13 11:48:54] INFO Epoch 019 | val batch=170/203 | elapsed=0.4 min | eta=0.1 min
[2026-08-13 11:48:55] INFO Epoch 019 | val batch=180/203 | elapsed=0.4 min | eta=0.1 min
[2026-08-13 11:48:56] INFO Epoch 019 | val batch=190/203 | elapsed=0.4 min | eta=0.0 min
[2026-08-13 11:48:57] INFO Epoch 019 | val batch=200/203 | elapsed=0.4 min | eta=0.0 min
[2026-08-13 11:48:58] INFO Epoch 019 | val batch=203/203 | elapsed=0.4 min | eta=0.0 min
[2026-08-13 11:48:58] INFO Epoch 019 | train_total=1.063165 | val_total=1.046547 | val_mask=0.710496 | val_retrieval=2.416323 | val_profile=0.944187 | val_anchors=660915 | val_positive_pairs=0 | val_hard_negatives=0 | val_relation_candidates=9654476 | val_teacher_keff=4.444 | val_student_keff=8.967 | val_masked_positions=1957358 | skipped(train/val)=0/0
[2026-08-13 11:48:58] INFO Epoch 020/050 started | train_batches=1427 | val_batches=203
[2026-08-13 11:48:58] INFO Epoch 020 | train batch=1/1427 | elapsed=0.0 min | eta=5.1 min
[2026-08-13 11:49:00] INFO Epoch 020 | train batch=10/1427 | elapsed=0.0 min | eta=5.9 min
[2026-08-13 11:49:03] INFO Epoch 020 | train batch=20/1427 | elapsed=0.1 min | eta=5.7 min
[2026-08-13 11:49:05] INFO Epoch 020 | train batch=30/1427 | elapsed=0.1 min | eta=5.7 min
[2026-08-13 11:49:08] INFO Epoch 020 | train batch=40/1427 | elapsed=0.2 min | eta=6.0 min
[2026-08-13 11:49:11] INFO Epoch 020 | train batch=50/1427 | elapsed=0.2 min | eta=6.1 min
[2026-08-13 11:49:14] INFO Epoch 020 | train batch=60/1427 | elapsed=0.3 min | eta=6.1 min
[2026-08-13 11:49:17] INFO Epoch 020 | train batch=70/1427 | elapsed=0.3 min | eta=6.1 min
[2026-08-13 11:49:19] INFO Epoch 020 | train batch=80/1427 | elapsed=0.4 min | eta=6.1 min
[2026-08-13 11:49:22] INFO Epoch 020 | train batch=90/1427 | elapsed=0.4 min | eta=6.0 min
[2026-08-13 11:49:25] INFO Epoch 020 | train batch=100/1427 | elapsed=0.4 min | eta=5.9 min
[2026-08-13 11:49:27] INFO Epoch 020 | train batch=110/1427 | elapsed=0.5 min | eta=5.9 min
[2026-08-13 11:49:31] INFO Epoch 020 | train batch=120/1427 | elapsed=0.5 min | eta=5.9 min
[2026-08-13 11:49:33] INFO Epoch 020 | train batch=130/1427 | elapsed=0.6 min | eta=5.9 min
[2026-08-13 11:49:36] INFO Epoch 020 | train batch=140/1427 | elapsed=0.6 min | eta=5.8 min
[2026-08-13 11:49:38] INFO Epoch 020 | train batch=150/1427 | elapsed=0.7 min | eta=5.8 min
[2026-08-13 11:49:41] INFO Epoch 020 | train batch=160/1427 | elapsed=0.7 min | eta=5.7 min
[2026-08-13 11:49:44] INFO Epoch 020 | train batch=170/1427 | elapsed=0.8 min | eta=5.7 min
[2026-08-13 11:49:47] INFO Epoch 020 | train batch=180/1427 | elapsed=0.8 min | eta=5.6 min
[2026-08-13 11:49:50] INFO Epoch 020 | train batch=190/1427 | elapsed=0.9 min | eta=5.6 min
[2026-08-13 11:49:52] INFO Epoch 020 | train batch=200/1427 | elapsed=0.9 min | eta=5.6 min
[2026-08-13 11:49:55] INFO Epoch 020 | train batch=210/1427 | elapsed=1.0 min | eta=5.5 min
[2026-08-13 11:49:58] INFO Epoch 020 | train batch=220/1427 | elapsed=1.0 min | eta=5.5 min
[2026-08-13 11:50:00] INFO Epoch 020 | train batch=230/1427 | elapsed=1.0 min | eta=5.4 min
[2026-08-13 11:50:03] INFO Epoch 020 | train batch=240/1427 | elapsed=1.1 min | eta=5.4 min
[2026-08-13 11:50:06] INFO Epoch 020 | train batch=250/1427 | elapsed=1.1 min | eta=5.3 min
[2026-08-13 11:50:09] INFO Epoch 020 | train batch=260/1427 | elapsed=1.2 min | eta=5.3 min
[2026-08-13 11:50:11] INFO Epoch 020 | train batch=270/1427 | elapsed=1.2 min | eta=5.3 min
[2026-08-13 11:50:14] INFO Epoch 020 | train batch=280/1427 | elapsed=1.3 min | eta=5.2 min
[2026-08-13 11:50:16] INFO Epoch 020 | train batch=290/1427 | elapsed=1.3 min | eta=5.1 min
[2026-08-13 11:50:19] INFO Epoch 020 | train batch=300/1427 | elapsed=1.4 min | eta=5.1 min
[2026-08-13 11:50:22] INFO Epoch 020 | train batch=310/1427 | elapsed=1.4 min | eta=5.0 min
[2026-08-13 11:50:24] INFO Epoch 020 | train batch=320/1427 | elapsed=1.4 min | eta=5.0 min
[2026-08-13 11:50:27] INFO Epoch 020 | train batch=330/1427 | elapsed=1.5 min | eta=4.9 min
[2026-08-13 11:50:30] INFO Epoch 020 | train batch=340/1427 | elapsed=1.5 min | eta=4.9 min
[2026-08-13 11:50:33] INFO Epoch 020 | train batch=350/1427 | elapsed=1.6 min | eta=4.9 min
[2026-08-13 11:50:35] INFO Epoch 020 | train batch=360/1427 | elapsed=1.6 min | eta=4.8 min
[2026-08-13 11:50:37] INFO Epoch 020 | train batch=370/1427 | elapsed=1.7 min | eta=4.7 min
[2026-08-13 11:50:40] INFO Epoch 020 | train batch=380/1427 | elapsed=1.7 min | eta=4.7 min
[2026-08-13 11:50:43] INFO Epoch 020 | train batch=390/1427 | elapsed=1.8 min | eta=4.7 min
[2026-08-13 11:50:46] INFO Epoch 020 | train batch=400/1427 | elapsed=1.8 min | eta=4.6 min
[2026-08-13 11:50:48] INFO Epoch 020 | train batch=410/1427 | elapsed=1.8 min | eta=4.6 min
[2026-08-13 11:50:51] INFO Epoch 020 | train batch=420/1427 | elapsed=1.9 min | eta=4.5 min
[2026-08-13 11:50:54] INFO Epoch 020 | train batch=430/1427 | elapsed=1.9 min | eta=4.5 min
[2026-08-13 11:50:56] INFO Epoch 020 | train batch=440/1427 | elapsed=2.0 min | eta=4.4 min
[2026-08-13 11:50:59] INFO Epoch 020 | train batch=450/1427 | elapsed=2.0 min | eta=4.4 min
[2026-08-13 11:51:02] INFO Epoch 020 | train batch=460/1427 | elapsed=2.1 min | eta=4.4 min
[2026-08-13 11:51:05] INFO Epoch 020 | train batch=470/1427 | elapsed=2.1 min | eta=4.3 min
[2026-08-13 11:51:08] INFO Epoch 020 | train batch=480/1427 | elapsed=2.2 min | eta=4.3 min
[2026-08-13 11:51:11] INFO Epoch 020 | train batch=490/1427 | elapsed=2.2 min | eta=4.2 min
[2026-08-13 11:51:13] INFO Epoch 020 | train batch=500/1427 | elapsed=2.3 min | eta=4.2 min
[2026-08-13 11:51:15] INFO Epoch 020 | train batch=510/1427 | elapsed=2.3 min | eta=4.1 min
[2026-08-13 11:51:18] INFO Epoch 020 | train batch=520/1427 | elapsed=2.3 min | eta=4.1 min
[2026-08-13 11:51:21] INFO Epoch 020 | train batch=530/1427 | elapsed=2.4 min | eta=4.0 min
[2026-08-13 11:51:24] INFO Epoch 020 | train batch=540/1427 | elapsed=2.4 min | eta=4.0 min
[2026-08-13 11:51:27] INFO Epoch 020 | train batch=550/1427 | elapsed=2.5 min | eta=4.0 min
[2026-08-13 11:51:29] INFO Epoch 020 | train batch=560/1427 | elapsed=2.5 min | eta=3.9 min
[2026-08-13 11:51:32] INFO Epoch 020 | train batch=570/1427 | elapsed=2.6 min | eta=3.9 min
[2026-08-13 11:51:35] INFO Epoch 020 | train batch=580/1427 | elapsed=2.6 min | eta=3.8 min
[2026-08-13 11:51:38] INFO Epoch 020 | train batch=590/1427 | elapsed=2.7 min | eta=3.8 min
[2026-08-13 11:51:41] INFO Epoch 020 | train batch=600/1427 | elapsed=2.7 min | eta=3.7 min
[2026-08-13 11:51:43] INFO Epoch 020 | train batch=610/1427 | elapsed=2.8 min | eta=3.7 min
[2026-08-13 11:51:46] INFO Epoch 020 | train batch=620/1427 | elapsed=2.8 min | eta=3.6 min
[2026-08-13 11:51:49] INFO Epoch 020 | train batch=630/1427 | elapsed=2.9 min | eta=3.6 min
[2026-08-13 11:51:52] INFO Epoch 020 | train batch=640/1427 | elapsed=2.9 min | eta=3.6 min
[2026-08-13 11:51:55] INFO Epoch 020 | train batch=650/1427 | elapsed=2.9 min | eta=3.5 min
[2026-08-13 11:51:57] INFO Epoch 020 | train batch=660/1427 | elapsed=3.0 min | eta=3.5 min
[2026-08-13 11:52:00] INFO Epoch 020 | train batch=670/1427 | elapsed=3.0 min | eta=3.4 min
[2026-08-13 11:52:02] INFO Epoch 020 | train batch=680/1427 | elapsed=3.1 min | eta=3.4 min
[2026-08-13 11:52:05] INFO Epoch 020 | train batch=690/1427 | elapsed=3.1 min | eta=3.3 min
[2026-08-13 11:52:07] INFO Epoch 020 | train batch=700/1427 | elapsed=3.2 min | eta=3.3 min
[2026-08-13 11:52:10] INFO Epoch 020 | train batch=710/1427 | elapsed=3.2 min | eta=3.2 min
[2026-08-13 11:52:13] INFO Epoch 020 | train batch=720/1427 | elapsed=3.3 min | eta=3.2 min
[2026-08-13 11:52:15] INFO Epoch 020 | train batch=730/1427 | elapsed=3.3 min | eta=3.1 min
[2026-08-13 11:52:18] INFO Epoch 020 | train batch=740/1427 | elapsed=3.3 min | eta=3.1 min
[2026-08-13 11:52:21] INFO Epoch 020 | train batch=750/1427 | elapsed=3.4 min | eta=3.1 min
[2026-08-13 11:52:24] INFO Epoch 020 | train batch=760/1427 | elapsed=3.4 min | eta=3.0 min
[2026-08-13 11:52:26] INFO Epoch 020 | train batch=770/1427 | elapsed=3.5 min | eta=3.0 min
[2026-08-13 11:52:29] INFO Epoch 020 | train batch=780/1427 | elapsed=3.5 min | eta=2.9 min
[2026-08-13 11:52:31] INFO Epoch 020 | train batch=790/1427 | elapsed=3.6 min | eta=2.9 min
[2026-08-13 11:52:34] INFO Epoch 020 | train batch=800/1427 | elapsed=3.6 min | eta=2.8 min
[2026-08-13 11:52:37] INFO Epoch 020 | train batch=810/1427 | elapsed=3.7 min | eta=2.8 min
[2026-08-13 11:52:40] INFO Epoch 020 | train batch=820/1427 | elapsed=3.7 min | eta=2.7 min
[2026-08-13 11:52:43] INFO Epoch 020 | train batch=830/1427 | elapsed=3.7 min | eta=2.7 min
[2026-08-13 11:52:45] INFO Epoch 020 | train batch=840/1427 | elapsed=3.8 min | eta=2.7 min
[2026-08-13 11:52:48] INFO Epoch 020 | train batch=850/1427 | elapsed=3.8 min | eta=2.6 min
[2026-08-13 11:52:51] INFO Epoch 020 | train batch=860/1427 | elapsed=3.9 min | eta=2.6 min
[2026-08-13 11:52:54] INFO Epoch 020 | train batch=870/1427 | elapsed=3.9 min | eta=2.5 min
[2026-08-13 11:52:56] INFO Epoch 020 | train batch=880/1427 | elapsed=4.0 min | eta=2.5 min
[2026-08-13 11:52:59] INFO Epoch 020 | train batch=890/1427 | elapsed=4.0 min | eta=2.4 min
[2026-08-13 11:53:02] INFO Epoch 020 | train batch=900/1427 | elapsed=4.1 min | eta=2.4 min
[2026-08-13 11:53:05] INFO Epoch 020 | train batch=910/1427 | elapsed=4.1 min | eta=2.3 min
[2026-08-13 11:53:09] INFO Epoch 020 | train batch=920/1427 | elapsed=4.2 min | eta=2.3 min
[2026-08-13 11:53:12] INFO Epoch 020 | train batch=930/1427 | elapsed=4.2 min | eta=2.3 min
[2026-08-13 11:53:15] INFO Epoch 020 | train batch=940/1427 | elapsed=4.3 min | eta=2.2 min
[2026-08-13 11:53:18] INFO Epoch 020 | train batch=950/1427 | elapsed=4.3 min | eta=2.2 min
[2026-08-13 11:53:21] INFO Epoch 020 | train batch=960/1427 | elapsed=4.4 min | eta=2.1 min
[2026-08-13 11:53:24] INFO Epoch 020 | train batch=970/1427 | elapsed=4.4 min | eta=2.1 min
[2026-08-13 11:53:27] INFO Epoch 020 | train batch=980/1427 | elapsed=4.5 min | eta=2.0 min
[2026-08-13 11:53:30] INFO Epoch 020 | train batch=990/1427 | elapsed=4.5 min | eta=2.0 min
[2026-08-13 11:53:33] INFO Epoch 020 | train batch=1000/1427 | elapsed=4.6 min | eta=2.0 min
[2026-08-13 11:53:35] INFO Epoch 020 | train batch=1010/1427 | elapsed=4.6 min | eta=1.9 min
[2026-08-13 11:53:38] INFO Epoch 020 | train batch=1020/1427 | elapsed=4.7 min | eta=1.9 min
[2026-08-13 11:53:41] INFO Epoch 020 | train batch=1030/1427 | elapsed=4.7 min | eta=1.8 min
[2026-08-13 11:53:43] INFO Epoch 020 | train batch=1040/1427 | elapsed=4.8 min | eta=1.8 min
[2026-08-13 11:53:46] INFO Epoch 020 | train batch=1050/1427 | elapsed=4.8 min | eta=1.7 min
[2026-08-13 11:53:49] INFO Epoch 020 | train batch=1060/1427 | elapsed=4.8 min | eta=1.7 min
[2026-08-13 11:53:51] INFO Epoch 020 | train batch=1070/1427 | elapsed=4.9 min | eta=1.6 min
[2026-08-13 11:53:54] INFO Epoch 020 | train batch=1080/1427 | elapsed=4.9 min | eta=1.6 min
[2026-08-13 11:53:57] INFO Epoch 020 | train batch=1090/1427 | elapsed=5.0 min | eta=1.5 min
[2026-08-13 11:54:00] INFO Epoch 020 | train batch=1100/1427 | elapsed=5.0 min | eta=1.5 min
[2026-08-13 11:54:03] INFO Epoch 020 | train batch=1110/1427 | elapsed=5.1 min | eta=1.5 min
[2026-08-13 11:54:06] INFO Epoch 020 | train batch=1120/1427 | elapsed=5.1 min | eta=1.4 min
[2026-08-13 11:54:08] INFO Epoch 020 | train batch=1130/1427 | elapsed=5.2 min | eta=1.4 min
[2026-08-13 11:54:11] INFO Epoch 020 | train batch=1140/1427 | elapsed=5.2 min | eta=1.3 min
[2026-08-13 11:54:13] INFO Epoch 020 | train batch=1150/1427 | elapsed=5.3 min | eta=1.3 min
[2026-08-13 11:54:16] INFO Epoch 020 | train batch=1160/1427 | elapsed=5.3 min | eta=1.2 min
[2026-08-13 11:54:19] INFO Epoch 020 | train batch=1170/1427 | elapsed=5.4 min | eta=1.2 min
[2026-08-13 11:54:21] INFO Epoch 020 | train batch=1180/1427 | elapsed=5.4 min | eta=1.1 min
[2026-08-13 11:54:24] INFO Epoch 020 | train batch=1190/1427 | elapsed=5.4 min | eta=1.1 min
[2026-08-13 11:54:27] INFO Epoch 020 | train batch=1200/1427 | elapsed=5.5 min | eta=1.0 min
[2026-08-13 11:54:30] INFO Epoch 020 | train batch=1210/1427 | elapsed=5.5 min | eta=1.0 min
[2026-08-13 11:54:33] INFO Epoch 020 | train batch=1220/1427 | elapsed=5.6 min | eta=0.9 min
[2026-08-13 11:54:36] INFO Epoch 020 | train batch=1230/1427 | elapsed=5.6 min | eta=0.9 min
[2026-08-13 11:54:39] INFO Epoch 020 | train batch=1240/1427 | elapsed=5.7 min | eta=0.9 min
[2026-08-13 11:54:41] INFO Epoch 020 | train batch=1250/1427 | elapsed=5.7 min | eta=0.8 min
[2026-08-13 11:54:43] INFO Epoch 020 | train batch=1260/1427 | elapsed=5.8 min | eta=0.8 min
[2026-08-13 11:54:46] INFO Epoch 020 | train batch=1270/1427 | elapsed=5.8 min | eta=0.7 min
[2026-08-13 11:54:49] INFO Epoch 020 | train batch=1280/1427 | elapsed=5.9 min | eta=0.7 min
[2026-08-13 11:54:51] INFO Epoch 020 | train batch=1290/1427 | elapsed=5.9 min | eta=0.6 min
[2026-08-13 11:54:54] INFO Epoch 020 | train batch=1300/1427 | elapsed=5.9 min | eta=0.6 min
[2026-08-13 11:54:57] INFO Epoch 020 | train batch=1310/1427 | elapsed=6.0 min | eta=0.5 min
[2026-08-13 11:54:59] INFO Epoch 020 | train batch=1320/1427 | elapsed=6.0 min | eta=0.5 min
[2026-08-13 11:55:02] INFO Epoch 020 | train batch=1330/1427 | elapsed=6.1 min | eta=0.4 min
[2026-08-13 11:55:05] INFO Epoch 020 | train batch=1340/1427 | elapsed=6.1 min | eta=0.4 min
[2026-08-13 11:55:07] INFO Epoch 020 | train batch=1350/1427 | elapsed=6.2 min | eta=0.4 min
[2026-08-13 11:55:10] INFO Epoch 020 | train batch=1360/1427 | elapsed=6.2 min | eta=0.3 min
[2026-08-13 11:55:12] INFO Epoch 020 | train batch=1370/1427 | elapsed=6.2 min | eta=0.3 min
[2026-08-13 11:55:15] INFO Epoch 020 | train batch=1380/1427 | elapsed=6.3 min | eta=0.2 min
[2026-08-13 11:55:18] INFO Epoch 020 | train batch=1390/1427 | elapsed=6.3 min | eta=0.2 min
[2026-08-13 11:55:20] INFO Epoch 020 | train batch=1400/1427 | elapsed=6.4 min | eta=0.1 min
[2026-08-13 11:55:22] INFO Epoch 020 | train batch=1410/1427 | elapsed=6.4 min | eta=0.1 min
[2026-08-13 11:55:25] INFO Epoch 020 | train batch=1420/1427 | elapsed=6.5 min | eta=0.0 min
[2026-08-13 11:55:27] INFO Epoch 020 | train batch=1427/1427 | elapsed=6.5 min | eta=0.0 min
[2026-08-13 11:55:27] INFO Epoch 020 | val batch=1/203 | elapsed=0.0 min | eta=0.3 min
[2026-08-13 11:55:28] INFO Epoch 020 | val batch=10/203 | elapsed=0.0 min | eta=0.4 min
[2026-08-13 11:55:29] INFO Epoch 020 | val batch=20/203 | elapsed=0.0 min | eta=0.4 min
[2026-08-13 11:55:31] INFO Epoch 020 | val batch=30/203 | elapsed=0.1 min | eta=0.4 min
[2026-08-13 11:55:32] INFO Epoch 020 | val batch=40/203 | elapsed=0.1 min | eta=0.4 min
[2026-08-13 11:55:33] INFO Epoch 020 | val batch=50/203 | elapsed=0.1 min | eta=0.3 min
[2026-08-13 11:55:35] INFO Epoch 020 | val batch=60/203 | elapsed=0.1 min | eta=0.3 min
[2026-08-13 11:55:36] INFO Epoch 020 | val batch=70/203 | elapsed=0.2 min | eta=0.3 min
[2026-08-13 11:55:37] INFO Epoch 020 | val batch=80/203 | elapsed=0.2 min | eta=0.3 min
[2026-08-13 11:55:38] INFO Epoch 020 | val batch=90/203 | elapsed=0.2 min | eta=0.2 min
[2026-08-13 11:55:40] INFO Epoch 020 | val batch=100/203 | elapsed=0.2 min | eta=0.2 min
[2026-08-13 11:55:41] INFO Epoch 020 | val batch=110/203 | elapsed=0.2 min | eta=0.2 min
[2026-08-13 11:55:42] INFO Epoch 020 | val batch=120/203 | elapsed=0.3 min | eta=0.2 min
[2026-08-13 11:55:44] INFO Epoch 020 | val batch=130/203 | elapsed=0.3 min | eta=0.2 min
[2026-08-13 11:55:45] INFO Epoch 020 | val batch=140/203 | elapsed=0.3 min | eta=0.1 min
[2026-08-13 11:55:46] INFO Epoch 020 | val batch=150/203 | elapsed=0.3 min | eta=0.1 min
[2026-08-13 11:55:48] INFO Epoch 020 | val batch=160/203 | elapsed=0.3 min | eta=0.1 min
[2026-08-13 11:55:49] INFO Epoch 020 | val batch=170/203 | elapsed=0.4 min | eta=0.1 min
[2026-08-13 11:55:50] INFO Epoch 020 | val batch=180/203 | elapsed=0.4 min | eta=0.1 min
[2026-08-13 11:55:52] INFO Epoch 020 | val batch=190/203 | elapsed=0.4 min | eta=0.0 min
[2026-08-13 11:55:53] INFO Epoch 020 | val batch=200/203 | elapsed=0.4 min | eta=0.0 min
[2026-08-13 11:55:53] INFO Epoch 020 | val batch=203/203 | elapsed=0.4 min | eta=0.0 min
[2026-08-13 11:55:53] INFO Epoch 020 | train_total=1.063560 | val_total=1.103185 | val_mask=0.771621 | val_retrieval=2.374568 | val_profile=0.941072 | val_anchors=660915 | val_positive_pairs=0 | val_hard_negatives=0 | val_relation_candidates=9654476 | val_teacher_keff=4.444 | val_student_keff=9.486 | val_masked_positions=1959673 | skipped(train/val)=0/0
[2026-08-13 11:55:53] INFO Relation checkpoint updated | epoch=20 | best_val_relation=2.374568 | path=C:\Users\clw\projects\researchRep\STAnchor-BlockMemory\artifacts\metrla_e5_final_sym_profile_local12_seed42\pretrain_best_relation.pt
[2026-08-13 11:55:53] INFO Epoch 021/050 started | train_batches=1427 | val_batches=203
[2026-08-13 11:55:53] INFO Epoch 021 | train batch=1/1427 | elapsed=0.0 min | eta=5.2 min
[2026-08-13 11:55:56] INFO Epoch 021 | train batch=10/1427 | elapsed=0.0 min | eta=6.4 min
[2026-08-13 11:55:58] INFO Epoch 021 | train batch=20/1427 | elapsed=0.1 min | eta=6.0 min
[2026-08-13 11:56:01] INFO Epoch 021 | train batch=30/1427 | elapsed=0.1 min | eta=6.2 min
[2026-08-13 11:56:04] INFO Epoch 021 | train batch=40/1427 | elapsed=0.2 min | eta=6.4 min
[2026-08-13 11:56:07] INFO Epoch 021 | train batch=50/1427 | elapsed=0.2 min | eta=6.4 min
[2026-08-13 11:56:10] INFO Epoch 021 | train batch=60/1427 | elapsed=0.3 min | eta=6.4 min
[2026-08-13 11:56:13] INFO Epoch 021 | train batch=70/1427 | elapsed=0.3 min | eta=6.3 min
[2026-08-13 11:56:15] INFO Epoch 021 | train batch=80/1427 | elapsed=0.4 min | eta=6.2 min
[2026-08-13 11:56:18] INFO Epoch 021 | train batch=90/1427 | elapsed=0.4 min | eta=6.2 min
[2026-08-13 11:56:21] INFO Epoch 021 | train batch=100/1427 | elapsed=0.5 min | eta=6.1 min
[2026-08-13 11:56:23] INFO Epoch 021 | train batch=110/1427 | elapsed=0.5 min | eta=6.0 min
[2026-08-13 11:56:26] INFO Epoch 021 | train batch=120/1427 | elapsed=0.5 min | eta=6.0 min
[2026-08-13 11:56:29] INFO Epoch 021 | train batch=130/1427 | elapsed=0.6 min | eta=5.9 min
[2026-08-13 11:56:31] INFO Epoch 021 | train batch=140/1427 | elapsed=0.6 min | eta=5.8 min
[2026-08-13 11:56:34] INFO Epoch 021 | train batch=150/1427 | elapsed=0.7 min | eta=5.8 min
[2026-08-13 11:56:36] INFO Epoch 021 | train batch=160/1427 | elapsed=0.7 min | eta=5.7 min
[2026-08-13 11:56:39] INFO Epoch 021 | train batch=170/1427 | elapsed=0.8 min | eta=5.7 min
[2026-08-13 11:56:42] INFO Epoch 021 | train batch=180/1427 | elapsed=0.8 min | eta=5.7 min
[2026-08-13 11:56:45] INFO Epoch 021 | train batch=190/1427 | elapsed=0.9 min | eta=5.6 min
[2026-08-13 11:56:48] INFO Epoch 021 | train batch=200/1427 | elapsed=0.9 min | eta=5.6 min
[2026-08-13 11:56:51] INFO Epoch 021 | train batch=210/1427 | elapsed=1.0 min | eta=5.5 min
[2026-08-13 11:56:53] INFO Epoch 021 | train batch=220/1427 | elapsed=1.0 min | eta=5.5 min
[2026-08-13 11:56:56] INFO Epoch 021 | train batch=230/1427 | elapsed=1.0 min | eta=5.4 min
[2026-08-13 11:56:59] INFO Epoch 021 | train batch=240/1427 | elapsed=1.1 min | eta=5.4 min
[2026-08-13 11:57:01] INFO Epoch 021 | train batch=250/1427 | elapsed=1.1 min | eta=5.3 min
[2026-08-13 11:57:03] INFO Epoch 021 | train batch=260/1427 | elapsed=1.2 min | eta=5.3 min
[2026-08-13 11:57:06] INFO Epoch 021 | train batch=270/1427 | elapsed=1.2 min | eta=5.2 min
[2026-08-13 11:57:09] INFO Epoch 021 | train batch=280/1427 | elapsed=1.3 min | eta=5.2 min
[2026-08-13 11:57:11] INFO Epoch 021 | train batch=290/1427 | elapsed=1.3 min | eta=5.1 min
[2026-08-13 11:57:14] INFO Epoch 021 | train batch=300/1427 | elapsed=1.3 min | eta=5.1 min
[2026-08-13 11:57:16] INFO Epoch 021 | train batch=310/1427 | elapsed=1.4 min | eta=5.0 min
[2026-08-13 11:57:19] INFO Epoch 021 | train batch=320/1427 | elapsed=1.4 min | eta=5.0 min
[2026-08-13 11:57:22] INFO Epoch 021 | train batch=330/1427 | elapsed=1.5 min | eta=4.9 min
[2026-08-13 11:57:24] INFO Epoch 021 | train batch=340/1427 | elapsed=1.5 min | eta=4.9 min
[2026-08-13 11:57:27] INFO Epoch 021 | train batch=350/1427 | elapsed=1.6 min | eta=4.8 min
[2026-08-13 11:57:30] INFO Epoch 021 | train batch=360/1427 | elapsed=1.6 min | eta=4.8 min
[2026-08-13 11:57:33] INFO Epoch 021 | train batch=370/1427 | elapsed=1.7 min | eta=4.7 min
[2026-08-13 11:57:35] INFO Epoch 021 | train batch=380/1427 | elapsed=1.7 min | eta=4.7 min
[2026-08-13 11:57:38] INFO Epoch 021 | train batch=390/1427 | elapsed=1.7 min | eta=4.6 min
[2026-08-13 11:57:40] INFO Epoch 021 | train batch=400/1427 | elapsed=1.8 min | eta=4.6 min
[2026-08-13 11:57:43] INFO Epoch 021 | train batch=410/1427 | elapsed=1.8 min | eta=4.5 min
[2026-08-13 11:57:46] INFO Epoch 021 | train batch=420/1427 | elapsed=1.9 min | eta=4.5 min
[2026-08-13 11:57:48] INFO Epoch 021 | train batch=430/1427 | elapsed=1.9 min | eta=4.4 min
[2026-08-13 11:57:51] INFO Epoch 021 | train batch=440/1427 | elapsed=2.0 min | eta=4.4 min
[2026-08-13 11:57:54] INFO Epoch 021 | train batch=450/1427 | elapsed=2.0 min | eta=4.4 min
[2026-08-13 11:57:56] INFO Epoch 021 | train batch=460/1427 | elapsed=2.1 min | eta=4.3 min
[2026-08-13 11:57:59] INFO Epoch 021 | train batch=470/1427 | elapsed=2.1 min | eta=4.3 min
[2026-08-13 11:58:01] INFO Epoch 021 | train batch=480/1427 | elapsed=2.1 min | eta=4.2 min
[2026-08-13 11:58:04] INFO Epoch 021 | train batch=490/1427 | elapsed=2.2 min | eta=4.2 min
[2026-08-13 11:58:07] INFO Epoch 021 | train batch=500/1427 | elapsed=2.2 min | eta=4.1 min
[2026-08-13 11:58:10] INFO Epoch 021 | train batch=510/1427 | elapsed=2.3 min | eta=4.1 min
[2026-08-13 11:58:12] INFO Epoch 021 | train batch=520/1427 | elapsed=2.3 min | eta=4.0 min
[2026-08-13 11:58:16] INFO Epoch 021 | train batch=530/1427 | elapsed=2.4 min | eta=4.0 min
[2026-08-13 11:58:18] INFO Epoch 021 | train batch=540/1427 | elapsed=2.4 min | eta=4.0 min
[2026-08-13 11:58:20] INFO Epoch 021 | train batch=550/1427 | elapsed=2.5 min | eta=3.9 min
[2026-08-13 11:58:23] INFO Epoch 021 | train batch=560/1427 | elapsed=2.5 min | eta=3.9 min
[2026-08-13 11:58:26] INFO Epoch 021 | train batch=570/1427 | elapsed=2.5 min | eta=3.8 min
[2026-08-13 11:58:28] INFO Epoch 021 | train batch=580/1427 | elapsed=2.6 min | eta=3.8 min
[2026-08-13 11:58:31] INFO Epoch 021 | train batch=590/1427 | elapsed=2.6 min | eta=3.7 min
[2026-08-13 11:58:34] INFO Epoch 021 | train batch=600/1427 | elapsed=2.7 min | eta=3.7 min
[2026-08-13 11:58:37] INFO Epoch 021 | train batch=610/1427 | elapsed=2.7 min | eta=3.6 min
[2026-08-13 11:58:39] INFO Epoch 021 | train batch=620/1427 | elapsed=2.8 min | eta=3.6 min
[2026-08-13 11:58:42] INFO Epoch 021 | train batch=630/1427 | elapsed=2.8 min | eta=3.6 min
[2026-08-13 11:58:45] INFO Epoch 021 | train batch=640/1427 | elapsed=2.9 min | eta=3.5 min
[2026-08-13 11:58:47] INFO Epoch 021 | train batch=650/1427 | elapsed=2.9 min | eta=3.5 min
[2026-08-13 11:58:50] INFO Epoch 021 | train batch=660/1427 | elapsed=2.9 min | eta=3.4 min
[2026-08-13 11:58:53] INFO Epoch 021 | train batch=670/1427 | elapsed=3.0 min | eta=3.4 min
[2026-08-13 11:58:55] INFO Epoch 021 | train batch=680/1427 | elapsed=3.0 min | eta=3.3 min
[2026-08-13 11:58:58] INFO Epoch 021 | train batch=690/1427 | elapsed=3.1 min | eta=3.3 min
[2026-08-13 11:59:01] INFO Epoch 021 | train batch=700/1427 | elapsed=3.1 min | eta=3.2 min
[2026-08-13 11:59:04] INFO Epoch 021 | train batch=710/1427 | elapsed=3.2 min | eta=3.2 min
[2026-08-13 11:59:07] INFO Epoch 021 | train batch=720/1427 | elapsed=3.2 min | eta=3.2 min
[2026-08-13 11:59:09] INFO Epoch 021 | train batch=730/1427 | elapsed=3.3 min | eta=3.1 min
[2026-08-13 11:59:12] INFO Epoch 021 | train batch=740/1427 | elapsed=3.3 min | eta=3.1 min
[2026-08-13 11:59:14] INFO Epoch 021 | train batch=750/1427 | elapsed=3.4 min | eta=3.0 min
[2026-08-13 11:59:17] INFO Epoch 021 | train batch=760/1427 | elapsed=3.4 min | eta=3.0 min
[2026-08-13 11:59:20] INFO Epoch 021 | train batch=770/1427 | elapsed=3.4 min | eta=2.9 min
[2026-08-13 11:59:23] INFO Epoch 021 | train batch=780/1427 | elapsed=3.5 min | eta=2.9 min
[2026-08-13 11:59:25] INFO Epoch 021 | train batch=790/1427 | elapsed=3.5 min | eta=2.8 min
[2026-08-13 11:59:28] INFO Epoch 021 | train batch=800/1427 | elapsed=3.6 min | eta=2.8 min
[2026-08-13 11:59:30] INFO Epoch 021 | train batch=810/1427 | elapsed=3.6 min | eta=2.8 min
[2026-08-13 11:59:33] INFO Epoch 021 | train batch=820/1427 | elapsed=3.7 min | eta=2.7 min
[2026-08-13 11:59:35] INFO Epoch 021 | train batch=830/1427 | elapsed=3.7 min | eta=2.7 min
[2026-08-13 11:59:38] INFO Epoch 021 | train batch=840/1427 | elapsed=3.7 min | eta=2.6 min
[2026-08-13 11:59:41] INFO Epoch 021 | train batch=850/1427 | elapsed=3.8 min | eta=2.6 min
[2026-08-13 11:59:44] INFO Epoch 021 | train batch=860/1427 | elapsed=3.8 min | eta=2.5 min
[2026-08-13 11:59:46] INFO Epoch 021 | train batch=870/1427 | elapsed=3.9 min | eta=2.5 min
[2026-08-13 11:59:49] INFO Epoch 021 | train batch=880/1427 | elapsed=3.9 min | eta=2.4 min
[2026-08-13 11:59:51] INFO Epoch 021 | train batch=890/1427 | elapsed=4.0 min | eta=2.4 min
[2026-08-13 11:59:54] INFO Epoch 021 | train batch=900/1427 | elapsed=4.0 min | eta=2.3 min
[2026-08-13 11:59:56] INFO Epoch 021 | train batch=910/1427 | elapsed=4.1 min | eta=2.3 min
[2026-08-13 11:59:59] INFO Epoch 021 | train batch=920/1427 | elapsed=4.1 min | eta=2.3 min
[2026-08-13 12:00:02] INFO Epoch 021 | train batch=930/1427 | elapsed=4.1 min | eta=2.2 min
[2026-08-13 12:00:05] INFO Epoch 021 | train batch=940/1427 | elapsed=4.2 min | eta=2.2 min
[2026-08-13 12:00:07] INFO Epoch 021 | train batch=950/1427 | elapsed=4.2 min | eta=2.1 min
[2026-08-13 12:00:10] INFO Epoch 021 | train batch=960/1427 | elapsed=4.3 min | eta=2.1 min
[2026-08-13 12:00:13] INFO Epoch 021 | train batch=970/1427 | elapsed=4.3 min | eta=2.0 min
[2026-08-13 12:00:15] INFO Epoch 021 | train batch=980/1427 | elapsed=4.4 min | eta=2.0 min
[2026-08-13 12:00:18] INFO Epoch 021 | train batch=990/1427 | elapsed=4.4 min | eta=1.9 min
[2026-08-13 12:00:21] INFO Epoch 021 | train batch=1000/1427 | elapsed=4.5 min | eta=1.9 min
[2026-08-13 12:00:23] INFO Epoch 021 | train batch=1010/1427 | elapsed=4.5 min | eta=1.9 min
[2026-08-13 12:00:26] INFO Epoch 021 | train batch=1020/1427 | elapsed=4.5 min | eta=1.8 min
[2026-08-13 12:00:29] INFO Epoch 021 | train batch=1030/1427 | elapsed=4.6 min | eta=1.8 min
[2026-08-13 12:00:31] INFO Epoch 021 | train batch=1040/1427 | elapsed=4.6 min | eta=1.7 min
[2026-08-13 12:00:33] INFO Epoch 021 | train batch=1050/1427 | elapsed=4.7 min | eta=1.7 min
[2026-08-13 12:00:36] INFO Epoch 021 | train batch=1060/1427 | elapsed=4.7 min | eta=1.6 min
[2026-08-13 12:00:39] INFO Epoch 021 | train batch=1070/1427 | elapsed=4.8 min | eta=1.6 min
[2026-08-13 12:00:42] INFO Epoch 021 | train batch=1080/1427 | elapsed=4.8 min | eta=1.5 min
[2026-08-13 12:00:44] INFO Epoch 021 | train batch=1090/1427 | elapsed=4.8 min | eta=1.5 min
[2026-08-13 12:00:46] INFO Epoch 021 | train batch=1100/1427 | elapsed=4.9 min | eta=1.5 min
[2026-08-13 12:00:49] INFO Epoch 021 | train batch=1110/1427 | elapsed=4.9 min | eta=1.4 min
[2026-08-13 12:00:52] INFO Epoch 021 | train batch=1120/1427 | elapsed=5.0 min | eta=1.4 min
[2026-08-13 12:00:54] INFO Epoch 021 | train batch=1130/1427 | elapsed=5.0 min | eta=1.3 min
[2026-08-13 12:00:57] INFO Epoch 021 | train batch=1140/1427 | elapsed=5.1 min | eta=1.3 min
[2026-08-13 12:01:00] INFO Epoch 021 | train batch=1150/1427 | elapsed=5.1 min | eta=1.2 min
[2026-08-13 12:01:02] INFO Epoch 021 | train batch=1160/1427 | elapsed=5.1 min | eta=1.2 min
[2026-08-13 12:01:05] INFO Epoch 021 | train batch=1170/1427 | elapsed=5.2 min | eta=1.1 min
[2026-08-13 12:01:07] INFO Epoch 021 | train batch=1180/1427 | elapsed=5.2 min | eta=1.1 min
[2026-08-13 12:01:10] INFO Epoch 021 | train batch=1190/1427 | elapsed=5.3 min | eta=1.1 min
[2026-08-13 12:01:13] INFO Epoch 021 | train batch=1200/1427 | elapsed=5.3 min | eta=1.0 min
[2026-08-13 12:01:16] INFO Epoch 021 | train batch=1210/1427 | elapsed=5.4 min | eta=1.0 min
[2026-08-13 12:01:19] INFO Epoch 021 | train batch=1220/1427 | elapsed=5.4 min | eta=0.9 min
[2026-08-13 12:01:21] INFO Epoch 021 | train batch=1230/1427 | elapsed=5.5 min | eta=0.9 min
[2026-08-13 12:01:24] INFO Epoch 021 | train batch=1240/1427 | elapsed=5.5 min | eta=0.8 min
[2026-08-13 12:01:27] INFO Epoch 021 | train batch=1250/1427 | elapsed=5.6 min | eta=0.8 min
[2026-08-13 12:01:29] INFO Epoch 021 | train batch=1260/1427 | elapsed=5.6 min | eta=0.7 min
[2026-08-13 12:01:31] INFO Epoch 021 | train batch=1270/1427 | elapsed=5.6 min | eta=0.7 min
[2026-08-13 12:01:34] INFO Epoch 021 | train batch=1280/1427 | elapsed=5.7 min | eta=0.7 min
[2026-08-13 12:01:37] INFO Epoch 021 | train batch=1290/1427 | elapsed=5.7 min | eta=0.6 min
[2026-08-13 12:01:39] INFO Epoch 021 | train batch=1300/1427 | elapsed=5.8 min | eta=0.6 min
[2026-08-13 12:01:42] INFO Epoch 021 | train batch=1310/1427 | elapsed=5.8 min | eta=0.5 min
[2026-08-13 12:01:45] INFO Epoch 021 | train batch=1320/1427 | elapsed=5.9 min | eta=0.5 min
[2026-08-13 12:01:47] INFO Epoch 021 | train batch=1330/1427 | elapsed=5.9 min | eta=0.4 min
[2026-08-13 12:01:50] INFO Epoch 021 | train batch=1340/1427 | elapsed=5.9 min | eta=0.4 min
[2026-08-13 12:01:53] INFO Epoch 021 | train batch=1350/1427 | elapsed=6.0 min | eta=0.3 min
[2026-08-13 12:01:55] INFO Epoch 021 | train batch=1360/1427 | elapsed=6.0 min | eta=0.3 min
[2026-08-13 12:01:58] INFO Epoch 021 | train batch=1370/1427 | elapsed=6.1 min | eta=0.3 min
[2026-08-13 12:02:01] INFO Epoch 021 | train batch=1380/1427 | elapsed=6.1 min | eta=0.2 min
[2026-08-13 12:02:03] INFO Epoch 021 | train batch=1390/1427 | elapsed=6.2 min | eta=0.2 min
[2026-08-13 12:02:06] INFO Epoch 021 | train batch=1400/1427 | elapsed=6.2 min | eta=0.1 min
[2026-08-13 12:02:09] INFO Epoch 021 | train batch=1410/1427 | elapsed=6.3 min | eta=0.1 min
[2026-08-13 12:02:12] INFO Epoch 021 | train batch=1420/1427 | elapsed=6.3 min | eta=0.0 min
[2026-08-13 12:02:14] INFO Epoch 021 | train batch=1427/1427 | elapsed=6.3 min | eta=0.0 min
[2026-08-13 12:02:14] INFO Epoch 021 | val batch=1/203 | elapsed=0.0 min | eta=0.3 min
[2026-08-13 12:02:15] INFO Epoch 021 | val batch=10/203 | elapsed=0.0 min | eta=0.4 min
[2026-08-13 12:02:16] INFO Epoch 021 | val batch=20/203 | elapsed=0.0 min | eta=0.4 min
[2026-08-13 12:02:18] INFO Epoch 021 | val batch=30/203 | elapsed=0.1 min | eta=0.4 min
[2026-08-13 12:02:19] INFO Epoch 021 | val batch=40/203 | elapsed=0.1 min | eta=0.4 min
[2026-08-13 12:02:20] INFO Epoch 021 | val batch=50/203 | elapsed=0.1 min | eta=0.3 min
[2026-08-13 12:02:22] INFO Epoch 021 | val batch=60/203 | elapsed=0.1 min | eta=0.3 min
[2026-08-13 12:02:23] INFO Epoch 021 | val batch=70/203 | elapsed=0.2 min | eta=0.3 min
[2026-08-13 12:02:24] INFO Epoch 021 | val batch=80/203 | elapsed=0.2 min | eta=0.3 min
[2026-08-13 12:02:25] INFO Epoch 021 | val batch=90/203 | elapsed=0.2 min | eta=0.2 min
[2026-08-13 12:02:27] INFO Epoch 021 | val batch=100/203 | elapsed=0.2 min | eta=0.2 min
[2026-08-13 12:02:28] INFO Epoch 021 | val batch=110/203 | elapsed=0.2 min | eta=0.2 min
[2026-08-13 12:02:29] INFO Epoch 021 | val batch=120/203 | elapsed=0.3 min | eta=0.2 min
[2026-08-13 12:02:31] INFO Epoch 021 | val batch=130/203 | elapsed=0.3 min | eta=0.2 min
[2026-08-13 12:02:32] INFO Epoch 021 | val batch=140/203 | elapsed=0.3 min | eta=0.1 min
[2026-08-13 12:02:33] INFO Epoch 021 | val batch=150/203 | elapsed=0.3 min | eta=0.1 min
[2026-08-13 12:02:35] INFO Epoch 021 | val batch=160/203 | elapsed=0.3 min | eta=0.1 min
[2026-08-13 12:02:36] INFO Epoch 021 | val batch=170/203 | elapsed=0.4 min | eta=0.1 min
[2026-08-13 12:02:37] INFO Epoch 021 | val batch=180/203 | elapsed=0.4 min | eta=0.1 min
[2026-08-13 12:02:39] INFO Epoch 021 | val batch=190/203 | elapsed=0.4 min | eta=0.0 min
[2026-08-13 12:02:40] INFO Epoch 021 | val batch=200/203 | elapsed=0.4 min | eta=0.0 min
[2026-08-13 12:02:40] INFO Epoch 021 | val batch=203/203 | elapsed=0.4 min | eta=0.0 min
[2026-08-13 12:02:40] INFO Epoch 021 | train_total=1.090726 | val_total=1.143299 | val_mask=0.811343 | val_retrieval=2.375795 | val_profile=0.943771 | val_anchors=660915 | val_positive_pairs=0 | val_hard_negatives=0 | val_relation_candidates=9654476 | val_teacher_keff=4.444 | val_student_keff=9.579 | val_masked_positions=1958888 | skipped(train/val)=0/0
[2026-08-13 12:02:40] INFO Epoch 022/050 started | train_batches=1427 | val_batches=203
[2026-08-13 12:02:40] INFO Epoch 022 | train batch=1/1427 | elapsed=0.0 min | eta=7.6 min
[2026-08-13 12:02:43] INFO Epoch 022 | train batch=10/1427 | elapsed=0.1 min | eta=7.5 min
[2026-08-13 12:02:46] INFO Epoch 022 | train batch=20/1427 | elapsed=0.1 min | eta=6.9 min
[2026-08-13 12:02:49] INFO Epoch 022 | train batch=30/1427 | elapsed=0.1 min | eta=6.7 min
[2026-08-13 12:02:51] INFO Epoch 022 | train batch=40/1427 | elapsed=0.2 min | eta=6.5 min
[2026-08-13 12:02:54] INFO Epoch 022 | train batch=50/1427 | elapsed=0.2 min | eta=6.4 min
[2026-08-13 12:02:57] INFO Epoch 022 | train batch=60/1427 | elapsed=0.3 min | eta=6.3 min
[2026-08-13 12:02:59] INFO Epoch 022 | train batch=70/1427 | elapsed=0.3 min | eta=6.2 min
[2026-08-13 12:03:02] INFO Epoch 022 | train batch=80/1427 | elapsed=0.4 min | eta=6.1 min
[2026-08-13 12:03:05] INFO Epoch 022 | train batch=90/1427 | elapsed=0.4 min | eta=6.1 min
[2026-08-13 12:03:08] INFO Epoch 022 | train batch=100/1427 | elapsed=0.5 min | eta=6.1 min
[2026-08-13 12:03:10] INFO Epoch 022 | train batch=110/1427 | elapsed=0.5 min | eta=6.0 min
[2026-08-13 12:03:13] INFO Epoch 022 | train batch=120/1427 | elapsed=0.6 min | eta=6.0 min
[2026-08-13 12:03:16] INFO Epoch 022 | train batch=130/1427 | elapsed=0.6 min | eta=6.0 min
[2026-08-13 12:03:19] INFO Epoch 022 | train batch=140/1427 | elapsed=0.6 min | eta=5.9 min
[2026-08-13 12:03:22] INFO Epoch 022 | train batch=150/1427 | elapsed=0.7 min | eta=5.9 min
[2026-08-13 12:03:24] INFO Epoch 022 | train batch=160/1427 | elapsed=0.7 min | eta=5.8 min
[2026-08-13 12:03:27] INFO Epoch 022 | train batch=170/1427 | elapsed=0.8 min | eta=5.7 min
[2026-08-13 12:03:30] INFO Epoch 022 | train batch=180/1427 | elapsed=0.8 min | eta=5.7 min
[2026-08-13 12:03:32] INFO Epoch 022 | train batch=190/1427 | elapsed=0.9 min | eta=5.6 min
[2026-08-13 12:03:35] INFO Epoch 022 | train batch=200/1427 | elapsed=0.9 min | eta=5.6 min
[2026-08-13 12:03:37] INFO Epoch 022 | train batch=210/1427 | elapsed=0.9 min | eta=5.5 min
[2026-08-13 12:03:40] INFO Epoch 022 | train batch=220/1427 | elapsed=1.0 min | eta=5.4 min
[2026-08-13 12:03:42] INFO Epoch 022 | train batch=230/1427 | elapsed=1.0 min | eta=5.4 min
[2026-08-13 12:03:45] INFO Epoch 022 | train batch=240/1427 | elapsed=1.1 min | eta=5.3 min
[2026-08-13 12:03:48] INFO Epoch 022 | train batch=250/1427 | elapsed=1.1 min | eta=5.3 min
[2026-08-13 12:03:51] INFO Epoch 022 | train batch=260/1427 | elapsed=1.2 min | eta=5.3 min
[2026-08-13 12:03:53] INFO Epoch 022 | train batch=270/1427 | elapsed=1.2 min | eta=5.2 min
[2026-08-13 12:03:56] INFO Epoch 022 | train batch=280/1427 | elapsed=1.3 min | eta=5.2 min
[2026-08-13 12:03:59] INFO Epoch 022 | train batch=290/1427 | elapsed=1.3 min | eta=5.2 min
[2026-08-13 12:04:02] INFO Epoch 022 | train batch=300/1427 | elapsed=1.4 min | eta=5.1 min
[2026-08-13 12:04:05] INFO Epoch 022 | train batch=310/1427 | elapsed=1.4 min | eta=5.1 min
[2026-08-13 12:04:08] INFO Epoch 022 | train batch=320/1427 | elapsed=1.5 min | eta=5.1 min
[2026-08-13 12:04:10] INFO Epoch 022 | train batch=330/1427 | elapsed=1.5 min | eta=5.0 min
[2026-08-13 12:04:13] INFO Epoch 022 | train batch=340/1427 | elapsed=1.5 min | eta=5.0 min
[2026-08-13 12:04:16] INFO Epoch 022 | train batch=350/1427 | elapsed=1.6 min | eta=4.9 min
[2026-08-13 12:04:19] INFO Epoch 022 | train batch=360/1427 | elapsed=1.6 min | eta=4.9 min
[2026-08-13 12:04:22] INFO Epoch 022 | train batch=370/1427 | elapsed=1.7 min | eta=4.8 min
[2026-08-13 12:04:24] INFO Epoch 022 | train batch=380/1427 | elapsed=1.7 min | eta=4.8 min
[2026-08-13 12:04:27] INFO Epoch 022 | train batch=390/1427 | elapsed=1.8 min | eta=4.7 min
[2026-08-13 12:04:29] INFO Epoch 022 | train batch=400/1427 | elapsed=1.8 min | eta=4.7 min
[2026-08-13 12:04:32] INFO Epoch 022 | train batch=410/1427 | elapsed=1.9 min | eta=4.6 min
[2026-08-13 12:04:34] INFO Epoch 022 | train batch=420/1427 | elapsed=1.9 min | eta=4.6 min
[2026-08-13 12:04:37] INFO Epoch 022 | train batch=430/1427 | elapsed=2.0 min | eta=4.5 min
[2026-08-13 12:04:40] INFO Epoch 022 | train batch=440/1427 | elapsed=2.0 min | eta=4.5 min
[2026-08-13 12:04:42] INFO Epoch 022 | train batch=450/1427 | elapsed=2.0 min | eta=4.4 min
[2026-08-13 12:04:45] INFO Epoch 022 | train batch=460/1427 | elapsed=2.1 min | eta=4.4 min
[2026-08-13 12:04:48] INFO Epoch 022 | train batch=470/1427 | elapsed=2.1 min | eta=4.3 min
[2026-08-13 12:04:50] INFO Epoch 022 | train batch=480/1427 | elapsed=2.2 min | eta=4.3 min
[2026-08-13 12:04:53] INFO Epoch 022 | train batch=490/1427 | elapsed=2.2 min | eta=4.2 min
[2026-08-13 12:04:56] INFO Epoch 022 | train batch=500/1427 | elapsed=2.3 min | eta=4.2 min
[2026-08-13 12:04:59] INFO Epoch 022 | train batch=510/1427 | elapsed=2.3 min | eta=4.2 min
[2026-08-13 12:05:01] INFO Epoch 022 | train batch=520/1427 | elapsed=2.3 min | eta=4.1 min
[2026-08-13 12:05:04] INFO Epoch 022 | train batch=530/1427 | elapsed=2.4 min | eta=4.1 min
[2026-08-13 12:05:06] INFO Epoch 022 | train batch=540/1427 | elapsed=2.4 min | eta=4.0 min
[2026-08-13 12:05:09] INFO Epoch 022 | train batch=550/1427 | elapsed=2.5 min | eta=4.0 min
[2026-08-13 12:05:12] INFO Epoch 022 | train batch=560/1427 | elapsed=2.5 min | eta=3.9 min
[2026-08-13 12:05:15] INFO Epoch 022 | train batch=570/1427 | elapsed=2.6 min | eta=3.9 min
[2026-08-13 12:05:17] INFO Epoch 022 | train batch=580/1427 | elapsed=2.6 min | eta=3.8 min
[2026-08-13 12:05:20] INFO Epoch 022 | train batch=590/1427 | elapsed=2.7 min | eta=3.8 min
[2026-08-13 12:05:23] INFO Epoch 022 | train batch=600/1427 | elapsed=2.7 min | eta=3.7 min
[2026-08-13 12:05:26] INFO Epoch 022 | train batch=610/1427 | elapsed=2.8 min | eta=3.7 min
[2026-08-13 12:05:28] INFO Epoch 022 | train batch=620/1427 | elapsed=2.8 min | eta=3.6 min
[2026-08-13 12:05:31] INFO Epoch 022 | train batch=630/1427 | elapsed=2.8 min | eta=3.6 min
[2026-08-13 12:05:34] INFO Epoch 022 | train batch=640/1427 | elapsed=2.9 min | eta=3.6 min
[2026-08-13 12:05:36] INFO Epoch 022 | train batch=650/1427 | elapsed=2.9 min | eta=3.5 min
[2026-08-13 12:05:39] INFO Epoch 022 | train batch=660/1427 | elapsed=3.0 min | eta=3.5 min
[2026-08-13 12:05:42] INFO Epoch 022 | train batch=670/1427 | elapsed=3.0 min | eta=3.4 min
[2026-08-13 12:05:45] INFO Epoch 022 | train batch=680/1427 | elapsed=3.1 min | eta=3.4 min
[2026-08-13 12:05:47] INFO Epoch 022 | train batch=690/1427 | elapsed=3.1 min | eta=3.3 min
[2026-08-13 12:05:50] INFO Epoch 022 | train batch=700/1427 | elapsed=3.2 min | eta=3.3 min
[2026-08-13 12:05:53] INFO Epoch 022 | train batch=710/1427 | elapsed=3.2 min | eta=3.2 min
[2026-08-13 12:05:56] INFO Epoch 022 | train batch=720/1427 | elapsed=3.3 min | eta=3.2 min
[2026-08-13 12:05:58] INFO Epoch 022 | train batch=730/1427 | elapsed=3.3 min | eta=3.2 min
[2026-08-13 12:06:01] INFO Epoch 022 | train batch=740/1427 | elapsed=3.4 min | eta=3.1 min
[2026-08-13 12:06:04] INFO Epoch 022 | train batch=750/1427 | elapsed=3.4 min | eta=3.1 min
[2026-08-13 12:06:07] INFO Epoch 022 | train batch=760/1427 | elapsed=3.4 min | eta=3.0 min
[2026-08-13 12:06:09] INFO Epoch 022 | train batch=770/1427 | elapsed=3.5 min | eta=3.0 min
[2026-08-13 12:06:12] INFO Epoch 022 | train batch=780/1427 | elapsed=3.5 min | eta=2.9 min
[2026-08-13 12:06:15] INFO Epoch 022 | train batch=790/1427 | elapsed=3.6 min | eta=2.9 min
[2026-08-13 12:06:18] INFO Epoch 022 | train batch=800/1427 | elapsed=3.6 min | eta=2.8 min
[2026-08-13 12:06:21] INFO Epoch 022 | train batch=810/1427 | elapsed=3.7 min | eta=2.8 min
[2026-08-13 12:06:24] INFO Epoch 022 | train batch=820/1427 | elapsed=3.7 min | eta=2.8 min
[2026-08-13 12:06:26] INFO Epoch 022 | train batch=830/1427 | elapsed=3.8 min | eta=2.7 min
[2026-08-13 12:06:29] INFO Epoch 022 | train batch=840/1427 | elapsed=3.8 min | eta=2.7 min
[2026-08-13 12:06:32] INFO Epoch 022 | train batch=850/1427 | elapsed=3.9 min | eta=2.6 min
[2026-08-13 12:06:35] INFO Epoch 022 | train batch=860/1427 | elapsed=3.9 min | eta=2.6 min
[2026-08-13 12:06:38] INFO Epoch 022 | train batch=870/1427 | elapsed=4.0 min | eta=2.5 min
[2026-08-13 12:06:41] INFO Epoch 022 | train batch=880/1427 | elapsed=4.0 min | eta=2.5 min
[2026-08-13 12:06:43] INFO Epoch 022 | train batch=890/1427 | elapsed=4.1 min | eta=2.4 min
[2026-08-13 12:06:46] INFO Epoch 022 | train batch=900/1427 | elapsed=4.1 min | eta=2.4 min
[2026-08-13 12:06:48] INFO Epoch 022 | train batch=910/1427 | elapsed=4.1 min | eta=2.4 min
[2026-08-13 12:06:51] INFO Epoch 022 | train batch=920/1427 | elapsed=4.2 min | eta=2.3 min
[2026-08-13 12:06:54] INFO Epoch 022 | train batch=930/1427 | elapsed=4.2 min | eta=2.3 min
[2026-08-13 12:06:56] INFO Epoch 022 | train batch=940/1427 | elapsed=4.3 min | eta=2.2 min
[2026-08-13 12:06:59] INFO Epoch 022 | train batch=950/1427 | elapsed=4.3 min | eta=2.2 min
[2026-08-13 12:07:02] INFO Epoch 022 | train batch=960/1427 | elapsed=4.4 min | eta=2.1 min
[2026-08-13 12:07:05] INFO Epoch 022 | train batch=970/1427 | elapsed=4.4 min | eta=2.1 min
[2026-08-13 12:07:07] INFO Epoch 022 | train batch=980/1427 | elapsed=4.5 min | eta=2.0 min
[2026-08-13 12:07:10] INFO Epoch 022 | train batch=990/1427 | elapsed=4.5 min | eta=2.0 min
[2026-08-13 12:07:13] INFO Epoch 022 | train batch=1000/1427 | elapsed=4.5 min | eta=1.9 min
[2026-08-13 12:07:15] INFO Epoch 022 | train batch=1010/1427 | elapsed=4.6 min | eta=1.9 min
[2026-08-13 12:07:18] INFO Epoch 022 | train batch=1020/1427 | elapsed=4.6 min | eta=1.8 min
[2026-08-13 12:07:21] INFO Epoch 022 | train batch=1030/1427 | elapsed=4.7 min | eta=1.8 min
[2026-08-13 12:07:23] INFO Epoch 022 | train batch=1040/1427 | elapsed=4.7 min | eta=1.8 min
[2026-08-13 12:07:26] INFO Epoch 022 | train batch=1050/1427 | elapsed=4.8 min | eta=1.7 min
[2026-08-13 12:07:28] INFO Epoch 022 | train batch=1060/1427 | elapsed=4.8 min | eta=1.7 min
[2026-08-13 12:07:31] INFO Epoch 022 | train batch=1070/1427 | elapsed=4.8 min | eta=1.6 min
[2026-08-13 12:07:33] INFO Epoch 022 | train batch=1080/1427 | elapsed=4.9 min | eta=1.6 min
[2026-08-13 12:07:36] INFO Epoch 022 | train batch=1090/1427 | elapsed=4.9 min | eta=1.5 min
[2026-08-13 12:07:39] INFO Epoch 022 | train batch=1100/1427 | elapsed=5.0 min | eta=1.5 min
[2026-08-13 12:07:41] INFO Epoch 022 | train batch=1110/1427 | elapsed=5.0 min | eta=1.4 min
[2026-08-13 12:07:44] INFO Epoch 022 | train batch=1120/1427 | elapsed=5.1 min | eta=1.4 min
[2026-08-13 12:07:46] INFO Epoch 022 | train batch=1130/1427 | elapsed=5.1 min | eta=1.3 min
[2026-08-13 12:07:49] INFO Epoch 022 | train batch=1140/1427 | elapsed=5.2 min | eta=1.3 min
[2026-08-13 12:07:52] INFO Epoch 022 | train batch=1150/1427 | elapsed=5.2 min | eta=1.3 min
[2026-08-13 12:07:55] INFO Epoch 022 | train batch=1160/1427 | elapsed=5.2 min | eta=1.2 min
[2026-08-13 12:07:57] INFO Epoch 022 | train batch=1170/1427 | elapsed=5.3 min | eta=1.2 min
[2026-08-13 12:08:00] INFO Epoch 022 | train batch=1180/1427 | elapsed=5.3 min | eta=1.1 min
[2026-08-13 12:08:03] INFO Epoch 022 | train batch=1190/1427 | elapsed=5.4 min | eta=1.1 min
[2026-08-13 12:08:05] INFO Epoch 022 | train batch=1200/1427 | elapsed=5.4 min | eta=1.0 min
[2026-08-13 12:08:08] INFO Epoch 022 | train batch=1210/1427 | elapsed=5.5 min | eta=1.0 min
[2026-08-13 12:08:11] INFO Epoch 022 | train batch=1220/1427 | elapsed=5.5 min | eta=0.9 min
[2026-08-13 12:08:13] INFO Epoch 022 | train batch=1230/1427 | elapsed=5.6 min | eta=0.9 min
[2026-08-13 12:08:16] INFO Epoch 022 | train batch=1240/1427 | elapsed=5.6 min | eta=0.8 min
[2026-08-13 12:08:19] INFO Epoch 022 | train batch=1250/1427 | elapsed=5.6 min | eta=0.8 min
[2026-08-13 12:08:21] INFO Epoch 022 | train batch=1260/1427 | elapsed=5.7 min | eta=0.8 min
[2026-08-13 12:08:24] INFO Epoch 022 | train batch=1270/1427 | elapsed=5.7 min | eta=0.7 min
[2026-08-13 12:08:27] INFO Epoch 022 | train batch=1280/1427 | elapsed=5.8 min | eta=0.7 min
[2026-08-13 12:08:30] INFO Epoch 022 | train batch=1290/1427 | elapsed=5.8 min | eta=0.6 min
[2026-08-13 12:08:33] INFO Epoch 022 | train batch=1300/1427 | elapsed=5.9 min | eta=0.6 min
[2026-08-13 12:08:35] INFO Epoch 022 | train batch=1310/1427 | elapsed=5.9 min | eta=0.5 min
[2026-08-13 12:08:38] INFO Epoch 022 | train batch=1320/1427 | elapsed=6.0 min | eta=0.5 min
[2026-08-13 12:08:41] INFO Epoch 022 | train batch=1330/1427 | elapsed=6.0 min | eta=0.4 min
[2026-08-13 12:08:43] INFO Epoch 022 | train batch=1340/1427 | elapsed=6.0 min | eta=0.4 min
[2026-08-13 12:08:46] INFO Epoch 022 | train batch=1350/1427 | elapsed=6.1 min | eta=0.3 min
[2026-08-13 12:08:48] INFO Epoch 022 | train batch=1360/1427 | elapsed=6.1 min | eta=0.3 min
[2026-08-13 12:08:51] INFO Epoch 022 | train batch=1370/1427 | elapsed=6.2 min | eta=0.3 min
[2026-08-13 12:08:54] INFO Epoch 022 | train batch=1380/1427 | elapsed=6.2 min | eta=0.2 min
[2026-08-13 12:08:56] INFO Epoch 022 | train batch=1390/1427 | elapsed=6.3 min | eta=0.2 min
[2026-08-13 12:08:59] INFO Epoch 022 | train batch=1400/1427 | elapsed=6.3 min | eta=0.1 min
[2026-08-13 12:09:02] INFO Epoch 022 | train batch=1410/1427 | elapsed=6.4 min | eta=0.1 min
[2026-08-13 12:09:05] INFO Epoch 022 | train batch=1420/1427 | elapsed=6.4 min | eta=0.0 min
[2026-08-13 12:09:06] INFO Epoch 022 | train batch=1427/1427 | elapsed=6.4 min | eta=0.0 min
[2026-08-13 12:09:06] INFO Epoch 022 | val batch=1/203 | elapsed=0.0 min | eta=0.3 min
[2026-08-13 12:09:08] INFO Epoch 022 | val batch=10/203 | elapsed=0.0 min | eta=0.4 min
[2026-08-13 12:09:09] INFO Epoch 022 | val batch=20/203 | elapsed=0.0 min | eta=0.4 min
[2026-08-13 12:09:10] INFO Epoch 022 | val batch=30/203 | elapsed=0.1 min | eta=0.4 min
[2026-08-13 12:09:12] INFO Epoch 022 | val batch=40/203 | elapsed=0.1 min | eta=0.4 min
[2026-08-13 12:09:13] INFO Epoch 022 | val batch=50/203 | elapsed=0.1 min | eta=0.3 min
[2026-08-13 12:09:14] INFO Epoch 022 | val batch=60/203 | elapsed=0.1 min | eta=0.3 min
[2026-08-13 12:09:16] INFO Epoch 022 | val batch=70/203 | elapsed=0.2 min | eta=0.3 min
[2026-08-13 12:09:17] INFO Epoch 022 | val batch=80/203 | elapsed=0.2 min | eta=0.3 min
[2026-08-13 12:09:18] INFO Epoch 022 | val batch=90/203 | elapsed=0.2 min | eta=0.2 min
[2026-08-13 12:09:19] INFO Epoch 022 | val batch=100/203 | elapsed=0.2 min | eta=0.2 min
[2026-08-13 12:09:21] INFO Epoch 022 | val batch=110/203 | elapsed=0.2 min | eta=0.2 min
[2026-08-13 12:09:22] INFO Epoch 022 | val batch=120/203 | elapsed=0.3 min | eta=0.2 min
[2026-08-13 12:09:23] INFO Epoch 022 | val batch=130/203 | elapsed=0.3 min | eta=0.2 min
[2026-08-13 12:09:25] INFO Epoch 022 | val batch=140/203 | elapsed=0.3 min | eta=0.1 min
[2026-08-13 12:09:26] INFO Epoch 022 | val batch=150/203 | elapsed=0.3 min | eta=0.1 min
[2026-08-13 12:09:27] INFO Epoch 022 | val batch=160/203 | elapsed=0.4 min | eta=0.1 min
[2026-08-13 12:09:29] INFO Epoch 022 | val batch=170/203 | elapsed=0.4 min | eta=0.1 min
[2026-08-13 12:09:30] INFO Epoch 022 | val batch=180/203 | elapsed=0.4 min | eta=0.1 min
[2026-08-13 12:09:31] INFO Epoch 022 | val batch=190/203 | elapsed=0.4 min | eta=0.0 min
[2026-08-13 12:09:33] INFO Epoch 022 | val batch=200/203 | elapsed=0.4 min | eta=0.0 min
[2026-08-13 12:09:33] INFO Epoch 022 | val batch=203/203 | elapsed=0.4 min | eta=0.0 min
[2026-08-13 12:09:33] INFO Epoch 022 | train_total=1.037799 | val_total=1.177341 | val_mask=0.845208 | val_retrieval=2.382309 | val_profile=0.939024 | val_anchors=660915 | val_positive_pairs=0 | val_hard_negatives=0 | val_relation_candidates=9654476 | val_teacher_keff=4.444 | val_student_keff=9.289 | val_masked_positions=1959754 | skipped(train/val)=0/0
[2026-08-13 12:09:33] INFO Epoch 023/050 started | train_batches=1427 | val_batches=203
[2026-08-13 12:09:33] INFO Epoch 023 | train batch=1/1427 | elapsed=0.0 min | eta=7.6 min
[2026-08-13 12:09:36] INFO Epoch 023 | train batch=10/1427 | elapsed=0.0 min | eta=6.0 min
[2026-08-13 12:09:38] INFO Epoch 023 | train batch=20/1427 | elapsed=0.1 min | eta=6.4 min
[2026-08-13 12:09:41] INFO Epoch 023 | train batch=30/1427 | elapsed=0.1 min | eta=6.2 min
[2026-08-13 12:09:44] INFO Epoch 023 | train batch=40/1427 | elapsed=0.2 min | eta=6.2 min
[2026-08-13 12:09:46] INFO Epoch 023 | train batch=50/1427 | elapsed=0.2 min | eta=6.1 min
[2026-08-13 12:09:49] INFO Epoch 023 | train batch=60/1427 | elapsed=0.3 min | eta=6.0 min
[2026-08-13 12:09:52] INFO Epoch 023 | train batch=70/1427 | elapsed=0.3 min | eta=6.1 min
[2026-08-13 12:09:55] INFO Epoch 023 | train batch=80/1427 | elapsed=0.4 min | eta=6.1 min
[2026-08-13 12:09:57] INFO Epoch 023 | train batch=90/1427 | elapsed=0.4 min | eta=6.1 min
[2026-08-13 12:10:00] INFO Epoch 023 | train batch=100/1427 | elapsed=0.5 min | eta=6.0 min
[2026-08-13 12:10:02] INFO Epoch 023 | train batch=110/1427 | elapsed=0.5 min | eta=5.9 min
[2026-08-13 12:10:05] INFO Epoch 023 | train batch=120/1427 | elapsed=0.5 min | eta=5.9 min
[2026-08-13 12:10:08] INFO Epoch 023 | train batch=130/1427 | elapsed=0.6 min | eta=5.8 min
[2026-08-13 12:10:11] INFO Epoch 023 | train batch=140/1427 | elapsed=0.6 min | eta=5.8 min
[2026-08-13 12:10:13] INFO Epoch 023 | train batch=150/1427 | elapsed=0.7 min | eta=5.7 min
[2026-08-13 12:10:16] INFO Epoch 023 | train batch=160/1427 | elapsed=0.7 min | eta=5.7 min
[2026-08-13 12:10:19] INFO Epoch 023 | train batch=170/1427 | elapsed=0.8 min | eta=5.6 min
[2026-08-13 12:10:21] INFO Epoch 023 | train batch=180/1427 | elapsed=0.8 min | eta=5.6 min
[2026-08-13 12:10:24] INFO Epoch 023 | train batch=190/1427 | elapsed=0.9 min | eta=5.6 min
[2026-08-13 12:10:27] INFO Epoch 023 | train batch=200/1427 | elapsed=0.9 min | eta=5.5 min
[2026-08-13 12:10:30] INFO Epoch 023 | train batch=210/1427 | elapsed=0.9 min | eta=5.5 min
[2026-08-13 12:10:32] INFO Epoch 023 | train batch=220/1427 | elapsed=1.0 min | eta=5.4 min
[2026-08-13 12:10:35] INFO Epoch 023 | train batch=230/1427 | elapsed=1.0 min | eta=5.4 min
[2026-08-13 12:10:37] INFO Epoch 023 | train batch=240/1427 | elapsed=1.1 min | eta=5.3 min
[2026-08-13 12:10:40] INFO Epoch 023 | train batch=250/1427 | elapsed=1.1 min | eta=5.3 min
[2026-08-13 12:10:43] INFO Epoch 023 | train batch=260/1427 | elapsed=1.2 min | eta=5.2 min
[2026-08-13 12:10:46] INFO Epoch 023 | train batch=270/1427 | elapsed=1.2 min | eta=5.2 min
[2026-08-13 12:10:49] INFO Epoch 023 | train batch=280/1427 | elapsed=1.3 min | eta=5.2 min
[2026-08-13 12:10:51] INFO Epoch 023 | train batch=290/1427 | elapsed=1.3 min | eta=5.1 min
[2026-08-13 12:10:54] INFO Epoch 023 | train batch=300/1427 | elapsed=1.3 min | eta=5.1 min
[2026-08-13 12:10:56] INFO Epoch 023 | train batch=310/1427 | elapsed=1.4 min | eta=5.0 min
[2026-08-13 12:10:59] INFO Epoch 023 | train batch=320/1427 | elapsed=1.4 min | eta=5.0 min
[2026-08-13 12:11:02] INFO Epoch 023 | train batch=330/1427 | elapsed=1.5 min | eta=4.9 min
[2026-08-13 12:11:04] INFO Epoch 023 | train batch=340/1427 | elapsed=1.5 min | eta=4.9 min
[2026-08-13 12:11:07] INFO Epoch 023 | train batch=350/1427 | elapsed=1.6 min | eta=4.8 min
[2026-08-13 12:11:10] INFO Epoch 023 | train batch=360/1427 | elapsed=1.6 min | eta=4.8 min
[2026-08-13 12:11:12] INFO Epoch 023 | train batch=370/1427 | elapsed=1.7 min | eta=4.7 min
[2026-08-13 12:11:15] INFO Epoch 023 | train batch=380/1427 | elapsed=1.7 min | eta=4.7 min
[2026-08-13 12:11:18] INFO Epoch 023 | train batch=390/1427 | elapsed=1.7 min | eta=4.6 min
[2026-08-13 12:11:20] INFO Epoch 023 | train batch=400/1427 | elapsed=1.8 min | eta=4.6 min
[2026-08-13 12:11:23] INFO Epoch 023 | train batch=410/1427 | elapsed=1.8 min | eta=4.5 min
[2026-08-13 12:11:26] INFO Epoch 023 | train batch=420/1427 | elapsed=1.9 min | eta=4.5 min
[2026-08-13 12:11:29] INFO Epoch 023 | train batch=430/1427 | elapsed=1.9 min | eta=4.5 min
[2026-08-13 12:11:32] INFO Epoch 023 | train batch=440/1427 | elapsed=2.0 min | eta=4.4 min
[2026-08-13 12:11:34] INFO Epoch 023 | train batch=450/1427 | elapsed=2.0 min | eta=4.4 min
[2026-08-13 12:11:37] INFO Epoch 023 | train batch=460/1427 | elapsed=2.1 min | eta=4.3 min
[2026-08-13 12:11:39] INFO Epoch 023 | train batch=470/1427 | elapsed=2.1 min | eta=4.3 min
[2026-08-13 12:11:42] INFO Epoch 023 | train batch=480/1427 | elapsed=2.2 min | eta=4.2 min
[2026-08-13 12:11:45] INFO Epoch 023 | train batch=490/1427 | elapsed=2.2 min | eta=4.2 min
[2026-08-13 12:11:48] INFO Epoch 023 | train batch=500/1427 | elapsed=2.2 min | eta=4.2 min
[2026-08-13 12:11:50] INFO Epoch 023 | train batch=510/1427 | elapsed=2.3 min | eta=4.1 min
[2026-08-13 12:11:53] INFO Epoch 023 | train batch=520/1427 | elapsed=2.3 min | eta=4.1 min
[2026-08-13 12:11:56] INFO Epoch 023 | train batch=530/1427 | elapsed=2.4 min | eta=4.0 min
[2026-08-13 12:11:58] INFO Epoch 023 | train batch=540/1427 | elapsed=2.4 min | eta=4.0 min
[2026-08-13 12:12:01] INFO Epoch 023 | train batch=550/1427 | elapsed=2.5 min | eta=3.9 min
[2026-08-13 12:12:04] INFO Epoch 023 | train batch=560/1427 | elapsed=2.5 min | eta=3.9 min
[2026-08-13 12:12:06] INFO Epoch 023 | train batch=570/1427 | elapsed=2.6 min | eta=3.8 min
[2026-08-13 12:12:09] INFO Epoch 023 | train batch=580/1427 | elapsed=2.6 min | eta=3.8 min
[2026-08-13 12:12:12] INFO Epoch 023 | train batch=590/1427 | elapsed=2.7 min | eta=3.8 min
[2026-08-13 12:12:15] INFO Epoch 023 | train batch=600/1427 | elapsed=2.7 min | eta=3.7 min
[2026-08-13 12:12:18] INFO Epoch 023 | train batch=610/1427 | elapsed=2.7 min | eta=3.7 min
[2026-08-13 12:12:20] INFO Epoch 023 | train batch=620/1427 | elapsed=2.8 min | eta=3.6 min
[2026-08-13 12:12:23] INFO Epoch 023 | train batch=630/1427 | elapsed=2.8 min | eta=3.6 min
[2026-08-13 12:12:25] INFO Epoch 023 | train batch=640/1427 | elapsed=2.9 min | eta=3.5 min
[2026-08-13 12:12:28] INFO Epoch 023 | train batch=650/1427 | elapsed=2.9 min | eta=3.5 min
[2026-08-13 12:12:31] INFO Epoch 023 | train batch=660/1427 | elapsed=3.0 min | eta=3.5 min
[2026-08-13 12:12:34] INFO Epoch 023 | train batch=670/1427 | elapsed=3.0 min | eta=3.4 min
[2026-08-13 12:12:36] INFO Epoch 023 | train batch=680/1427 | elapsed=3.1 min | eta=3.4 min
[2026-08-13 12:12:39] INFO Epoch 023 | train batch=690/1427 | elapsed=3.1 min | eta=3.3 min
[2026-08-13 12:12:42] INFO Epoch 023 | train batch=700/1427 | elapsed=3.1 min | eta=3.3 min
[2026-08-13 12:12:44] INFO Epoch 023 | train batch=710/1427 | elapsed=3.2 min | eta=3.2 min
[2026-08-13 12:12:47] INFO Epoch 023 | train batch=720/1427 | elapsed=3.2 min | eta=3.2 min
[2026-08-13 12:12:49] INFO Epoch 023 | train batch=730/1427 | elapsed=3.3 min | eta=3.1 min
[2026-08-13 12:12:52] INFO Epoch 023 | train batch=740/1427 | elapsed=3.3 min | eta=3.1 min
[2026-08-13 12:12:55] INFO Epoch 023 | train batch=750/1427 | elapsed=3.4 min | eta=3.0 min
[2026-08-13 12:12:58] INFO Epoch 023 | train batch=760/1427 | elapsed=3.4 min | eta=3.0 min
[2026-08-13 12:13:01] INFO Epoch 023 | train batch=770/1427 | elapsed=3.5 min | eta=3.0 min
[2026-08-13 12:13:04] INFO Epoch 023 | train batch=780/1427 | elapsed=3.5 min | eta=2.9 min
[2026-08-13 12:13:07] INFO Epoch 023 | train batch=790/1427 | elapsed=3.6 min | eta=2.9 min
[2026-08-13 12:13:09] INFO Epoch 023 | train batch=800/1427 | elapsed=3.6 min | eta=2.8 min
[2026-08-13 12:13:12] INFO Epoch 023 | train batch=810/1427 | elapsed=3.6 min | eta=2.8 min
[2026-08-13 12:13:14] INFO Epoch 023 | train batch=820/1427 | elapsed=3.7 min | eta=2.7 min
[2026-08-13 12:13:17] INFO Epoch 023 | train batch=830/1427 | elapsed=3.7 min | eta=2.7 min
[2026-08-13 12:13:20] INFO Epoch 023 | train batch=840/1427 | elapsed=3.8 min | eta=2.6 min
[2026-08-13 12:13:22] INFO Epoch 023 | train batch=850/1427 | elapsed=3.8 min | eta=2.6 min
[2026-08-13 12:13:25] INFO Epoch 023 | train batch=860/1427 | elapsed=3.9 min | eta=2.5 min
[2026-08-13 12:13:28] INFO Epoch 023 | train batch=870/1427 | elapsed=3.9 min | eta=2.5 min
[2026-08-13 12:13:30] INFO Epoch 023 | train batch=880/1427 | elapsed=4.0 min | eta=2.5 min
[2026-08-13 12:13:33] INFO Epoch 023 | train batch=890/1427 | elapsed=4.0 min | eta=2.4 min
[2026-08-13 12:13:36] INFO Epoch 023 | train batch=900/1427 | elapsed=4.0 min | eta=2.4 min
[2026-08-13 12:13:38] INFO Epoch 023 | train batch=910/1427 | elapsed=4.1 min | eta=2.3 min
[2026-08-13 12:13:41] INFO Epoch 023 | train batch=920/1427 | elapsed=4.1 min | eta=2.3 min
[2026-08-13 12:13:44] INFO Epoch 023 | train batch=930/1427 | elapsed=4.2 min | eta=2.2 min
[2026-08-13 12:13:47] INFO Epoch 023 | train batch=940/1427 | elapsed=4.2 min | eta=2.2 min
[2026-08-13 12:13:50] INFO Epoch 023 | train batch=950/1427 | elapsed=4.3 min | eta=2.1 min
[2026-08-13 12:13:52] INFO Epoch 023 | train batch=960/1427 | elapsed=4.3 min | eta=2.1 min
[2026-08-13 12:13:55] INFO Epoch 023 | train batch=970/1427 | elapsed=4.4 min | eta=2.1 min
[2026-08-13 12:13:58] INFO Epoch 023 | train batch=980/1427 | elapsed=4.4 min | eta=2.0 min
[2026-08-13 12:14:01] INFO Epoch 023 | train batch=990/1427 | elapsed=4.5 min | eta=2.0 min
[2026-08-13 12:14:03] INFO Epoch 023 | train batch=1000/1427 | elapsed=4.5 min | eta=1.9 min
[2026-08-13 12:14:06] INFO Epoch 023 | train batch=1010/1427 | elapsed=4.5 min | eta=1.9 min
[2026-08-13 12:14:09] INFO Epoch 023 | train batch=1020/1427 | elapsed=4.6 min | eta=1.8 min
[2026-08-13 12:14:11] INFO Epoch 023 | train batch=1030/1427 | elapsed=4.6 min | eta=1.8 min
[2026-08-13 12:14:14] INFO Epoch 023 | train batch=1040/1427 | elapsed=4.7 min | eta=1.7 min
[2026-08-13 12:14:17] INFO Epoch 023 | train batch=1050/1427 | elapsed=4.7 min | eta=1.7 min
[2026-08-13 12:14:19] INFO Epoch 023 | train batch=1060/1427 | elapsed=4.8 min | eta=1.7 min
[2026-08-13 12:14:22] INFO Epoch 023 | train batch=1070/1427 | elapsed=4.8 min | eta=1.6 min
[2026-08-13 12:14:24] INFO Epoch 023 | train batch=1080/1427 | elapsed=4.9 min | eta=1.6 min
[2026-08-13 12:14:27] INFO Epoch 023 | train batch=1090/1427 | elapsed=4.9 min | eta=1.5 min
[2026-08-13 12:14:29] INFO Epoch 023 | train batch=1100/1427 | elapsed=4.9 min | eta=1.5 min
[2026-08-13 12:14:32] INFO Epoch 023 | train batch=1110/1427 | elapsed=5.0 min | eta=1.4 min
[2026-08-13 12:14:35] INFO Epoch 023 | train batch=1120/1427 | elapsed=5.0 min | eta=1.4 min
[2026-08-13 12:14:37] INFO Epoch 023 | train batch=1130/1427 | elapsed=5.1 min | eta=1.3 min
[2026-08-13 12:14:40] INFO Epoch 023 | train batch=1140/1427 | elapsed=5.1 min | eta=1.3 min
[2026-08-13 12:14:42] INFO Epoch 023 | train batch=1150/1427 | elapsed=5.2 min | eta=1.2 min
[2026-08-13 12:14:45] INFO Epoch 023 | train batch=1160/1427 | elapsed=5.2 min | eta=1.2 min
[2026-08-13 12:14:47] INFO Epoch 023 | train batch=1170/1427 | elapsed=5.2 min | eta=1.2 min
[2026-08-13 12:14:50] INFO Epoch 023 | train batch=1180/1427 | elapsed=5.3 min | eta=1.1 min
[2026-08-13 12:14:53] INFO Epoch 023 | train batch=1190/1427 | elapsed=5.3 min | eta=1.1 min
[2026-08-13 12:14:56] INFO Epoch 023 | train batch=1200/1427 | elapsed=5.4 min | eta=1.0 min
[2026-08-13 12:14:59] INFO Epoch 023 | train batch=1210/1427 | elapsed=5.4 min | eta=1.0 min
[2026-08-13 12:15:02] INFO Epoch 023 | train batch=1220/1427 | elapsed=5.5 min | eta=0.9 min
[2026-08-13 12:15:04] INFO Epoch 023 | train batch=1230/1427 | elapsed=5.5 min | eta=0.9 min
[2026-08-13 12:15:07] INFO Epoch 023 | train batch=1240/1427 | elapsed=5.6 min | eta=0.8 min
[2026-08-13 12:15:10] INFO Epoch 023 | train batch=1250/1427 | elapsed=5.6 min | eta=0.8 min
[2026-08-13 12:15:12] INFO Epoch 023 | train batch=1260/1427 | elapsed=5.7 min | eta=0.7 min
[2026-08-13 12:15:15] INFO Epoch 023 | train batch=1270/1427 | elapsed=5.7 min | eta=0.7 min
[2026-08-13 12:15:18] INFO Epoch 023 | train batch=1280/1427 | elapsed=5.7 min | eta=0.7 min
[2026-08-13 12:15:20] INFO Epoch 023 | train batch=1290/1427 | elapsed=5.8 min | eta=0.6 min
[2026-08-13 12:15:23] INFO Epoch 023 | train batch=1300/1427 | elapsed=5.8 min | eta=0.6 min
[2026-08-13 12:15:25] INFO Epoch 023 | train batch=1310/1427 | elapsed=5.9 min | eta=0.5 min
[2026-08-13 12:15:28] INFO Epoch 023 | train batch=1320/1427 | elapsed=5.9 min | eta=0.5 min
[2026-08-13 12:15:31] INFO Epoch 023 | train batch=1330/1427 | elapsed=6.0 min | eta=0.4 min
[2026-08-13 12:15:33] INFO Epoch 023 | train batch=1340/1427 | elapsed=6.0 min | eta=0.4 min
[2026-08-13 12:15:36] INFO Epoch 023 | train batch=1350/1427 | elapsed=6.1 min | eta=0.3 min
[2026-08-13 12:15:39] INFO Epoch 023 | train batch=1360/1427 | elapsed=6.1 min | eta=0.3 min
[2026-08-13 12:15:42] INFO Epoch 023 | train batch=1370/1427 | elapsed=6.2 min | eta=0.3 min
[2026-08-13 12:15:45] INFO Epoch 023 | train batch=1380/1427 | elapsed=6.2 min | eta=0.2 min
[2026-08-13 12:15:47] INFO Epoch 023 | train batch=1390/1427 | elapsed=6.2 min | eta=0.2 min
[2026-08-13 12:15:50] INFO Epoch 023 | train batch=1400/1427 | elapsed=6.3 min | eta=0.1 min
[2026-08-13 12:15:53] INFO Epoch 023 | train batch=1410/1427 | elapsed=6.3 min | eta=0.1 min
[2026-08-13 12:15:55] INFO Epoch 023 | train batch=1420/1427 | elapsed=6.4 min | eta=0.0 min
[2026-08-13 12:15:57] INFO Epoch 023 | train batch=1427/1427 | elapsed=6.4 min | eta=0.0 min
[2026-08-13 12:15:57] INFO Epoch 023 | val batch=1/203 | elapsed=0.0 min | eta=0.3 min
[2026-08-13 12:15:58] INFO Epoch 023 | val batch=10/203 | elapsed=0.0 min | eta=0.4 min
[2026-08-13 12:15:59] INFO Epoch 023 | val batch=20/203 | elapsed=0.0 min | eta=0.4 min
[2026-08-13 12:16:01] INFO Epoch 023 | val batch=30/203 | elapsed=0.1 min | eta=0.4 min
[2026-08-13 12:16:02] INFO Epoch 023 | val batch=40/203 | elapsed=0.1 min | eta=0.4 min
[2026-08-13 12:16:03] INFO Epoch 023 | val batch=50/203 | elapsed=0.1 min | eta=0.3 min
[2026-08-13 12:16:05] INFO Epoch 023 | val batch=60/203 | elapsed=0.1 min | eta=0.3 min
[2026-08-13 12:16:06] INFO Epoch 023 | val batch=70/203 | elapsed=0.2 min | eta=0.3 min
[2026-08-13 12:16:07] INFO Epoch 023 | val batch=80/203 | elapsed=0.2 min | eta=0.3 min
[2026-08-13 12:16:09] INFO Epoch 023 | val batch=90/203 | elapsed=0.2 min | eta=0.2 min
[2026-08-13 12:16:10] INFO Epoch 023 | val batch=100/203 | elapsed=0.2 min | eta=0.2 min
[2026-08-13 12:16:11] INFO Epoch 023 | val batch=110/203 | elapsed=0.2 min | eta=0.2 min
[2026-08-13 12:16:13] INFO Epoch 023 | val batch=120/203 | elapsed=0.3 min | eta=0.2 min
[2026-08-13 12:16:14] INFO Epoch 023 | val batch=130/203 | elapsed=0.3 min | eta=0.2 min
[2026-08-13 12:16:15] INFO Epoch 023 | val batch=140/203 | elapsed=0.3 min | eta=0.1 min
[2026-08-13 12:16:17] INFO Epoch 023 | val batch=150/203 | elapsed=0.3 min | eta=0.1 min
[2026-08-13 12:16:18] INFO Epoch 023 | val batch=160/203 | elapsed=0.4 min | eta=0.1 min
[2026-08-13 12:16:19] INFO Epoch 023 | val batch=170/203 | elapsed=0.4 min | eta=0.1 min
[2026-08-13 12:16:21] INFO Epoch 023 | val batch=180/203 | elapsed=0.4 min | eta=0.1 min
[2026-08-13 12:16:22] INFO Epoch 023 | val batch=190/203 | elapsed=0.4 min | eta=0.0 min
[2026-08-13 12:16:23] INFO Epoch 023 | val batch=200/203 | elapsed=0.4 min | eta=0.0 min
[2026-08-13 12:16:23] INFO Epoch 023 | val batch=203/203 | elapsed=0.4 min | eta=0.0 min
[2026-08-13 12:16:23] INFO Epoch 023 | train_total=1.137980 | val_total=1.303379 | val_mask=0.971647 | val_retrieval=2.377101 | val_profile=0.940218 | val_anchors=660915 | val_positive_pairs=0 | val_hard_negatives=0 | val_relation_candidates=9654476 | val_teacher_keff=4.444 | val_student_keff=9.461 | val_masked_positions=1959223 | skipped(train/val)=0/0
[2026-08-13 12:16:23] INFO Epoch 024/050 started | train_batches=1427 | val_batches=203
[2026-08-13 12:16:24] INFO Epoch 024 | train batch=1/1427 | elapsed=0.0 min | eta=5.2 min
[2026-08-13 12:16:26] INFO Epoch 024 | train batch=10/1427 | elapsed=0.0 min | eta=6.1 min
[2026-08-13 12:16:29] INFO Epoch 024 | train batch=20/1427 | elapsed=0.1 min | eta=6.2 min
[2026-08-13 12:16:31] INFO Epoch 024 | train batch=30/1427 | elapsed=0.1 min | eta=6.0 min
[2026-08-13 12:16:34] INFO Epoch 024 | train batch=40/1427 | elapsed=0.2 min | eta=6.0 min
[2026-08-13 12:16:37] INFO Epoch 024 | train batch=50/1427 | elapsed=0.2 min | eta=6.1 min
[2026-08-13 12:16:39] INFO Epoch 024 | train batch=60/1427 | elapsed=0.3 min | eta=6.1 min
[2026-08-13 12:16:42] INFO Epoch 024 | train batch=70/1427 | elapsed=0.3 min | eta=6.0 min
[2026-08-13 12:16:45] INFO Epoch 024 | train batch=80/1427 | elapsed=0.4 min | eta=5.9 min
[2026-08-13 12:16:48] INFO Epoch 024 | train batch=90/1427 | elapsed=0.4 min | eta=5.9 min
[2026-08-13 12:16:50] INFO Epoch 024 | train batch=100/1427 | elapsed=0.4 min | eta=5.9 min
[2026-08-13 12:16:53] INFO Epoch 024 | train batch=110/1427 | elapsed=0.5 min | eta=5.9 min
[2026-08-13 12:16:56] INFO Epoch 024 | train batch=120/1427 | elapsed=0.5 min | eta=5.9 min
[2026-08-13 12:16:59] INFO Epoch 024 | train batch=130/1427 | elapsed=0.6 min | eta=5.9 min
[2026-08-13 12:17:02] INFO Epoch 024 | train batch=140/1427 | elapsed=0.6 min | eta=5.8 min
[2026-08-13 12:17:04] INFO Epoch 024 | train batch=150/1427 | elapsed=0.7 min | eta=5.8 min
[2026-08-13 12:17:07] INFO Epoch 024 | train batch=160/1427 | elapsed=0.7 min | eta=5.7 min
[2026-08-13 12:17:09] INFO Epoch 024 | train batch=170/1427 | elapsed=0.8 min | eta=5.6 min
[2026-08-13 12:17:12] INFO Epoch 024 | train batch=180/1427 | elapsed=0.8 min | eta=5.6 min
[2026-08-13 12:17:14] INFO Epoch 024 | train batch=190/1427 | elapsed=0.8 min | eta=5.5 min
[2026-08-13 12:17:17] INFO Epoch 024 | train batch=200/1427 | elapsed=0.9 min | eta=5.5 min
[2026-08-13 12:17:20] INFO Epoch 024 | train batch=210/1427 | elapsed=0.9 min | eta=5.4 min
[2026-08-13 12:17:22] INFO Epoch 024 | train batch=220/1427 | elapsed=1.0 min | eta=5.4 min
[2026-08-13 12:17:25] INFO Epoch 024 | train batch=230/1427 | elapsed=1.0 min | eta=5.3 min
[2026-08-13 12:17:28] INFO Epoch 024 | train batch=240/1427 | elapsed=1.1 min | eta=5.3 min
[2026-08-13 12:17:30] INFO Epoch 024 | train batch=250/1427 | elapsed=1.1 min | eta=5.2 min
[2026-08-13 12:17:33] INFO Epoch 024 | train batch=260/1427 | elapsed=1.2 min | eta=5.2 min
[2026-08-13 12:17:35] INFO Epoch 024 | train batch=270/1427 | elapsed=1.2 min | eta=5.1 min
[2026-08-13 12:17:38] INFO Epoch 024 | train batch=280/1427 | elapsed=1.2 min | eta=5.1 min
[2026-08-13 12:17:40] INFO Epoch 024 | train batch=290/1427 | elapsed=1.3 min | eta=5.0 min
[2026-08-13 12:17:43] INFO Epoch 024 | train batch=300/1427 | elapsed=1.3 min | eta=5.0 min
[2026-08-13 12:17:46] INFO Epoch 024 | train batch=310/1427 | elapsed=1.4 min | eta=4.9 min
[2026-08-13 12:17:48] INFO Epoch 024 | train batch=320/1427 | elapsed=1.4 min | eta=4.9 min
[2026-08-13 12:17:51] INFO Epoch 024 | train batch=330/1427 | elapsed=1.5 min | eta=4.8 min
[2026-08-13 12:17:54] INFO Epoch 024 | train batch=340/1427 | elapsed=1.5 min | eta=4.8 min
[2026-08-13 12:17:57] INFO Epoch 024 | train batch=350/1427 | elapsed=1.6 min | eta=4.8 min
[2026-08-13 12:17:59] INFO Epoch 024 | train batch=360/1427 | elapsed=1.6 min | eta=4.7 min
[2026-08-13 12:18:02] INFO Epoch 024 | train batch=370/1427 | elapsed=1.6 min | eta=4.7 min
[2026-08-13 12:18:05] INFO Epoch 024 | train batch=380/1427 | elapsed=1.7 min | eta=4.6 min
[2026-08-13 12:18:07] INFO Epoch 024 | train batch=390/1427 | elapsed=1.7 min | eta=4.6 min
[2026-08-13 12:18:09] INFO Epoch 024 | train batch=400/1427 | elapsed=1.8 min | eta=4.5 min
[2026-08-13 12:18:12] INFO Epoch 024 | train batch=410/1427 | elapsed=1.8 min | eta=4.5 min
[2026-08-13 12:18:15] INFO Epoch 024 | train batch=420/1427 | elapsed=1.9 min | eta=4.4 min
[2026-08-13 12:18:17] INFO Epoch 024 | train batch=430/1427 | elapsed=1.9 min | eta=4.4 min
[2026-08-13 12:18:20] INFO Epoch 024 | train batch=440/1427 | elapsed=1.9 min | eta=4.3 min
[2026-08-13 12:18:23] INFO Epoch 024 | train batch=450/1427 | elapsed=2.0 min | eta=4.3 min
[2026-08-13 12:18:25] INFO Epoch 024 | train batch=460/1427 | elapsed=2.0 min | eta=4.3 min
[2026-08-13 12:18:28] INFO Epoch 024 | train batch=470/1427 | elapsed=2.1 min | eta=4.2 min
[2026-08-13 12:18:31] INFO Epoch 024 | train batch=480/1427 | elapsed=2.1 min | eta=4.2 min
[2026-08-13 12:18:34] INFO Epoch 024 | train batch=490/1427 | elapsed=2.2 min | eta=4.2 min
[2026-08-13 12:18:37] INFO Epoch 024 | train batch=500/1427 | elapsed=2.2 min | eta=4.1 min
[2026-08-13 12:18:39] INFO Epoch 024 | train batch=510/1427 | elapsed=2.3 min | eta=4.1 min
[2026-08-13 12:18:42] INFO Epoch 024 | train batch=520/1427 | elapsed=2.3 min | eta=4.0 min
[2026-08-13 12:18:45] INFO Epoch 024 | train batch=530/1427 | elapsed=2.4 min | eta=4.0 min
[2026-08-13 12:18:47] INFO Epoch 024 | train batch=540/1427 | elapsed=2.4 min | eta=3.9 min
[2026-08-13 12:18:50] INFO Epoch 024 | train batch=550/1427 | elapsed=2.4 min | eta=3.9 min
[2026-08-13 12:18:53] INFO Epoch 024 | train batch=560/1427 | elapsed=2.5 min | eta=3.8 min
[2026-08-13 12:18:55] INFO Epoch 024 | train batch=570/1427 | elapsed=2.5 min | eta=3.8 min
[2026-08-13 12:18:58] INFO Epoch 024 | train batch=580/1427 | elapsed=2.6 min | eta=3.8 min
[2026-08-13 12:19:00] INFO Epoch 024 | train batch=590/1427 | elapsed=2.6 min | eta=3.7 min
[2026-08-13 12:19:03] INFO Epoch 024 | train batch=600/1427 | elapsed=2.7 min | eta=3.7 min
[2026-08-13 12:19:06] INFO Epoch 024 | train batch=610/1427 | elapsed=2.7 min | eta=3.6 min
[2026-08-13 12:19:08] INFO Epoch 024 | train batch=620/1427 | elapsed=2.7 min | eta=3.6 min
[2026-08-13 12:19:11] INFO Epoch 024 | train batch=630/1427 | elapsed=2.8 min | eta=3.5 min
[2026-08-13 12:19:14] INFO Epoch 024 | train batch=640/1427 | elapsed=2.8 min | eta=3.5 min
[2026-08-13 12:19:16] INFO Epoch 024 | train batch=650/1427 | elapsed=2.9 min | eta=3.4 min
[2026-08-13 12:19:19] INFO Epoch 024 | train batch=660/1427 | elapsed=2.9 min | eta=3.4 min
[2026-08-13 12:19:22] INFO Epoch 024 | train batch=670/1427 | elapsed=3.0 min | eta=3.4 min
[2026-08-13 12:19:24] INFO Epoch 024 | train batch=680/1427 | elapsed=3.0 min | eta=3.3 min
[2026-08-13 12:19:27] INFO Epoch 024 | train batch=690/1427 | elapsed=3.1 min | eta=3.3 min
[2026-08-13 12:19:30] INFO Epoch 024 | train batch=700/1427 | elapsed=3.1 min | eta=3.2 min
[2026-08-13 12:19:33] INFO Epoch 024 | train batch=710/1427 | elapsed=3.2 min | eta=3.2 min
[2026-08-13 12:19:35] INFO Epoch 024 | train batch=720/1427 | elapsed=3.2 min | eta=3.1 min
[2026-08-13 12:19:38] INFO Epoch 024 | train batch=730/1427 | elapsed=3.2 min | eta=3.1 min
[2026-08-13 12:19:41] INFO Epoch 024 | train batch=740/1427 | elapsed=3.3 min | eta=3.1 min
[2026-08-13 12:19:43] INFO Epoch 024 | train batch=750/1427 | elapsed=3.3 min | eta=3.0 min
[2026-08-13 12:19:46] INFO Epoch 024 | train batch=760/1427 | elapsed=3.4 min | eta=3.0 min
[2026-08-13 12:19:49] INFO Epoch 024 | train batch=770/1427 | elapsed=3.4 min | eta=2.9 min
[2026-08-13 12:19:51] INFO Epoch 024 | train batch=780/1427 | elapsed=3.5 min | eta=2.9 min
[2026-08-13 12:19:54] INFO Epoch 024 | train batch=790/1427 | elapsed=3.5 min | eta=2.8 min
[2026-08-13 12:19:56] INFO Epoch 024 | train batch=800/1427 | elapsed=3.5 min | eta=2.8 min
[2026-08-13 12:19:59] INFO Epoch 024 | train batch=810/1427 | elapsed=3.6 min | eta=2.7 min
[2026-08-13 12:20:01] INFO Epoch 024 | train batch=820/1427 | elapsed=3.6 min | eta=2.7 min
[2026-08-13 12:20:04] INFO Epoch 024 | train batch=830/1427 | elapsed=3.7 min | eta=2.6 min
[2026-08-13 12:20:07] INFO Epoch 024 | train batch=840/1427 | elapsed=3.7 min | eta=2.6 min
[2026-08-13 12:20:10] INFO Epoch 024 | train batch=850/1427 | elapsed=3.8 min | eta=2.6 min
[2026-08-13 12:20:12] INFO Epoch 024 | train batch=860/1427 | elapsed=3.8 min | eta=2.5 min
[2026-08-13 12:20:15] INFO Epoch 024 | train batch=870/1427 | elapsed=3.9 min | eta=2.5 min
[2026-08-13 12:20:18] INFO Epoch 024 | train batch=880/1427 | elapsed=3.9 min | eta=2.4 min
[2026-08-13 12:20:21] INFO Epoch 024 | train batch=890/1427 | elapsed=4.0 min | eta=2.4 min
[2026-08-13 12:20:23] INFO Epoch 024 | train batch=900/1427 | elapsed=4.0 min | eta=2.3 min
[2026-08-13 12:20:26] INFO Epoch 024 | train batch=910/1427 | elapsed=4.0 min | eta=2.3 min
[2026-08-13 12:20:29] INFO Epoch 024 | train batch=920/1427 | elapsed=4.1 min | eta=2.3 min
[2026-08-13 12:20:32] INFO Epoch 024 | train batch=930/1427 | elapsed=4.1 min | eta=2.2 min
[2026-08-13 12:20:34] INFO Epoch 024 | train batch=940/1427 | elapsed=4.2 min | eta=2.2 min
[2026-08-13 12:20:37] INFO Epoch 024 | train batch=950/1427 | elapsed=4.2 min | eta=2.1 min
[2026-08-13 12:20:39] INFO Epoch 024 | train batch=960/1427 | elapsed=4.3 min | eta=2.1 min
[2026-08-13 12:20:42] INFO Epoch 024 | train batch=970/1427 | elapsed=4.3 min | eta=2.0 min
[2026-08-13 12:20:45] INFO Epoch 024 | train batch=980/1427 | elapsed=4.4 min | eta=2.0 min
[2026-08-13 12:20:48] INFO Epoch 024 | train batch=990/1427 | elapsed=4.4 min | eta=1.9 min
[2026-08-13 12:20:50] INFO Epoch 024 | train batch=1000/1427 | elapsed=4.4 min | eta=1.9 min
[2026-08-13 12:20:53] INFO Epoch 024 | train batch=1010/1427 | elapsed=4.5 min | eta=1.9 min
[2026-08-13 12:20:56] INFO Epoch 024 | train batch=1020/1427 | elapsed=4.5 min | eta=1.8 min
[2026-08-13 12:20:59] INFO Epoch 024 | train batch=1030/1427 | elapsed=4.6 min | eta=1.8 min
[2026-08-13 12:21:02] INFO Epoch 024 | train batch=1040/1427 | elapsed=4.6 min | eta=1.7 min
[2026-08-13 12:21:04] INFO Epoch 024 | train batch=1050/1427 | elapsed=4.7 min | eta=1.7 min
[2026-08-13 12:21:07] INFO Epoch 024 | train batch=1060/1427 | elapsed=4.7 min | eta=1.6 min
[2026-08-13 12:21:09] INFO Epoch 024 | train batch=1070/1427 | elapsed=4.8 min | eta=1.6 min
[2026-08-13 12:21:12] INFO Epoch 024 | train batch=1080/1427 | elapsed=4.8 min | eta=1.5 min
[2026-08-13 12:21:15] INFO Epoch 024 | train batch=1090/1427 | elapsed=4.9 min | eta=1.5 min
[2026-08-13 12:21:17] INFO Epoch 024 | train batch=1100/1427 | elapsed=4.9 min | eta=1.5 min
[2026-08-13 12:21:20] INFO Epoch 024 | train batch=1110/1427 | elapsed=4.9 min | eta=1.4 min
[2026-08-13 12:21:23] INFO Epoch 024 | train batch=1120/1427 | elapsed=5.0 min | eta=1.4 min
[2026-08-13 12:21:26] INFO Epoch 024 | train batch=1130/1427 | elapsed=5.0 min | eta=1.3 min
[2026-08-13 12:21:28] INFO Epoch 024 | train batch=1140/1427 | elapsed=5.1 min | eta=1.3 min
[2026-08-13 12:21:31] INFO Epoch 024 | train batch=1150/1427 | elapsed=5.1 min | eta=1.2 min
[2026-08-13 12:21:34] INFO Epoch 024 | train batch=1160/1427 | elapsed=5.2 min | eta=1.2 min
[2026-08-13 12:21:37] INFO Epoch 024 | train batch=1170/1427 | elapsed=5.2 min | eta=1.1 min
[2026-08-13 12:21:39] INFO Epoch 024 | train batch=1180/1427 | elapsed=5.3 min | eta=1.1 min
[2026-08-13 12:21:42] INFO Epoch 024 | train batch=1190/1427 | elapsed=5.3 min | eta=1.1 min
[2026-08-13 12:21:45] INFO Epoch 024 | train batch=1200/1427 | elapsed=5.4 min | eta=1.0 min
[2026-08-13 12:21:47] INFO Epoch 024 | train batch=1210/1427 | elapsed=5.4 min | eta=1.0 min
[2026-08-13 12:21:50] INFO Epoch 024 | train batch=1220/1427 | elapsed=5.4 min | eta=0.9 min
[2026-08-13 12:21:53] INFO Epoch 024 | train batch=1230/1427 | elapsed=5.5 min | eta=0.9 min
[2026-08-13 12:21:55] INFO Epoch 024 | train batch=1240/1427 | elapsed=5.5 min | eta=0.8 min
[2026-08-13 12:21:58] INFO Epoch 024 | train batch=1250/1427 | elapsed=5.6 min | eta=0.8 min
[2026-08-13 12:22:01] INFO Epoch 024 | train batch=1260/1427 | elapsed=5.6 min | eta=0.7 min
[2026-08-13 12:22:03] INFO Epoch 024 | train batch=1270/1427 | elapsed=5.7 min | eta=0.7 min
[2026-08-13 12:22:06] INFO Epoch 024 | train batch=1280/1427 | elapsed=5.7 min | eta=0.7 min
[2026-08-13 12:22:09] INFO Epoch 024 | train batch=1290/1427 | elapsed=5.8 min | eta=0.6 min
[2026-08-13 12:22:11] INFO Epoch 024 | train batch=1300/1427 | elapsed=5.8 min | eta=0.6 min
[2026-08-13 12:22:14] INFO Epoch 024 | train batch=1310/1427 | elapsed=5.8 min | eta=0.5 min
[2026-08-13 12:22:16] INFO Epoch 024 | train batch=1320/1427 | elapsed=5.9 min | eta=0.5 min
[2026-08-13 12:22:19] INFO Epoch 024 | train batch=1330/1427 | elapsed=5.9 min | eta=0.4 min
[2026-08-13 12:22:22] INFO Epoch 024 | train batch=1340/1427 | elapsed=6.0 min | eta=0.4 min
[2026-08-13 12:22:24] INFO Epoch 024 | train batch=1350/1427 | elapsed=6.0 min | eta=0.3 min
[2026-08-13 12:22:27] INFO Epoch 024 | train batch=1360/1427 | elapsed=6.1 min | eta=0.3 min
[2026-08-13 12:22:30] INFO Epoch 024 | train batch=1370/1427 | elapsed=6.1 min | eta=0.3 min
[2026-08-13 12:22:32] INFO Epoch 024 | train batch=1380/1427 | elapsed=6.1 min | eta=0.2 min
[2026-08-13 12:22:35] INFO Epoch 024 | train batch=1390/1427 | elapsed=6.2 min | eta=0.2 min
[2026-08-13 12:22:38] INFO Epoch 024 | train batch=1400/1427 | elapsed=6.2 min | eta=0.1 min
[2026-08-13 12:22:40] INFO Epoch 024 | train batch=1410/1427 | elapsed=6.3 min | eta=0.1 min
[2026-08-13 12:22:43] INFO Epoch 024 | train batch=1420/1427 | elapsed=6.3 min | eta=0.0 min
[2026-08-13 12:22:44] INFO Epoch 024 | train batch=1427/1427 | elapsed=6.3 min | eta=0.0 min
[2026-08-13 12:22:45] INFO Epoch 024 | val batch=1/203 | elapsed=0.0 min | eta=0.3 min
[2026-08-13 12:22:46] INFO Epoch 024 | val batch=10/203 | elapsed=0.0 min | eta=0.4 min
[2026-08-13 12:22:47] INFO Epoch 024 | val batch=20/203 | elapsed=0.0 min | eta=0.4 min
[2026-08-13 12:22:48] INFO Epoch 024 | val batch=30/203 | elapsed=0.1 min | eta=0.4 min
[2026-08-13 12:22:50] INFO Epoch 024 | val batch=40/203 | elapsed=0.1 min | eta=0.4 min
[2026-08-13 12:22:51] INFO Epoch 024 | val batch=50/203 | elapsed=0.1 min | eta=0.3 min
[2026-08-13 12:22:52] INFO Epoch 024 | val batch=60/203 | elapsed=0.1 min | eta=0.3 min
[2026-08-13 12:22:54] INFO Epoch 024 | val batch=70/203 | elapsed=0.2 min | eta=0.3 min
[2026-08-13 12:22:55] INFO Epoch 024 | val batch=80/203 | elapsed=0.2 min | eta=0.3 min
[2026-08-13 12:22:56] INFO Epoch 024 | val batch=90/203 | elapsed=0.2 min | eta=0.2 min
[2026-08-13 12:22:58] INFO Epoch 024 | val batch=100/203 | elapsed=0.2 min | eta=0.2 min
[2026-08-13 12:22:59] INFO Epoch 024 | val batch=110/203 | elapsed=0.2 min | eta=0.2 min
[2026-08-13 12:23:00] INFO Epoch 024 | val batch=120/203 | elapsed=0.3 min | eta=0.2 min
[2026-08-13 12:23:02] INFO Epoch 024 | val batch=130/203 | elapsed=0.3 min | eta=0.2 min
[2026-08-13 12:23:03] INFO Epoch 024 | val batch=140/203 | elapsed=0.3 min | eta=0.1 min
[2026-08-13 12:23:04] INFO Epoch 024 | val batch=150/203 | elapsed=0.3 min | eta=0.1 min
[2026-08-13 12:23:06] INFO Epoch 024 | val batch=160/203 | elapsed=0.4 min | eta=0.1 min
[2026-08-13 12:23:07] INFO Epoch 024 | val batch=170/203 | elapsed=0.4 min | eta=0.1 min
[2026-08-13 12:23:08] INFO Epoch 024 | val batch=180/203 | elapsed=0.4 min | eta=0.1 min
[2026-08-13 12:23:09] INFO Epoch 024 | val batch=190/203 | elapsed=0.4 min | eta=0.0 min
[2026-08-13 12:23:11] INFO Epoch 024 | val batch=200/203 | elapsed=0.4 min | eta=0.0 min
[2026-08-13 12:23:11] INFO Epoch 024 | val batch=203/203 | elapsed=0.4 min | eta=0.0 min
[2026-08-13 12:23:11] INFO Epoch 024 | train_total=1.100542 | val_total=1.138659 | val_mask=0.807214 | val_retrieval=2.372455 | val_profile=0.941991 | val_anchors=660915 | val_positive_pairs=0 | val_hard_negatives=0 | val_relation_candidates=9654476 | val_teacher_keff=4.444 | val_student_keff=9.527 | val_masked_positions=1961100 | skipped(train/val)=0/0
[2026-08-13 12:23:11] INFO Relation checkpoint updated | epoch=24 | best_val_relation=2.372455 | path=C:\Users\clw\projects\researchRep\STAnchor-BlockMemory\artifacts\metrla_e5_final_sym_profile_local12_seed42\pretrain_best_relation.pt
[2026-08-13 12:23:11] INFO Epoch 025/050 started | train_batches=1427 | val_batches=203
[2026-08-13 12:23:11] INFO Epoch 025 | train batch=1/1427 | elapsed=0.0 min | eta=5.2 min
[2026-08-13 12:23:14] INFO Epoch 025 | train batch=10/1427 | elapsed=0.0 min | eta=6.1 min
[2026-08-13 12:23:16] INFO Epoch 025 | train batch=20/1427 | elapsed=0.1 min | eta=6.3 min
[2026-08-13 12:23:19] INFO Epoch 025 | train batch=30/1427 | elapsed=0.1 min | eta=6.1 min
[2026-08-13 12:23:22] INFO Epoch 025 | train batch=40/1427 | elapsed=0.2 min | eta=6.1 min
[2026-08-13 12:23:24] INFO Epoch 025 | train batch=50/1427 | elapsed=0.2 min | eta=6.0 min
[2026-08-13 12:23:27] INFO Epoch 025 | train batch=60/1427 | elapsed=0.3 min | eta=6.0 min
[2026-08-13 12:23:29] INFO Epoch 025 | train batch=70/1427 | elapsed=0.3 min | eta=5.9 min
[2026-08-13 12:23:32] INFO Epoch 025 | train batch=80/1427 | elapsed=0.4 min | eta=5.9 min
[2026-08-13 12:23:35] INFO Epoch 025 | train batch=90/1427 | elapsed=0.4 min | eta=5.9 min
[2026-08-13 12:23:38] INFO Epoch 025 | train batch=100/1427 | elapsed=0.4 min | eta=5.9 min
[2026-08-13 12:23:40] INFO Epoch 025 | train batch=110/1427 | elapsed=0.5 min | eta=5.8 min
[2026-08-13 12:23:43] INFO Epoch 025 | train batch=120/1427 | elapsed=0.5 min | eta=5.8 min
[2026-08-13 12:23:45] INFO Epoch 025 | train batch=130/1427 | elapsed=0.6 min | eta=5.7 min
[2026-08-13 12:23:48] INFO Epoch 025 | train batch=140/1427 | elapsed=0.6 min | eta=5.7 min
[2026-08-13 12:23:51] INFO Epoch 025 | train batch=150/1427 | elapsed=0.7 min | eta=5.6 min
[2026-08-13 12:23:54] INFO Epoch 025 | train batch=160/1427 | elapsed=0.7 min | eta=5.6 min
[2026-08-13 12:23:57] INFO Epoch 025 | train batch=170/1427 | elapsed=0.8 min | eta=5.6 min
[2026-08-13 12:23:59] INFO Epoch 025 | train batch=180/1427 | elapsed=0.8 min | eta=5.6 min
[2026-08-13 12:24:02] INFO Epoch 025 | train batch=190/1427 | elapsed=0.8 min | eta=5.5 min
[2026-08-13 12:24:04] INFO Epoch 025 | train batch=200/1427 | elapsed=0.9 min | eta=5.4 min
[2026-08-13 12:24:07] INFO Epoch 025 | train batch=210/1427 | elapsed=0.9 min | eta=5.4 min
[2026-08-13 12:24:10] INFO Epoch 025 | train batch=220/1427 | elapsed=1.0 min | eta=5.3 min
[2026-08-13 12:24:13] INFO Epoch 025 | train batch=230/1427 | elapsed=1.0 min | eta=5.3 min
[2026-08-13 12:24:15] INFO Epoch 025 | train batch=240/1427 | elapsed=1.1 min | eta=5.3 min
[2026-08-13 12:24:18] INFO Epoch 025 | train batch=250/1427 | elapsed=1.1 min | eta=5.3 min
[2026-08-13 12:24:21] INFO Epoch 025 | train batch=260/1427 | elapsed=1.2 min | eta=5.2 min
[2026-08-13 12:24:24] INFO Epoch 025 | train batch=270/1427 | elapsed=1.2 min | eta=5.2 min
[2026-08-13 12:24:27] INFO Epoch 025 | train batch=280/1427 | elapsed=1.3 min | eta=5.2 min
[2026-08-13 12:24:29] INFO Epoch 025 | train batch=290/1427 | elapsed=1.3 min | eta=5.1 min
[2026-08-13 12:24:32] INFO Epoch 025 | train batch=300/1427 | elapsed=1.3 min | eta=5.1 min
[2026-08-13 12:24:35] INFO Epoch 025 | train batch=310/1427 | elapsed=1.4 min | eta=5.0 min
[2026-08-13 12:24:37] INFO Epoch 025 | train batch=320/1427 | elapsed=1.4 min | eta=4.9 min
[2026-08-13 12:24:40] INFO Epoch 025 | train batch=330/1427 | elapsed=1.5 min | eta=4.9 min
[2026-08-13 12:24:43] INFO Epoch 025 | train batch=340/1427 | elapsed=1.5 min | eta=4.9 min
[2026-08-13 12:24:45] INFO Epoch 025 | train batch=350/1427 | elapsed=1.6 min | eta=4.8 min
[2026-08-13 12:24:48] INFO Epoch 025 | train batch=360/1427 | elapsed=1.6 min | eta=4.8 min
[2026-08-13 12:24:50] INFO Epoch 025 | train batch=370/1427 | elapsed=1.7 min | eta=4.7 min
[2026-08-13 12:24:53] INFO Epoch 025 | train batch=380/1427 | elapsed=1.7 min | eta=4.7 min
[2026-08-13 12:24:56] INFO Epoch 025 | train batch=390/1427 | elapsed=1.7 min | eta=4.6 min
[2026-08-13 12:24:58] INFO Epoch 025 | train batch=400/1427 | elapsed=1.8 min | eta=4.6 min
[2026-08-13 12:25:01] INFO Epoch 025 | train batch=410/1427 | elapsed=1.8 min | eta=4.5 min
[2026-08-13 12:25:04] INFO Epoch 025 | train batch=420/1427 | elapsed=1.9 min | eta=4.5 min
[2026-08-13 12:25:06] INFO Epoch 025 | train batch=430/1427 | elapsed=1.9 min | eta=4.4 min
[2026-08-13 12:25:09] INFO Epoch 025 | train batch=440/1427 | elapsed=2.0 min | eta=4.4 min
[2026-08-13 12:25:12] INFO Epoch 025 | train batch=450/1427 | elapsed=2.0 min | eta=4.4 min
[2026-08-13 12:25:15] INFO Epoch 025 | train batch=460/1427 | elapsed=2.1 min | eta=4.3 min
[2026-08-13 12:25:17] INFO Epoch 025 | train batch=470/1427 | elapsed=2.1 min | eta=4.3 min
[2026-08-13 12:25:20] INFO Epoch 025 | train batch=480/1427 | elapsed=2.2 min | eta=4.3 min
[2026-08-13 12:25:23] INFO Epoch 025 | train batch=490/1427 | elapsed=2.2 min | eta=4.2 min
[2026-08-13 12:25:26] INFO Epoch 025 | train batch=500/1427 | elapsed=2.2 min | eta=4.2 min
[2026-08-13 12:25:28] INFO Epoch 025 | train batch=510/1427 | elapsed=2.3 min | eta=4.1 min
[2026-08-13 12:25:31] INFO Epoch 025 | train batch=520/1427 | elapsed=2.3 min | eta=4.1 min
[2026-08-13 12:25:34] INFO Epoch 025 | train batch=530/1427 | elapsed=2.4 min | eta=4.0 min
[2026-08-13 12:25:36] INFO Epoch 025 | train batch=540/1427 | elapsed=2.4 min | eta=4.0 min
[2026-08-13 12:25:39] INFO Epoch 025 | train batch=550/1427 | elapsed=2.5 min | eta=3.9 min
[2026-08-13 12:25:41] INFO Epoch 025 | train batch=560/1427 | elapsed=2.5 min | eta=3.9 min
[2026-08-13 12:25:44] INFO Epoch 025 | train batch=570/1427 | elapsed=2.5 min | eta=3.8 min
[2026-08-13 12:25:47] INFO Epoch 025 | train batch=580/1427 | elapsed=2.6 min | eta=3.8 min
[2026-08-13 12:25:49] INFO Epoch 025 | train batch=590/1427 | elapsed=2.6 min | eta=3.7 min
[2026-08-13 12:25:52] INFO Epoch 025 | train batch=600/1427 | elapsed=2.7 min | eta=3.7 min
[2026-08-13 12:25:54] INFO Epoch 025 | train batch=610/1427 | elapsed=2.7 min | eta=3.6 min
[2026-08-13 12:25:57] INFO Epoch 025 | train batch=620/1427 | elapsed=2.8 min | eta=3.6 min
[2026-08-13 12:26:00] INFO Epoch 025 | train batch=630/1427 | elapsed=2.8 min | eta=3.6 min
[2026-08-13 12:26:03] INFO Epoch 025 | train batch=640/1427 | elapsed=2.9 min | eta=3.5 min
[2026-08-13 12:26:06] INFO Epoch 025 | train batch=650/1427 | elapsed=2.9 min | eta=3.5 min
[2026-08-13 12:26:08] INFO Epoch 025 | train batch=660/1427 | elapsed=3.0 min | eta=3.4 min
[2026-08-13 12:26:11] INFO Epoch 025 | train batch=670/1427 | elapsed=3.0 min | eta=3.4 min
[2026-08-13 12:26:14] INFO Epoch 025 | train batch=680/1427 | elapsed=3.0 min | eta=3.3 min
[2026-08-13 12:26:16] INFO Epoch 025 | train batch=690/1427 | elapsed=3.1 min | eta=3.3 min
[2026-08-13 12:26:19] INFO Epoch 025 | train batch=700/1427 | elapsed=3.1 min | eta=3.3 min
[2026-08-13 12:26:22] INFO Epoch 025 | train batch=710/1427 | elapsed=3.2 min | eta=3.2 min
[2026-08-13 12:26:24] INFO Epoch 025 | train batch=720/1427 | elapsed=3.2 min | eta=3.2 min
[2026-08-13 12:26:27] INFO Epoch 025 | train batch=730/1427 | elapsed=3.3 min | eta=3.1 min
[2026-08-13 12:26:30] INFO Epoch 025 | train batch=740/1427 | elapsed=3.3 min | eta=3.1 min
[2026-08-13 12:26:32] INFO Epoch 025 | train batch=750/1427 | elapsed=3.3 min | eta=3.0 min
[2026-08-13 12:26:34] INFO Epoch 025 | train batch=760/1427 | elapsed=3.4 min | eta=3.0 min
[2026-08-13 12:26:37] INFO Epoch 025 | train batch=770/1427 | elapsed=3.4 min | eta=2.9 min
[2026-08-13 12:26:40] INFO Epoch 025 | train batch=780/1427 | elapsed=3.5 min | eta=2.9 min
[2026-08-13 12:26:43] INFO Epoch 025 | train batch=790/1427 | elapsed=3.5 min | eta=2.8 min
[2026-08-13 12:26:46] INFO Epoch 025 | train batch=800/1427 | elapsed=3.6 min | eta=2.8 min
[2026-08-13 12:26:49] INFO Epoch 025 | train batch=810/1427 | elapsed=3.6 min | eta=2.8 min
[2026-08-13 12:26:51] INFO Epoch 025 | train batch=820/1427 | elapsed=3.7 min | eta=2.7 min
[2026-08-13 12:26:54] INFO Epoch 025 | train batch=830/1427 | elapsed=3.7 min | eta=2.7 min
[2026-08-13 12:26:57] INFO Epoch 025 | train batch=840/1427 | elapsed=3.8 min | eta=2.6 min
[2026-08-13 12:27:00] INFO Epoch 025 | train batch=850/1427 | elapsed=3.8 min | eta=2.6 min
[2026-08-13 12:27:02] INFO Epoch 025 | train batch=860/1427 | elapsed=3.9 min | eta=2.5 min
[2026-08-13 12:27:05] INFO Epoch 025 | train batch=870/1427 | elapsed=3.9 min | eta=2.5 min
[2026-08-13 12:27:08] INFO Epoch 025 | train batch=880/1427 | elapsed=3.9 min | eta=2.5 min
[2026-08-13 12:27:10] INFO Epoch 025 | train batch=890/1427 | elapsed=4.0 min | eta=2.4 min
[2026-08-13 12:27:13] INFO Epoch 025 | train batch=900/1427 | elapsed=4.0 min | eta=2.4 min
[2026-08-13 12:27:16] INFO Epoch 025 | train batch=910/1427 | elapsed=4.1 min | eta=2.3 min
[2026-08-13 12:27:19] INFO Epoch 025 | train batch=920/1427 | elapsed=4.1 min | eta=2.3 min
[2026-08-13 12:27:21] INFO Epoch 025 | train batch=930/1427 | elapsed=4.2 min | eta=2.2 min
[2026-08-13 12:27:24] INFO Epoch 025 | train batch=940/1427 | elapsed=4.2 min | eta=2.2 min
[2026-08-13 12:27:27] INFO Epoch 025 | train batch=950/1427 | elapsed=4.3 min | eta=2.1 min
[2026-08-13 12:27:29] INFO Epoch 025 | train batch=960/1427 | elapsed=4.3 min | eta=2.1 min
[2026-08-13 12:27:31] INFO Epoch 025 | train batch=970/1427 | elapsed=4.3 min | eta=2.0 min
[2026-08-13 12:27:34] INFO Epoch 025 | train batch=980/1427 | elapsed=4.4 min | eta=2.0 min
[2026-08-13 12:27:37] INFO Epoch 025 | train batch=990/1427 | elapsed=4.4 min | eta=2.0 min
[2026-08-13 12:27:40] INFO Epoch 025 | train batch=1000/1427 | elapsed=4.5 min | eta=1.9 min
[2026-08-13 12:27:42] INFO Epoch 025 | train batch=1010/1427 | elapsed=4.5 min | eta=1.9 min
[2026-08-13 12:27:45] INFO Epoch 025 | train batch=1020/1427 | elapsed=4.6 min | eta=1.8 min
[2026-08-13 12:27:48] INFO Epoch 025 | train batch=1030/1427 | elapsed=4.6 min | eta=1.8 min
[2026-08-13 12:27:50] INFO Epoch 025 | train batch=1040/1427 | elapsed=4.7 min | eta=1.7 min
[2026-08-13 12:27:53] INFO Epoch 025 | train batch=1050/1427 | elapsed=4.7 min | eta=1.7 min
[2026-08-13 12:27:56] INFO Epoch 025 | train batch=1060/1427 | elapsed=4.7 min | eta=1.6 min
[2026-08-13 12:27:59] INFO Epoch 025 | train batch=1070/1427 | elapsed=4.8 min | eta=1.6 min
[2026-08-13 12:28:01] INFO Epoch 025 | train batch=1080/1427 | elapsed=4.8 min | eta=1.6 min
[2026-08-13 12:28:04] INFO Epoch 025 | train batch=1090/1427 | elapsed=4.9 min | eta=1.5 min
[2026-08-13 12:28:07] INFO Epoch 025 | train batch=1100/1427 | elapsed=4.9 min | eta=1.5 min
[2026-08-13 12:28:09] INFO Epoch 025 | train batch=1110/1427 | elapsed=5.0 min | eta=1.4 min
[2026-08-13 12:28:12] INFO Epoch 025 | train batch=1120/1427 | elapsed=5.0 min | eta=1.4 min
[2026-08-13 12:28:15] INFO Epoch 025 | train batch=1130/1427 | elapsed=5.1 min | eta=1.3 min
[2026-08-13 12:28:17] INFO Epoch 025 | train batch=1140/1427 | elapsed=5.1 min | eta=1.3 min
[2026-08-13 12:28:20] INFO Epoch 025 | train batch=1150/1427 | elapsed=5.1 min | eta=1.2 min
[2026-08-13 12:28:23] INFO Epoch 025 | train batch=1160/1427 | elapsed=5.2 min | eta=1.2 min
[2026-08-13 12:28:25] INFO Epoch 025 | train batch=1170/1427 | elapsed=5.2 min | eta=1.2 min
[2026-08-13 12:28:28] INFO Epoch 025 | train batch=1180/1427 | elapsed=5.3 min | eta=1.1 min
[2026-08-13 12:28:31] INFO Epoch 025 | train batch=1190/1427 | elapsed=5.3 min | eta=1.1 min
[2026-08-13 12:28:33] INFO Epoch 025 | train batch=1200/1427 | elapsed=5.4 min | eta=1.0 min
[2026-08-13 12:28:36] INFO Epoch 025 | train batch=1210/1427 | elapsed=5.4 min | eta=1.0 min
[2026-08-13 12:28:38] INFO Epoch 025 | train batch=1220/1427 | elapsed=5.5 min | eta=0.9 min
[2026-08-13 12:28:41] INFO Epoch 025 | train batch=1230/1427 | elapsed=5.5 min | eta=0.9 min
[2026-08-13 12:28:44] INFO Epoch 025 | train batch=1240/1427 | elapsed=5.5 min | eta=0.8 min
[2026-08-13 12:28:46] INFO Epoch 025 | train batch=1250/1427 | elapsed=5.6 min | eta=0.8 min
[2026-08-13 12:28:49] INFO Epoch 025 | train batch=1260/1427 | elapsed=5.6 min | eta=0.7 min
[2026-08-13 12:28:52] INFO Epoch 025 | train batch=1270/1427 | elapsed=5.7 min | eta=0.7 min
[2026-08-13 12:28:54] INFO Epoch 025 | train batch=1280/1427 | elapsed=5.7 min | eta=0.7 min
[2026-08-13 12:28:57] INFO Epoch 025 | train batch=1290/1427 | elapsed=5.8 min | eta=0.6 min
[2026-08-13 12:29:00] INFO Epoch 025 | train batch=1300/1427 | elapsed=5.8 min | eta=0.6 min
[2026-08-13 12:29:03] INFO Epoch 025 | train batch=1310/1427 | elapsed=5.9 min | eta=0.5 min
[2026-08-13 12:29:05] INFO Epoch 025 | train batch=1320/1427 | elapsed=5.9 min | eta=0.5 min
[2026-08-13 12:29:07] INFO Epoch 025 | train batch=1330/1427 | elapsed=5.9 min | eta=0.4 min
[2026-08-13 12:29:10] INFO Epoch 025 | train batch=1340/1427 | elapsed=6.0 min | eta=0.4 min
[2026-08-13 12:29:13] INFO Epoch 025 | train batch=1350/1427 | elapsed=6.0 min | eta=0.3 min
[2026-08-13 12:29:15] INFO Epoch 025 | train batch=1360/1427 | elapsed=6.1 min | eta=0.3 min
[2026-08-13 12:29:18] INFO Epoch 025 | train batch=1370/1427 | elapsed=6.1 min | eta=0.3 min
[2026-08-13 12:29:21] INFO Epoch 025 | train batch=1380/1427 | elapsed=6.2 min | eta=0.2 min
[2026-08-13 12:29:23] INFO Epoch 025 | train batch=1390/1427 | elapsed=6.2 min | eta=0.2 min
[2026-08-13 12:29:26] INFO Epoch 025 | train batch=1400/1427 | elapsed=6.3 min | eta=0.1 min
[2026-08-13 12:29:29] INFO Epoch 025 | train batch=1410/1427 | elapsed=6.3 min | eta=0.1 min
[2026-08-13 12:29:32] INFO Epoch 025 | train batch=1420/1427 | elapsed=6.3 min | eta=0.0 min
[2026-08-13 12:29:33] INFO Epoch 025 | train batch=1427/1427 | elapsed=6.4 min | eta=0.0 min
[2026-08-13 12:29:33] INFO Epoch 025 | val batch=1/203 | elapsed=0.0 min | eta=0.3 min
[2026-08-13 12:29:35] INFO Epoch 025 | val batch=10/203 | elapsed=0.0 min | eta=0.4 min
[2026-08-13 12:29:36] INFO Epoch 025 | val batch=20/203 | elapsed=0.0 min | eta=0.4 min
[2026-08-13 12:29:37] INFO Epoch 025 | val batch=30/203 | elapsed=0.1 min | eta=0.4 min
[2026-08-13 12:29:39] INFO Epoch 025 | val batch=40/203 | elapsed=0.1 min | eta=0.4 min
[2026-08-13 12:29:40] INFO Epoch 025 | val batch=50/203 | elapsed=0.1 min | eta=0.3 min
[2026-08-13 12:29:41] INFO Epoch 025 | val batch=60/203 | elapsed=0.1 min | eta=0.3 min
[2026-08-13 12:29:43] INFO Epoch 025 | val batch=70/203 | elapsed=0.2 min | eta=0.3 min
[2026-08-13 12:29:44] INFO Epoch 025 | val batch=80/203 | elapsed=0.2 min | eta=0.3 min
[2026-08-13 12:29:45] INFO Epoch 025 | val batch=90/203 | elapsed=0.2 min | eta=0.2 min
[2026-08-13 12:29:47] INFO Epoch 025 | val batch=100/203 | elapsed=0.2 min | eta=0.2 min
[2026-08-13 12:29:48] INFO Epoch 025 | val batch=110/203 | elapsed=0.2 min | eta=0.2 min
[2026-08-13 12:29:49] INFO Epoch 025 | val batch=120/203 | elapsed=0.3 min | eta=0.2 min
[2026-08-13 12:29:50] INFO Epoch 025 | val batch=130/203 | elapsed=0.3 min | eta=0.2 min
[2026-08-13 12:29:52] INFO Epoch 025 | val batch=140/203 | elapsed=0.3 min | eta=0.1 min
[2026-08-13 12:29:53] INFO Epoch 025 | val batch=150/203 | elapsed=0.3 min | eta=0.1 min
[2026-08-13 12:29:54] INFO Epoch 025 | val batch=160/203 | elapsed=0.4 min | eta=0.1 min
[2026-08-13 12:29:56] INFO Epoch 025 | val batch=170/203 | elapsed=0.4 min | eta=0.1 min
[2026-08-13 12:29:57] INFO Epoch 025 | val batch=180/203 | elapsed=0.4 min | eta=0.1 min
[2026-08-13 12:29:58] INFO Epoch 025 | val batch=190/203 | elapsed=0.4 min | eta=0.0 min
[2026-08-13 12:30:00] INFO Epoch 025 | val batch=200/203 | elapsed=0.4 min | eta=0.0 min
[2026-08-13 12:30:00] INFO Epoch 025 | val batch=203/203 | elapsed=0.4 min | eta=0.0 min
[2026-08-13 12:30:00] INFO Epoch 025 | train_total=1.073494 | val_total=0.997128 | val_mask=0.665338 | val_retrieval=2.374116 | val_profile=0.943785 | val_anchors=660915 | val_positive_pairs=0 | val_hard_negatives=0 | val_relation_candidates=9654476 | val_teacher_keff=4.444 | val_student_keff=9.343 | val_masked_positions=1958039 | skipped(train/val)=0/0
[2026-08-13 12:30:00] INFO Epoch 026/050 started | train_batches=1427 | val_batches=203
[2026-08-13 12:30:00] INFO Epoch 026 | train batch=1/1427 | elapsed=0.0 min | eta=5.2 min
[2026-08-13 12:30:02] INFO Epoch 026 | train batch=10/1427 | elapsed=0.0 min | eta=5.3 min
[2026-08-13 12:30:05] INFO Epoch 026 | train batch=20/1427 | elapsed=0.1 min | eta=5.9 min
[2026-08-13 12:30:07] INFO Epoch 026 | train batch=30/1427 | elapsed=0.1 min | eta=5.7 min
[2026-08-13 12:30:10] INFO Epoch 026 | train batch=40/1427 | elapsed=0.2 min | eta=5.8 min
[2026-08-13 12:30:12] INFO Epoch 026 | train batch=50/1427 | elapsed=0.2 min | eta=5.7 min
[2026-08-13 12:30:16] INFO Epoch 026 | train batch=60/1427 | elapsed=0.3 min | eta=5.9 min
[2026-08-13 12:30:18] INFO Epoch 026 | train batch=70/1427 | elapsed=0.3 min | eta=5.9 min
[2026-08-13 12:30:21] INFO Epoch 026 | train batch=80/1427 | elapsed=0.4 min | eta=5.9 min
[2026-08-13 12:30:24] INFO Epoch 026 | train batch=90/1427 | elapsed=0.4 min | eta=5.9 min
[2026-08-13 12:30:27] INFO Epoch 026 | train batch=100/1427 | elapsed=0.4 min | eta=5.9 min
[2026-08-13 12:30:29] INFO Epoch 026 | train batch=110/1427 | elapsed=0.5 min | eta=5.8 min
[2026-08-13 12:30:32] INFO Epoch 026 | train batch=120/1427 | elapsed=0.5 min | eta=5.8 min
[2026-08-13 12:30:35] INFO Epoch 026 | train batch=130/1427 | elapsed=0.6 min | eta=5.8 min
[2026-08-13 12:30:38] INFO Epoch 026 | train batch=140/1427 | elapsed=0.6 min | eta=5.8 min
[2026-08-13 12:30:40] INFO Epoch 026 | train batch=150/1427 | elapsed=0.7 min | eta=5.7 min
[2026-08-13 12:30:43] INFO Epoch 026 | train batch=160/1427 | elapsed=0.7 min | eta=5.6 min
[2026-08-13 12:30:45] INFO Epoch 026 | train batch=170/1427 | elapsed=0.8 min | eta=5.6 min
[2026-08-13 12:30:48] INFO Epoch 026 | train batch=180/1427 | elapsed=0.8 min | eta=5.5 min
[2026-08-13 12:30:51] INFO Epoch 026 | train batch=190/1427 | elapsed=0.8 min | eta=5.5 min
[2026-08-13 12:30:53] INFO Epoch 026 | train batch=200/1427 | elapsed=0.9 min | eta=5.4 min
[2026-08-13 12:30:56] INFO Epoch 026 | train batch=210/1427 | elapsed=0.9 min | eta=5.4 min
[2026-08-13 12:30:59] INFO Epoch 026 | train batch=220/1427 | elapsed=1.0 min | eta=5.3 min
[2026-08-13 12:31:01] INFO Epoch 026 | train batch=230/1427 | elapsed=1.0 min | eta=5.3 min
[2026-08-13 12:31:04] INFO Epoch 026 | train batch=240/1427 | elapsed=1.1 min | eta=5.3 min
[2026-08-13 12:31:06] INFO Epoch 026 | train batch=250/1427 | elapsed=1.1 min | eta=5.2 min
[2026-08-13 12:31:09] INFO Epoch 026 | train batch=260/1427 | elapsed=1.1 min | eta=5.2 min
[2026-08-13 12:31:12] INFO Epoch 026 | train batch=270/1427 | elapsed=1.2 min | eta=5.1 min
[2026-08-13 12:31:14] INFO Epoch 026 | train batch=280/1427 | elapsed=1.2 min | eta=5.1 min
[2026-08-13 12:31:17] INFO Epoch 026 | train batch=290/1427 | elapsed=1.3 min | eta=5.0 min
[2026-08-13 12:31:19] INFO Epoch 026 | train batch=300/1427 | elapsed=1.3 min | eta=5.0 min
[2026-08-13 12:31:22] INFO Epoch 026 | train batch=310/1427 | elapsed=1.4 min | eta=4.9 min
[2026-08-13 12:31:25] INFO Epoch 026 | train batch=320/1427 | elapsed=1.4 min | eta=4.9 min
[2026-08-13 12:31:27] INFO Epoch 026 | train batch=330/1427 | elapsed=1.5 min | eta=4.8 min
[2026-08-13 12:31:30] INFO Epoch 026 | train batch=340/1427 | elapsed=1.5 min | eta=4.8 min
[2026-08-13 12:31:33] INFO Epoch 026 | train batch=350/1427 | elapsed=1.5 min | eta=4.7 min
[2026-08-13 12:31:35] INFO Epoch 026 | train batch=360/1427 | elapsed=1.6 min | eta=4.7 min
[2026-08-13 12:31:38] INFO Epoch 026 | train batch=370/1427 | elapsed=1.6 min | eta=4.7 min
[2026-08-13 12:31:41] INFO Epoch 026 | train batch=380/1427 | elapsed=1.7 min | eta=4.6 min
[2026-08-13 12:31:43] INFO Epoch 026 | train batch=390/1427 | elapsed=1.7 min | eta=4.6 min
[2026-08-13 12:31:46] INFO Epoch 026 | train batch=400/1427 | elapsed=1.8 min | eta=4.5 min
[2026-08-13 12:31:49] INFO Epoch 026 | train batch=410/1427 | elapsed=1.8 min | eta=4.5 min
[2026-08-13 12:31:51] INFO Epoch 026 | train batch=420/1427 | elapsed=1.9 min | eta=4.5 min
[2026-08-13 12:31:54] INFO Epoch 026 | train batch=430/1427 | elapsed=1.9 min | eta=4.4 min
[2026-08-13 12:31:57] INFO Epoch 026 | train batch=440/1427 | elapsed=2.0 min | eta=4.4 min
[2026-08-13 12:32:00] INFO Epoch 026 | train batch=450/1427 | elapsed=2.0 min | eta=4.3 min
[2026-08-13 12:32:02] INFO Epoch 026 | train batch=460/1427 | elapsed=2.0 min | eta=4.3 min
[2026-08-13 12:32:05] INFO Epoch 026 | train batch=470/1427 | elapsed=2.1 min | eta=4.2 min
[2026-08-13 12:32:08] INFO Epoch 026 | train batch=480/1427 | elapsed=2.1 min | eta=4.2 min
[2026-08-13 12:32:10] INFO Epoch 026 | train batch=490/1427 | elapsed=2.2 min | eta=4.2 min
[2026-08-13 12:32:13] INFO Epoch 026 | train batch=500/1427 | elapsed=2.2 min | eta=4.1 min
[2026-08-13 12:32:16] INFO Epoch 026 | train batch=510/1427 | elapsed=2.3 min | eta=4.1 min
[2026-08-13 12:32:18] INFO Epoch 026 | train batch=520/1427 | elapsed=2.3 min | eta=4.0 min
[2026-08-13 12:32:21] INFO Epoch 026 | train batch=530/1427 | elapsed=2.3 min | eta=4.0 min
[2026-08-13 12:32:23] INFO Epoch 026 | train batch=540/1427 | elapsed=2.4 min | eta=3.9 min
[2026-08-13 12:32:26] INFO Epoch 026 | train batch=550/1427 | elapsed=2.4 min | eta=3.9 min
[2026-08-13 12:32:29] INFO Epoch 026 | train batch=560/1427 | elapsed=2.5 min | eta=3.8 min
[2026-08-13 12:32:32] INFO Epoch 026 | train batch=570/1427 | elapsed=2.5 min | eta=3.8 min
[2026-08-13 12:32:34] INFO Epoch 026 | train batch=580/1427 | elapsed=2.6 min | eta=3.8 min
[2026-08-13 12:32:37] INFO Epoch 026 | train batch=590/1427 | elapsed=2.6 min | eta=3.7 min
[2026-08-13 12:32:39] INFO Epoch 026 | train batch=600/1427 | elapsed=2.7 min | eta=3.7 min
[2026-08-13 12:32:42] INFO Epoch 026 | train batch=610/1427 | elapsed=2.7 min | eta=3.6 min
[2026-08-13 12:32:44] INFO Epoch 026 | train batch=620/1427 | elapsed=2.7 min | eta=3.6 min
[2026-08-13 12:32:47] INFO Epoch 026 | train batch=630/1427 | elapsed=2.8 min | eta=3.5 min
[2026-08-13 12:32:50] INFO Epoch 026 | train batch=640/1427 | elapsed=2.8 min | eta=3.5 min
[2026-08-13 12:32:52] INFO Epoch 026 | train batch=650/1427 | elapsed=2.9 min | eta=3.4 min
[2026-08-13 12:32:55] INFO Epoch 026 | train batch=660/1427 | elapsed=2.9 min | eta=3.4 min
[2026-08-13 12:32:58] INFO Epoch 026 | train batch=670/1427 | elapsed=3.0 min | eta=3.3 min
[2026-08-13 12:33:01] INFO Epoch 026 | train batch=680/1427 | elapsed=3.0 min | eta=3.3 min
[2026-08-13 12:33:03] INFO Epoch 026 | train batch=690/1427 | elapsed=3.1 min | eta=3.3 min
[2026-08-13 12:33:06] INFO Epoch 026 | train batch=700/1427 | elapsed=3.1 min | eta=3.2 min
[2026-08-13 12:33:09] INFO Epoch 026 | train batch=710/1427 | elapsed=3.1 min | eta=3.2 min
[2026-08-13 12:33:12] INFO Epoch 026 | train batch=720/1427 | elapsed=3.2 min | eta=3.1 min
[2026-08-13 12:33:14] INFO Epoch 026 | train batch=730/1427 | elapsed=3.2 min | eta=3.1 min
[2026-08-13 12:33:17] INFO Epoch 026 | train batch=740/1427 | elapsed=3.3 min | eta=3.1 min
[2026-08-13 12:33:20] INFO Epoch 026 | train batch=750/1427 | elapsed=3.3 min | eta=3.0 min
[2026-08-13 12:33:22] INFO Epoch 026 | train batch=760/1427 | elapsed=3.4 min | eta=3.0 min
[2026-08-13 12:33:25] INFO Epoch 026 | train batch=770/1427 | elapsed=3.4 min | eta=2.9 min
[2026-08-13 12:33:28] INFO Epoch 026 | train batch=780/1427 | elapsed=3.5 min | eta=2.9 min
[2026-08-13 12:33:31] INFO Epoch 026 | train batch=790/1427 | elapsed=3.5 min | eta=2.8 min
[2026-08-13 12:33:33] INFO Epoch 026 | train batch=800/1427 | elapsed=3.6 min | eta=2.8 min
[2026-08-13 12:33:36] INFO Epoch 026 | train batch=810/1427 | elapsed=3.6 min | eta=2.7 min
[2026-08-13 12:33:39] INFO Epoch 026 | train batch=820/1427 | elapsed=3.6 min | eta=2.7 min
[2026-08-13 12:33:42] INFO Epoch 026 | train batch=830/1427 | elapsed=3.7 min | eta=2.7 min
[2026-08-13 12:33:45] INFO Epoch 026 | train batch=840/1427 | elapsed=3.7 min | eta=2.6 min
[2026-08-13 12:33:47] INFO Epoch 026 | train batch=850/1427 | elapsed=3.8 min | eta=2.6 min
[2026-08-13 12:33:50] INFO Epoch 026 | train batch=860/1427 | elapsed=3.8 min | eta=2.5 min
[2026-08-13 12:33:53] INFO Epoch 026 | train batch=870/1427 | elapsed=3.9 min | eta=2.5 min
[2026-08-13 12:33:55] INFO Epoch 026 | train batch=880/1427 | elapsed=3.9 min | eta=2.4 min
[2026-08-13 12:33:58] INFO Epoch 026 | train batch=890/1427 | elapsed=4.0 min | eta=2.4 min
[2026-08-13 12:34:00] INFO Epoch 026 | train batch=900/1427 | elapsed=4.0 min | eta=2.3 min
[2026-08-13 12:34:03] INFO Epoch 026 | train batch=910/1427 | elapsed=4.1 min | eta=2.3 min
[2026-08-13 12:34:06] INFO Epoch 026 | train batch=920/1427 | elapsed=4.1 min | eta=2.3 min
[2026-08-13 12:34:08] INFO Epoch 026 | train batch=930/1427 | elapsed=4.1 min | eta=2.2 min
[2026-08-13 12:34:11] INFO Epoch 026 | train batch=940/1427 | elapsed=4.2 min | eta=2.2 min
[2026-08-13 12:34:14] INFO Epoch 026 | train batch=950/1427 | elapsed=4.2 min | eta=2.1 min
[2026-08-13 12:34:17] INFO Epoch 026 | train batch=960/1427 | elapsed=4.3 min | eta=2.1 min
[2026-08-13 12:34:19] INFO Epoch 026 | train batch=970/1427 | elapsed=4.3 min | eta=2.0 min
[2026-08-13 12:34:22] INFO Epoch 026 | train batch=980/1427 | elapsed=4.4 min | eta=2.0 min
[2026-08-13 12:34:25] INFO Epoch 026 | train batch=990/1427 | elapsed=4.4 min | eta=1.9 min
[2026-08-13 12:34:28] INFO Epoch 026 | train batch=1000/1427 | elapsed=4.5 min | eta=1.9 min
[2026-08-13 12:34:30] INFO Epoch 026 | train batch=1010/1427 | elapsed=4.5 min | eta=1.9 min
[2026-08-13 12:34:33] INFO Epoch 026 | train batch=1020/1427 | elapsed=4.6 min | eta=1.8 min
[2026-08-13 12:34:36] INFO Epoch 026 | train batch=1030/1427 | elapsed=4.6 min | eta=1.8 min
[2026-08-13 12:34:39] INFO Epoch 026 | train batch=1040/1427 | elapsed=4.6 min | eta=1.7 min
[2026-08-13 12:34:42] INFO Epoch 026 | train batch=1050/1427 | elapsed=4.7 min | eta=1.7 min
[2026-08-13 12:34:44] INFO Epoch 026 | train batch=1060/1427 | elapsed=4.7 min | eta=1.6 min
[2026-08-13 12:34:47] INFO Epoch 026 | train batch=1070/1427 | elapsed=4.8 min | eta=1.6 min
[2026-08-13 12:34:50] INFO Epoch 026 | train batch=1080/1427 | elapsed=4.8 min | eta=1.6 min
[2026-08-13 12:34:52] INFO Epoch 026 | train batch=1090/1427 | elapsed=4.9 min | eta=1.5 min
[2026-08-13 12:34:55] INFO Epoch 026 | train batch=1100/1427 | elapsed=4.9 min | eta=1.5 min
[2026-08-13 12:34:57] INFO Epoch 026 | train batch=1110/1427 | elapsed=5.0 min | eta=1.4 min
[2026-08-13 12:35:00] INFO Epoch 026 | train batch=1120/1427 | elapsed=5.0 min | eta=1.4 min
[2026-08-13 12:35:03] INFO Epoch 026 | train batch=1130/1427 | elapsed=5.0 min | eta=1.3 min
[2026-08-13 12:35:05] INFO Epoch 026 | train batch=1140/1427 | elapsed=5.1 min | eta=1.3 min
[2026-08-13 12:35:08] INFO Epoch 026 | train batch=1150/1427 | elapsed=5.1 min | eta=1.2 min
[2026-08-13 12:35:11] INFO Epoch 026 | train batch=1160/1427 | elapsed=5.2 min | eta=1.2 min
[2026-08-13 12:35:13] INFO Epoch 026 | train batch=1170/1427 | elapsed=5.2 min | eta=1.1 min
[2026-08-13 12:35:16] INFO Epoch 026 | train batch=1180/1427 | elapsed=5.3 min | eta=1.1 min
[2026-08-13 12:35:19] INFO Epoch 026 | train batch=1190/1427 | elapsed=5.3 min | eta=1.1 min
[2026-08-13 12:35:21] INFO Epoch 026 | train batch=1200/1427 | elapsed=5.4 min | eta=1.0 min
[2026-08-13 12:35:24] INFO Epoch 026 | train batch=1210/1427 | elapsed=5.4 min | eta=1.0 min
[2026-08-13 12:35:27] INFO Epoch 026 | train batch=1220/1427 | elapsed=5.5 min | eta=0.9 min
[2026-08-13 12:35:30] INFO Epoch 026 | train batch=1230/1427 | elapsed=5.5 min | eta=0.9 min
[2026-08-13 12:35:33] INFO Epoch 026 | train batch=1240/1427 | elapsed=5.5 min | eta=0.8 min
[2026-08-13 12:35:35] INFO Epoch 026 | train batch=1250/1427 | elapsed=5.6 min | eta=0.8 min
[2026-08-13 12:35:38] INFO Epoch 026 | train batch=1260/1427 | elapsed=5.6 min | eta=0.7 min
[2026-08-13 12:35:41] INFO Epoch 026 | train batch=1270/1427 | elapsed=5.7 min | eta=0.7 min
[2026-08-13 12:35:44] INFO Epoch 026 | train batch=1280/1427 | elapsed=5.7 min | eta=0.7 min
[2026-08-13 12:35:46] INFO Epoch 026 | train batch=1290/1427 | elapsed=5.8 min | eta=0.6 min
[2026-08-13 12:35:49] INFO Epoch 026 | train batch=1300/1427 | elapsed=5.8 min | eta=0.6 min
[2026-08-13 12:35:52] INFO Epoch 026 | train batch=1310/1427 | elapsed=5.9 min | eta=0.5 min
[2026-08-13 12:35:55] INFO Epoch 026 | train batch=1320/1427 | elapsed=5.9 min | eta=0.5 min
[2026-08-13 12:35:57] INFO Epoch 026 | train batch=1330/1427 | elapsed=6.0 min | eta=0.4 min
[2026-08-13 12:36:00] INFO Epoch 026 | train batch=1340/1427 | elapsed=6.0 min | eta=0.4 min
[2026-08-13 12:36:03] INFO Epoch 026 | train batch=1350/1427 | elapsed=6.1 min | eta=0.3 min
[2026-08-13 12:36:06] INFO Epoch 026 | train batch=1360/1427 | elapsed=6.1 min | eta=0.3 min
[2026-08-13 12:36:09] INFO Epoch 026 | train batch=1370/1427 | elapsed=6.1 min | eta=0.3 min
[2026-08-13 12:36:12] INFO Epoch 026 | train batch=1380/1427 | elapsed=6.2 min | eta=0.2 min
[2026-08-13 12:36:14] INFO Epoch 026 | train batch=1390/1427 | elapsed=6.2 min | eta=0.2 min
[2026-08-13 12:36:17] INFO Epoch 026 | train batch=1400/1427 | elapsed=6.3 min | eta=0.1 min
[2026-08-13 12:36:19] INFO Epoch 026 | train batch=1410/1427 | elapsed=6.3 min | eta=0.1 min
[2026-08-13 12:36:22] INFO Epoch 026 | train batch=1420/1427 | elapsed=6.4 min | eta=0.0 min
[2026-08-13 12:36:24] INFO Epoch 026 | train batch=1427/1427 | elapsed=6.4 min | eta=0.0 min
[2026-08-13 12:36:24] INFO Epoch 026 | val batch=1/203 | elapsed=0.0 min | eta=0.3 min
[2026-08-13 12:36:25] INFO Epoch 026 | val batch=10/203 | elapsed=0.0 min | eta=0.4 min
[2026-08-13 12:36:26] INFO Epoch 026 | val batch=20/203 | elapsed=0.0 min | eta=0.4 min
[2026-08-13 12:36:28] INFO Epoch 026 | val batch=30/203 | elapsed=0.1 min | eta=0.4 min
[2026-08-13 12:36:29] INFO Epoch 026 | val batch=40/203 | elapsed=0.1 min | eta=0.4 min
[2026-08-13 12:36:30] INFO Epoch 026 | val batch=50/203 | elapsed=0.1 min | eta=0.3 min
[2026-08-13 12:36:32] INFO Epoch 026 | val batch=60/203 | elapsed=0.1 min | eta=0.3 min
[2026-08-13 12:36:33] INFO Epoch 026 | val batch=70/203 | elapsed=0.2 min | eta=0.3 min
[2026-08-13 12:36:34] INFO Epoch 026 | val batch=80/203 | elapsed=0.2 min | eta=0.3 min
[2026-08-13 12:36:36] INFO Epoch 026 | val batch=90/203 | elapsed=0.2 min | eta=0.2 min
[2026-08-13 12:36:37] INFO Epoch 026 | val batch=100/203 | elapsed=0.2 min | eta=0.2 min
[2026-08-13 12:36:38] INFO Epoch 026 | val batch=110/203 | elapsed=0.2 min | eta=0.2 min
[2026-08-13 12:36:40] INFO Epoch 026 | val batch=120/203 | elapsed=0.3 min | eta=0.2 min
[2026-08-13 12:36:41] INFO Epoch 026 | val batch=130/203 | elapsed=0.3 min | eta=0.2 min
[2026-08-13 12:36:42] INFO Epoch 026 | val batch=140/203 | elapsed=0.3 min | eta=0.1 min
[2026-08-13 12:36:43] INFO Epoch 026 | val batch=150/203 | elapsed=0.3 min | eta=0.1 min
[2026-08-13 12:36:45] INFO Epoch 026 | val batch=160/203 | elapsed=0.4 min | eta=0.1 min
[2026-08-13 12:36:46] INFO Epoch 026 | val batch=170/203 | elapsed=0.4 min | eta=0.1 min
[2026-08-13 12:36:47] INFO Epoch 026 | val batch=180/203 | elapsed=0.4 min | eta=0.1 min
[2026-08-13 12:36:49] INFO Epoch 026 | val batch=190/203 | elapsed=0.4 min | eta=0.0 min
[2026-08-13 12:36:50] INFO Epoch 026 | val batch=200/203 | elapsed=0.4 min | eta=0.0 min
[2026-08-13 12:36:50] INFO Epoch 026 | val batch=203/203 | elapsed=0.4 min | eta=0.0 min
[2026-08-13 12:36:50] INFO Epoch 026 | train_total=1.064544 | val_total=1.118359 | val_mask=0.786281 | val_retrieval=2.372280 | val_profile=0.948497 | val_anchors=660915 | val_positive_pairs=0 | val_hard_negatives=0 | val_relation_candidates=9654476 | val_teacher_keff=4.444 | val_student_keff=9.265 | val_masked_positions=1957844 | skipped(train/val)=0/0
[2026-08-13 12:36:50] INFO Relation checkpoint updated | epoch=26 | best_val_relation=2.372280 | path=C:\Users\clw\projects\researchRep\STAnchor-BlockMemory\artifacts\metrla_e5_final_sym_profile_local12_seed42\pretrain_best_relation.pt
[2026-08-13 12:36:50] INFO Epoch 027/050 started | train_batches=1427 | val_batches=203
[2026-08-13 12:36:51] INFO Epoch 027 | train batch=1/1427 | elapsed=0.0 min | eta=7.6 min
[2026-08-13 12:36:53] INFO Epoch 027 | train batch=10/1427 | elapsed=0.0 min | eta=7.1 min
[2026-08-13 12:36:56] INFO Epoch 027 | train batch=20/1427 | elapsed=0.1 min | eta=6.8 min
[2026-08-13 12:36:58] INFO Epoch 027 | train batch=30/1427 | elapsed=0.1 min | eta=6.3 min
[2026-08-13 12:37:01] INFO Epoch 027 | train batch=40/1427 | elapsed=0.2 min | eta=6.3 min
[2026-08-13 12:37:04] INFO Epoch 027 | train batch=50/1427 | elapsed=0.2 min | eta=6.3 min
[2026-08-13 12:37:07] INFO Epoch 027 | train batch=60/1427 | elapsed=0.3 min | eta=6.2 min
[2026-08-13 12:37:09] INFO Epoch 027 | train batch=70/1427 | elapsed=0.3 min | eta=6.1 min
[2026-08-13 12:37:12] INFO Epoch 027 | train batch=80/1427 | elapsed=0.4 min | eta=6.0 min
[2026-08-13 12:37:15] INFO Epoch 027 | train batch=90/1427 | elapsed=0.4 min | eta=6.0 min
[2026-08-13 12:37:17] INFO Epoch 027 | train batch=100/1427 | elapsed=0.4 min | eta=5.9 min
[2026-08-13 12:37:20] INFO Epoch 027 | train batch=110/1427 | elapsed=0.5 min | eta=5.9 min
[2026-08-13 12:37:22] INFO Epoch 027 | train batch=120/1427 | elapsed=0.5 min | eta=5.8 min
[2026-08-13 12:37:25] INFO Epoch 027 | train batch=130/1427 | elapsed=0.6 min | eta=5.8 min
[2026-08-13 12:37:27] INFO Epoch 027 | train batch=140/1427 | elapsed=0.6 min | eta=5.7 min
[2026-08-13 12:37:30] INFO Epoch 027 | train batch=150/1427 | elapsed=0.7 min | eta=5.6 min
[2026-08-13 12:37:33] INFO Epoch 027 | train batch=160/1427 | elapsed=0.7 min | eta=5.6 min
[2026-08-13 12:37:35] INFO Epoch 027 | train batch=170/1427 | elapsed=0.8 min | eta=5.6 min
[2026-08-13 12:37:38] INFO Epoch 027 | train batch=180/1427 | elapsed=0.8 min | eta=5.5 min
[2026-08-13 12:37:41] INFO Epoch 027 | train batch=190/1427 | elapsed=0.8 min | eta=5.5 min
[2026-08-13 12:37:44] INFO Epoch 027 | train batch=200/1427 | elapsed=0.9 min | eta=5.5 min
[2026-08-13 12:37:46] INFO Epoch 027 | train batch=210/1427 | elapsed=0.9 min | eta=5.4 min
[2026-08-13 12:37:49] INFO Epoch 027 | train batch=220/1427 | elapsed=1.0 min | eta=5.4 min
[2026-08-13 12:37:51] INFO Epoch 027 | train batch=230/1427 | elapsed=1.0 min | eta=5.3 min
[2026-08-13 12:37:54] INFO Epoch 027 | train batch=240/1427 | elapsed=1.1 min | eta=5.3 min
[2026-08-13 12:37:57] INFO Epoch 027 | train batch=250/1427 | elapsed=1.1 min | eta=5.2 min
[2026-08-13 12:37:59] INFO Epoch 027 | train batch=260/1427 | elapsed=1.2 min | eta=5.2 min
[2026-08-13 12:38:02] INFO Epoch 027 | train batch=270/1427 | elapsed=1.2 min | eta=5.1 min
[2026-08-13 12:38:05] INFO Epoch 027 | train batch=280/1427 | elapsed=1.2 min | eta=5.1 min
[2026-08-13 12:38:07] INFO Epoch 027 | train batch=290/1427 | elapsed=1.3 min | eta=5.0 min
[2026-08-13 12:38:10] INFO Epoch 027 | train batch=300/1427 | elapsed=1.3 min | eta=5.0 min
[2026-08-13 12:38:12] INFO Epoch 027 | train batch=310/1427 | elapsed=1.4 min | eta=4.9 min
[2026-08-13 12:38:15] INFO Epoch 027 | train batch=320/1427 | elapsed=1.4 min | eta=4.9 min
[2026-08-13 12:38:17] INFO Epoch 027 | train batch=330/1427 | elapsed=1.4 min | eta=4.8 min
[2026-08-13 12:38:20] INFO Epoch 027 | train batch=340/1427 | elapsed=1.5 min | eta=4.8 min
[2026-08-13 12:38:22] INFO Epoch 027 | train batch=350/1427 | elapsed=1.5 min | eta=4.7 min
[2026-08-13 12:38:25] INFO Epoch 027 | train batch=360/1427 | elapsed=1.6 min | eta=4.7 min
[2026-08-13 12:38:28] INFO Epoch 027 | train batch=370/1427 | elapsed=1.6 min | eta=4.6 min
[2026-08-13 12:38:30] INFO Epoch 027 | train batch=380/1427 | elapsed=1.7 min | eta=4.6 min
[2026-08-13 12:38:33] INFO Epoch 027 | train batch=390/1427 | elapsed=1.7 min | eta=4.6 min
[2026-08-13 12:38:36] INFO Epoch 027 | train batch=400/1427 | elapsed=1.8 min | eta=4.5 min
[2026-08-13 12:38:39] INFO Epoch 027 | train batch=410/1427 | elapsed=1.8 min | eta=4.5 min
[2026-08-13 12:38:41] INFO Epoch 027 | train batch=420/1427 | elapsed=1.8 min | eta=4.4 min
[2026-08-13 12:38:44] INFO Epoch 027 | train batch=430/1427 | elapsed=1.9 min | eta=4.4 min
[2026-08-13 12:38:47] INFO Epoch 027 | train batch=440/1427 | elapsed=1.9 min | eta=4.4 min
[2026-08-13 12:38:50] INFO Epoch 027 | train batch=450/1427 | elapsed=2.0 min | eta=4.3 min
[2026-08-13 12:38:53] INFO Epoch 027 | train batch=460/1427 | elapsed=2.0 min | eta=4.3 min
[2026-08-13 12:38:56] INFO Epoch 027 | train batch=470/1427 | elapsed=2.1 min | eta=4.3 min
[2026-08-13 12:38:59] INFO Epoch 027 | train batch=480/1427 | elapsed=2.1 min | eta=4.2 min
[2026-08-13 12:39:02] INFO Epoch 027 | train batch=490/1427 | elapsed=2.2 min | eta=4.2 min
[2026-08-13 12:39:05] INFO Epoch 027 | train batch=500/1427 | elapsed=2.2 min | eta=4.1 min
[2026-08-13 12:39:07] INFO Epoch 027 | train batch=510/1427 | elapsed=2.3 min | eta=4.1 min
[2026-08-13 12:39:10] INFO Epoch 027 | train batch=520/1427 | elapsed=2.3 min | eta=4.1 min
[2026-08-13 12:39:13] INFO Epoch 027 | train batch=530/1427 | elapsed=2.4 min | eta=4.0 min
[2026-08-13 12:39:16] INFO Epoch 027 | train batch=540/1427 | elapsed=2.4 min | eta=4.0 min
[2026-08-13 12:39:18] INFO Epoch 027 | train batch=550/1427 | elapsed=2.5 min | eta=3.9 min
[2026-08-13 12:39:21] INFO Epoch 027 | train batch=560/1427 | elapsed=2.5 min | eta=3.9 min
[2026-08-13 12:39:24] INFO Epoch 027 | train batch=570/1427 | elapsed=2.6 min | eta=3.8 min
[2026-08-13 12:39:26] INFO Epoch 027 | train batch=580/1427 | elapsed=2.6 min | eta=3.8 min
[2026-08-13 12:39:29] INFO Epoch 027 | train batch=590/1427 | elapsed=2.6 min | eta=3.8 min
[2026-08-13 12:39:32] INFO Epoch 027 | train batch=600/1427 | elapsed=2.7 min | eta=3.7 min
[2026-08-13 12:39:35] INFO Epoch 027 | train batch=610/1427 | elapsed=2.7 min | eta=3.7 min
[2026-08-13 12:39:37] INFO Epoch 027 | train batch=620/1427 | elapsed=2.8 min | eta=3.6 min
[2026-08-13 12:39:40] INFO Epoch 027 | train batch=630/1427 | elapsed=2.8 min | eta=3.6 min
[2026-08-13 12:39:42] INFO Epoch 027 | train batch=640/1427 | elapsed=2.9 min | eta=3.5 min
[2026-08-13 12:39:45] INFO Epoch 027 | train batch=650/1427 | elapsed=2.9 min | eta=3.5 min
[2026-08-13 12:39:48] INFO Epoch 027 | train batch=660/1427 | elapsed=3.0 min | eta=3.4 min
[2026-08-13 12:39:50] INFO Epoch 027 | train batch=670/1427 | elapsed=3.0 min | eta=3.4 min
[2026-08-13 12:39:53] INFO Epoch 027 | train batch=680/1427 | elapsed=3.0 min | eta=3.3 min
[2026-08-13 12:39:55] INFO Epoch 027 | train batch=690/1427 | elapsed=3.1 min | eta=3.3 min
[2026-08-13 12:39:58] INFO Epoch 027 | train batch=700/1427 | elapsed=3.1 min | eta=3.2 min
[2026-08-13 12:40:01] INFO Epoch 027 | train batch=710/1427 | elapsed=3.2 min | eta=3.2 min
[2026-08-13 12:40:03] INFO Epoch 027 | train batch=720/1427 | elapsed=3.2 min | eta=3.2 min
[2026-08-13 12:40:06] INFO Epoch 027 | train batch=730/1427 | elapsed=3.3 min | eta=3.1 min
[2026-08-13 12:40:09] INFO Epoch 027 | train batch=740/1427 | elapsed=3.3 min | eta=3.1 min
[2026-08-13 12:40:11] INFO Epoch 027 | train batch=750/1427 | elapsed=3.3 min | eta=3.0 min
[2026-08-13 12:40:14] INFO Epoch 027 | train batch=760/1427 | elapsed=3.4 min | eta=3.0 min
[2026-08-13 12:40:17] INFO Epoch 027 | train batch=770/1427 | elapsed=3.4 min | eta=2.9 min
[2026-08-13 12:40:19] INFO Epoch 027 | train batch=780/1427 | elapsed=3.5 min | eta=2.9 min
[2026-08-13 12:40:22] INFO Epoch 027 | train batch=790/1427 | elapsed=3.5 min | eta=2.8 min
[2026-08-13 12:40:25] INFO Epoch 027 | train batch=800/1427 | elapsed=3.6 min | eta=2.8 min
[2026-08-13 12:40:27] INFO Epoch 027 | train batch=810/1427 | elapsed=3.6 min | eta=2.8 min
[2026-08-13 12:40:30] INFO Epoch 027 | train batch=820/1427 | elapsed=3.7 min | eta=2.7 min
[2026-08-13 12:40:32] INFO Epoch 027 | train batch=830/1427 | elapsed=3.7 min | eta=2.7 min
[2026-08-13 12:40:35] INFO Epoch 027 | train batch=840/1427 | elapsed=3.7 min | eta=2.6 min
[2026-08-13 12:40:37] INFO Epoch 027 | train batch=850/1427 | elapsed=3.8 min | eta=2.6 min
[2026-08-13 12:40:40] INFO Epoch 027 | train batch=860/1427 | elapsed=3.8 min | eta=2.5 min
[2026-08-13 12:40:43] INFO Epoch 027 | train batch=870/1427 | elapsed=3.9 min | eta=2.5 min
[2026-08-13 12:40:46] INFO Epoch 027 | train batch=880/1427 | elapsed=3.9 min | eta=2.4 min
[2026-08-13 12:40:48] INFO Epoch 027 | train batch=890/1427 | elapsed=4.0 min | eta=2.4 min
[2026-08-13 12:40:51] INFO Epoch 027 | train batch=900/1427 | elapsed=4.0 min | eta=2.3 min
[2026-08-13 12:40:54] INFO Epoch 027 | train batch=910/1427 | elapsed=4.1 min | eta=2.3 min
[2026-08-13 12:40:56] INFO Epoch 027 | train batch=920/1427 | elapsed=4.1 min | eta=2.3 min
[2026-08-13 12:40:59] INFO Epoch 027 | train batch=930/1427 | elapsed=4.1 min | eta=2.2 min
[2026-08-13 12:41:02] INFO Epoch 027 | train batch=940/1427 | elapsed=4.2 min | eta=2.2 min
[2026-08-13 12:41:04] INFO Epoch 027 | train batch=950/1427 | elapsed=4.2 min | eta=2.1 min
[2026-08-13 12:41:07] INFO Epoch 027 | train batch=960/1427 | elapsed=4.3 min | eta=2.1 min
[2026-08-13 12:41:10] INFO Epoch 027 | train batch=970/1427 | elapsed=4.3 min | eta=2.0 min
[2026-08-13 12:41:12] INFO Epoch 027 | train batch=980/1427 | elapsed=4.4 min | eta=2.0 min
[2026-08-13 12:41:15] INFO Epoch 027 | train batch=990/1427 | elapsed=4.4 min | eta=1.9 min
[2026-08-13 12:41:18] INFO Epoch 027 | train batch=1000/1427 | elapsed=4.5 min | eta=1.9 min
[2026-08-13 12:41:21] INFO Epoch 027 | train batch=1010/1427 | elapsed=4.5 min | eta=1.9 min
[2026-08-13 12:41:23] INFO Epoch 027 | train batch=1020/1427 | elapsed=4.5 min | eta=1.8 min
[2026-08-13 12:41:26] INFO Epoch 027 | train batch=1030/1427 | elapsed=4.6 min | eta=1.8 min
[2026-08-13 12:41:28] INFO Epoch 027 | train batch=1040/1427 | elapsed=4.6 min | eta=1.7 min
[2026-08-13 12:41:31] INFO Epoch 027 | train batch=1050/1427 | elapsed=4.7 min | eta=1.7 min
[2026-08-13 12:41:33] INFO Epoch 027 | train batch=1060/1427 | elapsed=4.7 min | eta=1.6 min
[2026-08-13 12:41:36] INFO Epoch 027 | train batch=1070/1427 | elapsed=4.8 min | eta=1.6 min
[2026-08-13 12:41:38] INFO Epoch 027 | train batch=1080/1427 | elapsed=4.8 min | eta=1.5 min
[2026-08-13 12:41:41] INFO Epoch 027 | train batch=1090/1427 | elapsed=4.8 min | eta=1.5 min
[2026-08-13 12:41:43] INFO Epoch 027 | train batch=1100/1427 | elapsed=4.9 min | eta=1.5 min
[2026-08-13 12:41:46] INFO Epoch 027 | train batch=1110/1427 | elapsed=4.9 min | eta=1.4 min
[2026-08-13 12:41:49] INFO Epoch 027 | train batch=1120/1427 | elapsed=5.0 min | eta=1.4 min
[2026-08-13 12:41:52] INFO Epoch 027 | train batch=1130/1427 | elapsed=5.0 min | eta=1.3 min
[2026-08-13 12:41:55] INFO Epoch 027 | train batch=1140/1427 | elapsed=5.1 min | eta=1.3 min
[2026-08-13 12:41:58] INFO Epoch 027 | train batch=1150/1427 | elapsed=5.1 min | eta=1.2 min
[2026-08-13 12:42:00] INFO Epoch 027 | train batch=1160/1427 | elapsed=5.2 min | eta=1.2 min
[2026-08-13 12:42:03] INFO Epoch 027 | train batch=1170/1427 | elapsed=5.2 min | eta=1.1 min
[2026-08-13 12:42:05] INFO Epoch 027 | train batch=1180/1427 | elapsed=5.2 min | eta=1.1 min
[2026-08-13 12:42:08] INFO Epoch 027 | train batch=1190/1427 | elapsed=5.3 min | eta=1.1 min
[2026-08-13 12:42:11] INFO Epoch 027 | train batch=1200/1427 | elapsed=5.3 min | eta=1.0 min
[2026-08-13 12:42:14] INFO Epoch 027 | train batch=1210/1427 | elapsed=5.4 min | eta=1.0 min
[2026-08-13 12:42:17] INFO Epoch 027 | train batch=1220/1427 | elapsed=5.4 min | eta=0.9 min
[2026-08-13 12:42:19] INFO Epoch 027 | train batch=1230/1427 | elapsed=5.5 min | eta=0.9 min
[2026-08-13 12:42:22] INFO Epoch 027 | train batch=1240/1427 | elapsed=5.5 min | eta=0.8 min
[2026-08-13 12:42:25] INFO Epoch 027 | train batch=1250/1427 | elapsed=5.6 min | eta=0.8 min
[2026-08-13 12:42:28] INFO Epoch 027 | train batch=1260/1427 | elapsed=5.6 min | eta=0.7 min
[2026-08-13 12:42:30] INFO Epoch 027 | train batch=1270/1427 | elapsed=5.7 min | eta=0.7 min
[2026-08-13 12:42:33] INFO Epoch 027 | train batch=1280/1427 | elapsed=5.7 min | eta=0.7 min
[2026-08-13 12:42:36] INFO Epoch 027 | train batch=1290/1427 | elapsed=5.8 min | eta=0.6 min
[2026-08-13 12:42:38] INFO Epoch 027 | train batch=1300/1427 | elapsed=5.8 min | eta=0.6 min
[2026-08-13 12:42:41] INFO Epoch 027 | train batch=1310/1427 | elapsed=5.8 min | eta=0.5 min
[2026-08-13 12:42:44] INFO Epoch 027 | train batch=1320/1427 | elapsed=5.9 min | eta=0.5 min
[2026-08-13 12:42:46] INFO Epoch 027 | train batch=1330/1427 | elapsed=5.9 min | eta=0.4 min
[2026-08-13 12:42:49] INFO Epoch 027 | train batch=1340/1427 | elapsed=6.0 min | eta=0.4 min
[2026-08-13 12:42:52] INFO Epoch 027 | train batch=1350/1427 | elapsed=6.0 min | eta=0.3 min
[2026-08-13 12:42:55] INFO Epoch 027 | train batch=1360/1427 | elapsed=6.1 min | eta=0.3 min
[2026-08-13 12:42:57] INFO Epoch 027 | train batch=1370/1427 | elapsed=6.1 min | eta=0.3 min
[2026-08-13 12:43:00] INFO Epoch 027 | train batch=1380/1427 | elapsed=6.2 min | eta=0.2 min
[2026-08-13 12:43:03] INFO Epoch 027 | train batch=1390/1427 | elapsed=6.2 min | eta=0.2 min
[2026-08-13 12:43:06] INFO Epoch 027 | train batch=1400/1427 | elapsed=6.3 min | eta=0.1 min
[2026-08-13 12:43:08] INFO Epoch 027 | train batch=1410/1427 | elapsed=6.3 min | eta=0.1 min
[2026-08-13 12:43:11] INFO Epoch 027 | train batch=1420/1427 | elapsed=6.4 min | eta=0.0 min
[2026-08-13 12:43:13] INFO Epoch 027 | train batch=1427/1427 | elapsed=6.4 min | eta=0.0 min
[2026-08-13 12:43:13] INFO Epoch 027 | val batch=1/203 | elapsed=0.0 min | eta=0.3 min
[2026-08-13 12:43:14] INFO Epoch 027 | val batch=10/203 | elapsed=0.0 min | eta=0.4 min
[2026-08-13 12:43:16] INFO Epoch 027 | val batch=20/203 | elapsed=0.0 min | eta=0.4 min
[2026-08-13 12:43:17] INFO Epoch 027 | val batch=30/203 | elapsed=0.1 min | eta=0.4 min
[2026-08-13 12:43:18] INFO Epoch 027 | val batch=40/203 | elapsed=0.1 min | eta=0.4 min
[2026-08-13 12:43:20] INFO Epoch 027 | val batch=50/203 | elapsed=0.1 min | eta=0.3 min
[2026-08-13 12:43:21] INFO Epoch 027 | val batch=60/203 | elapsed=0.1 min | eta=0.3 min
[2026-08-13 12:43:22] INFO Epoch 027 | val batch=70/203 | elapsed=0.2 min | eta=0.3 min
[2026-08-13 12:43:24] INFO Epoch 027 | val batch=80/203 | elapsed=0.2 min | eta=0.3 min
[2026-08-13 12:43:25] INFO Epoch 027 | val batch=90/203 | elapsed=0.2 min | eta=0.2 min
[2026-08-13 12:43:26] INFO Epoch 027 | val batch=100/203 | elapsed=0.2 min | eta=0.2 min
[2026-08-13 12:43:27] INFO Epoch 027 | val batch=110/203 | elapsed=0.2 min | eta=0.2 min
[2026-08-13 12:43:29] INFO Epoch 027 | val batch=120/203 | elapsed=0.3 min | eta=0.2 min
[2026-08-13 12:43:30] INFO Epoch 027 | val batch=130/203 | elapsed=0.3 min | eta=0.2 min
[2026-08-13 12:43:31] INFO Epoch 027 | val batch=140/203 | elapsed=0.3 min | eta=0.1 min
[2026-08-13 12:43:33] INFO Epoch 027 | val batch=150/203 | elapsed=0.3 min | eta=0.1 min
[2026-08-13 12:43:34] INFO Epoch 027 | val batch=160/203 | elapsed=0.4 min | eta=0.1 min
[2026-08-13 12:43:35] INFO Epoch 027 | val batch=170/203 | elapsed=0.4 min | eta=0.1 min
[2026-08-13 12:43:37] INFO Epoch 027 | val batch=180/203 | elapsed=0.4 min | eta=0.1 min
[2026-08-13 12:43:38] INFO Epoch 027 | val batch=190/203 | elapsed=0.4 min | eta=0.0 min
[2026-08-13 12:43:39] INFO Epoch 027 | val batch=200/203 | elapsed=0.4 min | eta=0.0 min
[2026-08-13 12:43:40] INFO Epoch 027 | val batch=203/203 | elapsed=0.4 min | eta=0.0 min
[2026-08-13 12:43:40] INFO Epoch 027 | train_total=1.135303 | val_total=1.211606 | val_mask=0.880308 | val_retrieval=2.370042 | val_profile=0.942930 | val_anchors=660915 | val_positive_pairs=0 | val_hard_negatives=0 | val_relation_candidates=9654476 | val_teacher_keff=4.444 | val_student_keff=9.725 | val_masked_positions=1959195 | skipped(train/val)=0/0
[2026-08-13 12:43:40] INFO Relation checkpoint updated | epoch=27 | best_val_relation=2.370042 | path=C:\Users\clw\projects\researchRep\STAnchor-BlockMemory\artifacts\metrla_e5_final_sym_profile_local12_seed42\pretrain_best_relation.pt
[2026-08-13 12:43:40] INFO Epoch 028/050 started | train_batches=1427 | val_batches=203
[2026-08-13 12:43:40] INFO Epoch 028 | train batch=1/1427 | elapsed=0.0 min | eta=7.8 min
[2026-08-13 12:43:43] INFO Epoch 028 | train batch=10/1427 | elapsed=0.1 min | eta=7.1 min
[2026-08-13 12:43:45] INFO Epoch 028 | train batch=20/1427 | elapsed=0.1 min | eta=6.8 min
[2026-08-13 12:43:48] INFO Epoch 028 | train batch=30/1427 | elapsed=0.1 min | eta=6.6 min
[2026-08-13 12:43:51] INFO Epoch 028 | train batch=40/1427 | elapsed=0.2 min | eta=6.5 min
[2026-08-13 12:43:54] INFO Epoch 028 | train batch=50/1427 | elapsed=0.2 min | eta=6.4 min
[2026-08-13 12:43:56] INFO Epoch 028 | train batch=60/1427 | elapsed=0.3 min | eta=6.3 min
[2026-08-13 12:43:59] INFO Epoch 028 | train batch=70/1427 | elapsed=0.3 min | eta=6.2 min
[2026-08-13 12:44:02] INFO Epoch 028 | train batch=80/1427 | elapsed=0.4 min | eta=6.2 min
[2026-08-13 12:44:04] INFO Epoch 028 | train batch=90/1427 | elapsed=0.4 min | eta=6.1 min
[2026-08-13 12:44:07] INFO Epoch 028 | train batch=100/1427 | elapsed=0.5 min | eta=6.1 min
[2026-08-13 12:44:10] INFO Epoch 028 | train batch=110/1427 | elapsed=0.5 min | eta=6.0 min
[2026-08-13 12:44:13] INFO Epoch 028 | train batch=120/1427 | elapsed=0.6 min | eta=6.0 min
[2026-08-13 12:44:15] INFO Epoch 028 | train batch=130/1427 | elapsed=0.6 min | eta=5.9 min
[2026-08-13 12:44:18] INFO Epoch 028 | train batch=140/1427 | elapsed=0.6 min | eta=5.8 min
[2026-08-13 12:44:20] INFO Epoch 028 | train batch=150/1427 | elapsed=0.7 min | eta=5.8 min
[2026-08-13 12:44:23] INFO Epoch 028 | train batch=160/1427 | elapsed=0.7 min | eta=5.7 min
[2026-08-13 12:44:26] INFO Epoch 028 | train batch=170/1427 | elapsed=0.8 min | eta=5.7 min
[2026-08-13 12:44:28] INFO Epoch 028 | train batch=180/1427 | elapsed=0.8 min | eta=5.6 min
[2026-08-13 12:44:31] INFO Epoch 028 | train batch=190/1427 | elapsed=0.9 min | eta=5.6 min
[2026-08-13 12:44:34] INFO Epoch 028 | train batch=200/1427 | elapsed=0.9 min | eta=5.5 min
[2026-08-13 12:44:36] INFO Epoch 028 | train batch=210/1427 | elapsed=0.9 min | eta=5.5 min
[2026-08-13 12:44:39] INFO Epoch 028 | train batch=220/1427 | elapsed=1.0 min | eta=5.4 min
[2026-08-13 12:44:42] INFO Epoch 028 | train batch=230/1427 | elapsed=1.0 min | eta=5.4 min
[2026-08-13 12:44:44] INFO Epoch 028 | train batch=240/1427 | elapsed=1.1 min | eta=5.3 min
[2026-08-13 12:44:47] INFO Epoch 028 | train batch=250/1427 | elapsed=1.1 min | eta=5.3 min
[2026-08-13 12:44:49] INFO Epoch 028 | train batch=260/1427 | elapsed=1.2 min | eta=5.2 min
[2026-08-13 12:44:52] INFO Epoch 028 | train batch=270/1427 | elapsed=1.2 min | eta=5.2 min
[2026-08-13 12:44:55] INFO Epoch 028 | train batch=280/1427 | elapsed=1.3 min | eta=5.1 min
[2026-08-13 12:44:57] INFO Epoch 028 | train batch=290/1427 | elapsed=1.3 min | eta=5.1 min
[2026-08-13 12:45:00] INFO Epoch 028 | train batch=300/1427 | elapsed=1.3 min | eta=5.0 min
[2026-08-13 12:45:03] INFO Epoch 028 | train batch=310/1427 | elapsed=1.4 min | eta=5.0 min
[2026-08-13 12:45:06] INFO Epoch 028 | train batch=320/1427 | elapsed=1.4 min | eta=5.0 min
[2026-08-13 12:45:09] INFO Epoch 028 | train batch=330/1427 | elapsed=1.5 min | eta=4.9 min
[2026-08-13 12:45:11] INFO Epoch 028 | train batch=340/1427 | elapsed=1.5 min | eta=4.9 min
[2026-08-13 12:45:14] INFO Epoch 028 | train batch=350/1427 | elapsed=1.6 min | eta=4.8 min
[2026-08-13 12:45:17] INFO Epoch 028 | train batch=360/1427 | elapsed=1.6 min | eta=4.8 min
[2026-08-13 12:45:20] INFO Epoch 028 | train batch=370/1427 | elapsed=1.7 min | eta=4.8 min
[2026-08-13 12:45:23] INFO Epoch 028 | train batch=380/1427 | elapsed=1.7 min | eta=4.7 min
[2026-08-13 12:45:25] INFO Epoch 028 | train batch=390/1427 | elapsed=1.8 min | eta=4.7 min
[2026-08-13 12:45:28] INFO Epoch 028 | train batch=400/1427 | elapsed=1.8 min | eta=4.6 min
[2026-08-13 12:45:31] INFO Epoch 028 | train batch=410/1427 | elapsed=1.9 min | eta=4.6 min
[2026-08-13 12:45:33] INFO Epoch 028 | train batch=420/1427 | elapsed=1.9 min | eta=4.5 min
[2026-08-13 12:45:36] INFO Epoch 028 | train batch=430/1427 | elapsed=1.9 min | eta=4.5 min
[2026-08-13 12:45:39] INFO Epoch 028 | train batch=440/1427 | elapsed=2.0 min | eta=4.5 min
[2026-08-13 12:45:42] INFO Epoch 028 | train batch=450/1427 | elapsed=2.0 min | eta=4.4 min
[2026-08-13 12:45:44] INFO Epoch 028 | train batch=460/1427 | elapsed=2.1 min | eta=4.4 min
[2026-08-13 12:45:47] INFO Epoch 028 | train batch=470/1427 | elapsed=2.1 min | eta=4.3 min
[2026-08-13 12:45:49] INFO Epoch 028 | train batch=480/1427 | elapsed=2.2 min | eta=4.3 min
[2026-08-13 12:45:52] INFO Epoch 028 | train batch=490/1427 | elapsed=2.2 min | eta=4.2 min
[2026-08-13 12:45:54] INFO Epoch 028 | train batch=500/1427 | elapsed=2.2 min | eta=4.2 min
[2026-08-13 12:45:57] INFO Epoch 028 | train batch=510/1427 | elapsed=2.3 min | eta=4.1 min
[2026-08-13 12:46:00] INFO Epoch 028 | train batch=520/1427 | elapsed=2.3 min | eta=4.1 min
[2026-08-13 12:46:03] INFO Epoch 028 | train batch=530/1427 | elapsed=2.4 min | eta=4.0 min
[2026-08-13 12:46:05] INFO Epoch 028 | train batch=540/1427 | elapsed=2.4 min | eta=4.0 min
[2026-08-13 12:46:08] INFO Epoch 028 | train batch=550/1427 | elapsed=2.5 min | eta=3.9 min
[2026-08-13 12:46:11] INFO Epoch 028 | train batch=560/1427 | elapsed=2.5 min | eta=3.9 min
[2026-08-13 12:46:13] INFO Epoch 028 | train batch=570/1427 | elapsed=2.6 min | eta=3.9 min
[2026-08-13 12:46:16] INFO Epoch 028 | train batch=580/1427 | elapsed=2.6 min | eta=3.8 min
[2026-08-13 12:46:19] INFO Epoch 028 | train batch=590/1427 | elapsed=2.7 min | eta=3.8 min
[2026-08-13 12:46:21] INFO Epoch 028 | train batch=600/1427 | elapsed=2.7 min | eta=3.7 min
[2026-08-13 12:46:24] INFO Epoch 028 | train batch=610/1427 | elapsed=2.7 min | eta=3.7 min
[2026-08-13 12:46:27] INFO Epoch 028 | train batch=620/1427 | elapsed=2.8 min | eta=3.6 min
[2026-08-13 12:46:29] INFO Epoch 028 | train batch=630/1427 | elapsed=2.8 min | eta=3.6 min
[2026-08-13 12:46:32] INFO Epoch 028 | train batch=640/1427 | elapsed=2.9 min | eta=3.5 min
[2026-08-13 12:46:35] INFO Epoch 028 | train batch=650/1427 | elapsed=2.9 min | eta=3.5 min
[2026-08-13 12:46:37] INFO Epoch 028 | train batch=660/1427 | elapsed=3.0 min | eta=3.4 min
[2026-08-13 12:46:40] INFO Epoch 028 | train batch=670/1427 | elapsed=3.0 min | eta=3.4 min
[2026-08-13 12:46:43] INFO Epoch 028 | train batch=680/1427 | elapsed=3.1 min | eta=3.4 min
[2026-08-13 12:46:45] INFO Epoch 028 | train batch=690/1427 | elapsed=3.1 min | eta=3.3 min
[2026-08-13 12:46:48] INFO Epoch 028 | train batch=700/1427 | elapsed=3.1 min | eta=3.3 min
[2026-08-13 12:46:51] INFO Epoch 028 | train batch=710/1427 | elapsed=3.2 min | eta=3.2 min
[2026-08-13 12:46:53] INFO Epoch 028 | train batch=720/1427 | elapsed=3.2 min | eta=3.2 min
[2026-08-13 12:46:56] INFO Epoch 028 | train batch=730/1427 | elapsed=3.3 min | eta=3.1 min
[2026-08-13 12:46:59] INFO Epoch 028 | train batch=740/1427 | elapsed=3.3 min | eta=3.1 min
[2026-08-13 12:47:02] INFO Epoch 028 | train batch=750/1427 | elapsed=3.4 min | eta=3.0 min
[2026-08-13 12:47:04] INFO Epoch 028 | train batch=760/1427 | elapsed=3.4 min | eta=3.0 min
[2026-08-13 12:47:07] INFO Epoch 028 | train batch=770/1427 | elapsed=3.5 min | eta=2.9 min
[2026-08-13 12:47:10] INFO Epoch 028 | train batch=780/1427 | elapsed=3.5 min | eta=2.9 min
[2026-08-13 12:47:13] INFO Epoch 028 | train batch=790/1427 | elapsed=3.5 min | eta=2.9 min
[2026-08-13 12:47:15] INFO Epoch 028 | train batch=800/1427 | elapsed=3.6 min | eta=2.8 min
[2026-08-13 12:47:18] INFO Epoch 028 | train batch=810/1427 | elapsed=3.6 min | eta=2.8 min
[2026-08-13 12:47:21] INFO Epoch 028 | train batch=820/1427 | elapsed=3.7 min | eta=2.7 min
[2026-08-13 12:47:24] INFO Epoch 028 | train batch=830/1427 | elapsed=3.7 min | eta=2.7 min
[2026-08-13 12:47:26] INFO Epoch 028 | train batch=840/1427 | elapsed=3.8 min | eta=2.6 min
[2026-08-13 12:47:29] INFO Epoch 028 | train batch=850/1427 | elapsed=3.8 min | eta=2.6 min
[2026-08-13 12:47:32] INFO Epoch 028 | train batch=860/1427 | elapsed=3.9 min | eta=2.5 min
[2026-08-13 12:47:34] INFO Epoch 028 | train batch=870/1427 | elapsed=3.9 min | eta=2.5 min
[2026-08-13 12:47:37] INFO Epoch 028 | train batch=880/1427 | elapsed=4.0 min | eta=2.5 min
[2026-08-13 12:47:40] INFO Epoch 028 | train batch=890/1427 | elapsed=4.0 min | eta=2.4 min
[2026-08-13 12:47:42] INFO Epoch 028 | train batch=900/1427 | elapsed=4.0 min | eta=2.4 min
[2026-08-13 12:47:45] INFO Epoch 028 | train batch=910/1427 | elapsed=4.1 min | eta=2.3 min
[2026-08-13 12:47:48] INFO Epoch 028 | train batch=920/1427 | elapsed=4.1 min | eta=2.3 min
[2026-08-13 12:47:50] INFO Epoch 028 | train batch=930/1427 | elapsed=4.2 min | eta=2.2 min
[2026-08-13 12:47:53] INFO Epoch 028 | train batch=940/1427 | elapsed=4.2 min | eta=2.2 min
[2026-08-13 12:47:56] INFO Epoch 028 | train batch=950/1427 | elapsed=4.3 min | eta=2.1 min
[2026-08-13 12:47:58] INFO Epoch 028 | train batch=960/1427 | elapsed=4.3 min | eta=2.1 min
[2026-08-13 12:48:01] INFO Epoch 028 | train batch=970/1427 | elapsed=4.4 min | eta=2.1 min
[2026-08-13 12:48:04] INFO Epoch 028 | train batch=980/1427 | elapsed=4.4 min | eta=2.0 min
[2026-08-13 12:48:06] INFO Epoch 028 | train batch=990/1427 | elapsed=4.4 min | eta=2.0 min
[2026-08-13 12:48:09] INFO Epoch 028 | train batch=1000/1427 | elapsed=4.5 min | eta=1.9 min
[2026-08-13 12:48:12] INFO Epoch 028 | train batch=1010/1427 | elapsed=4.5 min | eta=1.9 min
[2026-08-13 12:48:15] INFO Epoch 028 | train batch=1020/1427 | elapsed=4.6 min | eta=1.8 min
[2026-08-13 12:48:17] INFO Epoch 028 | train batch=1030/1427 | elapsed=4.6 min | eta=1.8 min
[2026-08-13 12:48:20] INFO Epoch 028 | train batch=1040/1427 | elapsed=4.7 min | eta=1.7 min
[2026-08-13 12:48:22] INFO Epoch 028 | train batch=1050/1427 | elapsed=4.7 min | eta=1.7 min
[2026-08-13 12:48:26] INFO Epoch 028 | train batch=1060/1427 | elapsed=4.8 min | eta=1.6 min
[2026-08-13 12:48:28] INFO Epoch 028 | train batch=1070/1427 | elapsed=4.8 min | eta=1.6 min
[2026-08-13 12:48:31] INFO Epoch 028 | train batch=1080/1427 | elapsed=4.9 min | eta=1.6 min
[2026-08-13 12:48:33] INFO Epoch 028 | train batch=1090/1427 | elapsed=4.9 min | eta=1.5 min
[2026-08-13 12:48:36] INFO Epoch 028 | train batch=1100/1427 | elapsed=4.9 min | eta=1.5 min
[2026-08-13 12:48:39] INFO Epoch 028 | train batch=1110/1427 | elapsed=5.0 min | eta=1.4 min
[2026-08-13 12:48:41] INFO Epoch 028 | train batch=1120/1427 | elapsed=5.0 min | eta=1.4 min
[2026-08-13 12:48:44] INFO Epoch 028 | train batch=1130/1427 | elapsed=5.1 min | eta=1.3 min
[2026-08-13 12:48:47] INFO Epoch 028 | train batch=1140/1427 | elapsed=5.1 min | eta=1.3 min
[2026-08-13 12:48:49] INFO Epoch 028 | train batch=1150/1427 | elapsed=5.2 min | eta=1.2 min
[2026-08-13 12:48:52] INFO Epoch 028 | train batch=1160/1427 | elapsed=5.2 min | eta=1.2 min
[2026-08-13 12:48:55] INFO Epoch 028 | train batch=1170/1427 | elapsed=5.3 min | eta=1.2 min
[2026-08-13 12:48:57] INFO Epoch 028 | train batch=1180/1427 | elapsed=5.3 min | eta=1.1 min
[2026-08-13 12:49:00] INFO Epoch 028 | train batch=1190/1427 | elapsed=5.3 min | eta=1.1 min
[2026-08-13 12:49:03] INFO Epoch 028 | train batch=1200/1427 | elapsed=5.4 min | eta=1.0 min
[2026-08-13 12:49:06] INFO Epoch 028 | train batch=1210/1427 | elapsed=5.4 min | eta=1.0 min
[2026-08-13 12:49:08] INFO Epoch 028 | train batch=1220/1427 | elapsed=5.5 min | eta=0.9 min
[2026-08-13 12:49:11] INFO Epoch 028 | train batch=1230/1427 | elapsed=5.5 min | eta=0.9 min
[2026-08-13 12:49:14] INFO Epoch 028 | train batch=1240/1427 | elapsed=5.6 min | eta=0.8 min
[2026-08-13 12:49:16] INFO Epoch 028 | train batch=1250/1427 | elapsed=5.6 min | eta=0.8 min
[2026-08-13 12:49:19] INFO Epoch 028 | train batch=1260/1427 | elapsed=5.7 min | eta=0.8 min
[2026-08-13 12:49:22] INFO Epoch 028 | train batch=1270/1427 | elapsed=5.7 min | eta=0.7 min
[2026-08-13 12:49:24] INFO Epoch 028 | train batch=1280/1427 | elapsed=5.7 min | eta=0.7 min
[2026-08-13 12:49:27] INFO Epoch 028 | train batch=1290/1427 | elapsed=5.8 min | eta=0.6 min
[2026-08-13 12:49:29] INFO Epoch 028 | train batch=1300/1427 | elapsed=5.8 min | eta=0.6 min
[2026-08-13 12:49:32] INFO Epoch 028 | train batch=1310/1427 | elapsed=5.9 min | eta=0.5 min
[2026-08-13 12:49:35] INFO Epoch 028 | train batch=1320/1427 | elapsed=5.9 min | eta=0.5 min
[2026-08-13 12:49:37] INFO Epoch 028 | train batch=1330/1427 | elapsed=6.0 min | eta=0.4 min
[2026-08-13 12:49:40] INFO Epoch 028 | train batch=1340/1427 | elapsed=6.0 min | eta=0.4 min
[2026-08-13 12:49:43] INFO Epoch 028 | train batch=1350/1427 | elapsed=6.1 min | eta=0.3 min
[2026-08-13 12:49:46] INFO Epoch 028 | train batch=1360/1427 | elapsed=6.1 min | eta=0.3 min
[2026-08-13 12:49:48] INFO Epoch 028 | train batch=1370/1427 | elapsed=6.1 min | eta=0.3 min
[2026-08-13 12:49:51] INFO Epoch 028 | train batch=1380/1427 | elapsed=6.2 min | eta=0.2 min
[2026-08-13 12:49:54] INFO Epoch 028 | train batch=1390/1427 | elapsed=6.2 min | eta=0.2 min
[2026-08-13 12:49:56] INFO Epoch 028 | train batch=1400/1427 | elapsed=6.3 min | eta=0.1 min
[2026-08-13 12:49:59] INFO Epoch 028 | train batch=1410/1427 | elapsed=6.3 min | eta=0.1 min
[2026-08-13 12:50:02] INFO Epoch 028 | train batch=1420/1427 | elapsed=6.4 min | eta=0.0 min
[2026-08-13 12:50:04] INFO Epoch 028 | train batch=1427/1427 | elapsed=6.4 min | eta=0.0 min
[2026-08-13 12:50:04] INFO Epoch 028 | val batch=1/203 | elapsed=0.0 min | eta=0.3 min
[2026-08-13 12:50:05] INFO Epoch 028 | val batch=10/203 | elapsed=0.0 min | eta=0.4 min
[2026-08-13 12:50:06] INFO Epoch 028 | val batch=20/203 | elapsed=0.0 min | eta=0.4 min
[2026-08-13 12:50:08] INFO Epoch 028 | val batch=30/203 | elapsed=0.1 min | eta=0.4 min
[2026-08-13 12:50:09] INFO Epoch 028 | val batch=40/203 | elapsed=0.1 min | eta=0.4 min
[2026-08-13 12:50:10] INFO Epoch 028 | val batch=50/203 | elapsed=0.1 min | eta=0.3 min
[2026-08-13 12:50:12] INFO Epoch 028 | val batch=60/203 | elapsed=0.1 min | eta=0.3 min
[2026-08-13 12:50:13] INFO Epoch 028 | val batch=70/203 | elapsed=0.2 min | eta=0.3 min
[2026-08-13 12:50:14] INFO Epoch 028 | val batch=80/203 | elapsed=0.2 min | eta=0.3 min
[2026-08-13 12:50:15] INFO Epoch 028 | val batch=90/203 | elapsed=0.2 min | eta=0.2 min
[2026-08-13 12:50:17] INFO Epoch 028 | val batch=100/203 | elapsed=0.2 min | eta=0.2 min
[2026-08-13 12:50:18] INFO Epoch 028 | val batch=110/203 | elapsed=0.2 min | eta=0.2 min
[2026-08-13 12:50:19] INFO Epoch 028 | val batch=120/203 | elapsed=0.3 min | eta=0.2 min
[2026-08-13 12:50:21] INFO Epoch 028 | val batch=130/203 | elapsed=0.3 min | eta=0.2 min
[2026-08-13 12:50:22] INFO Epoch 028 | val batch=140/203 | elapsed=0.3 min | eta=0.1 min
[2026-08-13 12:50:23] INFO Epoch 028 | val batch=150/203 | elapsed=0.3 min | eta=0.1 min
[2026-08-13 12:50:25] INFO Epoch 028 | val batch=160/203 | elapsed=0.4 min | eta=0.1 min
[2026-08-13 12:50:26] INFO Epoch 028 | val batch=170/203 | elapsed=0.4 min | eta=0.1 min
[2026-08-13 12:50:27] INFO Epoch 028 | val batch=180/203 | elapsed=0.4 min | eta=0.1 min
[2026-08-13 12:50:29] INFO Epoch 028 | val batch=190/203 | elapsed=0.4 min | eta=0.0 min
[2026-08-13 12:50:30] INFO Epoch 028 | val batch=200/203 | elapsed=0.4 min | eta=0.0 min
[2026-08-13 12:50:30] INFO Epoch 028 | val batch=203/203 | elapsed=0.4 min | eta=0.0 min
[2026-08-13 12:50:30] INFO Epoch 028 | train_total=1.003225 | val_total=1.204138 | val_mask=0.871907 | val_retrieval=2.378527 | val_profile=0.943790 | val_anchors=660915 | val_positive_pairs=0 | val_hard_negatives=0 | val_relation_candidates=9654476 | val_teacher_keff=4.444 | val_student_keff=9.750 | val_masked_positions=1959625 | skipped(train/val)=0/0
[2026-08-13 12:50:30] INFO Epoch 029/050 started | train_batches=1427 | val_batches=203
[2026-08-13 12:50:31] INFO Epoch 029 | train batch=1/1427 | elapsed=0.0 min | eta=5.2 min
[2026-08-13 12:50:33] INFO Epoch 029 | train batch=10/1427 | elapsed=0.0 min | eta=6.1 min
[2026-08-13 12:50:35] INFO Epoch 029 | train batch=20/1427 | elapsed=0.1 min | eta=6.1 min
[2026-08-13 12:50:38] INFO Epoch 029 | train batch=30/1427 | elapsed=0.1 min | eta=5.9 min
[2026-08-13 12:50:41] INFO Epoch 029 | train batch=40/1427 | elapsed=0.2 min | eta=6.0 min
[2026-08-13 12:50:43] INFO Epoch 029 | train batch=50/1427 | elapsed=0.2 min | eta=6.0 min
[2026-08-13 12:50:46] INFO Epoch 029 | train batch=60/1427 | elapsed=0.3 min | eta=5.9 min
[2026-08-13 12:50:49] INFO Epoch 029 | train batch=70/1427 | elapsed=0.3 min | eta=6.0 min
[2026-08-13 12:50:52] INFO Epoch 029 | train batch=80/1427 | elapsed=0.4 min | eta=6.0 min
[2026-08-13 12:50:55] INFO Epoch 029 | train batch=90/1427 | elapsed=0.4 min | eta=6.0 min
[2026-08-13 12:50:57] INFO Epoch 029 | train batch=100/1427 | elapsed=0.5 min | eta=6.0 min
[2026-08-13 12:51:00] INFO Epoch 029 | train batch=110/1427 | elapsed=0.5 min | eta=5.9 min
[2026-08-13 12:51:03] INFO Epoch 029 | train batch=120/1427 | elapsed=0.5 min | eta=5.9 min
[2026-08-13 12:51:06] INFO Epoch 029 | train batch=130/1427 | elapsed=0.6 min | eta=5.9 min
[2026-08-13 12:51:09] INFO Epoch 029 | train batch=140/1427 | elapsed=0.6 min | eta=5.9 min
[2026-08-13 12:51:11] INFO Epoch 029 | train batch=150/1427 | elapsed=0.7 min | eta=5.8 min
[2026-08-13 12:51:14] INFO Epoch 029 | train batch=160/1427 | elapsed=0.7 min | eta=5.8 min
[2026-08-13 12:51:17] INFO Epoch 029 | train batch=170/1427 | elapsed=0.8 min | eta=5.7 min
[2026-08-13 12:51:19] INFO Epoch 029 | train batch=180/1427 | elapsed=0.8 min | eta=5.7 min
[2026-08-13 12:51:22] INFO Epoch 029 | train batch=190/1427 | elapsed=0.9 min | eta=5.6 min
[2026-08-13 12:51:25] INFO Epoch 029 | train batch=200/1427 | elapsed=0.9 min | eta=5.6 min
[2026-08-13 12:51:27] INFO Epoch 029 | train batch=210/1427 | elapsed=0.9 min | eta=5.5 min
[2026-08-13 12:51:30] INFO Epoch 029 | train batch=220/1427 | elapsed=1.0 min | eta=5.5 min
[2026-08-13 12:51:32] INFO Epoch 029 | train batch=230/1427 | elapsed=1.0 min | eta=5.4 min
[2026-08-13 12:51:35] INFO Epoch 029 | train batch=240/1427 | elapsed=1.1 min | eta=5.4 min
[2026-08-13 12:51:38] INFO Epoch 029 | train batch=250/1427 | elapsed=1.1 min | eta=5.3 min
[2026-08-13 12:51:41] INFO Epoch 029 | train batch=260/1427 | elapsed=1.2 min | eta=5.3 min
[2026-08-13 12:51:44] INFO Epoch 029 | train batch=270/1427 | elapsed=1.2 min | eta=5.3 min
[2026-08-13 12:51:47] INFO Epoch 029 | train batch=280/1427 | elapsed=1.3 min | eta=5.2 min
[2026-08-13 12:51:50] INFO Epoch 029 | train batch=290/1427 | elapsed=1.3 min | eta=5.2 min
[2026-08-13 12:51:52] INFO Epoch 029 | train batch=300/1427 | elapsed=1.4 min | eta=5.1 min
[2026-08-13 12:51:55] INFO Epoch 029 | train batch=310/1427 | elapsed=1.4 min | eta=5.1 min
[2026-08-13 12:51:57] INFO Epoch 029 | train batch=320/1427 | elapsed=1.4 min | eta=5.0 min
[2026-08-13 12:52:00] INFO Epoch 029 | train batch=330/1427 | elapsed=1.5 min | eta=5.0 min
[2026-08-13 12:52:03] INFO Epoch 029 | train batch=340/1427 | elapsed=1.5 min | eta=4.9 min
[2026-08-13 12:52:05] INFO Epoch 029 | train batch=350/1427 | elapsed=1.6 min | eta=4.9 min
[2026-08-13 12:52:07] INFO Epoch 029 | train batch=360/1427 | elapsed=1.6 min | eta=4.8 min
[2026-08-13 12:52:10] INFO Epoch 029 | train batch=370/1427 | elapsed=1.7 min | eta=4.8 min
[2026-08-13 12:52:13] INFO Epoch 029 | train batch=380/1427 | elapsed=1.7 min | eta=4.7 min
[2026-08-13 12:52:15] INFO Epoch 029 | train batch=390/1427 | elapsed=1.8 min | eta=4.7 min
[2026-08-13 12:52:18] INFO Epoch 029 | train batch=400/1427 | elapsed=1.8 min | eta=4.6 min
[2026-08-13 12:52:21] INFO Epoch 029 | train batch=410/1427 | elapsed=1.8 min | eta=4.6 min
[2026-08-13 12:52:23] INFO Epoch 029 | train batch=420/1427 | elapsed=1.9 min | eta=4.5 min
[2026-08-13 12:52:26] INFO Epoch 029 | train batch=430/1427 | elapsed=1.9 min | eta=4.5 min
[2026-08-13 12:52:29] INFO Epoch 029 | train batch=440/1427 | elapsed=2.0 min | eta=4.4 min
[2026-08-13 12:52:32] INFO Epoch 029 | train batch=450/1427 | elapsed=2.0 min | eta=4.4 min
[2026-08-13 12:52:34] INFO Epoch 029 | train batch=460/1427 | elapsed=2.1 min | eta=4.4 min
[2026-08-13 12:52:37] INFO Epoch 029 | train batch=470/1427 | elapsed=2.1 min | eta=4.3 min
[2026-08-13 12:52:40] INFO Epoch 029 | train batch=480/1427 | elapsed=2.2 min | eta=4.3 min
[2026-08-13 12:52:42] INFO Epoch 029 | train batch=490/1427 | elapsed=2.2 min | eta=4.2 min
[2026-08-13 12:52:45] INFO Epoch 029 | train batch=500/1427 | elapsed=2.2 min | eta=4.2 min
[2026-08-13 12:52:48] INFO Epoch 029 | train batch=510/1427 | elapsed=2.3 min | eta=4.1 min
[2026-08-13 12:52:51] INFO Epoch 029 | train batch=520/1427 | elapsed=2.3 min | eta=4.1 min
[2026-08-13 12:52:54] INFO Epoch 029 | train batch=530/1427 | elapsed=2.4 min | eta=4.0 min
[2026-08-13 12:52:56] INFO Epoch 029 | train batch=540/1427 | elapsed=2.4 min | eta=4.0 min
[2026-08-13 12:52:59] INFO Epoch 029 | train batch=550/1427 | elapsed=2.5 min | eta=3.9 min
[2026-08-13 12:53:01] INFO Epoch 029 | train batch=560/1427 | elapsed=2.5 min | eta=3.9 min
[2026-08-13 12:53:04] INFO Epoch 029 | train batch=570/1427 | elapsed=2.6 min | eta=3.9 min
[2026-08-13 12:53:07] INFO Epoch 029 | train batch=580/1427 | elapsed=2.6 min | eta=3.8 min
[2026-08-13 12:53:10] INFO Epoch 029 | train batch=590/1427 | elapsed=2.7 min | eta=3.8 min
[2026-08-13 12:53:12] INFO Epoch 029 | train batch=600/1427 | elapsed=2.7 min | eta=3.7 min
[2026-08-13 12:53:15] INFO Epoch 029 | train batch=610/1427 | elapsed=2.7 min | eta=3.7 min
[2026-08-13 12:53:17] INFO Epoch 029 | train batch=620/1427 | elapsed=2.8 min | eta=3.6 min
[2026-08-13 12:53:20] INFO Epoch 029 | train batch=630/1427 | elapsed=2.8 min | eta=3.6 min
[2026-08-13 12:53:23] INFO Epoch 029 | train batch=640/1427 | elapsed=2.9 min | eta=3.5 min
[2026-08-13 12:53:25] INFO Epoch 029 | train batch=650/1427 | elapsed=2.9 min | eta=3.5 min
[2026-08-13 12:53:28] INFO Epoch 029 | train batch=660/1427 | elapsed=3.0 min | eta=3.4 min
[2026-08-13 12:53:31] INFO Epoch 029 | train batch=670/1427 | elapsed=3.0 min | eta=3.4 min
[2026-08-13 12:53:33] INFO Epoch 029 | train batch=680/1427 | elapsed=3.1 min | eta=3.4 min
[2026-08-13 12:53:36] INFO Epoch 029 | train batch=690/1427 | elapsed=3.1 min | eta=3.3 min
[2026-08-13 12:53:39] INFO Epoch 029 | train batch=700/1427 | elapsed=3.1 min | eta=3.3 min
[2026-08-13 12:53:42] INFO Epoch 029 | train batch=710/1427 | elapsed=3.2 min | eta=3.2 min
[2026-08-13 12:53:44] INFO Epoch 029 | train batch=720/1427 | elapsed=3.2 min | eta=3.2 min
[2026-08-13 12:53:47] INFO Epoch 029 | train batch=730/1427 | elapsed=3.3 min | eta=3.1 min
[2026-08-13 12:53:50] INFO Epoch 029 | train batch=740/1427 | elapsed=3.3 min | eta=3.1 min
[2026-08-13 12:53:52] INFO Epoch 029 | train batch=750/1427 | elapsed=3.4 min | eta=3.0 min
[2026-08-13 12:53:55] INFO Epoch 029 | train batch=760/1427 | elapsed=3.4 min | eta=3.0 min
[2026-08-13 12:53:58] INFO Epoch 029 | train batch=770/1427 | elapsed=3.5 min | eta=2.9 min
[2026-08-13 12:54:00] INFO Epoch 029 | train batch=780/1427 | elapsed=3.5 min | eta=2.9 min
[2026-08-13 12:54:03] INFO Epoch 029 | train batch=790/1427 | elapsed=3.5 min | eta=2.9 min
[2026-08-13 12:54:06] INFO Epoch 029 | train batch=800/1427 | elapsed=3.6 min | eta=2.8 min
[2026-08-13 12:54:09] INFO Epoch 029 | train batch=810/1427 | elapsed=3.6 min | eta=2.8 min
[2026-08-13 12:54:12] INFO Epoch 029 | train batch=820/1427 | elapsed=3.7 min | eta=2.7 min
[2026-08-13 12:54:14] INFO Epoch 029 | train batch=830/1427 | elapsed=3.7 min | eta=2.7 min
[2026-08-13 12:54:17] INFO Epoch 029 | train batch=840/1427 | elapsed=3.8 min | eta=2.6 min
[2026-08-13 12:54:20] INFO Epoch 029 | train batch=850/1427 | elapsed=3.8 min | eta=2.6 min
[2026-08-13 12:54:22] INFO Epoch 029 | train batch=860/1427 | elapsed=3.9 min | eta=2.6 min
[2026-08-13 12:54:25] INFO Epoch 029 | train batch=870/1427 | elapsed=3.9 min | eta=2.5 min
[2026-08-13 12:54:27] INFO Epoch 029 | train batch=880/1427 | elapsed=4.0 min | eta=2.5 min
[2026-08-13 12:54:30] INFO Epoch 029 | train batch=890/1427 | elapsed=4.0 min | eta=2.4 min
[2026-08-13 12:54:32] INFO Epoch 029 | train batch=900/1427 | elapsed=4.0 min | eta=2.4 min
[2026-08-13 12:54:35] INFO Epoch 029 | train batch=910/1427 | elapsed=4.1 min | eta=2.3 min
[2026-08-13 12:54:38] INFO Epoch 029 | train batch=920/1427 | elapsed=4.1 min | eta=2.3 min
[2026-08-13 12:54:41] INFO Epoch 029 | train batch=930/1427 | elapsed=4.2 min | eta=2.2 min
[2026-08-13 12:54:43] INFO Epoch 029 | train batch=940/1427 | elapsed=4.2 min | eta=2.2 min
[2026-08-13 12:54:46] INFO Epoch 029 | train batch=950/1427 | elapsed=4.3 min | eta=2.1 min
[2026-08-13 12:54:49] INFO Epoch 029 | train batch=960/1427 | elapsed=4.3 min | eta=2.1 min
[2026-08-13 12:54:51] INFO Epoch 029 | train batch=970/1427 | elapsed=4.4 min | eta=2.1 min
[2026-08-13 12:54:54] INFO Epoch 029 | train batch=980/1427 | elapsed=4.4 min | eta=2.0 min
[2026-08-13 12:54:57] INFO Epoch 029 | train batch=990/1427 | elapsed=4.4 min | eta=2.0 min
[2026-08-13 12:55:00] INFO Epoch 029 | train batch=1000/1427 | elapsed=4.5 min | eta=1.9 min
[2026-08-13 12:55:03] INFO Epoch 029 | train batch=1010/1427 | elapsed=4.5 min | eta=1.9 min
[2026-08-13 12:55:05] INFO Epoch 029 | train batch=1020/1427 | elapsed=4.6 min | eta=1.8 min
[2026-08-13 12:55:08] INFO Epoch 029 | train batch=1030/1427 | elapsed=4.6 min | eta=1.8 min
[2026-08-13 12:55:11] INFO Epoch 029 | train batch=1040/1427 | elapsed=4.7 min | eta=1.7 min
[2026-08-13 12:55:13] INFO Epoch 029 | train batch=1050/1427 | elapsed=4.7 min | eta=1.7 min
[2026-08-13 12:55:16] INFO Epoch 029 | train batch=1060/1427 | elapsed=4.8 min | eta=1.6 min
[2026-08-13 12:55:19] INFO Epoch 029 | train batch=1070/1427 | elapsed=4.8 min | eta=1.6 min
[2026-08-13 12:55:21] INFO Epoch 029 | train batch=1080/1427 | elapsed=4.9 min | eta=1.6 min
[2026-08-13 12:55:24] INFO Epoch 029 | train batch=1090/1427 | elapsed=4.9 min | eta=1.5 min
[2026-08-13 12:55:27] INFO Epoch 029 | train batch=1100/1427 | elapsed=4.9 min | eta=1.5 min
[2026-08-13 12:55:30] INFO Epoch 029 | train batch=1110/1427 | elapsed=5.0 min | eta=1.4 min
[2026-08-13 12:55:33] INFO Epoch 029 | train batch=1120/1427 | elapsed=5.0 min | eta=1.4 min
[2026-08-13 12:55:35] INFO Epoch 029 | train batch=1130/1427 | elapsed=5.1 min | eta=1.3 min
[2026-08-13 12:55:38] INFO Epoch 029 | train batch=1140/1427 | elapsed=5.1 min | eta=1.3 min
[2026-08-13 12:55:40] INFO Epoch 029 | train batch=1150/1427 | elapsed=5.2 min | eta=1.2 min
[2026-08-13 12:55:43] INFO Epoch 029 | train batch=1160/1427 | elapsed=5.2 min | eta=1.2 min
[2026-08-13 12:55:46] INFO Epoch 029 | train batch=1170/1427 | elapsed=5.3 min | eta=1.2 min
[2026-08-13 12:55:48] INFO Epoch 029 | train batch=1180/1427 | elapsed=5.3 min | eta=1.1 min
[2026-08-13 12:55:51] INFO Epoch 029 | train batch=1190/1427 | elapsed=5.3 min | eta=1.1 min
[2026-08-13 12:55:53] INFO Epoch 029 | train batch=1200/1427 | elapsed=5.4 min | eta=1.0 min
[2026-08-13 12:55:56] INFO Epoch 029 | train batch=1210/1427 | elapsed=5.4 min | eta=1.0 min
[2026-08-13 12:55:59] INFO Epoch 029 | train batch=1220/1427 | elapsed=5.5 min | eta=0.9 min
[2026-08-13 12:56:01] INFO Epoch 029 | train batch=1230/1427 | elapsed=5.5 min | eta=0.9 min
[2026-08-13 12:56:04] INFO Epoch 029 | train batch=1240/1427 | elapsed=5.6 min | eta=0.8 min
[2026-08-13 12:56:07] INFO Epoch 029 | train batch=1250/1427 | elapsed=5.6 min | eta=0.8 min
[2026-08-13 12:56:09] INFO Epoch 029 | train batch=1260/1427 | elapsed=5.6 min | eta=0.7 min
[2026-08-13 12:56:12] INFO Epoch 029 | train batch=1270/1427 | elapsed=5.7 min | eta=0.7 min
[2026-08-13 12:56:15] INFO Epoch 029 | train batch=1280/1427 | elapsed=5.7 min | eta=0.7 min
[2026-08-13 12:56:18] INFO Epoch 029 | train batch=1290/1427 | elapsed=5.8 min | eta=0.6 min
[2026-08-13 12:56:20] INFO Epoch 029 | train batch=1300/1427 | elapsed=5.8 min | eta=0.6 min
[2026-08-13 12:56:23] INFO Epoch 029 | train batch=1310/1427 | elapsed=5.9 min | eta=0.5 min
[2026-08-13 12:56:26] INFO Epoch 029 | train batch=1320/1427 | elapsed=5.9 min | eta=0.5 min
[2026-08-13 12:56:29] INFO Epoch 029 | train batch=1330/1427 | elapsed=6.0 min | eta=0.4 min
[2026-08-13 12:56:32] INFO Epoch 029 | train batch=1340/1427 | elapsed=6.0 min | eta=0.4 min
[2026-08-13 12:56:34] INFO Epoch 029 | train batch=1350/1427 | elapsed=6.1 min | eta=0.3 min
[2026-08-13 12:56:37] INFO Epoch 029 | train batch=1360/1427 | elapsed=6.1 min | eta=0.3 min
[2026-08-13 12:56:39] INFO Epoch 029 | train batch=1370/1427 | elapsed=6.2 min | eta=0.3 min
[2026-08-13 12:56:42] INFO Epoch 029 | train batch=1380/1427 | elapsed=6.2 min | eta=0.2 min
[2026-08-13 12:56:45] INFO Epoch 029 | train batch=1390/1427 | elapsed=6.2 min | eta=0.2 min
[2026-08-13 12:56:48] INFO Epoch 029 | train batch=1400/1427 | elapsed=6.3 min | eta=0.1 min
[2026-08-13 12:56:50] INFO Epoch 029 | train batch=1410/1427 | elapsed=6.3 min | eta=0.1 min
[2026-08-13 12:56:53] INFO Epoch 029 | train batch=1420/1427 | elapsed=6.4 min | eta=0.0 min
[2026-08-13 12:56:55] INFO Epoch 029 | train batch=1427/1427 | elapsed=6.4 min | eta=0.0 min
[2026-08-13 12:56:55] INFO Epoch 029 | val batch=1/203 | elapsed=0.0 min | eta=0.3 min
[2026-08-13 12:56:56] INFO Epoch 029 | val batch=10/203 | elapsed=0.0 min | eta=0.4 min
[2026-08-13 12:56:57] INFO Epoch 029 | val batch=20/203 | elapsed=0.0 min | eta=0.4 min
[2026-08-13 12:56:59] INFO Epoch 029 | val batch=30/203 | elapsed=0.1 min | eta=0.4 min
[2026-08-13 12:57:00] INFO Epoch 029 | val batch=40/203 | elapsed=0.1 min | eta=0.4 min
[2026-08-13 12:57:01] INFO Epoch 029 | val batch=50/203 | elapsed=0.1 min | eta=0.3 min
[2026-08-13 12:57:03] INFO Epoch 029 | val batch=60/203 | elapsed=0.1 min | eta=0.3 min
[2026-08-13 12:57:04] INFO Epoch 029 | val batch=70/203 | elapsed=0.2 min | eta=0.3 min
[2026-08-13 12:57:05] INFO Epoch 029 | val batch=80/203 | elapsed=0.2 min | eta=0.3 min
[2026-08-13 12:57:07] INFO Epoch 029 | val batch=90/203 | elapsed=0.2 min | eta=0.2 min
[2026-08-13 12:57:08] INFO Epoch 029 | val batch=100/203 | elapsed=0.2 min | eta=0.2 min
[2026-08-13 12:57:09] INFO Epoch 029 | val batch=110/203 | elapsed=0.2 min | eta=0.2 min
[2026-08-13 12:57:11] INFO Epoch 029 | val batch=120/203 | elapsed=0.3 min | eta=0.2 min
[2026-08-13 12:57:12] INFO Epoch 029 | val batch=130/203 | elapsed=0.3 min | eta=0.2 min
[2026-08-13 12:57:13] INFO Epoch 029 | val batch=140/203 | elapsed=0.3 min | eta=0.1 min
[2026-08-13 12:57:15] INFO Epoch 029 | val batch=150/203 | elapsed=0.3 min | eta=0.1 min
[2026-08-13 12:57:16] INFO Epoch 029 | val batch=160/203 | elapsed=0.4 min | eta=0.1 min
[2026-08-13 12:57:17] INFO Epoch 029 | val batch=170/203 | elapsed=0.4 min | eta=0.1 min
[2026-08-13 12:57:19] INFO Epoch 029 | val batch=180/203 | elapsed=0.4 min | eta=0.1 min
[2026-08-13 12:57:20] INFO Epoch 029 | val batch=190/203 | elapsed=0.4 min | eta=0.0 min
[2026-08-13 12:57:21] INFO Epoch 029 | val batch=200/203 | elapsed=0.4 min | eta=0.0 min
[2026-08-13 12:57:21] INFO Epoch 029 | val batch=203/203 | elapsed=0.4 min | eta=0.0 min
[2026-08-13 12:57:21] INFO Epoch 029 | train_total=1.076949 | val_total=1.170366 | val_mask=0.839152 | val_retrieval=2.368367 | val_profile=0.943777 | val_anchors=660915 | val_positive_pairs=0 | val_hard_negatives=0 | val_relation_candidates=9654476 | val_teacher_keff=4.444 | val_student_keff=9.103 | val_masked_positions=1959331 | skipped(train/val)=0/0
[2026-08-13 12:57:21] INFO Relation checkpoint updated | epoch=29 | best_val_relation=2.368367 | path=C:\Users\clw\projects\researchRep\STAnchor-BlockMemory\artifacts\metrla_e5_final_sym_profile_local12_seed42\pretrain_best_relation.pt
[2026-08-13 12:57:21] INFO Epoch 030/050 started | train_batches=1427 | val_batches=203
[2026-08-13 12:57:22] INFO Epoch 030 | train batch=1/1427 | elapsed=0.0 min | eta=5.1 min
[2026-08-13 12:57:24] INFO Epoch 030 | train batch=10/1427 | elapsed=0.0 min | eta=6.3 min
[2026-08-13 12:57:27] INFO Epoch 030 | train batch=20/1427 | elapsed=0.1 min | eta=6.4 min
[2026-08-13 12:57:29] INFO Epoch 030 | train batch=30/1427 | elapsed=0.1 min | eta=6.2 min
[2026-08-13 12:57:32] INFO Epoch 030 | train batch=40/1427 | elapsed=0.2 min | eta=6.1 min
[2026-08-13 12:57:35] INFO Epoch 030 | train batch=50/1427 | elapsed=0.2 min | eta=6.1 min
[2026-08-13 12:57:38] INFO Epoch 030 | train batch=60/1427 | elapsed=0.3 min | eta=6.2 min
[2026-08-13 12:57:41] INFO Epoch 030 | train batch=70/1427 | elapsed=0.3 min | eta=6.2 min
[2026-08-13 12:57:43] INFO Epoch 030 | train batch=80/1427 | elapsed=0.4 min | eta=6.2 min
[2026-08-13 12:57:46] INFO Epoch 030 | train batch=90/1427 | elapsed=0.4 min | eta=6.1 min
[2026-08-13 12:57:49] INFO Epoch 030 | train batch=100/1427 | elapsed=0.5 min | eta=6.0 min
[2026-08-13 12:57:51] INFO Epoch 030 | train batch=110/1427 | elapsed=0.5 min | eta=6.0 min
[2026-08-13 12:57:54] INFO Epoch 030 | train batch=120/1427 | elapsed=0.5 min | eta=5.9 min
[2026-08-13 12:57:57] INFO Epoch 030 | train batch=130/1427 | elapsed=0.6 min | eta=5.9 min
[2026-08-13 12:57:59] INFO Epoch 030 | train batch=140/1427 | elapsed=0.6 min | eta=5.8 min
[2026-08-13 12:58:02] INFO Epoch 030 | train batch=150/1427 | elapsed=0.7 min | eta=5.8 min
[2026-08-13 12:58:05] INFO Epoch 030 | train batch=160/1427 | elapsed=0.7 min | eta=5.7 min
[2026-08-13 12:58:08] INFO Epoch 030 | train batch=170/1427 | elapsed=0.8 min | eta=5.7 min
[2026-08-13 12:58:11] INFO Epoch 030 | train batch=180/1427 | elapsed=0.8 min | eta=5.7 min
[2026-08-13 12:58:13] INFO Epoch 030 | train batch=190/1427 | elapsed=0.9 min | eta=5.6 min
[2026-08-13 12:58:16] INFO Epoch 030 | train batch=200/1427 | elapsed=0.9 min | eta=5.5 min
[2026-08-13 12:58:18] INFO Epoch 030 | train batch=210/1427 | elapsed=0.9 min | eta=5.5 min
[2026-08-13 12:58:21] INFO Epoch 030 | train batch=220/1427 | elapsed=1.0 min | eta=5.4 min
[2026-08-13 12:58:24] INFO Epoch 030 | train batch=230/1427 | elapsed=1.0 min | eta=5.4 min
[2026-08-13 12:58:26] INFO Epoch 030 | train batch=240/1427 | elapsed=1.1 min | eta=5.3 min
[2026-08-13 12:58:29] INFO Epoch 030 | train batch=250/1427 | elapsed=1.1 min | eta=5.3 min
[2026-08-13 12:58:32] INFO Epoch 030 | train batch=260/1427 | elapsed=1.2 min | eta=5.3 min
[2026-08-13 12:58:35] INFO Epoch 030 | train batch=270/1427 | elapsed=1.2 min | eta=5.2 min
[2026-08-13 12:58:37] INFO Epoch 030 | train batch=280/1427 | elapsed=1.3 min | eta=5.2 min
[2026-08-13 12:58:40] INFO Epoch 030 | train batch=290/1427 | elapsed=1.3 min | eta=5.1 min
[2026-08-13 12:58:43] INFO Epoch 030 | train batch=300/1427 | elapsed=1.4 min | eta=5.1 min
[2026-08-13 12:58:45] INFO Epoch 030 | train batch=310/1427 | elapsed=1.4 min | eta=5.0 min
[2026-08-13 12:58:48] INFO Epoch 030 | train batch=320/1427 | elapsed=1.4 min | eta=5.0 min
[2026-08-13 12:58:51] INFO Epoch 030 | train batch=330/1427 | elapsed=1.5 min | eta=4.9 min
[2026-08-13 12:58:53] INFO Epoch 030 | train batch=340/1427 | elapsed=1.5 min | eta=4.9 min
[2026-08-13 12:58:56] INFO Epoch 030 | train batch=350/1427 | elapsed=1.6 min | eta=4.8 min
[2026-08-13 12:58:58] INFO Epoch 030 | train batch=360/1427 | elapsed=1.6 min | eta=4.8 min
[2026-08-13 12:59:01] INFO Epoch 030 | train batch=370/1427 | elapsed=1.7 min | eta=4.7 min
[2026-08-13 12:59:03] INFO Epoch 030 | train batch=380/1427 | elapsed=1.7 min | eta=4.7 min
[2026-08-13 12:59:06] INFO Epoch 030 | train batch=390/1427 | elapsed=1.7 min | eta=4.6 min
[2026-08-13 12:59:09] INFO Epoch 030 | train batch=400/1427 | elapsed=1.8 min | eta=4.6 min
[2026-08-13 12:59:11] INFO Epoch 030 | train batch=410/1427 | elapsed=1.8 min | eta=4.5 min
[2026-08-13 12:59:14] INFO Epoch 030 | train batch=420/1427 | elapsed=1.9 min | eta=4.5 min
[2026-08-13 12:59:17] INFO Epoch 030 | train batch=430/1427 | elapsed=1.9 min | eta=4.5 min
[2026-08-13 12:59:19] INFO Epoch 030 | train batch=440/1427 | elapsed=2.0 min | eta=4.4 min
[2026-08-13 12:59:22] INFO Epoch 030 | train batch=450/1427 | elapsed=2.0 min | eta=4.3 min
[2026-08-13 12:59:24] INFO Epoch 030 | train batch=460/1427 | elapsed=2.0 min | eta=4.3 min
[2026-08-13 12:59:26] INFO Epoch 030 | train batch=470/1427 | elapsed=2.1 min | eta=4.2 min
[2026-08-13 12:59:29] INFO Epoch 030 | train batch=480/1427 | elapsed=2.1 min | eta=4.2 min
[2026-08-13 12:59:32] INFO Epoch 030 | train batch=490/1427 | elapsed=2.2 min | eta=4.2 min
[2026-08-13 12:59:35] INFO Epoch 030 | train batch=500/1427 | elapsed=2.2 min | eta=4.1 min
[2026-08-13 12:59:37] INFO Epoch 030 | train batch=510/1427 | elapsed=2.3 min | eta=4.1 min
[2026-08-13 12:59:40] INFO Epoch 030 | train batch=520/1427 | elapsed=2.3 min | eta=4.0 min
[2026-08-13 12:59:43] INFO Epoch 030 | train batch=530/1427 | elapsed=2.4 min | eta=4.0 min
[2026-08-13 12:59:45] INFO Epoch 030 | train batch=540/1427 | elapsed=2.4 min | eta=3.9 min
[2026-08-13 12:59:48] INFO Epoch 030 | train batch=550/1427 | elapsed=2.4 min | eta=3.9 min
[2026-08-13 12:59:51] INFO Epoch 030 | train batch=560/1427 | elapsed=2.5 min | eta=3.9 min
[2026-08-13 12:59:54] INFO Epoch 030 | train batch=570/1427 | elapsed=2.5 min | eta=3.8 min
[2026-08-13 12:59:56] INFO Epoch 030 | train batch=580/1427 | elapsed=2.6 min | eta=3.8 min
[2026-08-13 12:59:59] INFO Epoch 030 | train batch=590/1427 | elapsed=2.6 min | eta=3.7 min
[2026-08-13 13:00:02] INFO Epoch 030 | train batch=600/1427 | elapsed=2.7 min | eta=3.7 min
[2026-08-13 13:00:04] INFO Epoch 030 | train batch=610/1427 | elapsed=2.7 min | eta=3.6 min
[2026-08-13 13:00:07] INFO Epoch 030 | train batch=620/1427 | elapsed=2.8 min | eta=3.6 min
[2026-08-13 13:00:10] INFO Epoch 030 | train batch=630/1427 | elapsed=2.8 min | eta=3.5 min
[2026-08-13 13:00:13] INFO Epoch 030 | train batch=640/1427 | elapsed=2.9 min | eta=3.5 min
[2026-08-13 13:00:15] INFO Epoch 030 | train batch=650/1427 | elapsed=2.9 min | eta=3.5 min
[2026-08-13 13:00:18] INFO Epoch 030 | train batch=660/1427 | elapsed=2.9 min | eta=3.4 min
[2026-08-13 13:00:21] INFO Epoch 030 | train batch=670/1427 | elapsed=3.0 min | eta=3.4 min
[2026-08-13 13:00:24] INFO Epoch 030 | train batch=680/1427 | elapsed=3.0 min | eta=3.3 min
[2026-08-13 13:00:26] INFO Epoch 030 | train batch=690/1427 | elapsed=3.1 min | eta=3.3 min
[2026-08-13 13:00:29] INFO Epoch 030 | train batch=700/1427 | elapsed=3.1 min | eta=3.2 min
[2026-08-13 13:00:32] INFO Epoch 030 | train batch=710/1427 | elapsed=3.2 min | eta=3.2 min
[2026-08-13 13:00:34] INFO Epoch 030 | train batch=720/1427 | elapsed=3.2 min | eta=3.2 min
[2026-08-13 13:00:37] INFO Epoch 030 | train batch=730/1427 | elapsed=3.3 min | eta=3.1 min
[2026-08-13 13:00:40] INFO Epoch 030 | train batch=740/1427 | elapsed=3.3 min | eta=3.1 min
[2026-08-13 13:00:43] INFO Epoch 030 | train batch=750/1427 | elapsed=3.4 min | eta=3.0 min
[2026-08-13 13:00:45] INFO Epoch 030 | train batch=760/1427 | elapsed=3.4 min | eta=3.0 min
[2026-08-13 13:00:48] INFO Epoch 030 | train batch=770/1427 | elapsed=3.4 min | eta=2.9 min
[2026-08-13 13:00:51] INFO Epoch 030 | train batch=780/1427 | elapsed=3.5 min | eta=2.9 min
[2026-08-13 13:00:53] INFO Epoch 030 | train batch=790/1427 | elapsed=3.5 min | eta=2.8 min
[2026-08-13 13:00:56] INFO Epoch 030 | train batch=800/1427 | elapsed=3.6 min | eta=2.8 min
[2026-08-13 13:00:59] INFO Epoch 030 | train batch=810/1427 | elapsed=3.6 min | eta=2.8 min
[2026-08-13 13:01:02] INFO Epoch 030 | train batch=820/1427 | elapsed=3.7 min | eta=2.7 min
[2026-08-13 13:01:04] INFO Epoch 030 | train batch=830/1427 | elapsed=3.7 min | eta=2.7 min
[2026-08-13 13:01:07] INFO Epoch 030 | train batch=840/1427 | elapsed=3.8 min | eta=2.6 min
[2026-08-13 13:01:10] INFO Epoch 030 | train batch=850/1427 | elapsed=3.8 min | eta=2.6 min
[2026-08-13 13:01:12] INFO Epoch 030 | train batch=860/1427 | elapsed=3.9 min | eta=2.5 min
[2026-08-13 13:01:15] INFO Epoch 030 | train batch=870/1427 | elapsed=3.9 min | eta=2.5 min
[2026-08-13 13:01:18] INFO Epoch 030 | train batch=880/1427 | elapsed=3.9 min | eta=2.4 min
[2026-08-13 13:01:21] INFO Epoch 030 | train batch=890/1427 | elapsed=4.0 min | eta=2.4 min
[2026-08-13 13:01:23] INFO Epoch 030 | train batch=900/1427 | elapsed=4.0 min | eta=2.4 min
[2026-08-13 13:01:26] INFO Epoch 030 | train batch=910/1427 | elapsed=4.1 min | eta=2.3 min
[2026-08-13 13:01:29] INFO Epoch 030 | train batch=920/1427 | elapsed=4.1 min | eta=2.3 min
[2026-08-13 13:01:32] INFO Epoch 030 | train batch=930/1427 | elapsed=4.2 min | eta=2.2 min
[2026-08-13 13:01:34] INFO Epoch 030 | train batch=940/1427 | elapsed=4.2 min | eta=2.2 min
[2026-08-13 13:01:37] INFO Epoch 030 | train batch=950/1427 | elapsed=4.3 min | eta=2.1 min
[2026-08-13 13:01:40] INFO Epoch 030 | train batch=960/1427 | elapsed=4.3 min | eta=2.1 min
[2026-08-13 13:01:42] INFO Epoch 030 | train batch=970/1427 | elapsed=4.3 min | eta=2.0 min
[2026-08-13 13:01:45] INFO Epoch 030 | train batch=980/1427 | elapsed=4.4 min | eta=2.0 min
[2026-08-13 13:01:48] INFO Epoch 030 | train batch=990/1427 | elapsed=4.4 min | eta=2.0 min
[2026-08-13 13:01:51] INFO Epoch 030 | train batch=1000/1427 | elapsed=4.5 min | eta=1.9 min
[2026-08-13 13:01:53] INFO Epoch 030 | train batch=1010/1427 | elapsed=4.5 min | eta=1.9 min
[2026-08-13 13:01:57] INFO Epoch 030 | train batch=1020/1427 | elapsed=4.6 min | eta=1.8 min
[2026-08-13 13:01:59] INFO Epoch 030 | train batch=1030/1427 | elapsed=4.6 min | eta=1.8 min
[2026-08-13 13:02:01] INFO Epoch 030 | train batch=1040/1427 | elapsed=4.7 min | eta=1.7 min
[2026-08-13 13:02:04] INFO Epoch 030 | train batch=1050/1427 | elapsed=4.7 min | eta=1.7 min
[2026-08-13 13:02:07] INFO Epoch 030 | train batch=1060/1427 | elapsed=4.8 min | eta=1.6 min
[2026-08-13 13:02:10] INFO Epoch 030 | train batch=1070/1427 | elapsed=4.8 min | eta=1.6 min
[2026-08-13 13:02:13] INFO Epoch 030 | train batch=1080/1427 | elapsed=4.9 min | eta=1.6 min
[2026-08-13 13:02:15] INFO Epoch 030 | train batch=1090/1427 | elapsed=4.9 min | eta=1.5 min
[2026-08-13 13:02:18] INFO Epoch 030 | train batch=1100/1427 | elapsed=4.9 min | eta=1.5 min
[2026-08-13 13:02:20] INFO Epoch 030 | train batch=1110/1427 | elapsed=5.0 min | eta=1.4 min
[2026-08-13 13:02:23] INFO Epoch 030 | train batch=1120/1427 | elapsed=5.0 min | eta=1.4 min
[2026-08-13 13:02:26] INFO Epoch 030 | train batch=1130/1427 | elapsed=5.1 min | eta=1.3 min
[2026-08-13 13:02:29] INFO Epoch 030 | train batch=1140/1427 | elapsed=5.1 min | eta=1.3 min
[2026-08-13 13:02:31] INFO Epoch 030 | train batch=1150/1427 | elapsed=5.2 min | eta=1.2 min
[2026-08-13 13:02:34] INFO Epoch 030 | train batch=1160/1427 | elapsed=5.2 min | eta=1.2 min
[2026-08-13 13:02:37] INFO Epoch 030 | train batch=1170/1427 | elapsed=5.3 min | eta=1.2 min
[2026-08-13 13:02:40] INFO Epoch 030 | train batch=1180/1427 | elapsed=5.3 min | eta=1.1 min
[2026-08-13 13:02:42] INFO Epoch 030 | train batch=1190/1427 | elapsed=5.3 min | eta=1.1 min
[2026-08-13 13:02:45] INFO Epoch 030 | train batch=1200/1427 | elapsed=5.4 min | eta=1.0 min
[2026-08-13 13:02:47] INFO Epoch 030 | train batch=1210/1427 | elapsed=5.4 min | eta=1.0 min
[2026-08-13 13:02:50] INFO Epoch 030 | train batch=1220/1427 | elapsed=5.5 min | eta=0.9 min
[2026-08-13 13:02:53] INFO Epoch 030 | train batch=1230/1427 | elapsed=5.5 min | eta=0.9 min
[2026-08-13 13:02:55] INFO Epoch 030 | train batch=1240/1427 | elapsed=5.6 min | eta=0.8 min
[2026-08-13 13:02:58] INFO Epoch 030 | train batch=1250/1427 | elapsed=5.6 min | eta=0.8 min
[2026-08-13 13:03:01] INFO Epoch 030 | train batch=1260/1427 | elapsed=5.7 min | eta=0.7 min
[2026-08-13 13:03:03] INFO Epoch 030 | train batch=1270/1427 | elapsed=5.7 min | eta=0.7 min
[2026-08-13 13:03:06] INFO Epoch 030 | train batch=1280/1427 | elapsed=5.7 min | eta=0.7 min
[2026-08-13 13:03:09] INFO Epoch 030 | train batch=1290/1427 | elapsed=5.8 min | eta=0.6 min
[2026-08-13 13:03:11] INFO Epoch 030 | train batch=1300/1427 | elapsed=5.8 min | eta=0.6 min
[2026-08-13 13:03:14] INFO Epoch 030 | train batch=1310/1427 | elapsed=5.9 min | eta=0.5 min
[2026-08-13 13:03:16] INFO Epoch 030 | train batch=1320/1427 | elapsed=5.9 min | eta=0.5 min
[2026-08-13 13:03:19] INFO Epoch 030 | train batch=1330/1427 | elapsed=6.0 min | eta=0.4 min
[2026-08-13 13:03:22] INFO Epoch 030 | train batch=1340/1427 | elapsed=6.0 min | eta=0.4 min
[2026-08-13 13:03:25] INFO Epoch 030 | train batch=1350/1427 | elapsed=6.1 min | eta=0.3 min
[2026-08-13 13:03:27] INFO Epoch 030 | train batch=1360/1427 | elapsed=6.1 min | eta=0.3 min
[2026-08-13 13:03:30] INFO Epoch 030 | train batch=1370/1427 | elapsed=6.1 min | eta=0.3 min
[2026-08-13 13:03:33] INFO Epoch 030 | train batch=1380/1427 | elapsed=6.2 min | eta=0.2 min
[2026-08-13 13:03:35] INFO Epoch 030 | train batch=1390/1427 | elapsed=6.2 min | eta=0.2 min
[2026-08-13 13:03:38] INFO Epoch 030 | train batch=1400/1427 | elapsed=6.3 min | eta=0.1 min
[2026-08-13 13:03:41] INFO Epoch 030 | train batch=1410/1427 | elapsed=6.3 min | eta=0.1 min
[2026-08-13 13:03:43] INFO Epoch 030 | train batch=1420/1427 | elapsed=6.4 min | eta=0.0 min
[2026-08-13 13:03:45] INFO Epoch 030 | train batch=1427/1427 | elapsed=6.4 min | eta=0.0 min
[2026-08-13 13:03:45] INFO Epoch 030 | val batch=1/203 | elapsed=0.0 min | eta=0.3 min
[2026-08-13 13:03:46] INFO Epoch 030 | val batch=10/203 | elapsed=0.0 min | eta=0.4 min
[2026-08-13 13:03:47] INFO Epoch 030 | val batch=20/203 | elapsed=0.0 min | eta=0.4 min
[2026-08-13 13:03:49] INFO Epoch 030 | val batch=30/203 | elapsed=0.1 min | eta=0.4 min
[2026-08-13 13:03:50] INFO Epoch 030 | val batch=40/203 | elapsed=0.1 min | eta=0.4 min
[2026-08-13 13:03:51] INFO Epoch 030 | val batch=50/203 | elapsed=0.1 min | eta=0.3 min
[2026-08-13 13:03:53] INFO Epoch 030 | val batch=60/203 | elapsed=0.1 min | eta=0.3 min
[2026-08-13 13:03:54] INFO Epoch 030 | val batch=70/203 | elapsed=0.2 min | eta=0.3 min
[2026-08-13 13:03:55] INFO Epoch 030 | val batch=80/203 | elapsed=0.2 min | eta=0.3 min
[2026-08-13 13:03:57] INFO Epoch 030 | val batch=90/203 | elapsed=0.2 min | eta=0.2 min
[2026-08-13 13:03:58] INFO Epoch 030 | val batch=100/203 | elapsed=0.2 min | eta=0.2 min
[2026-08-13 13:03:59] INFO Epoch 030 | val batch=110/203 | elapsed=0.2 min | eta=0.2 min
[2026-08-13 13:04:01] INFO Epoch 030 | val batch=120/203 | elapsed=0.3 min | eta=0.2 min
[2026-08-13 13:04:02] INFO Epoch 030 | val batch=130/203 | elapsed=0.3 min | eta=0.2 min
[2026-08-13 13:04:03] INFO Epoch 030 | val batch=140/203 | elapsed=0.3 min | eta=0.1 min
[2026-08-13 13:04:05] INFO Epoch 030 | val batch=150/203 | elapsed=0.3 min | eta=0.1 min
[2026-08-13 13:04:06] INFO Epoch 030 | val batch=160/203 | elapsed=0.4 min | eta=0.1 min
[2026-08-13 13:04:07] INFO Epoch 030 | val batch=170/203 | elapsed=0.4 min | eta=0.1 min
[2026-08-13 13:04:08] INFO Epoch 030 | val batch=180/203 | elapsed=0.4 min | eta=0.1 min
[2026-08-13 13:04:10] INFO Epoch 030 | val batch=190/203 | elapsed=0.4 min | eta=0.0 min
[2026-08-13 13:04:11] INFO Epoch 030 | val batch=200/203 | elapsed=0.4 min | eta=0.0 min
[2026-08-13 13:04:12] INFO Epoch 030 | val batch=203/203 | elapsed=0.4 min | eta=0.0 min
[2026-08-13 13:04:12] INFO Epoch 030 | train_total=1.092944 | val_total=1.035939 | val_mask=0.704918 | val_retrieval=2.369097 | val_profile=0.941120 | val_anchors=660915 | val_positive_pairs=0 | val_hard_negatives=0 | val_relation_candidates=9654476 | val_teacher_keff=4.444 | val_student_keff=9.472 | val_masked_positions=1959041 | skipped(train/val)=0/0
[2026-08-13 13:04:12] INFO Epoch 031/050 started | train_batches=1427 | val_batches=203
[2026-08-13 13:04:12] INFO Epoch 031 | train batch=1/1427 | elapsed=0.0 min | eta=8.4 min
[2026-08-13 13:04:14] INFO Epoch 031 | train batch=10/1427 | elapsed=0.0 min | eta=6.7 min
[2026-08-13 13:04:17] INFO Epoch 031 | train batch=20/1427 | elapsed=0.1 min | eta=6.6 min
[2026-08-13 13:04:20] INFO Epoch 031 | train batch=30/1427 | elapsed=0.1 min | eta=6.4 min
[2026-08-13 13:04:23] INFO Epoch 031 | train batch=40/1427 | elapsed=0.2 min | eta=6.4 min
[2026-08-13 13:04:25] INFO Epoch 031 | train batch=50/1427 | elapsed=0.2 min | eta=6.3 min
[2026-08-13 13:04:28] INFO Epoch 031 | train batch=60/1427 | elapsed=0.3 min | eta=6.3 min
[2026-08-13 13:04:31] INFO Epoch 031 | train batch=70/1427 | elapsed=0.3 min | eta=6.2 min
[2026-08-13 13:04:33] INFO Epoch 031 | train batch=80/1427 | elapsed=0.4 min | eta=6.1 min
[2026-08-13 13:04:36] INFO Epoch 031 | train batch=90/1427 | elapsed=0.4 min | eta=6.1 min
[2026-08-13 13:04:39] INFO Epoch 031 | train batch=100/1427 | elapsed=0.4 min | eta=6.0 min
[2026-08-13 13:04:41] INFO Epoch 031 | train batch=110/1427 | elapsed=0.5 min | eta=5.8 min
[2026-08-13 13:04:43] INFO Epoch 031 | train batch=120/1427 | elapsed=0.5 min | eta=5.8 min
[2026-08-13 13:04:46] INFO Epoch 031 | train batch=130/1427 | elapsed=0.6 min | eta=5.7 min
[2026-08-13 13:04:49] INFO Epoch 031 | train batch=140/1427 | elapsed=0.6 min | eta=5.7 min
[2026-08-13 13:04:51] INFO Epoch 031 | train batch=150/1427 | elapsed=0.7 min | eta=5.6 min
[2026-08-13 13:04:54] INFO Epoch 031 | train batch=160/1427 | elapsed=0.7 min | eta=5.6 min
[2026-08-13 13:04:57] INFO Epoch 031 | train batch=170/1427 | elapsed=0.7 min | eta=5.5 min
[2026-08-13 13:04:59] INFO Epoch 031 | train batch=180/1427 | elapsed=0.8 min | eta=5.5 min
[2026-08-13 13:05:02] INFO Epoch 031 | train batch=190/1427 | elapsed=0.8 min | eta=5.5 min
[2026-08-13 13:05:04] INFO Epoch 031 | train batch=200/1427 | elapsed=0.9 min | eta=5.4 min
[2026-08-13 13:05:07] INFO Epoch 031 | train batch=210/1427 | elapsed=0.9 min | eta=5.3 min
[2026-08-13 13:05:10] INFO Epoch 031 | train batch=220/1427 | elapsed=1.0 min | eta=5.3 min
[2026-08-13 13:05:12] INFO Epoch 031 | train batch=230/1427 | elapsed=1.0 min | eta=5.3 min
[2026-08-13 13:05:15] INFO Epoch 031 | train batch=240/1427 | elapsed=1.1 min | eta=5.2 min
[2026-08-13 13:05:17] INFO Epoch 031 | train batch=250/1427 | elapsed=1.1 min | eta=5.1 min
[2026-08-13 13:05:20] INFO Epoch 031 | train batch=260/1427 | elapsed=1.1 min | eta=5.1 min
[2026-08-13 13:05:23] INFO Epoch 031 | train batch=270/1427 | elapsed=1.2 min | eta=5.1 min
[2026-08-13 13:05:25] INFO Epoch 031 | train batch=280/1427 | elapsed=1.2 min | eta=5.0 min
[2026-08-13 13:05:28] INFO Epoch 031 | train batch=290/1427 | elapsed=1.3 min | eta=5.0 min
[2026-08-13 13:05:31] INFO Epoch 031 | train batch=300/1427 | elapsed=1.3 min | eta=5.0 min
[2026-08-13 13:05:33] INFO Epoch 031 | train batch=310/1427 | elapsed=1.4 min | eta=4.9 min
[2026-08-13 13:05:36] INFO Epoch 031 | train batch=320/1427 | elapsed=1.4 min | eta=4.9 min
[2026-08-13 13:05:39] INFO Epoch 031 | train batch=330/1427 | elapsed=1.5 min | eta=4.8 min
[2026-08-13 13:05:41] INFO Epoch 031 | train batch=340/1427 | elapsed=1.5 min | eta=4.8 min
[2026-08-13 13:05:44] INFO Epoch 031 | train batch=350/1427 | elapsed=1.5 min | eta=4.7 min
[2026-08-13 13:05:47] INFO Epoch 031 | train batch=360/1427 | elapsed=1.6 min | eta=4.7 min
[2026-08-13 13:05:49] INFO Epoch 031 | train batch=370/1427 | elapsed=1.6 min | eta=4.7 min
[2026-08-13 13:05:52] INFO Epoch 031 | train batch=380/1427 | elapsed=1.7 min | eta=4.6 min
[2026-08-13 13:05:55] INFO Epoch 031 | train batch=390/1427 | elapsed=1.7 min | eta=4.6 min
[2026-08-13 13:05:57] INFO Epoch 031 | train batch=400/1427 | elapsed=1.8 min | eta=4.5 min
[2026-08-13 13:06:00] INFO Epoch 031 | train batch=410/1427 | elapsed=1.8 min | eta=4.5 min
[2026-08-13 13:06:03] INFO Epoch 031 | train batch=420/1427 | elapsed=1.8 min | eta=4.4 min
[2026-08-13 13:06:05] INFO Epoch 031 | train batch=430/1427 | elapsed=1.9 min | eta=4.4 min
[2026-08-13 13:06:08] INFO Epoch 031 | train batch=440/1427 | elapsed=1.9 min | eta=4.4 min
[2026-08-13 13:06:11] INFO Epoch 031 | train batch=450/1427 | elapsed=2.0 min | eta=4.3 min
[2026-08-13 13:06:13] INFO Epoch 031 | train batch=460/1427 | elapsed=2.0 min | eta=4.3 min
[2026-08-13 13:06:16] INFO Epoch 031 | train batch=470/1427 | elapsed=2.1 min | eta=4.2 min
[2026-08-13 13:06:19] INFO Epoch 031 | train batch=480/1427 | elapsed=2.1 min | eta=4.2 min
[2026-08-13 13:06:22] INFO Epoch 031 | train batch=490/1427 | elapsed=2.2 min | eta=4.1 min
[2026-08-13 13:06:25] INFO Epoch 031 | train batch=500/1427 | elapsed=2.2 min | eta=4.1 min
[2026-08-13 13:06:28] INFO Epoch 031 | train batch=510/1427 | elapsed=2.3 min | eta=4.1 min
[2026-08-13 13:06:30] INFO Epoch 031 | train batch=520/1427 | elapsed=2.3 min | eta=4.0 min
[2026-08-13 13:06:33] INFO Epoch 031 | train batch=530/1427 | elapsed=2.4 min | eta=4.0 min
[2026-08-13 13:06:36] INFO Epoch 031 | train batch=540/1427 | elapsed=2.4 min | eta=3.9 min
[2026-08-13 13:06:38] INFO Epoch 031 | train batch=550/1427 | elapsed=2.4 min | eta=3.9 min
[2026-08-13 13:06:41] INFO Epoch 031 | train batch=560/1427 | elapsed=2.5 min | eta=3.9 min
[2026-08-13 13:06:44] INFO Epoch 031 | train batch=570/1427 | elapsed=2.5 min | eta=3.8 min
[2026-08-13 13:06:47] INFO Epoch 031 | train batch=580/1427 | elapsed=2.6 min | eta=3.8 min
[2026-08-13 13:06:50] INFO Epoch 031 | train batch=590/1427 | elapsed=2.6 min | eta=3.7 min
[2026-08-13 13:06:52] INFO Epoch 031 | train batch=600/1427 | elapsed=2.7 min | eta=3.7 min
[2026-08-13 13:06:55] INFO Epoch 031 | train batch=610/1427 | elapsed=2.7 min | eta=3.6 min
[2026-08-13 13:06:58] INFO Epoch 031 | train batch=620/1427 | elapsed=2.8 min | eta=3.6 min
[2026-08-13 13:07:00] INFO Epoch 031 | train batch=630/1427 | elapsed=2.8 min | eta=3.6 min
[2026-08-13 13:07:03] INFO Epoch 031 | train batch=640/1427 | elapsed=2.9 min | eta=3.5 min
[2026-08-13 13:07:05] INFO Epoch 031 | train batch=650/1427 | elapsed=2.9 min | eta=3.5 min
[2026-08-13 13:07:08] INFO Epoch 031 | train batch=660/1427 | elapsed=2.9 min | eta=3.4 min
[2026-08-13 13:07:10] INFO Epoch 031 | train batch=670/1427 | elapsed=3.0 min | eta=3.4 min
[2026-08-13 13:07:13] INFO Epoch 031 | train batch=680/1427 | elapsed=3.0 min | eta=3.3 min
[2026-08-13 13:07:16] INFO Epoch 031 | train batch=690/1427 | elapsed=3.1 min | eta=3.3 min
[2026-08-13 13:07:18] INFO Epoch 031 | train batch=700/1427 | elapsed=3.1 min | eta=3.2 min
[2026-08-13 13:07:21] INFO Epoch 031 | train batch=710/1427 | elapsed=3.2 min | eta=3.2 min
[2026-08-13 13:07:23] INFO Epoch 031 | train batch=720/1427 | elapsed=3.2 min | eta=3.1 min
[2026-08-13 13:07:26] INFO Epoch 031 | train batch=730/1427 | elapsed=3.2 min | eta=3.1 min
[2026-08-13 13:07:28] INFO Epoch 031 | train batch=740/1427 | elapsed=3.3 min | eta=3.0 min
[2026-08-13 13:07:31] INFO Epoch 031 | train batch=750/1427 | elapsed=3.3 min | eta=3.0 min
[2026-08-13 13:07:34] INFO Epoch 031 | train batch=760/1427 | elapsed=3.4 min | eta=3.0 min
[2026-08-13 13:07:37] INFO Epoch 031 | train batch=770/1427 | elapsed=3.4 min | eta=2.9 min
[2026-08-13 13:07:39] INFO Epoch 031 | train batch=780/1427 | elapsed=3.5 min | eta=2.9 min
[2026-08-13 13:07:42] INFO Epoch 031 | train batch=790/1427 | elapsed=3.5 min | eta=2.8 min
[2026-08-13 13:07:45] INFO Epoch 031 | train batch=800/1427 | elapsed=3.6 min | eta=2.8 min
[2026-08-13 13:07:47] INFO Epoch 031 | train batch=810/1427 | elapsed=3.6 min | eta=2.7 min
[2026-08-13 13:07:50] INFO Epoch 031 | train batch=820/1427 | elapsed=3.6 min | eta=2.7 min
[2026-08-13 13:07:52] INFO Epoch 031 | train batch=830/1427 | elapsed=3.7 min | eta=2.6 min
[2026-08-13 13:07:55] INFO Epoch 031 | train batch=840/1427 | elapsed=3.7 min | eta=2.6 min
[2026-08-13 13:07:57] INFO Epoch 031 | train batch=850/1427 | elapsed=3.8 min | eta=2.6 min
[2026-08-13 13:08:00] INFO Epoch 031 | train batch=860/1427 | elapsed=3.8 min | eta=2.5 min
[2026-08-13 13:08:03] INFO Epoch 031 | train batch=870/1427 | elapsed=3.9 min | eta=2.5 min
[2026-08-13 13:08:06] INFO Epoch 031 | train batch=880/1427 | elapsed=3.9 min | eta=2.4 min
[2026-08-13 13:08:09] INFO Epoch 031 | train batch=890/1427 | elapsed=3.9 min | eta=2.4 min
[2026-08-13 13:08:11] INFO Epoch 031 | train batch=900/1427 | elapsed=4.0 min | eta=2.3 min
[2026-08-13 13:08:14] INFO Epoch 031 | train batch=910/1427 | elapsed=4.0 min | eta=2.3 min
[2026-08-13 13:08:17] INFO Epoch 031 | train batch=920/1427 | elapsed=4.1 min | eta=2.3 min
[2026-08-13 13:08:20] INFO Epoch 031 | train batch=930/1427 | elapsed=4.1 min | eta=2.2 min
[2026-08-13 13:08:22] INFO Epoch 031 | train batch=940/1427 | elapsed=4.2 min | eta=2.2 min
[2026-08-13 13:08:25] INFO Epoch 031 | train batch=950/1427 | elapsed=4.2 min | eta=2.1 min
[2026-08-13 13:08:27] INFO Epoch 031 | train batch=960/1427 | elapsed=4.3 min | eta=2.1 min
[2026-08-13 13:08:30] INFO Epoch 031 | train batch=970/1427 | elapsed=4.3 min | eta=2.0 min
[2026-08-13 13:08:33] INFO Epoch 031 | train batch=980/1427 | elapsed=4.4 min | eta=2.0 min
[2026-08-13 13:08:36] INFO Epoch 031 | train batch=990/1427 | elapsed=4.4 min | eta=1.9 min
[2026-08-13 13:08:38] INFO Epoch 031 | train batch=1000/1427 | elapsed=4.4 min | eta=1.9 min
[2026-08-13 13:08:41] INFO Epoch 031 | train batch=1010/1427 | elapsed=4.5 min | eta=1.9 min
[2026-08-13 13:08:44] INFO Epoch 031 | train batch=1020/1427 | elapsed=4.5 min | eta=1.8 min
[2026-08-13 13:08:46] INFO Epoch 031 | train batch=1030/1427 | elapsed=4.6 min | eta=1.8 min
[2026-08-13 13:08:49] INFO Epoch 031 | train batch=1040/1427 | elapsed=4.6 min | eta=1.7 min
[2026-08-13 13:08:52] INFO Epoch 031 | train batch=1050/1427 | elapsed=4.7 min | eta=1.7 min
[2026-08-13 13:08:54] INFO Epoch 031 | train batch=1060/1427 | elapsed=4.7 min | eta=1.6 min
[2026-08-13 13:08:57] INFO Epoch 031 | train batch=1070/1427 | elapsed=4.8 min | eta=1.6 min
[2026-08-13 13:09:00] INFO Epoch 031 | train batch=1080/1427 | elapsed=4.8 min | eta=1.5 min
[2026-08-13 13:09:02] INFO Epoch 031 | train batch=1090/1427 | elapsed=4.8 min | eta=1.5 min
[2026-08-13 13:09:05] INFO Epoch 031 | train batch=1100/1427 | elapsed=4.9 min | eta=1.5 min
[2026-08-13 13:09:08] INFO Epoch 031 | train batch=1110/1427 | elapsed=4.9 min | eta=1.4 min
[2026-08-13 13:09:11] INFO Epoch 031 | train batch=1120/1427 | elapsed=5.0 min | eta=1.4 min
[2026-08-13 13:09:14] INFO Epoch 031 | train batch=1130/1427 | elapsed=5.0 min | eta=1.3 min
[2026-08-13 13:09:17] INFO Epoch 031 | train batch=1140/1427 | elapsed=5.1 min | eta=1.3 min
[2026-08-13 13:09:19] INFO Epoch 031 | train batch=1150/1427 | elapsed=5.1 min | eta=1.2 min
[2026-08-13 13:09:22] INFO Epoch 031 | train batch=1160/1427 | elapsed=5.2 min | eta=1.2 min
[2026-08-13 13:09:25] INFO Epoch 031 | train batch=1170/1427 | elapsed=5.2 min | eta=1.1 min
[2026-08-13 13:09:28] INFO Epoch 031 | train batch=1180/1427 | elapsed=5.3 min | eta=1.1 min
[2026-08-13 13:09:31] INFO Epoch 031 | train batch=1190/1427 | elapsed=5.3 min | eta=1.1 min
[2026-08-13 13:09:33] INFO Epoch 031 | train batch=1200/1427 | elapsed=5.4 min | eta=1.0 min
[2026-08-13 13:09:36] INFO Epoch 031 | train batch=1210/1427 | elapsed=5.4 min | eta=1.0 min
[2026-08-13 13:09:39] INFO Epoch 031 | train batch=1220/1427 | elapsed=5.5 min | eta=0.9 min
[2026-08-13 13:09:42] INFO Epoch 031 | train batch=1230/1427 | elapsed=5.5 min | eta=0.9 min
[2026-08-13 13:09:44] INFO Epoch 031 | train batch=1240/1427 | elapsed=5.5 min | eta=0.8 min
[2026-08-13 13:09:47] INFO Epoch 031 | train batch=1250/1427 | elapsed=5.6 min | eta=0.8 min
[2026-08-13 13:09:50] INFO Epoch 031 | train batch=1260/1427 | elapsed=5.6 min | eta=0.7 min
[2026-08-13 13:09:53] INFO Epoch 031 | train batch=1270/1427 | elapsed=5.7 min | eta=0.7 min
[2026-08-13 13:09:55] INFO Epoch 031 | train batch=1280/1427 | elapsed=5.7 min | eta=0.7 min
[2026-08-13 13:09:58] INFO Epoch 031 | train batch=1290/1427 | elapsed=5.8 min | eta=0.6 min
[2026-08-13 13:10:01] INFO Epoch 031 | train batch=1300/1427 | elapsed=5.8 min | eta=0.6 min
[2026-08-13 13:10:04] INFO Epoch 031 | train batch=1310/1427 | elapsed=5.9 min | eta=0.5 min
[2026-08-13 13:10:06] INFO Epoch 031 | train batch=1320/1427 | elapsed=5.9 min | eta=0.5 min
[2026-08-13 13:10:09] INFO Epoch 031 | train batch=1330/1427 | elapsed=6.0 min | eta=0.4 min
[2026-08-13 13:10:11] INFO Epoch 031 | train batch=1340/1427 | elapsed=6.0 min | eta=0.4 min
[2026-08-13 13:10:15] INFO Epoch 031 | train batch=1350/1427 | elapsed=6.0 min | eta=0.3 min
[2026-08-13 13:10:17] INFO Epoch 031 | train batch=1360/1427 | elapsed=6.1 min | eta=0.3 min
[2026-08-13 13:10:20] INFO Epoch 031 | train batch=1370/1427 | elapsed=6.1 min | eta=0.3 min
[2026-08-13 13:10:22] INFO Epoch 031 | train batch=1380/1427 | elapsed=6.2 min | eta=0.2 min
[2026-08-13 13:10:25] INFO Epoch 031 | train batch=1390/1427 | elapsed=6.2 min | eta=0.2 min
[2026-08-13 13:10:28] INFO Epoch 031 | train batch=1400/1427 | elapsed=6.3 min | eta=0.1 min
[2026-08-13 13:10:30] INFO Epoch 031 | train batch=1410/1427 | elapsed=6.3 min | eta=0.1 min
[2026-08-13 13:10:33] INFO Epoch 031 | train batch=1420/1427 | elapsed=6.4 min | eta=0.0 min
[2026-08-13 13:10:34] INFO Epoch 031 | train batch=1427/1427 | elapsed=6.4 min | eta=0.0 min
[2026-08-13 13:10:35] INFO Epoch 031 | val batch=1/203 | elapsed=0.0 min | eta=0.3 min
[2026-08-13 13:10:36] INFO Epoch 031 | val batch=10/203 | elapsed=0.0 min | eta=0.4 min
[2026-08-13 13:10:37] INFO Epoch 031 | val batch=20/203 | elapsed=0.0 min | eta=0.4 min
[2026-08-13 13:10:38] INFO Epoch 031 | val batch=30/203 | elapsed=0.1 min | eta=0.4 min
[2026-08-13 13:10:40] INFO Epoch 031 | val batch=40/203 | elapsed=0.1 min | eta=0.4 min
[2026-08-13 13:10:41] INFO Epoch 031 | val batch=50/203 | elapsed=0.1 min | eta=0.3 min
[2026-08-13 13:10:42] INFO Epoch 031 | val batch=60/203 | elapsed=0.1 min | eta=0.3 min
[2026-08-13 13:10:44] INFO Epoch 031 | val batch=70/203 | elapsed=0.2 min | eta=0.3 min
[2026-08-13 13:10:45] INFO Epoch 031 | val batch=80/203 | elapsed=0.2 min | eta=0.3 min
[2026-08-13 13:10:46] INFO Epoch 031 | val batch=90/203 | elapsed=0.2 min | eta=0.2 min
[2026-08-13 13:10:48] INFO Epoch 031 | val batch=100/203 | elapsed=0.2 min | eta=0.2 min
[2026-08-13 13:10:49] INFO Epoch 031 | val batch=110/203 | elapsed=0.2 min | eta=0.2 min
[2026-08-13 13:10:50] INFO Epoch 031 | val batch=120/203 | elapsed=0.3 min | eta=0.2 min
[2026-08-13 13:10:52] INFO Epoch 031 | val batch=130/203 | elapsed=0.3 min | eta=0.2 min
[2026-08-13 13:10:53] INFO Epoch 031 | val batch=140/203 | elapsed=0.3 min | eta=0.1 min
[2026-08-13 13:10:54] INFO Epoch 031 | val batch=150/203 | elapsed=0.3 min | eta=0.1 min
[2026-08-13 13:10:56] INFO Epoch 031 | val batch=160/203 | elapsed=0.4 min | eta=0.1 min
[2026-08-13 13:10:57] INFO Epoch 031 | val batch=170/203 | elapsed=0.4 min | eta=0.1 min
[2026-08-13 13:10:58] INFO Epoch 031 | val batch=180/203 | elapsed=0.4 min | eta=0.1 min
[2026-08-13 13:11:00] INFO Epoch 031 | val batch=190/203 | elapsed=0.4 min | eta=0.0 min
[2026-08-13 13:11:01] INFO Epoch 031 | val batch=200/203 | elapsed=0.4 min | eta=0.0 min
[2026-08-13 13:11:01] INFO Epoch 031 | val batch=203/203 | elapsed=0.4 min | eta=0.0 min
[2026-08-13 13:11:01] INFO Epoch 031 | train_total=1.120968 | val_total=1.133851 | val_mask=0.802629 | val_retrieval=2.371957 | val_profile=0.940258 | val_anchors=660915 | val_positive_pairs=0 | val_hard_negatives=0 | val_relation_candidates=9654476 | val_teacher_keff=4.444 | val_student_keff=9.468 | val_masked_positions=1959990 | skipped(train/val)=0/0
[2026-08-13 13:11:01] INFO Epoch 032/050 started | train_batches=1427 | val_batches=203
[2026-08-13 13:11:01] INFO Epoch 032 | train batch=1/1427 | elapsed=0.0 min | eta=5.2 min
[2026-08-13 13:11:04] INFO Epoch 032 | train batch=10/1427 | elapsed=0.0 min | eta=6.1 min
[2026-08-13 13:11:06] INFO Epoch 032 | train batch=20/1427 | elapsed=0.1 min | eta=6.0 min
[2026-08-13 13:11:09] INFO Epoch 032 | train batch=30/1427 | elapsed=0.1 min | eta=6.2 min
[2026-08-13 13:11:12] INFO Epoch 032 | train batch=40/1427 | elapsed=0.2 min | eta=6.2 min
[2026-08-13 13:11:15] INFO Epoch 032 | train batch=50/1427 | elapsed=0.2 min | eta=6.2 min
[2026-08-13 13:11:17] INFO Epoch 032 | train batch=60/1427 | elapsed=0.3 min | eta=6.1 min
[2026-08-13 13:11:20] INFO Epoch 032 | train batch=70/1427 | elapsed=0.3 min | eta=6.1 min
[2026-08-13 13:11:23] INFO Epoch 032 | train batch=80/1427 | elapsed=0.4 min | eta=6.1 min
[2026-08-13 13:11:25] INFO Epoch 032 | train batch=90/1427 | elapsed=0.4 min | eta=6.0 min
[2026-08-13 13:11:28] INFO Epoch 032 | train batch=100/1427 | elapsed=0.4 min | eta=5.9 min
[2026-08-13 13:11:31] INFO Epoch 032 | train batch=110/1427 | elapsed=0.5 min | eta=5.9 min
[2026-08-13 13:11:33] INFO Epoch 032 | train batch=120/1427 | elapsed=0.5 min | eta=5.8 min
[2026-08-13 13:11:36] INFO Epoch 032 | train batch=130/1427 | elapsed=0.6 min | eta=5.8 min
[2026-08-13 13:11:39] INFO Epoch 032 | train batch=140/1427 | elapsed=0.6 min | eta=5.7 min
[2026-08-13 13:11:42] INFO Epoch 032 | train batch=150/1427 | elapsed=0.7 min | eta=5.7 min
[2026-08-13 13:11:44] INFO Epoch 032 | train batch=160/1427 | elapsed=0.7 min | eta=5.7 min
[2026-08-13 13:11:47] INFO Epoch 032 | train batch=170/1427 | elapsed=0.8 min | eta=5.7 min
[2026-08-13 13:11:50] INFO Epoch 032 | train batch=180/1427 | elapsed=0.8 min | eta=5.6 min
[2026-08-13 13:11:52] INFO Epoch 032 | train batch=190/1427 | elapsed=0.9 min | eta=5.5 min
[2026-08-13 13:11:55] INFO Epoch 032 | train batch=200/1427 | elapsed=0.9 min | eta=5.5 min
[2026-08-13 13:11:58] INFO Epoch 032 | train batch=210/1427 | elapsed=0.9 min | eta=5.5 min
[2026-08-13 13:12:01] INFO Epoch 032 | train batch=220/1427 | elapsed=1.0 min | eta=5.4 min
[2026-08-13 13:12:03] INFO Epoch 032 | train batch=230/1427 | elapsed=1.0 min | eta=5.4 min
[2026-08-13 13:12:06] INFO Epoch 032 | train batch=240/1427 | elapsed=1.1 min | eta=5.4 min
[2026-08-13 13:12:09] INFO Epoch 032 | train batch=250/1427 | elapsed=1.1 min | eta=5.3 min
[2026-08-13 13:12:11] INFO Epoch 032 | train batch=260/1427 | elapsed=1.2 min | eta=5.2 min
[2026-08-13 13:12:14] INFO Epoch 032 | train batch=270/1427 | elapsed=1.2 min | eta=5.2 min
[2026-08-13 13:12:17] INFO Epoch 032 | train batch=280/1427 | elapsed=1.3 min | eta=5.1 min
[2026-08-13 13:12:19] INFO Epoch 032 | train batch=290/1427 | elapsed=1.3 min | eta=5.1 min
[2026-08-13 13:12:22] INFO Epoch 032 | train batch=300/1427 | elapsed=1.3 min | eta=5.0 min
[2026-08-13 13:12:25] INFO Epoch 032 | train batch=310/1427 | elapsed=1.4 min | eta=5.0 min
[2026-08-13 13:12:27] INFO Epoch 032 | train batch=320/1427 | elapsed=1.4 min | eta=4.9 min
[2026-08-13 13:12:30] INFO Epoch 032 | train batch=330/1427 | elapsed=1.5 min | eta=4.9 min
[2026-08-13 13:12:32] INFO Epoch 032 | train batch=340/1427 | elapsed=1.5 min | eta=4.9 min
[2026-08-13 13:12:35] INFO Epoch 032 | train batch=350/1427 | elapsed=1.6 min | eta=4.8 min
[2026-08-13 13:12:38] INFO Epoch 032 | train batch=360/1427 | elapsed=1.6 min | eta=4.8 min
[2026-08-13 13:12:40] INFO Epoch 032 | train batch=370/1427 | elapsed=1.6 min | eta=4.7 min
[2026-08-13 13:12:43] INFO Epoch 032 | train batch=380/1427 | elapsed=1.7 min | eta=4.7 min
[2026-08-13 13:12:45] INFO Epoch 032 | train batch=390/1427 | elapsed=1.7 min | eta=4.6 min
[2026-08-13 13:12:48] INFO Epoch 032 | train batch=400/1427 | elapsed=1.8 min | eta=4.6 min
[2026-08-13 13:12:51] INFO Epoch 032 | train batch=410/1427 | elapsed=1.8 min | eta=4.5 min
[2026-08-13 13:12:54] INFO Epoch 032 | train batch=420/1427 | elapsed=1.9 min | eta=4.5 min
[2026-08-13 13:12:56] INFO Epoch 032 | train batch=430/1427 | elapsed=1.9 min | eta=4.4 min
[2026-08-13 13:12:59] INFO Epoch 032 | train batch=440/1427 | elapsed=2.0 min | eta=4.4 min
[2026-08-13 13:13:02] INFO Epoch 032 | train batch=450/1427 | elapsed=2.0 min | eta=4.4 min
[2026-08-13 13:13:04] INFO Epoch 032 | train batch=460/1427 | elapsed=2.1 min | eta=4.3 min
[2026-08-13 13:13:07] INFO Epoch 032 | train batch=470/1427 | elapsed=2.1 min | eta=4.3 min
[2026-08-13 13:13:10] INFO Epoch 032 | train batch=480/1427 | elapsed=2.1 min | eta=4.2 min
[2026-08-13 13:13:13] INFO Epoch 032 | train batch=490/1427 | elapsed=2.2 min | eta=4.2 min
[2026-08-13 13:13:15] INFO Epoch 032 | train batch=500/1427 | elapsed=2.2 min | eta=4.1 min
[2026-08-13 13:13:18] INFO Epoch 032 | train batch=510/1427 | elapsed=2.3 min | eta=4.1 min
[2026-08-13 13:13:21] INFO Epoch 032 | train batch=520/1427 | elapsed=2.3 min | eta=4.0 min
[2026-08-13 13:13:23] INFO Epoch 032 | train batch=530/1427 | elapsed=2.4 min | eta=4.0 min
[2026-08-13 13:13:26] INFO Epoch 032 | train batch=540/1427 | elapsed=2.4 min | eta=4.0 min
[2026-08-13 13:13:29] INFO Epoch 032 | train batch=550/1427 | elapsed=2.5 min | eta=3.9 min
[2026-08-13 13:13:31] INFO Epoch 032 | train batch=560/1427 | elapsed=2.5 min | eta=3.9 min
[2026-08-13 13:13:34] INFO Epoch 032 | train batch=570/1427 | elapsed=2.5 min | eta=3.8 min
[2026-08-13 13:13:36] INFO Epoch 032 | train batch=580/1427 | elapsed=2.6 min | eta=3.8 min
[2026-08-13 13:13:39] INFO Epoch 032 | train batch=590/1427 | elapsed=2.6 min | eta=3.7 min
[2026-08-13 13:13:42] INFO Epoch 032 | train batch=600/1427 | elapsed=2.7 min | eta=3.7 min
[2026-08-13 13:13:44] INFO Epoch 032 | train batch=610/1427 | elapsed=2.7 min | eta=3.6 min
[2026-08-13 13:13:47] INFO Epoch 032 | train batch=620/1427 | elapsed=2.8 min | eta=3.6 min
[2026-08-13 13:13:50] INFO Epoch 032 | train batch=630/1427 | elapsed=2.8 min | eta=3.6 min
[2026-08-13 13:13:52] INFO Epoch 032 | train batch=640/1427 | elapsed=2.8 min | eta=3.5 min
[2026-08-13 13:13:55] INFO Epoch 032 | train batch=650/1427 | elapsed=2.9 min | eta=3.5 min
[2026-08-13 13:13:58] INFO Epoch 032 | train batch=660/1427 | elapsed=2.9 min | eta=3.4 min
[2026-08-13 13:14:00] INFO Epoch 032 | train batch=670/1427 | elapsed=3.0 min | eta=3.4 min
[2026-08-13 13:14:03] INFO Epoch 032 | train batch=680/1427 | elapsed=3.0 min | eta=3.3 min
[2026-08-13 13:14:06] INFO Epoch 032 | train batch=690/1427 | elapsed=3.1 min | eta=3.3 min
[2026-08-13 13:14:09] INFO Epoch 032 | train batch=700/1427 | elapsed=3.1 min | eta=3.3 min
[2026-08-13 13:14:12] INFO Epoch 032 | train batch=710/1427 | elapsed=3.2 min | eta=3.2 min
[2026-08-13 13:14:14] INFO Epoch 032 | train batch=720/1427 | elapsed=3.2 min | eta=3.2 min
[2026-08-13 13:14:17] INFO Epoch 032 | train batch=730/1427 | elapsed=3.3 min | eta=3.1 min
[2026-08-13 13:14:19] INFO Epoch 032 | train batch=740/1427 | elapsed=3.3 min | eta=3.1 min
[2026-08-13 13:14:22] INFO Epoch 032 | train batch=750/1427 | elapsed=3.3 min | eta=3.0 min
[2026-08-13 13:14:25] INFO Epoch 032 | train batch=760/1427 | elapsed=3.4 min | eta=3.0 min
[2026-08-13 13:14:27] INFO Epoch 032 | train batch=770/1427 | elapsed=3.4 min | eta=2.9 min
[2026-08-13 13:14:30] INFO Epoch 032 | train batch=780/1427 | elapsed=3.5 min | eta=2.9 min
[2026-08-13 13:14:32] INFO Epoch 032 | train batch=790/1427 | elapsed=3.5 min | eta=2.8 min
[2026-08-13 13:14:35] INFO Epoch 032 | train batch=800/1427 | elapsed=3.6 min | eta=2.8 min
[2026-08-13 13:14:38] INFO Epoch 032 | train batch=810/1427 | elapsed=3.6 min | eta=2.8 min
[2026-08-13 13:14:41] INFO Epoch 032 | train batch=820/1427 | elapsed=3.7 min | eta=2.7 min
[2026-08-13 13:14:43] INFO Epoch 032 | train batch=830/1427 | elapsed=3.7 min | eta=2.7 min
[2026-08-13 13:14:46] INFO Epoch 032 | train batch=840/1427 | elapsed=3.7 min | eta=2.6 min
[2026-08-13 13:14:49] INFO Epoch 032 | train batch=850/1427 | elapsed=3.8 min | eta=2.6 min
[2026-08-13 13:14:51] INFO Epoch 032 | train batch=860/1427 | elapsed=3.8 min | eta=2.5 min
[2026-08-13 13:14:54] INFO Epoch 032 | train batch=870/1427 | elapsed=3.9 min | eta=2.5 min
[2026-08-13 13:14:57] INFO Epoch 032 | train batch=880/1427 | elapsed=3.9 min | eta=2.4 min
[2026-08-13 13:14:59] INFO Epoch 032 | train batch=890/1427 | elapsed=4.0 min | eta=2.4 min
[2026-08-13 13:15:02] INFO Epoch 032 | train batch=900/1427 | elapsed=4.0 min | eta=2.3 min
[2026-08-13 13:15:05] INFO Epoch 032 | train batch=910/1427 | elapsed=4.1 min | eta=2.3 min
[2026-08-13 13:15:07] INFO Epoch 032 | train batch=920/1427 | elapsed=4.1 min | eta=2.3 min
[2026-08-13 13:15:09] INFO Epoch 032 | train batch=930/1427 | elapsed=4.1 min | eta=2.2 min
[2026-08-13 13:15:12] INFO Epoch 032 | train batch=940/1427 | elapsed=4.2 min | eta=2.2 min
[2026-08-13 13:15:15] INFO Epoch 032 | train batch=950/1427 | elapsed=4.2 min | eta=2.1 min
[2026-08-13 13:15:17] INFO Epoch 032 | train batch=960/1427 | elapsed=4.3 min | eta=2.1 min
[2026-08-13 13:15:20] INFO Epoch 032 | train batch=970/1427 | elapsed=4.3 min | eta=2.0 min
[2026-08-13 13:15:23] INFO Epoch 032 | train batch=980/1427 | elapsed=4.4 min | eta=2.0 min
[2026-08-13 13:15:25] INFO Epoch 032 | train batch=990/1427 | elapsed=4.4 min | eta=1.9 min
[2026-08-13 13:15:28] INFO Epoch 032 | train batch=1000/1427 | elapsed=4.4 min | eta=1.9 min
[2026-08-13 13:15:30] INFO Epoch 032 | train batch=1010/1427 | elapsed=4.5 min | eta=1.8 min
[2026-08-13 13:15:33] INFO Epoch 032 | train batch=1020/1427 | elapsed=4.5 min | eta=1.8 min
[2026-08-13 13:15:35] INFO Epoch 032 | train batch=1030/1427 | elapsed=4.6 min | eta=1.8 min
[2026-08-13 13:15:38] INFO Epoch 032 | train batch=1040/1427 | elapsed=4.6 min | eta=1.7 min
[2026-08-13 13:15:40] INFO Epoch 032 | train batch=1050/1427 | elapsed=4.7 min | eta=1.7 min
[2026-08-13 13:15:43] INFO Epoch 032 | train batch=1060/1427 | elapsed=4.7 min | eta=1.6 min
[2026-08-13 13:15:46] INFO Epoch 032 | train batch=1070/1427 | elapsed=4.7 min | eta=1.6 min
[2026-08-13 13:15:48] INFO Epoch 032 | train batch=1080/1427 | elapsed=4.8 min | eta=1.5 min
[2026-08-13 13:15:51] INFO Epoch 032 | train batch=1090/1427 | elapsed=4.8 min | eta=1.5 min
[2026-08-13 13:15:54] INFO Epoch 032 | train batch=1100/1427 | elapsed=4.9 min | eta=1.4 min
[2026-08-13 13:15:56] INFO Epoch 032 | train batch=1110/1427 | elapsed=4.9 min | eta=1.4 min
[2026-08-13 13:15:59] INFO Epoch 032 | train batch=1120/1427 | elapsed=5.0 min | eta=1.4 min
[2026-08-13 13:16:01] INFO Epoch 032 | train batch=1130/1427 | elapsed=5.0 min | eta=1.3 min
[2026-08-13 13:16:04] INFO Epoch 032 | train batch=1140/1427 | elapsed=5.1 min | eta=1.3 min
[2026-08-13 13:16:07] INFO Epoch 032 | train batch=1150/1427 | elapsed=5.1 min | eta=1.2 min
[2026-08-13 13:16:10] INFO Epoch 032 | train batch=1160/1427 | elapsed=5.1 min | eta=1.2 min
[2026-08-13 13:16:12] INFO Epoch 032 | train batch=1170/1427 | elapsed=5.2 min | eta=1.1 min
[2026-08-13 13:16:15] INFO Epoch 032 | train batch=1180/1427 | elapsed=5.2 min | eta=1.1 min
[2026-08-13 13:16:17] INFO Epoch 032 | train batch=1190/1427 | elapsed=5.3 min | eta=1.0 min
[2026-08-13 13:16:20] INFO Epoch 032 | train batch=1200/1427 | elapsed=5.3 min | eta=1.0 min
[2026-08-13 13:16:23] INFO Epoch 032 | train batch=1210/1427 | elapsed=5.4 min | eta=1.0 min
[2026-08-13 13:16:25] INFO Epoch 032 | train batch=1220/1427 | elapsed=5.4 min | eta=0.9 min
[2026-08-13 13:16:28] INFO Epoch 032 | train batch=1230/1427 | elapsed=5.4 min | eta=0.9 min
[2026-08-13 13:16:31] INFO Epoch 032 | train batch=1240/1427 | elapsed=5.5 min | eta=0.8 min
[2026-08-13 13:16:33] INFO Epoch 032 | train batch=1250/1427 | elapsed=5.5 min | eta=0.8 min
[2026-08-13 13:16:36] INFO Epoch 032 | train batch=1260/1427 | elapsed=5.6 min | eta=0.7 min
[2026-08-13 13:16:39] INFO Epoch 032 | train batch=1270/1427 | elapsed=5.6 min | eta=0.7 min
[2026-08-13 13:16:42] INFO Epoch 032 | train batch=1280/1427 | elapsed=5.7 min | eta=0.7 min
[2026-08-13 13:16:44] INFO Epoch 032 | train batch=1290/1427 | elapsed=5.7 min | eta=0.6 min
[2026-08-13 13:16:47] INFO Epoch 032 | train batch=1300/1427 | elapsed=5.8 min | eta=0.6 min
[2026-08-13 13:16:49] INFO Epoch 032 | train batch=1310/1427 | elapsed=5.8 min | eta=0.5 min
[2026-08-13 13:16:52] INFO Epoch 032 | train batch=1320/1427 | elapsed=5.8 min | eta=0.5 min
[2026-08-13 13:16:54] INFO Epoch 032 | train batch=1330/1427 | elapsed=5.9 min | eta=0.4 min
[2026-08-13 13:16:57] INFO Epoch 032 | train batch=1340/1427 | elapsed=5.9 min | eta=0.4 min
[2026-08-13 13:17:00] INFO Epoch 032 | train batch=1350/1427 | elapsed=6.0 min | eta=0.3 min
[2026-08-13 13:17:02] INFO Epoch 032 | train batch=1360/1427 | elapsed=6.0 min | eta=0.3 min
[2026-08-13 13:17:05] INFO Epoch 032 | train batch=1370/1427 | elapsed=6.1 min | eta=0.3 min
[2026-08-13 13:17:08] INFO Epoch 032 | train batch=1380/1427 | elapsed=6.1 min | eta=0.2 min
[2026-08-13 13:17:10] INFO Epoch 032 | train batch=1390/1427 | elapsed=6.2 min | eta=0.2 min
[2026-08-13 13:17:13] INFO Epoch 032 | train batch=1400/1427 | elapsed=6.2 min | eta=0.1 min
[2026-08-13 13:17:16] INFO Epoch 032 | train batch=1410/1427 | elapsed=6.2 min | eta=0.1 min
[2026-08-13 13:17:18] INFO Epoch 032 | train batch=1420/1427 | elapsed=6.3 min | eta=0.0 min
[2026-08-13 13:17:20] INFO Epoch 032 | train batch=1427/1427 | elapsed=6.3 min | eta=0.0 min
[2026-08-13 13:17:20] INFO Epoch 032 | val batch=1/203 | elapsed=0.0 min | eta=0.3 min
[2026-08-13 13:17:21] INFO Epoch 032 | val batch=10/203 | elapsed=0.0 min | eta=0.4 min
[2026-08-13 13:17:22] INFO Epoch 032 | val batch=20/203 | elapsed=0.0 min | eta=0.4 min
[2026-08-13 13:17:24] INFO Epoch 032 | val batch=30/203 | elapsed=0.1 min | eta=0.4 min
[2026-08-13 13:17:25] INFO Epoch 032 | val batch=40/203 | elapsed=0.1 min | eta=0.3 min
[2026-08-13 13:17:26] INFO Epoch 032 | val batch=50/203 | elapsed=0.1 min | eta=0.3 min
[2026-08-13 13:17:28] INFO Epoch 032 | val batch=60/203 | elapsed=0.1 min | eta=0.3 min
[2026-08-13 13:17:29] INFO Epoch 032 | val batch=70/203 | elapsed=0.2 min | eta=0.3 min
[2026-08-13 13:17:30] INFO Epoch 032 | val batch=80/203 | elapsed=0.2 min | eta=0.3 min
[2026-08-13 13:17:31] INFO Epoch 032 | val batch=90/203 | elapsed=0.2 min | eta=0.2 min
[2026-08-13 13:17:33] INFO Epoch 032 | val batch=100/203 | elapsed=0.2 min | eta=0.2 min
[2026-08-13 13:17:34] INFO Epoch 032 | val batch=110/203 | elapsed=0.2 min | eta=0.2 min
[2026-08-13 13:17:35] INFO Epoch 032 | val batch=120/203 | elapsed=0.3 min | eta=0.2 min
[2026-08-13 13:17:37] INFO Epoch 032 | val batch=130/203 | elapsed=0.3 min | eta=0.2 min
[2026-08-13 13:17:38] INFO Epoch 032 | val batch=140/203 | elapsed=0.3 min | eta=0.1 min
[2026-08-13 13:17:39] INFO Epoch 032 | val batch=150/203 | elapsed=0.3 min | eta=0.1 min
[2026-08-13 13:17:40] INFO Epoch 032 | val batch=160/203 | elapsed=0.3 min | eta=0.1 min
[2026-08-13 13:17:42] INFO Epoch 032 | val batch=170/203 | elapsed=0.4 min | eta=0.1 min
[2026-08-13 13:17:43] INFO Epoch 032 | val batch=180/203 | elapsed=0.4 min | eta=0.0 min
[2026-08-13 13:17:44] INFO Epoch 032 | val batch=190/203 | elapsed=0.4 min | eta=0.0 min
[2026-08-13 13:17:46] INFO Epoch 032 | val batch=200/203 | elapsed=0.4 min | eta=0.0 min
[2026-08-13 13:17:46] INFO Epoch 032 | val batch=203/203 | elapsed=0.4 min | eta=0.0 min
[2026-08-13 13:17:46] INFO Epoch 032 | train_total=1.088296 | val_total=1.248968 | val_mask=0.916897 | val_retrieval=2.379327 | val_profile=0.941383 | val_anchors=660915 | val_positive_pairs=0 | val_hard_negatives=0 | val_relation_candidates=9654476 | val_teacher_keff=4.444 | val_student_keff=9.627 | val_masked_positions=1958875 | skipped(train/val)=0/0
[2026-08-13 13:17:46] INFO Epoch 033/050 started | train_batches=1427 | val_batches=203
[2026-08-13 13:17:46] INFO Epoch 033 | train batch=1/1427 | elapsed=0.0 min | eta=7.4 min
[2026-08-13 13:17:49] INFO Epoch 033 | train batch=10/1427 | elapsed=0.0 min | eta=6.2 min
[2026-08-13 13:17:51] INFO Epoch 033 | train batch=20/1427 | elapsed=0.1 min | eta=5.9 min
[2026-08-13 13:17:54] INFO Epoch 033 | train batch=30/1427 | elapsed=0.1 min | eta=6.1 min
[2026-08-13 13:17:56] INFO Epoch 033 | train batch=40/1427 | elapsed=0.2 min | eta=6.0 min
[2026-08-13 13:17:59] INFO Epoch 033 | train batch=50/1427 | elapsed=0.2 min | eta=6.0 min
[2026-08-13 13:18:01] INFO Epoch 033 | train batch=60/1427 | elapsed=0.3 min | eta=5.9 min
[2026-08-13 13:18:04] INFO Epoch 033 | train batch=70/1427 | elapsed=0.3 min | eta=5.9 min
[2026-08-13 13:18:06] INFO Epoch 033 | train batch=80/1427 | elapsed=0.3 min | eta=5.8 min
[2026-08-13 13:18:09] INFO Epoch 033 | train batch=90/1427 | elapsed=0.4 min | eta=5.7 min
[2026-08-13 13:18:12] INFO Epoch 033 | train batch=100/1427 | elapsed=0.4 min | eta=5.7 min
[2026-08-13 13:18:14] INFO Epoch 033 | train batch=110/1427 | elapsed=0.5 min | eta=5.7 min
[2026-08-13 13:18:17] INFO Epoch 033 | train batch=120/1427 | elapsed=0.5 min | eta=5.6 min
[2026-08-13 13:18:20] INFO Epoch 033 | train batch=130/1427 | elapsed=0.6 min | eta=5.6 min
[2026-08-13 13:18:22] INFO Epoch 033 | train batch=140/1427 | elapsed=0.6 min | eta=5.5 min
[2026-08-13 13:18:24] INFO Epoch 033 | train batch=150/1427 | elapsed=0.6 min | eta=5.4 min
[2026-08-13 13:18:27] INFO Epoch 033 | train batch=160/1427 | elapsed=0.7 min | eta=5.4 min
[2026-08-13 13:18:29] INFO Epoch 033 | train batch=170/1427 | elapsed=0.7 min | eta=5.4 min
[2026-08-13 13:18:32] INFO Epoch 033 | train batch=180/1427 | elapsed=0.8 min | eta=5.3 min
[2026-08-13 13:18:35] INFO Epoch 033 | train batch=190/1427 | elapsed=0.8 min | eta=5.3 min
[2026-08-13 13:18:37] INFO Epoch 033 | train batch=200/1427 | elapsed=0.9 min | eta=5.3 min
[2026-08-13 13:18:40] INFO Epoch 033 | train batch=210/1427 | elapsed=0.9 min | eta=5.2 min
[2026-08-13 13:18:43] INFO Epoch 033 | train batch=220/1427 | elapsed=0.9 min | eta=5.2 min
[2026-08-13 13:18:45] INFO Epoch 033 | train batch=230/1427 | elapsed=1.0 min | eta=5.1 min
[2026-08-13 13:18:48] INFO Epoch 033 | train batch=240/1427 | elapsed=1.0 min | eta=5.1 min
[2026-08-13 13:18:50] INFO Epoch 033 | train batch=250/1427 | elapsed=1.1 min | eta=5.1 min
[2026-08-13 13:18:53] INFO Epoch 033 | train batch=260/1427 | elapsed=1.1 min | eta=5.0 min
[2026-08-13 13:18:56] INFO Epoch 033 | train batch=270/1427 | elapsed=1.2 min | eta=5.0 min
[2026-08-13 13:18:59] INFO Epoch 033 | train batch=280/1427 | elapsed=1.2 min | eta=5.0 min
[2026-08-13 13:19:02] INFO Epoch 033 | train batch=290/1427 | elapsed=1.3 min | eta=4.9 min
[2026-08-13 13:19:04] INFO Epoch 033 | train batch=300/1427 | elapsed=1.3 min | eta=4.9 min
[2026-08-13 13:19:07] INFO Epoch 033 | train batch=310/1427 | elapsed=1.4 min | eta=4.9 min
[2026-08-13 13:19:10] INFO Epoch 033 | train batch=320/1427 | elapsed=1.4 min | eta=4.8 min
[2026-08-13 13:19:13] INFO Epoch 033 | train batch=330/1427 | elapsed=1.4 min | eta=4.8 min
[2026-08-13 13:19:15] INFO Epoch 033 | train batch=340/1427 | elapsed=1.5 min | eta=4.8 min
[2026-08-13 13:19:18] INFO Epoch 033 | train batch=350/1427 | elapsed=1.5 min | eta=4.7 min
[2026-08-13 13:19:21] INFO Epoch 033 | train batch=360/1427 | elapsed=1.6 min | eta=4.7 min
[2026-08-13 13:19:24] INFO Epoch 033 | train batch=370/1427 | elapsed=1.6 min | eta=4.6 min
[2026-08-13 13:19:26] INFO Epoch 033 | train batch=380/1427 | elapsed=1.7 min | eta=4.6 min
[2026-08-13 13:19:29] INFO Epoch 033 | train batch=390/1427 | elapsed=1.7 min | eta=4.6 min
[2026-08-13 13:19:32] INFO Epoch 033 | train batch=400/1427 | elapsed=1.8 min | eta=4.5 min
[2026-08-13 13:19:34] INFO Epoch 033 | train batch=410/1427 | elapsed=1.8 min | eta=4.5 min
[2026-08-13 13:19:36] INFO Epoch 033 | train batch=420/1427 | elapsed=1.8 min | eta=4.4 min
[2026-08-13 13:19:39] INFO Epoch 033 | train batch=430/1427 | elapsed=1.9 min | eta=4.4 min
[2026-08-13 13:19:42] INFO Epoch 033 | train batch=440/1427 | elapsed=1.9 min | eta=4.3 min
[2026-08-13 13:19:44] INFO Epoch 033 | train batch=450/1427 | elapsed=2.0 min | eta=4.3 min
[2026-08-13 13:19:47] INFO Epoch 033 | train batch=460/1427 | elapsed=2.0 min | eta=4.2 min
[2026-08-13 13:19:50] INFO Epoch 033 | train batch=470/1427 | elapsed=2.1 min | eta=4.2 min
[2026-08-13 13:19:52] INFO Epoch 033 | train batch=480/1427 | elapsed=2.1 min | eta=4.2 min
[2026-08-13 13:19:55] INFO Epoch 033 | train batch=490/1427 | elapsed=2.2 min | eta=4.1 min
[2026-08-13 13:19:58] INFO Epoch 033 | train batch=500/1427 | elapsed=2.2 min | eta=4.1 min
[2026-08-13 13:20:00] INFO Epoch 033 | train batch=510/1427 | elapsed=2.2 min | eta=4.0 min
[2026-08-13 13:20:03] INFO Epoch 033 | train batch=520/1427 | elapsed=2.3 min | eta=4.0 min
[2026-08-13 13:20:06] INFO Epoch 033 | train batch=530/1427 | elapsed=2.3 min | eta=3.9 min
[2026-08-13 13:20:08] INFO Epoch 033 | train batch=540/1427 | elapsed=2.4 min | eta=3.9 min
[2026-08-13 13:20:10] INFO Epoch 033 | train batch=550/1427 | elapsed=2.4 min | eta=3.8 min
[2026-08-13 13:20:13] INFO Epoch 033 | train batch=560/1427 | elapsed=2.5 min | eta=3.8 min
[2026-08-13 13:20:16] INFO Epoch 033 | train batch=570/1427 | elapsed=2.5 min | eta=3.8 min
[2026-08-13 13:20:18] INFO Epoch 033 | train batch=580/1427 | elapsed=2.5 min | eta=3.7 min
[2026-08-13 13:20:21] INFO Epoch 033 | train batch=590/1427 | elapsed=2.6 min | eta=3.7 min
[2026-08-13 13:20:24] INFO Epoch 033 | train batch=600/1427 | elapsed=2.6 min | eta=3.6 min
[2026-08-13 13:20:26] INFO Epoch 033 | train batch=610/1427 | elapsed=2.7 min | eta=3.6 min
[2026-08-13 13:20:29] INFO Epoch 033 | train batch=620/1427 | elapsed=2.7 min | eta=3.5 min
[2026-08-13 13:20:32] INFO Epoch 033 | train batch=630/1427 | elapsed=2.8 min | eta=3.5 min
[2026-08-13 13:20:34] INFO Epoch 033 | train batch=640/1427 | elapsed=2.8 min | eta=3.5 min
[2026-08-13 13:20:37] INFO Epoch 033 | train batch=650/1427 | elapsed=2.8 min | eta=3.4 min
[2026-08-13 13:20:39] INFO Epoch 033 | train batch=660/1427 | elapsed=2.9 min | eta=3.4 min
[2026-08-13 13:20:42] INFO Epoch 033 | train batch=670/1427 | elapsed=2.9 min | eta=3.3 min
[2026-08-13 13:20:45] INFO Epoch 033 | train batch=680/1427 | elapsed=3.0 min | eta=3.3 min
[2026-08-13 13:20:47] INFO Epoch 033 | train batch=690/1427 | elapsed=3.0 min | eta=3.2 min
[2026-08-13 13:20:50] INFO Epoch 033 | train batch=700/1427 | elapsed=3.1 min | eta=3.2 min
[2026-08-13 13:20:53] INFO Epoch 033 | train batch=710/1427 | elapsed=3.1 min | eta=3.2 min
[2026-08-13 13:20:56] INFO Epoch 033 | train batch=720/1427 | elapsed=3.2 min | eta=3.1 min
[2026-08-13 13:20:58] INFO Epoch 033 | train batch=730/1427 | elapsed=3.2 min | eta=3.1 min
[2026-08-13 13:21:01] INFO Epoch 033 | train batch=740/1427 | elapsed=3.2 min | eta=3.0 min
[2026-08-13 13:21:03] INFO Epoch 033 | train batch=750/1427 | elapsed=3.3 min | eta=3.0 min
[2026-08-13 13:21:06] INFO Epoch 033 | train batch=760/1427 | elapsed=3.3 min | eta=2.9 min
[2026-08-13 13:21:08] INFO Epoch 033 | train batch=770/1427 | elapsed=3.4 min | eta=2.9 min
[2026-08-13 13:21:11] INFO Epoch 033 | train batch=780/1427 | elapsed=3.4 min | eta=2.8 min
[2026-08-13 13:21:14] INFO Epoch 033 | train batch=790/1427 | elapsed=3.5 min | eta=2.8 min
[2026-08-13 13:21:16] INFO Epoch 033 | train batch=800/1427 | elapsed=3.5 min | eta=2.7 min
[2026-08-13 13:21:18] INFO Epoch 033 | train batch=810/1427 | elapsed=3.5 min | eta=2.7 min
[2026-08-13 13:21:21] INFO Epoch 033 | train batch=820/1427 | elapsed=3.6 min | eta=2.7 min
[2026-08-13 13:21:23] INFO Epoch 033 | train batch=830/1427 | elapsed=3.6 min | eta=2.6 min
[2026-08-13 13:21:26] INFO Epoch 033 | train batch=840/1427 | elapsed=3.7 min | eta=2.6 min
[2026-08-13 13:21:29] INFO Epoch 033 | train batch=850/1427 | elapsed=3.7 min | eta=2.5 min
[2026-08-13 13:21:31] INFO Epoch 033 | train batch=860/1427 | elapsed=3.8 min | eta=2.5 min
[2026-08-13 13:21:34] INFO Epoch 033 | train batch=870/1427 | elapsed=3.8 min | eta=2.4 min
[2026-08-13 13:21:37] INFO Epoch 033 | train batch=880/1427 | elapsed=3.9 min | eta=2.4 min
[2026-08-13 13:21:40] INFO Epoch 033 | train batch=890/1427 | elapsed=3.9 min | eta=2.4 min
[2026-08-13 13:21:42] INFO Epoch 033 | train batch=900/1427 | elapsed=3.9 min | eta=2.3 min
[2026-08-13 13:21:45] INFO Epoch 033 | train batch=910/1427 | elapsed=4.0 min | eta=2.3 min
[2026-08-13 13:21:48] INFO Epoch 033 | train batch=920/1427 | elapsed=4.0 min | eta=2.2 min
[2026-08-13 13:21:51] INFO Epoch 033 | train batch=930/1427 | elapsed=4.1 min | eta=2.2 min
[2026-08-13 13:21:53] INFO Epoch 033 | train batch=940/1427 | elapsed=4.1 min | eta=2.1 min
[2026-08-13 13:21:56] INFO Epoch 033 | train batch=950/1427 | elapsed=4.2 min | eta=2.1 min
[2026-08-13 13:21:58] INFO Epoch 033 | train batch=960/1427 | elapsed=4.2 min | eta=2.0 min
[2026-08-13 13:22:01] INFO Epoch 033 | train batch=970/1427 | elapsed=4.3 min | eta=2.0 min
[2026-08-13 13:22:04] INFO Epoch 033 | train batch=980/1427 | elapsed=4.3 min | eta=2.0 min
[2026-08-13 13:22:06] INFO Epoch 033 | train batch=990/1427 | elapsed=4.3 min | eta=1.9 min
[2026-08-13 13:22:09] INFO Epoch 033 | train batch=1000/1427 | elapsed=4.4 min | eta=1.9 min
[2026-08-13 13:22:11] INFO Epoch 033 | train batch=1010/1427 | elapsed=4.4 min | eta=1.8 min
[2026-08-13 13:22:14] INFO Epoch 033 | train batch=1020/1427 | elapsed=4.5 min | eta=1.8 min
[2026-08-13 13:22:17] INFO Epoch 033 | train batch=1030/1427 | elapsed=4.5 min | eta=1.7 min
[2026-08-13 13:22:19] INFO Epoch 033 | train batch=1040/1427 | elapsed=4.6 min | eta=1.7 min
[2026-08-13 13:22:22] INFO Epoch 033 | train batch=1050/1427 | elapsed=4.6 min | eta=1.7 min
[2026-08-13 13:22:25] INFO Epoch 033 | train batch=1060/1427 | elapsed=4.6 min | eta=1.6 min
[2026-08-13 13:22:27] INFO Epoch 033 | train batch=1070/1427 | elapsed=4.7 min | eta=1.6 min
[2026-08-13 13:22:30] INFO Epoch 033 | train batch=1080/1427 | elapsed=4.7 min | eta=1.5 min
[2026-08-13 13:22:32] INFO Epoch 033 | train batch=1090/1427 | elapsed=4.8 min | eta=1.5 min
[2026-08-13 13:22:35] INFO Epoch 033 | train batch=1100/1427 | elapsed=4.8 min | eta=1.4 min
[2026-08-13 13:22:38] INFO Epoch 033 | train batch=1110/1427 | elapsed=4.9 min | eta=1.4 min
[2026-08-13 13:22:40] INFO Epoch 033 | train batch=1120/1427 | elapsed=4.9 min | eta=1.3 min
[2026-08-13 13:22:43] INFO Epoch 033 | train batch=1130/1427 | elapsed=4.9 min | eta=1.3 min
[2026-08-13 13:22:45] INFO Epoch 033 | train batch=1140/1427 | elapsed=5.0 min | eta=1.3 min
[2026-08-13 13:22:48] INFO Epoch 033 | train batch=1150/1427 | elapsed=5.0 min | eta=1.2 min
[2026-08-13 13:22:50] INFO Epoch 033 | train batch=1160/1427 | elapsed=5.1 min | eta=1.2 min
[2026-08-13 13:22:53] INFO Epoch 033 | train batch=1170/1427 | elapsed=5.1 min | eta=1.1 min
[2026-08-13 13:22:55] INFO Epoch 033 | train batch=1180/1427 | elapsed=5.2 min | eta=1.1 min
[2026-08-13 13:22:58] INFO Epoch 033 | train batch=1190/1427 | elapsed=5.2 min | eta=1.0 min
[2026-08-13 13:23:00] INFO Epoch 033 | train batch=1200/1427 | elapsed=5.2 min | eta=1.0 min
[2026-08-13 13:23:03] INFO Epoch 033 | train batch=1210/1427 | elapsed=5.3 min | eta=0.9 min
[2026-08-13 13:23:06] INFO Epoch 033 | train batch=1220/1427 | elapsed=5.3 min | eta=0.9 min
[2026-08-13 13:23:08] INFO Epoch 033 | train batch=1230/1427 | elapsed=5.4 min | eta=0.9 min
[2026-08-13 13:23:11] INFO Epoch 033 | train batch=1240/1427 | elapsed=5.4 min | eta=0.8 min
[2026-08-13 13:23:14] INFO Epoch 033 | train batch=1250/1427 | elapsed=5.5 min | eta=0.8 min
[2026-08-13 13:23:16] INFO Epoch 033 | train batch=1260/1427 | elapsed=5.5 min | eta=0.7 min
[2026-08-13 13:23:19] INFO Epoch 033 | train batch=1270/1427 | elapsed=5.5 min | eta=0.7 min
[2026-08-13 13:23:21] INFO Epoch 033 | train batch=1280/1427 | elapsed=5.6 min | eta=0.6 min
[2026-08-13 13:23:24] INFO Epoch 033 | train batch=1290/1427 | elapsed=5.6 min | eta=0.6 min
[2026-08-13 13:23:27] INFO Epoch 033 | train batch=1300/1427 | elapsed=5.7 min | eta=0.6 min
[2026-08-13 13:23:29] INFO Epoch 033 | train batch=1310/1427 | elapsed=5.7 min | eta=0.5 min
[2026-08-13 13:23:32] INFO Epoch 033 | train batch=1320/1427 | elapsed=5.8 min | eta=0.5 min
[2026-08-13 13:23:34] INFO Epoch 033 | train batch=1330/1427 | elapsed=5.8 min | eta=0.4 min
[2026-08-13 13:23:37] INFO Epoch 033 | train batch=1340/1427 | elapsed=5.8 min | eta=0.4 min
[2026-08-13 13:23:39] INFO Epoch 033 | train batch=1350/1427 | elapsed=5.9 min | eta=0.3 min
[2026-08-13 13:23:42] INFO Epoch 033 | train batch=1360/1427 | elapsed=5.9 min | eta=0.3 min
[2026-08-13 13:23:44] INFO Epoch 033 | train batch=1370/1427 | elapsed=6.0 min | eta=0.2 min
[2026-08-13 13:23:47] INFO Epoch 033 | train batch=1380/1427 | elapsed=6.0 min | eta=0.2 min
[2026-08-13 13:23:50] INFO Epoch 033 | train batch=1390/1427 | elapsed=6.1 min | eta=0.2 min
[2026-08-13 13:23:53] INFO Epoch 033 | train batch=1400/1427 | elapsed=6.1 min | eta=0.1 min
[2026-08-13 13:23:55] INFO Epoch 033 | train batch=1410/1427 | elapsed=6.2 min | eta=0.1 min
[2026-08-13 13:23:58] INFO Epoch 033 | train batch=1420/1427 | elapsed=6.2 min | eta=0.0 min
[2026-08-13 13:23:59] INFO Epoch 033 | train batch=1427/1427 | elapsed=6.2 min | eta=0.0 min
[2026-08-13 13:24:00] INFO Epoch 033 | val batch=1/203 | elapsed=0.0 min | eta=0.3 min
[2026-08-13 13:24:01] INFO Epoch 033 | val batch=10/203 | elapsed=0.0 min | eta=0.4 min
[2026-08-13 13:24:02] INFO Epoch 033 | val batch=20/203 | elapsed=0.0 min | eta=0.4 min
[2026-08-13 13:24:03] INFO Epoch 033 | val batch=30/203 | elapsed=0.1 min | eta=0.4 min
[2026-08-13 13:24:05] INFO Epoch 033 | val batch=40/203 | elapsed=0.1 min | eta=0.3 min
[2026-08-13 13:24:06] INFO Epoch 033 | val batch=50/203 | elapsed=0.1 min | eta=0.3 min
[2026-08-13 13:24:07] INFO Epoch 033 | val batch=60/203 | elapsed=0.1 min | eta=0.3 min
[2026-08-13 13:24:08] INFO Epoch 033 | val batch=70/203 | elapsed=0.2 min | eta=0.3 min
[2026-08-13 13:24:10] INFO Epoch 033 | val batch=80/203 | elapsed=0.2 min | eta=0.3 min
[2026-08-13 13:24:11] INFO Epoch 033 | val batch=90/203 | elapsed=0.2 min | eta=0.2 min
[2026-08-13 13:24:12] INFO Epoch 033 | val batch=100/203 | elapsed=0.2 min | eta=0.2 min
[2026-08-13 13:24:14] INFO Epoch 033 | val batch=110/203 | elapsed=0.2 min | eta=0.2 min
[2026-08-13 13:24:15] INFO Epoch 033 | val batch=120/203 | elapsed=0.3 min | eta=0.2 min
[2026-08-13 13:24:16] INFO Epoch 033 | val batch=130/203 | elapsed=0.3 min | eta=0.2 min
[2026-08-13 13:24:18] INFO Epoch 033 | val batch=140/203 | elapsed=0.3 min | eta=0.1 min
[2026-08-13 13:24:19] INFO Epoch 033 | val batch=150/203 | elapsed=0.3 min | eta=0.1 min
[2026-08-13 13:24:20] INFO Epoch 033 | val batch=160/203 | elapsed=0.3 min | eta=0.1 min
[2026-08-13 13:24:21] INFO Epoch 033 | val batch=170/203 | elapsed=0.4 min | eta=0.1 min
[2026-08-13 13:24:23] INFO Epoch 033 | val batch=180/203 | elapsed=0.4 min | eta=0.0 min
[2026-08-13 13:24:24] INFO Epoch 033 | val batch=190/203 | elapsed=0.4 min | eta=0.0 min
[2026-08-13 13:24:25] INFO Epoch 033 | val batch=200/203 | elapsed=0.4 min | eta=0.0 min
[2026-08-13 13:24:26] INFO Epoch 033 | val batch=203/203 | elapsed=0.4 min | eta=0.0 min
[2026-08-13 13:24:26] INFO Epoch 033 | train_total=1.065944 | val_total=1.218686 | val_mask=0.886907 | val_retrieval=2.371824 | val_profile=0.945967 | val_anchors=660915 | val_positive_pairs=0 | val_hard_negatives=0 | val_relation_candidates=9654476 | val_teacher_keff=4.444 | val_student_keff=9.351 | val_masked_positions=1959549 | skipped(train/val)=0/0
[2026-08-13 13:24:26] INFO Epoch 034/050 started | train_batches=1427 | val_batches=203
[2026-08-13 13:24:26] INFO Epoch 034 | train batch=1/1427 | elapsed=0.0 min | eta=7.5 min
[2026-08-13 13:24:28] INFO Epoch 034 | train batch=10/1427 | elapsed=0.0 min | eta=6.2 min
[2026-08-13 13:24:31] INFO Epoch 034 | train batch=20/1427 | elapsed=0.1 min | eta=6.4 min
[2026-08-13 13:24:34] INFO Epoch 034 | train batch=30/1427 | elapsed=0.1 min | eta=6.2 min
[2026-08-13 13:24:36] INFO Epoch 034 | train batch=40/1427 | elapsed=0.2 min | eta=6.1 min
[2026-08-13 13:24:39] INFO Epoch 034 | train batch=50/1427 | elapsed=0.2 min | eta=6.0 min
[2026-08-13 13:24:41] INFO Epoch 034 | train batch=60/1427 | elapsed=0.3 min | eta=5.9 min
[2026-08-13 13:24:44] INFO Epoch 034 | train batch=70/1427 | elapsed=0.3 min | eta=5.9 min
[2026-08-13 13:24:47] INFO Epoch 034 | train batch=80/1427 | elapsed=0.3 min | eta=5.9 min
[2026-08-13 13:24:49] INFO Epoch 034 | train batch=90/1427 | elapsed=0.4 min | eta=5.9 min
[2026-08-13 13:24:52] INFO Epoch 034 | train batch=100/1427 | elapsed=0.4 min | eta=5.8 min
[2026-08-13 13:24:55] INFO Epoch 034 | train batch=110/1427 | elapsed=0.5 min | eta=5.8 min
[2026-08-13 13:24:57] INFO Epoch 034 | train batch=120/1427 | elapsed=0.5 min | eta=5.8 min
[2026-08-13 13:25:00] INFO Epoch 034 | train batch=130/1427 | elapsed=0.6 min | eta=5.7 min
[2026-08-13 13:25:03] INFO Epoch 034 | train batch=140/1427 | elapsed=0.6 min | eta=5.7 min
[2026-08-13 13:25:05] INFO Epoch 034 | train batch=150/1427 | elapsed=0.7 min | eta=5.6 min
[2026-08-13 13:25:08] INFO Epoch 034 | train batch=160/1427 | elapsed=0.7 min | eta=5.6 min
[2026-08-13 13:25:11] INFO Epoch 034 | train batch=170/1427 | elapsed=0.7 min | eta=5.5 min
[2026-08-13 13:25:13] INFO Epoch 034 | train batch=180/1427 | elapsed=0.8 min | eta=5.5 min
[2026-08-13 13:25:16] INFO Epoch 034 | train batch=190/1427 | elapsed=0.8 min | eta=5.5 min
[2026-08-13 13:25:18] INFO Epoch 034 | train batch=200/1427 | elapsed=0.9 min | eta=5.4 min
[2026-08-13 13:25:21] INFO Epoch 034 | train batch=210/1427 | elapsed=0.9 min | eta=5.3 min
[2026-08-13 13:25:23] INFO Epoch 034 | train batch=220/1427 | elapsed=1.0 min | eta=5.3 min
[2026-08-13 13:25:26] INFO Epoch 034 | train batch=230/1427 | elapsed=1.0 min | eta=5.3 min
[2026-08-13 13:25:29] INFO Epoch 034 | train batch=240/1427 | elapsed=1.1 min | eta=5.2 min
[2026-08-13 13:25:31] INFO Epoch 034 | train batch=250/1427 | elapsed=1.1 min | eta=5.2 min
[2026-08-13 13:25:34] INFO Epoch 034 | train batch=260/1427 | elapsed=1.1 min | eta=5.1 min
[2026-08-13 13:25:36] INFO Epoch 034 | train batch=270/1427 | elapsed=1.2 min | eta=5.0 min
[2026-08-13 13:25:39] INFO Epoch 034 | train batch=280/1427 | elapsed=1.2 min | eta=5.0 min
[2026-08-13 13:25:41] INFO Epoch 034 | train batch=290/1427 | elapsed=1.3 min | eta=4.9 min
[2026-08-13 13:25:44] INFO Epoch 034 | train batch=300/1427 | elapsed=1.3 min | eta=4.9 min
[2026-08-13 13:25:47] INFO Epoch 034 | train batch=310/1427 | elapsed=1.4 min | eta=4.9 min
[2026-08-13 13:25:49] INFO Epoch 034 | train batch=320/1427 | elapsed=1.4 min | eta=4.8 min
[2026-08-13 13:25:52] INFO Epoch 034 | train batch=330/1427 | elapsed=1.4 min | eta=4.8 min
[2026-08-13 13:25:54] INFO Epoch 034 | train batch=340/1427 | elapsed=1.5 min | eta=4.7 min
[2026-08-13 13:25:57] INFO Epoch 034 | train batch=350/1427 | elapsed=1.5 min | eta=4.7 min
[2026-08-13 13:26:00] INFO Epoch 034 | train batch=360/1427 | elapsed=1.6 min | eta=4.7 min
[2026-08-13 13:26:03] INFO Epoch 034 | train batch=370/1427 | elapsed=1.6 min | eta=4.6 min
[2026-08-13 13:26:05] INFO Epoch 034 | train batch=380/1427 | elapsed=1.7 min | eta=4.6 min
[2026-08-13 13:26:08] INFO Epoch 034 | train batch=390/1427 | elapsed=1.7 min | eta=4.5 min
[2026-08-13 13:26:11] INFO Epoch 034 | train batch=400/1427 | elapsed=1.8 min | eta=4.5 min
[2026-08-13 13:26:13] INFO Epoch 034 | train batch=410/1427 | elapsed=1.8 min | eta=4.4 min
[2026-08-13 13:26:16] INFO Epoch 034 | train batch=420/1427 | elapsed=1.8 min | eta=4.4 min
[2026-08-13 13:26:18] INFO Epoch 034 | train batch=430/1427 | elapsed=1.9 min | eta=4.4 min
[2026-08-13 13:26:21] INFO Epoch 034 | train batch=440/1427 | elapsed=1.9 min | eta=4.3 min
[2026-08-13 13:26:23] INFO Epoch 034 | train batch=450/1427 | elapsed=2.0 min | eta=4.3 min
[2026-08-13 13:26:26] INFO Epoch 034 | train batch=460/1427 | elapsed=2.0 min | eta=4.2 min
[2026-08-13 13:26:29] INFO Epoch 034 | train batch=470/1427 | elapsed=2.1 min | eta=4.2 min
[2026-08-13 13:26:32] INFO Epoch 034 | train batch=480/1427 | elapsed=2.1 min | eta=4.1 min
[2026-08-13 13:26:34] INFO Epoch 034 | train batch=490/1427 | elapsed=2.1 min | eta=4.1 min
[2026-08-13 13:26:37] INFO Epoch 034 | train batch=500/1427 | elapsed=2.2 min | eta=4.1 min
[2026-08-13 13:26:40] INFO Epoch 034 | train batch=510/1427 | elapsed=2.2 min | eta=4.0 min
[2026-08-13 13:26:42] INFO Epoch 034 | train batch=520/1427 | elapsed=2.3 min | eta=4.0 min
[2026-08-13 13:26:45] INFO Epoch 034 | train batch=530/1427 | elapsed=2.3 min | eta=3.9 min
[2026-08-13 13:26:47] INFO Epoch 034 | train batch=540/1427 | elapsed=2.4 min | eta=3.9 min
[2026-08-13 13:26:50] INFO Epoch 034 | train batch=550/1427 | elapsed=2.4 min | eta=3.8 min
[2026-08-13 13:26:53] INFO Epoch 034 | train batch=560/1427 | elapsed=2.5 min | eta=3.8 min
[2026-08-13 13:26:56] INFO Epoch 034 | train batch=570/1427 | elapsed=2.5 min | eta=3.8 min
[2026-08-13 13:26:58] INFO Epoch 034 | train batch=580/1427 | elapsed=2.5 min | eta=3.7 min
[2026-08-13 13:27:01] INFO Epoch 034 | train batch=590/1427 | elapsed=2.6 min | eta=3.7 min
[2026-08-13 13:27:04] INFO Epoch 034 | train batch=600/1427 | elapsed=2.6 min | eta=3.6 min
[2026-08-13 13:27:06] INFO Epoch 034 | train batch=610/1427 | elapsed=2.7 min | eta=3.6 min
[2026-08-13 13:27:09] INFO Epoch 034 | train batch=620/1427 | elapsed=2.7 min | eta=3.5 min
[2026-08-13 13:27:11] INFO Epoch 034 | train batch=630/1427 | elapsed=2.8 min | eta=3.5 min
[2026-08-13 13:27:14] INFO Epoch 034 | train batch=640/1427 | elapsed=2.8 min | eta=3.5 min
[2026-08-13 13:27:17] INFO Epoch 034 | train batch=650/1427 | elapsed=2.9 min | eta=3.4 min
[2026-08-13 13:27:20] INFO Epoch 034 | train batch=660/1427 | elapsed=2.9 min | eta=3.4 min
[2026-08-13 13:27:22] INFO Epoch 034 | train batch=670/1427 | elapsed=2.9 min | eta=3.3 min
[2026-08-13 13:27:25] INFO Epoch 034 | train batch=680/1427 | elapsed=3.0 min | eta=3.3 min
[2026-08-13 13:27:27] INFO Epoch 034 | train batch=690/1427 | elapsed=3.0 min | eta=3.2 min
[2026-08-13 13:27:30] INFO Epoch 034 | train batch=700/1427 | elapsed=3.1 min | eta=3.2 min
[2026-08-13 13:27:33] INFO Epoch 034 | train batch=710/1427 | elapsed=3.1 min | eta=3.2 min
[2026-08-13 13:27:35] INFO Epoch 034 | train batch=720/1427 | elapsed=3.2 min | eta=3.1 min
[2026-08-13 13:27:38] INFO Epoch 034 | train batch=730/1427 | elapsed=3.2 min | eta=3.1 min
[2026-08-13 13:27:40] INFO Epoch 034 | train batch=740/1427 | elapsed=3.2 min | eta=3.0 min
[2026-08-13 13:27:43] INFO Epoch 034 | train batch=750/1427 | elapsed=3.3 min | eta=3.0 min
[2026-08-13 13:27:46] INFO Epoch 034 | train batch=760/1427 | elapsed=3.3 min | eta=2.9 min
[2026-08-13 13:27:48] INFO Epoch 034 | train batch=770/1427 | elapsed=3.4 min | eta=2.9 min
[2026-08-13 13:27:51] INFO Epoch 034 | train batch=780/1427 | elapsed=3.4 min | eta=2.8 min
[2026-08-13 13:27:53] INFO Epoch 034 | train batch=790/1427 | elapsed=3.5 min | eta=2.8 min
[2026-08-13 13:27:56] INFO Epoch 034 | train batch=800/1427 | elapsed=3.5 min | eta=2.7 min
[2026-08-13 13:27:58] INFO Epoch 034 | train batch=810/1427 | elapsed=3.5 min | eta=2.7 min
[2026-08-13 13:28:01] INFO Epoch 034 | train batch=820/1427 | elapsed=3.6 min | eta=2.7 min
[2026-08-13 13:28:04] INFO Epoch 034 | train batch=830/1427 | elapsed=3.6 min | eta=2.6 min
[2026-08-13 13:28:06] INFO Epoch 034 | train batch=840/1427 | elapsed=3.7 min | eta=2.6 min
[2026-08-13 13:28:09] INFO Epoch 034 | train batch=850/1427 | elapsed=3.7 min | eta=2.5 min
[2026-08-13 13:28:11] INFO Epoch 034 | train batch=860/1427 | elapsed=3.8 min | eta=2.5 min
[2026-08-13 13:28:14] INFO Epoch 034 | train batch=870/1427 | elapsed=3.8 min | eta=2.4 min
[2026-08-13 13:28:16] INFO Epoch 034 | train batch=880/1427 | elapsed=3.8 min | eta=2.4 min
[2026-08-13 13:28:19] INFO Epoch 034 | train batch=890/1427 | elapsed=3.9 min | eta=2.3 min
[2026-08-13 13:28:22] INFO Epoch 034 | train batch=900/1427 | elapsed=3.9 min | eta=2.3 min
[2026-08-13 13:28:25] INFO Epoch 034 | train batch=910/1427 | elapsed=4.0 min | eta=2.3 min
[2026-08-13 13:28:27] INFO Epoch 034 | train batch=920/1427 | elapsed=4.0 min | eta=2.2 min
[2026-08-13 13:28:30] INFO Epoch 034 | train batch=930/1427 | elapsed=4.1 min | eta=2.2 min
[2026-08-13 13:28:32] INFO Epoch 034 | train batch=940/1427 | elapsed=4.1 min | eta=2.1 min
[2026-08-13 13:28:35] INFO Epoch 034 | train batch=950/1427 | elapsed=4.2 min | eta=2.1 min
[2026-08-13 13:28:37] INFO Epoch 034 | train batch=960/1427 | elapsed=4.2 min | eta=2.0 min
[2026-08-13 13:28:40] INFO Epoch 034 | train batch=970/1427 | elapsed=4.2 min | eta=2.0 min
[2026-08-13 13:28:43] INFO Epoch 034 | train batch=980/1427 | elapsed=4.3 min | eta=2.0 min
[2026-08-13 13:28:46] INFO Epoch 034 | train batch=990/1427 | elapsed=4.3 min | eta=1.9 min
[2026-08-13 13:28:48] INFO Epoch 034 | train batch=1000/1427 | elapsed=4.4 min | eta=1.9 min
[2026-08-13 13:28:51] INFO Epoch 034 | train batch=1010/1427 | elapsed=4.4 min | eta=1.8 min
[2026-08-13 13:28:54] INFO Epoch 034 | train batch=1020/1427 | elapsed=4.5 min | eta=1.8 min
[2026-08-13 13:28:56] INFO Epoch 034 | train batch=1030/1427 | elapsed=4.5 min | eta=1.7 min
[2026-08-13 13:28:59] INFO Epoch 034 | train batch=1040/1427 | elapsed=4.6 min | eta=1.7 min
[2026-08-13 13:29:01] INFO Epoch 034 | train batch=1050/1427 | elapsed=4.6 min | eta=1.7 min
[2026-08-13 13:29:04] INFO Epoch 034 | train batch=1060/1427 | elapsed=4.6 min | eta=1.6 min
[2026-08-13 13:29:07] INFO Epoch 034 | train batch=1070/1427 | elapsed=4.7 min | eta=1.6 min
[2026-08-13 13:29:10] INFO Epoch 034 | train batch=1080/1427 | elapsed=4.7 min | eta=1.5 min
[2026-08-13 13:29:13] INFO Epoch 034 | train batch=1090/1427 | elapsed=4.8 min | eta=1.5 min
[2026-08-13 13:29:15] INFO Epoch 034 | train batch=1100/1427 | elapsed=4.8 min | eta=1.4 min
[2026-08-13 13:29:18] INFO Epoch 034 | train batch=1110/1427 | elapsed=4.9 min | eta=1.4 min
[2026-08-13 13:29:20] INFO Epoch 034 | train batch=1120/1427 | elapsed=4.9 min | eta=1.3 min
[2026-08-13 13:29:23] INFO Epoch 034 | train batch=1130/1427 | elapsed=5.0 min | eta=1.3 min
[2026-08-13 13:29:26] INFO Epoch 034 | train batch=1140/1427 | elapsed=5.0 min | eta=1.3 min
[2026-08-13 13:29:29] INFO Epoch 034 | train batch=1150/1427 | elapsed=5.0 min | eta=1.2 min
[2026-08-13 13:29:31] INFO Epoch 034 | train batch=1160/1427 | elapsed=5.1 min | eta=1.2 min
[2026-08-13 13:29:34] INFO Epoch 034 | train batch=1170/1427 | elapsed=5.1 min | eta=1.1 min
[2026-08-13 13:29:37] INFO Epoch 034 | train batch=1180/1427 | elapsed=5.2 min | eta=1.1 min
[2026-08-13 13:29:39] INFO Epoch 034 | train batch=1190/1427 | elapsed=5.2 min | eta=1.0 min
[2026-08-13 13:29:42] INFO Epoch 034 | train batch=1200/1427 | elapsed=5.3 min | eta=1.0 min
[2026-08-13 13:29:44] INFO Epoch 034 | train batch=1210/1427 | elapsed=5.3 min | eta=1.0 min
[2026-08-13 13:29:47] INFO Epoch 034 | train batch=1220/1427 | elapsed=5.4 min | eta=0.9 min
[2026-08-13 13:29:49] INFO Epoch 034 | train batch=1230/1427 | elapsed=5.4 min | eta=0.9 min
[2026-08-13 13:29:52] INFO Epoch 034 | train batch=1240/1427 | elapsed=5.4 min | eta=0.8 min
[2026-08-13 13:29:54] INFO Epoch 034 | train batch=1250/1427 | elapsed=5.5 min | eta=0.8 min
[2026-08-13 13:29:57] INFO Epoch 034 | train batch=1260/1427 | elapsed=5.5 min | eta=0.7 min
[2026-08-13 13:30:00] INFO Epoch 034 | train batch=1270/1427 | elapsed=5.6 min | eta=0.7 min
[2026-08-13 13:30:02] INFO Epoch 034 | train batch=1280/1427 | elapsed=5.6 min | eta=0.6 min
[2026-08-13 13:30:05] INFO Epoch 034 | train batch=1290/1427 | elapsed=5.7 min | eta=0.6 min
[2026-08-13 13:30:07] INFO Epoch 034 | train batch=1300/1427 | elapsed=5.7 min | eta=0.6 min
[2026-08-13 13:30:10] INFO Epoch 034 | train batch=1310/1427 | elapsed=5.7 min | eta=0.5 min
[2026-08-13 13:30:12] INFO Epoch 034 | train batch=1320/1427 | elapsed=5.8 min | eta=0.5 min
[2026-08-13 13:30:15] INFO Epoch 034 | train batch=1330/1427 | elapsed=5.8 min | eta=0.4 min
[2026-08-13 13:30:17] INFO Epoch 034 | train batch=1340/1427 | elapsed=5.9 min | eta=0.4 min
[2026-08-13 13:30:20] INFO Epoch 034 | train batch=1350/1427 | elapsed=5.9 min | eta=0.3 min
[2026-08-13 13:30:23] INFO Epoch 034 | train batch=1360/1427 | elapsed=5.9 min | eta=0.3 min
[2026-08-13 13:30:25] INFO Epoch 034 | train batch=1370/1427 | elapsed=6.0 min | eta=0.2 min
[2026-08-13 13:30:28] INFO Epoch 034 | train batch=1380/1427 | elapsed=6.0 min | eta=0.2 min
[2026-08-13 13:30:31] INFO Epoch 034 | train batch=1390/1427 | elapsed=6.1 min | eta=0.2 min
[2026-08-13 13:30:34] INFO Epoch 034 | train batch=1400/1427 | elapsed=6.1 min | eta=0.1 min
[2026-08-13 13:30:36] INFO Epoch 034 | train batch=1410/1427 | elapsed=6.2 min | eta=0.1 min
[2026-08-13 13:30:39] INFO Epoch 034 | train batch=1420/1427 | elapsed=6.2 min | eta=0.0 min
[2026-08-13 13:30:40] INFO Epoch 034 | train batch=1427/1427 | elapsed=6.2 min | eta=0.0 min
[2026-08-13 13:30:40] INFO Epoch 034 | val batch=1/203 | elapsed=0.0 min | eta=0.3 min
[2026-08-13 13:30:42] INFO Epoch 034 | val batch=10/203 | elapsed=0.0 min | eta=0.4 min
[2026-08-13 13:30:43] INFO Epoch 034 | val batch=20/203 | elapsed=0.0 min | eta=0.4 min
[2026-08-13 13:30:44] INFO Epoch 034 | val batch=30/203 | elapsed=0.1 min | eta=0.4 min
[2026-08-13 13:30:45] INFO Epoch 034 | val batch=40/203 | elapsed=0.1 min | eta=0.3 min
[2026-08-13 13:30:47] INFO Epoch 034 | val batch=50/203 | elapsed=0.1 min | eta=0.3 min
[2026-08-13 13:30:48] INFO Epoch 034 | val batch=60/203 | elapsed=0.1 min | eta=0.3 min
[2026-08-13 13:30:49] INFO Epoch 034 | val batch=70/203 | elapsed=0.1 min | eta=0.3 min
[2026-08-13 13:30:51] INFO Epoch 034 | val batch=80/203 | elapsed=0.2 min | eta=0.3 min
[2026-08-13 13:30:52] INFO Epoch 034 | val batch=90/203 | elapsed=0.2 min | eta=0.2 min
[2026-08-13 13:30:53] INFO Epoch 034 | val batch=100/203 | elapsed=0.2 min | eta=0.2 min
[2026-08-13 13:30:54] INFO Epoch 034 | val batch=110/203 | elapsed=0.2 min | eta=0.2 min
[2026-08-13 13:30:56] INFO Epoch 034 | val batch=120/203 | elapsed=0.3 min | eta=0.2 min
[2026-08-13 13:30:57] INFO Epoch 034 | val batch=130/203 | elapsed=0.3 min | eta=0.2 min
[2026-08-13 13:30:58] INFO Epoch 034 | val batch=140/203 | elapsed=0.3 min | eta=0.1 min
[2026-08-13 13:30:59] INFO Epoch 034 | val batch=150/203 | elapsed=0.3 min | eta=0.1 min
[2026-08-13 13:31:01] INFO Epoch 034 | val batch=160/203 | elapsed=0.3 min | eta=0.1 min
[2026-08-13 13:31:02] INFO Epoch 034 | val batch=170/203 | elapsed=0.4 min | eta=0.1 min
[2026-08-13 13:31:03] INFO Epoch 034 | val batch=180/203 | elapsed=0.4 min | eta=0.0 min
[2026-08-13 13:31:05] INFO Epoch 034 | val batch=190/203 | elapsed=0.4 min | eta=0.0 min
[2026-08-13 13:31:06] INFO Epoch 034 | val batch=200/203 | elapsed=0.4 min | eta=0.0 min
[2026-08-13 13:31:06] INFO Epoch 034 | val batch=203/203 | elapsed=0.4 min | eta=0.0 min
[2026-08-13 13:31:06] INFO Epoch 034 | train_total=1.029927 | val_total=1.319097 | val_mask=0.987716 | val_retrieval=2.375047 | val_profile=0.938767 | val_anchors=660915 | val_positive_pairs=0 | val_hard_negatives=0 | val_relation_candidates=9654476 | val_teacher_keff=4.444 | val_student_keff=9.022 | val_masked_positions=1959951 | skipped(train/val)=0/0
[2026-08-13 13:31:06] INFO Epoch 035/050 started | train_batches=1427 | val_batches=203
[2026-08-13 13:31:06] INFO Epoch 035 | train batch=1/1427 | elapsed=0.0 min | eta=7.5 min
[2026-08-13 13:31:09] INFO Epoch 035 | train batch=10/1427 | elapsed=0.0 min | eta=5.9 min
[2026-08-13 13:31:11] INFO Epoch 035 | train batch=20/1427 | elapsed=0.1 min | eta=5.7 min
[2026-08-13 13:31:13] INFO Epoch 035 | train batch=30/1427 | elapsed=0.1 min | eta=5.7 min
[2026-08-13 13:31:16] INFO Epoch 035 | train batch=40/1427 | elapsed=0.2 min | eta=5.7 min
[2026-08-13 13:31:19] INFO Epoch 035 | train batch=50/1427 | elapsed=0.2 min | eta=5.7 min
[2026-08-13 13:31:21] INFO Epoch 035 | train batch=60/1427 | elapsed=0.3 min | eta=5.7 min
[2026-08-13 13:31:24] INFO Epoch 035 | train batch=70/1427 | elapsed=0.3 min | eta=5.7 min
[2026-08-13 13:31:26] INFO Epoch 035 | train batch=80/1427 | elapsed=0.3 min | eta=5.7 min
[2026-08-13 13:31:29] INFO Epoch 035 | train batch=90/1427 | elapsed=0.4 min | eta=5.7 min
[2026-08-13 13:31:32] INFO Epoch 035 | train batch=100/1427 | elapsed=0.4 min | eta=5.6 min
[2026-08-13 13:31:34] INFO Epoch 035 | train batch=110/1427 | elapsed=0.5 min | eta=5.6 min
[2026-08-13 13:31:37] INFO Epoch 035 | train batch=120/1427 | elapsed=0.5 min | eta=5.5 min
[2026-08-13 13:31:39] INFO Epoch 035 | train batch=130/1427 | elapsed=0.6 min | eta=5.5 min
[2026-08-13 13:31:42] INFO Epoch 035 | train batch=140/1427 | elapsed=0.6 min | eta=5.5 min
[2026-08-13 13:31:45] INFO Epoch 035 | train batch=150/1427 | elapsed=0.6 min | eta=5.5 min
[2026-08-13 13:31:47] INFO Epoch 035 | train batch=160/1427 | elapsed=0.7 min | eta=5.4 min
[2026-08-13 13:31:50] INFO Epoch 035 | train batch=170/1427 | elapsed=0.7 min | eta=5.4 min
[2026-08-13 13:31:52] INFO Epoch 035 | train batch=180/1427 | elapsed=0.8 min | eta=5.3 min
[2026-08-13 13:31:55] INFO Epoch 035 | train batch=190/1427 | elapsed=0.8 min | eta=5.3 min
[2026-08-13 13:31:58] INFO Epoch 035 | train batch=200/1427 | elapsed=0.9 min | eta=5.3 min
[2026-08-13 13:32:00] INFO Epoch 035 | train batch=210/1427 | elapsed=0.9 min | eta=5.2 min
[2026-08-13 13:32:02] INFO Epoch 035 | train batch=220/1427 | elapsed=0.9 min | eta=5.1 min
[2026-08-13 13:32:05] INFO Epoch 035 | train batch=230/1427 | elapsed=1.0 min | eta=5.1 min
[2026-08-13 13:32:08] INFO Epoch 035 | train batch=240/1427 | elapsed=1.0 min | eta=5.1 min
[2026-08-13 13:32:10] INFO Epoch 035 | train batch=250/1427 | elapsed=1.1 min | eta=5.0 min
[2026-08-13 13:32:13] INFO Epoch 035 | train batch=260/1427 | elapsed=1.1 min | eta=5.0 min
[2026-08-13 13:32:16] INFO Epoch 035 | train batch=270/1427 | elapsed=1.2 min | eta=5.0 min
[2026-08-13 13:32:18] INFO Epoch 035 | train batch=280/1427 | elapsed=1.2 min | eta=4.9 min
[2026-08-13 13:32:20] INFO Epoch 035 | train batch=290/1427 | elapsed=1.2 min | eta=4.9 min
[2026-08-13 13:32:23] INFO Epoch 035 | train batch=300/1427 | elapsed=1.3 min | eta=4.8 min
[2026-08-13 13:32:25] INFO Epoch 035 | train batch=310/1427 | elapsed=1.3 min | eta=4.8 min
[2026-08-13 13:32:28] INFO Epoch 035 | train batch=320/1427 | elapsed=1.4 min | eta=4.7 min
[2026-08-13 13:32:31] INFO Epoch 035 | train batch=330/1427 | elapsed=1.4 min | eta=4.7 min
[2026-08-13 13:32:33] INFO Epoch 035 | train batch=340/1427 | elapsed=1.5 min | eta=4.7 min
[2026-08-13 13:32:36] INFO Epoch 035 | train batch=350/1427 | elapsed=1.5 min | eta=4.6 min
[2026-08-13 13:32:39] INFO Epoch 035 | train batch=360/1427 | elapsed=1.5 min | eta=4.6 min
[2026-08-13 13:32:41] INFO Epoch 035 | train batch=370/1427 | elapsed=1.6 min | eta=4.5 min
[2026-08-13 13:32:44] INFO Epoch 035 | train batch=380/1427 | elapsed=1.6 min | eta=4.5 min
[2026-08-13 13:32:47] INFO Epoch 035 | train batch=390/1427 | elapsed=1.7 min | eta=4.5 min
[2026-08-13 13:32:49] INFO Epoch 035 | train batch=400/1427 | elapsed=1.7 min | eta=4.4 min
[2026-08-13 13:32:52] INFO Epoch 035 | train batch=410/1427 | elapsed=1.8 min | eta=4.4 min
[2026-08-13 13:32:55] INFO Epoch 035 | train batch=420/1427 | elapsed=1.8 min | eta=4.3 min
[2026-08-13 13:32:57] INFO Epoch 035 | train batch=430/1427 | elapsed=1.9 min | eta=4.3 min
[2026-08-13 13:33:00] INFO Epoch 035 | train batch=440/1427 | elapsed=1.9 min | eta=4.3 min
[2026-08-13 13:33:03] INFO Epoch 035 | train batch=450/1427 | elapsed=1.9 min | eta=4.2 min
[2026-08-13 13:33:05] INFO Epoch 035 | train batch=460/1427 | elapsed=2.0 min | eta=4.2 min
[2026-08-13 13:33:08] INFO Epoch 035 | train batch=470/1427 | elapsed=2.0 min | eta=4.1 min
[2026-08-13 13:33:11] INFO Epoch 035 | train batch=480/1427 | elapsed=2.1 min | eta=4.1 min
[2026-08-13 13:33:14] INFO Epoch 035 | train batch=490/1427 | elapsed=2.1 min | eta=4.1 min
[2026-08-13 13:33:16] INFO Epoch 035 | train batch=500/1427 | elapsed=2.2 min | eta=4.0 min
[2026-08-13 13:33:19] INFO Epoch 035 | train batch=510/1427 | elapsed=2.2 min | eta=4.0 min
[2026-08-13 13:33:21] INFO Epoch 035 | train batch=520/1427 | elapsed=2.3 min | eta=3.9 min
[2026-08-13 13:33:24] INFO Epoch 035 | train batch=530/1427 | elapsed=2.3 min | eta=3.9 min
[2026-08-13 13:33:26] INFO Epoch 035 | train batch=540/1427 | elapsed=2.3 min | eta=3.8 min
[2026-08-13 13:33:29] INFO Epoch 035 | train batch=550/1427 | elapsed=2.4 min | eta=3.8 min
[2026-08-13 13:33:32] INFO Epoch 035 | train batch=560/1427 | elapsed=2.4 min | eta=3.8 min
[2026-08-13 13:33:34] INFO Epoch 035 | train batch=570/1427 | elapsed=2.5 min | eta=3.7 min
[2026-08-13 13:33:37] INFO Epoch 035 | train batch=580/1427 | elapsed=2.5 min | eta=3.7 min
[2026-08-13 13:33:40] INFO Epoch 035 | train batch=590/1427 | elapsed=2.6 min | eta=3.6 min
[2026-08-13 13:33:42] INFO Epoch 035 | train batch=600/1427 | elapsed=2.6 min | eta=3.6 min
[2026-08-13 13:33:45] INFO Epoch 035 | train batch=610/1427 | elapsed=2.6 min | eta=3.5 min
[2026-08-13 13:33:47] INFO Epoch 035 | train batch=620/1427 | elapsed=2.7 min | eta=3.5 min
[2026-08-13 13:33:50] INFO Epoch 035 | train batch=630/1427 | elapsed=2.7 min | eta=3.5 min
[2026-08-13 13:33:53] INFO Epoch 035 | train batch=640/1427 | elapsed=2.8 min | eta=3.4 min
[2026-08-13 13:33:56] INFO Epoch 035 | train batch=650/1427 | elapsed=2.8 min | eta=3.4 min
[2026-08-13 13:33:58] INFO Epoch 035 | train batch=660/1427 | elapsed=2.9 min | eta=3.3 min
[2026-08-13 13:34:01] INFO Epoch 035 | train batch=670/1427 | elapsed=2.9 min | eta=3.3 min
[2026-08-13 13:34:04] INFO Epoch 035 | train batch=680/1427 | elapsed=3.0 min | eta=3.3 min
[2026-08-13 13:34:06] INFO Epoch 035 | train batch=690/1427 | elapsed=3.0 min | eta=3.2 min
[2026-08-13 13:34:09] INFO Epoch 035 | train batch=700/1427 | elapsed=3.0 min | eta=3.2 min
[2026-08-13 13:34:12] INFO Epoch 035 | train batch=710/1427 | elapsed=3.1 min | eta=3.1 min
[2026-08-13 13:34:14] INFO Epoch 035 | train batch=720/1427 | elapsed=3.1 min | eta=3.1 min
[2026-08-13 13:34:17] INFO Epoch 035 | train batch=730/1427 | elapsed=3.2 min | eta=3.0 min
[2026-08-13 13:34:20] INFO Epoch 035 | train batch=740/1427 | elapsed=3.2 min | eta=3.0 min
[2026-08-13 13:34:22] INFO Epoch 035 | train batch=750/1427 | elapsed=3.3 min | eta=3.0 min
[2026-08-13 13:34:25] INFO Epoch 035 | train batch=760/1427 | elapsed=3.3 min | eta=2.9 min
[2026-08-13 13:34:27] INFO Epoch 035 | train batch=770/1427 | elapsed=3.4 min | eta=2.9 min
[2026-08-13 13:34:30] INFO Epoch 035 | train batch=780/1427 | elapsed=3.4 min | eta=2.8 min
[2026-08-13 13:34:33] INFO Epoch 035 | train batch=790/1427 | elapsed=3.4 min | eta=2.8 min
[2026-08-13 13:34:35] INFO Epoch 035 | train batch=800/1427 | elapsed=3.5 min | eta=2.7 min
[2026-08-13 13:34:38] INFO Epoch 035 | train batch=810/1427 | elapsed=3.5 min | eta=2.7 min
[2026-08-13 13:34:40] INFO Epoch 035 | train batch=820/1427 | elapsed=3.6 min | eta=2.6 min
[2026-08-13 13:34:43] INFO Epoch 035 | train batch=830/1427 | elapsed=3.6 min | eta=2.6 min
[2026-08-13 13:34:46] INFO Epoch 035 | train batch=840/1427 | elapsed=3.7 min | eta=2.6 min
[2026-08-13 13:34:48] INFO Epoch 035 | train batch=850/1427 | elapsed=3.7 min | eta=2.5 min
[2026-08-13 13:34:51] INFO Epoch 035 | train batch=860/1427 | elapsed=3.7 min | eta=2.5 min
[2026-08-13 13:34:53] INFO Epoch 035 | train batch=870/1427 | elapsed=3.8 min | eta=2.4 min
[2026-08-13 13:34:56] INFO Epoch 035 | train batch=880/1427 | elapsed=3.8 min | eta=2.4 min
[2026-08-13 13:34:59] INFO Epoch 035 | train batch=890/1427 | elapsed=3.9 min | eta=2.3 min
[2026-08-13 13:35:01] INFO Epoch 035 | train batch=900/1427 | elapsed=3.9 min | eta=2.3 min
[2026-08-13 13:35:04] INFO Epoch 035 | train batch=910/1427 | elapsed=4.0 min | eta=2.3 min
[2026-08-13 13:35:07] INFO Epoch 035 | train batch=920/1427 | elapsed=4.0 min | eta=2.2 min
[2026-08-13 13:35:09] INFO Epoch 035 | train batch=930/1427 | elapsed=4.0 min | eta=2.2 min
[2026-08-13 13:35:12] INFO Epoch 035 | train batch=940/1427 | elapsed=4.1 min | eta=2.1 min
[2026-08-13 13:35:14] INFO Epoch 035 | train batch=950/1427 | elapsed=4.1 min | eta=2.1 min
[2026-08-13 13:35:17] INFO Epoch 035 | train batch=960/1427 | elapsed=4.2 min | eta=2.0 min
[2026-08-13 13:35:19] INFO Epoch 035 | train batch=970/1427 | elapsed=4.2 min | eta=2.0 min
[2026-08-13 13:35:22] INFO Epoch 035 | train batch=980/1427 | elapsed=4.3 min | eta=1.9 min
[2026-08-13 13:35:25] INFO Epoch 035 | train batch=990/1427 | elapsed=4.3 min | eta=1.9 min
[2026-08-13 13:35:27] INFO Epoch 035 | train batch=1000/1427 | elapsed=4.4 min | eta=1.9 min
[2026-08-13 13:35:30] INFO Epoch 035 | train batch=1010/1427 | elapsed=4.4 min | eta=1.8 min
[2026-08-13 13:35:32] INFO Epoch 035 | train batch=1020/1427 | elapsed=4.4 min | eta=1.8 min
[2026-08-13 13:35:35] INFO Epoch 035 | train batch=1030/1427 | elapsed=4.5 min | eta=1.7 min
[2026-08-13 13:35:38] INFO Epoch 035 | train batch=1040/1427 | elapsed=4.5 min | eta=1.7 min
[2026-08-13 13:35:40] INFO Epoch 035 | train batch=1050/1427 | elapsed=4.6 min | eta=1.6 min
[2026-08-13 13:35:43] INFO Epoch 035 | train batch=1060/1427 | elapsed=4.6 min | eta=1.6 min
[2026-08-13 13:35:46] INFO Epoch 035 | train batch=1070/1427 | elapsed=4.7 min | eta=1.6 min
[2026-08-13 13:35:48] INFO Epoch 035 | train batch=1080/1427 | elapsed=4.7 min | eta=1.5 min
[2026-08-13 13:35:51] INFO Epoch 035 | train batch=1090/1427 | elapsed=4.7 min | eta=1.5 min
[2026-08-13 13:35:53] INFO Epoch 035 | train batch=1100/1427 | elapsed=4.8 min | eta=1.4 min
[2026-08-13 13:35:56] INFO Epoch 035 | train batch=1110/1427 | elapsed=4.8 min | eta=1.4 min
[2026-08-13 13:35:58] INFO Epoch 035 | train batch=1120/1427 | elapsed=4.9 min | eta=1.3 min
[2026-08-13 13:36:01] INFO Epoch 035 | train batch=1130/1427 | elapsed=4.9 min | eta=1.3 min
[2026-08-13 13:36:03] INFO Epoch 035 | train batch=1140/1427 | elapsed=5.0 min | eta=1.2 min
[2026-08-13 13:36:06] INFO Epoch 035 | train batch=1150/1427 | elapsed=5.0 min | eta=1.2 min
[2026-08-13 13:36:08] INFO Epoch 035 | train batch=1160/1427 | elapsed=5.0 min | eta=1.2 min
[2026-08-13 13:36:11] INFO Epoch 035 | train batch=1170/1427 | elapsed=5.1 min | eta=1.1 min
[2026-08-13 13:36:13] INFO Epoch 035 | train batch=1180/1427 | elapsed=5.1 min | eta=1.1 min
[2026-08-13 13:36:16] INFO Epoch 035 | train batch=1190/1427 | elapsed=5.2 min | eta=1.0 min
[2026-08-13 13:36:18] INFO Epoch 035 | train batch=1200/1427 | elapsed=5.2 min | eta=1.0 min
[2026-08-13 13:36:21] INFO Epoch 035 | train batch=1210/1427 | elapsed=5.2 min | eta=0.9 min
[2026-08-13 13:36:23] INFO Epoch 035 | train batch=1220/1427 | elapsed=5.3 min | eta=0.9 min
[2026-08-13 13:36:26] INFO Epoch 035 | train batch=1230/1427 | elapsed=5.3 min | eta=0.9 min
[2026-08-13 13:36:28] INFO Epoch 035 | train batch=1240/1427 | elapsed=5.4 min | eta=0.8 min
[2026-08-13 13:36:31] INFO Epoch 035 | train batch=1250/1427 | elapsed=5.4 min | eta=0.8 min
[2026-08-13 13:36:33] INFO Epoch 035 | train batch=1260/1427 | elapsed=5.5 min | eta=0.7 min
[2026-08-13 13:36:36] INFO Epoch 035 | train batch=1270/1427 | elapsed=5.5 min | eta=0.7 min
[2026-08-13 13:36:39] INFO Epoch 035 | train batch=1280/1427 | elapsed=5.5 min | eta=0.6 min
[2026-08-13 13:36:42] INFO Epoch 035 | train batch=1290/1427 | elapsed=5.6 min | eta=0.6 min
[2026-08-13 13:36:44] INFO Epoch 035 | train batch=1300/1427 | elapsed=5.6 min | eta=0.6 min
[2026-08-13 13:36:47] INFO Epoch 035 | train batch=1310/1427 | elapsed=5.7 min | eta=0.5 min
[2026-08-13 13:36:50] INFO Epoch 035 | train batch=1320/1427 | elapsed=5.7 min | eta=0.5 min
[2026-08-13 13:36:53] INFO Epoch 035 | train batch=1330/1427 | elapsed=5.8 min | eta=0.4 min
[2026-08-13 13:36:55] INFO Epoch 035 | train batch=1340/1427 | elapsed=5.8 min | eta=0.4 min
[2026-08-13 13:36:58] INFO Epoch 035 | train batch=1350/1427 | elapsed=5.9 min | eta=0.3 min
[2026-08-13 13:37:00] INFO Epoch 035 | train batch=1360/1427 | elapsed=5.9 min | eta=0.3 min
[2026-08-13 13:37:03] INFO Epoch 035 | train batch=1370/1427 | elapsed=6.0 min | eta=0.2 min
[2026-08-13 13:37:06] INFO Epoch 035 | train batch=1380/1427 | elapsed=6.0 min | eta=0.2 min
[2026-08-13 13:37:09] INFO Epoch 035 | train batch=1390/1427 | elapsed=6.0 min | eta=0.2 min
[2026-08-13 13:37:11] INFO Epoch 035 | train batch=1400/1427 | elapsed=6.1 min | eta=0.1 min
[2026-08-13 13:37:13] INFO Epoch 035 | train batch=1410/1427 | elapsed=6.1 min | eta=0.1 min
[2026-08-13 13:37:16] INFO Epoch 035 | train batch=1420/1427 | elapsed=6.2 min | eta=0.0 min
[2026-08-13 13:37:18] INFO Epoch 035 | train batch=1427/1427 | elapsed=6.2 min | eta=0.0 min
[2026-08-13 13:37:18] INFO Epoch 035 | val batch=1/203 | elapsed=0.0 min | eta=0.2 min
[2026-08-13 13:37:19] INFO Epoch 035 | val batch=10/203 | elapsed=0.0 min | eta=0.4 min
[2026-08-13 13:37:20] INFO Epoch 035 | val batch=20/203 | elapsed=0.0 min | eta=0.4 min
[2026-08-13 13:37:22] INFO Epoch 035 | val batch=30/203 | elapsed=0.1 min | eta=0.4 min
[2026-08-13 13:37:23] INFO Epoch 035 | val batch=40/203 | elapsed=0.1 min | eta=0.3 min
[2026-08-13 13:37:24] INFO Epoch 035 | val batch=50/203 | elapsed=0.1 min | eta=0.3 min
[2026-08-13 13:37:25] INFO Epoch 035 | val batch=60/203 | elapsed=0.1 min | eta=0.3 min
[2026-08-13 13:37:27] INFO Epoch 035 | val batch=70/203 | elapsed=0.1 min | eta=0.3 min
[2026-08-13 13:37:28] INFO Epoch 035 | val batch=80/203 | elapsed=0.2 min | eta=0.3 min
[2026-08-13 13:37:29] INFO Epoch 035 | val batch=90/203 | elapsed=0.2 min | eta=0.2 min
[2026-08-13 13:37:31] INFO Epoch 035 | val batch=100/203 | elapsed=0.2 min | eta=0.2 min
[2026-08-13 13:37:32] INFO Epoch 035 | val batch=110/203 | elapsed=0.2 min | eta=0.2 min
[2026-08-13 13:37:33] INFO Epoch 035 | val batch=120/203 | elapsed=0.3 min | eta=0.2 min
[2026-08-13 13:37:34] INFO Epoch 035 | val batch=130/203 | elapsed=0.3 min | eta=0.2 min
[2026-08-13 13:37:36] INFO Epoch 035 | val batch=140/203 | elapsed=0.3 min | eta=0.1 min
[2026-08-13 13:37:37] INFO Epoch 035 | val batch=150/203 | elapsed=0.3 min | eta=0.1 min
[2026-08-13 13:37:38] INFO Epoch 035 | val batch=160/203 | elapsed=0.3 min | eta=0.1 min
[2026-08-13 13:37:39] INFO Epoch 035 | val batch=170/203 | elapsed=0.4 min | eta=0.1 min
[2026-08-13 13:37:41] INFO Epoch 035 | val batch=180/203 | elapsed=0.4 min | eta=0.0 min
[2026-08-13 13:37:42] INFO Epoch 035 | val batch=190/203 | elapsed=0.4 min | eta=0.0 min
[2026-08-13 13:37:43] INFO Epoch 035 | val batch=200/203 | elapsed=0.4 min | eta=0.0 min
[2026-08-13 13:37:44] INFO Epoch 035 | val batch=203/203 | elapsed=0.4 min | eta=0.0 min
[2026-08-13 13:37:44] INFO Epoch 035 | train_total=1.031503 | val_total=1.100469 | val_mask=0.768478 | val_retrieval=2.375461 | val_profile=0.944452 | val_anchors=660915 | val_positive_pairs=0 | val_hard_negatives=0 | val_relation_candidates=9654476 | val_teacher_keff=4.444 | val_student_keff=9.281 | val_masked_positions=1959027 | skipped(train/val)=0/0
[2026-08-13 13:37:44] INFO Epoch 036/050 started | train_batches=1427 | val_batches=203
[2026-08-13 13:37:44] INFO Epoch 036 | train batch=1/1427 | elapsed=0.0 min | eta=7.3 min
[2026-08-13 13:37:46] INFO Epoch 036 | train batch=10/1427 | elapsed=0.0 min | eta=5.7 min
[2026-08-13 13:37:48] INFO Epoch 036 | train batch=20/1427 | elapsed=0.1 min | eta=5.6 min
[2026-08-13 13:37:51] INFO Epoch 036 | train batch=30/1427 | elapsed=0.1 min | eta=5.8 min
[2026-08-13 13:37:54] INFO Epoch 036 | train batch=40/1427 | elapsed=0.2 min | eta=5.7 min
[2026-08-13 13:37:56] INFO Epoch 036 | train batch=50/1427 | elapsed=0.2 min | eta=5.6 min
[2026-08-13 13:37:58] INFO Epoch 036 | train batch=60/1427 | elapsed=0.2 min | eta=5.5 min
[2026-08-13 13:38:00] INFO Epoch 036 | train batch=70/1427 | elapsed=0.3 min | eta=5.4 min
[2026-08-13 13:38:03] INFO Epoch 036 | train batch=80/1427 | elapsed=0.3 min | eta=5.4 min
[2026-08-13 13:38:06] INFO Epoch 036 | train batch=90/1427 | elapsed=0.4 min | eta=5.5 min
[2026-08-13 13:38:08] INFO Epoch 036 | train batch=100/1427 | elapsed=0.4 min | eta=5.5 min
[2026-08-13 13:38:11] INFO Epoch 036 | train batch=110/1427 | elapsed=0.5 min | eta=5.5 min
[2026-08-13 13:38:14] INFO Epoch 036 | train batch=120/1427 | elapsed=0.5 min | eta=5.5 min
[2026-08-13 13:38:17] INFO Epoch 036 | train batch=130/1427 | elapsed=0.6 min | eta=5.5 min
[2026-08-13 13:38:19] INFO Epoch 036 | train batch=140/1427 | elapsed=0.6 min | eta=5.4 min
[2026-08-13 13:38:21] INFO Epoch 036 | train batch=150/1427 | elapsed=0.6 min | eta=5.4 min
[2026-08-13 13:38:24] INFO Epoch 036 | train batch=160/1427 | elapsed=0.7 min | eta=5.4 min
[2026-08-13 13:38:27] INFO Epoch 036 | train batch=170/1427 | elapsed=0.7 min | eta=5.3 min
[2026-08-13 13:38:29] INFO Epoch 036 | train batch=180/1427 | elapsed=0.8 min | eta=5.3 min
[2026-08-13 13:38:32] INFO Epoch 036 | train batch=190/1427 | elapsed=0.8 min | eta=5.3 min
[2026-08-13 13:38:35] INFO Epoch 036 | train batch=200/1427 | elapsed=0.9 min | eta=5.2 min
[2026-08-13 13:38:37] INFO Epoch 036 | train batch=210/1427 | elapsed=0.9 min | eta=5.2 min
[2026-08-13 13:38:40] INFO Epoch 036 | train batch=220/1427 | elapsed=0.9 min | eta=5.2 min
[2026-08-13 13:38:42] INFO Epoch 036 | train batch=230/1427 | elapsed=1.0 min | eta=5.1 min
[2026-08-13 13:38:45] INFO Epoch 036 | train batch=240/1427 | elapsed=1.0 min | eta=5.1 min
[2026-08-13 13:38:48] INFO Epoch 036 | train batch=250/1427 | elapsed=1.1 min | eta=5.0 min
[2026-08-13 13:38:50] INFO Epoch 036 | train batch=260/1427 | elapsed=1.1 min | eta=5.0 min
[2026-08-13 13:38:53] INFO Epoch 036 | train batch=270/1427 | elapsed=1.2 min | eta=4.9 min
[2026-08-13 13:38:55] INFO Epoch 036 | train batch=280/1427 | elapsed=1.2 min | eta=4.9 min
[2026-08-13 13:38:58] INFO Epoch 036 | train batch=290/1427 | elapsed=1.2 min | eta=4.9 min
[2026-08-13 13:39:01] INFO Epoch 036 | train batch=300/1427 | elapsed=1.3 min | eta=4.8 min
[2026-08-13 13:39:04] INFO Epoch 036 | train batch=310/1427 | elapsed=1.3 min | eta=4.8 min
[2026-08-13 13:39:06] INFO Epoch 036 | train batch=320/1427 | elapsed=1.4 min | eta=4.8 min
[2026-08-13 13:39:09] INFO Epoch 036 | train batch=330/1427 | elapsed=1.4 min | eta=4.7 min
[2026-08-13 13:39:12] INFO Epoch 036 | train batch=340/1427 | elapsed=1.5 min | eta=4.7 min
[2026-08-13 13:39:15] INFO Epoch 036 | train batch=350/1427 | elapsed=1.5 min | eta=4.7 min
[2026-08-13 13:39:17] INFO Epoch 036 | train batch=360/1427 | elapsed=1.6 min | eta=4.6 min
[2026-08-13 13:39:20] INFO Epoch 036 | train batch=370/1427 | elapsed=1.6 min | eta=4.6 min
[2026-08-13 13:39:23] INFO Epoch 036 | train batch=380/1427 | elapsed=1.6 min | eta=4.5 min
[2026-08-13 13:39:25] INFO Epoch 036 | train batch=390/1427 | elapsed=1.7 min | eta=4.5 min
[2026-08-13 13:39:28] INFO Epoch 036 | train batch=400/1427 | elapsed=1.7 min | eta=4.4 min
[2026-08-13 13:39:30] INFO Epoch 036 | train batch=410/1427 | elapsed=1.8 min | eta=4.4 min
[2026-08-13 13:39:33] INFO Epoch 036 | train batch=420/1427 | elapsed=1.8 min | eta=4.4 min
[2026-08-13 13:39:35] INFO Epoch 036 | train batch=430/1427 | elapsed=1.9 min | eta=4.3 min
[2026-08-13 13:39:38] INFO Epoch 036 | train batch=440/1427 | elapsed=1.9 min | eta=4.3 min
[2026-08-13 13:39:41] INFO Epoch 036 | train batch=450/1427 | elapsed=2.0 min | eta=4.2 min
[2026-08-13 13:39:43] INFO Epoch 036 | train batch=460/1427 | elapsed=2.0 min | eta=4.2 min
[2026-08-13 13:39:46] INFO Epoch 036 | train batch=470/1427 | elapsed=2.0 min | eta=4.2 min
[2026-08-13 13:39:49] INFO Epoch 036 | train batch=480/1427 | elapsed=2.1 min | eta=4.1 min
[2026-08-13 13:39:51] INFO Epoch 036 | train batch=490/1427 | elapsed=2.1 min | eta=4.1 min
[2026-08-13 13:39:54] INFO Epoch 036 | train batch=500/1427 | elapsed=2.2 min | eta=4.0 min
[2026-08-13 13:39:57] INFO Epoch 036 | train batch=510/1427 | elapsed=2.2 min | eta=4.0 min
[2026-08-13 13:39:59] INFO Epoch 036 | train batch=520/1427 | elapsed=2.3 min | eta=3.9 min
[2026-08-13 13:40:02] INFO Epoch 036 | train batch=530/1427 | elapsed=2.3 min | eta=3.9 min
[2026-08-13 13:40:04] INFO Epoch 036 | train batch=540/1427 | elapsed=2.3 min | eta=3.9 min
[2026-08-13 13:40:07] INFO Epoch 036 | train batch=550/1427 | elapsed=2.4 min | eta=3.8 min
[2026-08-13 13:40:10] INFO Epoch 036 | train batch=560/1427 | elapsed=2.4 min | eta=3.8 min
[2026-08-13 13:40:13] INFO Epoch 036 | train batch=570/1427 | elapsed=2.5 min | eta=3.7 min
[2026-08-13 13:40:15] INFO Epoch 036 | train batch=580/1427 | elapsed=2.5 min | eta=3.7 min
[2026-08-13 13:40:18] INFO Epoch 036 | train batch=590/1427 | elapsed=2.6 min | eta=3.6 min
[2026-08-13 13:40:20] INFO Epoch 036 | train batch=600/1427 | elapsed=2.6 min | eta=3.6 min
[2026-08-13 13:40:23] INFO Epoch 036 | train batch=610/1427 | elapsed=2.7 min | eta=3.6 min
[2026-08-13 13:40:25] INFO Epoch 036 | train batch=620/1427 | elapsed=2.7 min | eta=3.5 min
[2026-08-13 13:40:28] INFO Epoch 036 | train batch=630/1427 | elapsed=2.7 min | eta=3.5 min
[2026-08-13 13:40:31] INFO Epoch 036 | train batch=640/1427 | elapsed=2.8 min | eta=3.4 min
[2026-08-13 13:40:34] INFO Epoch 036 | train batch=650/1427 | elapsed=2.8 min | eta=3.4 min
[2026-08-13 13:40:36] INFO Epoch 036 | train batch=660/1427 | elapsed=2.9 min | eta=3.3 min
[2026-08-13 13:40:39] INFO Epoch 036 | train batch=670/1427 | elapsed=2.9 min | eta=3.3 min
[2026-08-13 13:40:41] INFO Epoch 036 | train batch=680/1427 | elapsed=3.0 min | eta=3.3 min
[2026-08-13 13:40:44] INFO Epoch 036 | train batch=690/1427 | elapsed=3.0 min | eta=3.2 min
[2026-08-13 13:40:46] INFO Epoch 036 | train batch=700/1427 | elapsed=3.0 min | eta=3.2 min
[2026-08-13 13:40:49] INFO Epoch 036 | train batch=710/1427 | elapsed=3.1 min | eta=3.1 min
[2026-08-13 13:40:51] INFO Epoch 036 | train batch=720/1427 | elapsed=3.1 min | eta=3.1 min
[2026-08-13 13:40:54] INFO Epoch 036 | train batch=730/1427 | elapsed=3.2 min | eta=3.0 min
[2026-08-13 13:40:56] INFO Epoch 036 | train batch=740/1427 | elapsed=3.2 min | eta=3.0 min
[2026-08-13 13:40:59] INFO Epoch 036 | train batch=750/1427 | elapsed=3.2 min | eta=2.9 min
[2026-08-13 13:41:01] INFO Epoch 036 | train batch=760/1427 | elapsed=3.3 min | eta=2.9 min
[2026-08-13 13:41:04] INFO Epoch 036 | train batch=770/1427 | elapsed=3.3 min | eta=2.8 min
[2026-08-13 13:41:06] INFO Epoch 036 | train batch=780/1427 | elapsed=3.4 min | eta=2.8 min
[2026-08-13 13:41:09] INFO Epoch 036 | train batch=790/1427 | elapsed=3.4 min | eta=2.8 min
[2026-08-13 13:41:11] INFO Epoch 036 | train batch=800/1427 | elapsed=3.5 min | eta=2.7 min
[2026-08-13 13:41:14] INFO Epoch 036 | train batch=810/1427 | elapsed=3.5 min | eta=2.7 min
[2026-08-13 13:41:16] INFO Epoch 036 | train batch=820/1427 | elapsed=3.5 min | eta=2.6 min
[2026-08-13 13:41:19] INFO Epoch 036 | train batch=830/1427 | elapsed=3.6 min | eta=2.6 min
[2026-08-13 13:41:22] INFO Epoch 036 | train batch=840/1427 | elapsed=3.6 min | eta=2.5 min
[2026-08-13 13:41:25] INFO Epoch 036 | train batch=850/1427 | elapsed=3.7 min | eta=2.5 min
[2026-08-13 13:41:27] INFO Epoch 036 | train batch=860/1427 | elapsed=3.7 min | eta=2.5 min
[2026-08-13 13:41:30] INFO Epoch 036 | train batch=870/1427 | elapsed=3.8 min | eta=2.4 min
[2026-08-13 13:41:33] INFO Epoch 036 | train batch=880/1427 | elapsed=3.8 min | eta=2.4 min
[2026-08-13 13:41:35] INFO Epoch 036 | train batch=890/1427 | elapsed=3.9 min | eta=2.3 min
[2026-08-13 13:41:38] INFO Epoch 036 | train batch=900/1427 | elapsed=3.9 min | eta=2.3 min
[2026-08-13 13:41:40] INFO Epoch 036 | train batch=910/1427 | elapsed=3.9 min | eta=2.2 min
[2026-08-13 13:41:43] INFO Epoch 036 | train batch=920/1427 | elapsed=4.0 min | eta=2.2 min
[2026-08-13 13:41:46] INFO Epoch 036 | train batch=930/1427 | elapsed=4.0 min | eta=2.2 min
[2026-08-13 13:41:48] INFO Epoch 036 | train batch=940/1427 | elapsed=4.1 min | eta=2.1 min
[2026-08-13 13:41:51] INFO Epoch 036 | train batch=950/1427 | elapsed=4.1 min | eta=2.1 min
[2026-08-13 13:41:54] INFO Epoch 036 | train batch=960/1427 | elapsed=4.2 min | eta=2.0 min
[2026-08-13 13:41:56] INFO Epoch 036 | train batch=970/1427 | elapsed=4.2 min | eta=2.0 min
[2026-08-13 13:41:59] INFO Epoch 036 | train batch=980/1427 | elapsed=4.3 min | eta=1.9 min
[2026-08-13 13:42:01] INFO Epoch 036 | train batch=990/1427 | elapsed=4.3 min | eta=1.9 min
[2026-08-13 13:42:04] INFO Epoch 036 | train batch=1000/1427 | elapsed=4.3 min | eta=1.9 min
[2026-08-13 13:42:07] INFO Epoch 036 | train batch=1010/1427 | elapsed=4.4 min | eta=1.8 min
[2026-08-13 13:42:10] INFO Epoch 036 | train batch=1020/1427 | elapsed=4.4 min | eta=1.8 min
[2026-08-13 13:42:12] INFO Epoch 036 | train batch=1030/1427 | elapsed=4.5 min | eta=1.7 min
[2026-08-13 13:42:15] INFO Epoch 036 | train batch=1040/1427 | elapsed=4.5 min | eta=1.7 min
[2026-08-13 13:42:17] INFO Epoch 036 | train batch=1050/1427 | elapsed=4.6 min | eta=1.6 min
[2026-08-13 13:42:19] INFO Epoch 036 | train batch=1060/1427 | elapsed=4.6 min | eta=1.6 min
[2026-08-13 13:42:22] INFO Epoch 036 | train batch=1070/1427 | elapsed=4.6 min | eta=1.5 min
[2026-08-13 13:42:25] INFO Epoch 036 | train batch=1080/1427 | elapsed=4.7 min | eta=1.5 min
[2026-08-13 13:42:27] INFO Epoch 036 | train batch=1090/1427 | elapsed=4.7 min | eta=1.5 min
[2026-08-13 13:42:30] INFO Epoch 036 | train batch=1100/1427 | elapsed=4.8 min | eta=1.4 min
[2026-08-13 13:42:32] INFO Epoch 036 | train batch=1110/1427 | elapsed=4.8 min | eta=1.4 min
[2026-08-13 13:42:35] INFO Epoch 036 | train batch=1120/1427 | elapsed=4.9 min | eta=1.3 min
[2026-08-13 13:42:37] INFO Epoch 036 | train batch=1130/1427 | elapsed=4.9 min | eta=1.3 min
[2026-08-13 13:42:40] INFO Epoch 036 | train batch=1140/1427 | elapsed=4.9 min | eta=1.2 min
[2026-08-13 13:42:43] INFO Epoch 036 | train batch=1150/1427 | elapsed=5.0 min | eta=1.2 min
[2026-08-13 13:42:46] INFO Epoch 036 | train batch=1160/1427 | elapsed=5.0 min | eta=1.2 min
[2026-08-13 13:42:48] INFO Epoch 036 | train batch=1170/1427 | elapsed=5.1 min | eta=1.1 min
[2026-08-13 13:42:51] INFO Epoch 036 | train batch=1180/1427 | elapsed=5.1 min | eta=1.1 min
[2026-08-13 13:42:54] INFO Epoch 036 | train batch=1190/1427 | elapsed=5.2 min | eta=1.0 min
[2026-08-13 13:42:56] INFO Epoch 036 | train batch=1200/1427 | elapsed=5.2 min | eta=1.0 min
[2026-08-13 13:42:59] INFO Epoch 036 | train batch=1210/1427 | elapsed=5.2 min | eta=0.9 min
[2026-08-13 13:43:01] INFO Epoch 036 | train batch=1220/1427 | elapsed=5.3 min | eta=0.9 min
[2026-08-13 13:43:04] INFO Epoch 036 | train batch=1230/1427 | elapsed=5.3 min | eta=0.9 min
[2026-08-13 13:43:06] INFO Epoch 036 | train batch=1240/1427 | elapsed=5.4 min | eta=0.8 min
[2026-08-13 13:43:09] INFO Epoch 036 | train batch=1250/1427 | elapsed=5.4 min | eta=0.8 min
[2026-08-13 13:43:11] INFO Epoch 036 | train batch=1260/1427 | elapsed=5.5 min | eta=0.7 min
[2026-08-13 13:43:14] INFO Epoch 036 | train batch=1270/1427 | elapsed=5.5 min | eta=0.7 min
[2026-08-13 13:43:17] INFO Epoch 036 | train batch=1280/1427 | elapsed=5.6 min | eta=0.6 min
[2026-08-13 13:43:19] INFO Epoch 036 | train batch=1290/1427 | elapsed=5.6 min | eta=0.6 min
[2026-08-13 13:43:22] INFO Epoch 036 | train batch=1300/1427 | elapsed=5.6 min | eta=0.6 min
[2026-08-13 13:43:24] INFO Epoch 036 | train batch=1310/1427 | elapsed=5.7 min | eta=0.5 min
[2026-08-13 13:43:27] INFO Epoch 036 | train batch=1320/1427 | elapsed=5.7 min | eta=0.5 min
[2026-08-13 13:43:29] INFO Epoch 036 | train batch=1330/1427 | elapsed=5.8 min | eta=0.4 min
[2026-08-13 13:43:32] INFO Epoch 036 | train batch=1340/1427 | elapsed=5.8 min | eta=0.4 min
[2026-08-13 13:43:34] INFO Epoch 036 | train batch=1350/1427 | elapsed=5.8 min | eta=0.3 min
[2026-08-13 13:43:37] INFO Epoch 036 | train batch=1360/1427 | elapsed=5.9 min | eta=0.3 min
[2026-08-13 13:43:39] INFO Epoch 036 | train batch=1370/1427 | elapsed=5.9 min | eta=0.2 min
[2026-08-13 13:43:42] INFO Epoch 036 | train batch=1380/1427 | elapsed=6.0 min | eta=0.2 min
[2026-08-13 13:43:45] INFO Epoch 036 | train batch=1390/1427 | elapsed=6.0 min | eta=0.2 min
[2026-08-13 13:43:47] INFO Epoch 036 | train batch=1400/1427 | elapsed=6.1 min | eta=0.1 min
[2026-08-13 13:43:50] INFO Epoch 036 | train batch=1410/1427 | elapsed=6.1 min | eta=0.1 min
[2026-08-13 13:43:52] INFO Epoch 036 | train batch=1420/1427 | elapsed=6.1 min | eta=0.0 min
[2026-08-13 13:43:54] INFO Epoch 036 | train batch=1427/1427 | elapsed=6.2 min | eta=0.0 min
[2026-08-13 13:43:54] INFO Epoch 036 | val batch=1/203 | elapsed=0.0 min | eta=0.2 min
[2026-08-13 13:43:55] INFO Epoch 036 | val batch=10/203 | elapsed=0.0 min | eta=0.4 min
[2026-08-13 13:43:56] INFO Epoch 036 | val batch=20/203 | elapsed=0.0 min | eta=0.4 min
[2026-08-13 13:43:58] INFO Epoch 036 | val batch=30/203 | elapsed=0.1 min | eta=0.4 min
[2026-08-13 13:43:59] INFO Epoch 036 | val batch=40/203 | elapsed=0.1 min | eta=0.3 min
[2026-08-13 13:44:00] INFO Epoch 036 | val batch=50/203 | elapsed=0.1 min | eta=0.3 min
[2026-08-13 13:44:02] INFO Epoch 036 | val batch=60/203 | elapsed=0.1 min | eta=0.3 min
[2026-08-13 13:44:03] INFO Epoch 036 | val batch=70/203 | elapsed=0.1 min | eta=0.3 min
[2026-08-13 13:44:04] INFO Epoch 036 | val batch=80/203 | elapsed=0.2 min | eta=0.3 min
[2026-08-13 13:44:05] INFO Epoch 036 | val batch=90/203 | elapsed=0.2 min | eta=0.2 min
[2026-08-13 13:44:07] INFO Epoch 036 | val batch=100/203 | elapsed=0.2 min | eta=0.2 min
[2026-08-13 13:44:08] INFO Epoch 036 | val batch=110/203 | elapsed=0.2 min | eta=0.2 min
[2026-08-13 13:44:09] INFO Epoch 036 | val batch=120/203 | elapsed=0.3 min | eta=0.2 min
[2026-08-13 13:44:11] INFO Epoch 036 | val batch=130/203 | elapsed=0.3 min | eta=0.2 min
[2026-08-13 13:44:12] INFO Epoch 036 | val batch=140/203 | elapsed=0.3 min | eta=0.1 min
[2026-08-13 13:44:13] INFO Epoch 036 | val batch=150/203 | elapsed=0.3 min | eta=0.1 min
[2026-08-13 13:44:14] INFO Epoch 036 | val batch=160/203 | elapsed=0.3 min | eta=0.1 min
[2026-08-13 13:44:16] INFO Epoch 036 | val batch=170/203 | elapsed=0.4 min | eta=0.1 min
[2026-08-13 13:44:17] INFO Epoch 036 | val batch=180/203 | elapsed=0.4 min | eta=0.0 min
[2026-08-13 13:44:18] INFO Epoch 036 | val batch=190/203 | elapsed=0.4 min | eta=0.0 min
[2026-08-13 13:44:19] INFO Epoch 036 | val batch=200/203 | elapsed=0.4 min | eta=0.0 min
[2026-08-13 13:44:20] INFO Epoch 036 | val batch=203/203 | elapsed=0.4 min | eta=0.0 min
[2026-08-13 13:44:20] INFO Epoch 036 | train_total=1.094633 | val_total=1.343814 | val_mask=1.009595 | val_retrieval=2.400110 | val_profile=0.942083 | val_anchors=660915 | val_positive_pairs=0 | val_hard_negatives=0 | val_relation_candidates=9654476 | val_teacher_keff=4.444 | val_student_keff=9.053 | val_masked_positions=1960251 | skipped(train/val)=0/0
[2026-08-13 13:44:20] INFO Epoch 037/050 started | train_batches=1427 | val_batches=203
[2026-08-13 13:44:20] INFO Epoch 037 | train batch=1/1427 | elapsed=0.0 min | eta=4.9 min
[2026-08-13 13:44:23] INFO Epoch 037 | train batch=10/1427 | elapsed=0.0 min | eta=6.6 min
[2026-08-13 13:44:25] INFO Epoch 037 | train batch=20/1427 | elapsed=0.1 min | eta=6.3 min
[2026-08-13 13:44:27] INFO Epoch 037 | train batch=30/1427 | elapsed=0.1 min | eta=6.0 min
[2026-08-13 13:44:30] INFO Epoch 037 | train batch=40/1427 | elapsed=0.2 min | eta=6.0 min
[2026-08-13 13:44:33] INFO Epoch 037 | train batch=50/1427 | elapsed=0.2 min | eta=6.0 min
[2026-08-13 13:44:35] INFO Epoch 037 | train batch=60/1427 | elapsed=0.3 min | eta=6.0 min
[2026-08-13 13:44:38] INFO Epoch 037 | train batch=70/1427 | elapsed=0.3 min | eta=5.8 min
[2026-08-13 13:44:40] INFO Epoch 037 | train batch=80/1427 | elapsed=0.3 min | eta=5.8 min
[2026-08-13 13:44:43] INFO Epoch 037 | train batch=90/1427 | elapsed=0.4 min | eta=5.8 min
[2026-08-13 13:44:46] INFO Epoch 037 | train batch=100/1427 | elapsed=0.4 min | eta=5.8 min
[2026-08-13 13:44:49] INFO Epoch 037 | train batch=110/1427 | elapsed=0.5 min | eta=5.7 min
[2026-08-13 13:44:51] INFO Epoch 037 | train batch=120/1427 | elapsed=0.5 min | eta=5.7 min
[2026-08-13 13:44:53] INFO Epoch 037 | train batch=130/1427 | elapsed=0.6 min | eta=5.6 min
[2026-08-13 13:44:56] INFO Epoch 037 | train batch=140/1427 | elapsed=0.6 min | eta=5.5 min
[2026-08-13 13:44:58] INFO Epoch 037 | train batch=150/1427 | elapsed=0.6 min | eta=5.5 min
[2026-08-13 13:45:01] INFO Epoch 037 | train batch=160/1427 | elapsed=0.7 min | eta=5.4 min
[2026-08-13 13:45:04] INFO Epoch 037 | train batch=170/1427 | elapsed=0.7 min | eta=5.4 min
[2026-08-13 13:45:07] INFO Epoch 037 | train batch=180/1427 | elapsed=0.8 min | eta=5.4 min
[2026-08-13 13:45:09] INFO Epoch 037 | train batch=190/1427 | elapsed=0.8 min | eta=5.4 min
[2026-08-13 13:45:12] INFO Epoch 037 | train batch=200/1427 | elapsed=0.9 min | eta=5.3 min
[2026-08-13 13:45:15] INFO Epoch 037 | train batch=210/1427 | elapsed=0.9 min | eta=5.3 min
[2026-08-13 13:45:17] INFO Epoch 037 | train batch=220/1427 | elapsed=1.0 min | eta=5.3 min
[2026-08-13 13:45:20] INFO Epoch 037 | train batch=230/1427 | elapsed=1.0 min | eta=5.2 min
[2026-08-13 13:45:23] INFO Epoch 037 | train batch=240/1427 | elapsed=1.0 min | eta=5.2 min
[2026-08-13 13:45:25] INFO Epoch 037 | train batch=250/1427 | elapsed=1.1 min | eta=5.2 min
[2026-08-13 13:45:28] INFO Epoch 037 | train batch=260/1427 | elapsed=1.1 min | eta=5.1 min
[2026-08-13 13:45:31] INFO Epoch 037 | train batch=270/1427 | elapsed=1.2 min | eta=5.1 min
[2026-08-13 13:45:33] INFO Epoch 037 | train batch=280/1427 | elapsed=1.2 min | eta=5.0 min
[2026-08-13 13:45:36] INFO Epoch 037 | train batch=290/1427 | elapsed=1.3 min | eta=5.0 min
[2026-08-13 13:45:38] INFO Epoch 037 | train batch=300/1427 | elapsed=1.3 min | eta=4.9 min
[2026-08-13 13:45:41] INFO Epoch 037 | train batch=310/1427 | elapsed=1.4 min | eta=4.9 min
[2026-08-13 13:45:44] INFO Epoch 037 | train batch=320/1427 | elapsed=1.4 min | eta=4.8 min
[2026-08-13 13:45:46] INFO Epoch 037 | train batch=330/1427 | elapsed=1.4 min | eta=4.8 min
[2026-08-13 13:45:49] INFO Epoch 037 | train batch=340/1427 | elapsed=1.5 min | eta=4.7 min
[2026-08-13 13:45:52] INFO Epoch 037 | train batch=350/1427 | elapsed=1.5 min | eta=4.7 min
[2026-08-13 13:45:54] INFO Epoch 037 | train batch=360/1427 | elapsed=1.6 min | eta=4.7 min
[2026-08-13 13:45:57] INFO Epoch 037 | train batch=370/1427 | elapsed=1.6 min | eta=4.6 min
[2026-08-13 13:45:59] INFO Epoch 037 | train batch=380/1427 | elapsed=1.7 min | eta=4.6 min
[2026-08-13 13:46:02] INFO Epoch 037 | train batch=390/1427 | elapsed=1.7 min | eta=4.5 min
[2026-08-13 13:46:04] INFO Epoch 037 | train batch=400/1427 | elapsed=1.7 min | eta=4.5 min
[2026-08-13 13:46:07] INFO Epoch 037 | train batch=410/1427 | elapsed=1.8 min | eta=4.4 min
[2026-08-13 13:46:09] INFO Epoch 037 | train batch=420/1427 | elapsed=1.8 min | eta=4.4 min
[2026-08-13 13:46:12] INFO Epoch 037 | train batch=430/1427 | elapsed=1.9 min | eta=4.3 min
[2026-08-13 13:46:14] INFO Epoch 037 | train batch=440/1427 | elapsed=1.9 min | eta=4.3 min
[2026-08-13 13:46:17] INFO Epoch 037 | train batch=450/1427 | elapsed=1.9 min | eta=4.2 min
[2026-08-13 13:46:19] INFO Epoch 037 | train batch=460/1427 | elapsed=2.0 min | eta=4.2 min
[2026-08-13 13:46:22] INFO Epoch 037 | train batch=470/1427 | elapsed=2.0 min | eta=4.1 min
[2026-08-13 13:46:25] INFO Epoch 037 | train batch=480/1427 | elapsed=2.1 min | eta=4.1 min
[2026-08-13 13:46:27] INFO Epoch 037 | train batch=490/1427 | elapsed=2.1 min | eta=4.1 min
[2026-08-13 13:46:30] INFO Epoch 037 | train batch=500/1427 | elapsed=2.2 min | eta=4.0 min
[2026-08-13 13:46:33] INFO Epoch 037 | train batch=510/1427 | elapsed=2.2 min | eta=4.0 min
[2026-08-13 13:46:35] INFO Epoch 037 | train batch=520/1427 | elapsed=2.3 min | eta=3.9 min
[2026-08-13 13:46:38] INFO Epoch 037 | train batch=530/1427 | elapsed=2.3 min | eta=3.9 min
[2026-08-13 13:46:40] INFO Epoch 037 | train batch=540/1427 | elapsed=2.3 min | eta=3.8 min
[2026-08-13 13:46:43] INFO Epoch 037 | train batch=550/1427 | elapsed=2.4 min | eta=3.8 min
[2026-08-13 13:46:45] INFO Epoch 037 | train batch=560/1427 | elapsed=2.4 min | eta=3.8 min
[2026-08-13 13:46:48] INFO Epoch 037 | train batch=570/1427 | elapsed=2.5 min | eta=3.7 min
[2026-08-13 13:46:51] INFO Epoch 037 | train batch=580/1427 | elapsed=2.5 min | eta=3.7 min
[2026-08-13 13:46:53] INFO Epoch 037 | train batch=590/1427 | elapsed=2.6 min | eta=3.6 min
[2026-08-13 13:46:56] INFO Epoch 037 | train batch=600/1427 | elapsed=2.6 min | eta=3.6 min
[2026-08-13 13:46:58] INFO Epoch 037 | train batch=610/1427 | elapsed=2.6 min | eta=3.5 min
[2026-08-13 13:47:01] INFO Epoch 037 | train batch=620/1427 | elapsed=2.7 min | eta=3.5 min
[2026-08-13 13:47:03] INFO Epoch 037 | train batch=630/1427 | elapsed=2.7 min | eta=3.4 min
[2026-08-13 13:47:06] INFO Epoch 037 | train batch=640/1427 | elapsed=2.8 min | eta=3.4 min
[2026-08-13 13:47:09] INFO Epoch 037 | train batch=650/1427 | elapsed=2.8 min | eta=3.4 min
[2026-08-13 13:47:11] INFO Epoch 037 | train batch=660/1427 | elapsed=2.9 min | eta=3.3 min
[2026-08-13 13:47:14] INFO Epoch 037 | train batch=670/1427 | elapsed=2.9 min | eta=3.3 min
[2026-08-13 13:47:16] INFO Epoch 037 | train batch=680/1427 | elapsed=2.9 min | eta=3.2 min
[2026-08-13 13:47:19] INFO Epoch 037 | train batch=690/1427 | elapsed=3.0 min | eta=3.2 min
[2026-08-13 13:47:21] INFO Epoch 037 | train batch=700/1427 | elapsed=3.0 min | eta=3.1 min
[2026-08-13 13:47:24] INFO Epoch 037 | train batch=710/1427 | elapsed=3.1 min | eta=3.1 min
[2026-08-13 13:47:27] INFO Epoch 037 | train batch=720/1427 | elapsed=3.1 min | eta=3.1 min
[2026-08-13 13:47:29] INFO Epoch 037 | train batch=730/1427 | elapsed=3.2 min | eta=3.0 min
[2026-08-13 13:47:32] INFO Epoch 037 | train batch=740/1427 | elapsed=3.2 min | eta=3.0 min
[2026-08-13 13:47:34] INFO Epoch 037 | train batch=750/1427 | elapsed=3.2 min | eta=2.9 min
[2026-08-13 13:47:37] INFO Epoch 037 | train batch=760/1427 | elapsed=3.3 min | eta=2.9 min
[2026-08-13 13:47:39] INFO Epoch 037 | train batch=770/1427 | elapsed=3.3 min | eta=2.8 min
[2026-08-13 13:47:42] INFO Epoch 037 | train batch=780/1427 | elapsed=3.4 min | eta=2.8 min
[2026-08-13 13:47:45] INFO Epoch 037 | train batch=790/1427 | elapsed=3.4 min | eta=2.8 min
[2026-08-13 13:47:47] INFO Epoch 037 | train batch=800/1427 | elapsed=3.5 min | eta=2.7 min
[2026-08-13 13:47:50] INFO Epoch 037 | train batch=810/1427 | elapsed=3.5 min | eta=2.7 min
[2026-08-13 13:47:53] INFO Epoch 037 | train batch=820/1427 | elapsed=3.5 min | eta=2.6 min
[2026-08-13 13:47:55] INFO Epoch 037 | train batch=830/1427 | elapsed=3.6 min | eta=2.6 min
[2026-08-13 13:47:58] INFO Epoch 037 | train batch=840/1427 | elapsed=3.6 min | eta=2.5 min
[2026-08-13 13:48:01] INFO Epoch 037 | train batch=850/1427 | elapsed=3.7 min | eta=2.5 min
[2026-08-13 13:48:03] INFO Epoch 037 | train batch=860/1427 | elapsed=3.7 min | eta=2.5 min
[2026-08-13 13:48:06] INFO Epoch 037 | train batch=870/1427 | elapsed=3.8 min | eta=2.4 min
[2026-08-13 13:48:09] INFO Epoch 037 | train batch=880/1427 | elapsed=3.8 min | eta=2.4 min
[2026-08-13 13:48:11] INFO Epoch 037 | train batch=890/1427 | elapsed=3.9 min | eta=2.3 min
[2026-08-13 13:48:14] INFO Epoch 037 | train batch=900/1427 | elapsed=3.9 min | eta=2.3 min
[2026-08-13 13:48:17] INFO Epoch 037 | train batch=910/1427 | elapsed=4.0 min | eta=2.2 min
[2026-08-13 13:48:19] INFO Epoch 037 | train batch=920/1427 | elapsed=4.0 min | eta=2.2 min
[2026-08-13 13:48:22] INFO Epoch 037 | train batch=930/1427 | elapsed=4.0 min | eta=2.2 min
[2026-08-13 13:48:24] INFO Epoch 037 | train batch=940/1427 | elapsed=4.1 min | eta=2.1 min
[2026-08-13 13:48:27] INFO Epoch 037 | train batch=950/1427 | elapsed=4.1 min | eta=2.1 min
[2026-08-13 13:48:30] INFO Epoch 037 | train batch=960/1427 | elapsed=4.2 min | eta=2.0 min
[2026-08-13 13:48:32] INFO Epoch 037 | train batch=970/1427 | elapsed=4.2 min | eta=2.0 min
[2026-08-13 13:48:35] INFO Epoch 037 | train batch=980/1427 | elapsed=4.3 min | eta=1.9 min
[2026-08-13 13:48:38] INFO Epoch 037 | train batch=990/1427 | elapsed=4.3 min | eta=1.9 min
[2026-08-13 13:48:40] INFO Epoch 037 | train batch=1000/1427 | elapsed=4.3 min | eta=1.9 min
[2026-08-13 13:48:43] INFO Epoch 037 | train batch=1010/1427 | elapsed=4.4 min | eta=1.8 min
[2026-08-13 13:48:45] INFO Epoch 037 | train batch=1020/1427 | elapsed=4.4 min | eta=1.8 min
[2026-08-13 13:48:47] INFO Epoch 037 | train batch=1030/1427 | elapsed=4.5 min | eta=1.7 min
[2026-08-13 13:48:50] INFO Epoch 037 | train batch=1040/1427 | elapsed=4.5 min | eta=1.7 min
[2026-08-13 13:48:53] INFO Epoch 037 | train batch=1050/1427 | elapsed=4.5 min | eta=1.6 min
[2026-08-13 13:48:55] INFO Epoch 037 | train batch=1060/1427 | elapsed=4.6 min | eta=1.6 min
[2026-08-13 13:48:58] INFO Epoch 037 | train batch=1070/1427 | elapsed=4.6 min | eta=1.5 min
[2026-08-13 13:49:01] INFO Epoch 037 | train batch=1080/1427 | elapsed=4.7 min | eta=1.5 min
[2026-08-13 13:49:03] INFO Epoch 037 | train batch=1090/1427 | elapsed=4.7 min | eta=1.5 min
[2026-08-13 13:49:06] INFO Epoch 037 | train batch=1100/1427 | elapsed=4.8 min | eta=1.4 min
[2026-08-13 13:49:08] INFO Epoch 037 | train batch=1110/1427 | elapsed=4.8 min | eta=1.4 min
[2026-08-13 13:49:11] INFO Epoch 037 | train batch=1120/1427 | elapsed=4.8 min | eta=1.3 min
[2026-08-13 13:49:13] INFO Epoch 037 | train batch=1130/1427 | elapsed=4.9 min | eta=1.3 min
[2026-08-13 13:49:16] INFO Epoch 037 | train batch=1140/1427 | elapsed=4.9 min | eta=1.2 min
[2026-08-13 13:49:18] INFO Epoch 037 | train batch=1150/1427 | elapsed=5.0 min | eta=1.2 min
[2026-08-13 13:49:21] INFO Epoch 037 | train batch=1160/1427 | elapsed=5.0 min | eta=1.2 min
[2026-08-13 13:49:23] INFO Epoch 037 | train batch=1170/1427 | elapsed=5.1 min | eta=1.1 min
[2026-08-13 13:49:26] INFO Epoch 037 | train batch=1180/1427 | elapsed=5.1 min | eta=1.1 min
[2026-08-13 13:49:29] INFO Epoch 037 | train batch=1190/1427 | elapsed=5.2 min | eta=1.0 min
[2026-08-13 13:49:31] INFO Epoch 037 | train batch=1200/1427 | elapsed=5.2 min | eta=1.0 min
[2026-08-13 13:49:34] INFO Epoch 037 | train batch=1210/1427 | elapsed=5.2 min | eta=0.9 min
[2026-08-13 13:49:37] INFO Epoch 037 | train batch=1220/1427 | elapsed=5.3 min | eta=0.9 min
[2026-08-13 13:49:39] INFO Epoch 037 | train batch=1230/1427 | elapsed=5.3 min | eta=0.9 min
[2026-08-13 13:49:42] INFO Epoch 037 | train batch=1240/1427 | elapsed=5.4 min | eta=0.8 min
[2026-08-13 13:49:44] INFO Epoch 037 | train batch=1250/1427 | elapsed=5.4 min | eta=0.8 min
[2026-08-13 13:49:47] INFO Epoch 037 | train batch=1260/1427 | elapsed=5.5 min | eta=0.7 min
[2026-08-13 13:49:49] INFO Epoch 037 | train batch=1270/1427 | elapsed=5.5 min | eta=0.7 min
[2026-08-13 13:49:52] INFO Epoch 037 | train batch=1280/1427 | elapsed=5.5 min | eta=0.6 min
[2026-08-13 13:49:54] INFO Epoch 037 | train batch=1290/1427 | elapsed=5.6 min | eta=0.6 min
[2026-08-13 13:49:57] INFO Epoch 037 | train batch=1300/1427 | elapsed=5.6 min | eta=0.5 min
[2026-08-13 13:49:59] INFO Epoch 037 | train batch=1310/1427 | elapsed=5.7 min | eta=0.5 min
[2026-08-13 13:50:02] INFO Epoch 037 | train batch=1320/1427 | elapsed=5.7 min | eta=0.5 min
[2026-08-13 13:50:05] INFO Epoch 037 | train batch=1330/1427 | elapsed=5.8 min | eta=0.4 min
[2026-08-13 13:50:08] INFO Epoch 037 | train batch=1340/1427 | elapsed=5.8 min | eta=0.4 min
[2026-08-13 13:50:10] INFO Epoch 037 | train batch=1350/1427 | elapsed=5.8 min | eta=0.3 min
[2026-08-13 13:50:13] INFO Epoch 037 | train batch=1360/1427 | elapsed=5.9 min | eta=0.3 min
[2026-08-13 13:50:16] INFO Epoch 037 | train batch=1370/1427 | elapsed=5.9 min | eta=0.2 min
[2026-08-13 13:50:19] INFO Epoch 037 | train batch=1380/1427 | elapsed=6.0 min | eta=0.2 min
[2026-08-13 13:50:21] INFO Epoch 037 | train batch=1390/1427 | elapsed=6.0 min | eta=0.2 min
[2026-08-13 13:50:24] INFO Epoch 037 | train batch=1400/1427 | elapsed=6.1 min | eta=0.1 min
[2026-08-13 13:50:27] INFO Epoch 037 | train batch=1410/1427 | elapsed=6.1 min | eta=0.1 min
[2026-08-13 13:50:29] INFO Epoch 037 | train batch=1420/1427 | elapsed=6.2 min | eta=0.0 min
[2026-08-13 13:50:31] INFO Epoch 037 | train batch=1427/1427 | elapsed=6.2 min | eta=0.0 min
[2026-08-13 13:50:31] INFO Epoch 037 | val batch=1/203 | elapsed=0.0 min | eta=0.2 min
[2026-08-13 13:50:32] INFO Epoch 037 | val batch=10/203 | elapsed=0.0 min | eta=0.4 min
[2026-08-13 13:50:33] INFO Epoch 037 | val batch=20/203 | elapsed=0.0 min | eta=0.4 min
[2026-08-13 13:50:34] INFO Epoch 037 | val batch=30/203 | elapsed=0.1 min | eta=0.4 min
[2026-08-13 13:50:36] INFO Epoch 037 | val batch=40/203 | elapsed=0.1 min | eta=0.3 min
[2026-08-13 13:50:37] INFO Epoch 037 | val batch=50/203 | elapsed=0.1 min | eta=0.3 min
[2026-08-13 13:50:38] INFO Epoch 037 | val batch=60/203 | elapsed=0.1 min | eta=0.3 min
[2026-08-13 13:50:40] INFO Epoch 037 | val batch=70/203 | elapsed=0.1 min | eta=0.3 min
[2026-08-13 13:50:41] INFO Epoch 037 | val batch=80/203 | elapsed=0.2 min | eta=0.3 min
[2026-08-13 13:50:42] INFO Epoch 037 | val batch=90/203 | elapsed=0.2 min | eta=0.2 min
[2026-08-13 13:50:43] INFO Epoch 037 | val batch=100/203 | elapsed=0.2 min | eta=0.2 min
[2026-08-13 13:50:45] INFO Epoch 037 | val batch=110/203 | elapsed=0.2 min | eta=0.2 min
[2026-08-13 13:50:46] INFO Epoch 037 | val batch=120/203 | elapsed=0.3 min | eta=0.2 min
[2026-08-13 13:50:47] INFO Epoch 037 | val batch=130/203 | elapsed=0.3 min | eta=0.2 min
[2026-08-13 13:50:48] INFO Epoch 037 | val batch=140/203 | elapsed=0.3 min | eta=0.1 min
[2026-08-13 13:50:50] INFO Epoch 037 | val batch=150/203 | elapsed=0.3 min | eta=0.1 min
[2026-08-13 13:50:51] INFO Epoch 037 | val batch=160/203 | elapsed=0.3 min | eta=0.1 min
[2026-08-13 13:50:52] INFO Epoch 037 | val batch=170/203 | elapsed=0.4 min | eta=0.1 min
[2026-08-13 13:50:54] INFO Epoch 037 | val batch=180/203 | elapsed=0.4 min | eta=0.0 min
[2026-08-13 13:50:55] INFO Epoch 037 | val batch=190/203 | elapsed=0.4 min | eta=0.0 min
[2026-08-13 13:50:56] INFO Epoch 037 | val batch=200/203 | elapsed=0.4 min | eta=0.0 min
[2026-08-13 13:50:56] INFO Epoch 037 | val batch=203/203 | elapsed=0.4 min | eta=0.0 min
[2026-08-13 13:50:56] INFO Epoch 037 | train_total=1.071628 | val_total=1.387237 | val_mask=1.056363 | val_retrieval=2.370140 | val_profile=0.938600 | val_anchors=660915 | val_positive_pairs=0 | val_hard_negatives=0 | val_relation_candidates=9654476 | val_teacher_keff=4.444 | val_student_keff=9.491 | val_masked_positions=1959598 | skipped(train/val)=0/0
[2026-08-13 13:50:56] INFO Epoch 038/050 started | train_batches=1427 | val_batches=203
[2026-08-13 13:50:57] INFO Epoch 038 | train batch=1/1427 | elapsed=0.0 min | eta=7.6 min
[2026-08-13 13:50:59] INFO Epoch 038 | train batch=10/1427 | elapsed=0.0 min | eta=6.4 min
[2026-08-13 13:51:02] INFO Epoch 038 | train batch=20/1427 | elapsed=0.1 min | eta=6.2 min
[2026-08-13 13:51:04] INFO Epoch 038 | train batch=30/1427 | elapsed=0.1 min | eta=5.9 min
[2026-08-13 13:51:07] INFO Epoch 038 | train batch=40/1427 | elapsed=0.2 min | eta=5.8 min
[2026-08-13 13:51:09] INFO Epoch 038 | train batch=50/1427 | elapsed=0.2 min | eta=6.0 min
[2026-08-13 13:51:12] INFO Epoch 038 | train batch=60/1427 | elapsed=0.3 min | eta=6.0 min
[2026-08-13 13:51:15] INFO Epoch 038 | train batch=70/1427 | elapsed=0.3 min | eta=6.0 min
[2026-08-13 13:51:17] INFO Epoch 038 | train batch=80/1427 | elapsed=0.3 min | eta=5.9 min
[2026-08-13 13:51:20] INFO Epoch 038 | train batch=90/1427 | elapsed=0.4 min | eta=5.9 min
[2026-08-13 13:51:23] INFO Epoch 038 | train batch=100/1427 | elapsed=0.4 min | eta=5.9 min
[2026-08-13 13:51:26] INFO Epoch 038 | train batch=110/1427 | elapsed=0.5 min | eta=5.9 min
[2026-08-13 13:51:29] INFO Epoch 038 | train batch=120/1427 | elapsed=0.5 min | eta=5.9 min
[2026-08-13 13:51:32] INFO Epoch 038 | train batch=130/1427 | elapsed=0.6 min | eta=5.8 min
[2026-08-13 13:51:34] INFO Epoch 038 | train batch=140/1427 | elapsed=0.6 min | eta=5.8 min
[2026-08-13 13:51:37] INFO Epoch 038 | train batch=150/1427 | elapsed=0.7 min | eta=5.7 min
[2026-08-13 13:51:39] INFO Epoch 038 | train batch=160/1427 | elapsed=0.7 min | eta=5.6 min
[2026-08-13 13:51:41] INFO Epoch 038 | train batch=170/1427 | elapsed=0.8 min | eta=5.5 min
[2026-08-13 13:51:44] INFO Epoch 038 | train batch=180/1427 | elapsed=0.8 min | eta=5.5 min
[2026-08-13 13:51:46] INFO Epoch 038 | train batch=190/1427 | elapsed=0.8 min | eta=5.4 min
[2026-08-13 13:51:49] INFO Epoch 038 | train batch=200/1427 | elapsed=0.9 min | eta=5.4 min
[2026-08-13 13:51:51] INFO Epoch 038 | train batch=210/1427 | elapsed=0.9 min | eta=5.3 min
[2026-08-13 13:51:54] INFO Epoch 038 | train batch=220/1427 | elapsed=1.0 min | eta=5.2 min
[2026-08-13 13:51:56] INFO Epoch 038 | train batch=230/1427 | elapsed=1.0 min | eta=5.2 min
[2026-08-13 13:51:59] INFO Epoch 038 | train batch=240/1427 | elapsed=1.0 min | eta=5.2 min
[2026-08-13 13:52:02] INFO Epoch 038 | train batch=250/1427 | elapsed=1.1 min | eta=5.1 min
[2026-08-13 13:52:05] INFO Epoch 038 | train batch=260/1427 | elapsed=1.1 min | eta=5.1 min
[2026-08-13 13:52:07] INFO Epoch 038 | train batch=270/1427 | elapsed=1.2 min | eta=5.1 min
[2026-08-13 13:52:10] INFO Epoch 038 | train batch=280/1427 | elapsed=1.2 min | eta=5.0 min
[2026-08-13 13:52:13] INFO Epoch 038 | train batch=290/1427 | elapsed=1.3 min | eta=5.0 min
[2026-08-13 13:52:15] INFO Epoch 038 | train batch=300/1427 | elapsed=1.3 min | eta=4.9 min
[2026-08-13 13:52:18] INFO Epoch 038 | train batch=310/1427 | elapsed=1.4 min | eta=4.9 min
[2026-08-13 13:52:21] INFO Epoch 038 | train batch=320/1427 | elapsed=1.4 min | eta=4.8 min
[2026-08-13 13:52:23] INFO Epoch 038 | train batch=330/1427 | elapsed=1.4 min | eta=4.8 min
[2026-08-13 13:52:26] INFO Epoch 038 | train batch=340/1427 | elapsed=1.5 min | eta=4.8 min
[2026-08-13 13:52:29] INFO Epoch 038 | train batch=350/1427 | elapsed=1.5 min | eta=4.7 min
[2026-08-13 13:52:31] INFO Epoch 038 | train batch=360/1427 | elapsed=1.6 min | eta=4.7 min
[2026-08-13 13:52:34] INFO Epoch 038 | train batch=370/1427 | elapsed=1.6 min | eta=4.6 min
[2026-08-13 13:52:37] INFO Epoch 038 | train batch=380/1427 | elapsed=1.7 min | eta=4.6 min
[2026-08-13 13:52:39] INFO Epoch 038 | train batch=390/1427 | elapsed=1.7 min | eta=4.6 min
[2026-08-13 13:52:42] INFO Epoch 038 | train batch=400/1427 | elapsed=1.8 min | eta=4.5 min
[2026-08-13 13:52:44] INFO Epoch 038 | train batch=410/1427 | elapsed=1.8 min | eta=4.5 min
[2026-08-13 13:52:47] INFO Epoch 038 | train batch=420/1427 | elapsed=1.8 min | eta=4.4 min
[2026-08-13 13:52:50] INFO Epoch 038 | train batch=430/1427 | elapsed=1.9 min | eta=4.4 min
[2026-08-13 13:52:52] INFO Epoch 038 | train batch=440/1427 | elapsed=1.9 min | eta=4.3 min
[2026-08-13 13:52:55] INFO Epoch 038 | train batch=450/1427 | elapsed=2.0 min | eta=4.3 min
[2026-08-13 13:52:57] INFO Epoch 038 | train batch=460/1427 | elapsed=2.0 min | eta=4.2 min
[2026-08-13 13:53:00] INFO Epoch 038 | train batch=470/1427 | elapsed=2.1 min | eta=4.2 min
[2026-08-13 13:53:02] INFO Epoch 038 | train batch=480/1427 | elapsed=2.1 min | eta=4.1 min
[2026-08-13 13:53:05] INFO Epoch 038 | train batch=490/1427 | elapsed=2.1 min | eta=4.1 min
[2026-08-13 13:53:08] INFO Epoch 038 | train batch=500/1427 | elapsed=2.2 min | eta=4.0 min
[2026-08-13 13:53:10] INFO Epoch 038 | train batch=510/1427 | elapsed=2.2 min | eta=4.0 min
[2026-08-13 13:53:13] INFO Epoch 038 | train batch=520/1427 | elapsed=2.3 min | eta=4.0 min
[2026-08-13 13:53:16] INFO Epoch 038 | train batch=530/1427 | elapsed=2.3 min | eta=3.9 min
[2026-08-13 13:53:18] INFO Epoch 038 | train batch=540/1427 | elapsed=2.4 min | eta=3.9 min
[2026-08-13 13:53:21] INFO Epoch 038 | train batch=550/1427 | elapsed=2.4 min | eta=3.8 min
[2026-08-13 13:53:24] INFO Epoch 038 | train batch=560/1427 | elapsed=2.5 min | eta=3.8 min
[2026-08-13 13:53:27] INFO Epoch 038 | train batch=570/1427 | elapsed=2.5 min | eta=3.8 min
[2026-08-13 13:53:29] INFO Epoch 038 | train batch=580/1427 | elapsed=2.5 min | eta=3.7 min
[2026-08-13 13:53:32] INFO Epoch 038 | train batch=590/1427 | elapsed=2.6 min | eta=3.7 min
[2026-08-13 13:53:34] INFO Epoch 038 | train batch=600/1427 | elapsed=2.6 min | eta=3.6 min
[2026-08-13 13:53:37] INFO Epoch 038 | train batch=610/1427 | elapsed=2.7 min | eta=3.6 min
[2026-08-13 13:53:40] INFO Epoch 038 | train batch=620/1427 | elapsed=2.7 min | eta=3.5 min
[2026-08-13 13:53:42] INFO Epoch 038 | train batch=630/1427 | elapsed=2.8 min | eta=3.5 min
[2026-08-13 13:53:45] INFO Epoch 038 | train batch=640/1427 | elapsed=2.8 min | eta=3.5 min
[2026-08-13 13:53:47] INFO Epoch 038 | train batch=650/1427 | elapsed=2.8 min | eta=3.4 min
[2026-08-13 13:53:50] INFO Epoch 038 | train batch=660/1427 | elapsed=2.9 min | eta=3.4 min
[2026-08-13 13:53:53] INFO Epoch 038 | train batch=670/1427 | elapsed=2.9 min | eta=3.3 min
[2026-08-13 13:53:55] INFO Epoch 038 | train batch=680/1427 | elapsed=3.0 min | eta=3.3 min
[2026-08-13 13:53:58] INFO Epoch 038 | train batch=690/1427 | elapsed=3.0 min | eta=3.2 min
[2026-08-13 13:54:01] INFO Epoch 038 | train batch=700/1427 | elapsed=3.1 min | eta=3.2 min
[2026-08-13 13:54:03] INFO Epoch 038 | train batch=710/1427 | elapsed=3.1 min | eta=3.1 min
[2026-08-13 13:54:06] INFO Epoch 038 | train batch=720/1427 | elapsed=3.2 min | eta=3.1 min
[2026-08-13 13:54:09] INFO Epoch 038 | train batch=730/1427 | elapsed=3.2 min | eta=3.1 min
[2026-08-13 13:54:11] INFO Epoch 038 | train batch=740/1427 | elapsed=3.2 min | eta=3.0 min
[2026-08-13 13:54:14] INFO Epoch 038 | train batch=750/1427 | elapsed=3.3 min | eta=3.0 min
[2026-08-13 13:54:16] INFO Epoch 038 | train batch=760/1427 | elapsed=3.3 min | eta=2.9 min
[2026-08-13 13:54:19] INFO Epoch 038 | train batch=770/1427 | elapsed=3.4 min | eta=2.9 min
[2026-08-13 13:54:22] INFO Epoch 038 | train batch=780/1427 | elapsed=3.4 min | eta=2.8 min
[2026-08-13 13:54:24] INFO Epoch 038 | train batch=790/1427 | elapsed=3.5 min | eta=2.8 min
[2026-08-13 13:54:27] INFO Epoch 038 | train batch=800/1427 | elapsed=3.5 min | eta=2.7 min
[2026-08-13 13:54:29] INFO Epoch 038 | train batch=810/1427 | elapsed=3.6 min | eta=2.7 min
[2026-08-13 13:54:32] INFO Epoch 038 | train batch=820/1427 | elapsed=3.6 min | eta=2.7 min
[2026-08-13 13:54:34] INFO Epoch 038 | train batch=830/1427 | elapsed=3.6 min | eta=2.6 min
[2026-08-13 13:54:37] INFO Epoch 038 | train batch=840/1427 | elapsed=3.7 min | eta=2.6 min
[2026-08-13 13:54:40] INFO Epoch 038 | train batch=850/1427 | elapsed=3.7 min | eta=2.5 min
[2026-08-13 13:54:42] INFO Epoch 038 | train batch=860/1427 | elapsed=3.8 min | eta=2.5 min
[2026-08-13 13:54:45] INFO Epoch 038 | train batch=870/1427 | elapsed=3.8 min | eta=2.4 min
[2026-08-13 13:54:48] INFO Epoch 038 | train batch=880/1427 | elapsed=3.9 min | eta=2.4 min
[2026-08-13 13:54:50] INFO Epoch 038 | train batch=890/1427 | elapsed=3.9 min | eta=2.4 min
[2026-08-13 13:54:53] INFO Epoch 038 | train batch=900/1427 | elapsed=4.0 min | eta=2.3 min
[2026-08-13 13:54:56] INFO Epoch 038 | train batch=910/1427 | elapsed=4.0 min | eta=2.3 min
[2026-08-13 13:54:58] INFO Epoch 038 | train batch=920/1427 | elapsed=4.0 min | eta=2.2 min
[2026-08-13 13:55:01] INFO Epoch 038 | train batch=930/1427 | elapsed=4.1 min | eta=2.2 min
[2026-08-13 13:55:03] INFO Epoch 038 | train batch=940/1427 | elapsed=4.1 min | eta=2.1 min
[2026-08-13 13:55:06] INFO Epoch 038 | train batch=950/1427 | elapsed=4.2 min | eta=2.1 min
[2026-08-13 13:55:08] INFO Epoch 038 | train batch=960/1427 | elapsed=4.2 min | eta=2.0 min
[2026-08-13 13:55:11] INFO Epoch 038 | train batch=970/1427 | elapsed=4.2 min | eta=2.0 min
[2026-08-13 13:55:14] INFO Epoch 038 | train batch=980/1427 | elapsed=4.3 min | eta=2.0 min
[2026-08-13 13:55:16] INFO Epoch 038 | train batch=990/1427 | elapsed=4.3 min | eta=1.9 min
[2026-08-13 13:55:19] INFO Epoch 038 | train batch=1000/1427 | elapsed=4.4 min | eta=1.9 min
[2026-08-13 13:55:22] INFO Epoch 038 | train batch=1010/1427 | elapsed=4.4 min | eta=1.8 min
[2026-08-13 13:55:25] INFO Epoch 038 | train batch=1020/1427 | elapsed=4.5 min | eta=1.8 min
[2026-08-13 13:55:27] INFO Epoch 038 | train batch=1030/1427 | elapsed=4.5 min | eta=1.7 min
[2026-08-13 13:55:30] INFO Epoch 038 | train batch=1040/1427 | elapsed=4.6 min | eta=1.7 min
[2026-08-13 13:55:32] INFO Epoch 038 | train batch=1050/1427 | elapsed=4.6 min | eta=1.7 min
[2026-08-13 13:55:35] INFO Epoch 038 | train batch=1060/1427 | elapsed=4.6 min | eta=1.6 min
[2026-08-13 13:55:37] INFO Epoch 038 | train batch=1070/1427 | elapsed=4.7 min | eta=1.6 min
[2026-08-13 13:55:40] INFO Epoch 038 | train batch=1080/1427 | elapsed=4.7 min | eta=1.5 min
[2026-08-13 13:55:42] INFO Epoch 038 | train batch=1090/1427 | elapsed=4.8 min | eta=1.5 min
[2026-08-13 13:55:45] INFO Epoch 038 | train batch=1100/1427 | elapsed=4.8 min | eta=1.4 min
[2026-08-13 13:55:48] INFO Epoch 038 | train batch=1110/1427 | elapsed=4.9 min | eta=1.4 min
[2026-08-13 13:55:50] INFO Epoch 038 | train batch=1120/1427 | elapsed=4.9 min | eta=1.3 min
[2026-08-13 13:55:53] INFO Epoch 038 | train batch=1130/1427 | elapsed=4.9 min | eta=1.3 min
[2026-08-13 13:55:55] INFO Epoch 038 | train batch=1140/1427 | elapsed=5.0 min | eta=1.3 min
[2026-08-13 13:55:57] INFO Epoch 038 | train batch=1150/1427 | elapsed=5.0 min | eta=1.2 min
[2026-08-13 13:56:00] INFO Epoch 038 | train batch=1160/1427 | elapsed=5.1 min | eta=1.2 min
[2026-08-13 13:56:03] INFO Epoch 038 | train batch=1170/1427 | elapsed=5.1 min | eta=1.1 min
[2026-08-13 13:56:05] INFO Epoch 038 | train batch=1180/1427 | elapsed=5.1 min | eta=1.1 min
[2026-08-13 13:56:08] INFO Epoch 038 | train batch=1190/1427 | elapsed=5.2 min | eta=1.0 min
[2026-08-13 13:56:10] INFO Epoch 038 | train batch=1200/1427 | elapsed=5.2 min | eta=1.0 min
[2026-08-13 13:56:13] INFO Epoch 038 | train batch=1210/1427 | elapsed=5.3 min | eta=0.9 min
[2026-08-13 13:56:15] INFO Epoch 038 | train batch=1220/1427 | elapsed=5.3 min | eta=0.9 min
[2026-08-13 13:56:17] INFO Epoch 038 | train batch=1230/1427 | elapsed=5.3 min | eta=0.9 min
[2026-08-13 13:56:20] INFO Epoch 038 | train batch=1240/1427 | elapsed=5.4 min | eta=0.8 min
[2026-08-13 13:56:23] INFO Epoch 038 | train batch=1250/1427 | elapsed=5.4 min | eta=0.8 min
[2026-08-13 13:56:25] INFO Epoch 038 | train batch=1260/1427 | elapsed=5.5 min | eta=0.7 min
[2026-08-13 13:56:28] INFO Epoch 038 | train batch=1270/1427 | elapsed=5.5 min | eta=0.7 min
[2026-08-13 13:56:30] INFO Epoch 038 | train batch=1280/1427 | elapsed=5.6 min | eta=0.6 min
[2026-08-13 13:56:33] INFO Epoch 038 | train batch=1290/1427 | elapsed=5.6 min | eta=0.6 min
[2026-08-13 13:56:35] INFO Epoch 038 | train batch=1300/1427 | elapsed=5.6 min | eta=0.6 min
[2026-08-13 13:56:38] INFO Epoch 038 | train batch=1310/1427 | elapsed=5.7 min | eta=0.5 min
[2026-08-13 13:56:40] INFO Epoch 038 | train batch=1320/1427 | elapsed=5.7 min | eta=0.5 min
[2026-08-13 13:56:43] INFO Epoch 038 | train batch=1330/1427 | elapsed=5.8 min | eta=0.4 min
[2026-08-13 13:56:46] INFO Epoch 038 | train batch=1340/1427 | elapsed=5.8 min | eta=0.4 min
[2026-08-13 13:56:48] INFO Epoch 038 | train batch=1350/1427 | elapsed=5.9 min | eta=0.3 min
[2026-08-13 13:56:51] INFO Epoch 038 | train batch=1360/1427 | elapsed=5.9 min | eta=0.3 min
[2026-08-13 13:56:53] INFO Epoch 038 | train batch=1370/1427 | elapsed=5.9 min | eta=0.2 min
[2026-08-13 13:56:56] INFO Epoch 038 | train batch=1380/1427 | elapsed=6.0 min | eta=0.2 min
[2026-08-13 13:56:58] INFO Epoch 038 | train batch=1390/1427 | elapsed=6.0 min | eta=0.2 min
[2026-08-13 13:57:01] INFO Epoch 038 | train batch=1400/1427 | elapsed=6.1 min | eta=0.1 min
[2026-08-13 13:57:03] INFO Epoch 038 | train batch=1410/1427 | elapsed=6.1 min | eta=0.1 min
[2026-08-13 13:57:06] INFO Epoch 038 | train batch=1420/1427 | elapsed=6.2 min | eta=0.0 min
[2026-08-13 13:57:07] INFO Epoch 038 | train batch=1427/1427 | elapsed=6.2 min | eta=0.0 min
[2026-08-13 13:57:08] INFO Epoch 038 | val batch=1/203 | elapsed=0.0 min | eta=0.3 min
[2026-08-13 13:57:09] INFO Epoch 038 | val batch=10/203 | elapsed=0.0 min | eta=0.4 min
[2026-08-13 13:57:10] INFO Epoch 038 | val batch=20/203 | elapsed=0.0 min | eta=0.4 min
[2026-08-13 13:57:11] INFO Epoch 038 | val batch=30/203 | elapsed=0.1 min | eta=0.4 min
[2026-08-13 13:57:13] INFO Epoch 038 | val batch=40/203 | elapsed=0.1 min | eta=0.3 min
[2026-08-13 13:57:14] INFO Epoch 038 | val batch=50/203 | elapsed=0.1 min | eta=0.3 min
[2026-08-13 13:57:15] INFO Epoch 038 | val batch=60/203 | elapsed=0.1 min | eta=0.3 min
[2026-08-13 13:57:16] INFO Epoch 038 | val batch=70/203 | elapsed=0.1 min | eta=0.3 min
[2026-08-13 13:57:18] INFO Epoch 038 | val batch=80/203 | elapsed=0.2 min | eta=0.3 min
[2026-08-13 13:57:19] INFO Epoch 038 | val batch=90/203 | elapsed=0.2 min | eta=0.2 min
[2026-08-13 13:57:20] INFO Epoch 038 | val batch=100/203 | elapsed=0.2 min | eta=0.2 min
[2026-08-13 13:57:22] INFO Epoch 038 | val batch=110/203 | elapsed=0.2 min | eta=0.2 min
[2026-08-13 13:57:23] INFO Epoch 038 | val batch=120/203 | elapsed=0.3 min | eta=0.2 min
[2026-08-13 13:57:24] INFO Epoch 038 | val batch=130/203 | elapsed=0.3 min | eta=0.2 min
[2026-08-13 13:57:25] INFO Epoch 038 | val batch=140/203 | elapsed=0.3 min | eta=0.1 min
[2026-08-13 13:57:27] INFO Epoch 038 | val batch=150/203 | elapsed=0.3 min | eta=0.1 min
[2026-08-13 13:57:28] INFO Epoch 038 | val batch=160/203 | elapsed=0.3 min | eta=0.1 min
[2026-08-13 13:57:29] INFO Epoch 038 | val batch=170/203 | elapsed=0.4 min | eta=0.1 min
[2026-08-13 13:57:30] INFO Epoch 038 | val batch=180/203 | elapsed=0.4 min | eta=0.0 min
[2026-08-13 13:57:32] INFO Epoch 038 | val batch=190/203 | elapsed=0.4 min | eta=0.0 min
[2026-08-13 13:57:33] INFO Epoch 038 | val batch=200/203 | elapsed=0.4 min | eta=0.0 min
[2026-08-13 13:57:33] INFO Epoch 038 | val batch=203/203 | elapsed=0.4 min | eta=0.0 min
[2026-08-13 13:57:33] INFO Epoch 038 | train_total=1.004071 | val_total=1.110024 | val_mask=0.778392 | val_retrieval=2.370102 | val_profile=0.946221 | val_anchors=660915 | val_positive_pairs=0 | val_hard_negatives=0 | val_relation_candidates=9654476 | val_teacher_keff=4.444 | val_student_keff=9.273 | val_masked_positions=1959970 | skipped(train/val)=0/0
[2026-08-13 13:57:33] INFO Epoch 039/050 started | train_batches=1427 | val_batches=203
[2026-08-13 13:57:34] INFO Epoch 039 | train batch=1/1427 | elapsed=0.0 min | eta=7.2 min
[2026-08-13 13:57:36] INFO Epoch 039 | train batch=10/1427 | elapsed=0.0 min | eta=6.6 min
[2026-08-13 13:57:39] INFO Epoch 039 | train batch=20/1427 | elapsed=0.1 min | eta=6.7 min
[2026-08-13 13:57:41] INFO Epoch 039 | train batch=30/1427 | elapsed=0.1 min | eta=6.3 min
[2026-08-13 13:57:44] INFO Epoch 039 | train batch=40/1427 | elapsed=0.2 min | eta=6.3 min
[2026-08-13 13:57:47] INFO Epoch 039 | train batch=50/1427 | elapsed=0.2 min | eta=6.1 min
[2026-08-13 13:57:49] INFO Epoch 039 | train batch=60/1427 | elapsed=0.3 min | eta=5.9 min
[2026-08-13 13:57:52] INFO Epoch 039 | train batch=70/1427 | elapsed=0.3 min | eta=6.0 min
[2026-08-13 13:57:54] INFO Epoch 039 | train batch=80/1427 | elapsed=0.4 min | eta=5.9 min
[2026-08-13 13:57:57] INFO Epoch 039 | train batch=90/1427 | elapsed=0.4 min | eta=5.9 min
[2026-08-13 13:58:00] INFO Epoch 039 | train batch=100/1427 | elapsed=0.4 min | eta=5.8 min
[2026-08-13 13:58:02] INFO Epoch 039 | train batch=110/1427 | elapsed=0.5 min | eta=5.8 min
[2026-08-13 13:58:05] INFO Epoch 039 | train batch=120/1427 | elapsed=0.5 min | eta=5.8 min
[2026-08-13 13:58:08] INFO Epoch 039 | train batch=130/1427 | elapsed=0.6 min | eta=5.7 min
[2026-08-13 13:58:10] INFO Epoch 039 | train batch=140/1427 | elapsed=0.6 min | eta=5.7 min
[2026-08-13 13:58:13] INFO Epoch 039 | train batch=150/1427 | elapsed=0.7 min | eta=5.7 min
[2026-08-13 13:58:16] INFO Epoch 039 | train batch=160/1427 | elapsed=0.7 min | eta=5.6 min
[2026-08-13 13:58:18] INFO Epoch 039 | train batch=170/1427 | elapsed=0.8 min | eta=5.6 min
[2026-08-13 13:58:21] INFO Epoch 039 | train batch=180/1427 | elapsed=0.8 min | eta=5.5 min
[2026-08-13 13:58:24] INFO Epoch 039 | train batch=190/1427 | elapsed=0.8 min | eta=5.5 min
[2026-08-13 13:58:26] INFO Epoch 039 | train batch=200/1427 | elapsed=0.9 min | eta=5.4 min
[2026-08-13 13:58:29] INFO Epoch 039 | train batch=210/1427 | elapsed=0.9 min | eta=5.4 min
[2026-08-13 13:58:32] INFO Epoch 039 | train batch=220/1427 | elapsed=1.0 min | eta=5.4 min
[2026-08-13 13:58:35] INFO Epoch 039 | train batch=230/1427 | elapsed=1.0 min | eta=5.3 min
[2026-08-13 13:58:37] INFO Epoch 039 | train batch=240/1427 | elapsed=1.1 min | eta=5.3 min
[2026-08-13 13:58:40] INFO Epoch 039 | train batch=250/1427 | elapsed=1.1 min | eta=5.2 min
[2026-08-13 13:58:43] INFO Epoch 039 | train batch=260/1427 | elapsed=1.2 min | eta=5.2 min
[2026-08-13 13:58:45] INFO Epoch 039 | train batch=270/1427 | elapsed=1.2 min | eta=5.1 min
[2026-08-13 13:58:48] INFO Epoch 039 | train batch=280/1427 | elapsed=1.2 min | eta=5.1 min
[2026-08-13 13:58:51] INFO Epoch 039 | train batch=290/1427 | elapsed=1.3 min | eta=5.1 min
[2026-08-13 13:58:54] INFO Epoch 039 | train batch=300/1427 | elapsed=1.3 min | eta=5.0 min
[2026-08-13 13:58:56] INFO Epoch 039 | train batch=310/1427 | elapsed=1.4 min | eta=5.0 min
[2026-08-13 13:58:59] INFO Epoch 039 | train batch=320/1427 | elapsed=1.4 min | eta=4.9 min
[2026-08-13 13:59:01] INFO Epoch 039 | train batch=330/1427 | elapsed=1.5 min | eta=4.9 min
[2026-08-13 13:59:04] INFO Epoch 039 | train batch=340/1427 | elapsed=1.5 min | eta=4.8 min
[2026-08-13 13:59:07] INFO Epoch 039 | train batch=350/1427 | elapsed=1.6 min | eta=4.8 min
[2026-08-13 13:59:09] INFO Epoch 039 | train batch=360/1427 | elapsed=1.6 min | eta=4.7 min
[2026-08-13 13:59:12] INFO Epoch 039 | train batch=370/1427 | elapsed=1.6 min | eta=4.7 min
[2026-08-13 13:59:15] INFO Epoch 039 | train batch=380/1427 | elapsed=1.7 min | eta=4.7 min
[2026-08-13 13:59:17] INFO Epoch 039 | train batch=390/1427 | elapsed=1.7 min | eta=4.6 min
[2026-08-13 13:59:20] INFO Epoch 039 | train batch=400/1427 | elapsed=1.8 min | eta=4.6 min
[2026-08-13 13:59:22] INFO Epoch 039 | train batch=410/1427 | elapsed=1.8 min | eta=4.5 min
[2026-08-13 13:59:25] INFO Epoch 039 | train batch=420/1427 | elapsed=1.9 min | eta=4.4 min
[2026-08-13 13:59:27] INFO Epoch 039 | train batch=430/1427 | elapsed=1.9 min | eta=4.4 min
[2026-08-13 13:59:30] INFO Epoch 039 | train batch=440/1427 | elapsed=1.9 min | eta=4.4 min
[2026-08-13 13:59:33] INFO Epoch 039 | train batch=450/1427 | elapsed=2.0 min | eta=4.3 min
[2026-08-13 13:59:35] INFO Epoch 039 | train batch=460/1427 | elapsed=2.0 min | eta=4.3 min
[2026-08-13 13:59:38] INFO Epoch 039 | train batch=470/1427 | elapsed=2.1 min | eta=4.2 min
[2026-08-13 13:59:41] INFO Epoch 039 | train batch=480/1427 | elapsed=2.1 min | eta=4.2 min
[2026-08-13 13:59:44] INFO Epoch 039 | train batch=490/1427 | elapsed=2.2 min | eta=4.2 min
[2026-08-13 13:59:46] INFO Epoch 039 | train batch=500/1427 | elapsed=2.2 min | eta=4.1 min
[2026-08-13 13:59:48] INFO Epoch 039 | train batch=510/1427 | elapsed=2.3 min | eta=4.0 min
[2026-08-13 13:59:51] INFO Epoch 039 | train batch=520/1427 | elapsed=2.3 min | eta=4.0 min
[2026-08-13 13:59:53] INFO Epoch 039 | train batch=530/1427 | elapsed=2.3 min | eta=4.0 min
[2026-08-13 13:59:56] INFO Epoch 039 | train batch=540/1427 | elapsed=2.4 min | eta=3.9 min
[2026-08-13 13:59:59] INFO Epoch 039 | train batch=550/1427 | elapsed=2.4 min | eta=3.9 min
[2026-08-13 14:00:02] INFO Epoch 039 | train batch=560/1427 | elapsed=2.5 min | eta=3.8 min
[2026-08-13 14:00:04] INFO Epoch 039 | train batch=570/1427 | elapsed=2.5 min | eta=3.8 min
[2026-08-13 14:00:07] INFO Epoch 039 | train batch=580/1427 | elapsed=2.6 min | eta=3.7 min
[2026-08-13 14:00:09] INFO Epoch 039 | train batch=590/1427 | elapsed=2.6 min | eta=3.7 min
[2026-08-13 14:00:12] INFO Epoch 039 | train batch=600/1427 | elapsed=2.6 min | eta=3.6 min
[2026-08-13 14:00:14] INFO Epoch 039 | train batch=610/1427 | elapsed=2.7 min | eta=3.6 min
[2026-08-13 14:00:17] INFO Epoch 039 | train batch=620/1427 | elapsed=2.7 min | eta=3.5 min
[2026-08-13 14:00:19] INFO Epoch 039 | train batch=630/1427 | elapsed=2.8 min | eta=3.5 min
[2026-08-13 14:00:22] INFO Epoch 039 | train batch=640/1427 | elapsed=2.8 min | eta=3.5 min
[2026-08-13 14:00:25] INFO Epoch 039 | train batch=650/1427 | elapsed=2.9 min | eta=3.4 min
[2026-08-13 14:00:27] INFO Epoch 039 | train batch=660/1427 | elapsed=2.9 min | eta=3.4 min
[2026-08-13 14:00:30] INFO Epoch 039 | train batch=670/1427 | elapsed=2.9 min | eta=3.3 min
[2026-08-13 14:00:33] INFO Epoch 039 | train batch=680/1427 | elapsed=3.0 min | eta=3.3 min
[2026-08-13 14:00:35] INFO Epoch 039 | train batch=690/1427 | elapsed=3.0 min | eta=3.2 min
[2026-08-13 14:00:38] INFO Epoch 039 | train batch=700/1427 | elapsed=3.1 min | eta=3.2 min
[2026-08-13 14:00:40] INFO Epoch 039 | train batch=710/1427 | elapsed=3.1 min | eta=3.1 min
[2026-08-13 14:00:43] INFO Epoch 039 | train batch=720/1427 | elapsed=3.2 min | eta=3.1 min
[2026-08-13 14:00:46] INFO Epoch 039 | train batch=730/1427 | elapsed=3.2 min | eta=3.1 min
[2026-08-13 14:00:48] INFO Epoch 039 | train batch=740/1427 | elapsed=3.2 min | eta=3.0 min
[2026-08-13 14:00:51] INFO Epoch 039 | train batch=750/1427 | elapsed=3.3 min | eta=3.0 min
[2026-08-13 14:00:53] INFO Epoch 039 | train batch=760/1427 | elapsed=3.3 min | eta=2.9 min
[2026-08-13 14:00:56] INFO Epoch 039 | train batch=770/1427 | elapsed=3.4 min | eta=2.9 min
[2026-08-13 14:00:58] INFO Epoch 039 | train batch=780/1427 | elapsed=3.4 min | eta=2.8 min
[2026-08-13 14:01:01] INFO Epoch 039 | train batch=790/1427 | elapsed=3.5 min | eta=2.8 min
[2026-08-13 14:01:04] INFO Epoch 039 | train batch=800/1427 | elapsed=3.5 min | eta=2.7 min
[2026-08-13 14:01:06] INFO Epoch 039 | train batch=810/1427 | elapsed=3.5 min | eta=2.7 min
[2026-08-13 14:01:09] INFO Epoch 039 | train batch=820/1427 | elapsed=3.6 min | eta=2.7 min
[2026-08-13 14:01:11] INFO Epoch 039 | train batch=830/1427 | elapsed=3.6 min | eta=2.6 min
[2026-08-13 14:01:14] INFO Epoch 039 | train batch=840/1427 | elapsed=3.7 min | eta=2.6 min
[2026-08-13 14:01:17] INFO Epoch 039 | train batch=850/1427 | elapsed=3.7 min | eta=2.5 min
[2026-08-13 14:01:19] INFO Epoch 039 | train batch=860/1427 | elapsed=3.8 min | eta=2.5 min
[2026-08-13 14:01:22] INFO Epoch 039 | train batch=870/1427 | elapsed=3.8 min | eta=2.4 min
[2026-08-13 14:01:24] INFO Epoch 039 | train batch=880/1427 | elapsed=3.8 min | eta=2.4 min
[2026-08-13 14:01:27] INFO Epoch 039 | train batch=890/1427 | elapsed=3.9 min | eta=2.4 min
[2026-08-13 14:01:30] INFO Epoch 039 | train batch=900/1427 | elapsed=3.9 min | eta=2.3 min
[2026-08-13 14:01:32] INFO Epoch 039 | train batch=910/1427 | elapsed=4.0 min | eta=2.3 min
[2026-08-13 14:01:34] INFO Epoch 039 | train batch=920/1427 | elapsed=4.0 min | eta=2.2 min
[2026-08-13 14:01:37] INFO Epoch 039 | train batch=930/1427 | elapsed=4.1 min | eta=2.2 min
[2026-08-13 14:01:40] INFO Epoch 039 | train batch=940/1427 | elapsed=4.1 min | eta=2.1 min
[2026-08-13 14:01:43] INFO Epoch 039 | train batch=950/1427 | elapsed=4.2 min | eta=2.1 min
[2026-08-13 14:01:45] INFO Epoch 039 | train batch=960/1427 | elapsed=4.2 min | eta=2.0 min
[2026-08-13 14:01:48] INFO Epoch 039 | train batch=970/1427 | elapsed=4.2 min | eta=2.0 min
[2026-08-13 14:01:51] INFO Epoch 039 | train batch=980/1427 | elapsed=4.3 min | eta=2.0 min
[2026-08-13 14:01:53] INFO Epoch 039 | train batch=990/1427 | elapsed=4.3 min | eta=1.9 min
[2026-08-13 14:01:56] INFO Epoch 039 | train batch=1000/1427 | elapsed=4.4 min | eta=1.9 min
[2026-08-13 14:01:58] INFO Epoch 039 | train batch=1010/1427 | elapsed=4.4 min | eta=1.8 min
[2026-08-13 14:02:01] INFO Epoch 039 | train batch=1020/1427 | elapsed=4.5 min | eta=1.8 min
[2026-08-13 14:02:04] INFO Epoch 039 | train batch=1030/1427 | elapsed=4.5 min | eta=1.7 min
[2026-08-13 14:02:06] INFO Epoch 039 | train batch=1040/1427 | elapsed=4.5 min | eta=1.7 min
[2026-08-13 14:02:09] INFO Epoch 039 | train batch=1050/1427 | elapsed=4.6 min | eta=1.6 min
[2026-08-13 14:02:12] INFO Epoch 039 | train batch=1060/1427 | elapsed=4.6 min | eta=1.6 min
[2026-08-13 14:02:14] INFO Epoch 039 | train batch=1070/1427 | elapsed=4.7 min | eta=1.6 min
[2026-08-13 14:02:16] INFO Epoch 039 | train batch=1080/1427 | elapsed=4.7 min | eta=1.5 min
[2026-08-13 14:02:19] INFO Epoch 039 | train batch=1090/1427 | elapsed=4.8 min | eta=1.5 min
[2026-08-13 14:02:22] INFO Epoch 039 | train batch=1100/1427 | elapsed=4.8 min | eta=1.4 min
[2026-08-13 14:02:24] INFO Epoch 039 | train batch=1110/1427 | elapsed=4.8 min | eta=1.4 min
[2026-08-13 14:02:27] INFO Epoch 039 | train batch=1120/1427 | elapsed=4.9 min | eta=1.3 min
[2026-08-13 14:02:30] INFO Epoch 039 | train batch=1130/1427 | elapsed=4.9 min | eta=1.3 min
[2026-08-13 14:02:32] INFO Epoch 039 | train batch=1140/1427 | elapsed=5.0 min | eta=1.3 min
[2026-08-13 14:02:35] INFO Epoch 039 | train batch=1150/1427 | elapsed=5.0 min | eta=1.2 min
[2026-08-13 14:02:37] INFO Epoch 039 | train batch=1160/1427 | elapsed=5.1 min | eta=1.2 min
[2026-08-13 14:02:40] INFO Epoch 039 | train batch=1170/1427 | elapsed=5.1 min | eta=1.1 min
[2026-08-13 14:02:43] INFO Epoch 039 | train batch=1180/1427 | elapsed=5.2 min | eta=1.1 min
[2026-08-13 14:02:46] INFO Epoch 039 | train batch=1190/1427 | elapsed=5.2 min | eta=1.0 min
[2026-08-13 14:02:48] INFO Epoch 039 | train batch=1200/1427 | elapsed=5.2 min | eta=1.0 min
[2026-08-13 14:02:51] INFO Epoch 039 | train batch=1210/1427 | elapsed=5.3 min | eta=0.9 min
[2026-08-13 14:02:53] INFO Epoch 039 | train batch=1220/1427 | elapsed=5.3 min | eta=0.9 min
[2026-08-13 14:02:56] INFO Epoch 039 | train batch=1230/1427 | elapsed=5.4 min | eta=0.9 min
[2026-08-13 14:02:58] INFO Epoch 039 | train batch=1240/1427 | elapsed=5.4 min | eta=0.8 min
[2026-08-13 14:03:01] INFO Epoch 039 | train batch=1250/1427 | elapsed=5.5 min | eta=0.8 min
[2026-08-13 14:03:04] INFO Epoch 039 | train batch=1260/1427 | elapsed=5.5 min | eta=0.7 min
[2026-08-13 14:03:06] INFO Epoch 039 | train batch=1270/1427 | elapsed=5.6 min | eta=0.7 min
[2026-08-13 14:03:09] INFO Epoch 039 | train batch=1280/1427 | elapsed=5.6 min | eta=0.6 min
[2026-08-13 14:03:12] INFO Epoch 039 | train batch=1290/1427 | elapsed=5.6 min | eta=0.6 min
[2026-08-13 14:03:14] INFO Epoch 039 | train batch=1300/1427 | elapsed=5.7 min | eta=0.6 min
[2026-08-13 14:03:17] INFO Epoch 039 | train batch=1310/1427 | elapsed=5.7 min | eta=0.5 min
[2026-08-13 14:03:20] INFO Epoch 039 | train batch=1320/1427 | elapsed=5.8 min | eta=0.5 min
[2026-08-13 14:03:22] INFO Epoch 039 | train batch=1330/1427 | elapsed=5.8 min | eta=0.4 min
[2026-08-13 14:03:25] INFO Epoch 039 | train batch=1340/1427 | elapsed=5.9 min | eta=0.4 min
[2026-08-13 14:03:27] INFO Epoch 039 | train batch=1350/1427 | elapsed=5.9 min | eta=0.3 min
[2026-08-13 14:03:30] INFO Epoch 039 | train batch=1360/1427 | elapsed=5.9 min | eta=0.3 min
[2026-08-13 14:03:32] INFO Epoch 039 | train batch=1370/1427 | elapsed=6.0 min | eta=0.2 min
[2026-08-13 14:03:35] INFO Epoch 039 | train batch=1380/1427 | elapsed=6.0 min | eta=0.2 min
[2026-08-13 14:03:37] INFO Epoch 039 | train batch=1390/1427 | elapsed=6.1 min | eta=0.2 min
[2026-08-13 14:03:40] INFO Epoch 039 | train batch=1400/1427 | elapsed=6.1 min | eta=0.1 min
[2026-08-13 14:03:42] INFO Epoch 039 | train batch=1410/1427 | elapsed=6.1 min | eta=0.1 min
[2026-08-13 14:03:45] INFO Epoch 039 | train batch=1420/1427 | elapsed=6.2 min | eta=0.0 min
[2026-08-13 14:03:46] INFO Epoch 039 | train batch=1427/1427 | elapsed=6.2 min | eta=0.0 min
[2026-08-13 14:03:46] INFO Epoch 039 | val batch=1/203 | elapsed=0.0 min | eta=0.2 min
[2026-08-13 14:03:48] INFO Epoch 039 | val batch=10/203 | elapsed=0.0 min | eta=0.4 min
[2026-08-13 14:03:49] INFO Epoch 039 | val batch=20/203 | elapsed=0.0 min | eta=0.4 min
[2026-08-13 14:03:50] INFO Epoch 039 | val batch=30/203 | elapsed=0.1 min | eta=0.4 min
[2026-08-13 14:03:51] INFO Epoch 039 | val batch=40/203 | elapsed=0.1 min | eta=0.3 min
[2026-08-13 14:03:53] INFO Epoch 039 | val batch=50/203 | elapsed=0.1 min | eta=0.3 min
[2026-08-13 14:03:54] INFO Epoch 039 | val batch=60/203 | elapsed=0.1 min | eta=0.3 min
[2026-08-13 14:03:55] INFO Epoch 039 | val batch=70/203 | elapsed=0.1 min | eta=0.3 min
[2026-08-13 14:03:56] INFO Epoch 039 | val batch=80/203 | elapsed=0.2 min | eta=0.3 min
[2026-08-13 14:03:58] INFO Epoch 039 | val batch=90/203 | elapsed=0.2 min | eta=0.2 min
[2026-08-13 14:03:59] INFO Epoch 039 | val batch=100/203 | elapsed=0.2 min | eta=0.2 min
[2026-08-13 14:04:00] INFO Epoch 039 | val batch=110/203 | elapsed=0.2 min | eta=0.2 min
[2026-08-13 14:04:02] INFO Epoch 039 | val batch=120/203 | elapsed=0.3 min | eta=0.2 min
[2026-08-13 14:04:03] INFO Epoch 039 | val batch=130/203 | elapsed=0.3 min | eta=0.2 min
[2026-08-13 14:04:04] INFO Epoch 039 | val batch=140/203 | elapsed=0.3 min | eta=0.1 min
[2026-08-13 14:04:05] INFO Epoch 039 | val batch=150/203 | elapsed=0.3 min | eta=0.1 min
[2026-08-13 14:04:07] INFO Epoch 039 | val batch=160/203 | elapsed=0.3 min | eta=0.1 min
[2026-08-13 14:04:08] INFO Epoch 039 | val batch=170/203 | elapsed=0.4 min | eta=0.1 min
[2026-08-13 14:04:09] INFO Epoch 039 | val batch=180/203 | elapsed=0.4 min | eta=0.0 min
[2026-08-13 14:04:11] INFO Epoch 039 | val batch=190/203 | elapsed=0.4 min | eta=0.0 min
[2026-08-13 14:04:12] INFO Epoch 039 | val batch=200/203 | elapsed=0.4 min | eta=0.0 min
[2026-08-13 14:04:12] INFO Epoch 039 | val batch=203/203 | elapsed=0.4 min | eta=0.0 min
[2026-08-13 14:04:12] INFO Epoch 039 | train_total=1.079528 | val_total=0.909762 | val_mask=0.579164 | val_retrieval=2.367453 | val_profile=0.938527 | val_anchors=660915 | val_positive_pairs=0 | val_hard_negatives=0 | val_relation_candidates=9654476 | val_teacher_keff=4.444 | val_student_keff=9.498 | val_masked_positions=1959068 | skipped(train/val)=0/0
[2026-08-13 14:04:12] INFO Relation checkpoint updated | epoch=39 | best_val_relation=2.367453 | path=C:\Users\clw\projects\researchRep\STAnchor-BlockMemory\artifacts\metrla_e5_final_sym_profile_local12_seed42\pretrain_best_relation.pt
[2026-08-13 14:04:12] INFO Epoch 040/050 started | train_batches=1427 | val_batches=203
[2026-08-13 14:04:12] INFO Epoch 040 | train batch=1/1427 | elapsed=0.0 min | eta=7.4 min
[2026-08-13 14:04:15] INFO Epoch 040 | train batch=10/1427 | elapsed=0.0 min | eta=7.0 min
[2026-08-13 14:04:18] INFO Epoch 040 | train batch=20/1427 | elapsed=0.1 min | eta=6.4 min
[2026-08-13 14:04:21] INFO Epoch 040 | train batch=30/1427 | elapsed=0.1 min | eta=6.5 min
[2026-08-13 14:04:23] INFO Epoch 040 | train batch=40/1427 | elapsed=0.2 min | eta=6.4 min
[2026-08-13 14:04:26] INFO Epoch 040 | train batch=50/1427 | elapsed=0.2 min | eta=6.3 min
[2026-08-13 14:04:29] INFO Epoch 040 | train batch=60/1427 | elapsed=0.3 min | eta=6.2 min
[2026-08-13 14:04:31] INFO Epoch 040 | train batch=70/1427 | elapsed=0.3 min | eta=6.1 min
[2026-08-13 14:04:34] INFO Epoch 040 | train batch=80/1427 | elapsed=0.4 min | eta=6.0 min
[2026-08-13 14:04:36] INFO Epoch 040 | train batch=90/1427 | elapsed=0.4 min | eta=6.0 min
[2026-08-13 14:04:39] INFO Epoch 040 | train batch=100/1427 | elapsed=0.4 min | eta=5.9 min
[2026-08-13 14:04:41] INFO Epoch 040 | train batch=110/1427 | elapsed=0.5 min | eta=5.8 min
[2026-08-13 14:04:44] INFO Epoch 040 | train batch=120/1427 | elapsed=0.5 min | eta=5.8 min
[2026-08-13 14:04:46] INFO Epoch 040 | train batch=130/1427 | elapsed=0.6 min | eta=5.7 min
[2026-08-13 14:04:49] INFO Epoch 040 | train batch=140/1427 | elapsed=0.6 min | eta=5.6 min
[2026-08-13 14:04:51] INFO Epoch 040 | train batch=150/1427 | elapsed=0.7 min | eta=5.5 min
[2026-08-13 14:04:54] INFO Epoch 040 | train batch=160/1427 | elapsed=0.7 min | eta=5.5 min
[2026-08-13 14:04:57] INFO Epoch 040 | train batch=170/1427 | elapsed=0.7 min | eta=5.5 min
[2026-08-13 14:04:59] INFO Epoch 040 | train batch=180/1427 | elapsed=0.8 min | eta=5.5 min
[2026-08-13 14:05:02] INFO Epoch 040 | train batch=190/1427 | elapsed=0.8 min | eta=5.4 min
[2026-08-13 14:05:05] INFO Epoch 040 | train batch=200/1427 | elapsed=0.9 min | eta=5.4 min
[2026-08-13 14:05:07] INFO Epoch 040 | train batch=210/1427 | elapsed=0.9 min | eta=5.3 min
[2026-08-13 14:05:10] INFO Epoch 040 | train batch=220/1427 | elapsed=1.0 min | eta=5.3 min
[2026-08-13 14:05:12] INFO Epoch 040 | train batch=230/1427 | elapsed=1.0 min | eta=5.2 min
[2026-08-13 14:05:15] INFO Epoch 040 | train batch=240/1427 | elapsed=1.0 min | eta=5.2 min
[2026-08-13 14:05:17] INFO Epoch 040 | train batch=250/1427 | elapsed=1.1 min | eta=5.1 min
[2026-08-13 14:05:20] INFO Epoch 040 | train batch=260/1427 | elapsed=1.1 min | eta=5.1 min
[2026-08-13 14:05:22] INFO Epoch 040 | train batch=270/1427 | elapsed=1.2 min | eta=5.0 min
[2026-08-13 14:05:25] INFO Epoch 040 | train batch=280/1427 | elapsed=1.2 min | eta=5.0 min
[2026-08-13 14:05:28] INFO Epoch 040 | train batch=290/1427 | elapsed=1.3 min | eta=4.9 min
[2026-08-13 14:05:30] INFO Epoch 040 | train batch=300/1427 | elapsed=1.3 min | eta=4.9 min
[2026-08-13 14:05:33] INFO Epoch 040 | train batch=310/1427 | elapsed=1.4 min | eta=4.9 min
[2026-08-13 14:05:36] INFO Epoch 040 | train batch=320/1427 | elapsed=1.4 min | eta=4.8 min
[2026-08-13 14:05:38] INFO Epoch 040 | train batch=330/1427 | elapsed=1.4 min | eta=4.8 min
[2026-08-13 14:05:41] INFO Epoch 040 | train batch=340/1427 | elapsed=1.5 min | eta=4.7 min
[2026-08-13 14:05:44] INFO Epoch 040 | train batch=350/1427 | elapsed=1.5 min | eta=4.7 min
[2026-08-13 14:05:46] INFO Epoch 040 | train batch=360/1427 | elapsed=1.6 min | eta=4.7 min
[2026-08-13 14:05:49] INFO Epoch 040 | train batch=370/1427 | elapsed=1.6 min | eta=4.6 min
[2026-08-13 14:05:51] INFO Epoch 040 | train batch=380/1427 | elapsed=1.7 min | eta=4.6 min
[2026-08-13 14:05:54] INFO Epoch 040 | train batch=390/1427 | elapsed=1.7 min | eta=4.5 min
[2026-08-13 14:05:57] INFO Epoch 040 | train batch=400/1427 | elapsed=1.7 min | eta=4.5 min
[2026-08-13 14:06:00] INFO Epoch 040 | train batch=410/1427 | elapsed=1.8 min | eta=4.4 min
[2026-08-13 14:06:02] INFO Epoch 040 | train batch=420/1427 | elapsed=1.8 min | eta=4.4 min
[2026-08-13 14:06:05] INFO Epoch 040 | train batch=430/1427 | elapsed=1.9 min | eta=4.4 min
[2026-08-13 14:06:07] INFO Epoch 040 | train batch=440/1427 | elapsed=1.9 min | eta=4.3 min
[2026-08-13 14:06:10] INFO Epoch 040 | train batch=450/1427 | elapsed=2.0 min | eta=4.2 min
[2026-08-13 14:06:12] INFO Epoch 040 | train batch=460/1427 | elapsed=2.0 min | eta=4.2 min
[2026-08-13 14:06:15] INFO Epoch 040 | train batch=470/1427 | elapsed=2.0 min | eta=4.2 min
[2026-08-13 14:06:17] INFO Epoch 040 | train batch=480/1427 | elapsed=2.1 min | eta=4.1 min
[2026-08-13 14:06:20] INFO Epoch 040 | train batch=490/1427 | elapsed=2.1 min | eta=4.1 min
[2026-08-13 14:06:23] INFO Epoch 040 | train batch=500/1427 | elapsed=2.2 min | eta=4.0 min
[2026-08-13 14:06:26] INFO Epoch 040 | train batch=510/1427 | elapsed=2.2 min | eta=4.0 min
[2026-08-13 14:06:28] INFO Epoch 040 | train batch=520/1427 | elapsed=2.3 min | eta=4.0 min
[2026-08-13 14:06:31] INFO Epoch 040 | train batch=530/1427 | elapsed=2.3 min | eta=3.9 min
[2026-08-13 14:06:33] INFO Epoch 040 | train batch=540/1427 | elapsed=2.4 min | eta=3.9 min
[2026-08-13 14:06:36] INFO Epoch 040 | train batch=550/1427 | elapsed=2.4 min | eta=3.8 min
[2026-08-13 14:06:39] INFO Epoch 040 | train batch=560/1427 | elapsed=2.4 min | eta=3.8 min
[2026-08-13 14:06:41] INFO Epoch 040 | train batch=570/1427 | elapsed=2.5 min | eta=3.7 min
[2026-08-13 14:06:44] INFO Epoch 040 | train batch=580/1427 | elapsed=2.5 min | eta=3.7 min
[2026-08-13 14:06:46] INFO Epoch 040 | train batch=590/1427 | elapsed=2.6 min | eta=3.6 min
[2026-08-13 14:06:49] INFO Epoch 040 | train batch=600/1427 | elapsed=2.6 min | eta=3.6 min
[2026-08-13 14:06:51] INFO Epoch 040 | train batch=610/1427 | elapsed=2.7 min | eta=3.5 min
[2026-08-13 14:06:54] INFO Epoch 040 | train batch=620/1427 | elapsed=2.7 min | eta=3.5 min
[2026-08-13 14:06:57] INFO Epoch 040 | train batch=630/1427 | elapsed=2.7 min | eta=3.5 min
[2026-08-13 14:07:00] INFO Epoch 040 | train batch=640/1427 | elapsed=2.8 min | eta=3.4 min
[2026-08-13 14:07:02] INFO Epoch 040 | train batch=650/1427 | elapsed=2.8 min | eta=3.4 min
[2026-08-13 14:07:05] INFO Epoch 040 | train batch=660/1427 | elapsed=2.9 min | eta=3.3 min
[2026-08-13 14:07:08] INFO Epoch 040 | train batch=670/1427 | elapsed=2.9 min | eta=3.3 min
[2026-08-13 14:07:10] INFO Epoch 040 | train batch=680/1427 | elapsed=3.0 min | eta=3.3 min
[2026-08-13 14:07:13] INFO Epoch 040 | train batch=690/1427 | elapsed=3.0 min | eta=3.2 min
[2026-08-13 14:07:15] INFO Epoch 040 | train batch=700/1427 | elapsed=3.1 min | eta=3.2 min
[2026-08-13 14:07:18] INFO Epoch 040 | train batch=710/1427 | elapsed=3.1 min | eta=3.1 min
[2026-08-13 14:07:20] INFO Epoch 040 | train batch=720/1427 | elapsed=3.1 min | eta=3.1 min
[2026-08-13 14:07:23] INFO Epoch 040 | train batch=730/1427 | elapsed=3.2 min | eta=3.0 min
[2026-08-13 14:07:26] INFO Epoch 040 | train batch=740/1427 | elapsed=3.2 min | eta=3.0 min
[2026-08-13 14:07:28] INFO Epoch 040 | train batch=750/1427 | elapsed=3.3 min | eta=2.9 min
[2026-08-13 14:07:31] INFO Epoch 040 | train batch=760/1427 | elapsed=3.3 min | eta=2.9 min
[2026-08-13 14:07:33] INFO Epoch 040 | train batch=770/1427 | elapsed=3.4 min | eta=2.9 min
[2026-08-13 14:07:36] INFO Epoch 040 | train batch=780/1427 | elapsed=3.4 min | eta=2.8 min
[2026-08-13 14:07:38] INFO Epoch 040 | train batch=790/1427 | elapsed=3.4 min | eta=2.8 min
[2026-08-13 14:07:41] INFO Epoch 040 | train batch=800/1427 | elapsed=3.5 min | eta=2.7 min
[2026-08-13 14:07:43] INFO Epoch 040 | train batch=810/1427 | elapsed=3.5 min | eta=2.7 min
[2026-08-13 14:07:46] INFO Epoch 040 | train batch=820/1427 | elapsed=3.6 min | eta=2.6 min
[2026-08-13 14:07:48] INFO Epoch 040 | train batch=830/1427 | elapsed=3.6 min | eta=2.6 min
[2026-08-13 14:07:51] INFO Epoch 040 | train batch=840/1427 | elapsed=3.6 min | eta=2.6 min
[2026-08-13 14:07:54] INFO Epoch 040 | train batch=850/1427 | elapsed=3.7 min | eta=2.5 min
[2026-08-13 14:07:56] INFO Epoch 040 | train batch=860/1427 | elapsed=3.7 min | eta=2.5 min
[2026-08-13 14:07:59] INFO Epoch 040 | train batch=870/1427 | elapsed=3.8 min | eta=2.4 min
[2026-08-13 14:08:01] INFO Epoch 040 | train batch=880/1427 | elapsed=3.8 min | eta=2.4 min
[2026-08-13 14:08:04] INFO Epoch 040 | train batch=890/1427 | elapsed=3.9 min | eta=2.3 min
[2026-08-13 14:08:07] INFO Epoch 040 | train batch=900/1427 | elapsed=3.9 min | eta=2.3 min
[2026-08-13 14:08:09] INFO Epoch 040 | train batch=910/1427 | elapsed=4.0 min | eta=2.2 min
[2026-08-13 14:08:12] INFO Epoch 040 | train batch=920/1427 | elapsed=4.0 min | eta=2.2 min
[2026-08-13 14:08:14] INFO Epoch 040 | train batch=930/1427 | elapsed=4.0 min | eta=2.2 min
[2026-08-13 14:08:17] INFO Epoch 040 | train batch=940/1427 | elapsed=4.1 min | eta=2.1 min
[2026-08-13 14:08:20] INFO Epoch 040 | train batch=950/1427 | elapsed=4.1 min | eta=2.1 min
[2026-08-13 14:08:22] INFO Epoch 040 | train batch=960/1427 | elapsed=4.2 min | eta=2.0 min
[2026-08-13 14:08:25] INFO Epoch 040 | train batch=970/1427 | elapsed=4.2 min | eta=2.0 min
[2026-08-13 14:08:28] INFO Epoch 040 | train batch=980/1427 | elapsed=4.3 min | eta=1.9 min
[2026-08-13 14:08:30] INFO Epoch 040 | train batch=990/1427 | elapsed=4.3 min | eta=1.9 min
[2026-08-13 14:08:33] INFO Epoch 040 | train batch=1000/1427 | elapsed=4.3 min | eta=1.9 min
[2026-08-13 14:08:35] INFO Epoch 040 | train batch=1010/1427 | elapsed=4.4 min | eta=1.8 min
[2026-08-13 14:08:38] INFO Epoch 040 | train batch=1020/1427 | elapsed=4.4 min | eta=1.8 min
[2026-08-13 14:08:40] INFO Epoch 040 | train batch=1030/1427 | elapsed=4.5 min | eta=1.7 min
[2026-08-13 14:08:43] INFO Epoch 040 | train batch=1040/1427 | elapsed=4.5 min | eta=1.7 min
[2026-08-13 14:08:46] INFO Epoch 040 | train batch=1050/1427 | elapsed=4.6 min | eta=1.6 min
[2026-08-13 14:08:48] INFO Epoch 040 | train batch=1060/1427 | elapsed=4.6 min | eta=1.6 min
[2026-08-13 14:08:51] INFO Epoch 040 | train batch=1070/1427 | elapsed=4.6 min | eta=1.5 min
[2026-08-13 14:08:53] INFO Epoch 040 | train batch=1080/1427 | elapsed=4.7 min | eta=1.5 min
[2026-08-13 14:08:56] INFO Epoch 040 | train batch=1090/1427 | elapsed=4.7 min | eta=1.5 min
[2026-08-13 14:08:58] INFO Epoch 040 | train batch=1100/1427 | elapsed=4.8 min | eta=1.4 min
[2026-08-13 14:09:01] INFO Epoch 040 | train batch=1110/1427 | elapsed=4.8 min | eta=1.4 min
[2026-08-13 14:09:04] INFO Epoch 040 | train batch=1120/1427 | elapsed=4.9 min | eta=1.3 min
[2026-08-13 14:09:06] INFO Epoch 040 | train batch=1130/1427 | elapsed=4.9 min | eta=1.3 min
[2026-08-13 14:09:09] INFO Epoch 040 | train batch=1140/1427 | elapsed=4.9 min | eta=1.2 min
[2026-08-13 14:09:11] INFO Epoch 040 | train batch=1150/1427 | elapsed=5.0 min | eta=1.2 min
[2026-08-13 14:09:14] INFO Epoch 040 | train batch=1160/1427 | elapsed=5.0 min | eta=1.2 min
[2026-08-13 14:09:17] INFO Epoch 040 | train batch=1170/1427 | elapsed=5.1 min | eta=1.1 min
[2026-08-13 14:09:19] INFO Epoch 040 | train batch=1180/1427 | elapsed=5.1 min | eta=1.1 min
[2026-08-13 14:09:22] INFO Epoch 040 | train batch=1190/1427 | elapsed=5.2 min | eta=1.0 min
[2026-08-13 14:09:24] INFO Epoch 040 | train batch=1200/1427 | elapsed=5.2 min | eta=1.0 min
[2026-08-13 14:09:27] INFO Epoch 040 | train batch=1210/1427 | elapsed=5.2 min | eta=0.9 min
[2026-08-13 14:09:30] INFO Epoch 040 | train batch=1220/1427 | elapsed=5.3 min | eta=0.9 min
[2026-08-13 14:09:33] INFO Epoch 040 | train batch=1230/1427 | elapsed=5.3 min | eta=0.9 min
[2026-08-13 14:09:35] INFO Epoch 040 | train batch=1240/1427 | elapsed=5.4 min | eta=0.8 min
[2026-08-13 14:09:38] INFO Epoch 040 | train batch=1250/1427 | elapsed=5.4 min | eta=0.8 min
[2026-08-13 14:09:40] INFO Epoch 040 | train batch=1260/1427 | elapsed=5.5 min | eta=0.7 min
[2026-08-13 14:09:43] INFO Epoch 040 | train batch=1270/1427 | elapsed=5.5 min | eta=0.7 min
[2026-08-13 14:09:45] INFO Epoch 040 | train batch=1280/1427 | elapsed=5.6 min | eta=0.6 min
[2026-08-13 14:09:48] INFO Epoch 040 | train batch=1290/1427 | elapsed=5.6 min | eta=0.6 min
[2026-08-13 14:09:50] INFO Epoch 040 | train batch=1300/1427 | elapsed=5.6 min | eta=0.6 min
[2026-08-13 14:09:53] INFO Epoch 040 | train batch=1310/1427 | elapsed=5.7 min | eta=0.5 min
[2026-08-13 14:09:56] INFO Epoch 040 | train batch=1320/1427 | elapsed=5.7 min | eta=0.5 min
[2026-08-13 14:09:59] INFO Epoch 040 | train batch=1330/1427 | elapsed=5.8 min | eta=0.4 min
[2026-08-13 14:10:01] INFO Epoch 040 | train batch=1340/1427 | elapsed=5.8 min | eta=0.4 min
[2026-08-13 14:10:04] INFO Epoch 040 | train batch=1350/1427 | elapsed=5.9 min | eta=0.3 min
[2026-08-13 14:10:07] INFO Epoch 040 | train batch=1360/1427 | elapsed=5.9 min | eta=0.3 min
[2026-08-13 14:10:09] INFO Epoch 040 | train batch=1370/1427 | elapsed=5.9 min | eta=0.2 min
[2026-08-13 14:10:12] INFO Epoch 040 | train batch=1380/1427 | elapsed=6.0 min | eta=0.2 min
[2026-08-13 14:10:14] INFO Epoch 040 | train batch=1390/1427 | elapsed=6.0 min | eta=0.2 min
[2026-08-13 14:10:17] INFO Epoch 040 | train batch=1400/1427 | elapsed=6.1 min | eta=0.1 min
[2026-08-13 14:10:20] INFO Epoch 040 | train batch=1410/1427 | elapsed=6.1 min | eta=0.1 min
[2026-08-13 14:10:22] INFO Epoch 040 | train batch=1420/1427 | elapsed=6.2 min | eta=0.0 min
[2026-08-13 14:10:24] INFO Epoch 040 | train batch=1427/1427 | elapsed=6.2 min | eta=0.0 min
[2026-08-13 14:10:24] INFO Epoch 040 | val batch=1/203 | elapsed=0.0 min | eta=0.2 min
[2026-08-13 14:10:25] INFO Epoch 040 | val batch=10/203 | elapsed=0.0 min | eta=0.4 min
[2026-08-13 14:10:26] INFO Epoch 040 | val batch=20/203 | elapsed=0.0 min | eta=0.4 min
[2026-08-13 14:10:28] INFO Epoch 040 | val batch=30/203 | elapsed=0.1 min | eta=0.4 min
[2026-08-13 14:10:29] INFO Epoch 040 | val batch=40/203 | elapsed=0.1 min | eta=0.3 min
[2026-08-13 14:10:30] INFO Epoch 040 | val batch=50/203 | elapsed=0.1 min | eta=0.3 min
[2026-08-13 14:10:32] INFO Epoch 040 | val batch=60/203 | elapsed=0.1 min | eta=0.3 min
[2026-08-13 14:10:33] INFO Epoch 040 | val batch=70/203 | elapsed=0.1 min | eta=0.3 min
[2026-08-13 14:10:34] INFO Epoch 040 | val batch=80/203 | elapsed=0.2 min | eta=0.3 min
[2026-08-13 14:10:35] INFO Epoch 040 | val batch=90/203 | elapsed=0.2 min | eta=0.2 min
[2026-08-13 14:10:37] INFO Epoch 040 | val batch=100/203 | elapsed=0.2 min | eta=0.2 min
[2026-08-13 14:10:38] INFO Epoch 040 | val batch=110/203 | elapsed=0.2 min | eta=0.2 min
[2026-08-13 14:10:39] INFO Epoch 040 | val batch=120/203 | elapsed=0.3 min | eta=0.2 min
[2026-08-13 14:10:40] INFO Epoch 040 | val batch=130/203 | elapsed=0.3 min | eta=0.2 min
[2026-08-13 14:10:42] INFO Epoch 040 | val batch=140/203 | elapsed=0.3 min | eta=0.1 min
[2026-08-13 14:10:43] INFO Epoch 040 | val batch=150/203 | elapsed=0.3 min | eta=0.1 min
[2026-08-13 14:10:44] INFO Epoch 040 | val batch=160/203 | elapsed=0.3 min | eta=0.1 min
[2026-08-13 14:10:45] INFO Epoch 040 | val batch=170/203 | elapsed=0.4 min | eta=0.1 min
[2026-08-13 14:10:47] INFO Epoch 040 | val batch=180/203 | elapsed=0.4 min | eta=0.0 min
[2026-08-13 14:10:48] INFO Epoch 040 | val batch=190/203 | elapsed=0.4 min | eta=0.0 min
[2026-08-13 14:10:49] INFO Epoch 040 | val batch=200/203 | elapsed=0.4 min | eta=0.0 min
[2026-08-13 14:10:50] INFO Epoch 040 | val batch=203/203 | elapsed=0.4 min | eta=0.0 min
[2026-08-13 14:10:50] INFO Epoch 040 | train_total=1.025288 | val_total=1.224206 | val_mask=0.893173 | val_retrieval=2.370569 | val_profile=0.939755 | val_anchors=660915 | val_positive_pairs=0 | val_hard_negatives=0 | val_relation_candidates=9654476 | val_teacher_keff=4.444 | val_student_keff=9.263 | val_masked_positions=1960294 | skipped(train/val)=0/0
[2026-08-13 14:10:50] INFO Epoch 041/050 started | train_batches=1427 | val_batches=203
[2026-08-13 14:10:50] INFO Epoch 041 | train batch=1/1427 | elapsed=0.0 min | eta=5.0 min
[2026-08-13 14:10:52] INFO Epoch 041 | train batch=10/1427 | elapsed=0.0 min | eta=6.1 min
[2026-08-13 14:10:55] INFO Epoch 041 | train batch=20/1427 | elapsed=0.1 min | eta=5.9 min
[2026-08-13 14:10:57] INFO Epoch 041 | train batch=30/1427 | elapsed=0.1 min | eta=6.0 min
[2026-08-13 14:11:00] INFO Epoch 041 | train batch=40/1427 | elapsed=0.2 min | eta=5.8 min
[2026-08-13 14:11:02] INFO Epoch 041 | train batch=50/1427 | elapsed=0.2 min | eta=5.7 min
[2026-08-13 14:11:05] INFO Epoch 041 | train batch=60/1427 | elapsed=0.2 min | eta=5.7 min
[2026-08-13 14:11:07] INFO Epoch 041 | train batch=70/1427 | elapsed=0.3 min | eta=5.7 min
[2026-08-13 14:11:10] INFO Epoch 041 | train batch=80/1427 | elapsed=0.3 min | eta=5.7 min
[2026-08-13 14:11:12] INFO Epoch 041 | train batch=90/1427 | elapsed=0.4 min | eta=5.7 min
[2026-08-13 14:11:15] INFO Epoch 041 | train batch=100/1427 | elapsed=0.4 min | eta=5.6 min
[2026-08-13 14:11:18] INFO Epoch 041 | train batch=110/1427 | elapsed=0.5 min | eta=5.6 min
[2026-08-13 14:11:20] INFO Epoch 041 | train batch=120/1427 | elapsed=0.5 min | eta=5.6 min
[2026-08-13 14:11:23] INFO Epoch 041 | train batch=130/1427 | elapsed=0.6 min | eta=5.6 min
[2026-08-13 14:11:26] INFO Epoch 041 | train batch=140/1427 | elapsed=0.6 min | eta=5.5 min
[2026-08-13 14:11:29] INFO Epoch 041 | train batch=150/1427 | elapsed=0.6 min | eta=5.5 min
[2026-08-13 14:11:31] INFO Epoch 041 | train batch=160/1427 | elapsed=0.7 min | eta=5.5 min
[2026-08-13 14:11:34] INFO Epoch 041 | train batch=170/1427 | elapsed=0.7 min | eta=5.5 min
[2026-08-13 14:11:37] INFO Epoch 041 | train batch=180/1427 | elapsed=0.8 min | eta=5.4 min
[2026-08-13 14:11:39] INFO Epoch 041 | train batch=190/1427 | elapsed=0.8 min | eta=5.4 min
[2026-08-13 14:11:42] INFO Epoch 041 | train batch=200/1427 | elapsed=0.9 min | eta=5.3 min
[2026-08-13 14:11:45] INFO Epoch 041 | train batch=210/1427 | elapsed=0.9 min | eta=5.3 min
[2026-08-13 14:11:47] INFO Epoch 041 | train batch=220/1427 | elapsed=1.0 min | eta=5.2 min
[2026-08-13 14:11:49] INFO Epoch 041 | train batch=230/1427 | elapsed=1.0 min | eta=5.2 min
[2026-08-13 14:11:52] INFO Epoch 041 | train batch=240/1427 | elapsed=1.0 min | eta=5.2 min
[2026-08-13 14:11:55] INFO Epoch 041 | train batch=250/1427 | elapsed=1.1 min | eta=5.1 min
[2026-08-13 14:11:57] INFO Epoch 041 | train batch=260/1427 | elapsed=1.1 min | eta=5.1 min
[2026-08-13 14:12:00] INFO Epoch 041 | train batch=270/1427 | elapsed=1.2 min | eta=5.0 min
[2026-08-13 14:12:03] INFO Epoch 041 | train batch=280/1427 | elapsed=1.2 min | eta=5.0 min
[2026-08-13 14:12:05] INFO Epoch 041 | train batch=290/1427 | elapsed=1.3 min | eta=4.9 min
[2026-08-13 14:12:08] INFO Epoch 041 | train batch=300/1427 | elapsed=1.3 min | eta=4.9 min
[2026-08-13 14:12:10] INFO Epoch 041 | train batch=310/1427 | elapsed=1.3 min | eta=4.9 min
[2026-08-13 14:12:13] INFO Epoch 041 | train batch=320/1427 | elapsed=1.4 min | eta=4.8 min
[2026-08-13 14:12:16] INFO Epoch 041 | train batch=330/1427 | elapsed=1.4 min | eta=4.8 min
[2026-08-13 14:12:18] INFO Epoch 041 | train batch=340/1427 | elapsed=1.5 min | eta=4.7 min
[2026-08-13 14:12:21] INFO Epoch 041 | train batch=350/1427 | elapsed=1.5 min | eta=4.7 min
[2026-08-13 14:12:23] INFO Epoch 041 | train batch=360/1427 | elapsed=1.6 min | eta=4.6 min
[2026-08-13 14:12:26] INFO Epoch 041 | train batch=370/1427 | elapsed=1.6 min | eta=4.6 min
[2026-08-13 14:12:29] INFO Epoch 041 | train batch=380/1427 | elapsed=1.6 min | eta=4.5 min
[2026-08-13 14:12:31] INFO Epoch 041 | train batch=390/1427 | elapsed=1.7 min | eta=4.5 min
[2026-08-13 14:12:34] INFO Epoch 041 | train batch=400/1427 | elapsed=1.7 min | eta=4.5 min
[2026-08-13 14:12:36] INFO Epoch 041 | train batch=410/1427 | elapsed=1.8 min | eta=4.4 min
[2026-08-13 14:12:39] INFO Epoch 041 | train batch=420/1427 | elapsed=1.8 min | eta=4.4 min
[2026-08-13 14:12:42] INFO Epoch 041 | train batch=430/1427 | elapsed=1.9 min | eta=4.3 min
[2026-08-13 14:12:44] INFO Epoch 041 | train batch=440/1427 | elapsed=1.9 min | eta=4.3 min
[2026-08-13 14:12:47] INFO Epoch 041 | train batch=450/1427 | elapsed=2.0 min | eta=4.2 min
[2026-08-13 14:12:50] INFO Epoch 041 | train batch=460/1427 | elapsed=2.0 min | eta=4.2 min
[2026-08-13 14:12:52] INFO Epoch 041 | train batch=470/1427 | elapsed=2.0 min | eta=4.2 min
[2026-08-13 14:12:54] INFO Epoch 041 | train batch=480/1427 | elapsed=2.1 min | eta=4.1 min
[2026-08-13 14:12:57] INFO Epoch 041 | train batch=490/1427 | elapsed=2.1 min | eta=4.1 min
[2026-08-13 14:13:00] INFO Epoch 041 | train batch=500/1427 | elapsed=2.2 min | eta=4.0 min
[2026-08-13 14:13:02] INFO Epoch 041 | train batch=510/1427 | elapsed=2.2 min | eta=4.0 min
[2026-08-13 14:13:05] INFO Epoch 041 | train batch=520/1427 | elapsed=2.3 min | eta=3.9 min
[2026-08-13 14:13:08] INFO Epoch 041 | train batch=530/1427 | elapsed=2.3 min | eta=3.9 min
[2026-08-13 14:13:10] INFO Epoch 041 | train batch=540/1427 | elapsed=2.3 min | eta=3.9 min
[2026-08-13 14:13:13] INFO Epoch 041 | train batch=550/1427 | elapsed=2.4 min | eta=3.8 min
[2026-08-13 14:13:16] INFO Epoch 041 | train batch=560/1427 | elapsed=2.4 min | eta=3.8 min
[2026-08-13 14:13:18] INFO Epoch 041 | train batch=570/1427 | elapsed=2.5 min | eta=3.7 min
[2026-08-13 14:13:21] INFO Epoch 041 | train batch=580/1427 | elapsed=2.5 min | eta=3.7 min
[2026-08-13 14:13:23] INFO Epoch 041 | train batch=590/1427 | elapsed=2.6 min | eta=3.6 min
[2026-08-13 14:13:26] INFO Epoch 041 | train batch=600/1427 | elapsed=2.6 min | eta=3.6 min
[2026-08-13 14:13:28] INFO Epoch 041 | train batch=610/1427 | elapsed=2.6 min | eta=3.5 min
[2026-08-13 14:13:31] INFO Epoch 041 | train batch=620/1427 | elapsed=2.7 min | eta=3.5 min
[2026-08-13 14:13:34] INFO Epoch 041 | train batch=630/1427 | elapsed=2.7 min | eta=3.5 min
[2026-08-13 14:13:36] INFO Epoch 041 | train batch=640/1427 | elapsed=2.8 min | eta=3.4 min
[2026-08-13 14:13:39] INFO Epoch 041 | train batch=650/1427 | elapsed=2.8 min | eta=3.4 min
[2026-08-13 14:13:41] INFO Epoch 041 | train batch=660/1427 | elapsed=2.9 min | eta=3.3 min
[2026-08-13 14:13:44] INFO Epoch 041 | train batch=670/1427 | elapsed=2.9 min | eta=3.3 min
[2026-08-13 14:13:46] INFO Epoch 041 | train batch=680/1427 | elapsed=2.9 min | eta=3.2 min
[2026-08-13 14:13:49] INFO Epoch 041 | train batch=690/1427 | elapsed=3.0 min | eta=3.2 min
[2026-08-13 14:13:52] INFO Epoch 041 | train batch=700/1427 | elapsed=3.0 min | eta=3.2 min
[2026-08-13 14:13:54] INFO Epoch 041 | train batch=710/1427 | elapsed=3.1 min | eta=3.1 min
[2026-08-13 14:13:57] INFO Epoch 041 | train batch=720/1427 | elapsed=3.1 min | eta=3.1 min
[2026-08-13 14:14:00] INFO Epoch 041 | train batch=730/1427 | elapsed=3.2 min | eta=3.0 min
[2026-08-13 14:14:02] INFO Epoch 041 | train batch=740/1427 | elapsed=3.2 min | eta=3.0 min
[2026-08-13 14:14:05] INFO Epoch 041 | train batch=750/1427 | elapsed=3.3 min | eta=2.9 min
[2026-08-13 14:14:07] INFO Epoch 041 | train batch=760/1427 | elapsed=3.3 min | eta=2.9 min
[2026-08-13 14:14:10] INFO Epoch 041 | train batch=770/1427 | elapsed=3.3 min | eta=2.8 min
[2026-08-13 14:14:13] INFO Epoch 041 | train batch=780/1427 | elapsed=3.4 min | eta=2.8 min
[2026-08-13 14:14:15] INFO Epoch 041 | train batch=790/1427 | elapsed=3.4 min | eta=2.8 min
[2026-08-13 14:14:18] INFO Epoch 041 | train batch=800/1427 | elapsed=3.5 min | eta=2.7 min
[2026-08-13 14:14:21] INFO Epoch 041 | train batch=810/1427 | elapsed=3.5 min | eta=2.7 min
[2026-08-13 14:14:23] INFO Epoch 041 | train batch=820/1427 | elapsed=3.6 min | eta=2.6 min
[2026-08-13 14:14:25] INFO Epoch 041 | train batch=830/1427 | elapsed=3.6 min | eta=2.6 min
[2026-08-13 14:14:28] INFO Epoch 041 | train batch=840/1427 | elapsed=3.6 min | eta=2.5 min
[2026-08-13 14:14:31] INFO Epoch 041 | train batch=850/1427 | elapsed=3.7 min | eta=2.5 min
[2026-08-13 14:14:33] INFO Epoch 041 | train batch=860/1427 | elapsed=3.7 min | eta=2.5 min
[2026-08-13 14:14:36] INFO Epoch 041 | train batch=870/1427 | elapsed=3.8 min | eta=2.4 min
[2026-08-13 14:14:39] INFO Epoch 041 | train batch=880/1427 | elapsed=3.8 min | eta=2.4 min
[2026-08-13 14:14:41] INFO Epoch 041 | train batch=890/1427 | elapsed=3.9 min | eta=2.3 min
[2026-08-13 14:14:44] INFO Epoch 041 | train batch=900/1427 | elapsed=3.9 min | eta=2.3 min
[2026-08-13 14:14:46] INFO Epoch 041 | train batch=910/1427 | elapsed=3.9 min | eta=2.2 min
[2026-08-13 14:14:49] INFO Epoch 041 | train batch=920/1427 | elapsed=4.0 min | eta=2.2 min
[2026-08-13 14:14:52] INFO Epoch 041 | train batch=930/1427 | elapsed=4.0 min | eta=2.2 min
[2026-08-13 14:14:55] INFO Epoch 041 | train batch=940/1427 | elapsed=4.1 min | eta=2.1 min
[2026-08-13 14:14:57] INFO Epoch 041 | train batch=950/1427 | elapsed=4.1 min | eta=2.1 min
[2026-08-13 14:15:00] INFO Epoch 041 | train batch=960/1427 | elapsed=4.2 min | eta=2.0 min
[2026-08-13 14:15:02] INFO Epoch 041 | train batch=970/1427 | elapsed=4.2 min | eta=2.0 min
[2026-08-13 14:15:05] INFO Epoch 041 | train batch=980/1427 | elapsed=4.2 min | eta=1.9 min
[2026-08-13 14:15:07] INFO Epoch 041 | train batch=990/1427 | elapsed=4.3 min | eta=1.9 min
[2026-08-13 14:15:10] INFO Epoch 041 | train batch=1000/1427 | elapsed=4.3 min | eta=1.9 min
[2026-08-13 14:15:12] INFO Epoch 041 | train batch=1010/1427 | elapsed=4.4 min | eta=1.8 min
[2026-08-13 14:15:15] INFO Epoch 041 | train batch=1020/1427 | elapsed=4.4 min | eta=1.8 min
[2026-08-13 14:15:17] INFO Epoch 041 | train batch=1030/1427 | elapsed=4.5 min | eta=1.7 min
[2026-08-13 14:15:20] INFO Epoch 041 | train batch=1040/1427 | elapsed=4.5 min | eta=1.7 min
[2026-08-13 14:15:23] INFO Epoch 041 | train batch=1050/1427 | elapsed=4.5 min | eta=1.6 min
[2026-08-13 14:15:25] INFO Epoch 041 | train batch=1060/1427 | elapsed=4.6 min | eta=1.6 min
[2026-08-13 14:15:28] INFO Epoch 041 | train batch=1070/1427 | elapsed=4.6 min | eta=1.5 min
[2026-08-13 14:15:31] INFO Epoch 041 | train batch=1080/1427 | elapsed=4.7 min | eta=1.5 min
[2026-08-13 14:15:33] INFO Epoch 041 | train batch=1090/1427 | elapsed=4.7 min | eta=1.5 min
[2026-08-13 14:15:36] INFO Epoch 041 | train batch=1100/1427 | elapsed=4.8 min | eta=1.4 min
[2026-08-13 14:15:39] INFO Epoch 041 | train batch=1110/1427 | elapsed=4.8 min | eta=1.4 min
[2026-08-13 14:15:41] INFO Epoch 041 | train batch=1120/1427 | elapsed=4.9 min | eta=1.3 min
[2026-08-13 14:15:44] INFO Epoch 041 | train batch=1130/1427 | elapsed=4.9 min | eta=1.3 min
[2026-08-13 14:15:47] INFO Epoch 041 | train batch=1140/1427 | elapsed=4.9 min | eta=1.2 min
[2026-08-13 14:15:49] INFO Epoch 041 | train batch=1150/1427 | elapsed=5.0 min | eta=1.2 min
[2026-08-13 14:15:52] INFO Epoch 041 | train batch=1160/1427 | elapsed=5.0 min | eta=1.2 min
[2026-08-13 14:15:55] INFO Epoch 041 | train batch=1170/1427 | elapsed=5.1 min | eta=1.1 min
[2026-08-13 14:15:57] INFO Epoch 041 | train batch=1180/1427 | elapsed=5.1 min | eta=1.1 min
[2026-08-13 14:16:00] INFO Epoch 041 | train batch=1190/1427 | elapsed=5.2 min | eta=1.0 min
[2026-08-13 14:16:03] INFO Epoch 041 | train batch=1200/1427 | elapsed=5.2 min | eta=1.0 min
[2026-08-13 14:16:05] INFO Epoch 041 | train batch=1210/1427 | elapsed=5.3 min | eta=0.9 min
[2026-08-13 14:16:08] INFO Epoch 041 | train batch=1220/1427 | elapsed=5.3 min | eta=0.9 min
[2026-08-13 14:16:11] INFO Epoch 041 | train batch=1230/1427 | elapsed=5.4 min | eta=0.9 min
[2026-08-13 14:16:14] INFO Epoch 041 | train batch=1240/1427 | elapsed=5.4 min | eta=0.8 min
[2026-08-13 14:16:16] INFO Epoch 041 | train batch=1250/1427 | elapsed=5.4 min | eta=0.8 min
[2026-08-13 14:16:19] INFO Epoch 041 | train batch=1260/1427 | elapsed=5.5 min | eta=0.7 min
[2026-08-13 14:16:22] INFO Epoch 041 | train batch=1270/1427 | elapsed=5.5 min | eta=0.7 min
[2026-08-13 14:16:24] INFO Epoch 041 | train batch=1280/1427 | elapsed=5.6 min | eta=0.6 min
[2026-08-13 14:16:27] INFO Epoch 041 | train batch=1290/1427 | elapsed=5.6 min | eta=0.6 min
[2026-08-13 14:16:30] INFO Epoch 041 | train batch=1300/1427 | elapsed=5.7 min | eta=0.6 min
[2026-08-13 14:16:32] INFO Epoch 041 | train batch=1310/1427 | elapsed=5.7 min | eta=0.5 min
[2026-08-13 14:16:35] INFO Epoch 041 | train batch=1320/1427 | elapsed=5.8 min | eta=0.5 min
[2026-08-13 14:16:38] INFO Epoch 041 | train batch=1330/1427 | elapsed=5.8 min | eta=0.4 min
[2026-08-13 14:16:40] INFO Epoch 041 | train batch=1340/1427 | elapsed=5.8 min | eta=0.4 min
[2026-08-13 14:16:42] INFO Epoch 041 | train batch=1350/1427 | elapsed=5.9 min | eta=0.3 min
[2026-08-13 14:16:45] INFO Epoch 041 | train batch=1360/1427 | elapsed=5.9 min | eta=0.3 min
[2026-08-13 14:16:47] INFO Epoch 041 | train batch=1370/1427 | elapsed=6.0 min | eta=0.2 min
[2026-08-13 14:16:50] INFO Epoch 041 | train batch=1380/1427 | elapsed=6.0 min | eta=0.2 min
[2026-08-13 14:16:53] INFO Epoch 041 | train batch=1390/1427 | elapsed=6.1 min | eta=0.2 min
[2026-08-13 14:16:55] INFO Epoch 041 | train batch=1400/1427 | elapsed=6.1 min | eta=0.1 min
[2026-08-13 14:16:58] INFO Epoch 041 | train batch=1410/1427 | elapsed=6.1 min | eta=0.1 min
[2026-08-13 14:17:00] INFO Epoch 041 | train batch=1420/1427 | elapsed=6.2 min | eta=0.0 min
[2026-08-13 14:17:02] INFO Epoch 041 | train batch=1427/1427 | elapsed=6.2 min | eta=0.0 min
[2026-08-13 14:17:02] INFO Epoch 041 | val batch=1/203 | elapsed=0.0 min | eta=0.2 min
[2026-08-13 14:17:03] INFO Epoch 041 | val batch=10/203 | elapsed=0.0 min | eta=0.4 min
[2026-08-13 14:17:04] INFO Epoch 041 | val batch=20/203 | elapsed=0.0 min | eta=0.4 min
[2026-08-13 14:17:06] INFO Epoch 041 | val batch=30/203 | elapsed=0.1 min | eta=0.4 min
[2026-08-13 14:17:07] INFO Epoch 041 | val batch=40/203 | elapsed=0.1 min | eta=0.4 min
[2026-08-13 14:17:08] INFO Epoch 041 | val batch=50/203 | elapsed=0.1 min | eta=0.3 min
[2026-08-13 14:17:10] INFO Epoch 041 | val batch=60/203 | elapsed=0.1 min | eta=0.3 min
[2026-08-13 14:17:11] INFO Epoch 041 | val batch=70/203 | elapsed=0.2 min | eta=0.3 min
[2026-08-13 14:17:12] INFO Epoch 041 | val batch=80/203 | elapsed=0.2 min | eta=0.3 min
[2026-08-13 14:17:13] INFO Epoch 041 | val batch=90/203 | elapsed=0.2 min | eta=0.2 min
[2026-08-13 14:17:15] INFO Epoch 041 | val batch=100/203 | elapsed=0.2 min | eta=0.2 min
[2026-08-13 14:17:16] INFO Epoch 041 | val batch=110/203 | elapsed=0.2 min | eta=0.2 min
[2026-08-13 14:17:17] INFO Epoch 041 | val batch=120/203 | elapsed=0.3 min | eta=0.2 min
[2026-08-13 14:17:19] INFO Epoch 041 | val batch=130/203 | elapsed=0.3 min | eta=0.2 min
[2026-08-13 14:17:20] INFO Epoch 041 | val batch=140/203 | elapsed=0.3 min | eta=0.1 min
[2026-08-13 14:17:21] INFO Epoch 041 | val batch=150/203 | elapsed=0.3 min | eta=0.1 min
[2026-08-13 14:17:22] INFO Epoch 041 | val batch=160/203 | elapsed=0.3 min | eta=0.1 min
[2026-08-13 14:17:24] INFO Epoch 041 | val batch=170/203 | elapsed=0.4 min | eta=0.1 min
[2026-08-13 14:17:25] INFO Epoch 041 | val batch=180/203 | elapsed=0.4 min | eta=0.0 min
[2026-08-13 14:17:26] INFO Epoch 041 | val batch=190/203 | elapsed=0.4 min | eta=0.0 min
[2026-08-13 14:17:27] INFO Epoch 041 | val batch=200/203 | elapsed=0.4 min | eta=0.0 min
[2026-08-13 14:17:28] INFO Epoch 041 | val batch=203/203 | elapsed=0.4 min | eta=0.0 min
[2026-08-13 14:17:28] INFO Epoch 041 | train_total=1.019967 | val_total=1.386171 | val_mask=1.054538 | val_retrieval=2.369871 | val_profile=0.946452 | val_anchors=660915 | val_positive_pairs=0 | val_hard_negatives=0 | val_relation_candidates=9654476 | val_teacher_keff=4.444 | val_student_keff=9.375 | val_masked_positions=1960298 | skipped(train/val)=0/0
[2026-08-13 14:17:28] INFO Epoch 042/050 started | train_batches=1427 | val_batches=203
[2026-08-13 14:17:28] INFO Epoch 042 | train batch=1/1427 | elapsed=0.0 min | eta=5.0 min
[2026-08-13 14:17:30] INFO Epoch 042 | train batch=10/1427 | elapsed=0.0 min | eta=6.3 min
[2026-08-13 14:17:33] INFO Epoch 042 | train batch=20/1427 | elapsed=0.1 min | eta=5.8 min
[2026-08-13 14:17:35] INFO Epoch 042 | train batch=30/1427 | elapsed=0.1 min | eta=5.9 min
[2026-08-13 14:17:38] INFO Epoch 042 | train batch=40/1427 | elapsed=0.2 min | eta=6.0 min
[2026-08-13 14:17:41] INFO Epoch 042 | train batch=50/1427 | elapsed=0.2 min | eta=6.0 min
[2026-08-13 14:17:44] INFO Epoch 042 | train batch=60/1427 | elapsed=0.3 min | eta=6.0 min
[2026-08-13 14:17:46] INFO Epoch 042 | train batch=70/1427 | elapsed=0.3 min | eta=5.9 min
[2026-08-13 14:17:49] INFO Epoch 042 | train batch=80/1427 | elapsed=0.3 min | eta=5.8 min
[2026-08-13 14:17:51] INFO Epoch 042 | train batch=90/1427 | elapsed=0.4 min | eta=5.8 min
[2026-08-13 14:17:54] INFO Epoch 042 | train batch=100/1427 | elapsed=0.4 min | eta=5.7 min
[2026-08-13 14:17:56] INFO Epoch 042 | train batch=110/1427 | elapsed=0.5 min | eta=5.6 min
[2026-08-13 14:17:59] INFO Epoch 042 | train batch=120/1427 | elapsed=0.5 min | eta=5.6 min
[2026-08-13 14:18:01] INFO Epoch 042 | train batch=130/1427 | elapsed=0.6 min | eta=5.6 min
[2026-08-13 14:18:04] INFO Epoch 042 | train batch=140/1427 | elapsed=0.6 min | eta=5.5 min
[2026-08-13 14:18:06] INFO Epoch 042 | train batch=150/1427 | elapsed=0.6 min | eta=5.5 min
[2026-08-13 14:18:09] INFO Epoch 042 | train batch=160/1427 | elapsed=0.7 min | eta=5.4 min
[2026-08-13 14:18:12] INFO Epoch 042 | train batch=170/1427 | elapsed=0.7 min | eta=5.4 min
[2026-08-13 14:18:14] INFO Epoch 042 | train batch=180/1427 | elapsed=0.8 min | eta=5.3 min
[2026-08-13 14:18:17] INFO Epoch 042 | train batch=190/1427 | elapsed=0.8 min | eta=5.3 min
[2026-08-13 14:18:20] INFO Epoch 042 | train batch=200/1427 | elapsed=0.9 min | eta=5.3 min
[2026-08-13 14:18:22] INFO Epoch 042 | train batch=210/1427 | elapsed=0.9 min | eta=5.3 min
[2026-08-13 14:18:25] INFO Epoch 042 | train batch=220/1427 | elapsed=0.9 min | eta=5.2 min
[2026-08-13 14:18:27] INFO Epoch 042 | train batch=230/1427 | elapsed=1.0 min | eta=5.1 min
[2026-08-13 14:18:29] INFO Epoch 042 | train batch=240/1427 | elapsed=1.0 min | eta=5.1 min
[2026-08-13 14:18:32] INFO Epoch 042 | train batch=250/1427 | elapsed=1.1 min | eta=5.0 min
[2026-08-13 14:18:34] INFO Epoch 042 | train batch=260/1427 | elapsed=1.1 min | eta=5.0 min
[2026-08-13 14:18:37] INFO Epoch 042 | train batch=270/1427 | elapsed=1.2 min | eta=4.9 min
[2026-08-13 14:18:39] INFO Epoch 042 | train batch=280/1427 | elapsed=1.2 min | eta=4.9 min
[2026-08-13 14:18:42] INFO Epoch 042 | train batch=290/1427 | elapsed=1.2 min | eta=4.9 min
[2026-08-13 14:18:45] INFO Epoch 042 | train batch=300/1427 | elapsed=1.3 min | eta=4.8 min
[2026-08-13 14:18:47] INFO Epoch 042 | train batch=310/1427 | elapsed=1.3 min | eta=4.8 min
[2026-08-13 14:18:49] INFO Epoch 042 | train batch=320/1427 | elapsed=1.4 min | eta=4.7 min
[2026-08-13 14:18:52] INFO Epoch 042 | train batch=330/1427 | elapsed=1.4 min | eta=4.7 min
[2026-08-13 14:18:55] INFO Epoch 042 | train batch=340/1427 | elapsed=1.4 min | eta=4.6 min
[2026-08-13 14:18:57] INFO Epoch 042 | train batch=350/1427 | elapsed=1.5 min | eta=4.6 min
[2026-08-13 14:19:00] INFO Epoch 042 | train batch=360/1427 | elapsed=1.5 min | eta=4.6 min
[2026-08-13 14:19:02] INFO Epoch 042 | train batch=370/1427 | elapsed=1.6 min | eta=4.5 min
[2026-08-13 14:19:05] INFO Epoch 042 | train batch=380/1427 | elapsed=1.6 min | eta=4.5 min
[2026-08-13 14:19:08] INFO Epoch 042 | train batch=390/1427 | elapsed=1.7 min | eta=4.4 min
[2026-08-13 14:19:10] INFO Epoch 042 | train batch=400/1427 | elapsed=1.7 min | eta=4.4 min
[2026-08-13 14:19:13] INFO Epoch 042 | train batch=410/1427 | elapsed=1.8 min | eta=4.4 min
[2026-08-13 14:19:16] INFO Epoch 042 | train batch=420/1427 | elapsed=1.8 min | eta=4.3 min
[2026-08-13 14:19:19] INFO Epoch 042 | train batch=430/1427 | elapsed=1.8 min | eta=4.3 min
[2026-08-13 14:19:21] INFO Epoch 042 | train batch=440/1427 | elapsed=1.9 min | eta=4.2 min
[2026-08-13 14:19:24] INFO Epoch 042 | train batch=450/1427 | elapsed=1.9 min | eta=4.2 min
[2026-08-13 14:19:27] INFO Epoch 042 | train batch=460/1427 | elapsed=2.0 min | eta=4.2 min
[2026-08-13 14:19:30] INFO Epoch 042 | train batch=470/1427 | elapsed=2.0 min | eta=4.1 min
[2026-08-13 14:19:33] INFO Epoch 042 | train batch=480/1427 | elapsed=2.1 min | eta=4.1 min
[2026-08-13 14:19:35] INFO Epoch 042 | train batch=490/1427 | elapsed=2.1 min | eta=4.1 min
[2026-08-13 14:19:38] INFO Epoch 042 | train batch=500/1427 | elapsed=2.2 min | eta=4.0 min
[2026-08-13 14:19:40] INFO Epoch 042 | train batch=510/1427 | elapsed=2.2 min | eta=4.0 min
[2026-08-13 14:19:43] INFO Epoch 042 | train batch=520/1427 | elapsed=2.3 min | eta=3.9 min
[2026-08-13 14:19:46] INFO Epoch 042 | train batch=530/1427 | elapsed=2.3 min | eta=3.9 min
[2026-08-13 14:19:48] INFO Epoch 042 | train batch=540/1427 | elapsed=2.3 min | eta=3.9 min
[2026-08-13 14:19:51] INFO Epoch 042 | train batch=550/1427 | elapsed=2.4 min | eta=3.8 min
[2026-08-13 14:19:54] INFO Epoch 042 | train batch=560/1427 | elapsed=2.4 min | eta=3.8 min
[2026-08-13 14:19:57] INFO Epoch 042 | train batch=570/1427 | elapsed=2.5 min | eta=3.7 min
[2026-08-13 14:19:59] INFO Epoch 042 | train batch=580/1427 | elapsed=2.5 min | eta=3.7 min
[2026-08-13 14:20:01] INFO Epoch 042 | train batch=590/1427 | elapsed=2.6 min | eta=3.6 min
[2026-08-13 14:20:04] INFO Epoch 042 | train batch=600/1427 | elapsed=2.6 min | eta=3.6 min
[2026-08-13 14:20:07] INFO Epoch 042 | train batch=610/1427 | elapsed=2.7 min | eta=3.6 min
[2026-08-13 14:20:10] INFO Epoch 042 | train batch=620/1427 | elapsed=2.7 min | eta=3.5 min
[2026-08-13 14:20:12] INFO Epoch 042 | train batch=630/1427 | elapsed=2.7 min | eta=3.5 min
[2026-08-13 14:20:15] INFO Epoch 042 | train batch=640/1427 | elapsed=2.8 min | eta=3.4 min
[2026-08-13 14:20:17] INFO Epoch 042 | train batch=650/1427 | elapsed=2.8 min | eta=3.4 min
[2026-08-13 14:20:20] INFO Epoch 042 | train batch=660/1427 | elapsed=2.9 min | eta=3.3 min
[2026-08-13 14:20:22] INFO Epoch 042 | train batch=670/1427 | elapsed=2.9 min | eta=3.3 min
[2026-08-13 14:20:25] INFO Epoch 042 | train batch=680/1427 | elapsed=2.9 min | eta=3.2 min
[2026-08-13 14:20:27] INFO Epoch 042 | train batch=690/1427 | elapsed=3.0 min | eta=3.2 min
[2026-08-13 14:20:30] INFO Epoch 042 | train batch=700/1427 | elapsed=3.0 min | eta=3.2 min
[2026-08-13 14:20:32] INFO Epoch 042 | train batch=710/1427 | elapsed=3.1 min | eta=3.1 min
[2026-08-13 14:20:35] INFO Epoch 042 | train batch=720/1427 | elapsed=3.1 min | eta=3.1 min
[2026-08-13 14:20:38] INFO Epoch 042 | train batch=730/1427 | elapsed=3.2 min | eta=3.0 min
[2026-08-13 14:20:40] INFO Epoch 042 | train batch=740/1427 | elapsed=3.2 min | eta=3.0 min
[2026-08-13 14:20:43] INFO Epoch 042 | train batch=750/1427 | elapsed=3.2 min | eta=2.9 min
[2026-08-13 14:20:45] INFO Epoch 042 | train batch=760/1427 | elapsed=3.3 min | eta=2.9 min
[2026-08-13 14:20:48] INFO Epoch 042 | train batch=770/1427 | elapsed=3.3 min | eta=2.8 min
[2026-08-13 14:20:50] INFO Epoch 042 | train batch=780/1427 | elapsed=3.4 min | eta=2.8 min
[2026-08-13 14:20:53] INFO Epoch 042 | train batch=790/1427 | elapsed=3.4 min | eta=2.8 min
[2026-08-13 14:20:55] INFO Epoch 042 | train batch=800/1427 | elapsed=3.5 min | eta=2.7 min
[2026-08-13 14:20:58] INFO Epoch 042 | train batch=810/1427 | elapsed=3.5 min | eta=2.7 min
[2026-08-13 14:21:01] INFO Epoch 042 | train batch=820/1427 | elapsed=3.5 min | eta=2.6 min
[2026-08-13 14:21:03] INFO Epoch 042 | train batch=830/1427 | elapsed=3.6 min | eta=2.6 min
[2026-08-13 14:21:06] INFO Epoch 042 | train batch=840/1427 | elapsed=3.6 min | eta=2.5 min
[2026-08-13 14:21:08] INFO Epoch 042 | train batch=850/1427 | elapsed=3.7 min | eta=2.5 min
[2026-08-13 14:21:11] INFO Epoch 042 | train batch=860/1427 | elapsed=3.7 min | eta=2.5 min
[2026-08-13 14:21:13] INFO Epoch 042 | train batch=870/1427 | elapsed=3.8 min | eta=2.4 min
[2026-08-13 14:21:16] INFO Epoch 042 | train batch=880/1427 | elapsed=3.8 min | eta=2.4 min
[2026-08-13 14:21:19] INFO Epoch 042 | train batch=890/1427 | elapsed=3.9 min | eta=2.3 min
[2026-08-13 14:21:21] INFO Epoch 042 | train batch=900/1427 | elapsed=3.9 min | eta=2.3 min
[2026-08-13 14:21:24] INFO Epoch 042 | train batch=910/1427 | elapsed=3.9 min | eta=2.2 min
[2026-08-13 14:21:27] INFO Epoch 042 | train batch=920/1427 | elapsed=4.0 min | eta=2.2 min
[2026-08-13 14:21:30] INFO Epoch 042 | train batch=930/1427 | elapsed=4.0 min | eta=2.2 min
[2026-08-13 14:21:32] INFO Epoch 042 | train batch=940/1427 | elapsed=4.1 min | eta=2.1 min
[2026-08-13 14:21:35] INFO Epoch 042 | train batch=950/1427 | elapsed=4.1 min | eta=2.1 min
[2026-08-13 14:21:37] INFO Epoch 042 | train batch=960/1427 | elapsed=4.2 min | eta=2.0 min
[2026-08-13 14:21:40] INFO Epoch 042 | train batch=970/1427 | elapsed=4.2 min | eta=2.0 min
[2026-08-13 14:21:42] INFO Epoch 042 | train batch=980/1427 | elapsed=4.2 min | eta=1.9 min
[2026-08-13 14:21:45] INFO Epoch 042 | train batch=990/1427 | elapsed=4.3 min | eta=1.9 min
[2026-08-13 14:21:47] INFO Epoch 042 | train batch=1000/1427 | elapsed=4.3 min | eta=1.8 min
[2026-08-13 14:21:50] INFO Epoch 042 | train batch=1010/1427 | elapsed=4.4 min | eta=1.8 min
[2026-08-13 14:21:52] INFO Epoch 042 | train batch=1020/1427 | elapsed=4.4 min | eta=1.8 min
[2026-08-13 14:21:55] INFO Epoch 042 | train batch=1030/1427 | elapsed=4.5 min | eta=1.7 min
[2026-08-13 14:21:58] INFO Epoch 042 | train batch=1040/1427 | elapsed=4.5 min | eta=1.7 min
[2026-08-13 14:22:00] INFO Epoch 042 | train batch=1050/1427 | elapsed=4.5 min | eta=1.6 min
[2026-08-13 14:22:03] INFO Epoch 042 | train batch=1060/1427 | elapsed=4.6 min | eta=1.6 min
[2026-08-13 14:22:05] INFO Epoch 042 | train batch=1070/1427 | elapsed=4.6 min | eta=1.5 min
[2026-08-13 14:22:08] INFO Epoch 042 | train batch=1080/1427 | elapsed=4.7 min | eta=1.5 min
[2026-08-13 14:22:10] INFO Epoch 042 | train batch=1090/1427 | elapsed=4.7 min | eta=1.5 min
[2026-08-13 14:22:13] INFO Epoch 042 | train batch=1100/1427 | elapsed=4.8 min | eta=1.4 min
[2026-08-13 14:22:16] INFO Epoch 042 | train batch=1110/1427 | elapsed=4.8 min | eta=1.4 min
[2026-08-13 14:22:18] INFO Epoch 042 | train batch=1120/1427 | elapsed=4.8 min | eta=1.3 min
[2026-08-13 14:22:21] INFO Epoch 042 | train batch=1130/1427 | elapsed=4.9 min | eta=1.3 min
[2026-08-13 14:22:24] INFO Epoch 042 | train batch=1140/1427 | elapsed=4.9 min | eta=1.2 min
[2026-08-13 14:22:26] INFO Epoch 042 | train batch=1150/1427 | elapsed=5.0 min | eta=1.2 min
[2026-08-13 14:22:29] INFO Epoch 042 | train batch=1160/1427 | elapsed=5.0 min | eta=1.2 min
[2026-08-13 14:22:32] INFO Epoch 042 | train batch=1170/1427 | elapsed=5.1 min | eta=1.1 min
[2026-08-13 14:22:34] INFO Epoch 042 | train batch=1180/1427 | elapsed=5.1 min | eta=1.1 min
[2026-08-13 14:22:37] INFO Epoch 042 | train batch=1190/1427 | elapsed=5.2 min | eta=1.0 min
[2026-08-13 14:22:39] INFO Epoch 042 | train batch=1200/1427 | elapsed=5.2 min | eta=1.0 min
[2026-08-13 14:22:42] INFO Epoch 042 | train batch=1210/1427 | elapsed=5.2 min | eta=0.9 min
[2026-08-13 14:22:44] INFO Epoch 042 | train batch=1220/1427 | elapsed=5.3 min | eta=0.9 min
[2026-08-13 14:22:47] INFO Epoch 042 | train batch=1230/1427 | elapsed=5.3 min | eta=0.9 min
[2026-08-13 14:22:49] INFO Epoch 042 | train batch=1240/1427 | elapsed=5.4 min | eta=0.8 min
[2026-08-13 14:22:52] INFO Epoch 042 | train batch=1250/1427 | elapsed=5.4 min | eta=0.8 min
[2026-08-13 14:22:55] INFO Epoch 042 | train batch=1260/1427 | elapsed=5.5 min | eta=0.7 min
[2026-08-13 14:22:58] INFO Epoch 042 | train batch=1270/1427 | elapsed=5.5 min | eta=0.7 min
[2026-08-13 14:23:00] INFO Epoch 042 | train batch=1280/1427 | elapsed=5.5 min | eta=0.6 min
[2026-08-13 14:23:03] INFO Epoch 042 | train batch=1290/1427 | elapsed=5.6 min | eta=0.6 min
[2026-08-13 14:23:06] INFO Epoch 042 | train batch=1300/1427 | elapsed=5.6 min | eta=0.6 min
[2026-08-13 14:23:08] INFO Epoch 042 | train batch=1310/1427 | elapsed=5.7 min | eta=0.5 min
[2026-08-13 14:23:11] INFO Epoch 042 | train batch=1320/1427 | elapsed=5.7 min | eta=0.5 min
[2026-08-13 14:23:14] INFO Epoch 042 | train batch=1330/1427 | elapsed=5.8 min | eta=0.4 min
[2026-08-13 14:23:16] INFO Epoch 042 | train batch=1340/1427 | elapsed=5.8 min | eta=0.4 min
[2026-08-13 14:23:19] INFO Epoch 042 | train batch=1350/1427 | elapsed=5.9 min | eta=0.3 min
[2026-08-13 14:23:22] INFO Epoch 042 | train batch=1360/1427 | elapsed=5.9 min | eta=0.3 min
[2026-08-13 14:23:24] INFO Epoch 042 | train batch=1370/1427 | elapsed=5.9 min | eta=0.2 min
[2026-08-13 14:23:27] INFO Epoch 042 | train batch=1380/1427 | elapsed=6.0 min | eta=0.2 min
[2026-08-13 14:23:29] INFO Epoch 042 | train batch=1390/1427 | elapsed=6.0 min | eta=0.2 min
[2026-08-13 14:23:32] INFO Epoch 042 | train batch=1400/1427 | elapsed=6.1 min | eta=0.1 min
[2026-08-13 14:23:34] INFO Epoch 042 | train batch=1410/1427 | elapsed=6.1 min | eta=0.1 min
[2026-08-13 14:23:37] INFO Epoch 042 | train batch=1420/1427 | elapsed=6.2 min | eta=0.0 min
[2026-08-13 14:23:39] INFO Epoch 042 | train batch=1427/1427 | elapsed=6.2 min | eta=0.0 min
[2026-08-13 14:23:39] INFO Epoch 042 | val batch=1/203 | elapsed=0.0 min | eta=0.3 min
[2026-08-13 14:23:40] INFO Epoch 042 | val batch=10/203 | elapsed=0.0 min | eta=0.4 min
[2026-08-13 14:23:41] INFO Epoch 042 | val batch=20/203 | elapsed=0.0 min | eta=0.4 min
[2026-08-13 14:23:43] INFO Epoch 042 | val batch=30/203 | elapsed=0.1 min | eta=0.4 min
[2026-08-13 14:23:44] INFO Epoch 042 | val batch=40/203 | elapsed=0.1 min | eta=0.3 min
[2026-08-13 14:23:45] INFO Epoch 042 | val batch=50/203 | elapsed=0.1 min | eta=0.3 min
[2026-08-13 14:23:46] INFO Epoch 042 | val batch=60/203 | elapsed=0.1 min | eta=0.3 min
[2026-08-13 14:23:48] INFO Epoch 042 | val batch=70/203 | elapsed=0.1 min | eta=0.3 min
[2026-08-13 14:23:49] INFO Epoch 042 | val batch=80/203 | elapsed=0.2 min | eta=0.3 min
[2026-08-13 14:23:50] INFO Epoch 042 | val batch=90/203 | elapsed=0.2 min | eta=0.2 min
[2026-08-13 14:23:51] INFO Epoch 042 | val batch=100/203 | elapsed=0.2 min | eta=0.2 min
[2026-08-13 14:23:53] INFO Epoch 042 | val batch=110/203 | elapsed=0.2 min | eta=0.2 min
[2026-08-13 14:23:54] INFO Epoch 042 | val batch=120/203 | elapsed=0.3 min | eta=0.2 min
[2026-08-13 14:23:55] INFO Epoch 042 | val batch=130/203 | elapsed=0.3 min | eta=0.2 min
[2026-08-13 14:23:57] INFO Epoch 042 | val batch=140/203 | elapsed=0.3 min | eta=0.1 min
[2026-08-13 14:23:58] INFO Epoch 042 | val batch=150/203 | elapsed=0.3 min | eta=0.1 min
[2026-08-13 14:23:59] INFO Epoch 042 | val batch=160/203 | elapsed=0.3 min | eta=0.1 min
[2026-08-13 14:24:00] INFO Epoch 042 | val batch=170/203 | elapsed=0.4 min | eta=0.1 min
[2026-08-13 14:24:02] INFO Epoch 042 | val batch=180/203 | elapsed=0.4 min | eta=0.0 min
[2026-08-13 14:24:03] INFO Epoch 042 | val batch=190/203 | elapsed=0.4 min | eta=0.0 min
[2026-08-13 14:24:04] INFO Epoch 042 | val batch=200/203 | elapsed=0.4 min | eta=0.0 min
[2026-08-13 14:24:05] INFO Epoch 042 | val batch=203/203 | elapsed=0.4 min | eta=0.0 min
[2026-08-13 14:24:05] INFO Epoch 042 | train_total=1.110949 | val_total=1.058525 | val_mask=0.726689 | val_retrieval=2.374229 | val_profile=0.944136 | val_anchors=660915 | val_positive_pairs=0 | val_hard_negatives=0 | val_relation_candidates=9654476 | val_teacher_keff=4.444 | val_student_keff=9.601 | val_masked_positions=1959340 | skipped(train/val)=0/0
[2026-08-13 14:24:05] INFO Epoch 043/050 started | train_batches=1427 | val_batches=203
[2026-08-13 14:24:05] INFO Epoch 043 | train batch=1/1427 | elapsed=0.0 min | eta=7.4 min
[2026-08-13 14:24:07] INFO Epoch 043 | train batch=10/1427 | elapsed=0.0 min | eta=5.9 min
[2026-08-13 14:24:10] INFO Epoch 043 | train batch=20/1427 | elapsed=0.1 min | eta=6.1 min
[2026-08-13 14:24:12] INFO Epoch 043 | train batch=30/1427 | elapsed=0.1 min | eta=6.1 min
[2026-08-13 14:24:15] INFO Epoch 043 | train batch=40/1427 | elapsed=0.2 min | eta=6.0 min
[2026-08-13 14:24:17] INFO Epoch 043 | train batch=50/1427 | elapsed=0.2 min | eta=5.8 min
[2026-08-13 14:24:20] INFO Epoch 043 | train batch=60/1427 | elapsed=0.3 min | eta=5.7 min
[2026-08-13 14:24:22] INFO Epoch 043 | train batch=70/1427 | elapsed=0.3 min | eta=5.6 min
[2026-08-13 14:24:25] INFO Epoch 043 | train batch=80/1427 | elapsed=0.3 min | eta=5.6 min
[2026-08-13 14:24:27] INFO Epoch 043 | train batch=90/1427 | elapsed=0.4 min | eta=5.6 min
[2026-08-13 14:24:30] INFO Epoch 043 | train batch=100/1427 | elapsed=0.4 min | eta=5.5 min
[2026-08-13 14:24:32] INFO Epoch 043 | train batch=110/1427 | elapsed=0.5 min | eta=5.5 min
[2026-08-13 14:24:35] INFO Epoch 043 | train batch=120/1427 | elapsed=0.5 min | eta=5.5 min
[2026-08-13 14:24:38] INFO Epoch 043 | train batch=130/1427 | elapsed=0.6 min | eta=5.6 min
[2026-08-13 14:24:41] INFO Epoch 043 | train batch=140/1427 | elapsed=0.6 min | eta=5.5 min
[2026-08-13 14:24:43] INFO Epoch 043 | train batch=150/1427 | elapsed=0.6 min | eta=5.5 min
[2026-08-13 14:24:45] INFO Epoch 043 | train batch=160/1427 | elapsed=0.7 min | eta=5.4 min
[2026-08-13 14:24:48] INFO Epoch 043 | train batch=170/1427 | elapsed=0.7 min | eta=5.4 min
[2026-08-13 14:24:51] INFO Epoch 043 | train batch=180/1427 | elapsed=0.8 min | eta=5.3 min
[2026-08-13 14:24:53] INFO Epoch 043 | train batch=190/1427 | elapsed=0.8 min | eta=5.3 min
[2026-08-13 14:24:56] INFO Epoch 043 | train batch=200/1427 | elapsed=0.9 min | eta=5.2 min
[2026-08-13 14:24:59] INFO Epoch 043 | train batch=210/1427 | elapsed=0.9 min | eta=5.2 min
[2026-08-13 14:25:01] INFO Epoch 043 | train batch=220/1427 | elapsed=0.9 min | eta=5.2 min
[2026-08-13 14:25:04] INFO Epoch 043 | train batch=230/1427 | elapsed=1.0 min | eta=5.1 min
[2026-08-13 14:25:06] INFO Epoch 043 | train batch=240/1427 | elapsed=1.0 min | eta=5.1 min
[2026-08-13 14:25:09] INFO Epoch 043 | train batch=250/1427 | elapsed=1.1 min | eta=5.0 min
[2026-08-13 14:25:11] INFO Epoch 043 | train batch=260/1427 | elapsed=1.1 min | eta=5.0 min
[2026-08-13 14:25:14] INFO Epoch 043 | train batch=270/1427 | elapsed=1.2 min | eta=5.0 min
[2026-08-13 14:25:16] INFO Epoch 043 | train batch=280/1427 | elapsed=1.2 min | eta=4.9 min
[2026-08-13 14:25:19] INFO Epoch 043 | train batch=290/1427 | elapsed=1.2 min | eta=4.9 min
[2026-08-13 14:25:22] INFO Epoch 043 | train batch=300/1427 | elapsed=1.3 min | eta=4.8 min
[2026-08-13 14:25:24] INFO Epoch 043 | train batch=310/1427 | elapsed=1.3 min | eta=4.8 min
[2026-08-13 14:25:27] INFO Epoch 043 | train batch=320/1427 | elapsed=1.4 min | eta=4.7 min
[2026-08-13 14:25:29] INFO Epoch 043 | train batch=330/1427 | elapsed=1.4 min | eta=4.7 min
[2026-08-13 14:25:32] INFO Epoch 043 | train batch=340/1427 | elapsed=1.5 min | eta=4.7 min
[2026-08-13 14:25:35] INFO Epoch 043 | train batch=350/1427 | elapsed=1.5 min | eta=4.6 min
[2026-08-13 14:25:37] INFO Epoch 043 | train batch=360/1427 | elapsed=1.5 min | eta=4.6 min
[2026-08-13 14:25:40] INFO Epoch 043 | train batch=370/1427 | elapsed=1.6 min | eta=4.5 min
[2026-08-13 14:25:42] INFO Epoch 043 | train batch=380/1427 | elapsed=1.6 min | eta=4.5 min
[2026-08-13 14:25:45] INFO Epoch 043 | train batch=390/1427 | elapsed=1.7 min | eta=4.5 min
[2026-08-13 14:25:48] INFO Epoch 043 | train batch=400/1427 | elapsed=1.7 min | eta=4.4 min
[2026-08-13 14:25:51] INFO Epoch 043 | train batch=410/1427 | elapsed=1.8 min | eta=4.4 min
[2026-08-13 14:25:53] INFO Epoch 043 | train batch=420/1427 | elapsed=1.8 min | eta=4.3 min
[2026-08-13 14:25:56] INFO Epoch 043 | train batch=430/1427 | elapsed=1.9 min | eta=4.3 min
[2026-08-13 14:25:59] INFO Epoch 043 | train batch=440/1427 | elapsed=1.9 min | eta=4.3 min
[2026-08-13 14:26:01] INFO Epoch 043 | train batch=450/1427 | elapsed=1.9 min | eta=4.2 min
[2026-08-13 14:26:04] INFO Epoch 043 | train batch=460/1427 | elapsed=2.0 min | eta=4.2 min
[2026-08-13 14:26:06] INFO Epoch 043 | train batch=470/1427 | elapsed=2.0 min | eta=4.1 min
[2026-08-13 14:26:09] INFO Epoch 043 | train batch=480/1427 | elapsed=2.1 min | eta=4.1 min
[2026-08-13 14:26:11] INFO Epoch 043 | train batch=490/1427 | elapsed=2.1 min | eta=4.0 min
[2026-08-13 14:26:13] INFO Epoch 043 | train batch=500/1427 | elapsed=2.1 min | eta=4.0 min
[2026-08-13 14:26:16] INFO Epoch 043 | train batch=510/1427 | elapsed=2.2 min | eta=3.9 min
[2026-08-13 14:26:19] INFO Epoch 043 | train batch=520/1427 | elapsed=2.2 min | eta=3.9 min
[2026-08-13 14:26:21] INFO Epoch 043 | train batch=530/1427 | elapsed=2.3 min | eta=3.9 min
[2026-08-13 14:26:24] INFO Epoch 043 | train batch=540/1427 | elapsed=2.3 min | eta=3.8 min
[2026-08-13 14:26:27] INFO Epoch 043 | train batch=550/1427 | elapsed=2.4 min | eta=3.8 min
[2026-08-13 14:26:30] INFO Epoch 043 | train batch=560/1427 | elapsed=2.4 min | eta=3.7 min
[2026-08-13 14:26:32] INFO Epoch 043 | train batch=570/1427 | elapsed=2.5 min | eta=3.7 min
[2026-08-13 14:26:35] INFO Epoch 043 | train batch=580/1427 | elapsed=2.5 min | eta=3.7 min
[2026-08-13 14:26:37] INFO Epoch 043 | train batch=590/1427 | elapsed=2.5 min | eta=3.6 min
[2026-08-13 14:26:40] INFO Epoch 043 | train batch=600/1427 | elapsed=2.6 min | eta=3.6 min
[2026-08-13 14:26:43] INFO Epoch 043 | train batch=610/1427 | elapsed=2.6 min | eta=3.5 min
[2026-08-13 14:26:46] INFO Epoch 043 | train batch=620/1427 | elapsed=2.7 min | eta=3.5 min
[2026-08-13 14:26:48] INFO Epoch 043 | train batch=630/1427 | elapsed=2.7 min | eta=3.5 min
[2026-08-13 14:26:51] INFO Epoch 043 | train batch=640/1427 | elapsed=2.8 min | eta=3.4 min
[2026-08-13 14:26:53] INFO Epoch 043 | train batch=650/1427 | elapsed=2.8 min | eta=3.4 min
[2026-08-13 14:26:56] INFO Epoch 043 | train batch=660/1427 | elapsed=2.9 min | eta=3.3 min
[2026-08-13 14:26:59] INFO Epoch 043 | train batch=670/1427 | elapsed=2.9 min | eta=3.3 min
[2026-08-13 14:27:01] INFO Epoch 043 | train batch=680/1427 | elapsed=2.9 min | eta=3.2 min
[2026-08-13 14:27:04] INFO Epoch 043 | train batch=690/1427 | elapsed=3.0 min | eta=3.2 min
[2026-08-13 14:27:07] INFO Epoch 043 | train batch=700/1427 | elapsed=3.0 min | eta=3.2 min
[2026-08-13 14:27:09] INFO Epoch 043 | train batch=710/1427 | elapsed=3.1 min | eta=3.1 min
[2026-08-13 14:27:12] INFO Epoch 043 | train batch=720/1427 | elapsed=3.1 min | eta=3.1 min
[2026-08-13 14:27:14] INFO Epoch 043 | train batch=730/1427 | elapsed=3.2 min | eta=3.0 min
[2026-08-13 14:27:17] INFO Epoch 043 | train batch=740/1427 | elapsed=3.2 min | eta=3.0 min
[2026-08-13 14:27:19] INFO Epoch 043 | train batch=750/1427 | elapsed=3.2 min | eta=2.9 min
[2026-08-13 14:27:22] INFO Epoch 043 | train batch=760/1427 | elapsed=3.3 min | eta=2.9 min
[2026-08-13 14:27:25] INFO Epoch 043 | train batch=770/1427 | elapsed=3.3 min | eta=2.9 min
[2026-08-13 14:27:28] INFO Epoch 043 | train batch=780/1427 | elapsed=3.4 min | eta=2.8 min
[2026-08-13 14:27:31] INFO Epoch 043 | train batch=790/1427 | elapsed=3.4 min | eta=2.8 min
[2026-08-13 14:27:33] INFO Epoch 043 | train batch=800/1427 | elapsed=3.5 min | eta=2.7 min
[2026-08-13 14:27:36] INFO Epoch 043 | train batch=810/1427 | elapsed=3.5 min | eta=2.7 min
[2026-08-13 14:27:38] INFO Epoch 043 | train batch=820/1427 | elapsed=3.6 min | eta=2.6 min
[2026-08-13 14:27:41] INFO Epoch 043 | train batch=830/1427 | elapsed=3.6 min | eta=2.6 min
[2026-08-13 14:27:43] INFO Epoch 043 | train batch=840/1427 | elapsed=3.6 min | eta=2.5 min
[2026-08-13 14:27:45] INFO Epoch 043 | train batch=850/1427 | elapsed=3.7 min | eta=2.5 min
[2026-08-13 14:27:48] INFO Epoch 043 | train batch=860/1427 | elapsed=3.7 min | eta=2.5 min
[2026-08-13 14:27:51] INFO Epoch 043 | train batch=870/1427 | elapsed=3.8 min | eta=2.4 min
[2026-08-13 14:27:53] INFO Epoch 043 | train batch=880/1427 | elapsed=3.8 min | eta=2.4 min
[2026-08-13 14:27:56] INFO Epoch 043 | train batch=890/1427 | elapsed=3.9 min | eta=2.3 min
[2026-08-13 14:27:59] INFO Epoch 043 | train batch=900/1427 | elapsed=3.9 min | eta=2.3 min
[2026-08-13 14:28:01] INFO Epoch 043 | train batch=910/1427 | elapsed=3.9 min | eta=2.2 min
[2026-08-13 14:28:04] INFO Epoch 043 | train batch=920/1427 | elapsed=4.0 min | eta=2.2 min
[2026-08-13 14:28:07] INFO Epoch 043 | train batch=930/1427 | elapsed=4.0 min | eta=2.2 min
[2026-08-13 14:28:09] INFO Epoch 043 | train batch=940/1427 | elapsed=4.1 min | eta=2.1 min
[2026-08-13 14:28:12] INFO Epoch 043 | train batch=950/1427 | elapsed=4.1 min | eta=2.1 min
[2026-08-13 14:28:14] INFO Epoch 043 | train batch=960/1427 | elapsed=4.2 min | eta=2.0 min
[2026-08-13 14:28:17] INFO Epoch 043 | train batch=970/1427 | elapsed=4.2 min | eta=2.0 min
[2026-08-13 14:28:19] INFO Epoch 043 | train batch=980/1427 | elapsed=4.2 min | eta=1.9 min
[2026-08-13 14:28:22] INFO Epoch 043 | train batch=990/1427 | elapsed=4.3 min | eta=1.9 min
[2026-08-13 14:28:25] INFO Epoch 043 | train batch=1000/1427 | elapsed=4.3 min | eta=1.9 min
[2026-08-13 14:28:27] INFO Epoch 043 | train batch=1010/1427 | elapsed=4.4 min | eta=1.8 min
[2026-08-13 14:28:30] INFO Epoch 043 | train batch=1020/1427 | elapsed=4.4 min | eta=1.8 min
[2026-08-13 14:28:33] INFO Epoch 043 | train batch=1030/1427 | elapsed=4.5 min | eta=1.7 min
[2026-08-13 14:28:35] INFO Epoch 043 | train batch=1040/1427 | elapsed=4.5 min | eta=1.7 min
[2026-08-13 14:28:38] INFO Epoch 043 | train batch=1050/1427 | elapsed=4.6 min | eta=1.6 min
[2026-08-13 14:28:41] INFO Epoch 043 | train batch=1060/1427 | elapsed=4.6 min | eta=1.6 min
[2026-08-13 14:28:43] INFO Epoch 043 | train batch=1070/1427 | elapsed=4.6 min | eta=1.5 min
[2026-08-13 14:28:46] INFO Epoch 043 | train batch=1080/1427 | elapsed=4.7 min | eta=1.5 min
[2026-08-13 14:28:48] INFO Epoch 043 | train batch=1090/1427 | elapsed=4.7 min | eta=1.5 min
[2026-08-13 14:28:51] INFO Epoch 043 | train batch=1100/1427 | elapsed=4.8 min | eta=1.4 min
[2026-08-13 14:28:54] INFO Epoch 043 | train batch=1110/1427 | elapsed=4.8 min | eta=1.4 min
[2026-08-13 14:28:57] INFO Epoch 043 | train batch=1120/1427 | elapsed=4.9 min | eta=1.3 min
[2026-08-13 14:28:59] INFO Epoch 043 | train batch=1130/1427 | elapsed=4.9 min | eta=1.3 min
[2026-08-13 14:29:02] INFO Epoch 043 | train batch=1140/1427 | elapsed=5.0 min | eta=1.2 min
[2026-08-13 14:29:05] INFO Epoch 043 | train batch=1150/1427 | elapsed=5.0 min | eta=1.2 min
[2026-08-13 14:29:08] INFO Epoch 043 | train batch=1160/1427 | elapsed=5.1 min | eta=1.2 min
[2026-08-13 14:29:10] INFO Epoch 043 | train batch=1170/1427 | elapsed=5.1 min | eta=1.1 min
[2026-08-13 14:29:12] INFO Epoch 043 | train batch=1180/1427 | elapsed=5.1 min | eta=1.1 min
[2026-08-13 14:29:15] INFO Epoch 043 | train batch=1190/1427 | elapsed=5.2 min | eta=1.0 min
[2026-08-13 14:29:17] INFO Epoch 043 | train batch=1200/1427 | elapsed=5.2 min | eta=1.0 min
[2026-08-13 14:29:20] INFO Epoch 043 | train batch=1210/1427 | elapsed=5.3 min | eta=0.9 min
[2026-08-13 14:29:23] INFO Epoch 043 | train batch=1220/1427 | elapsed=5.3 min | eta=0.9 min
[2026-08-13 14:29:26] INFO Epoch 043 | train batch=1230/1427 | elapsed=5.4 min | eta=0.9 min
[2026-08-13 14:29:28] INFO Epoch 043 | train batch=1240/1427 | elapsed=5.4 min | eta=0.8 min
[2026-08-13 14:29:31] INFO Epoch 043 | train batch=1250/1427 | elapsed=5.4 min | eta=0.8 min
[2026-08-13 14:29:33] INFO Epoch 043 | train batch=1260/1427 | elapsed=5.5 min | eta=0.7 min
[2026-08-13 14:29:36] INFO Epoch 043 | train batch=1270/1427 | elapsed=5.5 min | eta=0.7 min
[2026-08-13 14:29:38] INFO Epoch 043 | train batch=1280/1427 | elapsed=5.6 min | eta=0.6 min
[2026-08-13 14:29:41] INFO Epoch 043 | train batch=1290/1427 | elapsed=5.6 min | eta=0.6 min
[2026-08-13 14:29:44] INFO Epoch 043 | train batch=1300/1427 | elapsed=5.7 min | eta=0.6 min
[2026-08-13 14:29:47] INFO Epoch 043 | train batch=1310/1427 | elapsed=5.7 min | eta=0.5 min
[2026-08-13 14:29:49] INFO Epoch 043 | train batch=1320/1427 | elapsed=5.7 min | eta=0.5 min
[2026-08-13 14:29:52] INFO Epoch 043 | train batch=1330/1427 | elapsed=5.8 min | eta=0.4 min
[2026-08-13 14:29:55] INFO Epoch 043 | train batch=1340/1427 | elapsed=5.8 min | eta=0.4 min
[2026-08-13 14:29:58] INFO Epoch 043 | train batch=1350/1427 | elapsed=5.9 min | eta=0.3 min
[2026-08-13 14:30:00] INFO Epoch 043 | train batch=1360/1427 | elapsed=5.9 min | eta=0.3 min
[2026-08-13 14:30:03] INFO Epoch 043 | train batch=1370/1427 | elapsed=6.0 min | eta=0.2 min
[2026-08-13 14:30:05] INFO Epoch 043 | train batch=1380/1427 | elapsed=6.0 min | eta=0.2 min
[2026-08-13 14:30:08] INFO Epoch 043 | train batch=1390/1427 | elapsed=6.1 min | eta=0.2 min
[2026-08-13 14:30:11] INFO Epoch 043 | train batch=1400/1427 | elapsed=6.1 min | eta=0.1 min
[2026-08-13 14:30:13] INFO Epoch 043 | train batch=1410/1427 | elapsed=6.1 min | eta=0.1 min
[2026-08-13 14:30:15] INFO Epoch 043 | train batch=1420/1427 | elapsed=6.2 min | eta=0.0 min
[2026-08-13 14:30:17] INFO Epoch 043 | train batch=1427/1427 | elapsed=6.2 min | eta=0.0 min
[2026-08-13 14:30:17] INFO Epoch 043 | val batch=1/203 | elapsed=0.0 min | eta=0.3 min
[2026-08-13 14:30:19] INFO Epoch 043 | val batch=10/203 | elapsed=0.0 min | eta=0.4 min
[2026-08-13 14:30:20] INFO Epoch 043 | val batch=20/203 | elapsed=0.0 min | eta=0.4 min
[2026-08-13 14:30:21] INFO Epoch 043 | val batch=30/203 | elapsed=0.1 min | eta=0.4 min
[2026-08-13 14:30:22] INFO Epoch 043 | val batch=40/203 | elapsed=0.1 min | eta=0.3 min
[2026-08-13 14:30:24] INFO Epoch 043 | val batch=50/203 | elapsed=0.1 min | eta=0.3 min
[2026-08-13 14:30:25] INFO Epoch 043 | val batch=60/203 | elapsed=0.1 min | eta=0.3 min
[2026-08-13 14:30:26] INFO Epoch 043 | val batch=70/203 | elapsed=0.1 min | eta=0.3 min
[2026-08-13 14:30:27] INFO Epoch 043 | val batch=80/203 | elapsed=0.2 min | eta=0.3 min
[2026-08-13 14:30:29] INFO Epoch 043 | val batch=90/203 | elapsed=0.2 min | eta=0.2 min
[2026-08-13 14:30:30] INFO Epoch 043 | val batch=100/203 | elapsed=0.2 min | eta=0.2 min
[2026-08-13 14:30:31] INFO Epoch 043 | val batch=110/203 | elapsed=0.2 min | eta=0.2 min
[2026-08-13 14:30:33] INFO Epoch 043 | val batch=120/203 | elapsed=0.3 min | eta=0.2 min
[2026-08-13 14:30:34] INFO Epoch 043 | val batch=130/203 | elapsed=0.3 min | eta=0.2 min
[2026-08-13 14:30:35] INFO Epoch 043 | val batch=140/203 | elapsed=0.3 min | eta=0.1 min
[2026-08-13 14:30:36] INFO Epoch 043 | val batch=150/203 | elapsed=0.3 min | eta=0.1 min
[2026-08-13 14:30:38] INFO Epoch 043 | val batch=160/203 | elapsed=0.3 min | eta=0.1 min
[2026-08-13 14:30:39] INFO Epoch 043 | val batch=170/203 | elapsed=0.4 min | eta=0.1 min
[2026-08-13 14:30:40] INFO Epoch 043 | val batch=180/203 | elapsed=0.4 min | eta=0.0 min
[2026-08-13 14:30:41] INFO Epoch 043 | val batch=190/203 | elapsed=0.4 min | eta=0.0 min
[2026-08-13 14:30:43] INFO Epoch 043 | val batch=200/203 | elapsed=0.4 min | eta=0.0 min
[2026-08-13 14:30:43] INFO Epoch 043 | val batch=203/203 | elapsed=0.4 min | eta=0.0 min
[2026-08-13 14:30:43] INFO Epoch 043 | train_total=1.029511 | val_total=1.212048 | val_mask=0.880976 | val_retrieval=2.367148 | val_profile=0.943574 | val_anchors=660915 | val_positive_pairs=0 | val_hard_negatives=0 | val_relation_candidates=9654476 | val_teacher_keff=4.444 | val_student_keff=9.613 | val_masked_positions=1957991 | skipped(train/val)=0/0
[2026-08-13 14:30:43] INFO Relation checkpoint updated | epoch=43 | best_val_relation=2.367148 | path=C:\Users\clw\projects\researchRep\STAnchor-BlockMemory\artifacts\metrla_e5_final_sym_profile_local12_seed42\pretrain_best_relation.pt
[2026-08-13 14:30:43] INFO Epoch 044/050 started | train_batches=1427 | val_batches=203
[2026-08-13 14:30:43] INFO Epoch 044 | train batch=1/1427 | elapsed=0.0 min | eta=7.4 min
[2026-08-13 14:30:45] INFO Epoch 044 | train batch=10/1427 | elapsed=0.0 min | eta=5.4 min
[2026-08-13 14:30:48] INFO Epoch 044 | train batch=20/1427 | elapsed=0.1 min | eta=6.0 min
[2026-08-13 14:30:51] INFO Epoch 044 | train batch=30/1427 | elapsed=0.1 min | eta=6.0 min
[2026-08-13 14:30:53] INFO Epoch 044 | train batch=40/1427 | elapsed=0.2 min | eta=5.9 min
[2026-08-13 14:30:56] INFO Epoch 044 | train batch=50/1427 | elapsed=0.2 min | eta=5.9 min
[2026-08-13 14:30:58] INFO Epoch 044 | train batch=60/1427 | elapsed=0.3 min | eta=5.8 min
[2026-08-13 14:31:01] INFO Epoch 044 | train batch=70/1427 | elapsed=0.3 min | eta=5.8 min
[2026-08-13 14:31:04] INFO Epoch 044 | train batch=80/1427 | elapsed=0.3 min | eta=5.8 min
[2026-08-13 14:31:06] INFO Epoch 044 | train batch=90/1427 | elapsed=0.4 min | eta=5.7 min
[2026-08-13 14:31:09] INFO Epoch 044 | train batch=100/1427 | elapsed=0.4 min | eta=5.7 min
[2026-08-13 14:31:11] INFO Epoch 044 | train batch=110/1427 | elapsed=0.5 min | eta=5.6 min
[2026-08-13 14:31:14] INFO Epoch 044 | train batch=120/1427 | elapsed=0.5 min | eta=5.6 min
[2026-08-13 14:31:16] INFO Epoch 044 | train batch=130/1427 | elapsed=0.6 min | eta=5.5 min
[2026-08-13 14:31:19] INFO Epoch 044 | train batch=140/1427 | elapsed=0.6 min | eta=5.4 min
[2026-08-13 14:31:21] INFO Epoch 044 | train batch=150/1427 | elapsed=0.6 min | eta=5.4 min
[2026-08-13 14:31:24] INFO Epoch 044 | train batch=160/1427 | elapsed=0.7 min | eta=5.4 min
[2026-08-13 14:31:27] INFO Epoch 044 | train batch=170/1427 | elapsed=0.7 min | eta=5.4 min
[2026-08-13 14:31:30] INFO Epoch 044 | train batch=180/1427 | elapsed=0.8 min | eta=5.4 min
[2026-08-13 14:31:32] INFO Epoch 044 | train batch=190/1427 | elapsed=0.8 min | eta=5.3 min
[2026-08-13 14:31:35] INFO Epoch 044 | train batch=200/1427 | elapsed=0.9 min | eta=5.3 min
[2026-08-13 14:31:37] INFO Epoch 044 | train batch=210/1427 | elapsed=0.9 min | eta=5.2 min
[2026-08-13 14:31:40] INFO Epoch 044 | train batch=220/1427 | elapsed=1.0 min | eta=5.2 min
[2026-08-13 14:31:43] INFO Epoch 044 | train batch=230/1427 | elapsed=1.0 min | eta=5.2 min
[2026-08-13 14:31:45] INFO Epoch 044 | train batch=240/1427 | elapsed=1.0 min | eta=5.1 min
[2026-08-13 14:31:48] INFO Epoch 044 | train batch=250/1427 | elapsed=1.1 min | eta=5.1 min
[2026-08-13 14:31:50] INFO Epoch 044 | train batch=260/1427 | elapsed=1.1 min | eta=5.0 min
[2026-08-13 14:31:53] INFO Epoch 044 | train batch=270/1427 | elapsed=1.2 min | eta=5.0 min
[2026-08-13 14:31:56] INFO Epoch 044 | train batch=280/1427 | elapsed=1.2 min | eta=5.0 min
[2026-08-13 14:31:58] INFO Epoch 044 | train batch=290/1427 | elapsed=1.3 min | eta=4.9 min
[2026-08-13 14:32:01] INFO Epoch 044 | train batch=300/1427 | elapsed=1.3 min | eta=4.9 min
[2026-08-13 14:32:03] INFO Epoch 044 | train batch=310/1427 | elapsed=1.3 min | eta=4.8 min
[2026-08-13 14:32:06] INFO Epoch 044 | train batch=320/1427 | elapsed=1.4 min | eta=4.8 min
[2026-08-13 14:32:09] INFO Epoch 044 | train batch=330/1427 | elapsed=1.4 min | eta=4.7 min
[2026-08-13 14:32:11] INFO Epoch 044 | train batch=340/1427 | elapsed=1.5 min | eta=4.7 min
[2026-08-13 14:32:14] INFO Epoch 044 | train batch=350/1427 | elapsed=1.5 min | eta=4.6 min
[2026-08-13 14:32:16] INFO Epoch 044 | train batch=360/1427 | elapsed=1.6 min | eta=4.6 min
[2026-08-13 14:32:19] INFO Epoch 044 | train batch=370/1427 | elapsed=1.6 min | eta=4.6 min
[2026-08-13 14:32:21] INFO Epoch 044 | train batch=380/1427 | elapsed=1.6 min | eta=4.5 min
[2026-08-13 14:32:24] INFO Epoch 044 | train batch=390/1427 | elapsed=1.7 min | eta=4.5 min
[2026-08-13 14:32:27] INFO Epoch 044 | train batch=400/1427 | elapsed=1.7 min | eta=4.4 min
[2026-08-13 14:32:29] INFO Epoch 044 | train batch=410/1427 | elapsed=1.8 min | eta=4.4 min
[2026-08-13 14:32:32] INFO Epoch 044 | train batch=420/1427 | elapsed=1.8 min | eta=4.3 min
[2026-08-13 14:32:34] INFO Epoch 044 | train batch=430/1427 | elapsed=1.9 min | eta=4.3 min
[2026-08-13 14:32:37] INFO Epoch 044 | train batch=440/1427 | elapsed=1.9 min | eta=4.3 min
[2026-08-13 14:32:39] INFO Epoch 044 | train batch=450/1427 | elapsed=1.9 min | eta=4.2 min
[2026-08-13 14:32:42] INFO Epoch 044 | train batch=460/1427 | elapsed=2.0 min | eta=4.2 min
[2026-08-13 14:32:45] INFO Epoch 044 | train batch=470/1427 | elapsed=2.0 min | eta=4.1 min
[2026-08-13 14:32:47] INFO Epoch 044 | train batch=480/1427 | elapsed=2.1 min | eta=4.1 min
[2026-08-13 14:32:50] INFO Epoch 044 | train batch=490/1427 | elapsed=2.1 min | eta=4.0 min
[2026-08-13 14:32:53] INFO Epoch 044 | train batch=500/1427 | elapsed=2.2 min | eta=4.0 min
[2026-08-13 14:32:56] INFO Epoch 044 | train batch=510/1427 | elapsed=2.2 min | eta=4.0 min
[2026-08-13 14:32:58] INFO Epoch 044 | train batch=520/1427 | elapsed=2.3 min | eta=3.9 min
[2026-08-13 14:33:01] INFO Epoch 044 | train batch=530/1427 | elapsed=2.3 min | eta=3.9 min
[2026-08-13 14:33:04] INFO Epoch 044 | train batch=540/1427 | elapsed=2.3 min | eta=3.8 min
[2026-08-13 14:33:06] INFO Epoch 044 | train batch=550/1427 | elapsed=2.4 min | eta=3.8 min
[2026-08-13 14:33:09] INFO Epoch 044 | train batch=560/1427 | elapsed=2.4 min | eta=3.8 min
[2026-08-13 14:33:11] INFO Epoch 044 | train batch=570/1427 | elapsed=2.5 min | eta=3.7 min
[2026-08-13 14:33:14] INFO Epoch 044 | train batch=580/1427 | elapsed=2.5 min | eta=3.7 min
[2026-08-13 14:33:16] INFO Epoch 044 | train batch=590/1427 | elapsed=2.6 min | eta=3.6 min
[2026-08-13 14:33:19] INFO Epoch 044 | train batch=600/1427 | elapsed=2.6 min | eta=3.6 min
[2026-08-13 14:33:22] INFO Epoch 044 | train batch=610/1427 | elapsed=2.6 min | eta=3.5 min
[2026-08-13 14:33:25] INFO Epoch 044 | train batch=620/1427 | elapsed=2.7 min | eta=3.5 min
[2026-08-13 14:33:27] INFO Epoch 044 | train batch=630/1427 | elapsed=2.7 min | eta=3.5 min
[2026-08-13 14:33:30] INFO Epoch 044 | train batch=640/1427 | elapsed=2.8 min | eta=3.4 min
[2026-08-13 14:33:32] INFO Epoch 044 | train batch=650/1427 | elapsed=2.8 min | eta=3.4 min
[2026-08-13 14:33:35] INFO Epoch 044 | train batch=660/1427 | elapsed=2.9 min | eta=3.3 min
[2026-08-13 14:33:37] INFO Epoch 044 | train batch=670/1427 | elapsed=2.9 min | eta=3.3 min
[2026-08-13 14:33:40] INFO Epoch 044 | train batch=680/1427 | elapsed=2.9 min | eta=3.2 min
[2026-08-13 14:33:42] INFO Epoch 044 | train batch=690/1427 | elapsed=3.0 min | eta=3.2 min
[2026-08-13 14:33:45] INFO Epoch 044 | train batch=700/1427 | elapsed=3.0 min | eta=3.1 min
[2026-08-13 14:33:48] INFO Epoch 044 | train batch=710/1427 | elapsed=3.1 min | eta=3.1 min
[2026-08-13 14:33:50] INFO Epoch 044 | train batch=720/1427 | elapsed=3.1 min | eta=3.1 min
[2026-08-13 14:33:53] INFO Epoch 044 | train batch=730/1427 | elapsed=3.2 min | eta=3.0 min
[2026-08-13 14:33:55] INFO Epoch 044 | train batch=740/1427 | elapsed=3.2 min | eta=3.0 min
[2026-08-13 14:33:58] INFO Epoch 044 | train batch=750/1427 | elapsed=3.2 min | eta=2.9 min
[2026-08-13 14:34:00] INFO Epoch 044 | train batch=760/1427 | elapsed=3.3 min | eta=2.9 min
[2026-08-13 14:34:03] INFO Epoch 044 | train batch=770/1427 | elapsed=3.3 min | eta=2.8 min
[2026-08-13 14:34:06] INFO Epoch 044 | train batch=780/1427 | elapsed=3.4 min | eta=2.8 min
[2026-08-13 14:34:08] INFO Epoch 044 | train batch=790/1427 | elapsed=3.4 min | eta=2.8 min
[2026-08-13 14:34:11] INFO Epoch 044 | train batch=800/1427 | elapsed=3.5 min | eta=2.7 min
[2026-08-13 14:34:13] INFO Epoch 044 | train batch=810/1427 | elapsed=3.5 min | eta=2.7 min
[2026-08-13 14:34:16] INFO Epoch 044 | train batch=820/1427 | elapsed=3.5 min | eta=2.6 min
[2026-08-13 14:34:18] INFO Epoch 044 | train batch=830/1427 | elapsed=3.6 min | eta=2.6 min
[2026-08-13 14:34:21] INFO Epoch 044 | train batch=840/1427 | elapsed=3.6 min | eta=2.5 min
[2026-08-13 14:34:23] INFO Epoch 044 | train batch=850/1427 | elapsed=3.7 min | eta=2.5 min
[2026-08-13 14:34:26] INFO Epoch 044 | train batch=860/1427 | elapsed=3.7 min | eta=2.4 min
[2026-08-13 14:34:29] INFO Epoch 044 | train batch=870/1427 | elapsed=3.8 min | eta=2.4 min
[2026-08-13 14:34:31] INFO Epoch 044 | train batch=880/1427 | elapsed=3.8 min | eta=2.4 min
[2026-08-13 14:34:34] INFO Epoch 044 | train batch=890/1427 | elapsed=3.8 min | eta=2.3 min
[2026-08-13 14:34:36] INFO Epoch 044 | train batch=900/1427 | elapsed=3.9 min | eta=2.3 min
[2026-08-13 14:34:39] INFO Epoch 044 | train batch=910/1427 | elapsed=3.9 min | eta=2.2 min
[2026-08-13 14:34:42] INFO Epoch 044 | train batch=920/1427 | elapsed=4.0 min | eta=2.2 min
[2026-08-13 14:34:44] INFO Epoch 044 | train batch=930/1427 | elapsed=4.0 min | eta=2.1 min
[2026-08-13 14:34:47] INFO Epoch 044 | train batch=940/1427 | elapsed=4.1 min | eta=2.1 min
[2026-08-13 14:34:50] INFO Epoch 044 | train batch=950/1427 | elapsed=4.1 min | eta=2.1 min
[2026-08-13 14:34:53] INFO Epoch 044 | train batch=960/1427 | elapsed=4.2 min | eta=2.0 min
[2026-08-13 14:34:55] INFO Epoch 044 | train batch=970/1427 | elapsed=4.2 min | eta=2.0 min
[2026-08-13 14:34:58] INFO Epoch 044 | train batch=980/1427 | elapsed=4.2 min | eta=1.9 min
[2026-08-13 14:35:00] INFO Epoch 044 | train batch=990/1427 | elapsed=4.3 min | eta=1.9 min
[2026-08-13 14:35:03] INFO Epoch 044 | train batch=1000/1427 | elapsed=4.3 min | eta=1.8 min
[2026-08-13 14:35:06] INFO Epoch 044 | train batch=1010/1427 | elapsed=4.4 min | eta=1.8 min
[2026-08-13 14:35:08] INFO Epoch 044 | train batch=1020/1427 | elapsed=4.4 min | eta=1.8 min
[2026-08-13 14:35:11] INFO Epoch 044 | train batch=1030/1427 | elapsed=4.5 min | eta=1.7 min
[2026-08-13 14:35:13] INFO Epoch 044 | train batch=1040/1427 | elapsed=4.5 min | eta=1.7 min
[2026-08-13 14:35:16] INFO Epoch 044 | train batch=1050/1427 | elapsed=4.5 min | eta=1.6 min
[2026-08-13 14:35:19] INFO Epoch 044 | train batch=1060/1427 | elapsed=4.6 min | eta=1.6 min
[2026-08-13 14:35:21] INFO Epoch 044 | train batch=1070/1427 | elapsed=4.6 min | eta=1.5 min
[2026-08-13 14:35:23] INFO Epoch 044 | train batch=1080/1427 | elapsed=4.7 min | eta=1.5 min
[2026-08-13 14:35:26] INFO Epoch 044 | train batch=1090/1427 | elapsed=4.7 min | eta=1.5 min
[2026-08-13 14:35:28] INFO Epoch 044 | train batch=1100/1427 | elapsed=4.8 min | eta=1.4 min
[2026-08-13 14:35:31] INFO Epoch 044 | train batch=1110/1427 | elapsed=4.8 min | eta=1.4 min
[2026-08-13 14:35:33] INFO Epoch 044 | train batch=1120/1427 | elapsed=4.8 min | eta=1.3 min
[2026-08-13 14:35:36] INFO Epoch 044 | train batch=1130/1427 | elapsed=4.9 min | eta=1.3 min
[2026-08-13 14:35:38] INFO Epoch 044 | train batch=1140/1427 | elapsed=4.9 min | eta=1.2 min
[2026-08-13 14:35:41] INFO Epoch 044 | train batch=1150/1427 | elapsed=5.0 min | eta=1.2 min
[2026-08-13 14:35:44] INFO Epoch 044 | train batch=1160/1427 | elapsed=5.0 min | eta=1.2 min
[2026-08-13 14:35:46] INFO Epoch 044 | train batch=1170/1427 | elapsed=5.1 min | eta=1.1 min
[2026-08-13 14:35:49] INFO Epoch 044 | train batch=1180/1427 | elapsed=5.1 min | eta=1.1 min
[2026-08-13 14:35:51] INFO Epoch 044 | train batch=1190/1427 | elapsed=5.1 min | eta=1.0 min
[2026-08-13 14:35:54] INFO Epoch 044 | train batch=1200/1427 | elapsed=5.2 min | eta=1.0 min
[2026-08-13 14:35:57] INFO Epoch 044 | train batch=1210/1427 | elapsed=5.2 min | eta=0.9 min
[2026-08-13 14:36:00] INFO Epoch 044 | train batch=1220/1427 | elapsed=5.3 min | eta=0.9 min
[2026-08-13 14:36:02] INFO Epoch 044 | train batch=1230/1427 | elapsed=5.3 min | eta=0.9 min
[2026-08-13 14:36:04] INFO Epoch 044 | train batch=1240/1427 | elapsed=5.4 min | eta=0.8 min
[2026-08-13 14:36:07] INFO Epoch 044 | train batch=1250/1427 | elapsed=5.4 min | eta=0.8 min
[2026-08-13 14:36:10] INFO Epoch 044 | train batch=1260/1427 | elapsed=5.4 min | eta=0.7 min
[2026-08-13 14:36:12] INFO Epoch 044 | train batch=1270/1427 | elapsed=5.5 min | eta=0.7 min
[2026-08-13 14:36:15] INFO Epoch 044 | train batch=1280/1427 | elapsed=5.5 min | eta=0.6 min
[2026-08-13 14:36:17] INFO Epoch 044 | train batch=1290/1427 | elapsed=5.6 min | eta=0.6 min
[2026-08-13 14:36:20] INFO Epoch 044 | train batch=1300/1427 | elapsed=5.6 min | eta=0.5 min
[2026-08-13 14:36:23] INFO Epoch 044 | train batch=1310/1427 | elapsed=5.7 min | eta=0.5 min
[2026-08-13 14:36:25] INFO Epoch 044 | train batch=1320/1427 | elapsed=5.7 min | eta=0.5 min
[2026-08-13 14:36:28] INFO Epoch 044 | train batch=1330/1427 | elapsed=5.7 min | eta=0.4 min
[2026-08-13 14:36:31] INFO Epoch 044 | train batch=1340/1427 | elapsed=5.8 min | eta=0.4 min
[2026-08-13 14:36:33] INFO Epoch 044 | train batch=1350/1427 | elapsed=5.8 min | eta=0.3 min
[2026-08-13 14:36:36] INFO Epoch 044 | train batch=1360/1427 | elapsed=5.9 min | eta=0.3 min
[2026-08-13 14:36:39] INFO Epoch 044 | train batch=1370/1427 | elapsed=5.9 min | eta=0.2 min
[2026-08-13 14:36:41] INFO Epoch 044 | train batch=1380/1427 | elapsed=6.0 min | eta=0.2 min
[2026-08-13 14:36:44] INFO Epoch 044 | train batch=1390/1427 | elapsed=6.0 min | eta=0.2 min
[2026-08-13 14:36:47] INFO Epoch 044 | train batch=1400/1427 | elapsed=6.1 min | eta=0.1 min
[2026-08-13 14:36:49] INFO Epoch 044 | train batch=1410/1427 | elapsed=6.1 min | eta=0.1 min
[2026-08-13 14:36:52] INFO Epoch 044 | train batch=1420/1427 | elapsed=6.1 min | eta=0.0 min
[2026-08-13 14:36:53] INFO Epoch 044 | train batch=1427/1427 | elapsed=6.2 min | eta=0.0 min
[2026-08-13 14:36:53] INFO Epoch 044 | val batch=1/203 | elapsed=0.0 min | eta=0.2 min
[2026-08-13 14:36:55] INFO Epoch 044 | val batch=10/203 | elapsed=0.0 min | eta=0.4 min
[2026-08-13 14:36:56] INFO Epoch 044 | val batch=20/203 | elapsed=0.0 min | eta=0.4 min
[2026-08-13 14:36:57] INFO Epoch 044 | val batch=30/203 | elapsed=0.1 min | eta=0.4 min
[2026-08-13 14:36:58] INFO Epoch 044 | val batch=40/203 | elapsed=0.1 min | eta=0.3 min
[2026-08-13 14:37:00] INFO Epoch 044 | val batch=50/203 | elapsed=0.1 min | eta=0.3 min
[2026-08-13 14:37:01] INFO Epoch 044 | val batch=60/203 | elapsed=0.1 min | eta=0.3 min
[2026-08-13 14:37:02] INFO Epoch 044 | val batch=70/203 | elapsed=0.1 min | eta=0.3 min
[2026-08-13 14:37:04] INFO Epoch 044 | val batch=80/203 | elapsed=0.2 min | eta=0.3 min
[2026-08-13 14:37:05] INFO Epoch 044 | val batch=90/203 | elapsed=0.2 min | eta=0.2 min
[2026-08-13 14:37:06] INFO Epoch 044 | val batch=100/203 | elapsed=0.2 min | eta=0.2 min
[2026-08-13 14:37:07] INFO Epoch 044 | val batch=110/203 | elapsed=0.2 min | eta=0.2 min
[2026-08-13 14:37:09] INFO Epoch 044 | val batch=120/203 | elapsed=0.3 min | eta=0.2 min
[2026-08-13 14:37:10] INFO Epoch 044 | val batch=130/203 | elapsed=0.3 min | eta=0.2 min
[2026-08-13 14:37:11] INFO Epoch 044 | val batch=140/203 | elapsed=0.3 min | eta=0.1 min
[2026-08-13 14:37:12] INFO Epoch 044 | val batch=150/203 | elapsed=0.3 min | eta=0.1 min
[2026-08-13 14:37:14] INFO Epoch 044 | val batch=160/203 | elapsed=0.3 min | eta=0.1 min
[2026-08-13 14:37:15] INFO Epoch 044 | val batch=170/203 | elapsed=0.4 min | eta=0.1 min
[2026-08-13 14:37:16] INFO Epoch 044 | val batch=180/203 | elapsed=0.4 min | eta=0.0 min
[2026-08-13 14:37:18] INFO Epoch 044 | val batch=190/203 | elapsed=0.4 min | eta=0.0 min
[2026-08-13 14:37:19] INFO Epoch 044 | val batch=200/203 | elapsed=0.4 min | eta=0.0 min
[2026-08-13 14:37:19] INFO Epoch 044 | val batch=203/203 | elapsed=0.4 min | eta=0.0 min
[2026-08-13 14:37:19] INFO Epoch 044 | train_total=1.071739 | val_total=1.013620 | val_mask=0.683085 | val_retrieval=2.367523 | val_profile=0.937828 | val_anchors=660915 | val_positive_pairs=0 | val_hard_negatives=0 | val_relation_candidates=9654476 | val_teacher_keff=4.444 | val_student_keff=9.516 | val_masked_positions=1957992 | skipped(train/val)=0/0
[2026-08-13 14:37:19] INFO Epoch 045/050 started | train_batches=1427 | val_batches=203
[2026-08-13 14:37:19] INFO Epoch 045 | train batch=1/1427 | elapsed=0.0 min | eta=5.0 min
[2026-08-13 14:37:21] INFO Epoch 045 | train batch=10/1427 | elapsed=0.0 min | eta=5.2 min
[2026-08-13 14:37:24] INFO Epoch 045 | train batch=20/1427 | elapsed=0.1 min | eta=5.9 min
[2026-08-13 14:37:27] INFO Epoch 045 | train batch=30/1427 | elapsed=0.1 min | eta=6.0 min
[2026-08-13 14:37:29] INFO Epoch 045 | train batch=40/1427 | elapsed=0.2 min | eta=5.7 min
[2026-08-13 14:37:32] INFO Epoch 045 | train batch=50/1427 | elapsed=0.2 min | eta=5.8 min
[2026-08-13 14:37:34] INFO Epoch 045 | train batch=60/1427 | elapsed=0.3 min | eta=5.8 min
[2026-08-13 14:37:37] INFO Epoch 045 | train batch=70/1427 | elapsed=0.3 min | eta=5.7 min
[2026-08-13 14:37:39] INFO Epoch 045 | train batch=80/1427 | elapsed=0.3 min | eta=5.7 min
[2026-08-13 14:37:42] INFO Epoch 045 | train batch=90/1427 | elapsed=0.4 min | eta=5.6 min
[2026-08-13 14:37:44] INFO Epoch 045 | train batch=100/1427 | elapsed=0.4 min | eta=5.6 min
[2026-08-13 14:37:47] INFO Epoch 045 | train batch=110/1427 | elapsed=0.5 min | eta=5.5 min
[2026-08-13 14:37:50] INFO Epoch 045 | train batch=120/1427 | elapsed=0.5 min | eta=5.5 min
[2026-08-13 14:37:52] INFO Epoch 045 | train batch=130/1427 | elapsed=0.5 min | eta=5.4 min
[2026-08-13 14:37:54] INFO Epoch 045 | train batch=140/1427 | elapsed=0.6 min | eta=5.4 min
[2026-08-13 14:37:57] INFO Epoch 045 | train batch=150/1427 | elapsed=0.6 min | eta=5.4 min
[2026-08-13 14:38:00] INFO Epoch 045 | train batch=160/1427 | elapsed=0.7 min | eta=5.3 min
[2026-08-13 14:38:02] INFO Epoch 045 | train batch=170/1427 | elapsed=0.7 min | eta=5.3 min
[2026-08-13 14:38:05] INFO Epoch 045 | train batch=180/1427 | elapsed=0.8 min | eta=5.3 min
[2026-08-13 14:38:07] INFO Epoch 045 | train batch=190/1427 | elapsed=0.8 min | eta=5.2 min
[2026-08-13 14:38:10] INFO Epoch 045 | train batch=200/1427 | elapsed=0.8 min | eta=5.2 min
[2026-08-13 14:38:12] INFO Epoch 045 | train batch=210/1427 | elapsed=0.9 min | eta=5.1 min
[2026-08-13 14:38:15] INFO Epoch 045 | train batch=220/1427 | elapsed=0.9 min | eta=5.1 min
[2026-08-13 14:38:17] INFO Epoch 045 | train batch=230/1427 | elapsed=1.0 min | eta=5.1 min
[2026-08-13 14:38:20] INFO Epoch 045 | train batch=240/1427 | elapsed=1.0 min | eta=5.0 min
[2026-08-13 14:38:23] INFO Epoch 045 | train batch=250/1427 | elapsed=1.1 min | eta=5.0 min
[2026-08-13 14:38:25] INFO Epoch 045 | train batch=260/1427 | elapsed=1.1 min | eta=5.0 min
[2026-08-13 14:38:28] INFO Epoch 045 | train batch=270/1427 | elapsed=1.1 min | eta=4.9 min
[2026-08-13 14:38:31] INFO Epoch 045 | train batch=280/1427 | elapsed=1.2 min | eta=4.9 min
[2026-08-13 14:38:33] INFO Epoch 045 | train batch=290/1427 | elapsed=1.2 min | eta=4.9 min
[2026-08-13 14:38:36] INFO Epoch 045 | train batch=300/1427 | elapsed=1.3 min | eta=4.8 min
[2026-08-13 14:38:39] INFO Epoch 045 | train batch=310/1427 | elapsed=1.3 min | eta=4.8 min
[2026-08-13 14:38:41] INFO Epoch 045 | train batch=320/1427 | elapsed=1.4 min | eta=4.7 min
[2026-08-13 14:38:44] INFO Epoch 045 | train batch=330/1427 | elapsed=1.4 min | eta=4.7 min
[2026-08-13 14:38:47] INFO Epoch 045 | train batch=340/1427 | elapsed=1.5 min | eta=4.7 min
[2026-08-13 14:38:49] INFO Epoch 045 | train batch=350/1427 | elapsed=1.5 min | eta=4.6 min
[2026-08-13 14:38:52] INFO Epoch 045 | train batch=360/1427 | elapsed=1.6 min | eta=4.6 min
[2026-08-13 14:38:55] INFO Epoch 045 | train batch=370/1427 | elapsed=1.6 min | eta=4.6 min
[2026-08-13 14:38:58] INFO Epoch 045 | train batch=380/1427 | elapsed=1.6 min | eta=4.5 min
[2026-08-13 14:39:00] INFO Epoch 045 | train batch=390/1427 | elapsed=1.7 min | eta=4.5 min
[2026-08-13 14:39:03] INFO Epoch 045 | train batch=400/1427 | elapsed=1.7 min | eta=4.4 min
[2026-08-13 14:39:06] INFO Epoch 045 | train batch=410/1427 | elapsed=1.8 min | eta=4.4 min
[2026-08-13 14:39:08] INFO Epoch 045 | train batch=420/1427 | elapsed=1.8 min | eta=4.4 min
[2026-08-13 14:39:11] INFO Epoch 045 | train batch=430/1427 | elapsed=1.9 min | eta=4.3 min
[2026-08-13 14:39:13] INFO Epoch 045 | train batch=440/1427 | elapsed=1.9 min | eta=4.3 min
[2026-08-13 14:39:16] INFO Epoch 045 | train batch=450/1427 | elapsed=1.9 min | eta=4.2 min
[2026-08-13 14:39:19] INFO Epoch 045 | train batch=460/1427 | elapsed=2.0 min | eta=4.2 min
[2026-08-13 14:39:21] INFO Epoch 045 | train batch=470/1427 | elapsed=2.0 min | eta=4.1 min
[2026-08-13 14:39:24] INFO Epoch 045 | train batch=480/1427 | elapsed=2.1 min | eta=4.1 min
[2026-08-13 14:39:26] INFO Epoch 045 | train batch=490/1427 | elapsed=2.1 min | eta=4.0 min
[2026-08-13 14:39:29] INFO Epoch 045 | train batch=500/1427 | elapsed=2.2 min | eta=4.0 min
[2026-08-13 14:39:31] INFO Epoch 045 | train batch=510/1427 | elapsed=2.2 min | eta=4.0 min
[2026-08-13 14:39:34] INFO Epoch 045 | train batch=520/1427 | elapsed=2.2 min | eta=3.9 min
[2026-08-13 14:39:36] INFO Epoch 045 | train batch=530/1427 | elapsed=2.3 min | eta=3.9 min
[2026-08-13 14:39:39] INFO Epoch 045 | train batch=540/1427 | elapsed=2.3 min | eta=3.8 min
[2026-08-13 14:39:41] INFO Epoch 045 | train batch=550/1427 | elapsed=2.4 min | eta=3.8 min
[2026-08-13 14:39:44] INFO Epoch 045 | train batch=560/1427 | elapsed=2.4 min | eta=3.7 min
[2026-08-13 14:39:47] INFO Epoch 045 | train batch=570/1427 | elapsed=2.5 min | eta=3.7 min
[2026-08-13 14:39:49] INFO Epoch 045 | train batch=580/1427 | elapsed=2.5 min | eta=3.7 min
[2026-08-13 14:39:52] INFO Epoch 045 | train batch=590/1427 | elapsed=2.5 min | eta=3.6 min
[2026-08-13 14:39:54] INFO Epoch 045 | train batch=600/1427 | elapsed=2.6 min | eta=3.6 min
[2026-08-13 14:39:57] INFO Epoch 045 | train batch=610/1427 | elapsed=2.6 min | eta=3.5 min
[2026-08-13 14:40:00] INFO Epoch 045 | train batch=620/1427 | elapsed=2.7 min | eta=3.5 min
[2026-08-13 14:40:02] INFO Epoch 045 | train batch=630/1427 | elapsed=2.7 min | eta=3.4 min
[2026-08-13 14:40:05] INFO Epoch 045 | train batch=640/1427 | elapsed=2.8 min | eta=3.4 min
[2026-08-13 14:40:08] INFO Epoch 045 | train batch=650/1427 | elapsed=2.8 min | eta=3.4 min
[2026-08-13 14:40:10] INFO Epoch 045 | train batch=660/1427 | elapsed=2.9 min | eta=3.3 min
[2026-08-13 14:40:13] INFO Epoch 045 | train batch=670/1427 | elapsed=2.9 min | eta=3.3 min
[2026-08-13 14:40:15] INFO Epoch 045 | train batch=680/1427 | elapsed=2.9 min | eta=3.2 min
[2026-08-13 14:40:18] INFO Epoch 045 | train batch=690/1427 | elapsed=3.0 min | eta=3.2 min
[2026-08-13 14:40:20] INFO Epoch 045 | train batch=700/1427 | elapsed=3.0 min | eta=3.1 min
[2026-08-13 14:40:23] INFO Epoch 045 | train batch=710/1427 | elapsed=3.1 min | eta=3.1 min
[2026-08-13 14:40:25] INFO Epoch 045 | train batch=720/1427 | elapsed=3.1 min | eta=3.0 min
[2026-08-13 14:40:28] INFO Epoch 045 | train batch=730/1427 | elapsed=3.1 min | eta=3.0 min
[2026-08-13 14:40:31] INFO Epoch 045 | train batch=740/1427 | elapsed=3.2 min | eta=3.0 min
[2026-08-13 14:40:34] INFO Epoch 045 | train batch=750/1427 | elapsed=3.2 min | eta=2.9 min
[2026-08-13 14:40:36] INFO Epoch 045 | train batch=760/1427 | elapsed=3.3 min | eta=2.9 min
[2026-08-13 14:40:39] INFO Epoch 045 | train batch=770/1427 | elapsed=3.3 min | eta=2.8 min
[2026-08-13 14:40:42] INFO Epoch 045 | train batch=780/1427 | elapsed=3.4 min | eta=2.8 min
[2026-08-13 14:40:44] INFO Epoch 045 | train batch=790/1427 | elapsed=3.4 min | eta=2.8 min
[2026-08-13 14:40:47] INFO Epoch 045 | train batch=800/1427 | elapsed=3.5 min | eta=2.7 min
[2026-08-13 14:40:50] INFO Epoch 045 | train batch=810/1427 | elapsed=3.5 min | eta=2.7 min
[2026-08-13 14:40:52] INFO Epoch 045 | train batch=820/1427 | elapsed=3.6 min | eta=2.6 min
[2026-08-13 14:40:55] INFO Epoch 045 | train batch=830/1427 | elapsed=3.6 min | eta=2.6 min
[2026-08-13 14:40:58] INFO Epoch 045 | train batch=840/1427 | elapsed=3.6 min | eta=2.5 min
[2026-08-13 14:41:00] INFO Epoch 045 | train batch=850/1427 | elapsed=3.7 min | eta=2.5 min
[2026-08-13 14:41:03] INFO Epoch 045 | train batch=860/1427 | elapsed=3.7 min | eta=2.5 min
[2026-08-13 14:41:05] INFO Epoch 045 | train batch=870/1427 | elapsed=3.8 min | eta=2.4 min
[2026-08-13 14:41:08] INFO Epoch 045 | train batch=880/1427 | elapsed=3.8 min | eta=2.4 min
[2026-08-13 14:41:11] INFO Epoch 045 | train batch=890/1427 | elapsed=3.9 min | eta=2.3 min
[2026-08-13 14:41:14] INFO Epoch 045 | train batch=900/1427 | elapsed=3.9 min | eta=2.3 min
[2026-08-13 14:41:16] INFO Epoch 045 | train batch=910/1427 | elapsed=4.0 min | eta=2.2 min
[2026-08-13 14:41:19] INFO Epoch 045 | train batch=920/1427 | elapsed=4.0 min | eta=2.2 min
[2026-08-13 14:41:21] INFO Epoch 045 | train batch=930/1427 | elapsed=4.0 min | eta=2.2 min
[2026-08-13 14:41:24] INFO Epoch 045 | train batch=940/1427 | elapsed=4.1 min | eta=2.1 min
[2026-08-13 14:41:27] INFO Epoch 045 | train batch=950/1427 | elapsed=4.1 min | eta=2.1 min
[2026-08-13 14:41:30] INFO Epoch 045 | train batch=960/1427 | elapsed=4.2 min | eta=2.0 min
[2026-08-13 14:41:32] INFO Epoch 045 | train batch=970/1427 | elapsed=4.2 min | eta=2.0 min
[2026-08-13 14:41:35] INFO Epoch 045 | train batch=980/1427 | elapsed=4.3 min | eta=1.9 min
[2026-08-13 14:41:38] INFO Epoch 045 | train batch=990/1427 | elapsed=4.3 min | eta=1.9 min
[2026-08-13 14:41:40] INFO Epoch 045 | train batch=1000/1427 | elapsed=4.3 min | eta=1.9 min
[2026-08-13 14:41:43] INFO Epoch 045 | train batch=1010/1427 | elapsed=4.4 min | eta=1.8 min
[2026-08-13 14:41:45] INFO Epoch 045 | train batch=1020/1427 | elapsed=4.4 min | eta=1.8 min
[2026-08-13 14:41:48] INFO Epoch 045 | train batch=1030/1427 | elapsed=4.5 min | eta=1.7 min
[2026-08-13 14:41:50] INFO Epoch 045 | train batch=1040/1427 | elapsed=4.5 min | eta=1.7 min
[2026-08-13 14:41:53] INFO Epoch 045 | train batch=1050/1427 | elapsed=4.6 min | eta=1.6 min
[2026-08-13 14:41:55] INFO Epoch 045 | train batch=1060/1427 | elapsed=4.6 min | eta=1.6 min
[2026-08-13 14:41:58] INFO Epoch 045 | train batch=1070/1427 | elapsed=4.6 min | eta=1.5 min
[2026-08-13 14:42:00] INFO Epoch 045 | train batch=1080/1427 | elapsed=4.7 min | eta=1.5 min
[2026-08-13 14:42:03] INFO Epoch 045 | train batch=1090/1427 | elapsed=4.7 min | eta=1.5 min
[2026-08-13 14:42:05] INFO Epoch 045 | train batch=1100/1427 | elapsed=4.8 min | eta=1.4 min
[2026-08-13 14:42:08] INFO Epoch 045 | train batch=1110/1427 | elapsed=4.8 min | eta=1.4 min
[2026-08-13 14:42:10] INFO Epoch 045 | train batch=1120/1427 | elapsed=4.9 min | eta=1.3 min
[2026-08-13 14:42:13] INFO Epoch 045 | train batch=1130/1427 | elapsed=4.9 min | eta=1.3 min
[2026-08-13 14:42:16] INFO Epoch 045 | train batch=1140/1427 | elapsed=4.9 min | eta=1.2 min
[2026-08-13 14:42:18] INFO Epoch 045 | train batch=1150/1427 | elapsed=5.0 min | eta=1.2 min
[2026-08-13 14:42:21] INFO Epoch 045 | train batch=1160/1427 | elapsed=5.0 min | eta=1.2 min
[2026-08-13 14:42:24] INFO Epoch 045 | train batch=1170/1427 | elapsed=5.1 min | eta=1.1 min
[2026-08-13 14:42:26] INFO Epoch 045 | train batch=1180/1427 | elapsed=5.1 min | eta=1.1 min
[2026-08-13 14:42:29] INFO Epoch 045 | train batch=1190/1427 | elapsed=5.2 min | eta=1.0 min
[2026-08-13 14:42:32] INFO Epoch 045 | train batch=1200/1427 | elapsed=5.2 min | eta=1.0 min
[2026-08-13 14:42:34] INFO Epoch 045 | train batch=1210/1427 | elapsed=5.2 min | eta=0.9 min
[2026-08-13 14:42:36] INFO Epoch 045 | train batch=1220/1427 | elapsed=5.3 min | eta=0.9 min
[2026-08-13 14:42:39] INFO Epoch 045 | train batch=1230/1427 | elapsed=5.3 min | eta=0.9 min
[2026-08-13 14:42:41] INFO Epoch 045 | train batch=1240/1427 | elapsed=5.4 min | eta=0.8 min
[2026-08-13 14:42:44] INFO Epoch 045 | train batch=1250/1427 | elapsed=5.4 min | eta=0.8 min
[2026-08-13 14:42:47] INFO Epoch 045 | train batch=1260/1427 | elapsed=5.5 min | eta=0.7 min
[2026-08-13 14:42:50] INFO Epoch 045 | train batch=1270/1427 | elapsed=5.5 min | eta=0.7 min
[2026-08-13 14:42:53] INFO Epoch 045 | train batch=1280/1427 | elapsed=5.6 min | eta=0.6 min
[2026-08-13 14:42:55] INFO Epoch 045 | train batch=1290/1427 | elapsed=5.6 min | eta=0.6 min
[2026-08-13 14:42:58] INFO Epoch 045 | train batch=1300/1427 | elapsed=5.7 min | eta=0.6 min
[2026-08-13 14:43:01] INFO Epoch 045 | train batch=1310/1427 | elapsed=5.7 min | eta=0.5 min
[2026-08-13 14:43:04] INFO Epoch 045 | train batch=1320/1427 | elapsed=5.7 min | eta=0.5 min
[2026-08-13 14:43:06] INFO Epoch 045 | train batch=1330/1427 | elapsed=5.8 min | eta=0.4 min
[2026-08-13 14:43:09] INFO Epoch 045 | train batch=1340/1427 | elapsed=5.8 min | eta=0.4 min
[2026-08-13 14:43:11] INFO Epoch 045 | train batch=1350/1427 | elapsed=5.9 min | eta=0.3 min
[2026-08-13 14:43:14] INFO Epoch 045 | train batch=1360/1427 | elapsed=5.9 min | eta=0.3 min
[2026-08-13 14:43:17] INFO Epoch 045 | train batch=1370/1427 | elapsed=6.0 min | eta=0.2 min
[2026-08-13 14:43:20] INFO Epoch 045 | train batch=1380/1427 | elapsed=6.0 min | eta=0.2 min
[2026-08-13 14:43:22] INFO Epoch 045 | train batch=1390/1427 | elapsed=6.0 min | eta=0.2 min
[2026-08-13 14:43:25] INFO Epoch 045 | train batch=1400/1427 | elapsed=6.1 min | eta=0.1 min
[2026-08-13 14:43:27] INFO Epoch 045 | train batch=1410/1427 | elapsed=6.1 min | eta=0.1 min
[2026-08-13 14:43:30] INFO Epoch 045 | train batch=1420/1427 | elapsed=6.2 min | eta=0.0 min
[2026-08-13 14:43:31] INFO Epoch 045 | train batch=1427/1427 | elapsed=6.2 min | eta=0.0 min
[2026-08-13 14:43:31] INFO Epoch 045 | val batch=1/203 | elapsed=0.0 min | eta=0.3 min
[2026-08-13 14:43:33] INFO Epoch 045 | val batch=10/203 | elapsed=0.0 min | eta=0.4 min
[2026-08-13 14:43:34] INFO Epoch 045 | val batch=20/203 | elapsed=0.0 min | eta=0.4 min
[2026-08-13 14:43:35] INFO Epoch 045 | val batch=30/203 | elapsed=0.1 min | eta=0.4 min
[2026-08-13 14:43:36] INFO Epoch 045 | val batch=40/203 | elapsed=0.1 min | eta=0.3 min
[2026-08-13 14:43:38] INFO Epoch 045 | val batch=50/203 | elapsed=0.1 min | eta=0.3 min
[2026-08-13 14:43:39] INFO Epoch 045 | val batch=60/203 | elapsed=0.1 min | eta=0.3 min
[2026-08-13 14:43:40] INFO Epoch 045 | val batch=70/203 | elapsed=0.1 min | eta=0.3 min
[2026-08-13 14:43:42] INFO Epoch 045 | val batch=80/203 | elapsed=0.2 min | eta=0.3 min
[2026-08-13 14:43:43] INFO Epoch 045 | val batch=90/203 | elapsed=0.2 min | eta=0.2 min
[2026-08-13 14:43:44] INFO Epoch 045 | val batch=100/203 | elapsed=0.2 min | eta=0.2 min
[2026-08-13 14:43:45] INFO Epoch 045 | val batch=110/203 | elapsed=0.2 min | eta=0.2 min
[2026-08-13 14:43:47] INFO Epoch 045 | val batch=120/203 | elapsed=0.3 min | eta=0.2 min
[2026-08-13 14:43:48] INFO Epoch 045 | val batch=130/203 | elapsed=0.3 min | eta=0.2 min
[2026-08-13 14:43:49] INFO Epoch 045 | val batch=140/203 | elapsed=0.3 min | eta=0.1 min
[2026-08-13 14:43:51] INFO Epoch 045 | val batch=150/203 | elapsed=0.3 min | eta=0.1 min
[2026-08-13 14:43:52] INFO Epoch 045 | val batch=160/203 | elapsed=0.3 min | eta=0.1 min
[2026-08-13 14:43:53] INFO Epoch 045 | val batch=170/203 | elapsed=0.4 min | eta=0.1 min
[2026-08-13 14:43:54] INFO Epoch 045 | val batch=180/203 | elapsed=0.4 min | eta=0.0 min
[2026-08-13 14:43:56] INFO Epoch 045 | val batch=190/203 | elapsed=0.4 min | eta=0.0 min
[2026-08-13 14:43:57] INFO Epoch 045 | val batch=200/203 | elapsed=0.4 min | eta=0.0 min
[2026-08-13 14:43:57] INFO Epoch 045 | val batch=203/203 | elapsed=0.4 min | eta=0.0 min
[2026-08-13 14:43:57] INFO Epoch 045 | train_total=1.052241 | val_total=1.240225 | val_mask=0.909488 | val_retrieval=2.368686 | val_profile=0.938683 | val_anchors=660915 | val_positive_pairs=0 | val_hard_negatives=0 | val_relation_candidates=9654476 | val_teacher_keff=4.444 | val_student_keff=9.431 | val_masked_positions=1958389 | skipped(train/val)=0/0
[2026-08-13 14:43:57] INFO Epoch 046/050 started | train_batches=1427 | val_batches=203
[2026-08-13 14:43:57] INFO Epoch 046 | train batch=1/1427 | elapsed=0.0 min | eta=5.1 min
[2026-08-13 14:44:00] INFO Epoch 046 | train batch=10/1427 | elapsed=0.0 min | eta=6.2 min
[2026-08-13 14:44:03] INFO Epoch 046 | train batch=20/1427 | elapsed=0.1 min | eta=6.3 min
[2026-08-13 14:44:05] INFO Epoch 046 | train batch=30/1427 | elapsed=0.1 min | eta=6.0 min
[2026-08-13 14:44:07] INFO Epoch 046 | train batch=40/1427 | elapsed=0.2 min | eta=5.8 min
[2026-08-13 14:44:10] INFO Epoch 046 | train batch=50/1427 | elapsed=0.2 min | eta=5.8 min
[2026-08-13 14:44:13] INFO Epoch 046 | train batch=60/1427 | elapsed=0.3 min | eta=6.0 min
[2026-08-13 14:44:15] INFO Epoch 046 | train batch=70/1427 | elapsed=0.3 min | eta=5.9 min
[2026-08-13 14:44:18] INFO Epoch 046 | train batch=80/1427 | elapsed=0.3 min | eta=5.9 min
[2026-08-13 14:44:20] INFO Epoch 046 | train batch=90/1427 | elapsed=0.4 min | eta=5.7 min
[2026-08-13 14:44:23] INFO Epoch 046 | train batch=100/1427 | elapsed=0.4 min | eta=5.7 min
[2026-08-13 14:44:25] INFO Epoch 046 | train batch=110/1427 | elapsed=0.5 min | eta=5.6 min
[2026-08-13 14:44:28] INFO Epoch 046 | train batch=120/1427 | elapsed=0.5 min | eta=5.5 min
[2026-08-13 14:44:30] INFO Epoch 046 | train batch=130/1427 | elapsed=0.6 min | eta=5.5 min
[2026-08-13 14:44:33] INFO Epoch 046 | train batch=140/1427 | elapsed=0.6 min | eta=5.5 min
[2026-08-13 14:44:36] INFO Epoch 046 | train batch=150/1427 | elapsed=0.6 min | eta=5.4 min
[2026-08-13 14:44:38] INFO Epoch 046 | train batch=160/1427 | elapsed=0.7 min | eta=5.4 min
[2026-08-13 14:44:41] INFO Epoch 046 | train batch=170/1427 | elapsed=0.7 min | eta=5.4 min
[2026-08-13 14:44:43] INFO Epoch 046 | train batch=180/1427 | elapsed=0.8 min | eta=5.3 min
[2026-08-13 14:44:46] INFO Epoch 046 | train batch=190/1427 | elapsed=0.8 min | eta=5.3 min
[2026-08-13 14:44:48] INFO Epoch 046 | train batch=200/1427 | elapsed=0.9 min | eta=5.2 min
[2026-08-13 14:44:51] INFO Epoch 046 | train batch=210/1427 | elapsed=0.9 min | eta=5.2 min
[2026-08-13 14:44:54] INFO Epoch 046 | train batch=220/1427 | elapsed=1.0 min | eta=5.2 min
[2026-08-13 14:44:57] INFO Epoch 046 | train batch=230/1427 | elapsed=1.0 min | eta=5.2 min
[2026-08-13 14:45:00] INFO Epoch 046 | train batch=240/1427 | elapsed=1.0 min | eta=5.1 min
[2026-08-13 14:45:02] INFO Epoch 046 | train batch=250/1427 | elapsed=1.1 min | eta=5.1 min
[2026-08-13 14:45:05] INFO Epoch 046 | train batch=260/1427 | elapsed=1.1 min | eta=5.1 min
[2026-08-13 14:45:08] INFO Epoch 046 | train batch=270/1427 | elapsed=1.2 min | eta=5.0 min
[2026-08-13 14:45:10] INFO Epoch 046 | train batch=280/1427 | elapsed=1.2 min | eta=5.0 min
[2026-08-13 14:45:13] INFO Epoch 046 | train batch=290/1427 | elapsed=1.3 min | eta=4.9 min
[2026-08-13 14:45:15] INFO Epoch 046 | train batch=300/1427 | elapsed=1.3 min | eta=4.9 min
[2026-08-13 14:45:18] INFO Epoch 046 | train batch=310/1427 | elapsed=1.3 min | eta=4.8 min
[2026-08-13 14:45:21] INFO Epoch 046 | train batch=320/1427 | elapsed=1.4 min | eta=4.8 min
[2026-08-13 14:45:23] INFO Epoch 046 | train batch=330/1427 | elapsed=1.4 min | eta=4.8 min
[2026-08-13 14:45:26] INFO Epoch 046 | train batch=340/1427 | elapsed=1.5 min | eta=4.7 min
[2026-08-13 14:45:29] INFO Epoch 046 | train batch=350/1427 | elapsed=1.5 min | eta=4.7 min
[2026-08-13 14:45:31] INFO Epoch 046 | train batch=360/1427 | elapsed=1.6 min | eta=4.6 min
[2026-08-13 14:45:34] INFO Epoch 046 | train batch=370/1427 | elapsed=1.6 min | eta=4.6 min
[2026-08-13 14:45:36] INFO Epoch 046 | train batch=380/1427 | elapsed=1.7 min | eta=4.5 min
[2026-08-13 14:45:39] INFO Epoch 046 | train batch=390/1427 | elapsed=1.7 min | eta=4.5 min
[2026-08-13 14:45:41] INFO Epoch 046 | train batch=400/1427 | elapsed=1.7 min | eta=4.4 min
[2026-08-13 14:45:44] INFO Epoch 046 | train batch=410/1427 | elapsed=1.8 min | eta=4.4 min
[2026-08-13 14:45:46] INFO Epoch 046 | train batch=420/1427 | elapsed=1.8 min | eta=4.3 min
[2026-08-13 14:45:49] INFO Epoch 046 | train batch=430/1427 | elapsed=1.9 min | eta=4.3 min
[2026-08-13 14:45:52] INFO Epoch 046 | train batch=440/1427 | elapsed=1.9 min | eta=4.3 min
[2026-08-13 14:45:54] INFO Epoch 046 | train batch=450/1427 | elapsed=2.0 min | eta=4.2 min
[2026-08-13 14:45:57] INFO Epoch 046 | train batch=460/1427 | elapsed=2.0 min | eta=4.2 min
[2026-08-13 14:46:00] INFO Epoch 046 | train batch=470/1427 | elapsed=2.0 min | eta=4.2 min
[2026-08-13 14:46:02] INFO Epoch 046 | train batch=480/1427 | elapsed=2.1 min | eta=4.1 min
[2026-08-13 14:46:05] INFO Epoch 046 | train batch=490/1427 | elapsed=2.1 min | eta=4.1 min
[2026-08-13 14:46:08] INFO Epoch 046 | train batch=500/1427 | elapsed=2.2 min | eta=4.0 min
[2026-08-13 14:46:10] INFO Epoch 046 | train batch=510/1427 | elapsed=2.2 min | eta=4.0 min
[2026-08-13 14:46:13] INFO Epoch 046 | train batch=520/1427 | elapsed=2.3 min | eta=4.0 min
[2026-08-13 14:46:16] INFO Epoch 046 | train batch=530/1427 | elapsed=2.3 min | eta=3.9 min
[2026-08-13 14:46:19] INFO Epoch 046 | train batch=540/1427 | elapsed=2.4 min | eta=3.9 min
[2026-08-13 14:46:21] INFO Epoch 046 | train batch=550/1427 | elapsed=2.4 min | eta=3.8 min
[2026-08-13 14:46:24] INFO Epoch 046 | train batch=560/1427 | elapsed=2.4 min | eta=3.8 min
[2026-08-13 14:46:26] INFO Epoch 046 | train batch=570/1427 | elapsed=2.5 min | eta=3.7 min
[2026-08-13 14:46:29] INFO Epoch 046 | train batch=580/1427 | elapsed=2.5 min | eta=3.7 min
[2026-08-13 14:46:32] INFO Epoch 046 | train batch=590/1427 | elapsed=2.6 min | eta=3.7 min
[2026-08-13 14:46:34] INFO Epoch 046 | train batch=600/1427 | elapsed=2.6 min | eta=3.6 min
[2026-08-13 14:46:37] INFO Epoch 046 | train batch=610/1427 | elapsed=2.7 min | eta=3.6 min
[2026-08-13 14:46:40] INFO Epoch 046 | train batch=620/1427 | elapsed=2.7 min | eta=3.5 min
[2026-08-13 14:46:42] INFO Epoch 046 | train batch=630/1427 | elapsed=2.7 min | eta=3.5 min
[2026-08-13 14:46:45] INFO Epoch 046 | train batch=640/1427 | elapsed=2.8 min | eta=3.4 min
[2026-08-13 14:46:48] INFO Epoch 046 | train batch=650/1427 | elapsed=2.8 min | eta=3.4 min
[2026-08-13 14:46:50] INFO Epoch 046 | train batch=660/1427 | elapsed=2.9 min | eta=3.4 min
[2026-08-13 14:46:53] INFO Epoch 046 | train batch=670/1427 | elapsed=2.9 min | eta=3.3 min
[2026-08-13 14:46:55] INFO Epoch 046 | train batch=680/1427 | elapsed=3.0 min | eta=3.3 min
[2026-08-13 14:46:58] INFO Epoch 046 | train batch=690/1427 | elapsed=3.0 min | eta=3.2 min
[2026-08-13 14:47:01] INFO Epoch 046 | train batch=700/1427 | elapsed=3.1 min | eta=3.2 min
[2026-08-13 14:47:03] INFO Epoch 046 | train batch=710/1427 | elapsed=3.1 min | eta=3.1 min
[2026-08-13 14:47:06] INFO Epoch 046 | train batch=720/1427 | elapsed=3.1 min | eta=3.1 min
[2026-08-13 14:47:09] INFO Epoch 046 | train batch=730/1427 | elapsed=3.2 min | eta=3.0 min
[2026-08-13 14:47:11] INFO Epoch 046 | train batch=740/1427 | elapsed=3.2 min | eta=3.0 min
[2026-08-13 14:47:14] INFO Epoch 046 | train batch=750/1427 | elapsed=3.3 min | eta=3.0 min
[2026-08-13 14:47:16] INFO Epoch 046 | train batch=760/1427 | elapsed=3.3 min | eta=2.9 min
[2026-08-13 14:47:19] INFO Epoch 046 | train batch=770/1427 | elapsed=3.4 min | eta=2.9 min
[2026-08-13 14:47:22] INFO Epoch 046 | train batch=780/1427 | elapsed=3.4 min | eta=2.8 min
[2026-08-13 14:47:24] INFO Epoch 046 | train batch=790/1427 | elapsed=3.5 min | eta=2.8 min
[2026-08-13 14:47:27] INFO Epoch 046 | train batch=800/1427 | elapsed=3.5 min | eta=2.7 min
[2026-08-13 14:47:30] INFO Epoch 046 | train batch=810/1427 | elapsed=3.5 min | eta=2.7 min
[2026-08-13 14:47:32] INFO Epoch 046 | train batch=820/1427 | elapsed=3.6 min | eta=2.7 min
[2026-08-13 14:47:35] INFO Epoch 046 | train batch=830/1427 | elapsed=3.6 min | eta=2.6 min
[2026-08-13 14:47:37] INFO Epoch 046 | train batch=840/1427 | elapsed=3.7 min | eta=2.6 min
[2026-08-13 14:47:40] INFO Epoch 046 | train batch=850/1427 | elapsed=3.7 min | eta=2.5 min
[2026-08-13 14:47:42] INFO Epoch 046 | train batch=860/1427 | elapsed=3.8 min | eta=2.5 min
[2026-08-13 14:47:45] INFO Epoch 046 | train batch=870/1427 | elapsed=3.8 min | eta=2.4 min
[2026-08-13 14:47:48] INFO Epoch 046 | train batch=880/1427 | elapsed=3.8 min | eta=2.4 min
[2026-08-13 14:47:50] INFO Epoch 046 | train batch=890/1427 | elapsed=3.9 min | eta=2.3 min
[2026-08-13 14:47:52] INFO Epoch 046 | train batch=900/1427 | elapsed=3.9 min | eta=2.3 min
[2026-08-13 14:47:55] INFO Epoch 046 | train batch=910/1427 | elapsed=4.0 min | eta=2.3 min
[2026-08-13 14:47:58] INFO Epoch 046 | train batch=920/1427 | elapsed=4.0 min | eta=2.2 min
[2026-08-13 14:48:00] INFO Epoch 046 | train batch=930/1427 | elapsed=4.1 min | eta=2.2 min
[2026-08-13 14:48:03] INFO Epoch 046 | train batch=940/1427 | elapsed=4.1 min | eta=2.1 min
[2026-08-13 14:48:05] INFO Epoch 046 | train batch=950/1427 | elapsed=4.1 min | eta=2.1 min
[2026-08-13 14:48:08] INFO Epoch 046 | train batch=960/1427 | elapsed=4.2 min | eta=2.0 min
[2026-08-13 14:48:10] INFO Epoch 046 | train batch=970/1427 | elapsed=4.2 min | eta=2.0 min
[2026-08-13 14:48:13] INFO Epoch 046 | train batch=980/1427 | elapsed=4.3 min | eta=1.9 min
[2026-08-13 14:48:16] INFO Epoch 046 | train batch=990/1427 | elapsed=4.3 min | eta=1.9 min
[2026-08-13 14:48:19] INFO Epoch 046 | train batch=1000/1427 | elapsed=4.4 min | eta=1.9 min
[2026-08-13 14:48:22] INFO Epoch 046 | train batch=1010/1427 | elapsed=4.4 min | eta=1.8 min
[2026-08-13 14:48:24] INFO Epoch 046 | train batch=1020/1427 | elapsed=4.5 min | eta=1.8 min
[2026-08-13 14:48:27] INFO Epoch 046 | train batch=1030/1427 | elapsed=4.5 min | eta=1.7 min
[2026-08-13 14:48:30] INFO Epoch 046 | train batch=1040/1427 | elapsed=4.5 min | eta=1.7 min
[2026-08-13 14:48:32] INFO Epoch 046 | train batch=1050/1427 | elapsed=4.6 min | eta=1.6 min
[2026-08-13 14:48:35] INFO Epoch 046 | train batch=1060/1427 | elapsed=4.6 min | eta=1.6 min
[2026-08-13 14:48:37] INFO Epoch 046 | train batch=1070/1427 | elapsed=4.7 min | eta=1.6 min
[2026-08-13 14:48:40] INFO Epoch 046 | train batch=1080/1427 | elapsed=4.7 min | eta=1.5 min
[2026-08-13 14:48:43] INFO Epoch 046 | train batch=1090/1427 | elapsed=4.8 min | eta=1.5 min
[2026-08-13 14:48:45] INFO Epoch 046 | train batch=1100/1427 | elapsed=4.8 min | eta=1.4 min
[2026-08-13 14:48:48] INFO Epoch 046 | train batch=1110/1427 | elapsed=4.8 min | eta=1.4 min
[2026-08-13 14:48:50] INFO Epoch 046 | train batch=1120/1427 | elapsed=4.9 min | eta=1.3 min
[2026-08-13 14:48:53] INFO Epoch 046 | train batch=1130/1427 | elapsed=4.9 min | eta=1.3 min
[2026-08-13 14:48:55] INFO Epoch 046 | train batch=1140/1427 | elapsed=5.0 min | eta=1.3 min
[2026-08-13 14:48:58] INFO Epoch 046 | train batch=1150/1427 | elapsed=5.0 min | eta=1.2 min
[2026-08-13 14:49:00] INFO Epoch 046 | train batch=1160/1427 | elapsed=5.0 min | eta=1.2 min
[2026-08-13 14:49:03] INFO Epoch 046 | train batch=1170/1427 | elapsed=5.1 min | eta=1.1 min
[2026-08-13 14:49:05] INFO Epoch 046 | train batch=1180/1427 | elapsed=5.1 min | eta=1.1 min
[2026-08-13 14:49:08] INFO Epoch 046 | train batch=1190/1427 | elapsed=5.2 min | eta=1.0 min
[2026-08-13 14:49:11] INFO Epoch 046 | train batch=1200/1427 | elapsed=5.2 min | eta=1.0 min
[2026-08-13 14:49:13] INFO Epoch 046 | train batch=1210/1427 | elapsed=5.3 min | eta=0.9 min
[2026-08-13 14:49:16] INFO Epoch 046 | train batch=1220/1427 | elapsed=5.3 min | eta=0.9 min
[2026-08-13 14:49:19] INFO Epoch 046 | train batch=1230/1427 | elapsed=5.4 min | eta=0.9 min
[2026-08-13 14:49:21] INFO Epoch 046 | train batch=1240/1427 | elapsed=5.4 min | eta=0.8 min
[2026-08-13 14:49:24] INFO Epoch 046 | train batch=1250/1427 | elapsed=5.4 min | eta=0.8 min
[2026-08-13 14:49:26] INFO Epoch 046 | train batch=1260/1427 | elapsed=5.5 min | eta=0.7 min
[2026-08-13 14:49:29] INFO Epoch 046 | train batch=1270/1427 | elapsed=5.5 min | eta=0.7 min
[2026-08-13 14:49:32] INFO Epoch 046 | train batch=1280/1427 | elapsed=5.6 min | eta=0.6 min
[2026-08-13 14:49:34] INFO Epoch 046 | train batch=1290/1427 | elapsed=5.6 min | eta=0.6 min
[2026-08-13 14:49:37] INFO Epoch 046 | train batch=1300/1427 | elapsed=5.7 min | eta=0.6 min
[2026-08-13 14:49:40] INFO Epoch 046 | train batch=1310/1427 | elapsed=5.7 min | eta=0.5 min
[2026-08-13 14:49:42] INFO Epoch 046 | train batch=1320/1427 | elapsed=5.8 min | eta=0.5 min
[2026-08-13 14:49:45] INFO Epoch 046 | train batch=1330/1427 | elapsed=5.8 min | eta=0.4 min
[2026-08-13 14:49:48] INFO Epoch 046 | train batch=1340/1427 | elapsed=5.8 min | eta=0.4 min
[2026-08-13 14:49:50] INFO Epoch 046 | train batch=1350/1427 | elapsed=5.9 min | eta=0.3 min
[2026-08-13 14:49:53] INFO Epoch 046 | train batch=1360/1427 | elapsed=5.9 min | eta=0.3 min
[2026-08-13 14:49:55] INFO Epoch 046 | train batch=1370/1427 | elapsed=6.0 min | eta=0.2 min
[2026-08-13 14:49:58] INFO Epoch 046 | train batch=1380/1427 | elapsed=6.0 min | eta=0.2 min
[2026-08-13 14:50:01] INFO Epoch 046 | train batch=1390/1427 | elapsed=6.1 min | eta=0.2 min
[2026-08-13 14:50:04] INFO Epoch 046 | train batch=1400/1427 | elapsed=6.1 min | eta=0.1 min
[2026-08-13 14:50:06] INFO Epoch 046 | train batch=1410/1427 | elapsed=6.1 min | eta=0.1 min
[2026-08-13 14:50:08] INFO Epoch 046 | train batch=1420/1427 | elapsed=6.2 min | eta=0.0 min
[2026-08-13 14:50:10] INFO Epoch 046 | train batch=1427/1427 | elapsed=6.2 min | eta=0.0 min
[2026-08-13 14:50:10] INFO Epoch 046 | val batch=1/203 | elapsed=0.0 min | eta=0.3 min
[2026-08-13 14:50:11] INFO Epoch 046 | val batch=10/203 | elapsed=0.0 min | eta=0.4 min
[2026-08-13 14:50:12] INFO Epoch 046 | val batch=20/203 | elapsed=0.0 min | eta=0.4 min
[2026-08-13 14:50:14] INFO Epoch 046 | val batch=30/203 | elapsed=0.1 min | eta=0.4 min
[2026-08-13 14:50:15] INFO Epoch 046 | val batch=40/203 | elapsed=0.1 min | eta=0.3 min
[2026-08-13 14:50:16] INFO Epoch 046 | val batch=50/203 | elapsed=0.1 min | eta=0.3 min
[2026-08-13 14:50:18] INFO Epoch 046 | val batch=60/203 | elapsed=0.1 min | eta=0.3 min
[2026-08-13 14:50:19] INFO Epoch 046 | val batch=70/203 | elapsed=0.1 min | eta=0.3 min
[2026-08-13 14:50:20] INFO Epoch 046 | val batch=80/203 | elapsed=0.2 min | eta=0.3 min
[2026-08-13 14:50:21] INFO Epoch 046 | val batch=90/203 | elapsed=0.2 min | eta=0.2 min
[2026-08-13 14:50:23] INFO Epoch 046 | val batch=100/203 | elapsed=0.2 min | eta=0.2 min
[2026-08-13 14:50:24] INFO Epoch 046 | val batch=110/203 | elapsed=0.2 min | eta=0.2 min
[2026-08-13 14:50:25] INFO Epoch 046 | val batch=120/203 | elapsed=0.3 min | eta=0.2 min
[2026-08-13 14:50:27] INFO Epoch 046 | val batch=130/203 | elapsed=0.3 min | eta=0.2 min
[2026-08-13 14:50:28] INFO Epoch 046 | val batch=140/203 | elapsed=0.3 min | eta=0.1 min
[2026-08-13 14:50:29] INFO Epoch 046 | val batch=150/203 | elapsed=0.3 min | eta=0.1 min
[2026-08-13 14:50:30] INFO Epoch 046 | val batch=160/203 | elapsed=0.3 min | eta=0.1 min
[2026-08-13 14:50:32] INFO Epoch 046 | val batch=170/203 | elapsed=0.4 min | eta=0.1 min
[2026-08-13 14:50:33] INFO Epoch 046 | val batch=180/203 | elapsed=0.4 min | eta=0.0 min
[2026-08-13 14:50:34] INFO Epoch 046 | val batch=190/203 | elapsed=0.4 min | eta=0.0 min
[2026-08-13 14:50:36] INFO Epoch 046 | val batch=200/203 | elapsed=0.4 min | eta=0.0 min
[2026-08-13 14:50:36] INFO Epoch 046 | val batch=203/203 | elapsed=0.4 min | eta=0.0 min
[2026-08-13 14:50:36] INFO Epoch 046 | train_total=1.095730 | val_total=1.191127 | val_mask=0.859684 | val_retrieval=2.369664 | val_profile=0.944769 | val_anchors=660915 | val_positive_pairs=0 | val_hard_negatives=0 | val_relation_candidates=9654476 | val_teacher_keff=4.444 | val_student_keff=9.412 | val_masked_positions=1959657 | skipped(train/val)=0/0
[2026-08-13 14:50:36] INFO Epoch 047/050 started | train_batches=1427 | val_batches=203
[2026-08-13 14:50:36] INFO Epoch 047 | train batch=1/1427 | elapsed=0.0 min | eta=5.0 min
[2026-08-13 14:50:38] INFO Epoch 047 | train batch=10/1427 | elapsed=0.0 min | eta=5.7 min
[2026-08-13 14:50:41] INFO Epoch 047 | train batch=20/1427 | elapsed=0.1 min | eta=5.9 min
[2026-08-13 14:50:43] INFO Epoch 047 | train batch=30/1427 | elapsed=0.1 min | eta=6.0 min
[2026-08-13 14:50:46] INFO Epoch 047 | train batch=40/1427 | elapsed=0.2 min | eta=5.9 min
[2026-08-13 14:50:49] INFO Epoch 047 | train batch=50/1427 | elapsed=0.2 min | eta=5.9 min
[2026-08-13 14:50:51] INFO Epoch 047 | train batch=60/1427 | elapsed=0.3 min | eta=5.9 min
[2026-08-13 14:50:54] INFO Epoch 047 | train batch=70/1427 | elapsed=0.3 min | eta=5.7 min
[2026-08-13 14:50:56] INFO Epoch 047 | train batch=80/1427 | elapsed=0.3 min | eta=5.7 min
[2026-08-13 14:50:59] INFO Epoch 047 | train batch=90/1427 | elapsed=0.4 min | eta=5.7 min
[2026-08-13 14:51:02] INFO Epoch 047 | train batch=100/1427 | elapsed=0.4 min | eta=5.7 min
[2026-08-13 14:51:04] INFO Epoch 047 | train batch=110/1427 | elapsed=0.5 min | eta=5.7 min
[2026-08-13 14:51:07] INFO Epoch 047 | train batch=120/1427 | elapsed=0.5 min | eta=5.7 min
[2026-08-13 14:51:10] INFO Epoch 047 | train batch=130/1427 | elapsed=0.6 min | eta=5.6 min
[2026-08-13 14:51:12] INFO Epoch 047 | train batch=140/1427 | elapsed=0.6 min | eta=5.6 min
[2026-08-13 14:51:15] INFO Epoch 047 | train batch=150/1427 | elapsed=0.6 min | eta=5.5 min
[2026-08-13 14:51:17] INFO Epoch 047 | train batch=160/1427 | elapsed=0.7 min | eta=5.5 min
[2026-08-13 14:51:20] INFO Epoch 047 | train batch=170/1427 | elapsed=0.7 min | eta=5.4 min
[2026-08-13 14:51:22] INFO Epoch 047 | train batch=180/1427 | elapsed=0.8 min | eta=5.4 min
[2026-08-13 14:51:25] INFO Epoch 047 | train batch=190/1427 | elapsed=0.8 min | eta=5.3 min
[2026-08-13 14:51:28] INFO Epoch 047 | train batch=200/1427 | elapsed=0.9 min | eta=5.3 min
[2026-08-13 14:51:30] INFO Epoch 047 | train batch=210/1427 | elapsed=0.9 min | eta=5.3 min
[2026-08-13 14:51:33] INFO Epoch 047 | train batch=220/1427 | elapsed=0.9 min | eta=5.2 min
[2026-08-13 14:51:36] INFO Epoch 047 | train batch=230/1427 | elapsed=1.0 min | eta=5.2 min
[2026-08-13 14:51:38] INFO Epoch 047 | train batch=240/1427 | elapsed=1.0 min | eta=5.1 min
[2026-08-13 14:51:41] INFO Epoch 047 | train batch=250/1427 | elapsed=1.1 min | eta=5.1 min
[2026-08-13 14:51:43] INFO Epoch 047 | train batch=260/1427 | elapsed=1.1 min | eta=5.0 min
[2026-08-13 14:51:46] INFO Epoch 047 | train batch=270/1427 | elapsed=1.2 min | eta=5.0 min
[2026-08-13 14:51:49] INFO Epoch 047 | train batch=280/1427 | elapsed=1.2 min | eta=5.0 min
[2026-08-13 14:51:51] INFO Epoch 047 | train batch=290/1427 | elapsed=1.3 min | eta=4.9 min
[2026-08-13 14:51:54] INFO Epoch 047 | train batch=300/1427 | elapsed=1.3 min | eta=4.9 min
[2026-08-13 14:51:57] INFO Epoch 047 | train batch=310/1427 | elapsed=1.3 min | eta=4.9 min
[2026-08-13 14:51:59] INFO Epoch 047 | train batch=320/1427 | elapsed=1.4 min | eta=4.8 min
[2026-08-13 14:52:02] INFO Epoch 047 | train batch=330/1427 | elapsed=1.4 min | eta=4.8 min
[2026-08-13 14:52:04] INFO Epoch 047 | train batch=340/1427 | elapsed=1.5 min | eta=4.7 min
[2026-08-13 14:52:07] INFO Epoch 047 | train batch=350/1427 | elapsed=1.5 min | eta=4.7 min
[2026-08-13 14:52:09] INFO Epoch 047 | train batch=360/1427 | elapsed=1.6 min | eta=4.6 min
[2026-08-13 14:52:12] INFO Epoch 047 | train batch=370/1427 | elapsed=1.6 min | eta=4.6 min
[2026-08-13 14:52:15] INFO Epoch 047 | train batch=380/1427 | elapsed=1.6 min | eta=4.5 min
[2026-08-13 14:52:17] INFO Epoch 047 | train batch=390/1427 | elapsed=1.7 min | eta=4.5 min
[2026-08-13 14:52:20] INFO Epoch 047 | train batch=400/1427 | elapsed=1.7 min | eta=4.4 min
[2026-08-13 14:52:22] INFO Epoch 047 | train batch=410/1427 | elapsed=1.8 min | eta=4.4 min
[2026-08-13 14:52:25] INFO Epoch 047 | train batch=420/1427 | elapsed=1.8 min | eta=4.4 min
[2026-08-13 14:52:27] INFO Epoch 047 | train batch=430/1427 | elapsed=1.9 min | eta=4.3 min
[2026-08-13 14:52:30] INFO Epoch 047 | train batch=440/1427 | elapsed=1.9 min | eta=4.3 min
[2026-08-13 14:52:33] INFO Epoch 047 | train batch=450/1427 | elapsed=1.9 min | eta=4.2 min
[2026-08-13 14:52:35] INFO Epoch 047 | train batch=460/1427 | elapsed=2.0 min | eta=4.2 min
[2026-08-13 14:52:38] INFO Epoch 047 | train batch=470/1427 | elapsed=2.0 min | eta=4.2 min
[2026-08-13 14:52:41] INFO Epoch 047 | train batch=480/1427 | elapsed=2.1 min | eta=4.1 min
[2026-08-13 14:52:43] INFO Epoch 047 | train batch=490/1427 | elapsed=2.1 min | eta=4.1 min
[2026-08-13 14:52:46] INFO Epoch 047 | train batch=500/1427 | elapsed=2.2 min | eta=4.0 min
[2026-08-13 14:52:48] INFO Epoch 047 | train batch=510/1427 | elapsed=2.2 min | eta=4.0 min
[2026-08-13 14:52:51] INFO Epoch 047 | train batch=520/1427 | elapsed=2.3 min | eta=3.9 min
[2026-08-13 14:52:54] INFO Epoch 047 | train batch=530/1427 | elapsed=2.3 min | eta=3.9 min
[2026-08-13 14:52:57] INFO Epoch 047 | train batch=540/1427 | elapsed=2.4 min | eta=3.9 min
[2026-08-13 14:52:59] INFO Epoch 047 | train batch=550/1427 | elapsed=2.4 min | eta=3.8 min
[2026-08-13 14:53:02] INFO Epoch 047 | train batch=560/1427 | elapsed=2.4 min | eta=3.8 min
[2026-08-13 14:53:04] INFO Epoch 047 | train batch=570/1427 | elapsed=2.5 min | eta=3.7 min
[2026-08-13 14:53:07] INFO Epoch 047 | train batch=580/1427 | elapsed=2.5 min | eta=3.7 min
[2026-08-13 14:53:09] INFO Epoch 047 | train batch=590/1427 | elapsed=2.6 min | eta=3.6 min
[2026-08-13 14:53:12] INFO Epoch 047 | train batch=600/1427 | elapsed=2.6 min | eta=3.6 min
[2026-08-13 14:53:15] INFO Epoch 047 | train batch=610/1427 | elapsed=2.6 min | eta=3.5 min
[2026-08-13 14:53:17] INFO Epoch 047 | train batch=620/1427 | elapsed=2.7 min | eta=3.5 min
[2026-08-13 14:53:19] INFO Epoch 047 | train batch=630/1427 | elapsed=2.7 min | eta=3.5 min
[2026-08-13 14:53:22] INFO Epoch 047 | train batch=640/1427 | elapsed=2.8 min | eta=3.4 min
[2026-08-13 14:53:24] INFO Epoch 047 | train batch=650/1427 | elapsed=2.8 min | eta=3.4 min
[2026-08-13 14:53:27] INFO Epoch 047 | train batch=660/1427 | elapsed=2.9 min | eta=3.3 min
[2026-08-13 14:53:29] INFO Epoch 047 | train batch=670/1427 | elapsed=2.9 min | eta=3.3 min
[2026-08-13 14:53:32] INFO Epoch 047 | train batch=680/1427 | elapsed=2.9 min | eta=3.2 min
[2026-08-13 14:53:35] INFO Epoch 047 | train batch=690/1427 | elapsed=3.0 min | eta=3.2 min
[2026-08-13 14:53:37] INFO Epoch 047 | train batch=700/1427 | elapsed=3.0 min | eta=3.1 min
[2026-08-13 14:53:40] INFO Epoch 047 | train batch=710/1427 | elapsed=3.1 min | eta=3.1 min
[2026-08-13 14:53:42] INFO Epoch 047 | train batch=720/1427 | elapsed=3.1 min | eta=3.1 min
[2026-08-13 14:53:45] INFO Epoch 047 | train batch=730/1427 | elapsed=3.1 min | eta=3.0 min
[2026-08-13 14:53:48] INFO Epoch 047 | train batch=740/1427 | elapsed=3.2 min | eta=3.0 min
[2026-08-13 14:53:50] INFO Epoch 047 | train batch=750/1427 | elapsed=3.2 min | eta=2.9 min
[2026-08-13 14:53:53] INFO Epoch 047 | train batch=760/1427 | elapsed=3.3 min | eta=2.9 min
[2026-08-13 14:53:55] INFO Epoch 047 | train batch=770/1427 | elapsed=3.3 min | eta=2.8 min
[2026-08-13 14:53:57] INFO Epoch 047 | train batch=780/1427 | elapsed=3.4 min | eta=2.8 min
[2026-08-13 14:54:00] INFO Epoch 047 | train batch=790/1427 | elapsed=3.4 min | eta=2.7 min
[2026-08-13 14:54:03] INFO Epoch 047 | train batch=800/1427 | elapsed=3.5 min | eta=2.7 min
[2026-08-13 14:54:05] INFO Epoch 047 | train batch=810/1427 | elapsed=3.5 min | eta=2.7 min
[2026-08-13 14:54:08] INFO Epoch 047 | train batch=820/1427 | elapsed=3.5 min | eta=2.6 min
[2026-08-13 14:54:11] INFO Epoch 047 | train batch=830/1427 | elapsed=3.6 min | eta=2.6 min
[2026-08-13 14:54:13] INFO Epoch 047 | train batch=840/1427 | elapsed=3.6 min | eta=2.5 min
[2026-08-13 14:54:16] INFO Epoch 047 | train batch=850/1427 | elapsed=3.7 min | eta=2.5 min
[2026-08-13 14:54:18] INFO Epoch 047 | train batch=860/1427 | elapsed=3.7 min | eta=2.4 min
[2026-08-13 14:54:21] INFO Epoch 047 | train batch=870/1427 | elapsed=3.7 min | eta=2.4 min
[2026-08-13 14:54:23] INFO Epoch 047 | train batch=880/1427 | elapsed=3.8 min | eta=2.4 min
[2026-08-13 14:54:26] INFO Epoch 047 | train batch=890/1427 | elapsed=3.8 min | eta=2.3 min
[2026-08-13 14:54:29] INFO Epoch 047 | train batch=900/1427 | elapsed=3.9 min | eta=2.3 min
[2026-08-13 14:54:31] INFO Epoch 047 | train batch=910/1427 | elapsed=3.9 min | eta=2.2 min
[2026-08-13 14:54:34] INFO Epoch 047 | train batch=920/1427 | elapsed=4.0 min | eta=2.2 min
[2026-08-13 14:54:36] INFO Epoch 047 | train batch=930/1427 | elapsed=4.0 min | eta=2.1 min
[2026-08-13 14:54:39] INFO Epoch 047 | train batch=940/1427 | elapsed=4.0 min | eta=2.1 min
[2026-08-13 14:54:41] INFO Epoch 047 | train batch=950/1427 | elapsed=4.1 min | eta=2.1 min
[2026-08-13 14:54:44] INFO Epoch 047 | train batch=960/1427 | elapsed=4.1 min | eta=2.0 min
[2026-08-13 14:54:46] INFO Epoch 047 | train batch=970/1427 | elapsed=4.2 min | eta=2.0 min
[2026-08-13 14:54:49] INFO Epoch 047 | train batch=980/1427 | elapsed=4.2 min | eta=1.9 min
[2026-08-13 14:54:52] INFO Epoch 047 | train batch=990/1427 | elapsed=4.3 min | eta=1.9 min
[2026-08-13 14:54:54] INFO Epoch 047 | train batch=1000/1427 | elapsed=4.3 min | eta=1.8 min
[2026-08-13 14:54:57] INFO Epoch 047 | train batch=1010/1427 | elapsed=4.4 min | eta=1.8 min
[2026-08-13 14:54:59] INFO Epoch 047 | train batch=1020/1427 | elapsed=4.4 min | eta=1.8 min
[2026-08-13 14:55:02] INFO Epoch 047 | train batch=1030/1427 | elapsed=4.4 min | eta=1.7 min
[2026-08-13 14:55:05] INFO Epoch 047 | train batch=1040/1427 | elapsed=4.5 min | eta=1.7 min
[2026-08-13 14:55:07] INFO Epoch 047 | train batch=1050/1427 | elapsed=4.5 min | eta=1.6 min
[2026-08-13 14:55:09] INFO Epoch 047 | train batch=1060/1427 | elapsed=4.6 min | eta=1.6 min
[2026-08-13 14:55:12] INFO Epoch 047 | train batch=1070/1427 | elapsed=4.6 min | eta=1.5 min
[2026-08-13 14:55:15] INFO Epoch 047 | train batch=1080/1427 | elapsed=4.6 min | eta=1.5 min
[2026-08-13 14:55:17] INFO Epoch 047 | train batch=1090/1427 | elapsed=4.7 min | eta=1.5 min
[2026-08-13 14:55:20] INFO Epoch 047 | train batch=1100/1427 | elapsed=4.7 min | eta=1.4 min
[2026-08-13 14:55:23] INFO Epoch 047 | train batch=1110/1427 | elapsed=4.8 min | eta=1.4 min
[2026-08-13 14:55:25] INFO Epoch 047 | train batch=1120/1427 | elapsed=4.8 min | eta=1.3 min
[2026-08-13 14:55:28] INFO Epoch 047 | train batch=1130/1427 | elapsed=4.9 min | eta=1.3 min
[2026-08-13 14:55:31] INFO Epoch 047 | train batch=1140/1427 | elapsed=4.9 min | eta=1.2 min
[2026-08-13 14:55:34] INFO Epoch 047 | train batch=1150/1427 | elapsed=5.0 min | eta=1.2 min
[2026-08-13 14:55:36] INFO Epoch 047 | train batch=1160/1427 | elapsed=5.0 min | eta=1.2 min
[2026-08-13 14:55:39] INFO Epoch 047 | train batch=1170/1427 | elapsed=5.1 min | eta=1.1 min
[2026-08-13 14:55:42] INFO Epoch 047 | train batch=1180/1427 | elapsed=5.1 min | eta=1.1 min
[2026-08-13 14:55:44] INFO Epoch 047 | train batch=1190/1427 | elapsed=5.1 min | eta=1.0 min
[2026-08-13 14:55:47] INFO Epoch 047 | train batch=1200/1427 | elapsed=5.2 min | eta=1.0 min
[2026-08-13 14:55:49] INFO Epoch 047 | train batch=1210/1427 | elapsed=5.2 min | eta=0.9 min
[2026-08-13 14:55:52] INFO Epoch 047 | train batch=1220/1427 | elapsed=5.3 min | eta=0.9 min
[2026-08-13 14:55:54] INFO Epoch 047 | train batch=1230/1427 | elapsed=5.3 min | eta=0.9 min
[2026-08-13 14:55:57] INFO Epoch 047 | train batch=1240/1427 | elapsed=5.4 min | eta=0.8 min
[2026-08-13 14:56:00] INFO Epoch 047 | train batch=1250/1427 | elapsed=5.4 min | eta=0.8 min
[2026-08-13 14:56:02] INFO Epoch 047 | train batch=1260/1427 | elapsed=5.4 min | eta=0.7 min
[2026-08-13 14:56:05] INFO Epoch 047 | train batch=1270/1427 | elapsed=5.5 min | eta=0.7 min
[2026-08-13 14:56:07] INFO Epoch 047 | train batch=1280/1427 | elapsed=5.5 min | eta=0.6 min
[2026-08-13 14:56:10] INFO Epoch 047 | train batch=1290/1427 | elapsed=5.6 min | eta=0.6 min
[2026-08-13 14:56:13] INFO Epoch 047 | train batch=1300/1427 | elapsed=5.6 min | eta=0.5 min
[2026-08-13 14:56:16] INFO Epoch 047 | train batch=1310/1427 | elapsed=5.7 min | eta=0.5 min
[2026-08-13 14:56:18] INFO Epoch 047 | train batch=1320/1427 | elapsed=5.7 min | eta=0.5 min
[2026-08-13 14:56:21] INFO Epoch 047 | train batch=1330/1427 | elapsed=5.8 min | eta=0.4 min
[2026-08-13 14:56:24] INFO Epoch 047 | train batch=1340/1427 | elapsed=5.8 min | eta=0.4 min
[2026-08-13 14:56:26] INFO Epoch 047 | train batch=1350/1427 | elapsed=5.8 min | eta=0.3 min
[2026-08-13 14:56:29] INFO Epoch 047 | train batch=1360/1427 | elapsed=5.9 min | eta=0.3 min
[2026-08-13 14:56:31] INFO Epoch 047 | train batch=1370/1427 | elapsed=5.9 min | eta=0.2 min
[2026-08-13 14:56:34] INFO Epoch 047 | train batch=1380/1427 | elapsed=6.0 min | eta=0.2 min
[2026-08-13 14:56:36] INFO Epoch 047 | train batch=1390/1427 | elapsed=6.0 min | eta=0.2 min
[2026-08-13 14:56:39] INFO Epoch 047 | train batch=1400/1427 | elapsed=6.1 min | eta=0.1 min
[2026-08-13 14:56:41] INFO Epoch 047 | train batch=1410/1427 | elapsed=6.1 min | eta=0.1 min
[2026-08-13 14:56:44] INFO Epoch 047 | train batch=1420/1427 | elapsed=6.1 min | eta=0.0 min
[2026-08-13 14:56:45] INFO Epoch 047 | train batch=1427/1427 | elapsed=6.2 min | eta=0.0 min
[2026-08-13 14:56:46] INFO Epoch 047 | val batch=1/203 | elapsed=0.0 min | eta=0.3 min
[2026-08-13 14:56:47] INFO Epoch 047 | val batch=10/203 | elapsed=0.0 min | eta=0.4 min
[2026-08-13 14:56:48] INFO Epoch 047 | val batch=20/203 | elapsed=0.0 min | eta=0.4 min
[2026-08-13 14:56:49] INFO Epoch 047 | val batch=30/203 | elapsed=0.1 min | eta=0.4 min
[2026-08-13 14:56:51] INFO Epoch 047 | val batch=40/203 | elapsed=0.1 min | eta=0.3 min
[2026-08-13 14:56:52] INFO Epoch 047 | val batch=50/203 | elapsed=0.1 min | eta=0.3 min
[2026-08-13 14:56:53] INFO Epoch 047 | val batch=60/203 | elapsed=0.1 min | eta=0.3 min
[2026-08-13 14:56:54] INFO Epoch 047 | val batch=70/203 | elapsed=0.1 min | eta=0.3 min
[2026-08-13 14:56:56] INFO Epoch 047 | val batch=80/203 | elapsed=0.2 min | eta=0.3 min
[2026-08-13 14:56:57] INFO Epoch 047 | val batch=90/203 | elapsed=0.2 min | eta=0.2 min
[2026-08-13 14:56:58] INFO Epoch 047 | val batch=100/203 | elapsed=0.2 min | eta=0.2 min
[2026-08-13 14:57:00] INFO Epoch 047 | val batch=110/203 | elapsed=0.2 min | eta=0.2 min
[2026-08-13 14:57:01] INFO Epoch 047 | val batch=120/203 | elapsed=0.3 min | eta=0.2 min
[2026-08-13 14:57:02] INFO Epoch 047 | val batch=130/203 | elapsed=0.3 min | eta=0.2 min
[2026-08-13 14:57:03] INFO Epoch 047 | val batch=140/203 | elapsed=0.3 min | eta=0.1 min
[2026-08-13 14:57:05] INFO Epoch 047 | val batch=150/203 | elapsed=0.3 min | eta=0.1 min
[2026-08-13 14:57:06] INFO Epoch 047 | val batch=160/203 | elapsed=0.3 min | eta=0.1 min
[2026-08-13 14:57:07] INFO Epoch 047 | val batch=170/203 | elapsed=0.4 min | eta=0.1 min
[2026-08-13 14:57:08] INFO Epoch 047 | val batch=180/203 | elapsed=0.4 min | eta=0.0 min
[2026-08-13 14:57:10] INFO Epoch 047 | val batch=190/203 | elapsed=0.4 min | eta=0.0 min
[2026-08-13 14:57:11] INFO Epoch 047 | val batch=200/203 | elapsed=0.4 min | eta=0.0 min
[2026-08-13 14:57:11] INFO Epoch 047 | val batch=203/203 | elapsed=0.4 min | eta=0.0 min
[2026-08-13 14:57:11] INFO Epoch 047 | train_total=1.012950 | val_total=1.208697 | val_mask=0.875491 | val_retrieval=2.389956 | val_profile=0.942101 | val_anchors=660915 | val_positive_pairs=0 | val_hard_negatives=0 | val_relation_candidates=9654476 | val_teacher_keff=4.444 | val_student_keff=9.303 | val_masked_positions=1959317 | skipped(train/val)=0/0
[2026-08-13 14:57:11] INFO Epoch 048/050 started | train_batches=1427 | val_batches=203
[2026-08-13 14:57:12] INFO Epoch 048 | train batch=1/1427 | elapsed=0.0 min | eta=4.9 min
[2026-08-13 14:57:14] INFO Epoch 048 | train batch=10/1427 | elapsed=0.0 min | eta=6.2 min
[2026-08-13 14:57:17] INFO Epoch 048 | train batch=20/1427 | elapsed=0.1 min | eta=6.5 min
[2026-08-13 14:57:19] INFO Epoch 048 | train batch=30/1427 | elapsed=0.1 min | eta=6.2 min
[2026-08-13 14:57:22] INFO Epoch 048 | train batch=40/1427 | elapsed=0.2 min | eta=6.1 min
[2026-08-13 14:57:25] INFO Epoch 048 | train batch=50/1427 | elapsed=0.2 min | eta=6.1 min
[2026-08-13 14:57:27] INFO Epoch 048 | train batch=60/1427 | elapsed=0.3 min | eta=6.0 min
[2026-08-13 14:57:30] INFO Epoch 048 | train batch=70/1427 | elapsed=0.3 min | eta=6.0 min
[2026-08-13 14:57:33] INFO Epoch 048 | train batch=80/1427 | elapsed=0.4 min | eta=6.0 min
[2026-08-13 14:57:36] INFO Epoch 048 | train batch=90/1427 | elapsed=0.4 min | eta=6.0 min
[2026-08-13 14:57:39] INFO Epoch 048 | train batch=100/1427 | elapsed=0.5 min | eta=6.0 min
[2026-08-13 14:57:41] INFO Epoch 048 | train batch=110/1427 | elapsed=0.5 min | eta=5.9 min
[2026-08-13 14:57:44] INFO Epoch 048 | train batch=120/1427 | elapsed=0.5 min | eta=5.9 min
[2026-08-13 14:57:46] INFO Epoch 048 | train batch=130/1427 | elapsed=0.6 min | eta=5.8 min
[2026-08-13 14:57:49] INFO Epoch 048 | train batch=140/1427 | elapsed=0.6 min | eta=5.7 min
[2026-08-13 14:57:52] INFO Epoch 048 | train batch=150/1427 | elapsed=0.7 min | eta=5.7 min
[2026-08-13 14:57:54] INFO Epoch 048 | train batch=160/1427 | elapsed=0.7 min | eta=5.7 min
[2026-08-13 14:57:57] INFO Epoch 048 | train batch=170/1427 | elapsed=0.8 min | eta=5.6 min
[2026-08-13 14:58:00] INFO Epoch 048 | train batch=180/1427 | elapsed=0.8 min | eta=5.6 min
[2026-08-13 14:58:02] INFO Epoch 048 | train batch=190/1427 | elapsed=0.8 min | eta=5.5 min
[2026-08-13 14:58:05] INFO Epoch 048 | train batch=200/1427 | elapsed=0.9 min | eta=5.5 min
[2026-08-13 14:58:07] INFO Epoch 048 | train batch=210/1427 | elapsed=0.9 min | eta=5.4 min
[2026-08-13 14:58:10] INFO Epoch 048 | train batch=220/1427 | elapsed=1.0 min | eta=5.4 min
[2026-08-13 14:58:13] INFO Epoch 048 | train batch=230/1427 | elapsed=1.0 min | eta=5.3 min
[2026-08-13 14:58:15] INFO Epoch 048 | train batch=240/1427 | elapsed=1.1 min | eta=5.3 min
[2026-08-13 14:58:18] INFO Epoch 048 | train batch=250/1427 | elapsed=1.1 min | eta=5.2 min
[2026-08-13 14:58:20] INFO Epoch 048 | train batch=260/1427 | elapsed=1.1 min | eta=5.2 min
[2026-08-13 14:58:23] INFO Epoch 048 | train batch=270/1427 | elapsed=1.2 min | eta=5.1 min
[2026-08-13 14:58:25] INFO Epoch 048 | train batch=280/1427 | elapsed=1.2 min | eta=5.1 min
[2026-08-13 14:58:28] INFO Epoch 048 | train batch=290/1427 | elapsed=1.3 min | eta=5.0 min
[2026-08-13 14:58:30] INFO Epoch 048 | train batch=300/1427 | elapsed=1.3 min | eta=4.9 min
[2026-08-13 14:58:33] INFO Epoch 048 | train batch=310/1427 | elapsed=1.4 min | eta=4.9 min
[2026-08-13 14:58:36] INFO Epoch 048 | train batch=320/1427 | elapsed=1.4 min | eta=4.9 min
[2026-08-13 14:58:38] INFO Epoch 048 | train batch=330/1427 | elapsed=1.4 min | eta=4.8 min
[2026-08-13 14:58:41] INFO Epoch 048 | train batch=340/1427 | elapsed=1.5 min | eta=4.8 min
[2026-08-13 14:58:43] INFO Epoch 048 | train batch=350/1427 | elapsed=1.5 min | eta=4.7 min
[2026-08-13 14:58:46] INFO Epoch 048 | train batch=360/1427 | elapsed=1.6 min | eta=4.7 min
[2026-08-13 14:58:48] INFO Epoch 048 | train batch=370/1427 | elapsed=1.6 min | eta=4.6 min
[2026-08-13 14:58:51] INFO Epoch 048 | train batch=380/1427 | elapsed=1.7 min | eta=4.6 min
[2026-08-13 14:58:54] INFO Epoch 048 | train batch=390/1427 | elapsed=1.7 min | eta=4.5 min
[2026-08-13 14:58:57] INFO Epoch 048 | train batch=400/1427 | elapsed=1.8 min | eta=4.5 min
[2026-08-13 14:58:59] INFO Epoch 048 | train batch=410/1427 | elapsed=1.8 min | eta=4.5 min
[2026-08-13 14:59:02] INFO Epoch 048 | train batch=420/1427 | elapsed=1.8 min | eta=4.4 min
[2026-08-13 14:59:04] INFO Epoch 048 | train batch=430/1427 | elapsed=1.9 min | eta=4.4 min
[2026-08-13 14:59:07] INFO Epoch 048 | train batch=440/1427 | elapsed=1.9 min | eta=4.3 min
[2026-08-13 14:59:09] INFO Epoch 048 | train batch=450/1427 | elapsed=2.0 min | eta=4.3 min
[2026-08-13 14:59:12] INFO Epoch 048 | train batch=460/1427 | elapsed=2.0 min | eta=4.2 min
[2026-08-13 14:59:14] INFO Epoch 048 | train batch=470/1427 | elapsed=2.0 min | eta=4.2 min
[2026-08-13 14:59:17] INFO Epoch 048 | train batch=480/1427 | elapsed=2.1 min | eta=4.1 min
[2026-08-13 14:59:20] INFO Epoch 048 | train batch=490/1427 | elapsed=2.1 min | eta=4.1 min
[2026-08-13 14:59:22] INFO Epoch 048 | train batch=500/1427 | elapsed=2.2 min | eta=4.0 min
[2026-08-13 14:59:25] INFO Epoch 048 | train batch=510/1427 | elapsed=2.2 min | eta=4.0 min
[2026-08-13 14:59:27] INFO Epoch 048 | train batch=520/1427 | elapsed=2.3 min | eta=4.0 min
[2026-08-13 14:59:30] INFO Epoch 048 | train batch=530/1427 | elapsed=2.3 min | eta=3.9 min
[2026-08-13 14:59:32] INFO Epoch 048 | train batch=540/1427 | elapsed=2.3 min | eta=3.9 min
[2026-08-13 14:59:35] INFO Epoch 048 | train batch=550/1427 | elapsed=2.4 min | eta=3.8 min
[2026-08-13 14:59:37] INFO Epoch 048 | train batch=560/1427 | elapsed=2.4 min | eta=3.8 min
[2026-08-13 14:59:40] INFO Epoch 048 | train batch=570/1427 | elapsed=2.5 min | eta=3.7 min
[2026-08-13 14:59:43] INFO Epoch 048 | train batch=580/1427 | elapsed=2.5 min | eta=3.7 min
[2026-08-13 14:59:45] INFO Epoch 048 | train batch=590/1427 | elapsed=2.6 min | eta=3.6 min
[2026-08-13 14:59:48] INFO Epoch 048 | train batch=600/1427 | elapsed=2.6 min | eta=3.6 min
[2026-08-13 14:59:51] INFO Epoch 048 | train batch=610/1427 | elapsed=2.7 min | eta=3.6 min
[2026-08-13 14:59:53] INFO Epoch 048 | train batch=620/1427 | elapsed=2.7 min | eta=3.5 min
[2026-08-13 14:59:56] INFO Epoch 048 | train batch=630/1427 | elapsed=2.7 min | eta=3.5 min
[2026-08-13 14:59:59] INFO Epoch 048 | train batch=640/1427 | elapsed=2.8 min | eta=3.4 min
[2026-08-13 15:00:02] INFO Epoch 048 | train batch=650/1427 | elapsed=2.8 min | eta=3.4 min
[2026-08-13 15:00:04] INFO Epoch 048 | train batch=660/1427 | elapsed=2.9 min | eta=3.3 min
[2026-08-13 15:00:07] INFO Epoch 048 | train batch=670/1427 | elapsed=2.9 min | eta=3.3 min
[2026-08-13 15:00:09] INFO Epoch 048 | train batch=680/1427 | elapsed=3.0 min | eta=3.3 min
[2026-08-13 15:00:12] INFO Epoch 048 | train batch=690/1427 | elapsed=3.0 min | eta=3.2 min
[2026-08-13 15:00:15] INFO Epoch 048 | train batch=700/1427 | elapsed=3.1 min | eta=3.2 min
[2026-08-13 15:00:17] INFO Epoch 048 | train batch=710/1427 | elapsed=3.1 min | eta=3.1 min
[2026-08-13 15:00:20] INFO Epoch 048 | train batch=720/1427 | elapsed=3.1 min | eta=3.1 min
[2026-08-13 15:00:23] INFO Epoch 048 | train batch=730/1427 | elapsed=3.2 min | eta=3.0 min
[2026-08-13 15:00:25] INFO Epoch 048 | train batch=740/1427 | elapsed=3.2 min | eta=3.0 min
[2026-08-13 15:00:28] INFO Epoch 048 | train batch=750/1427 | elapsed=3.3 min | eta=3.0 min
[2026-08-13 15:00:30] INFO Epoch 048 | train batch=760/1427 | elapsed=3.3 min | eta=2.9 min
[2026-08-13 15:00:33] INFO Epoch 048 | train batch=770/1427 | elapsed=3.4 min | eta=2.9 min
[2026-08-13 15:00:35] INFO Epoch 048 | train batch=780/1427 | elapsed=3.4 min | eta=2.8 min
[2026-08-13 15:00:38] INFO Epoch 048 | train batch=790/1427 | elapsed=3.4 min | eta=2.8 min
[2026-08-13 15:00:40] INFO Epoch 048 | train batch=800/1427 | elapsed=3.5 min | eta=2.7 min
[2026-08-13 15:00:43] INFO Epoch 048 | train batch=810/1427 | elapsed=3.5 min | eta=2.7 min
[2026-08-13 15:00:46] INFO Epoch 048 | train batch=820/1427 | elapsed=3.6 min | eta=2.6 min
[2026-08-13 15:00:48] INFO Epoch 048 | train batch=830/1427 | elapsed=3.6 min | eta=2.6 min
[2026-08-13 15:00:50] INFO Epoch 048 | train batch=840/1427 | elapsed=3.7 min | eta=2.6 min
[2026-08-13 15:00:53] INFO Epoch 048 | train batch=850/1427 | elapsed=3.7 min | eta=2.5 min
[2026-08-13 15:00:55] INFO Epoch 048 | train batch=860/1427 | elapsed=3.7 min | eta=2.5 min
[2026-08-13 15:00:58] INFO Epoch 048 | train batch=870/1427 | elapsed=3.8 min | eta=2.4 min
[2026-08-13 15:01:00] INFO Epoch 048 | train batch=880/1427 | elapsed=3.8 min | eta=2.4 min
[2026-08-13 15:01:03] INFO Epoch 048 | train batch=890/1427 | elapsed=3.9 min | eta=2.3 min
[2026-08-13 15:01:05] INFO Epoch 048 | train batch=900/1427 | elapsed=3.9 min | eta=2.3 min
[2026-08-13 15:01:08] INFO Epoch 048 | train batch=910/1427 | elapsed=3.9 min | eta=2.2 min
[2026-08-13 15:01:10] INFO Epoch 048 | train batch=920/1427 | elapsed=4.0 min | eta=2.2 min
[2026-08-13 15:01:13] INFO Epoch 048 | train batch=930/1427 | elapsed=4.0 min | eta=2.2 min
[2026-08-13 15:01:15] INFO Epoch 048 | train batch=940/1427 | elapsed=4.1 min | eta=2.1 min
[2026-08-13 15:01:18] INFO Epoch 048 | train batch=950/1427 | elapsed=4.1 min | eta=2.1 min
[2026-08-13 15:01:21] INFO Epoch 048 | train batch=960/1427 | elapsed=4.2 min | eta=2.0 min
[2026-08-13 15:01:23] INFO Epoch 048 | train batch=970/1427 | elapsed=4.2 min | eta=2.0 min
[2026-08-13 15:01:26] INFO Epoch 048 | train batch=980/1427 | elapsed=4.2 min | eta=1.9 min
[2026-08-13 15:01:29] INFO Epoch 048 | train batch=990/1427 | elapsed=4.3 min | eta=1.9 min
[2026-08-13 15:01:31] INFO Epoch 048 | train batch=1000/1427 | elapsed=4.3 min | eta=1.9 min
[2026-08-13 15:01:34] INFO Epoch 048 | train batch=1010/1427 | elapsed=4.4 min | eta=1.8 min
[2026-08-13 15:01:36] INFO Epoch 048 | train batch=1020/1427 | elapsed=4.4 min | eta=1.8 min
[2026-08-13 15:01:39] INFO Epoch 048 | train batch=1030/1427 | elapsed=4.5 min | eta=1.7 min
[2026-08-13 15:01:42] INFO Epoch 048 | train batch=1040/1427 | elapsed=4.5 min | eta=1.7 min
[2026-08-13 15:01:44] INFO Epoch 048 | train batch=1050/1427 | elapsed=4.5 min | eta=1.6 min
[2026-08-13 15:01:47] INFO Epoch 048 | train batch=1060/1427 | elapsed=4.6 min | eta=1.6 min
[2026-08-13 15:01:50] INFO Epoch 048 | train batch=1070/1427 | elapsed=4.6 min | eta=1.5 min
[2026-08-13 15:01:52] INFO Epoch 048 | train batch=1080/1427 | elapsed=4.7 min | eta=1.5 min
[2026-08-13 15:01:55] INFO Epoch 048 | train batch=1090/1427 | elapsed=4.7 min | eta=1.5 min
[2026-08-13 15:01:58] INFO Epoch 048 | train batch=1100/1427 | elapsed=4.8 min | eta=1.4 min
[2026-08-13 15:02:00] INFO Epoch 048 | train batch=1110/1427 | elapsed=4.8 min | eta=1.4 min
[2026-08-13 15:02:03] INFO Epoch 048 | train batch=1120/1427 | elapsed=4.9 min | eta=1.3 min
[2026-08-13 15:02:06] INFO Epoch 048 | train batch=1130/1427 | elapsed=4.9 min | eta=1.3 min
[2026-08-13 15:02:08] INFO Epoch 048 | train batch=1140/1427 | elapsed=5.0 min | eta=1.2 min
[2026-08-13 15:02:11] INFO Epoch 048 | train batch=1150/1427 | elapsed=5.0 min | eta=1.2 min
[2026-08-13 15:02:13] INFO Epoch 048 | train batch=1160/1427 | elapsed=5.0 min | eta=1.2 min
[2026-08-13 15:02:16] INFO Epoch 048 | train batch=1170/1427 | elapsed=5.1 min | eta=1.1 min
[2026-08-13 15:02:18] INFO Epoch 048 | train batch=1180/1427 | elapsed=5.1 min | eta=1.1 min
[2026-08-13 15:02:21] INFO Epoch 048 | train batch=1190/1427 | elapsed=5.2 min | eta=1.0 min
[2026-08-13 15:02:24] INFO Epoch 048 | train batch=1200/1427 | elapsed=5.2 min | eta=1.0 min
[2026-08-13 15:02:27] INFO Epoch 048 | train batch=1210/1427 | elapsed=5.3 min | eta=0.9 min
[2026-08-13 15:02:29] INFO Epoch 048 | train batch=1220/1427 | elapsed=5.3 min | eta=0.9 min
[2026-08-13 15:02:32] INFO Epoch 048 | train batch=1230/1427 | elapsed=5.3 min | eta=0.9 min
[2026-08-13 15:02:34] INFO Epoch 048 | train batch=1240/1427 | elapsed=5.4 min | eta=0.8 min
[2026-08-13 15:02:37] INFO Epoch 048 | train batch=1250/1427 | elapsed=5.4 min | eta=0.8 min
[2026-08-13 15:02:40] INFO Epoch 048 | train batch=1260/1427 | elapsed=5.5 min | eta=0.7 min
[2026-08-13 15:02:42] INFO Epoch 048 | train batch=1270/1427 | elapsed=5.5 min | eta=0.7 min
[2026-08-13 15:02:45] INFO Epoch 048 | train batch=1280/1427 | elapsed=5.6 min | eta=0.6 min
[2026-08-13 15:02:48] INFO Epoch 048 | train batch=1290/1427 | elapsed=5.6 min | eta=0.6 min
[2026-08-13 15:02:50] INFO Epoch 048 | train batch=1300/1427 | elapsed=5.6 min | eta=0.6 min
[2026-08-13 15:02:52] INFO Epoch 048 | train batch=1310/1427 | elapsed=5.7 min | eta=0.5 min
[2026-08-13 15:02:55] INFO Epoch 048 | train batch=1320/1427 | elapsed=5.7 min | eta=0.5 min
[2026-08-13 15:02:57] INFO Epoch 048 | train batch=1330/1427 | elapsed=5.8 min | eta=0.4 min
[2026-08-13 15:03:00] INFO Epoch 048 | train batch=1340/1427 | elapsed=5.8 min | eta=0.4 min
[2026-08-13 15:03:02] INFO Epoch 048 | train batch=1350/1427 | elapsed=5.8 min | eta=0.3 min
[2026-08-13 15:03:05] INFO Epoch 048 | train batch=1360/1427 | elapsed=5.9 min | eta=0.3 min
[2026-08-13 15:03:08] INFO Epoch 048 | train batch=1370/1427 | elapsed=5.9 min | eta=0.2 min
[2026-08-13 15:03:10] INFO Epoch 048 | train batch=1380/1427 | elapsed=6.0 min | eta=0.2 min
[2026-08-13 15:03:13] INFO Epoch 048 | train batch=1390/1427 | elapsed=6.0 min | eta=0.2 min
[2026-08-13 15:03:15] INFO Epoch 048 | train batch=1400/1427 | elapsed=6.1 min | eta=0.1 min
[2026-08-13 15:03:18] INFO Epoch 048 | train batch=1410/1427 | elapsed=6.1 min | eta=0.1 min
[2026-08-13 15:03:20] INFO Epoch 048 | train batch=1420/1427 | elapsed=6.1 min | eta=0.0 min
[2026-08-13 15:03:22] INFO Epoch 048 | train batch=1427/1427 | elapsed=6.2 min | eta=0.0 min
[2026-08-13 15:03:22] INFO Epoch 048 | val batch=1/203 | elapsed=0.0 min | eta=0.3 min
[2026-08-13 15:03:23] INFO Epoch 048 | val batch=10/203 | elapsed=0.0 min | eta=0.4 min
[2026-08-13 15:03:24] INFO Epoch 048 | val batch=20/203 | elapsed=0.0 min | eta=0.4 min
[2026-08-13 15:03:25] INFO Epoch 048 | val batch=30/203 | elapsed=0.1 min | eta=0.4 min
[2026-08-13 15:03:27] INFO Epoch 048 | val batch=40/203 | elapsed=0.1 min | eta=0.3 min
[2026-08-13 15:03:28] INFO Epoch 048 | val batch=50/203 | elapsed=0.1 min | eta=0.3 min
[2026-08-13 15:03:29] INFO Epoch 048 | val batch=60/203 | elapsed=0.1 min | eta=0.3 min
[2026-08-13 15:03:31] INFO Epoch 048 | val batch=70/203 | elapsed=0.1 min | eta=0.3 min
[2026-08-13 15:03:32] INFO Epoch 048 | val batch=80/203 | elapsed=0.2 min | eta=0.3 min
[2026-08-13 15:03:33] INFO Epoch 048 | val batch=90/203 | elapsed=0.2 min | eta=0.2 min
[2026-08-13 15:03:34] INFO Epoch 048 | val batch=100/203 | elapsed=0.2 min | eta=0.2 min
[2026-08-13 15:03:36] INFO Epoch 048 | val batch=110/203 | elapsed=0.2 min | eta=0.2 min
[2026-08-13 15:03:37] INFO Epoch 048 | val batch=120/203 | elapsed=0.3 min | eta=0.2 min
[2026-08-13 15:03:38] INFO Epoch 048 | val batch=130/203 | elapsed=0.3 min | eta=0.2 min
[2026-08-13 15:03:39] INFO Epoch 048 | val batch=140/203 | elapsed=0.3 min | eta=0.1 min
[2026-08-13 15:03:41] INFO Epoch 048 | val batch=150/203 | elapsed=0.3 min | eta=0.1 min
[2026-08-13 15:03:42] INFO Epoch 048 | val batch=160/203 | elapsed=0.3 min | eta=0.1 min
[2026-08-13 15:03:43] INFO Epoch 048 | val batch=170/203 | elapsed=0.4 min | eta=0.1 min
[2026-08-13 15:03:45] INFO Epoch 048 | val batch=180/203 | elapsed=0.4 min | eta=0.0 min
[2026-08-13 15:03:46] INFO Epoch 048 | val batch=190/203 | elapsed=0.4 min | eta=0.0 min
[2026-08-13 15:03:47] INFO Epoch 048 | val batch=200/203 | elapsed=0.4 min | eta=0.0 min
[2026-08-13 15:03:47] INFO Epoch 048 | val batch=203/203 | elapsed=0.4 min | eta=0.0 min
[2026-08-13 15:03:47] INFO Epoch 048 | train_total=1.175591 | val_total=1.095650 | val_mask=0.764674 | val_retrieval=2.368804 | val_profile=0.940951 | val_anchors=660915 | val_positive_pairs=0 | val_hard_negatives=0 | val_relation_candidates=9654476 | val_teacher_keff=4.444 | val_student_keff=9.314 | val_masked_positions=1956683 | skipped(train/val)=0/0
[2026-08-13 15:03:47] INFO Epoch 049/050 started | train_batches=1427 | val_batches=203
[2026-08-13 15:03:48] INFO Epoch 049 | train batch=1/1427 | elapsed=0.0 min | eta=7.3 min
[2026-08-13 15:03:50] INFO Epoch 049 | train batch=10/1427 | elapsed=0.0 min | eta=6.9 min
[2026-08-13 15:03:53] INFO Epoch 049 | train batch=20/1427 | elapsed=0.1 min | eta=6.5 min
[2026-08-13 15:03:56] INFO Epoch 049 | train batch=30/1427 | elapsed=0.1 min | eta=6.3 min
[2026-08-13 15:03:58] INFO Epoch 049 | train batch=40/1427 | elapsed=0.2 min | eta=6.2 min
[2026-08-13 15:04:01] INFO Epoch 049 | train batch=50/1427 | elapsed=0.2 min | eta=6.2 min
[2026-08-13 15:04:04] INFO Epoch 049 | train batch=60/1427 | elapsed=0.3 min | eta=6.1 min
[2026-08-13 15:04:06] INFO Epoch 049 | train batch=70/1427 | elapsed=0.3 min | eta=6.0 min
[2026-08-13 15:04:09] INFO Epoch 049 | train batch=80/1427 | elapsed=0.4 min | eta=6.0 min
[2026-08-13 15:04:11] INFO Epoch 049 | train batch=90/1427 | elapsed=0.4 min | eta=5.9 min
[2026-08-13 15:04:14] INFO Epoch 049 | train batch=100/1427 | elapsed=0.4 min | eta=6.0 min
[2026-08-13 15:04:17] INFO Epoch 049 | train batch=110/1427 | elapsed=0.5 min | eta=5.9 min
[2026-08-13 15:04:20] INFO Epoch 049 | train batch=120/1427 | elapsed=0.5 min | eta=5.9 min
[2026-08-13 15:04:22] INFO Epoch 049 | train batch=130/1427 | elapsed=0.6 min | eta=5.8 min
[2026-08-13 15:04:25] INFO Epoch 049 | train batch=140/1427 | elapsed=0.6 min | eta=5.7 min
[2026-08-13 15:04:28] INFO Epoch 049 | train batch=150/1427 | elapsed=0.7 min | eta=5.7 min
[2026-08-13 15:04:30] INFO Epoch 049 | train batch=160/1427 | elapsed=0.7 min | eta=5.7 min
[2026-08-13 15:04:33] INFO Epoch 049 | train batch=170/1427 | elapsed=0.8 min | eta=5.6 min
[2026-08-13 15:04:36] INFO Epoch 049 | train batch=180/1427 | elapsed=0.8 min | eta=5.6 min
[2026-08-13 15:04:38] INFO Epoch 049 | train batch=190/1427 | elapsed=0.8 min | eta=5.5 min
[2026-08-13 15:04:41] INFO Epoch 049 | train batch=200/1427 | elapsed=0.9 min | eta=5.5 min
[2026-08-13 15:04:43] INFO Epoch 049 | train batch=210/1427 | elapsed=0.9 min | eta=5.4 min
[2026-08-13 15:04:46] INFO Epoch 049 | train batch=220/1427 | elapsed=1.0 min | eta=5.3 min
[2026-08-13 15:04:49] INFO Epoch 049 | train batch=230/1427 | elapsed=1.0 min | eta=5.3 min
[2026-08-13 15:04:51] INFO Epoch 049 | train batch=240/1427 | elapsed=1.1 min | eta=5.3 min
[2026-08-13 15:04:54] INFO Epoch 049 | train batch=250/1427 | elapsed=1.1 min | eta=5.2 min
[2026-08-13 15:04:56] INFO Epoch 049 | train batch=260/1427 | elapsed=1.1 min | eta=5.2 min
[2026-08-13 15:04:59] INFO Epoch 049 | train batch=270/1427 | elapsed=1.2 min | eta=5.1 min
[2026-08-13 15:05:02] INFO Epoch 049 | train batch=280/1427 | elapsed=1.2 min | eta=5.1 min
[2026-08-13 15:05:05] INFO Epoch 049 | train batch=290/1427 | elapsed=1.3 min | eta=5.0 min
[2026-08-13 15:05:07] INFO Epoch 049 | train batch=300/1427 | elapsed=1.3 min | eta=5.0 min
[2026-08-13 15:05:10] INFO Epoch 049 | train batch=310/1427 | elapsed=1.4 min | eta=4.9 min
[2026-08-13 15:05:12] INFO Epoch 049 | train batch=320/1427 | elapsed=1.4 min | eta=4.9 min
[2026-08-13 15:05:15] INFO Epoch 049 | train batch=330/1427 | elapsed=1.5 min | eta=4.9 min
[2026-08-13 15:05:18] INFO Epoch 049 | train batch=340/1427 | elapsed=1.5 min | eta=4.8 min
[2026-08-13 15:05:20] INFO Epoch 049 | train batch=350/1427 | elapsed=1.5 min | eta=4.8 min
[2026-08-13 15:05:23] INFO Epoch 049 | train batch=360/1427 | elapsed=1.6 min | eta=4.7 min
[2026-08-13 15:05:26] INFO Epoch 049 | train batch=370/1427 | elapsed=1.6 min | eta=4.7 min
[2026-08-13 15:05:28] INFO Epoch 049 | train batch=380/1427 | elapsed=1.7 min | eta=4.6 min
[2026-08-13 15:05:31] INFO Epoch 049 | train batch=390/1427 | elapsed=1.7 min | eta=4.6 min
[2026-08-13 15:05:33] INFO Epoch 049 | train batch=400/1427 | elapsed=1.8 min | eta=4.5 min
[2026-08-13 15:05:36] INFO Epoch 049 | train batch=410/1427 | elapsed=1.8 min | eta=4.5 min
[2026-08-13 15:05:39] INFO Epoch 049 | train batch=420/1427 | elapsed=1.9 min | eta=4.4 min
[2026-08-13 15:05:41] INFO Epoch 049 | train batch=430/1427 | elapsed=1.9 min | eta=4.4 min
[2026-08-13 15:05:43] INFO Epoch 049 | train batch=440/1427 | elapsed=1.9 min | eta=4.3 min
[2026-08-13 15:05:46] INFO Epoch 049 | train batch=450/1427 | elapsed=2.0 min | eta=4.3 min
[2026-08-13 15:05:49] INFO Epoch 049 | train batch=460/1427 | elapsed=2.0 min | eta=4.3 min
[2026-08-13 15:05:51] INFO Epoch 049 | train batch=470/1427 | elapsed=2.1 min | eta=4.2 min
[2026-08-13 15:05:54] INFO Epoch 049 | train batch=480/1427 | elapsed=2.1 min | eta=4.1 min
[2026-08-13 15:05:56] INFO Epoch 049 | train batch=490/1427 | elapsed=2.1 min | eta=4.1 min
[2026-08-13 15:05:59] INFO Epoch 049 | train batch=500/1427 | elapsed=2.2 min | eta=4.1 min
[2026-08-13 15:06:01] INFO Epoch 049 | train batch=510/1427 | elapsed=2.2 min | eta=4.0 min
[2026-08-13 15:06:04] INFO Epoch 049 | train batch=520/1427 | elapsed=2.3 min | eta=4.0 min
[2026-08-13 15:06:06] INFO Epoch 049 | train batch=530/1427 | elapsed=2.3 min | eta=3.9 min
[2026-08-13 15:06:09] INFO Epoch 049 | train batch=540/1427 | elapsed=2.4 min | eta=3.9 min
[2026-08-13 15:06:11] INFO Epoch 049 | train batch=550/1427 | elapsed=2.4 min | eta=3.8 min
[2026-08-13 15:06:14] INFO Epoch 049 | train batch=560/1427 | elapsed=2.4 min | eta=3.8 min
[2026-08-13 15:06:16] INFO Epoch 049 | train batch=570/1427 | elapsed=2.5 min | eta=3.7 min
[2026-08-13 15:06:19] INFO Epoch 049 | train batch=580/1427 | elapsed=2.5 min | eta=3.7 min
[2026-08-13 15:06:21] INFO Epoch 049 | train batch=590/1427 | elapsed=2.6 min | eta=3.6 min
[2026-08-13 15:06:24] INFO Epoch 049 | train batch=600/1427 | elapsed=2.6 min | eta=3.6 min
[2026-08-13 15:06:27] INFO Epoch 049 | train batch=610/1427 | elapsed=2.7 min | eta=3.6 min
[2026-08-13 15:06:29] INFO Epoch 049 | train batch=620/1427 | elapsed=2.7 min | eta=3.5 min
[2026-08-13 15:06:32] INFO Epoch 049 | train batch=630/1427 | elapsed=2.7 min | eta=3.5 min
[2026-08-13 15:06:34] INFO Epoch 049 | train batch=640/1427 | elapsed=2.8 min | eta=3.4 min
[2026-08-13 15:06:37] INFO Epoch 049 | train batch=650/1427 | elapsed=2.8 min | eta=3.4 min
[2026-08-13 15:06:40] INFO Epoch 049 | train batch=660/1427 | elapsed=2.9 min | eta=3.3 min
[2026-08-13 15:06:42] INFO Epoch 049 | train batch=670/1427 | elapsed=2.9 min | eta=3.3 min
[2026-08-13 15:06:45] INFO Epoch 049 | train batch=680/1427 | elapsed=3.0 min | eta=3.2 min
[2026-08-13 15:06:47] INFO Epoch 049 | train batch=690/1427 | elapsed=3.0 min | eta=3.2 min
[2026-08-13 15:06:50] INFO Epoch 049 | train batch=700/1427 | elapsed=3.0 min | eta=3.2 min
[2026-08-13 15:06:53] INFO Epoch 049 | train batch=710/1427 | elapsed=3.1 min | eta=3.1 min
[2026-08-13 15:06:56] INFO Epoch 049 | train batch=720/1427 | elapsed=3.1 min | eta=3.1 min
[2026-08-13 15:06:58] INFO Epoch 049 | train batch=730/1427 | elapsed=3.2 min | eta=3.0 min
[2026-08-13 15:07:01] INFO Epoch 049 | train batch=740/1427 | elapsed=3.2 min | eta=3.0 min
[2026-08-13 15:07:03] INFO Epoch 049 | train batch=750/1427 | elapsed=3.3 min | eta=2.9 min
[2026-08-13 15:07:06] INFO Epoch 049 | train batch=760/1427 | elapsed=3.3 min | eta=2.9 min
[2026-08-13 15:07:08] INFO Epoch 049 | train batch=770/1427 | elapsed=3.3 min | eta=2.9 min
[2026-08-13 15:07:11] INFO Epoch 049 | train batch=780/1427 | elapsed=3.4 min | eta=2.8 min
[2026-08-13 15:07:13] INFO Epoch 049 | train batch=790/1427 | elapsed=3.4 min | eta=2.8 min
[2026-08-13 15:07:15] INFO Epoch 049 | train batch=800/1427 | elapsed=3.5 min | eta=2.7 min
[2026-08-13 15:07:18] INFO Epoch 049 | train batch=810/1427 | elapsed=3.5 min | eta=2.7 min
[2026-08-13 15:07:21] INFO Epoch 049 | train batch=820/1427 | elapsed=3.6 min | eta=2.6 min
[2026-08-13 15:07:23] INFO Epoch 049 | train batch=830/1427 | elapsed=3.6 min | eta=2.6 min
[2026-08-13 15:07:26] INFO Epoch 049 | train batch=840/1427 | elapsed=3.6 min | eta=2.5 min
[2026-08-13 15:07:28] INFO Epoch 049 | train batch=850/1427 | elapsed=3.7 min | eta=2.5 min
[2026-08-13 15:07:31] INFO Epoch 049 | train batch=860/1427 | elapsed=3.7 min | eta=2.5 min
[2026-08-13 15:07:33] INFO Epoch 049 | train batch=870/1427 | elapsed=3.8 min | eta=2.4 min
[2026-08-13 15:07:36] INFO Epoch 049 | train batch=880/1427 | elapsed=3.8 min | eta=2.4 min
[2026-08-13 15:07:39] INFO Epoch 049 | train batch=890/1427 | elapsed=3.9 min | eta=2.3 min
[2026-08-13 15:07:41] INFO Epoch 049 | train batch=900/1427 | elapsed=3.9 min | eta=2.3 min
[2026-08-13 15:07:44] INFO Epoch 049 | train batch=910/1427 | elapsed=3.9 min | eta=2.2 min
[2026-08-13 15:07:47] INFO Epoch 049 | train batch=920/1427 | elapsed=4.0 min | eta=2.2 min
[2026-08-13 15:07:49] INFO Epoch 049 | train batch=930/1427 | elapsed=4.0 min | eta=2.2 min
[2026-08-13 15:07:52] INFO Epoch 049 | train batch=940/1427 | elapsed=4.1 min | eta=2.1 min
[2026-08-13 15:07:54] INFO Epoch 049 | train batch=950/1427 | elapsed=4.1 min | eta=2.1 min
[2026-08-13 15:07:57] INFO Epoch 049 | train batch=960/1427 | elapsed=4.2 min | eta=2.0 min
[2026-08-13 15:08:00] INFO Epoch 049 | train batch=970/1427 | elapsed=4.2 min | eta=2.0 min
[2026-08-13 15:08:03] INFO Epoch 049 | train batch=980/1427 | elapsed=4.3 min | eta=1.9 min
[2026-08-13 15:08:05] INFO Epoch 049 | train batch=990/1427 | elapsed=4.3 min | eta=1.9 min
[2026-08-13 15:08:08] INFO Epoch 049 | train batch=1000/1427 | elapsed=4.3 min | eta=1.9 min
[2026-08-13 15:08:11] INFO Epoch 049 | train batch=1010/1427 | elapsed=4.4 min | eta=1.8 min
[2026-08-13 15:08:13] INFO Epoch 049 | train batch=1020/1427 | elapsed=4.4 min | eta=1.8 min
[2026-08-13 15:08:16] INFO Epoch 049 | train batch=1030/1427 | elapsed=4.5 min | eta=1.7 min
[2026-08-13 15:08:19] INFO Epoch 049 | train batch=1040/1427 | elapsed=4.5 min | eta=1.7 min
[2026-08-13 15:08:21] INFO Epoch 049 | train batch=1050/1427 | elapsed=4.6 min | eta=1.6 min
[2026-08-13 15:08:24] INFO Epoch 049 | train batch=1060/1427 | elapsed=4.6 min | eta=1.6 min
[2026-08-13 15:08:27] INFO Epoch 049 | train batch=1070/1427 | elapsed=4.7 min | eta=1.6 min
[2026-08-13 15:08:29] INFO Epoch 049 | train batch=1080/1427 | elapsed=4.7 min | eta=1.5 min
[2026-08-13 15:08:32] INFO Epoch 049 | train batch=1090/1427 | elapsed=4.7 min | eta=1.5 min
[2026-08-13 15:08:34] INFO Epoch 049 | train batch=1100/1427 | elapsed=4.8 min | eta=1.4 min
[2026-08-13 15:08:37] INFO Epoch 049 | train batch=1110/1427 | elapsed=4.8 min | eta=1.4 min
[2026-08-13 15:08:40] INFO Epoch 049 | train batch=1120/1427 | elapsed=4.9 min | eta=1.3 min
[2026-08-13 15:08:43] INFO Epoch 049 | train batch=1130/1427 | elapsed=4.9 min | eta=1.3 min
[2026-08-13 15:08:45] INFO Epoch 049 | train batch=1140/1427 | elapsed=5.0 min | eta=1.2 min
[2026-08-13 15:08:48] INFO Epoch 049 | train batch=1150/1427 | elapsed=5.0 min | eta=1.2 min
[2026-08-13 15:08:50] INFO Epoch 049 | train batch=1160/1427 | elapsed=5.0 min | eta=1.2 min
[2026-08-13 15:08:53] INFO Epoch 049 | train batch=1170/1427 | elapsed=5.1 min | eta=1.1 min
[2026-08-13 15:08:55] INFO Epoch 049 | train batch=1180/1427 | elapsed=5.1 min | eta=1.1 min
[2026-08-13 15:08:58] INFO Epoch 049 | train batch=1190/1427 | elapsed=5.2 min | eta=1.0 min
[2026-08-13 15:09:00] INFO Epoch 049 | train batch=1200/1427 | elapsed=5.2 min | eta=1.0 min
[2026-08-13 15:09:03] INFO Epoch 049 | train batch=1210/1427 | elapsed=5.3 min | eta=0.9 min
[2026-08-13 15:09:05] INFO Epoch 049 | train batch=1220/1427 | elapsed=5.3 min | eta=0.9 min
[2026-08-13 15:09:08] INFO Epoch 049 | train batch=1230/1427 | elapsed=5.3 min | eta=0.9 min
[2026-08-13 15:09:11] INFO Epoch 049 | train batch=1240/1427 | elapsed=5.4 min | eta=0.8 min
[2026-08-13 15:09:13] INFO Epoch 049 | train batch=1250/1427 | elapsed=5.4 min | eta=0.8 min
[2026-08-13 15:09:16] INFO Epoch 049 | train batch=1260/1427 | elapsed=5.5 min | eta=0.7 min
[2026-08-13 15:09:19] INFO Epoch 049 | train batch=1270/1427 | elapsed=5.5 min | eta=0.7 min
[2026-08-13 15:09:21] INFO Epoch 049 | train batch=1280/1427 | elapsed=5.6 min | eta=0.6 min
[2026-08-13 15:09:24] INFO Epoch 049 | train batch=1290/1427 | elapsed=5.6 min | eta=0.6 min
[2026-08-13 15:09:26] INFO Epoch 049 | train batch=1300/1427 | elapsed=5.6 min | eta=0.6 min
[2026-08-13 15:09:29] INFO Epoch 049 | train batch=1310/1427 | elapsed=5.7 min | eta=0.5 min
[2026-08-13 15:09:32] INFO Epoch 049 | train batch=1320/1427 | elapsed=5.7 min | eta=0.5 min
[2026-08-13 15:09:34] INFO Epoch 049 | train batch=1330/1427 | elapsed=5.8 min | eta=0.4 min
[2026-08-13 15:09:37] INFO Epoch 049 | train batch=1340/1427 | elapsed=5.8 min | eta=0.4 min
[2026-08-13 15:09:40] INFO Epoch 049 | train batch=1350/1427 | elapsed=5.9 min | eta=0.3 min
[2026-08-13 15:09:42] INFO Epoch 049 | train batch=1360/1427 | elapsed=5.9 min | eta=0.3 min
[2026-08-13 15:09:45] INFO Epoch 049 | train batch=1370/1427 | elapsed=6.0 min | eta=0.2 min
[2026-08-13 15:09:48] INFO Epoch 049 | train batch=1380/1427 | elapsed=6.0 min | eta=0.2 min
[2026-08-13 15:09:50] INFO Epoch 049 | train batch=1390/1427 | elapsed=6.0 min | eta=0.2 min
[2026-08-13 15:09:53] INFO Epoch 049 | train batch=1400/1427 | elapsed=6.1 min | eta=0.1 min
[2026-08-13 15:09:56] INFO Epoch 049 | train batch=1410/1427 | elapsed=6.1 min | eta=0.1 min
[2026-08-13 15:09:58] INFO Epoch 049 | train batch=1420/1427 | elapsed=6.2 min | eta=0.0 min
[2026-08-13 15:10:00] INFO Epoch 049 | train batch=1427/1427 | elapsed=6.2 min | eta=0.0 min
[2026-08-13 15:10:00] INFO Epoch 049 | val batch=1/203 | elapsed=0.0 min | eta=0.2 min
[2026-08-13 15:10:01] INFO Epoch 049 | val batch=10/203 | elapsed=0.0 min | eta=0.4 min
[2026-08-13 15:10:02] INFO Epoch 049 | val batch=20/203 | elapsed=0.0 min | eta=0.4 min
[2026-08-13 15:10:04] INFO Epoch 049 | val batch=30/203 | elapsed=0.1 min | eta=0.4 min
[2026-08-13 15:10:05] INFO Epoch 049 | val batch=40/203 | elapsed=0.1 min | eta=0.3 min
[2026-08-13 15:10:06] INFO Epoch 049 | val batch=50/203 | elapsed=0.1 min | eta=0.3 min
[2026-08-13 15:10:07] INFO Epoch 049 | val batch=60/203 | elapsed=0.1 min | eta=0.3 min
[2026-08-13 15:10:09] INFO Epoch 049 | val batch=70/203 | elapsed=0.1 min | eta=0.3 min
[2026-08-13 15:10:10] INFO Epoch 049 | val batch=80/203 | elapsed=0.2 min | eta=0.3 min
[2026-08-13 15:10:11] INFO Epoch 049 | val batch=90/203 | elapsed=0.2 min | eta=0.2 min
[2026-08-13 15:10:12] INFO Epoch 049 | val batch=100/203 | elapsed=0.2 min | eta=0.2 min
[2026-08-13 15:10:14] INFO Epoch 049 | val batch=110/203 | elapsed=0.2 min | eta=0.2 min
[2026-08-13 15:10:15] INFO Epoch 049 | val batch=120/203 | elapsed=0.3 min | eta=0.2 min
[2026-08-13 15:10:16] INFO Epoch 049 | val batch=130/203 | elapsed=0.3 min | eta=0.2 min
[2026-08-13 15:10:18] INFO Epoch 049 | val batch=140/203 | elapsed=0.3 min | eta=0.1 min
[2026-08-13 15:10:19] INFO Epoch 049 | val batch=150/203 | elapsed=0.3 min | eta=0.1 min
[2026-08-13 15:10:20] INFO Epoch 049 | val batch=160/203 | elapsed=0.3 min | eta=0.1 min
[2026-08-13 15:10:21] INFO Epoch 049 | val batch=170/203 | elapsed=0.4 min | eta=0.1 min
[2026-08-13 15:10:23] INFO Epoch 049 | val batch=180/203 | elapsed=0.4 min | eta=0.0 min
[2026-08-13 15:10:24] INFO Epoch 049 | val batch=190/203 | elapsed=0.4 min | eta=0.0 min
[2026-08-13 15:10:25] INFO Epoch 049 | val batch=200/203 | elapsed=0.4 min | eta=0.0 min
[2026-08-13 15:10:25] INFO Epoch 049 | val batch=203/203 | elapsed=0.4 min | eta=0.0 min
[2026-08-13 15:10:25] INFO Epoch 049 | train_total=1.025024 | val_total=1.211828 | val_mask=0.879669 | val_retrieval=2.371126 | val_profile=0.950458 | val_anchors=660915 | val_positive_pairs=0 | val_hard_negatives=0 | val_relation_candidates=9654476 | val_teacher_keff=4.444 | val_student_keff=9.490 | val_masked_positions=1958404 | skipped(train/val)=0/0
[2026-08-13 15:10:25] INFO Epoch 050/050 started | train_batches=1427 | val_batches=203
[2026-08-13 15:10:26] INFO Epoch 050 | train batch=1/1427 | elapsed=0.0 min | eta=4.9 min
[2026-08-13 15:10:28] INFO Epoch 050 | train batch=10/1427 | elapsed=0.0 min | eta=6.1 min
[2026-08-13 15:10:30] INFO Epoch 050 | train batch=20/1427 | elapsed=0.1 min | eta=5.8 min
[2026-08-13 15:10:33] INFO Epoch 050 | train batch=30/1427 | elapsed=0.1 min | eta=6.2 min
[2026-08-13 15:10:36] INFO Epoch 050 | train batch=40/1427 | elapsed=0.2 min | eta=6.1 min
[2026-08-13 15:10:39] INFO Epoch 050 | train batch=50/1427 | elapsed=0.2 min | eta=6.1 min
[2026-08-13 15:10:41] INFO Epoch 050 | train batch=60/1427 | elapsed=0.3 min | eta=6.0 min
[2026-08-13 15:10:44] INFO Epoch 050 | train batch=70/1427 | elapsed=0.3 min | eta=6.0 min
[2026-08-13 15:10:47] INFO Epoch 050 | train batch=80/1427 | elapsed=0.4 min | eta=5.9 min
[2026-08-13 15:10:49] INFO Epoch 050 | train batch=90/1427 | elapsed=0.4 min | eta=5.8 min
[2026-08-13 15:10:52] INFO Epoch 050 | train batch=100/1427 | elapsed=0.4 min | eta=5.8 min
[2026-08-13 15:10:54] INFO Epoch 050 | train batch=110/1427 | elapsed=0.5 min | eta=5.7 min
[2026-08-13 15:10:56] INFO Epoch 050 | train batch=120/1427 | elapsed=0.5 min | eta=5.6 min
[2026-08-13 15:10:59] INFO Epoch 050 | train batch=130/1427 | elapsed=0.6 min | eta=5.6 min
[2026-08-13 15:11:01] INFO Epoch 050 | train batch=140/1427 | elapsed=0.6 min | eta=5.5 min
[2026-08-13 15:11:04] INFO Epoch 050 | train batch=150/1427 | elapsed=0.6 min | eta=5.5 min
[2026-08-13 15:11:07] INFO Epoch 050 | train batch=160/1427 | elapsed=0.7 min | eta=5.4 min
[2026-08-13 15:11:09] INFO Epoch 050 | train batch=170/1427 | elapsed=0.7 min | eta=5.4 min
[2026-08-13 15:11:12] INFO Epoch 050 | train batch=180/1427 | elapsed=0.8 min | eta=5.4 min
[2026-08-13 15:11:14] INFO Epoch 050 | train batch=190/1427 | elapsed=0.8 min | eta=5.3 min
[2026-08-13 15:11:17] INFO Epoch 050 | train batch=200/1427 | elapsed=0.9 min | eta=5.3 min
[2026-08-13 15:11:20] INFO Epoch 050 | train batch=210/1427 | elapsed=0.9 min | eta=5.2 min
[2026-08-13 15:11:22] INFO Epoch 050 | train batch=220/1427 | elapsed=0.9 min | eta=5.2 min
[2026-08-13 15:11:25] INFO Epoch 050 | train batch=230/1427 | elapsed=1.0 min | eta=5.1 min
[2026-08-13 15:11:27] INFO Epoch 050 | train batch=240/1427 | elapsed=1.0 min | eta=5.1 min
[2026-08-13 15:11:30] INFO Epoch 050 | train batch=250/1427 | elapsed=1.1 min | eta=5.0 min
[2026-08-13 15:11:32] INFO Epoch 050 | train batch=260/1427 | elapsed=1.1 min | eta=5.0 min
[2026-08-13 15:11:35] INFO Epoch 050 | train batch=270/1427 | elapsed=1.2 min | eta=4.9 min
[2026-08-13 15:11:37] INFO Epoch 050 | train batch=280/1427 | elapsed=1.2 min | eta=4.9 min
[2026-08-13 15:11:40] INFO Epoch 050 | train batch=290/1427 | elapsed=1.2 min | eta=4.8 min
[2026-08-13 15:11:42] INFO Epoch 050 | train batch=300/1427 | elapsed=1.3 min | eta=4.8 min
[2026-08-13 15:11:45] INFO Epoch 050 | train batch=310/1427 | elapsed=1.3 min | eta=4.8 min
[2026-08-13 15:11:48] INFO Epoch 050 | train batch=320/1427 | elapsed=1.4 min | eta=4.8 min
[2026-08-13 15:11:50] INFO Epoch 050 | train batch=330/1427 | elapsed=1.4 min | eta=4.7 min
[2026-08-13 15:11:53] INFO Epoch 050 | train batch=340/1427 | elapsed=1.5 min | eta=4.7 min
[2026-08-13 15:11:55] INFO Epoch 050 | train batch=350/1427 | elapsed=1.5 min | eta=4.6 min
[2026-08-13 15:11:58] INFO Epoch 050 | train batch=360/1427 | elapsed=1.5 min | eta=4.6 min
[2026-08-13 15:12:00] INFO Epoch 050 | train batch=370/1427 | elapsed=1.6 min | eta=4.5 min
[2026-08-13 15:12:03] INFO Epoch 050 | train batch=380/1427 | elapsed=1.6 min | eta=4.5 min
[2026-08-13 15:12:06] INFO Epoch 050 | train batch=390/1427 | elapsed=1.7 min | eta=4.4 min
[2026-08-13 15:12:08] INFO Epoch 050 | train batch=400/1427 | elapsed=1.7 min | eta=4.4 min
[2026-08-13 15:12:11] INFO Epoch 050 | train batch=410/1427 | elapsed=1.8 min | eta=4.3 min
[2026-08-13 15:12:13] INFO Epoch 050 | train batch=420/1427 | elapsed=1.8 min | eta=4.3 min
[2026-08-13 15:12:16] INFO Epoch 050 | train batch=430/1427 | elapsed=1.8 min | eta=4.3 min
[2026-08-13 15:12:18] INFO Epoch 050 | train batch=440/1427 | elapsed=1.9 min | eta=4.2 min
[2026-08-13 15:12:21] INFO Epoch 050 | train batch=450/1427 | elapsed=1.9 min | eta=4.2 min
[2026-08-13 15:12:24] INFO Epoch 050 | train batch=460/1427 | elapsed=2.0 min | eta=4.1 min
[2026-08-13 15:12:26] INFO Epoch 050 | train batch=470/1427 | elapsed=2.0 min | eta=4.1 min
[2026-08-13 15:12:29] INFO Epoch 050 | train batch=480/1427 | elapsed=2.1 min | eta=4.1 min
[2026-08-13 15:12:31] INFO Epoch 050 | train batch=490/1427 | elapsed=2.1 min | eta=4.0 min
[2026-08-13 15:12:34] INFO Epoch 050 | train batch=500/1427 | elapsed=2.1 min | eta=4.0 min
[2026-08-13 15:12:37] INFO Epoch 050 | train batch=510/1427 | elapsed=2.2 min | eta=3.9 min
[2026-08-13 15:12:39] INFO Epoch 050 | train batch=520/1427 | elapsed=2.2 min | eta=3.9 min
[2026-08-13 15:12:42] INFO Epoch 050 | train batch=530/1427 | elapsed=2.3 min | eta=3.8 min
[2026-08-13 15:12:44] INFO Epoch 050 | train batch=540/1427 | elapsed=2.3 min | eta=3.8 min
[2026-08-13 15:12:47] INFO Epoch 050 | train batch=550/1427 | elapsed=2.4 min | eta=3.8 min
[2026-08-13 15:12:49] INFO Epoch 050 | train batch=560/1427 | elapsed=2.4 min | eta=3.7 min
[2026-08-13 15:12:52] INFO Epoch 050 | train batch=570/1427 | elapsed=2.4 min | eta=3.7 min
[2026-08-13 15:12:55] INFO Epoch 050 | train batch=580/1427 | elapsed=2.5 min | eta=3.6 min
[2026-08-13 15:12:57] INFO Epoch 050 | train batch=590/1427 | elapsed=2.5 min | eta=3.6 min
[2026-08-13 15:13:00] INFO Epoch 050 | train batch=600/1427 | elapsed=2.6 min | eta=3.6 min
[2026-08-13 15:13:03] INFO Epoch 050 | train batch=610/1427 | elapsed=2.6 min | eta=3.5 min
[2026-08-13 15:13:05] INFO Epoch 050 | train batch=620/1427 | elapsed=2.7 min | eta=3.5 min
[2026-08-13 15:13:08] INFO Epoch 050 | train batch=630/1427 | elapsed=2.7 min | eta=3.4 min
[2026-08-13 15:13:10] INFO Epoch 050 | train batch=640/1427 | elapsed=2.7 min | eta=3.4 min
[2026-08-13 15:13:13] INFO Epoch 050 | train batch=650/1427 | elapsed=2.8 min | eta=3.3 min
[2026-08-13 15:13:15] INFO Epoch 050 | train batch=660/1427 | elapsed=2.8 min | eta=3.3 min
[2026-08-13 15:13:18] INFO Epoch 050 | train batch=670/1427 | elapsed=2.9 min | eta=3.2 min
[2026-08-13 15:13:21] INFO Epoch 050 | train batch=680/1427 | elapsed=2.9 min | eta=3.2 min
[2026-08-13 15:13:23] INFO Epoch 050 | train batch=690/1427 | elapsed=3.0 min | eta=3.2 min
[2026-08-13 15:13:26] INFO Epoch 050 | train batch=700/1427 | elapsed=3.0 min | eta=3.1 min
[2026-08-13 15:13:29] INFO Epoch 050 | train batch=710/1427 | elapsed=3.1 min | eta=3.1 min
[2026-08-13 15:13:32] INFO Epoch 050 | train batch=720/1427 | elapsed=3.1 min | eta=3.0 min
[2026-08-13 15:13:34] INFO Epoch 050 | train batch=730/1427 | elapsed=3.1 min | eta=3.0 min
[2026-08-13 15:13:37] INFO Epoch 050 | train batch=740/1427 | elapsed=3.2 min | eta=3.0 min
[2026-08-13 15:13:39] INFO Epoch 050 | train batch=750/1427 | elapsed=3.2 min | eta=2.9 min
[2026-08-13 15:13:42] INFO Epoch 050 | train batch=760/1427 | elapsed=3.3 min | eta=2.9 min
[2026-08-13 15:13:44] INFO Epoch 050 | train batch=770/1427 | elapsed=3.3 min | eta=2.8 min
[2026-08-13 15:13:47] INFO Epoch 050 | train batch=780/1427 | elapsed=3.4 min | eta=2.8 min
[2026-08-13 15:13:50] INFO Epoch 050 | train batch=790/1427 | elapsed=3.4 min | eta=2.7 min
[2026-08-13 15:13:52] INFO Epoch 050 | train batch=800/1427 | elapsed=3.4 min | eta=2.7 min
[2026-08-13 15:13:55] INFO Epoch 050 | train batch=810/1427 | elapsed=3.5 min | eta=2.7 min
[2026-08-13 15:13:57] INFO Epoch 050 | train batch=820/1427 | elapsed=3.5 min | eta=2.6 min
[2026-08-13 15:14:00] INFO Epoch 050 | train batch=830/1427 | elapsed=3.6 min | eta=2.6 min
[2026-08-13 15:14:02] INFO Epoch 050 | train batch=840/1427 | elapsed=3.6 min | eta=2.5 min
[2026-08-13 15:14:05] INFO Epoch 050 | train batch=850/1427 | elapsed=3.7 min | eta=2.5 min
[2026-08-13 15:14:08] INFO Epoch 050 | train batch=860/1427 | elapsed=3.7 min | eta=2.4 min
[2026-08-13 15:14:10] INFO Epoch 050 | train batch=870/1427 | elapsed=3.7 min | eta=2.4 min
[2026-08-13 15:14:13] INFO Epoch 050 | train batch=880/1427 | elapsed=3.8 min | eta=2.4 min
[2026-08-13 15:14:16] INFO Epoch 050 | train batch=890/1427 | elapsed=3.8 min | eta=2.3 min
[2026-08-13 15:14:18] INFO Epoch 050 | train batch=900/1427 | elapsed=3.9 min | eta=2.3 min
[2026-08-13 15:14:20] INFO Epoch 050 | train batch=910/1427 | elapsed=3.9 min | eta=2.2 min
[2026-08-13 15:14:23] INFO Epoch 050 | train batch=920/1427 | elapsed=4.0 min | eta=2.2 min
[2026-08-13 15:14:25] INFO Epoch 050 | train batch=930/1427 | elapsed=4.0 min | eta=2.1 min
[2026-08-13 15:14:28] INFO Epoch 050 | train batch=940/1427 | elapsed=4.0 min | eta=2.1 min
[2026-08-13 15:14:31] INFO Epoch 050 | train batch=950/1427 | elapsed=4.1 min | eta=2.1 min
[2026-08-13 15:14:33] INFO Epoch 050 | train batch=960/1427 | elapsed=4.1 min | eta=2.0 min
[2026-08-13 15:14:36] INFO Epoch 050 | train batch=970/1427 | elapsed=4.2 min | eta=2.0 min
[2026-08-13 15:14:39] INFO Epoch 050 | train batch=980/1427 | elapsed=4.2 min | eta=1.9 min
[2026-08-13 15:14:41] INFO Epoch 050 | train batch=990/1427 | elapsed=4.3 min | eta=1.9 min
[2026-08-13 15:14:44] INFO Epoch 050 | train batch=1000/1427 | elapsed=4.3 min | eta=1.8 min
[2026-08-13 15:14:46] INFO Epoch 050 | train batch=1010/1427 | elapsed=4.3 min | eta=1.8 min
[2026-08-13 15:14:49] INFO Epoch 050 | train batch=1020/1427 | elapsed=4.4 min | eta=1.8 min
[2026-08-13 15:14:51] INFO Epoch 050 | train batch=1030/1427 | elapsed=4.4 min | eta=1.7 min
[2026-08-13 15:14:54] INFO Epoch 050 | train batch=1040/1427 | elapsed=4.5 min | eta=1.7 min
[2026-08-13 15:14:56] INFO Epoch 050 | train batch=1050/1427 | elapsed=4.5 min | eta=1.6 min
[2026-08-13 15:14:59] INFO Epoch 050 | train batch=1060/1427 | elapsed=4.6 min | eta=1.6 min
[2026-08-13 15:15:01] INFO Epoch 050 | train batch=1070/1427 | elapsed=4.6 min | eta=1.5 min
[2026-08-13 15:15:04] INFO Epoch 050 | train batch=1080/1427 | elapsed=4.6 min | eta=1.5 min
[2026-08-13 15:15:06] INFO Epoch 050 | train batch=1090/1427 | elapsed=4.7 min | eta=1.4 min
[2026-08-13 15:15:09] INFO Epoch 050 | train batch=1100/1427 | elapsed=4.7 min | eta=1.4 min
[2026-08-13 15:15:12] INFO Epoch 050 | train batch=1110/1427 | elapsed=4.8 min | eta=1.4 min
[2026-08-13 15:15:14] INFO Epoch 050 | train batch=1120/1427 | elapsed=4.8 min | eta=1.3 min
[2026-08-13 15:15:17] INFO Epoch 050 | train batch=1130/1427 | elapsed=4.9 min | eta=1.3 min
[2026-08-13 15:15:20] INFO Epoch 050 | train batch=1140/1427 | elapsed=4.9 min | eta=1.2 min
[2026-08-13 15:15:22] INFO Epoch 050 | train batch=1150/1427 | elapsed=4.9 min | eta=1.2 min
[2026-08-13 15:15:25] INFO Epoch 050 | train batch=1160/1427 | elapsed=5.0 min | eta=1.1 min
[2026-08-13 15:15:27] INFO Epoch 050 | train batch=1170/1427 | elapsed=5.0 min | eta=1.1 min
[2026-08-13 15:15:30] INFO Epoch 050 | train batch=1180/1427 | elapsed=5.1 min | eta=1.1 min
[2026-08-13 15:15:32] INFO Epoch 050 | train batch=1190/1427 | elapsed=5.1 min | eta=1.0 min
[2026-08-13 15:15:35] INFO Epoch 050 | train batch=1200/1427 | elapsed=5.2 min | eta=1.0 min
[2026-08-13 15:15:37] INFO Epoch 050 | train batch=1210/1427 | elapsed=5.2 min | eta=0.9 min
[2026-08-13 15:15:40] INFO Epoch 050 | train batch=1220/1427 | elapsed=5.2 min | eta=0.9 min
[2026-08-13 15:15:43] INFO Epoch 050 | train batch=1230/1427 | elapsed=5.3 min | eta=0.8 min
[2026-08-13 15:15:45] INFO Epoch 050 | train batch=1240/1427 | elapsed=5.3 min | eta=0.8 min
[2026-08-13 15:15:48] INFO Epoch 050 | train batch=1250/1427 | elapsed=5.4 min | eta=0.8 min
[2026-08-13 15:15:50] INFO Epoch 050 | train batch=1260/1427 | elapsed=5.4 min | eta=0.7 min
[2026-08-13 15:15:53] INFO Epoch 050 | train batch=1270/1427 | elapsed=5.5 min | eta=0.7 min
[2026-08-13 15:15:55] INFO Epoch 050 | train batch=1280/1427 | elapsed=5.5 min | eta=0.6 min
[2026-08-13 15:15:58] INFO Epoch 050 | train batch=1290/1427 | elapsed=5.5 min | eta=0.6 min
[2026-08-13 15:16:01] INFO Epoch 050 | train batch=1300/1427 | elapsed=5.6 min | eta=0.5 min
[2026-08-13 15:16:04] INFO Epoch 050 | train batch=1310/1427 | elapsed=5.6 min | eta=0.5 min
[2026-08-13 15:16:06] INFO Epoch 050 | train batch=1320/1427 | elapsed=5.7 min | eta=0.5 min
[2026-08-13 15:16:09] INFO Epoch 050 | train batch=1330/1427 | elapsed=5.7 min | eta=0.4 min
[2026-08-13 15:16:12] INFO Epoch 050 | train batch=1340/1427 | elapsed=5.8 min | eta=0.4 min
[2026-08-13 15:16:15] INFO Epoch 050 | train batch=1350/1427 | elapsed=5.8 min | eta=0.3 min
[2026-08-13 15:16:17] INFO Epoch 050 | train batch=1360/1427 | elapsed=5.9 min | eta=0.3 min
[2026-08-13 15:16:20] INFO Epoch 050 | train batch=1370/1427 | elapsed=5.9 min | eta=0.2 min
[2026-08-13 15:16:22] INFO Epoch 050 | train batch=1380/1427 | elapsed=5.9 min | eta=0.2 min
[2026-08-13 15:16:25] INFO Epoch 050 | train batch=1390/1427 | elapsed=6.0 min | eta=0.2 min
[2026-08-13 15:16:28] INFO Epoch 050 | train batch=1400/1427 | elapsed=6.0 min | eta=0.1 min
[2026-08-13 15:16:30] INFO Epoch 050 | train batch=1410/1427 | elapsed=6.1 min | eta=0.1 min
[2026-08-13 15:16:33] INFO Epoch 050 | train batch=1420/1427 | elapsed=6.1 min | eta=0.0 min
[2026-08-13 15:16:35] INFO Epoch 050 | train batch=1427/1427 | elapsed=6.2 min | eta=0.0 min
[2026-08-13 15:16:35] INFO Epoch 050 | val batch=1/203 | elapsed=0.0 min | eta=0.3 min
[2026-08-13 15:16:36] INFO Epoch 050 | val batch=10/203 | elapsed=0.0 min | eta=0.4 min
[2026-08-13 15:16:37] INFO Epoch 050 | val batch=20/203 | elapsed=0.0 min | eta=0.4 min
[2026-08-13 15:16:38] INFO Epoch 050 | val batch=30/203 | elapsed=0.1 min | eta=0.4 min
[2026-08-13 15:16:40] INFO Epoch 050 | val batch=40/203 | elapsed=0.1 min | eta=0.3 min
[2026-08-13 15:16:41] INFO Epoch 050 | val batch=50/203 | elapsed=0.1 min | eta=0.3 min
[2026-08-13 15:16:42] INFO Epoch 050 | val batch=60/203 | elapsed=0.1 min | eta=0.3 min
[2026-08-13 15:16:43] INFO Epoch 050 | val batch=70/203 | elapsed=0.1 min | eta=0.3 min
[2026-08-13 15:16:45] INFO Epoch 050 | val batch=80/203 | elapsed=0.2 min | eta=0.3 min
[2026-08-13 15:16:46] INFO Epoch 050 | val batch=90/203 | elapsed=0.2 min | eta=0.2 min
[2026-08-13 15:16:47] INFO Epoch 050 | val batch=100/203 | elapsed=0.2 min | eta=0.2 min
[2026-08-13 15:16:49] INFO Epoch 050 | val batch=110/203 | elapsed=0.2 min | eta=0.2 min
[2026-08-13 15:16:50] INFO Epoch 050 | val batch=120/203 | elapsed=0.3 min | eta=0.2 min
[2026-08-13 15:16:51] INFO Epoch 050 | val batch=130/203 | elapsed=0.3 min | eta=0.2 min
[2026-08-13 15:16:52] INFO Epoch 050 | val batch=140/203 | elapsed=0.3 min | eta=0.1 min
[2026-08-13 15:16:54] INFO Epoch 050 | val batch=150/203 | elapsed=0.3 min | eta=0.1 min
[2026-08-13 15:16:55] INFO Epoch 050 | val batch=160/203 | elapsed=0.3 min | eta=0.1 min
[2026-08-13 15:16:56] INFO Epoch 050 | val batch=170/203 | elapsed=0.4 min | eta=0.1 min
[2026-08-13 15:16:57] INFO Epoch 050 | val batch=180/203 | elapsed=0.4 min | eta=0.0 min
[2026-08-13 15:16:59] INFO Epoch 050 | val batch=190/203 | elapsed=0.4 min | eta=0.0 min
[2026-08-13 15:17:00] INFO Epoch 050 | val batch=200/203 | elapsed=0.4 min | eta=0.0 min
[2026-08-13 15:17:00] INFO Epoch 050 | val batch=203/203 | elapsed=0.4 min | eta=0.0 min
[2026-08-13 15:17:00] INFO Epoch 050 | train_total=1.078413 | val_total=1.227287 | val_mask=0.895675 | val_retrieval=2.368582 | val_profile=0.947540 | val_anchors=660915 | val_positive_pairs=0 | val_hard_negatives=0 | val_relation_candidates=9654476 | val_teacher_keff=4.444 | val_student_keff=9.178 | val_masked_positions=1958704 | skipped(train/val)=0/0
[2026-08-13 15:17:00] INFO Pretraining finished | best_val=0.864724 | best_val_relation=2.367148 | checkpoint=C:\Users\clw\projects\researchRep\STAnchor-BlockMemory\artifacts\metrla_e5_final_sym_profile_local12_seed42\pretrain_best.pt | relation_checkpoint=C:\Users\clw\projects\researchRep\STAnchor-BlockMemory\artifacts\metrla_e5_final_sym_profile_local12_seed42\pretrain_best_relation.pt
