[2026-07-24 12:19:14] INFO Pretraining start | run=metrla_e3_relation_seed42 | device=cuda:0 (requested=cuda:0) | seed=42 | output=C:\Users\clw\projects\researchRep\STAnchor-BlockMemory\artifacts\metrla_e3_relation_seed42
[2026-07-24 12:19:14] INFO Data | steps=34272 | nodes=207 | channels=1 | train/val/test=22681/2993/6025 | dropped_unobserved=1010/135/531
[2026-07-24 12:19:14] INFO Tensor contract | retrieval_x=[B,288,207,1] | forecast_x=[B,12,207,1] | patches=24 | hidden=96 | retrieval_dim=48 | y=[B,12,207,1] | graph_edges=1722
[2026-07-24 12:19:14] INFO Parameters | total=391,836 | trainable=391,836 | embedding=30,432 | encoder=336,864 | retrieval_head=23,376 | reconstruction_head=1,164
[2026-07-24 12:19:14] INFO Optimization | epochs=50 | batch_size=16 | lr=0.001 | weight_decay=0.0001 | time_mask=0.250 | time_mask_block=36 steps | space_mask=0.250 | retrieval_loss=relation | retrieval_weight=0.100 | student_tau=0.100 | teacher_tau=0.100 | patience=10
[2026-07-24 12:19:14] INFO Epoch 001/050 started | train_batches=1418 | val_batches=188
[2026-07-24 12:19:15] INFO Epoch 001 | train batch=1/1418 | elapsed=0.0 min | eta=25.3 min
[2026-07-24 12:19:18] INFO Epoch 001 | train batch=10/1418 | elapsed=0.1 min | eta=11.4 min
[2026-07-24 12:19:23] INFO Epoch 001 | train batch=20/1418 | elapsed=0.1 min | eta=10.4 min
[2026-07-24 12:19:27] INFO Epoch 001 | train batch=30/1418 | elapsed=0.2 min | eta=10.2 min
[2026-07-24 12:19:31] INFO Epoch 001 | train batch=40/1418 | elapsed=0.3 min | eta=10.1 min
[2026-07-24 12:19:35] INFO Epoch 001 | train batch=50/1418 | elapsed=0.4 min | eta=9.9 min
[2026-07-24 12:19:39] INFO Epoch 001 | train batch=60/1418 | elapsed=0.4 min | eta=9.7 min
[2026-07-24 12:19:44] INFO Epoch 001 | train batch=70/1418 | elapsed=0.5 min | eta=9.6 min
[2026-07-24 12:19:48] INFO Epoch 001 | train batch=80/1418 | elapsed=0.6 min | eta=9.6 min
[2026-07-24 12:19:52] INFO Epoch 001 | train batch=90/1418 | elapsed=0.6 min | eta=9.6 min
[2026-07-24 12:19:57] INFO Epoch 001 | train batch=100/1418 | elapsed=0.7 min | eta=9.5 min
[2026-07-24 12:20:01] INFO Epoch 001 | train batch=110/1418 | elapsed=0.8 min | eta=9.4 min
[2026-07-24 12:20:05] INFO Epoch 001 | train batch=120/1418 | elapsed=0.9 min | eta=9.3 min
[2026-07-24 12:20:09] INFO Epoch 001 | train batch=130/1418 | elapsed=0.9 min | eta=9.2 min
[2026-07-24 12:20:14] INFO Epoch 001 | train batch=140/1418 | elapsed=1.0 min | eta=9.1 min
[2026-07-24 12:20:18] INFO Epoch 001 | train batch=150/1418 | elapsed=1.1 min | eta=9.0 min
[2026-07-24 12:20:22] INFO Epoch 001 | train batch=160/1418 | elapsed=1.1 min | eta=8.9 min
[2026-07-24 12:20:26] INFO Epoch 001 | train batch=170/1418 | elapsed=1.2 min | eta=8.9 min
[2026-07-24 12:20:30] INFO Epoch 001 | train batch=180/1418 | elapsed=1.3 min | eta=8.8 min
[2026-07-24 12:20:35] INFO Epoch 001 | train batch=190/1418 | elapsed=1.3 min | eta=8.7 min
[2026-07-24 12:20:39] INFO Epoch 001 | train batch=200/1418 | elapsed=1.4 min | eta=8.6 min
[2026-07-24 12:20:43] INFO Epoch 001 | train batch=210/1418 | elapsed=1.5 min | eta=8.6 min
[2026-07-24 12:20:47] INFO Epoch 001 | train batch=220/1418 | elapsed=1.6 min | eta=8.5 min
[2026-07-24 12:20:52] INFO Epoch 001 | train batch=230/1418 | elapsed=1.6 min | eta=8.5 min
[2026-07-24 12:20:56] INFO Epoch 001 | train batch=240/1418 | elapsed=1.7 min | eta=8.4 min
[2026-07-24 12:21:01] INFO Epoch 001 | train batch=250/1418 | elapsed=1.8 min | eta=8.3 min
[2026-07-24 12:21:05] INFO Epoch 001 | train batch=260/1418 | elapsed=1.9 min | eta=8.3 min
[2026-07-24 12:21:09] INFO Epoch 001 | train batch=270/1418 | elapsed=1.9 min | eta=8.2 min
[2026-07-24 12:21:32] INFO Pretraining start | run=metrla_e3_relation_seed42 | device=cuda:0 (requested=cuda:0) | seed=42 | output=C:\Users\clw\projects\researchRep\STAnchor-BlockMemory\artifacts\metrla_e3_relation_seed42
[2026-07-24 12:21:32] INFO Data | steps=34272 | nodes=207 | channels=1 | train/val/test=22681/2993/6025 | dropped_unobserved=1010/135/531
[2026-07-24 12:21:32] INFO Tensor contract | retrieval_x=[B,288,207,1] | forecast_x=[B,12,207,1] | patches=24 | hidden=96 | retrieval_dim=48 | y=[B,12,207,1] | graph_edges=1722
[2026-07-24 12:21:32] INFO Parameters | total=391,836 | trainable=391,836 | embedding=30,432 | encoder=336,864 | retrieval_head=23,376 | reconstruction_head=1,164
[2026-07-24 12:21:32] INFO Optimization | epochs=50 | batch_size=16 | lr=0.001 | weight_decay=0.0001 | time_mask=0.250 | time_mask_block=36 steps | space_mask=0.250 | retrieval_loss=relation | retrieval_weight=0.100 | student_tau=0.100 | teacher_tau=0.100 | patience=10
[2026-07-24 12:21:32] INFO Epoch 001/050 started | train_batches=1418 | val_batches=188
[2026-07-24 12:21:33] INFO Epoch 001 | train batch=1/1418 | elapsed=0.0 min | eta=24.2 min
[2026-07-24 12:21:37] INFO Epoch 001 | train batch=10/1418 | elapsed=0.1 min | eta=11.3 min
[2026-07-24 12:21:41] INFO Epoch 001 | train batch=20/1418 | elapsed=0.2 min | eta=10.5 min
[2026-07-24 12:21:45] INFO Epoch 001 | train batch=30/1418 | elapsed=0.2 min | eta=10.4 min
[2026-07-24 12:21:50] INFO Epoch 001 | train batch=40/1418 | elapsed=0.3 min | eta=10.4 min
[2026-07-24 12:21:54] INFO Epoch 001 | train batch=50/1418 | elapsed=0.4 min | eta=10.2 min
[2026-07-24 12:21:58] INFO Epoch 001 | train batch=60/1418 | elapsed=0.4 min | eta=10.0 min
[2026-07-24 12:22:03] INFO Epoch 001 | train batch=70/1418 | elapsed=0.5 min | eta=9.9 min
[2026-07-24 12:22:07] INFO Epoch 001 | train batch=80/1418 | elapsed=0.6 min | eta=9.9 min
[2026-07-24 12:22:12] INFO Epoch 001 | train batch=90/1418 | elapsed=0.7 min | eta=9.9 min
[2026-07-24 12:22:16] INFO Epoch 001 | train batch=100/1418 | elapsed=0.7 min | eta=9.8 min
[2026-07-24 12:22:21] INFO Epoch 001 | train batch=110/1418 | elapsed=0.8 min | eta=9.7 min
[2026-07-24 12:22:25] INFO Epoch 001 | train batch=120/1418 | elapsed=0.9 min | eta=9.6 min
[2026-07-24 12:22:30] INFO Epoch 001 | train batch=130/1418 | elapsed=1.0 min | eta=9.5 min
[2026-07-24 12:22:34] INFO Epoch 001 | train batch=140/1418 | elapsed=1.0 min | eta=9.4 min
[2026-07-24 12:22:38] INFO Epoch 001 | train batch=150/1418 | elapsed=1.1 min | eta=9.3 min
[2026-07-24 12:22:42] INFO Epoch 001 | train batch=160/1418 | elapsed=1.2 min | eta=9.2 min
[2026-07-24 12:22:47] INFO Epoch 001 | train batch=170/1418 | elapsed=1.2 min | eta=9.2 min
[2026-07-24 12:22:51] INFO Epoch 001 | train batch=180/1418 | elapsed=1.3 min | eta=9.1 min
[2026-07-24 12:22:55] INFO Epoch 001 | train batch=190/1418 | elapsed=1.4 min | eta=9.0 min
[2026-07-24 12:22:59] INFO Epoch 001 | train batch=200/1418 | elapsed=1.5 min | eta=8.9 min
[2026-07-24 12:23:03] INFO Epoch 001 | train batch=210/1418 | elapsed=1.5 min | eta=8.8 min
[2026-07-24 12:23:08] INFO Epoch 001 | train batch=220/1418 | elapsed=1.6 min | eta=8.7 min
[2026-07-24 12:23:12] INFO Epoch 001 | train batch=230/1418 | elapsed=1.7 min | eta=8.7 min
[2026-07-24 12:23:17] INFO Epoch 001 | train batch=240/1418 | elapsed=1.7 min | eta=8.6 min
[2026-07-24 12:23:21] INFO Epoch 001 | train batch=250/1418 | elapsed=1.8 min | eta=8.5 min
[2026-07-24 12:23:25] INFO Epoch 001 | train batch=260/1418 | elapsed=1.9 min | eta=8.4 min
[2026-07-24 12:23:30] INFO Epoch 001 | train batch=270/1418 | elapsed=2.0 min | eta=8.4 min
[2026-07-24 12:23:35] INFO Epoch 001 | train batch=280/1418 | elapsed=2.0 min | eta=8.3 min
[2026-07-24 12:23:39] INFO Epoch 001 | train batch=290/1418 | elapsed=2.1 min | eta=8.3 min
[2026-07-24 12:23:43] INFO Epoch 001 | train batch=300/1418 | elapsed=2.2 min | eta=8.2 min
[2026-07-24 12:23:47] INFO Epoch 001 | train batch=310/1418 | elapsed=2.3 min | eta=8.1 min
[2026-07-24 12:23:52] INFO Epoch 001 | train batch=320/1418 | elapsed=2.3 min | eta=8.0 min
[2026-07-24 12:23:56] INFO Epoch 001 | train batch=330/1418 | elapsed=2.4 min | eta=7.9 min
[2026-07-24 12:24:00] INFO Epoch 001 | train batch=340/1418 | elapsed=2.5 min | eta=7.8 min
[2026-07-24 12:24:05] INFO Epoch 001 | train batch=350/1418 | elapsed=2.5 min | eta=7.8 min
[2026-07-24 12:24:09] INFO Epoch 001 | train batch=360/1418 | elapsed=2.6 min | eta=7.7 min
[2026-07-24 12:24:13] INFO Epoch 001 | train batch=370/1418 | elapsed=2.7 min | eta=7.6 min
[2026-07-24 12:24:18] INFO Epoch 001 | train batch=380/1418 | elapsed=2.8 min | eta=7.6 min
[2026-07-24 12:24:22] INFO Epoch 001 | train batch=390/1418 | elapsed=2.8 min | eta=7.5 min
[2026-07-24 12:24:27] INFO Epoch 001 | train batch=400/1418 | elapsed=2.9 min | eta=7.4 min
[2026-07-24 12:24:31] INFO Epoch 001 | train batch=410/1418 | elapsed=3.0 min | eta=7.3 min
[2026-07-24 12:24:35] INFO Epoch 001 | train batch=420/1418 | elapsed=3.1 min | eta=7.3 min
[2026-07-24 12:24:39] INFO Epoch 001 | train batch=430/1418 | elapsed=3.1 min | eta=7.2 min
[2026-07-24 12:24:44] INFO Epoch 001 | train batch=440/1418 | elapsed=3.2 min | eta=7.1 min
[2026-07-24 12:24:48] INFO Epoch 001 | train batch=450/1418 | elapsed=3.3 min | eta=7.0 min
[2026-07-24 12:24:52] INFO Epoch 001 | train batch=460/1418 | elapsed=3.3 min | eta=6.9 min
[2026-07-24 12:24:56] INFO Epoch 001 | train batch=470/1418 | elapsed=3.4 min | eta=6.9 min
[2026-07-24 12:25:00] INFO Epoch 001 | train batch=480/1418 | elapsed=3.5 min | eta=6.8 min
[2026-07-24 12:25:05] INFO Epoch 001 | train batch=490/1418 | elapsed=3.6 min | eta=6.7 min
[2026-07-24 12:25:09] INFO Epoch 001 | train batch=500/1418 | elapsed=3.6 min | eta=6.7 min
[2026-07-24 12:25:14] INFO Epoch 001 | train batch=510/1418 | elapsed=3.7 min | eta=6.6 min
[2026-07-24 12:25:18] INFO Epoch 001 | train batch=520/1418 | elapsed=3.8 min | eta=6.5 min
[2026-07-24 12:25:22] INFO Epoch 001 | train batch=530/1418 | elapsed=3.8 min | eta=6.4 min
[2026-07-24 12:25:26] INFO Epoch 001 | train batch=540/1418 | elapsed=3.9 min | eta=6.4 min
[2026-07-24 12:25:31] INFO Epoch 001 | train batch=550/1418 | elapsed=4.0 min | eta=6.3 min
[2026-07-24 12:25:35] INFO Epoch 001 | train batch=560/1418 | elapsed=4.0 min | eta=6.2 min
[2026-07-24 12:25:39] INFO Epoch 001 | train batch=570/1418 | elapsed=4.1 min | eta=6.1 min
[2026-07-24 12:25:44] INFO Epoch 001 | train batch=580/1418 | elapsed=4.2 min | eta=6.1 min
[2026-07-24 12:25:48] INFO Epoch 001 | train batch=590/1418 | elapsed=4.3 min | eta=6.0 min
[2026-07-24 12:25:53] INFO Epoch 001 | train batch=600/1418 | elapsed=4.4 min | eta=5.9 min
[2026-07-24 12:25:57] INFO Epoch 001 | train batch=610/1418 | elapsed=4.4 min | eta=5.9 min
[2026-07-24 12:26:02] INFO Epoch 001 | train batch=620/1418 | elapsed=4.5 min | eta=5.8 min
[2026-07-24 12:26:06] INFO Epoch 001 | train batch=630/1418 | elapsed=4.6 min | eta=5.7 min
[2026-07-24 12:26:10] INFO Epoch 001 | train batch=640/1418 | elapsed=4.6 min | eta=5.6 min
[2026-07-24 12:26:15] INFO Epoch 001 | train batch=650/1418 | elapsed=4.7 min | eta=5.6 min
[2026-07-24 12:26:19] INFO Epoch 001 | train batch=660/1418 | elapsed=4.8 min | eta=5.5 min
[2026-07-24 12:26:23] INFO Epoch 001 | train batch=670/1418 | elapsed=4.9 min | eta=5.4 min
[2026-07-24 12:26:28] INFO Epoch 001 | train batch=680/1418 | elapsed=4.9 min | eta=5.3 min
[2026-07-24 12:26:32] INFO Epoch 001 | train batch=690/1418 | elapsed=5.0 min | eta=5.3 min
[2026-07-24 12:26:36] INFO Epoch 001 | train batch=700/1418 | elapsed=5.1 min | eta=5.2 min
[2026-07-24 12:26:41] INFO Epoch 001 | train batch=710/1418 | elapsed=5.2 min | eta=5.1 min
[2026-07-24 12:26:46] INFO Epoch 001 | train batch=720/1418 | elapsed=5.2 min | eta=5.1 min
[2026-07-24 12:26:50] INFO Epoch 001 | train batch=730/1418 | elapsed=5.3 min | eta=5.0 min
[2026-07-24 12:26:55] INFO Epoch 001 | train batch=740/1418 | elapsed=5.4 min | eta=4.9 min
[2026-07-24 12:26:59] INFO Epoch 001 | train batch=750/1418 | elapsed=5.5 min | eta=4.9 min
[2026-07-24 12:27:03] INFO Epoch 001 | train batch=760/1418 | elapsed=5.5 min | eta=4.8 min
[2026-07-24 12:27:08] INFO Epoch 001 | train batch=770/1418 | elapsed=5.6 min | eta=4.7 min
[2026-07-24 12:27:12] INFO Epoch 001 | train batch=780/1418 | elapsed=5.7 min | eta=4.6 min
[2026-07-24 12:27:17] INFO Epoch 001 | train batch=790/1418 | elapsed=5.8 min | eta=4.6 min
[2026-07-24 12:27:21] INFO Epoch 001 | train batch=800/1418 | elapsed=5.8 min | eta=4.5 min
[2026-07-24 12:27:26] INFO Epoch 001 | train batch=810/1418 | elapsed=5.9 min | eta=4.4 min
[2026-07-24 12:27:30] INFO Epoch 001 | train batch=820/1418 | elapsed=6.0 min | eta=4.4 min
[2026-07-24 12:27:35] INFO Epoch 001 | train batch=830/1418 | elapsed=6.1 min | eta=4.3 min
[2026-07-24 12:27:39] INFO Epoch 001 | train batch=840/1418 | elapsed=6.1 min | eta=4.2 min
[2026-07-24 12:27:44] INFO Epoch 001 | train batch=850/1418 | elapsed=6.2 min | eta=4.1 min
[2026-07-24 12:27:48] INFO Epoch 001 | train batch=860/1418 | elapsed=6.3 min | eta=4.1 min
[2026-07-24 12:27:52] INFO Epoch 001 | train batch=870/1418 | elapsed=6.3 min | eta=4.0 min
[2026-07-24 12:27:57] INFO Epoch 001 | train batch=880/1418 | elapsed=6.4 min | eta=3.9 min
[2026-07-24 12:28:01] INFO Epoch 001 | train batch=890/1418 | elapsed=6.5 min | eta=3.8 min
[2026-07-24 12:28:05] INFO Epoch 001 | train batch=900/1418 | elapsed=6.6 min | eta=3.8 min
[2026-07-24 12:28:10] INFO Epoch 001 | train batch=910/1418 | elapsed=6.6 min | eta=3.7 min
[2026-07-24 12:28:14] INFO Epoch 001 | train batch=920/1418 | elapsed=6.7 min | eta=3.6 min
[2026-07-24 12:28:19] INFO Epoch 001 | train batch=930/1418 | elapsed=6.8 min | eta=3.6 min
[2026-07-24 12:28:23] INFO Epoch 001 | train batch=940/1418 | elapsed=6.8 min | eta=3.5 min
[2026-07-24 12:28:27] INFO Epoch 001 | train batch=950/1418 | elapsed=6.9 min | eta=3.4 min
[2026-07-24 12:28:31] INFO Epoch 001 | train batch=960/1418 | elapsed=7.0 min | eta=3.3 min
[2026-07-24 12:28:36] INFO Epoch 001 | train batch=970/1418 | elapsed=7.1 min | eta=3.3 min
[2026-07-24 12:28:40] INFO Epoch 001 | train batch=980/1418 | elapsed=7.1 min | eta=3.2 min
[2026-07-24 12:28:44] INFO Epoch 001 | train batch=990/1418 | elapsed=7.2 min | eta=3.1 min
[2026-07-24 12:28:49] INFO Epoch 001 | train batch=1000/1418 | elapsed=7.3 min | eta=3.0 min
[2026-07-24 12:28:53] INFO Epoch 001 | train batch=1010/1418 | elapsed=7.4 min | eta=3.0 min
[2026-07-24 12:28:57] INFO Epoch 001 | train batch=1020/1418 | elapsed=7.4 min | eta=2.9 min
[2026-07-24 12:29:01] INFO Epoch 001 | train batch=1030/1418 | elapsed=7.5 min | eta=2.8 min
[2026-07-24 12:29:06] INFO Epoch 001 | train batch=1040/1418 | elapsed=7.6 min | eta=2.8 min
[2026-07-24 12:29:10] INFO Epoch 001 | train batch=1050/1418 | elapsed=7.6 min | eta=2.7 min
[2026-07-24 12:29:15] INFO Epoch 001 | train batch=1060/1418 | elapsed=7.7 min | eta=2.6 min
[2026-07-24 12:29:19] INFO Epoch 001 | train batch=1070/1418 | elapsed=7.8 min | eta=2.5 min
[2026-07-24 12:29:23] INFO Epoch 001 | train batch=1080/1418 | elapsed=7.9 min | eta=2.5 min
[2026-07-24 12:29:28] INFO Epoch 001 | train batch=1090/1418 | elapsed=7.9 min | eta=2.4 min
[2026-07-24 12:29:33] INFO Epoch 001 | train batch=1100/1418 | elapsed=8.0 min | eta=2.3 min
[2026-07-24 12:29:37] INFO Epoch 001 | train batch=1110/1418 | elapsed=8.1 min | eta=2.2 min
[2026-07-24 12:29:41] INFO Epoch 001 | train batch=1120/1418 | elapsed=8.2 min | eta=2.2 min
[2026-07-24 12:29:46] INFO Epoch 001 | train batch=1130/1418 | elapsed=8.2 min | eta=2.1 min
[2026-07-24 12:29:50] INFO Epoch 001 | train batch=1140/1418 | elapsed=8.3 min | eta=2.0 min
[2026-07-24 12:29:54] INFO Epoch 001 | train batch=1150/1418 | elapsed=8.4 min | eta=2.0 min
[2026-07-24 12:29:58] INFO Epoch 001 | train batch=1160/1418 | elapsed=8.4 min | eta=1.9 min
[2026-07-24 12:30:03] INFO Epoch 001 | train batch=1170/1418 | elapsed=8.5 min | eta=1.8 min
[2026-07-24 12:30:07] INFO Epoch 001 | train batch=1180/1418 | elapsed=8.6 min | eta=1.7 min
[2026-07-24 12:30:11] INFO Epoch 001 | train batch=1190/1418 | elapsed=8.7 min | eta=1.7 min
[2026-07-24 12:30:15] INFO Epoch 001 | train batch=1200/1418 | elapsed=8.7 min | eta=1.6 min
[2026-07-24 12:30:19] INFO Epoch 001 | train batch=1210/1418 | elapsed=8.8 min | eta=1.5 min
[2026-07-24 12:30:23] INFO Epoch 001 | train batch=1220/1418 | elapsed=8.9 min | eta=1.4 min
[2026-07-24 12:30:28] INFO Epoch 001 | train batch=1230/1418 | elapsed=8.9 min | eta=1.4 min
[2026-07-24 12:30:32] INFO Epoch 001 | train batch=1240/1418 | elapsed=9.0 min | eta=1.3 min
[2026-07-24 12:30:36] INFO Epoch 001 | train batch=1250/1418 | elapsed=9.1 min | eta=1.2 min
[2026-07-24 12:30:40] INFO Epoch 001 | train batch=1260/1418 | elapsed=9.1 min | eta=1.1 min
[2026-07-24 12:30:45] INFO Epoch 001 | train batch=1270/1418 | elapsed=9.2 min | eta=1.1 min
[2026-07-24 12:30:49] INFO Epoch 001 | train batch=1280/1418 | elapsed=9.3 min | eta=1.0 min
[2026-07-24 12:30:53] INFO Epoch 001 | train batch=1290/1418 | elapsed=9.4 min | eta=0.9 min
[2026-07-24 12:30:57] INFO Epoch 001 | train batch=1300/1418 | elapsed=9.4 min | eta=0.9 min
[2026-07-24 12:31:02] INFO Epoch 001 | train batch=1310/1418 | elapsed=9.5 min | eta=0.8 min
[2026-07-24 12:31:06] INFO Epoch 001 | train batch=1320/1418 | elapsed=9.6 min | eta=0.7 min
[2026-07-24 12:31:10] INFO Epoch 001 | train batch=1330/1418 | elapsed=9.6 min | eta=0.6 min
[2026-07-24 12:31:15] INFO Epoch 001 | train batch=1340/1418 | elapsed=9.7 min | eta=0.6 min
[2026-07-24 12:31:19] INFO Epoch 001 | train batch=1350/1418 | elapsed=9.8 min | eta=0.5 min
[2026-07-24 12:31:23] INFO Epoch 001 | train batch=1360/1418 | elapsed=9.9 min | eta=0.4 min
[2026-07-24 12:31:28] INFO Epoch 001 | train batch=1370/1418 | elapsed=9.9 min | eta=0.3 min
[2026-07-24 12:31:32] INFO Epoch 001 | train batch=1380/1418 | elapsed=10.0 min | eta=0.3 min
[2026-07-24 12:31:36] INFO Epoch 001 | train batch=1390/1418 | elapsed=10.1 min | eta=0.2 min
[2026-07-24 12:31:41] INFO Epoch 001 | train batch=1400/1418 | elapsed=10.1 min | eta=0.1 min
[2026-07-24 12:31:45] INFO Epoch 001 | train batch=1410/1418 | elapsed=10.2 min | eta=0.1 min
[2026-07-24 12:31:49] INFO Epoch 001 | train batch=1418/1418 | elapsed=10.3 min | eta=0.0 min
[2026-07-24 12:31:49] INFO Epoch 001 | val batch=1/188 | elapsed=0.0 min | eta=0.4 min
[2026-07-24 12:31:50] INFO Epoch 001 | val batch=10/188 | elapsed=0.0 min | eta=0.6 min
[2026-07-24 12:31:52] INFO Epoch 001 | val batch=20/188 | elapsed=0.1 min | eta=0.5 min
[2026-07-24 12:31:54] INFO Epoch 001 | val batch=30/188 | elapsed=0.1 min | eta=0.5 min
[2026-07-24 12:31:56] INFO Epoch 001 | val batch=40/188 | elapsed=0.1 min | eta=0.5 min
[2026-07-24 12:31:58] INFO Epoch 001 | val batch=50/188 | elapsed=0.2 min | eta=0.4 min
[2026-07-24 12:32:00] INFO Epoch 001 | val batch=60/188 | elapsed=0.2 min | eta=0.4 min
[2026-07-24 12:32:02] INFO Epoch 001 | val batch=70/188 | elapsed=0.2 min | eta=0.4 min
[2026-07-24 12:32:04] INFO Epoch 001 | val batch=80/188 | elapsed=0.3 min | eta=0.3 min
[2026-07-24 12:32:05] INFO Epoch 001 | val batch=90/188 | elapsed=0.3 min | eta=0.3 min
[2026-07-24 12:32:07] INFO Epoch 001 | val batch=100/188 | elapsed=0.3 min | eta=0.3 min
[2026-07-24 12:32:09] INFO Epoch 001 | val batch=110/188 | elapsed=0.3 min | eta=0.2 min
[2026-07-24 12:32:11] INFO Epoch 001 | val batch=120/188 | elapsed=0.4 min | eta=0.2 min
[2026-07-24 12:32:13] INFO Epoch 001 | val batch=130/188 | elapsed=0.4 min | eta=0.2 min
[2026-07-24 12:32:15] INFO Epoch 001 | val batch=140/188 | elapsed=0.4 min | eta=0.2 min
[2026-07-24 12:32:17] INFO Epoch 001 | val batch=150/188 | elapsed=0.5 min | eta=0.1 min
[2026-07-24 12:32:19] INFO Epoch 001 | val batch=160/188 | elapsed=0.5 min | eta=0.1 min
[2026-07-24 12:32:21] INFO Epoch 001 | val batch=170/188 | elapsed=0.5 min | eta=0.1 min
[2026-07-24 12:32:22] INFO Epoch 001 | val batch=180/188 | elapsed=0.6 min | eta=0.0 min
[2026-07-24 12:32:24] INFO Epoch 001 | val batch=188/188 | elapsed=0.6 min | eta=0.0 min
[2026-07-24 12:32:24] INFO Epoch 001 | train_total=0.576087 | val_total=0.510138 | val_mask=0.288074 | val_retrieval=2.220643 | val_anchors=611264 | val_positive_pairs=0 | val_hard_negatives=0 | val_relation_candidates=7439984 | val_teacher_keff=3.904 | val_student_keff=8.251 | val_masked_positions=42204974 | skipped(train/val)=0/0
[2026-07-24 12:32:24] INFO Checkpoint updated | epoch=1 | best_val=0.510138 | path=C:\Users\clw\projects\researchRep\STAnchor-BlockMemory\artifacts\metrla_e3_relation_seed42\pretrain_best.pt
[2026-07-24 12:32:24] INFO Relation checkpoint updated | epoch=1 | best_val_relation=2.220643 | path=C:\Users\clw\projects\researchRep\STAnchor-BlockMemory\artifacts\metrla_e3_relation_seed42\pretrain_best_relation.pt
[2026-07-24 12:32:24] INFO Epoch 002/050 started | train_batches=1418 | val_batches=188
[2026-07-24 12:32:24] INFO Epoch 002 | train batch=1/1418 | elapsed=0.0 min | eta=9.0 min
[2026-07-24 12:32:28] INFO Epoch 002 | train batch=10/1418 | elapsed=0.1 min | eta=9.9 min
[2026-07-24 12:32:33] INFO Epoch 002 | train batch=20/1418 | elapsed=0.1 min | eta=10.4 min
[2026-07-24 12:32:37] INFO Epoch 002 | train batch=30/1418 | elapsed=0.2 min | eta=10.2 min
[2026-07-24 12:32:41] INFO Epoch 002 | train batch=40/1418 | elapsed=0.3 min | eta=10.0 min
[2026-07-24 12:32:46] INFO Epoch 002 | train batch=50/1418 | elapsed=0.4 min | eta=9.9 min
[2026-07-24 12:32:50] INFO Epoch 002 | train batch=60/1418 | elapsed=0.4 min | eta=9.8 min
[2026-07-24 12:32:54] INFO Epoch 002 | train batch=70/1418 | elapsed=0.5 min | eta=9.7 min
[2026-07-24 12:32:58] INFO Epoch 002 | train batch=80/1418 | elapsed=0.6 min | eta=9.6 min
[2026-07-24 12:33:03] INFO Epoch 002 | train batch=90/1418 | elapsed=0.6 min | eta=9.5 min
[2026-07-24 12:33:07] INFO Epoch 002 | train batch=100/1418 | elapsed=0.7 min | eta=9.4 min
[2026-07-24 12:33:11] INFO Epoch 002 | train batch=110/1418 | elapsed=0.8 min | eta=9.4 min
[2026-07-24 12:33:15] INFO Epoch 002 | train batch=120/1418 | elapsed=0.9 min | eta=9.3 min
[2026-07-24 12:33:20] INFO Epoch 002 | train batch=130/1418 | elapsed=0.9 min | eta=9.2 min
[2026-07-24 12:33:24] INFO Epoch 002 | train batch=140/1418 | elapsed=1.0 min | eta=9.2 min
[2026-07-24 12:33:29] INFO Epoch 002 | train batch=150/1418 | elapsed=1.1 min | eta=9.1 min
[2026-07-24 12:33:33] INFO Epoch 002 | train batch=160/1418 | elapsed=1.2 min | eta=9.1 min
[2026-07-24 12:33:38] INFO Epoch 002 | train batch=170/1418 | elapsed=1.2 min | eta=9.0 min
[2026-07-24 12:33:42] INFO Epoch 002 | train batch=180/1418 | elapsed=1.3 min | eta=8.9 min
[2026-07-24 12:33:46] INFO Epoch 002 | train batch=190/1418 | elapsed=1.4 min | eta=8.9 min
[2026-07-24 12:33:50] INFO Epoch 002 | train batch=200/1418 | elapsed=1.4 min | eta=8.8 min
[2026-07-24 12:33:54] INFO Epoch 002 | train batch=210/1418 | elapsed=1.5 min | eta=8.7 min
[2026-07-24 12:33:59] INFO Epoch 002 | train batch=220/1418 | elapsed=1.6 min | eta=8.6 min
[2026-07-24 12:34:03] INFO Epoch 002 | train batch=230/1418 | elapsed=1.7 min | eta=8.5 min
[2026-07-24 12:34:07] INFO Epoch 002 | train batch=240/1418 | elapsed=1.7 min | eta=8.5 min
[2026-07-24 12:34:12] INFO Epoch 002 | train batch=250/1418 | elapsed=1.8 min | eta=8.4 min
[2026-07-24 12:34:16] INFO Epoch 002 | train batch=260/1418 | elapsed=1.9 min | eta=8.3 min
[2026-07-24 12:34:20] INFO Epoch 002 | train batch=270/1418 | elapsed=1.9 min | eta=8.3 min
[2026-07-24 12:34:25] INFO Epoch 002 | train batch=280/1418 | elapsed=2.0 min | eta=8.2 min
[2026-07-24 12:34:29] INFO Epoch 002 | train batch=290/1418 | elapsed=2.1 min | eta=8.1 min
[2026-07-24 12:34:34] INFO Epoch 002 | train batch=300/1418 | elapsed=2.2 min | eta=8.1 min
[2026-07-24 12:34:38] INFO Epoch 002 | train batch=310/1418 | elapsed=2.2 min | eta=8.0 min
[2026-07-24 12:34:42] INFO Epoch 002 | train batch=320/1418 | elapsed=2.3 min | eta=7.9 min
[2026-07-24 12:34:47] INFO Epoch 002 | train batch=330/1418 | elapsed=2.4 min | eta=7.9 min
[2026-07-24 12:34:51] INFO Epoch 002 | train batch=340/1418 | elapsed=2.5 min | eta=7.8 min
[2026-07-24 12:34:56] INFO Epoch 002 | train batch=350/1418 | elapsed=2.5 min | eta=7.7 min
[2026-07-24 12:35:00] INFO Epoch 002 | train batch=360/1418 | elapsed=2.6 min | eta=7.6 min
[2026-07-24 12:35:04] INFO Epoch 002 | train batch=370/1418 | elapsed=2.7 min | eta=7.6 min
[2026-07-24 12:35:08] INFO Epoch 002 | train batch=380/1418 | elapsed=2.7 min | eta=7.5 min
[2026-07-24 12:35:13] INFO Epoch 002 | train batch=390/1418 | elapsed=2.8 min | eta=7.4 min
[2026-07-24 12:35:17] INFO Epoch 002 | train batch=400/1418 | elapsed=2.9 min | eta=7.3 min
[2026-07-24 12:35:21] INFO Epoch 002 | train batch=410/1418 | elapsed=3.0 min | eta=7.3 min
[2026-07-24 12:35:26] INFO Epoch 002 | train batch=420/1418 | elapsed=3.0 min | eta=7.2 min
[2026-07-24 12:35:30] INFO Epoch 002 | train batch=430/1418 | elapsed=3.1 min | eta=7.1 min
[2026-07-24 12:35:34] INFO Epoch 002 | train batch=440/1418 | elapsed=3.2 min | eta=7.1 min
[2026-07-24 12:35:39] INFO Epoch 002 | train batch=450/1418 | elapsed=3.3 min | eta=7.0 min
[2026-07-24 12:35:43] INFO Epoch 002 | train batch=460/1418 | elapsed=3.3 min | eta=6.9 min
[2026-07-24 12:35:47] INFO Epoch 002 | train batch=470/1418 | elapsed=3.4 min | eta=6.8 min
[2026-07-24 12:35:52] INFO Epoch 002 | train batch=480/1418 | elapsed=3.5 min | eta=6.8 min
[2026-07-24 12:35:56] INFO Epoch 002 | train batch=490/1418 | elapsed=3.5 min | eta=6.7 min
[2026-07-24 12:36:00] INFO Epoch 002 | train batch=500/1418 | elapsed=3.6 min | eta=6.6 min
[2026-07-24 12:36:05] INFO Epoch 002 | train batch=510/1418 | elapsed=3.7 min | eta=6.6 min
[2026-07-24 12:36:09] INFO Epoch 002 | train batch=520/1418 | elapsed=3.8 min | eta=6.5 min
[2026-07-24 12:36:13] INFO Epoch 002 | train batch=530/1418 | elapsed=3.8 min | eta=6.4 min
[2026-07-24 12:36:18] INFO Epoch 002 | train batch=540/1418 | elapsed=3.9 min | eta=6.3 min
[2026-07-24 12:36:22] INFO Epoch 002 | train batch=550/1418 | elapsed=4.0 min | eta=6.3 min
[2026-07-24 12:36:26] INFO Epoch 002 | train batch=560/1418 | elapsed=4.0 min | eta=6.2 min
[2026-07-24 12:36:31] INFO Epoch 002 | train batch=570/1418 | elapsed=4.1 min | eta=6.1 min
[2026-07-24 12:36:35] INFO Epoch 002 | train batch=580/1418 | elapsed=4.2 min | eta=6.1 min
[2026-07-24 12:36:40] INFO Epoch 002 | train batch=590/1418 | elapsed=4.3 min | eta=6.0 min
[2026-07-24 12:36:44] INFO Epoch 002 | train batch=600/1418 | elapsed=4.3 min | eta=5.9 min
[2026-07-24 12:36:48] INFO Epoch 002 | train batch=610/1418 | elapsed=4.4 min | eta=5.8 min
[2026-07-24 12:36:53] INFO Epoch 002 | train batch=620/1418 | elapsed=4.5 min | eta=5.8 min
[2026-07-24 12:36:57] INFO Epoch 002 | train batch=630/1418 | elapsed=4.6 min | eta=5.7 min
[2026-07-24 12:37:02] INFO Epoch 002 | train batch=640/1418 | elapsed=4.6 min | eta=5.6 min
[2026-07-24 12:37:06] INFO Epoch 002 | train batch=650/1418 | elapsed=4.7 min | eta=5.6 min
[2026-07-24 12:37:10] INFO Epoch 002 | train batch=660/1418 | elapsed=4.8 min | eta=5.5 min
[2026-07-24 12:37:15] INFO Epoch 002 | train batch=670/1418 | elapsed=4.8 min | eta=5.4 min
[2026-07-24 12:37:19] INFO Epoch 002 | train batch=680/1418 | elapsed=4.9 min | eta=5.3 min
[2026-07-24 12:37:24] INFO Epoch 002 | train batch=690/1418 | elapsed=5.0 min | eta=5.3 min
[2026-07-24 12:37:28] INFO Epoch 002 | train batch=700/1418 | elapsed=5.1 min | eta=5.2 min
[2026-07-24 12:37:32] INFO Epoch 002 | train batch=710/1418 | elapsed=5.1 min | eta=5.1 min
[2026-07-24 12:37:36] INFO Epoch 002 | train batch=720/1418 | elapsed=5.2 min | eta=5.0 min
[2026-07-24 12:37:41] INFO Epoch 002 | train batch=730/1418 | elapsed=5.3 min | eta=5.0 min
[2026-07-24 12:37:45] INFO Epoch 002 | train batch=740/1418 | elapsed=5.4 min | eta=4.9 min
[2026-07-24 12:37:49] INFO Epoch 002 | train batch=750/1418 | elapsed=5.4 min | eta=4.8 min
[2026-07-24 12:37:53] INFO Epoch 002 | train batch=760/1418 | elapsed=5.5 min | eta=4.8 min
[2026-07-24 12:37:58] INFO Epoch 002 | train batch=770/1418 | elapsed=5.6 min | eta=4.7 min
[2026-07-24 12:38:02] INFO Epoch 002 | train batch=780/1418 | elapsed=5.6 min | eta=4.6 min
[2026-07-24 12:38:06] INFO Epoch 002 | train batch=790/1418 | elapsed=5.7 min | eta=4.5 min
[2026-07-24 12:38:10] INFO Epoch 002 | train batch=800/1418 | elapsed=5.8 min | eta=4.5 min
[2026-07-24 12:38:15] INFO Epoch 002 | train batch=810/1418 | elapsed=5.9 min | eta=4.4 min
[2026-07-24 12:38:19] INFO Epoch 002 | train batch=820/1418 | elapsed=5.9 min | eta=4.3 min
[2026-07-24 12:38:24] INFO Epoch 002 | train batch=830/1418 | elapsed=6.0 min | eta=4.2 min
[2026-07-24 12:38:28] INFO Epoch 002 | train batch=840/1418 | elapsed=6.1 min | eta=4.2 min
[2026-07-24 12:38:32] INFO Epoch 002 | train batch=850/1418 | elapsed=6.1 min | eta=4.1 min
[2026-07-24 12:38:37] INFO Epoch 002 | train batch=860/1418 | elapsed=6.2 min | eta=4.0 min
[2026-07-24 12:38:41] INFO Epoch 002 | train batch=870/1418 | elapsed=6.3 min | eta=4.0 min
[2026-07-24 12:38:45] INFO Epoch 002 | train batch=880/1418 | elapsed=6.4 min | eta=3.9 min
[2026-07-24 12:38:50] INFO Epoch 002 | train batch=890/1418 | elapsed=6.4 min | eta=3.8 min
[2026-07-24 12:38:54] INFO Epoch 002 | train batch=900/1418 | elapsed=6.5 min | eta=3.7 min
[2026-07-24 12:38:59] INFO Epoch 002 | train batch=910/1418 | elapsed=6.6 min | eta=3.7 min
[2026-07-24 12:39:03] INFO Epoch 002 | train batch=920/1418 | elapsed=6.7 min | eta=3.6 min
[2026-07-24 12:39:07] INFO Epoch 002 | train batch=930/1418 | elapsed=6.7 min | eta=3.5 min
[2026-07-24 12:39:11] INFO Epoch 002 | train batch=940/1418 | elapsed=6.8 min | eta=3.5 min
[2026-07-24 12:39:16] INFO Epoch 002 | train batch=950/1418 | elapsed=6.9 min | eta=3.4 min
[2026-07-24 12:39:20] INFO Epoch 002 | train batch=960/1418 | elapsed=6.9 min | eta=3.3 min
[2026-07-24 12:39:25] INFO Epoch 002 | train batch=970/1418 | elapsed=7.0 min | eta=3.2 min
[2026-07-24 12:39:29] INFO Epoch 002 | train batch=980/1418 | elapsed=7.1 min | eta=3.2 min
[2026-07-24 12:39:33] INFO Epoch 002 | train batch=990/1418 | elapsed=7.2 min | eta=3.1 min
[2026-07-24 12:39:38] INFO Epoch 002 | train batch=1000/1418 | elapsed=7.2 min | eta=3.0 min
[2026-07-24 12:39:42] INFO Epoch 002 | train batch=1010/1418 | elapsed=7.3 min | eta=3.0 min
[2026-07-24 12:39:46] INFO Epoch 002 | train batch=1020/1418 | elapsed=7.4 min | eta=2.9 min
[2026-07-24 12:39:50] INFO Epoch 002 | train batch=1030/1418 | elapsed=7.4 min | eta=2.8 min
[2026-07-24 12:39:55] INFO Epoch 002 | train batch=1040/1418 | elapsed=7.5 min | eta=2.7 min
[2026-07-24 12:39:59] INFO Epoch 002 | train batch=1050/1418 | elapsed=7.6 min | eta=2.7 min
[2026-07-24 12:40:03] INFO Epoch 002 | train batch=1060/1418 | elapsed=7.7 min | eta=2.6 min
[2026-07-24 12:40:08] INFO Epoch 002 | train batch=1070/1418 | elapsed=7.7 min | eta=2.5 min
[2026-07-24 12:40:13] INFO Epoch 002 | train batch=1080/1418 | elapsed=7.8 min | eta=2.4 min
[2026-07-24 12:40:17] INFO Epoch 002 | train batch=1090/1418 | elapsed=7.9 min | eta=2.4 min
[2026-07-24 12:40:21] INFO Epoch 002 | train batch=1100/1418 | elapsed=8.0 min | eta=2.3 min
[2026-07-24 12:40:25] INFO Epoch 002 | train batch=1110/1418 | elapsed=8.0 min | eta=2.2 min
[2026-07-24 12:40:30] INFO Epoch 002 | train batch=1120/1418 | elapsed=8.1 min | eta=2.2 min
[2026-07-24 12:40:34] INFO Epoch 002 | train batch=1130/1418 | elapsed=8.2 min | eta=2.1 min
[2026-07-24 12:40:38] INFO Epoch 002 | train batch=1140/1418 | elapsed=8.2 min | eta=2.0 min
[2026-07-24 12:40:43] INFO Epoch 002 | train batch=1150/1418 | elapsed=8.3 min | eta=1.9 min
[2026-07-24 12:40:47] INFO Epoch 002 | train batch=1160/1418 | elapsed=8.4 min | eta=1.9 min
[2026-07-24 12:40:51] INFO Epoch 002 | train batch=1170/1418 | elapsed=8.5 min | eta=1.8 min
[2026-07-24 12:40:56] INFO Epoch 002 | train batch=1180/1418 | elapsed=8.5 min | eta=1.7 min
[2026-07-24 12:41:00] INFO Epoch 002 | train batch=1190/1418 | elapsed=8.6 min | eta=1.6 min
[2026-07-24 12:41:04] INFO Epoch 002 | train batch=1200/1418 | elapsed=8.7 min | eta=1.6 min
[2026-07-24 12:41:08] INFO Epoch 002 | train batch=1210/1418 | elapsed=8.7 min | eta=1.5 min
[2026-07-24 12:41:13] INFO Epoch 002 | train batch=1220/1418 | elapsed=8.8 min | eta=1.4 min
[2026-07-24 12:41:17] INFO Epoch 002 | train batch=1230/1418 | elapsed=8.9 min | eta=1.4 min
[2026-07-24 12:41:21] INFO Epoch 002 | train batch=1240/1418 | elapsed=9.0 min | eta=1.3 min
[2026-07-24 12:41:25] INFO Epoch 002 | train batch=1250/1418 | elapsed=9.0 min | eta=1.2 min
[2026-07-24 12:41:30] INFO Epoch 002 | train batch=1260/1418 | elapsed=9.1 min | eta=1.1 min
[2026-07-24 12:41:34] INFO Epoch 002 | train batch=1270/1418 | elapsed=9.2 min | eta=1.1 min
[2026-07-24 12:41:39] INFO Epoch 002 | train batch=1280/1418 | elapsed=9.3 min | eta=1.0 min
[2026-07-24 12:41:44] INFO Epoch 002 | train batch=1290/1418 | elapsed=9.3 min | eta=0.9 min
[2026-07-24 12:41:48] INFO Epoch 002 | train batch=1300/1418 | elapsed=9.4 min | eta=0.9 min
[2026-07-24 12:41:52] INFO Epoch 002 | train batch=1310/1418 | elapsed=9.5 min | eta=0.8 min
[2026-07-24 12:41:57] INFO Epoch 002 | train batch=1320/1418 | elapsed=9.5 min | eta=0.7 min
[2026-07-24 12:42:01] INFO Epoch 002 | train batch=1330/1418 | elapsed=9.6 min | eta=0.6 min
[2026-07-24 12:42:05] INFO Epoch 002 | train batch=1340/1418 | elapsed=9.7 min | eta=0.6 min
[2026-07-24 12:42:10] INFO Epoch 002 | train batch=1350/1418 | elapsed=9.8 min | eta=0.5 min
[2026-07-24 12:42:14] INFO Epoch 002 | train batch=1360/1418 | elapsed=9.8 min | eta=0.4 min
[2026-07-24 12:42:18] INFO Epoch 002 | train batch=1370/1418 | elapsed=9.9 min | eta=0.3 min
[2026-07-24 12:42:23] INFO Epoch 002 | train batch=1380/1418 | elapsed=10.0 min | eta=0.3 min
[2026-07-24 12:42:27] INFO Epoch 002 | train batch=1390/1418 | elapsed=10.1 min | eta=0.2 min
[2026-07-24 12:42:32] INFO Epoch 002 | train batch=1400/1418 | elapsed=10.1 min | eta=0.1 min
[2026-07-24 12:42:36] INFO Epoch 002 | train batch=1410/1418 | elapsed=10.2 min | eta=0.1 min
[2026-07-24 12:42:39] INFO Epoch 002 | train batch=1418/1418 | elapsed=10.3 min | eta=0.0 min
[2026-07-24 12:42:39] INFO Epoch 002 | val batch=1/188 | elapsed=0.0 min | eta=0.4 min
[2026-07-24 12:42:41] INFO Epoch 002 | val batch=10/188 | elapsed=0.0 min | eta=0.6 min
[2026-07-24 12:42:43] INFO Epoch 002 | val batch=20/188 | elapsed=0.1 min | eta=0.5 min
[2026-07-24 12:42:45] INFO Epoch 002 | val batch=30/188 | elapsed=0.1 min | eta=0.5 min
[2026-07-24 12:42:46] INFO Epoch 002 | val batch=40/188 | elapsed=0.1 min | eta=0.5 min
[2026-07-24 12:42:48] INFO Epoch 002 | val batch=50/188 | elapsed=0.2 min | eta=0.4 min
[2026-07-24 12:42:50] INFO Epoch 002 | val batch=60/188 | elapsed=0.2 min | eta=0.4 min
[2026-07-24 12:42:52] INFO Epoch 002 | val batch=70/188 | elapsed=0.2 min | eta=0.4 min
[2026-07-24 12:42:54] INFO Epoch 002 | val batch=80/188 | elapsed=0.3 min | eta=0.3 min
[2026-07-24 12:42:56] INFO Epoch 002 | val batch=90/188 | elapsed=0.3 min | eta=0.3 min
[2026-07-24 12:42:58] INFO Epoch 002 | val batch=100/188 | elapsed=0.3 min | eta=0.3 min
[2026-07-24 12:43:00] INFO Epoch 002 | val batch=110/188 | elapsed=0.3 min | eta=0.2 min
[2026-07-24 12:43:01] INFO Epoch 002 | val batch=120/188 | elapsed=0.4 min | eta=0.2 min
[2026-07-24 12:43:03] INFO Epoch 002 | val batch=130/188 | elapsed=0.4 min | eta=0.2 min
[2026-07-24 12:43:05] INFO Epoch 002 | val batch=140/188 | elapsed=0.4 min | eta=0.2 min
[2026-07-24 12:43:07] INFO Epoch 002 | val batch=150/188 | elapsed=0.5 min | eta=0.1 min
[2026-07-24 12:43:09] INFO Epoch 002 | val batch=160/188 | elapsed=0.5 min | eta=0.1 min
[2026-07-24 12:43:11] INFO Epoch 002 | val batch=170/188 | elapsed=0.5 min | eta=0.1 min
[2026-07-24 12:43:13] INFO Epoch 002 | val batch=180/188 | elapsed=0.6 min | eta=0.0 min
[2026-07-24 12:43:14] INFO Epoch 002 | val batch=188/188 | elapsed=0.6 min | eta=0.0 min
[2026-07-24 12:43:14] INFO Epoch 002 | train_total=0.522973 | val_total=0.483760 | val_mask=0.264307 | val_retrieval=2.194533 | val_anchors=611264 | val_positive_pairs=0 | val_hard_negatives=0 | val_relation_candidates=7439984 | val_teacher_keff=3.904 | val_student_keff=7.366 | val_masked_positions=42178385 | skipped(train/val)=0/0
[2026-07-24 12:43:14] INFO Checkpoint updated | epoch=2 | best_val=0.483760 | path=C:\Users\clw\projects\researchRep\STAnchor-BlockMemory\artifacts\metrla_e3_relation_seed42\pretrain_best.pt
[2026-07-24 12:43:14] INFO Relation checkpoint updated | epoch=2 | best_val_relation=2.194533 | path=C:\Users\clw\projects\researchRep\STAnchor-BlockMemory\artifacts\metrla_e3_relation_seed42\pretrain_best_relation.pt
[2026-07-24 12:43:14] INFO Epoch 003/050 started | train_batches=1418 | val_batches=188
[2026-07-24 12:43:15] INFO Epoch 003 | train batch=1/1418 | elapsed=0.0 min | eta=11.5 min
[2026-07-24 12:43:19] INFO Epoch 003 | train batch=10/1418 | elapsed=0.1 min | eta=10.4 min
[2026-07-24 12:43:23] INFO Epoch 003 | train batch=20/1418 | elapsed=0.1 min | eta=10.1 min
[2026-07-24 12:43:27] INFO Epoch 003 | train batch=30/1418 | elapsed=0.2 min | eta=10.1 min
[2026-07-24 12:43:32] INFO Epoch 003 | train batch=40/1418 | elapsed=0.3 min | eta=10.1 min
[2026-07-24 12:43:36] INFO Epoch 003 | train batch=50/1418 | elapsed=0.4 min | eta=10.2 min
[2026-07-24 12:43:41] INFO Epoch 003 | train batch=60/1418 | elapsed=0.4 min | eta=10.1 min
[2026-07-24 12:43:45] INFO Epoch 003 | train batch=70/1418 | elapsed=0.5 min | eta=9.9 min
[2026-07-24 12:43:49] INFO Epoch 003 | train batch=80/1418 | elapsed=0.6 min | eta=9.8 min
[2026-07-24 12:43:54] INFO Epoch 003 | train batch=90/1418 | elapsed=0.7 min | eta=9.8 min
[2026-07-24 12:43:58] INFO Epoch 003 | train batch=100/1418 | elapsed=0.7 min | eta=9.7 min
[2026-07-24 12:44:03] INFO Epoch 003 | train batch=110/1418 | elapsed=0.8 min | eta=9.6 min
[2026-07-24 12:44:07] INFO Epoch 003 | train batch=120/1418 | elapsed=0.9 min | eta=9.5 min
[2026-07-24 12:44:11] INFO Epoch 003 | train batch=130/1418 | elapsed=1.0 min | eta=9.4 min
[2026-07-24 12:44:16] INFO Epoch 003 | train batch=140/1418 | elapsed=1.0 min | eta=9.4 min
[2026-07-24 12:44:20] INFO Epoch 003 | train batch=150/1418 | elapsed=1.1 min | eta=9.3 min
[2026-07-24 12:44:24] INFO Epoch 003 | train batch=160/1418 | elapsed=1.2 min | eta=9.2 min
[2026-07-24 12:44:29] INFO Epoch 003 | train batch=170/1418 | elapsed=1.2 min | eta=9.1 min
[2026-07-24 12:44:33] INFO Epoch 003 | train batch=180/1418 | elapsed=1.3 min | eta=9.0 min
[2026-07-24 12:44:37] INFO Epoch 003 | train batch=190/1418 | elapsed=1.4 min | eta=8.9 min
[2026-07-24 12:44:41] INFO Epoch 003 | train batch=200/1418 | elapsed=1.4 min | eta=8.8 min
[2026-07-24 12:44:45] INFO Epoch 003 | train batch=210/1418 | elapsed=1.5 min | eta=8.7 min
[2026-07-24 12:44:49] INFO Epoch 003 | train batch=220/1418 | elapsed=1.6 min | eta=8.6 min
[2026-07-24 12:44:54] INFO Epoch 003 | train batch=230/1418 | elapsed=1.7 min | eta=8.6 min
[2026-07-24 12:44:58] INFO Epoch 003 | train batch=240/1418 | elapsed=1.7 min | eta=8.5 min
[2026-07-24 12:45:03] INFO Epoch 003 | train batch=250/1418 | elapsed=1.8 min | eta=8.5 min
[2026-07-24 12:45:07] INFO Epoch 003 | train batch=260/1418 | elapsed=1.9 min | eta=8.4 min
[2026-07-24 12:45:11] INFO Epoch 003 | train batch=270/1418 | elapsed=2.0 min | eta=8.3 min
[2026-07-24 12:45:16] INFO Epoch 003 | train batch=280/1418 | elapsed=2.0 min | eta=8.2 min
[2026-07-24 12:45:20] INFO Epoch 003 | train batch=290/1418 | elapsed=2.1 min | eta=8.2 min
[2026-07-24 12:45:24] INFO Epoch 003 | train batch=300/1418 | elapsed=2.2 min | eta=8.1 min
[2026-07-24 12:45:28] INFO Epoch 003 | train batch=310/1418 | elapsed=2.2 min | eta=8.0 min
[2026-07-24 12:45:33] INFO Epoch 003 | train batch=320/1418 | elapsed=2.3 min | eta=7.9 min
[2026-07-24 12:45:37] INFO Epoch 003 | train batch=330/1418 | elapsed=2.4 min | eta=7.9 min
[2026-07-24 12:45:41] INFO Epoch 003 | train batch=340/1418 | elapsed=2.5 min | eta=7.8 min
[2026-07-24 12:45:46] INFO Epoch 003 | train batch=350/1418 | elapsed=2.5 min | eta=7.7 min
[2026-07-24 12:45:50] INFO Epoch 003 | train batch=360/1418 | elapsed=2.6 min | eta=7.6 min
[2026-07-24 12:45:54] INFO Epoch 003 | train batch=370/1418 | elapsed=2.7 min | eta=7.6 min
[2026-07-24 12:45:58] INFO Epoch 003 | train batch=380/1418 | elapsed=2.7 min | eta=7.5 min
[2026-07-24 12:46:03] INFO Epoch 003 | train batch=390/1418 | elapsed=2.8 min | eta=7.4 min
[2026-07-24 12:46:07] INFO Epoch 003 | train batch=400/1418 | elapsed=2.9 min | eta=7.3 min
[2026-07-24 12:46:11] INFO Epoch 003 | train batch=410/1418 | elapsed=3.0 min | eta=7.3 min
[2026-07-24 12:46:16] INFO Epoch 003 | train batch=420/1418 | elapsed=3.0 min | eta=7.2 min
[2026-07-24 12:46:20] INFO Epoch 003 | train batch=430/1418 | elapsed=3.1 min | eta=7.1 min
[2026-07-24 12:46:24] INFO Epoch 003 | train batch=440/1418 | elapsed=3.2 min | eta=7.0 min
[2026-07-24 12:46:29] INFO Epoch 003 | train batch=450/1418 | elapsed=3.2 min | eta=7.0 min
[2026-07-24 12:46:33] INFO Epoch 003 | train batch=460/1418 | elapsed=3.3 min | eta=6.9 min
[2026-07-24 12:46:37] INFO Epoch 003 | train batch=470/1418 | elapsed=3.4 min | eta=6.8 min
[2026-07-24 12:46:42] INFO Epoch 003 | train batch=480/1418 | elapsed=3.5 min | eta=6.8 min
[2026-07-24 12:46:46] INFO Epoch 003 | train batch=490/1418 | elapsed=3.5 min | eta=6.7 min
[2026-07-24 12:46:51] INFO Epoch 003 | train batch=500/1418 | elapsed=3.6 min | eta=6.6 min
[2026-07-24 12:46:55] INFO Epoch 003 | train batch=510/1418 | elapsed=3.7 min | eta=6.6 min
[2026-07-24 12:47:00] INFO Epoch 003 | train batch=520/1418 | elapsed=3.8 min | eta=6.5 min
[2026-07-24 12:47:04] INFO Epoch 003 | train batch=530/1418 | elapsed=3.8 min | eta=6.4 min
[2026-07-24 12:47:09] INFO Epoch 003 | train batch=540/1418 | elapsed=3.9 min | eta=6.4 min
[2026-07-24 12:47:13] INFO Epoch 003 | train batch=550/1418 | elapsed=4.0 min | eta=6.3 min
[2026-07-24 12:47:17] INFO Epoch 003 | train batch=560/1418 | elapsed=4.1 min | eta=6.2 min
[2026-07-24 12:47:21] INFO Epoch 003 | train batch=570/1418 | elapsed=4.1 min | eta=6.1 min
[2026-07-24 12:47:26] INFO Epoch 003 | train batch=580/1418 | elapsed=4.2 min | eta=6.1 min
[2026-07-24 12:47:30] INFO Epoch 003 | train batch=590/1418 | elapsed=4.3 min | eta=6.0 min
[2026-07-24 12:47:34] INFO Epoch 003 | train batch=600/1418 | elapsed=4.3 min | eta=5.9 min
[2026-07-24 12:47:39] INFO Epoch 003 | train batch=610/1418 | elapsed=4.4 min | eta=5.8 min
[2026-07-24 12:47:43] INFO Epoch 003 | train batch=620/1418 | elapsed=4.5 min | eta=5.8 min
[2026-07-24 12:47:47] INFO Epoch 003 | train batch=630/1418 | elapsed=4.6 min | eta=5.7 min
[2026-07-24 12:47:51] INFO Epoch 003 | train batch=640/1418 | elapsed=4.6 min | eta=5.6 min
[2026-07-24 12:47:56] INFO Epoch 003 | train batch=650/1418 | elapsed=4.7 min | eta=5.5 min
[2026-07-24 12:48:00] INFO Epoch 003 | train batch=660/1418 | elapsed=4.8 min | eta=5.5 min
[2026-07-24 12:48:04] INFO Epoch 003 | train batch=670/1418 | elapsed=4.8 min | eta=5.4 min
[2026-07-24 12:48:08] INFO Epoch 003 | train batch=680/1418 | elapsed=4.9 min | eta=5.3 min
[2026-07-24 12:48:12] INFO Epoch 003 | train batch=690/1418 | elapsed=5.0 min | eta=5.2 min
[2026-07-24 12:48:17] INFO Epoch 003 | train batch=700/1418 | elapsed=5.0 min | eta=5.2 min
[2026-07-24 12:48:21] INFO Epoch 003 | train batch=710/1418 | elapsed=5.1 min | eta=5.1 min
[2026-07-24 12:48:25] INFO Epoch 003 | train batch=720/1418 | elapsed=5.2 min | eta=5.0 min
[2026-07-24 12:48:30] INFO Epoch 003 | train batch=730/1418 | elapsed=5.3 min | eta=5.0 min
[2026-07-24 12:48:34] INFO Epoch 003 | train batch=740/1418 | elapsed=5.3 min | eta=4.9 min
[2026-07-24 12:48:38] INFO Epoch 003 | train batch=750/1418 | elapsed=5.4 min | eta=4.8 min
[2026-07-24 12:48:43] INFO Epoch 003 | train batch=760/1418 | elapsed=5.5 min | eta=4.7 min
[2026-07-24 12:48:47] INFO Epoch 003 | train batch=770/1418 | elapsed=5.5 min | eta=4.7 min
[2026-07-24 12:48:51] INFO Epoch 003 | train batch=780/1418 | elapsed=5.6 min | eta=4.6 min
[2026-07-24 12:48:56] INFO Epoch 003 | train batch=790/1418 | elapsed=5.7 min | eta=4.5 min
[2026-07-24 12:49:00] INFO Epoch 003 | train batch=800/1418 | elapsed=5.8 min | eta=4.5 min
[2026-07-24 12:49:05] INFO Epoch 003 | train batch=810/1418 | elapsed=5.8 min | eta=4.4 min
[2026-07-24 12:49:09] INFO Epoch 003 | train batch=820/1418 | elapsed=5.9 min | eta=4.3 min
[2026-07-24 12:49:13] INFO Epoch 003 | train batch=830/1418 | elapsed=6.0 min | eta=4.2 min
[2026-07-24 12:49:17] INFO Epoch 003 | train batch=840/1418 | elapsed=6.1 min | eta=4.2 min
[2026-07-24 12:49:22] INFO Epoch 003 | train batch=850/1418 | elapsed=6.1 min | eta=4.1 min
[2026-07-24 12:49:26] INFO Epoch 003 | train batch=860/1418 | elapsed=6.2 min | eta=4.0 min
[2026-07-24 12:49:31] INFO Epoch 003 | train batch=870/1418 | elapsed=6.3 min | eta=4.0 min
[2026-07-24 12:49:35] INFO Epoch 003 | train batch=880/1418 | elapsed=6.3 min | eta=3.9 min
[2026-07-24 12:49:39] INFO Epoch 003 | train batch=890/1418 | elapsed=6.4 min | eta=3.8 min
[2026-07-24 12:49:44] INFO Epoch 003 | train batch=900/1418 | elapsed=6.5 min | eta=3.7 min
[2026-07-24 12:49:48] INFO Epoch 003 | train batch=910/1418 | elapsed=6.6 min | eta=3.7 min
[2026-07-24 12:49:52] INFO Epoch 003 | train batch=920/1418 | elapsed=6.6 min | eta=3.6 min
[2026-07-24 12:49:57] INFO Epoch 003 | train batch=930/1418 | elapsed=6.7 min | eta=3.5 min
[2026-07-24 12:50:01] INFO Epoch 003 | train batch=940/1418 | elapsed=6.8 min | eta=3.4 min
[2026-07-24 12:50:05] INFO Epoch 003 | train batch=950/1418 | elapsed=6.9 min | eta=3.4 min
[2026-07-24 12:50:09] INFO Epoch 003 | train batch=960/1418 | elapsed=6.9 min | eta=3.3 min
[2026-07-24 12:50:14] INFO Epoch 003 | train batch=970/1418 | elapsed=7.0 min | eta=3.2 min
[2026-07-24 12:50:18] INFO Epoch 003 | train batch=980/1418 | elapsed=7.1 min | eta=3.2 min
[2026-07-24 12:50:22] INFO Epoch 003 | train batch=990/1418 | elapsed=7.1 min | eta=3.1 min
[2026-07-24 12:50:27] INFO Epoch 003 | train batch=1000/1418 | elapsed=7.2 min | eta=3.0 min
[2026-07-24 12:50:31] INFO Epoch 003 | train batch=1010/1418 | elapsed=7.3 min | eta=2.9 min
[2026-07-24 12:50:35] INFO Epoch 003 | train batch=1020/1418 | elapsed=7.4 min | eta=2.9 min
[2026-07-24 12:50:40] INFO Epoch 003 | train batch=1030/1418 | elapsed=7.4 min | eta=2.8 min
[2026-07-24 12:50:44] INFO Epoch 003 | train batch=1040/1418 | elapsed=7.5 min | eta=2.7 min
[2026-07-24 12:50:49] INFO Epoch 003 | train batch=1050/1418 | elapsed=7.6 min | eta=2.7 min
[2026-07-24 12:50:54] INFO Epoch 003 | train batch=1060/1418 | elapsed=7.7 min | eta=2.6 min
[2026-07-24 12:50:58] INFO Epoch 003 | train batch=1070/1418 | elapsed=7.7 min | eta=2.5 min
[2026-07-24 12:51:03] INFO Epoch 003 | train batch=1080/1418 | elapsed=7.8 min | eta=2.4 min
[2026-07-24 12:51:07] INFO Epoch 003 | train batch=1090/1418 | elapsed=7.9 min | eta=2.4 min
[2026-07-24 12:51:12] INFO Epoch 003 | train batch=1100/1418 | elapsed=8.0 min | eta=2.3 min
[2026-07-24 12:51:16] INFO Epoch 003 | train batch=1110/1418 | elapsed=8.0 min | eta=2.2 min
[2026-07-24 12:51:20] INFO Epoch 003 | train batch=1120/1418 | elapsed=8.1 min | eta=2.2 min
[2026-07-24 12:51:24] INFO Epoch 003 | train batch=1130/1418 | elapsed=8.2 min | eta=2.1 min
[2026-07-24 12:51:29] INFO Epoch 003 | train batch=1140/1418 | elapsed=8.2 min | eta=2.0 min
[2026-07-24 12:51:33] INFO Epoch 003 | train batch=1150/1418 | elapsed=8.3 min | eta=1.9 min
[2026-07-24 12:51:37] INFO Epoch 003 | train batch=1160/1418 | elapsed=8.4 min | eta=1.9 min
[2026-07-24 12:51:41] INFO Epoch 003 | train batch=1170/1418 | elapsed=8.5 min | eta=1.8 min
[2026-07-24 12:51:46] INFO Epoch 003 | train batch=1180/1418 | elapsed=8.5 min | eta=1.7 min
[2026-07-24 12:51:50] INFO Epoch 003 | train batch=1190/1418 | elapsed=8.6 min | eta=1.6 min
[2026-07-24 12:51:54] INFO Epoch 003 | train batch=1200/1418 | elapsed=8.7 min | eta=1.6 min
[2026-07-24 12:51:59] INFO Epoch 003 | train batch=1210/1418 | elapsed=8.7 min | eta=1.5 min
[2026-07-24 12:52:03] INFO Epoch 003 | train batch=1220/1418 | elapsed=8.8 min | eta=1.4 min
[2026-07-24 12:52:07] INFO Epoch 003 | train batch=1230/1418 | elapsed=8.9 min | eta=1.4 min
[2026-07-24 12:52:11] INFO Epoch 003 | train batch=1240/1418 | elapsed=9.0 min | eta=1.3 min
[2026-07-24 12:52:16] INFO Epoch 003 | train batch=1250/1418 | elapsed=9.0 min | eta=1.2 min
[2026-07-24 12:52:20] INFO Epoch 003 | train batch=1260/1418 | elapsed=9.1 min | eta=1.1 min
[2026-07-24 12:52:24] INFO Epoch 003 | train batch=1270/1418 | elapsed=9.2 min | eta=1.1 min
[2026-07-24 12:52:29] INFO Epoch 003 | train batch=1280/1418 | elapsed=9.2 min | eta=1.0 min
[2026-07-24 12:52:33] INFO Epoch 003 | train batch=1290/1418 | elapsed=9.3 min | eta=0.9 min
[2026-07-24 12:52:38] INFO Epoch 003 | train batch=1300/1418 | elapsed=9.4 min | eta=0.9 min
[2026-07-24 12:52:42] INFO Epoch 003 | train batch=1310/1418 | elapsed=9.5 min | eta=0.8 min
[2026-07-24 12:52:46] INFO Epoch 003 | train batch=1320/1418 | elapsed=9.5 min | eta=0.7 min
[2026-07-24 12:52:50] INFO Epoch 003 | train batch=1330/1418 | elapsed=9.6 min | eta=0.6 min
[2026-07-24 12:52:54] INFO Epoch 003 | train batch=1340/1418 | elapsed=9.7 min | eta=0.6 min
[2026-07-24 12:52:59] INFO Epoch 003 | train batch=1350/1418 | elapsed=9.7 min | eta=0.5 min
[2026-07-24 12:53:03] INFO Epoch 003 | train batch=1360/1418 | elapsed=9.8 min | eta=0.4 min
[2026-07-24 12:53:07] INFO Epoch 003 | train batch=1370/1418 | elapsed=9.9 min | eta=0.3 min
[2026-07-24 12:53:12] INFO Epoch 003 | train batch=1380/1418 | elapsed=10.0 min | eta=0.3 min
[2026-07-24 12:53:16] INFO Epoch 003 | train batch=1390/1418 | elapsed=10.0 min | eta=0.2 min
[2026-07-24 12:53:20] INFO Epoch 003 | train batch=1400/1418 | elapsed=10.1 min | eta=0.1 min
[2026-07-24 12:53:25] INFO Epoch 003 | train batch=1410/1418 | elapsed=10.2 min | eta=0.1 min
[2026-07-24 12:53:28] INFO Epoch 003 | train batch=1418/1418 | elapsed=10.2 min | eta=0.0 min
[2026-07-24 12:53:28] INFO Epoch 003 | val batch=1/188 | elapsed=0.0 min | eta=0.4 min
[2026-07-24 12:53:30] INFO Epoch 003 | val batch=10/188 | elapsed=0.0 min | eta=0.6 min
[2026-07-24 12:53:32] INFO Epoch 003 | val batch=20/188 | elapsed=0.1 min | eta=0.5 min
[2026-07-24 12:53:34] INFO Epoch 003 | val batch=30/188 | elapsed=0.1 min | eta=0.5 min
[2026-07-24 12:53:36] INFO Epoch 003 | val batch=40/188 | elapsed=0.1 min | eta=0.5 min
[2026-07-24 12:53:38] INFO Epoch 003 | val batch=50/188 | elapsed=0.2 min | eta=0.4 min
[2026-07-24 12:53:39] INFO Epoch 003 | val batch=60/188 | elapsed=0.2 min | eta=0.4 min
[2026-07-24 12:53:41] INFO Epoch 003 | val batch=70/188 | elapsed=0.2 min | eta=0.4 min
[2026-07-24 12:53:43] INFO Epoch 003 | val batch=80/188 | elapsed=0.3 min | eta=0.3 min
[2026-07-24 12:53:45] INFO Epoch 003 | val batch=90/188 | elapsed=0.3 min | eta=0.3 min
[2026-07-24 12:53:47] INFO Epoch 003 | val batch=100/188 | elapsed=0.3 min | eta=0.3 min
[2026-07-24 12:53:49] INFO Epoch 003 | val batch=110/188 | elapsed=0.3 min | eta=0.2 min
[2026-07-24 12:53:51] INFO Epoch 003 | val batch=120/188 | elapsed=0.4 min | eta=0.2 min
[2026-07-24 12:53:53] INFO Epoch 003 | val batch=130/188 | elapsed=0.4 min | eta=0.2 min
[2026-07-24 12:53:54] INFO Epoch 003 | val batch=140/188 | elapsed=0.4 min | eta=0.2 min
[2026-07-24 12:53:56] INFO Epoch 003 | val batch=150/188 | elapsed=0.5 min | eta=0.1 min
[2026-07-24 12:53:58] INFO Epoch 003 | val batch=160/188 | elapsed=0.5 min | eta=0.1 min
[2026-07-24 12:54:00] INFO Epoch 003 | val batch=170/188 | elapsed=0.5 min | eta=0.1 min
[2026-07-24 12:54:02] INFO Epoch 003 | val batch=180/188 | elapsed=0.6 min | eta=0.0 min
[2026-07-24 12:54:03] INFO Epoch 003 | val batch=188/188 | elapsed=0.6 min | eta=0.0 min
[2026-07-24 12:54:03] INFO Epoch 003 | train_total=0.500107 | val_total=0.473690 | val_mask=0.258787 | val_retrieval=2.149030 | val_anchors=611264 | val_positive_pairs=0 | val_hard_negatives=0 | val_relation_candidates=7439984 | val_teacher_keff=3.904 | val_student_keff=7.218 | val_masked_positions=42199203 | skipped(train/val)=0/0
[2026-07-24 12:54:03] INFO Checkpoint updated | epoch=3 | best_val=0.473690 | path=C:\Users\clw\projects\researchRep\STAnchor-BlockMemory\artifacts\metrla_e3_relation_seed42\pretrain_best.pt
[2026-07-24 12:54:03] INFO Relation checkpoint updated | epoch=3 | best_val_relation=2.149030 | path=C:\Users\clw\projects\researchRep\STAnchor-BlockMemory\artifacts\metrla_e3_relation_seed42\pretrain_best_relation.pt
[2026-07-24 12:54:03] INFO Epoch 004/050 started | train_batches=1418 | val_batches=188
[2026-07-24 12:54:04] INFO Epoch 004 | train batch=1/1418 | elapsed=0.0 min | eta=9.0 min
[2026-07-24 12:54:08] INFO Epoch 004 | train batch=10/1418 | elapsed=0.1 min | eta=10.6 min
[2026-07-24 12:54:12] INFO Epoch 004 | train batch=20/1418 | elapsed=0.1 min | eta=10.4 min
[2026-07-24 12:54:16] INFO Epoch 004 | train batch=30/1418 | elapsed=0.2 min | eta=10.1 min
[2026-07-24 12:54:21] INFO Epoch 004 | train batch=40/1418 | elapsed=0.3 min | eta=10.0 min
[2026-07-24 12:54:25] INFO Epoch 004 | train batch=50/1418 | elapsed=0.4 min | eta=9.8 min
[2026-07-24 12:54:29] INFO Epoch 004 | train batch=60/1418 | elapsed=0.4 min | eta=9.7 min
[2026-07-24 12:54:33] INFO Epoch 004 | train batch=70/1418 | elapsed=0.5 min | eta=9.6 min
[2026-07-24 12:54:38] INFO Epoch 004 | train batch=80/1418 | elapsed=0.6 min | eta=9.6 min
[2026-07-24 12:54:42] INFO Epoch 004 | train batch=90/1418 | elapsed=0.6 min | eta=9.6 min
[2026-07-24 12:54:46] INFO Epoch 004 | train batch=100/1418 | elapsed=0.7 min | eta=9.5 min
[2026-07-24 12:54:51] INFO Epoch 004 | train batch=110/1418 | elapsed=0.8 min | eta=9.4 min
[2026-07-24 12:54:55] INFO Epoch 004 | train batch=120/1418 | elapsed=0.9 min | eta=9.4 min
[2026-07-24 12:55:00] INFO Epoch 004 | train batch=130/1418 | elapsed=0.9 min | eta=9.3 min
[2026-07-24 12:55:04] INFO Epoch 004 | train batch=140/1418 | elapsed=1.0 min | eta=9.2 min
[2026-07-24 12:55:08] INFO Epoch 004 | train batch=150/1418 | elapsed=1.1 min | eta=9.1 min
[2026-07-24 12:55:12] INFO Epoch 004 | train batch=160/1418 | elapsed=1.1 min | eta=9.0 min
[2026-07-24 12:55:17] INFO Epoch 004 | train batch=170/1418 | elapsed=1.2 min | eta=9.0 min
[2026-07-24 12:55:21] INFO Epoch 004 | train batch=180/1418 | elapsed=1.3 min | eta=8.9 min
[2026-07-24 12:55:25] INFO Epoch 004 | train batch=190/1418 | elapsed=1.4 min | eta=8.8 min
[2026-07-24 12:55:30] INFO Epoch 004 | train batch=200/1418 | elapsed=1.4 min | eta=8.8 min
[2026-07-24 12:55:34] INFO Epoch 004 | train batch=210/1418 | elapsed=1.5 min | eta=8.7 min
[2026-07-24 12:55:39] INFO Epoch 004 | train batch=220/1418 | elapsed=1.6 min | eta=8.7 min
[2026-07-24 12:55:43] INFO Epoch 004 | train batch=230/1418 | elapsed=1.7 min | eta=8.6 min
[2026-07-24 12:55:47] INFO Epoch 004 | train batch=240/1418 | elapsed=1.7 min | eta=8.5 min
[2026-07-24 12:55:52] INFO Epoch 004 | train batch=250/1418 | elapsed=1.8 min | eta=8.4 min
[2026-07-24 12:55:56] INFO Epoch 004 | train batch=260/1418 | elapsed=1.9 min | eta=8.4 min
[2026-07-24 12:56:00] INFO Epoch 004 | train batch=270/1418 | elapsed=1.9 min | eta=8.3 min
[2026-07-24 12:56:04] INFO Epoch 004 | train batch=280/1418 | elapsed=2.0 min | eta=8.2 min
[2026-07-24 12:56:09] INFO Epoch 004 | train batch=290/1418 | elapsed=2.1 min | eta=8.1 min
[2026-07-24 12:56:13] INFO Epoch 004 | train batch=300/1418 | elapsed=2.2 min | eta=8.1 min
[2026-07-24 12:56:17] INFO Epoch 004 | train batch=310/1418 | elapsed=2.2 min | eta=8.0 min
[2026-07-24 12:56:21] INFO Epoch 004 | train batch=320/1418 | elapsed=2.3 min | eta=7.9 min
[2026-07-24 12:56:26] INFO Epoch 004 | train batch=330/1418 | elapsed=2.4 min | eta=7.8 min
[2026-07-24 12:56:30] INFO Epoch 004 | train batch=340/1418 | elapsed=2.4 min | eta=7.8 min
[2026-07-24 12:56:35] INFO Epoch 004 | train batch=350/1418 | elapsed=2.5 min | eta=7.7 min
[2026-07-24 12:56:39] INFO Epoch 004 | train batch=360/1418 | elapsed=2.6 min | eta=7.6 min
[2026-07-24 12:56:43] INFO Epoch 004 | train batch=370/1418 | elapsed=2.7 min | eta=7.6 min
[2026-07-24 12:56:48] INFO Epoch 004 | train batch=380/1418 | elapsed=2.7 min | eta=7.5 min
[2026-07-24 12:56:52] INFO Epoch 004 | train batch=390/1418 | elapsed=2.8 min | eta=7.4 min
[2026-07-24 12:56:56] INFO Epoch 004 | train batch=400/1418 | elapsed=2.9 min | eta=7.3 min
[2026-07-24 12:57:01] INFO Epoch 004 | train batch=410/1418 | elapsed=3.0 min | eta=7.3 min
[2026-07-24 12:57:05] INFO Epoch 004 | train batch=420/1418 | elapsed=3.0 min | eta=7.2 min
[2026-07-24 12:57:09] INFO Epoch 004 | train batch=430/1418 | elapsed=3.1 min | eta=7.1 min
[2026-07-24 12:57:13] INFO Epoch 004 | train batch=440/1418 | elapsed=3.2 min | eta=7.0 min
[2026-07-24 12:57:17] INFO Epoch 004 | train batch=450/1418 | elapsed=3.2 min | eta=7.0 min
[2026-07-24 12:57:22] INFO Epoch 004 | train batch=460/1418 | elapsed=3.3 min | eta=6.9 min
[2026-07-24 12:57:26] INFO Epoch 004 | train batch=470/1418 | elapsed=3.4 min | eta=6.8 min
[2026-07-24 12:57:30] INFO Epoch 004 | train batch=480/1418 | elapsed=3.4 min | eta=6.7 min
[2026-07-24 12:57:34] INFO Epoch 004 | train batch=490/1418 | elapsed=3.5 min | eta=6.7 min
[2026-07-24 12:57:39] INFO Epoch 004 | train batch=500/1418 | elapsed=3.6 min | eta=6.6 min
[2026-07-24 12:57:43] INFO Epoch 004 | train batch=510/1418 | elapsed=3.7 min | eta=6.5 min
[2026-07-24 12:57:47] INFO Epoch 004 | train batch=520/1418 | elapsed=3.7 min | eta=6.4 min
[2026-07-24 12:57:52] INFO Epoch 004 | train batch=530/1418 | elapsed=3.8 min | eta=6.4 min
[2026-07-24 12:57:56] INFO Epoch 004 | train batch=540/1418 | elapsed=3.9 min | eta=6.3 min
[2026-07-24 12:58:00] INFO Epoch 004 | train batch=550/1418 | elapsed=3.9 min | eta=6.2 min
[2026-07-24 12:58:05] INFO Epoch 004 | train batch=560/1418 | elapsed=4.0 min | eta=6.2 min
[2026-07-24 12:58:09] INFO Epoch 004 | train batch=570/1418 | elapsed=4.1 min | eta=6.1 min
[2026-07-24 12:58:13] INFO Epoch 004 | train batch=580/1418 | elapsed=4.2 min | eta=6.0 min
[2026-07-24 12:58:17] INFO Epoch 004 | train batch=590/1418 | elapsed=4.2 min | eta=5.9 min
[2026-07-24 12:58:21] INFO Epoch 004 | train batch=600/1418 | elapsed=4.3 min | eta=5.9 min
[2026-07-24 12:58:26] INFO Epoch 004 | train batch=610/1418 | elapsed=4.4 min | eta=5.8 min
[2026-07-24 12:58:30] INFO Epoch 004 | train batch=620/1418 | elapsed=4.4 min | eta=5.7 min
[2026-07-24 12:58:35] INFO Epoch 004 | train batch=630/1418 | elapsed=4.5 min | eta=5.7 min
[2026-07-24 12:58:39] INFO Epoch 004 | train batch=640/1418 | elapsed=4.6 min | eta=5.6 min
[2026-07-24 12:58:43] INFO Epoch 004 | train batch=650/1418 | elapsed=4.7 min | eta=5.5 min
[2026-07-24 12:58:47] INFO Epoch 004 | train batch=660/1418 | elapsed=4.7 min | eta=5.4 min
[2026-07-24 12:58:52] INFO Epoch 004 | train batch=670/1418 | elapsed=4.8 min | eta=5.4 min
[2026-07-24 12:58:56] INFO Epoch 004 | train batch=680/1418 | elapsed=4.9 min | eta=5.3 min
[2026-07-24 12:59:00] INFO Epoch 004 | train batch=690/1418 | elapsed=4.9 min | eta=5.2 min
[2026-07-24 12:59:04] INFO Epoch 004 | train batch=700/1418 | elapsed=5.0 min | eta=5.1 min
[2026-07-24 12:59:08] INFO Epoch 004 | train batch=710/1418 | elapsed=5.1 min | eta=5.1 min
[2026-07-24 12:59:13] INFO Epoch 004 | train batch=720/1418 | elapsed=5.2 min | eta=5.0 min
[2026-07-24 12:59:17] INFO Epoch 004 | train batch=730/1418 | elapsed=5.2 min | eta=4.9 min
[2026-07-24 12:59:22] INFO Epoch 004 | train batch=740/1418 | elapsed=5.3 min | eta=4.9 min
[2026-07-24 12:59:26] INFO Epoch 004 | train batch=750/1418 | elapsed=5.4 min | eta=4.8 min
[2026-07-24 12:59:31] INFO Epoch 004 | train batch=760/1418 | elapsed=5.5 min | eta=4.7 min
[2026-07-24 12:59:35] INFO Epoch 004 | train batch=770/1418 | elapsed=5.5 min | eta=4.6 min
[2026-07-24 12:59:39] INFO Epoch 004 | train batch=780/1418 | elapsed=5.6 min | eta=4.6 min
[2026-07-24 12:59:43] INFO Epoch 004 | train batch=790/1418 | elapsed=5.7 min | eta=4.5 min
[2026-07-24 12:59:48] INFO Epoch 004 | train batch=800/1418 | elapsed=5.7 min | eta=4.4 min
[2026-07-24 12:59:52] INFO Epoch 004 | train batch=810/1418 | elapsed=5.8 min | eta=4.4 min
[2026-07-24 12:59:56] INFO Epoch 004 | train batch=820/1418 | elapsed=5.9 min | eta=4.3 min
[2026-07-24 13:00:01] INFO Epoch 004 | train batch=830/1418 | elapsed=6.0 min | eta=4.2 min
[2026-07-24 13:00:05] INFO Epoch 004 | train batch=840/1418 | elapsed=6.0 min | eta=4.1 min
[2026-07-24 13:00:09] INFO Epoch 004 | train batch=850/1418 | elapsed=6.1 min | eta=4.1 min
[2026-07-24 13:00:14] INFO Epoch 004 | train batch=860/1418 | elapsed=6.2 min | eta=4.0 min
[2026-07-24 13:00:18] INFO Epoch 004 | train batch=870/1418 | elapsed=6.2 min | eta=3.9 min
[2026-07-24 13:00:23] INFO Epoch 004 | train batch=880/1418 | elapsed=6.3 min | eta=3.9 min
[2026-07-24 13:00:27] INFO Epoch 004 | train batch=890/1418 | elapsed=6.4 min | eta=3.8 min
[2026-07-24 13:00:31] INFO Epoch 004 | train batch=900/1418 | elapsed=6.5 min | eta=3.7 min
[2026-07-24 13:00:35] INFO Epoch 004 | train batch=910/1418 | elapsed=6.5 min | eta=3.6 min
[2026-07-24 13:00:40] INFO Epoch 004 | train batch=920/1418 | elapsed=6.6 min | eta=3.6 min
[2026-07-24 13:00:44] INFO Epoch 004 | train batch=930/1418 | elapsed=6.7 min | eta=3.5 min
[2026-07-24 13:00:48] INFO Epoch 004 | train batch=940/1418 | elapsed=6.7 min | eta=3.4 min
[2026-07-24 13:00:52] INFO Epoch 004 | train batch=950/1418 | elapsed=6.8 min | eta=3.4 min
[2026-07-24 13:00:56] INFO Epoch 004 | train batch=960/1418 | elapsed=6.9 min | eta=3.3 min
[2026-07-24 13:01:01] INFO Epoch 004 | train batch=970/1418 | elapsed=7.0 min | eta=3.2 min
[2026-07-24 13:01:05] INFO Epoch 004 | train batch=980/1418 | elapsed=7.0 min | eta=3.1 min
[2026-07-24 13:01:09] INFO Epoch 004 | train batch=990/1418 | elapsed=7.1 min | eta=3.1 min
[2026-07-24 13:01:13] INFO Epoch 004 | train batch=1000/1418 | elapsed=7.2 min | eta=3.0 min
[2026-07-24 13:01:18] INFO Epoch 004 | train batch=1010/1418 | elapsed=7.2 min | eta=2.9 min
[2026-07-24 13:01:22] INFO Epoch 004 | train batch=1020/1418 | elapsed=7.3 min | eta=2.9 min
[2026-07-24 13:01:26] INFO Epoch 004 | train batch=1030/1418 | elapsed=7.4 min | eta=2.8 min
[2026-07-24 13:01:31] INFO Epoch 004 | train batch=1040/1418 | elapsed=7.5 min | eta=2.7 min
[2026-07-24 13:01:35] INFO Epoch 004 | train batch=1050/1418 | elapsed=7.5 min | eta=2.6 min
[2026-07-24 13:01:39] INFO Epoch 004 | train batch=1060/1418 | elapsed=7.6 min | eta=2.6 min
[2026-07-24 13:01:43] INFO Epoch 004 | train batch=1070/1418 | elapsed=7.7 min | eta=2.5 min
[2026-07-24 13:01:48] INFO Epoch 004 | train batch=1080/1418 | elapsed=7.7 min | eta=2.4 min
[2026-07-24 13:01:52] INFO Epoch 004 | train batch=1090/1418 | elapsed=7.8 min | eta=2.4 min
[2026-07-24 13:01:56] INFO Epoch 004 | train batch=1100/1418 | elapsed=7.9 min | eta=2.3 min
[2026-07-24 13:02:01] INFO Epoch 004 | train batch=1110/1418 | elapsed=8.0 min | eta=2.2 min
[2026-07-24 13:02:05] INFO Epoch 004 | train batch=1120/1418 | elapsed=8.0 min | eta=2.1 min
[2026-07-24 13:02:10] INFO Epoch 004 | train batch=1130/1418 | elapsed=8.1 min | eta=2.1 min
[2026-07-24 13:02:14] INFO Epoch 004 | train batch=1140/1418 | elapsed=8.2 min | eta=2.0 min
[2026-07-24 13:02:18] INFO Epoch 004 | train batch=1150/1418 | elapsed=8.2 min | eta=1.9 min
[2026-07-24 13:02:23] INFO Epoch 004 | train batch=1160/1418 | elapsed=8.3 min | eta=1.9 min
[2026-07-24 13:02:27] INFO Epoch 004 | train batch=1170/1418 | elapsed=8.4 min | eta=1.8 min
[2026-07-24 13:02:31] INFO Epoch 004 | train batch=1180/1418 | elapsed=8.5 min | eta=1.7 min
[2026-07-24 13:02:36] INFO Epoch 004 | train batch=1190/1418 | elapsed=8.5 min | eta=1.6 min
[2026-07-24 13:02:40] INFO Epoch 004 | train batch=1200/1418 | elapsed=8.6 min | eta=1.6 min
[2026-07-24 13:02:44] INFO Epoch 004 | train batch=1210/1418 | elapsed=8.7 min | eta=1.5 min
[2026-07-24 13:02:49] INFO Epoch 004 | train batch=1220/1418 | elapsed=8.8 min | eta=1.4 min
[2026-07-24 13:02:53] INFO Epoch 004 | train batch=1230/1418 | elapsed=8.8 min | eta=1.3 min
[2026-07-24 13:02:57] INFO Epoch 004 | train batch=1240/1418 | elapsed=8.9 min | eta=1.3 min
[2026-07-24 13:03:01] INFO Epoch 004 | train batch=1250/1418 | elapsed=9.0 min | eta=1.2 min
[2026-07-24 13:03:06] INFO Epoch 004 | train batch=1260/1418 | elapsed=9.0 min | eta=1.1 min
[2026-07-24 13:03:10] INFO Epoch 004 | train batch=1270/1418 | elapsed=9.1 min | eta=1.1 min
[2026-07-24 13:03:15] INFO Epoch 004 | train batch=1280/1418 | elapsed=9.2 min | eta=1.0 min
[2026-07-24 13:03:19] INFO Epoch 004 | train batch=1290/1418 | elapsed=9.3 min | eta=0.9 min
[2026-07-24 13:03:23] INFO Epoch 004 | train batch=1300/1418 | elapsed=9.3 min | eta=0.8 min
[2026-07-24 13:03:28] INFO Epoch 004 | train batch=1310/1418 | elapsed=9.4 min | eta=0.8 min
[2026-07-24 13:03:32] INFO Epoch 004 | train batch=1320/1418 | elapsed=9.5 min | eta=0.7 min
[2026-07-24 13:03:36] INFO Epoch 004 | train batch=1330/1418 | elapsed=9.6 min | eta=0.6 min
[2026-07-24 13:03:41] INFO Epoch 004 | train batch=1340/1418 | elapsed=9.6 min | eta=0.6 min
[2026-07-24 13:03:45] INFO Epoch 004 | train batch=1350/1418 | elapsed=9.7 min | eta=0.5 min
[2026-07-24 13:03:49] INFO Epoch 004 | train batch=1360/1418 | elapsed=9.8 min | eta=0.4 min
[2026-07-24 13:03:54] INFO Epoch 004 | train batch=1370/1418 | elapsed=9.8 min | eta=0.3 min
[2026-07-24 13:03:58] INFO Epoch 004 | train batch=1380/1418 | elapsed=9.9 min | eta=0.3 min
[2026-07-24 13:04:02] INFO Epoch 004 | train batch=1390/1418 | elapsed=10.0 min | eta=0.2 min
[2026-07-24 13:04:07] INFO Epoch 004 | train batch=1400/1418 | elapsed=10.1 min | eta=0.1 min
[2026-07-24 13:04:11] INFO Epoch 004 | train batch=1410/1418 | elapsed=10.1 min | eta=0.1 min
[2026-07-24 13:04:14] INFO Epoch 004 | train batch=1418/1418 | elapsed=10.2 min | eta=0.0 min
[2026-07-24 13:04:14] INFO Epoch 004 | val batch=1/188 | elapsed=0.0 min | eta=0.4 min
[2026-07-24 13:04:16] INFO Epoch 004 | val batch=10/188 | elapsed=0.0 min | eta=0.6 min
[2026-07-24 13:04:18] INFO Epoch 004 | val batch=20/188 | elapsed=0.1 min | eta=0.5 min
[2026-07-24 13:04:20] INFO Epoch 004 | val batch=30/188 | elapsed=0.1 min | eta=0.5 min
[2026-07-24 13:04:22] INFO Epoch 004 | val batch=40/188 | elapsed=0.1 min | eta=0.5 min
[2026-07-24 13:04:24] INFO Epoch 004 | val batch=50/188 | elapsed=0.2 min | eta=0.4 min
[2026-07-24 13:04:25] INFO Epoch 004 | val batch=60/188 | elapsed=0.2 min | eta=0.4 min
[2026-07-24 13:04:27] INFO Epoch 004 | val batch=70/188 | elapsed=0.2 min | eta=0.4 min
[2026-07-24 13:04:29] INFO Epoch 004 | val batch=80/188 | elapsed=0.3 min | eta=0.3 min
[2026-07-24 13:04:31] INFO Epoch 004 | val batch=90/188 | elapsed=0.3 min | eta=0.3 min
[2026-07-24 13:04:33] INFO Epoch 004 | val batch=100/188 | elapsed=0.3 min | eta=0.3 min
[2026-07-24 13:04:35] INFO Epoch 004 | val batch=110/188 | elapsed=0.3 min | eta=0.2 min
[2026-07-24 13:04:37] INFO Epoch 004 | val batch=120/188 | elapsed=0.4 min | eta=0.2 min
[2026-07-24 13:04:39] INFO Epoch 004 | val batch=130/188 | elapsed=0.4 min | eta=0.2 min
[2026-07-24 13:04:40] INFO Epoch 004 | val batch=140/188 | elapsed=0.4 min | eta=0.2 min
[2026-07-24 13:04:42] INFO Epoch 004 | val batch=150/188 | elapsed=0.5 min | eta=0.1 min
[2026-07-24 13:04:44] INFO Epoch 004 | val batch=160/188 | elapsed=0.5 min | eta=0.1 min
[2026-07-24 13:04:46] INFO Epoch 004 | val batch=170/188 | elapsed=0.5 min | eta=0.1 min
[2026-07-24 13:04:48] INFO Epoch 004 | val batch=180/188 | elapsed=0.6 min | eta=0.0 min
[2026-07-24 13:04:49] INFO Epoch 004 | val batch=188/188 | elapsed=0.6 min | eta=0.0 min
[2026-07-24 13:04:49] INFO Epoch 004 | train_total=0.490928 | val_total=0.463684 | val_mask=0.249773 | val_retrieval=2.139111 | val_anchors=611264 | val_positive_pairs=0 | val_hard_negatives=0 | val_relation_candidates=7439984 | val_teacher_keff=3.904 | val_student_keff=7.228 | val_masked_positions=42212243 | skipped(train/val)=0/0
[2026-07-24 13:04:49] INFO Checkpoint updated | epoch=4 | best_val=0.463684 | path=C:\Users\clw\projects\researchRep\STAnchor-BlockMemory\artifacts\metrla_e3_relation_seed42\pretrain_best.pt
[2026-07-24 13:04:49] INFO Relation checkpoint updated | epoch=4 | best_val_relation=2.139111 | path=C:\Users\clw\projects\researchRep\STAnchor-BlockMemory\artifacts\metrla_e3_relation_seed42\pretrain_best_relation.pt
[2026-07-24 13:04:49] INFO Epoch 005/050 started | train_batches=1418 | val_batches=188
[2026-07-24 13:04:50] INFO Epoch 005 | train batch=1/1418 | elapsed=0.0 min | eta=11.3 min
[2026-07-24 13:04:54] INFO Epoch 005 | train batch=10/1418 | elapsed=0.1 min | eta=10.6 min
[2026-07-24 13:04:58] INFO Epoch 005 | train batch=20/1418 | elapsed=0.1 min | eta=10.4 min
[2026-07-24 13:05:03] INFO Epoch 005 | train batch=30/1418 | elapsed=0.2 min | eta=10.2 min
[2026-07-24 13:05:07] INFO Epoch 005 | train batch=40/1418 | elapsed=0.3 min | eta=10.0 min
[2026-07-24 13:05:11] INFO Epoch 005 | train batch=50/1418 | elapsed=0.4 min | eta=9.9 min
[2026-07-24 13:05:15] INFO Epoch 005 | train batch=60/1418 | elapsed=0.4 min | eta=9.7 min
[2026-07-24 13:05:19] INFO Epoch 005 | train batch=70/1418 | elapsed=0.5 min | eta=9.6 min
[2026-07-24 13:05:23] INFO Epoch 005 | train batch=80/1418 | elapsed=0.6 min | eta=9.4 min
[2026-07-24 13:05:27] INFO Epoch 005 | train batch=90/1418 | elapsed=0.6 min | eta=9.3 min
[2026-07-24 13:05:32] INFO Epoch 005 | train batch=100/1418 | elapsed=0.7 min | eta=9.3 min
[2026-07-24 13:05:36] INFO Epoch 005 | train batch=110/1418 | elapsed=0.8 min | eta=9.3 min
[2026-07-24 13:05:41] INFO Epoch 005 | train batch=120/1418 | elapsed=0.9 min | eta=9.2 min
[2026-07-24 13:05:45] INFO Epoch 005 | train batch=130/1418 | elapsed=0.9 min | eta=9.1 min
[2026-07-24 13:05:49] INFO Epoch 005 | train batch=140/1418 | elapsed=1.0 min | eta=9.1 min
[2026-07-24 13:05:53] INFO Epoch 005 | train batch=150/1418 | elapsed=1.1 min | eta=9.0 min
[2026-07-24 13:05:58] INFO Epoch 005 | train batch=160/1418 | elapsed=1.1 min | eta=9.0 min
[2026-07-24 13:06:02] INFO Epoch 005 | train batch=170/1418 | elapsed=1.2 min | eta=8.9 min
[2026-07-24 13:06:06] INFO Epoch 005 | train batch=180/1418 | elapsed=1.3 min | eta=8.8 min
[2026-07-24 13:06:11] INFO Epoch 005 | train batch=190/1418 | elapsed=1.4 min | eta=8.7 min
[2026-07-24 13:06:15] INFO Epoch 005 | train batch=200/1418 | elapsed=1.4 min | eta=8.7 min
[2026-07-24 13:06:19] INFO Epoch 005 | train batch=210/1418 | elapsed=1.5 min | eta=8.6 min
[2026-07-24 13:06:24] INFO Epoch 005 | train batch=220/1418 | elapsed=1.6 min | eta=8.6 min
[2026-07-24 13:06:28] INFO Epoch 005 | train batch=230/1418 | elapsed=1.6 min | eta=8.5 min
[2026-07-24 13:06:32] INFO Epoch 005 | train batch=240/1418 | elapsed=1.7 min | eta=8.4 min
[2026-07-24 13:06:37] INFO Epoch 005 | train batch=250/1418 | elapsed=1.8 min | eta=8.3 min
[2026-07-24 13:06:41] INFO Epoch 005 | train batch=260/1418 | elapsed=1.9 min | eta=8.3 min
[2026-07-24 13:06:45] INFO Epoch 005 | train batch=270/1418 | elapsed=1.9 min | eta=8.2 min
[2026-07-24 13:06:49] INFO Epoch 005 | train batch=280/1418 | elapsed=2.0 min | eta=8.1 min
[2026-07-24 13:06:54] INFO Epoch 005 | train batch=290/1418 | elapsed=2.1 min | eta=8.1 min
[2026-07-24 13:06:58] INFO Epoch 005 | train batch=300/1418 | elapsed=2.1 min | eta=8.0 min
[2026-07-24 13:07:02] INFO Epoch 005 | train batch=310/1418 | elapsed=2.2 min | eta=7.9 min
[2026-07-24 13:07:07] INFO Epoch 005 | train batch=320/1418 | elapsed=2.3 min | eta=7.9 min
[2026-07-24 13:07:11] INFO Epoch 005 | train batch=330/1418 | elapsed=2.4 min | eta=7.8 min
[2026-07-24 13:07:15] INFO Epoch 005 | train batch=340/1418 | elapsed=2.4 min | eta=7.7 min
[2026-07-24 13:07:19] INFO Epoch 005 | train batch=350/1418 | elapsed=2.5 min | eta=7.6 min
[2026-07-24 13:07:24] INFO Epoch 005 | train batch=360/1418 | elapsed=2.6 min | eta=7.6 min
[2026-07-24 13:07:28] INFO Epoch 005 | train batch=370/1418 | elapsed=2.6 min | eta=7.5 min
[2026-07-24 13:07:32] INFO Epoch 005 | train batch=380/1418 | elapsed=2.7 min | eta=7.4 min
[2026-07-24 13:07:37] INFO Epoch 005 | train batch=390/1418 | elapsed=2.8 min | eta=7.3 min
[2026-07-24 13:07:41] INFO Epoch 005 | train batch=400/1418 | elapsed=2.9 min | eta=7.3 min
[2026-07-24 13:07:45] INFO Epoch 005 | train batch=410/1418 | elapsed=2.9 min | eta=7.2 min
[2026-07-24 13:07:49] INFO Epoch 005 | train batch=420/1418 | elapsed=3.0 min | eta=7.1 min
[2026-07-24 13:07:54] INFO Epoch 005 | train batch=430/1418 | elapsed=3.1 min | eta=7.1 min
[2026-07-24 13:07:58] INFO Epoch 005 | train batch=440/1418 | elapsed=3.1 min | eta=7.0 min
[2026-07-24 13:08:02] INFO Epoch 005 | train batch=450/1418 | elapsed=3.2 min | eta=6.9 min
[2026-07-24 13:08:07] INFO Epoch 005 | train batch=460/1418 | elapsed=3.3 min | eta=6.8 min
[2026-07-24 13:08:11] INFO Epoch 005 | train batch=470/1418 | elapsed=3.4 min | eta=6.8 min
[2026-07-24 13:08:15] INFO Epoch 005 | train batch=480/1418 | elapsed=3.4 min | eta=6.7 min
[2026-07-24 13:08:20] INFO Epoch 005 | train batch=490/1418 | elapsed=3.5 min | eta=6.6 min
[2026-07-24 13:08:24] INFO Epoch 005 | train batch=500/1418 | elapsed=3.6 min | eta=6.6 min
[2026-07-24 13:08:28] INFO Epoch 005 | train batch=510/1418 | elapsed=3.6 min | eta=6.5 min
[2026-07-24 13:08:33] INFO Epoch 005 | train batch=520/1418 | elapsed=3.7 min | eta=6.4 min
[2026-07-24 13:08:37] INFO Epoch 005 | train batch=530/1418 | elapsed=3.8 min | eta=6.4 min
[2026-07-24 13:08:41] INFO Epoch 005 | train batch=540/1418 | elapsed=3.9 min | eta=6.3 min
[2026-07-24 13:08:45] INFO Epoch 005 | train batch=550/1418 | elapsed=3.9 min | eta=6.2 min
[2026-07-24 13:08:50] INFO Epoch 005 | train batch=560/1418 | elapsed=4.0 min | eta=6.1 min
[2026-07-24 13:08:54] INFO Epoch 005 | train batch=570/1418 | elapsed=4.1 min | eta=6.1 min
[2026-07-24 13:08:58] INFO Epoch 005 | train batch=580/1418 | elapsed=4.1 min | eta=6.0 min
[2026-07-24 13:09:02] INFO Epoch 005 | train batch=590/1418 | elapsed=4.2 min | eta=5.9 min
[2026-07-24 13:09:07] INFO Epoch 005 | train batch=600/1418 | elapsed=4.3 min | eta=5.9 min
[2026-07-24 13:09:11] INFO Epoch 005 | train batch=610/1418 | elapsed=4.4 min | eta=5.8 min
[2026-07-24 13:09:16] INFO Epoch 005 | train batch=620/1418 | elapsed=4.4 min | eta=5.7 min
[2026-07-24 13:09:20] INFO Epoch 005 | train batch=630/1418 | elapsed=4.5 min | eta=5.6 min
[2026-07-24 13:09:24] INFO Epoch 005 | train batch=640/1418 | elapsed=4.6 min | eta=5.6 min
[2026-07-24 13:09:28] INFO Epoch 005 | train batch=650/1418 | elapsed=4.6 min | eta=5.5 min
[2026-07-24 13:09:33] INFO Epoch 005 | train batch=660/1418 | elapsed=4.7 min | eta=5.4 min
[2026-07-24 13:09:37] INFO Epoch 005 | train batch=670/1418 | elapsed=4.8 min | eta=5.4 min
[2026-07-24 13:09:42] INFO Epoch 005 | train batch=680/1418 | elapsed=4.9 min | eta=5.3 min
[2026-07-24 13:09:46] INFO Epoch 005 | train batch=690/1418 | elapsed=4.9 min | eta=5.2 min
[2026-07-24 13:09:50] INFO Epoch 005 | train batch=700/1418 | elapsed=5.0 min | eta=5.1 min
[2026-07-24 13:09:54] INFO Epoch 005 | train batch=710/1418 | elapsed=5.1 min | eta=5.1 min
[2026-07-24 13:09:59] INFO Epoch 005 | train batch=720/1418 | elapsed=5.2 min | eta=5.0 min
[2026-07-24 13:10:03] INFO Epoch 005 | train batch=730/1418 | elapsed=5.2 min | eta=4.9 min
[2026-07-24 13:10:07] INFO Epoch 005 | train batch=740/1418 | elapsed=5.3 min | eta=4.8 min
[2026-07-24 13:10:11] INFO Epoch 005 | train batch=750/1418 | elapsed=5.4 min | eta=4.8 min
[2026-07-24 13:10:16] INFO Epoch 005 | train batch=760/1418 | elapsed=5.4 min | eta=4.7 min
[2026-07-24 13:10:20] INFO Epoch 005 | train batch=770/1418 | elapsed=5.5 min | eta=4.6 min
[2026-07-24 13:10:24] INFO Epoch 005 | train batch=780/1418 | elapsed=5.6 min | eta=4.6 min
[2026-07-24 13:10:29] INFO Epoch 005 | train batch=790/1418 | elapsed=5.7 min | eta=4.5 min
[2026-07-24 13:10:33] INFO Epoch 005 | train batch=800/1418 | elapsed=5.7 min | eta=4.4 min
[2026-07-24 13:10:37] INFO Epoch 005 | train batch=810/1418 | elapsed=5.8 min | eta=4.4 min
[2026-07-24 13:10:42] INFO Epoch 005 | train batch=820/1418 | elapsed=5.9 min | eta=4.3 min
[2026-07-24 13:10:46] INFO Epoch 005 | train batch=830/1418 | elapsed=5.9 min | eta=4.2 min
[2026-07-24 13:10:50] INFO Epoch 005 | train batch=840/1418 | elapsed=6.0 min | eta=4.1 min
[2026-07-24 13:10:55] INFO Epoch 005 | train batch=850/1418 | elapsed=6.1 min | eta=4.1 min
[2026-07-24 13:10:59] INFO Epoch 005 | train batch=860/1418 | elapsed=6.2 min | eta=4.0 min
[2026-07-24 13:11:03] INFO Epoch 005 | train batch=870/1418 | elapsed=6.2 min | eta=3.9 min
[2026-07-24 13:11:07] INFO Epoch 005 | train batch=880/1418 | elapsed=6.3 min | eta=3.8 min
[2026-07-24 13:11:12] INFO Epoch 005 | train batch=890/1418 | elapsed=6.4 min | eta=3.8 min
[2026-07-24 13:11:16] INFO Epoch 005 | train batch=900/1418 | elapsed=6.4 min | eta=3.7 min
[2026-07-24 13:11:20] INFO Epoch 005 | train batch=910/1418 | elapsed=6.5 min | eta=3.6 min
[2026-07-24 13:11:25] INFO Epoch 005 | train batch=920/1418 | elapsed=6.6 min | eta=3.6 min
[2026-07-24 13:11:29] INFO Epoch 005 | train batch=930/1418 | elapsed=6.7 min | eta=3.5 min
[2026-07-24 13:11:33] INFO Epoch 005 | train batch=940/1418 | elapsed=6.7 min | eta=3.4 min
[2026-07-24 13:11:38] INFO Epoch 005 | train batch=950/1418 | elapsed=6.8 min | eta=3.4 min
[2026-07-24 13:11:42] INFO Epoch 005 | train batch=960/1418 | elapsed=6.9 min | eta=3.3 min
[2026-07-24 13:11:47] INFO Epoch 005 | train batch=970/1418 | elapsed=7.0 min | eta=3.2 min
[2026-07-24 13:11:51] INFO Epoch 005 | train batch=980/1418 | elapsed=7.0 min | eta=3.1 min
[2026-07-24 13:11:55] INFO Epoch 005 | train batch=990/1418 | elapsed=7.1 min | eta=3.1 min
[2026-07-24 13:12:00] INFO Epoch 005 | train batch=1000/1418 | elapsed=7.2 min | eta=3.0 min
[2026-07-24 13:12:04] INFO Epoch 005 | train batch=1010/1418 | elapsed=7.2 min | eta=2.9 min
[2026-07-24 13:12:08] INFO Epoch 005 | train batch=1020/1418 | elapsed=7.3 min | eta=2.9 min
[2026-07-24 13:12:12] INFO Epoch 005 | train batch=1030/1418 | elapsed=7.4 min | eta=2.8 min
[2026-07-24 13:12:17] INFO Epoch 005 | train batch=1040/1418 | elapsed=7.5 min | eta=2.7 min
[2026-07-24 13:12:21] INFO Epoch 005 | train batch=1050/1418 | elapsed=7.5 min | eta=2.6 min
[2026-07-24 13:12:25] INFO Epoch 005 | train batch=1060/1418 | elapsed=7.6 min | eta=2.6 min
[2026-07-24 13:12:29] INFO Epoch 005 | train batch=1070/1418 | elapsed=7.7 min | eta=2.5 min
[2026-07-24 13:12:33] INFO Epoch 005 | train batch=1080/1418 | elapsed=7.7 min | eta=2.4 min
[2026-07-24 13:12:38] INFO Epoch 005 | train batch=1090/1418 | elapsed=7.8 min | eta=2.3 min
[2026-07-24 13:12:42] INFO Epoch 005 | train batch=1100/1418 | elapsed=7.9 min | eta=2.3 min
[2026-07-24 13:12:46] INFO Epoch 005 | train batch=1110/1418 | elapsed=7.9 min | eta=2.2 min
[2026-07-24 13:12:50] INFO Epoch 005 | train batch=1120/1418 | elapsed=8.0 min | eta=2.1 min
[2026-07-24 13:12:55] INFO Epoch 005 | train batch=1130/1418 | elapsed=8.1 min | eta=2.1 min
[2026-07-24 13:12:59] INFO Epoch 005 | train batch=1140/1418 | elapsed=8.2 min | eta=2.0 min
[2026-07-24 13:13:04] INFO Epoch 005 | train batch=1150/1418 | elapsed=8.2 min | eta=1.9 min
[2026-07-24 13:13:08] INFO Epoch 005 | train batch=1160/1418 | elapsed=8.3 min | eta=1.8 min
[2026-07-24 13:13:12] INFO Epoch 005 | train batch=1170/1418 | elapsed=8.4 min | eta=1.8 min
[2026-07-24 13:13:16] INFO Epoch 005 | train batch=1180/1418 | elapsed=8.4 min | eta=1.7 min
[2026-07-24 13:13:21] INFO Epoch 005 | train batch=1190/1418 | elapsed=8.5 min | eta=1.6 min
[2026-07-24 13:13:25] INFO Epoch 005 | train batch=1200/1418 | elapsed=8.6 min | eta=1.6 min
[2026-07-24 13:13:29] INFO Epoch 005 | train batch=1210/1418 | elapsed=8.7 min | eta=1.5 min
[2026-07-24 13:13:33] INFO Epoch 005 | train batch=1220/1418 | elapsed=8.7 min | eta=1.4 min
[2026-07-24 13:13:38] INFO Epoch 005 | train batch=1230/1418 | elapsed=8.8 min | eta=1.3 min
[2026-07-24 13:13:42] INFO Epoch 005 | train batch=1240/1418 | elapsed=8.9 min | eta=1.3 min
[2026-07-24 13:13:46] INFO Epoch 005 | train batch=1250/1418 | elapsed=8.9 min | eta=1.2 min
[2026-07-24 13:13:50] INFO Epoch 005 | train batch=1260/1418 | elapsed=9.0 min | eta=1.1 min
[2026-07-24 13:13:54] INFO Epoch 005 | train batch=1270/1418 | elapsed=9.1 min | eta=1.1 min
[2026-07-24 13:13:58] INFO Epoch 005 | train batch=1280/1418 | elapsed=9.1 min | eta=1.0 min
[2026-07-24 13:14:03] INFO Epoch 005 | train batch=1290/1418 | elapsed=9.2 min | eta=0.9 min
[2026-07-24 13:14:07] INFO Epoch 005 | train batch=1300/1418 | elapsed=9.3 min | eta=0.8 min
[2026-07-24 13:14:12] INFO Epoch 005 | train batch=1310/1418 | elapsed=9.4 min | eta=0.8 min
[2026-07-24 13:14:16] INFO Epoch 005 | train batch=1320/1418 | elapsed=9.4 min | eta=0.7 min
[2026-07-24 13:14:20] INFO Epoch 005 | train batch=1330/1418 | elapsed=9.5 min | eta=0.6 min
[2026-07-24 13:14:25] INFO Epoch 005 | train batch=1340/1418 | elapsed=9.6 min | eta=0.6 min
[2026-07-24 13:14:29] INFO Epoch 005 | train batch=1350/1418 | elapsed=9.7 min | eta=0.5 min
[2026-07-24 13:14:33] INFO Epoch 005 | train batch=1360/1418 | elapsed=9.7 min | eta=0.4 min
[2026-07-24 13:14:37] INFO Epoch 005 | train batch=1370/1418 | elapsed=9.8 min | eta=0.3 min
[2026-07-24 13:14:42] INFO Epoch 005 | train batch=1380/1418 | elapsed=9.9 min | eta=0.3 min
[2026-07-24 13:14:46] INFO Epoch 005 | train batch=1390/1418 | elapsed=9.9 min | eta=0.2 min
[2026-07-24 13:14:50] INFO Epoch 005 | train batch=1400/1418 | elapsed=10.0 min | eta=0.1 min
[2026-07-24 13:14:55] INFO Epoch 005 | train batch=1410/1418 | elapsed=10.1 min | eta=0.1 min
[2026-07-24 13:14:58] INFO Epoch 005 | train batch=1418/1418 | elapsed=10.1 min | eta=0.0 min
[2026-07-24 13:14:58] INFO Epoch 005 | val batch=1/188 | elapsed=0.0 min | eta=0.4 min
[2026-07-24 13:15:00] INFO Epoch 005 | val batch=10/188 | elapsed=0.0 min | eta=0.6 min
[2026-07-24 13:15:02] INFO Epoch 005 | val batch=20/188 | elapsed=0.1 min | eta=0.5 min
[2026-07-24 13:15:04] INFO Epoch 005 | val batch=30/188 | elapsed=0.1 min | eta=0.5 min
[2026-07-24 13:15:06] INFO Epoch 005 | val batch=40/188 | elapsed=0.1 min | eta=0.5 min
[2026-07-24 13:15:08] INFO Epoch 005 | val batch=50/188 | elapsed=0.2 min | eta=0.4 min
[2026-07-24 13:15:09] INFO Epoch 005 | val batch=60/188 | elapsed=0.2 min | eta=0.4 min
[2026-07-24 13:15:11] INFO Epoch 005 | val batch=70/188 | elapsed=0.2 min | eta=0.4 min
[2026-07-24 13:15:13] INFO Epoch 005 | val batch=80/188 | elapsed=0.3 min | eta=0.3 min
[2026-07-24 13:15:15] INFO Epoch 005 | val batch=90/188 | elapsed=0.3 min | eta=0.3 min
[2026-07-24 13:15:17] INFO Epoch 005 | val batch=100/188 | elapsed=0.3 min | eta=0.3 min
[2026-07-24 13:15:19] INFO Epoch 005 | val batch=110/188 | elapsed=0.3 min | eta=0.2 min
[2026-07-24 13:15:21] INFO Epoch 005 | val batch=120/188 | elapsed=0.4 min | eta=0.2 min
[2026-07-24 13:15:23] INFO Epoch 005 | val batch=130/188 | elapsed=0.4 min | eta=0.2 min
[2026-07-24 13:15:24] INFO Epoch 005 | val batch=140/188 | elapsed=0.4 min | eta=0.2 min
[2026-07-24 13:15:26] INFO Epoch 005 | val batch=150/188 | elapsed=0.5 min | eta=0.1 min
[2026-07-24 13:15:28] INFO Epoch 005 | val batch=160/188 | elapsed=0.5 min | eta=0.1 min
[2026-07-24 13:15:30] INFO Epoch 005 | val batch=170/188 | elapsed=0.5 min | eta=0.1 min
[2026-07-24 13:15:32] INFO Epoch 005 | val batch=180/188 | elapsed=0.6 min | eta=0.0 min
[2026-07-24 13:15:33] INFO Epoch 005 | val batch=188/188 | elapsed=0.6 min | eta=0.0 min
[2026-07-24 13:15:33] INFO Epoch 005 | train_total=0.487866 | val_total=0.462290 | val_mask=0.250812 | val_retrieval=2.114784 | val_anchors=611264 | val_positive_pairs=0 | val_hard_negatives=0 | val_relation_candidates=7439984 | val_teacher_keff=3.904 | val_student_keff=7.380 | val_masked_positions=42180108 | skipped(train/val)=0/0
[2026-07-24 13:15:33] INFO Checkpoint updated | epoch=5 | best_val=0.462290 | path=C:\Users\clw\projects\researchRep\STAnchor-BlockMemory\artifacts\metrla_e3_relation_seed42\pretrain_best.pt
[2026-07-24 13:15:33] INFO Relation checkpoint updated | epoch=5 | best_val_relation=2.114784 | path=C:\Users\clw\projects\researchRep\STAnchor-BlockMemory\artifacts\metrla_e3_relation_seed42\pretrain_best_relation.pt
[2026-07-24 13:15:33] INFO Epoch 006/050 started | train_batches=1418 | val_batches=188
[2026-07-24 13:15:34] INFO Epoch 006 | train batch=1/1418 | elapsed=0.0 min | eta=9.1 min
[2026-07-24 13:15:38] INFO Epoch 006 | train batch=10/1418 | elapsed=0.1 min | eta=10.1 min
[2026-07-24 13:15:42] INFO Epoch 006 | train batch=20/1418 | elapsed=0.1 min | eta=10.2 min
[2026-07-24 13:15:46] INFO Epoch 006 | train batch=30/1418 | elapsed=0.2 min | eta=10.1 min
[2026-07-24 13:15:51] INFO Epoch 006 | train batch=40/1418 | elapsed=0.3 min | eta=10.2 min
[2026-07-24 13:15:55] INFO Epoch 006 | train batch=50/1418 | elapsed=0.4 min | eta=10.0 min
[2026-07-24 13:16:00] INFO Epoch 006 | train batch=60/1418 | elapsed=0.4 min | eta=10.0 min
[2026-07-24 13:16:04] INFO Epoch 006 | train batch=70/1418 | elapsed=0.5 min | eta=9.9 min
[2026-07-24 13:16:08] INFO Epoch 006 | train batch=80/1418 | elapsed=0.6 min | eta=9.8 min
[2026-07-24 13:16:13] INFO Epoch 006 | train batch=90/1418 | elapsed=0.7 min | eta=9.7 min
[2026-07-24 13:16:17] INFO Epoch 006 | train batch=100/1418 | elapsed=0.7 min | eta=9.6 min
[2026-07-24 13:16:21] INFO Epoch 006 | train batch=110/1418 | elapsed=0.8 min | eta=9.5 min
[2026-07-24 13:16:25] INFO Epoch 006 | train batch=120/1418 | elapsed=0.9 min | eta=9.3 min
[2026-07-24 13:16:29] INFO Epoch 006 | train batch=130/1418 | elapsed=0.9 min | eta=9.3 min
[2026-07-24 13:16:34] INFO Epoch 006 | train batch=140/1418 | elapsed=1.0 min | eta=9.2 min
[2026-07-24 13:16:38] INFO Epoch 006 | train batch=150/1418 | elapsed=1.1 min | eta=9.1 min
[2026-07-24 13:16:42] INFO Epoch 006 | train batch=160/1418 | elapsed=1.2 min | eta=9.0 min
[2026-07-24 13:16:47] INFO Epoch 006 | train batch=170/1418 | elapsed=1.2 min | eta=9.0 min
[2026-07-24 13:16:51] INFO Epoch 006 | train batch=180/1418 | elapsed=1.3 min | eta=8.9 min
[2026-07-24 13:16:56] INFO Epoch 006 | train batch=190/1418 | elapsed=1.4 min | eta=8.9 min
[2026-07-24 13:17:00] INFO Epoch 006 | train batch=200/1418 | elapsed=1.4 min | eta=8.8 min
[2026-07-24 13:17:04] INFO Epoch 006 | train batch=210/1418 | elapsed=1.5 min | eta=8.7 min
[2026-07-24 13:17:08] INFO Epoch 006 | train batch=220/1418 | elapsed=1.6 min | eta=8.6 min
[2026-07-24 13:17:13] INFO Epoch 006 | train batch=230/1418 | elapsed=1.7 min | eta=8.6 min
[2026-07-24 13:17:17] INFO Epoch 006 | train batch=240/1418 | elapsed=1.7 min | eta=8.5 min
[2026-07-24 13:17:21] INFO Epoch 006 | train batch=250/1418 | elapsed=1.8 min | eta=8.4 min
[2026-07-24 13:17:26] INFO Epoch 006 | train batch=260/1418 | elapsed=1.9 min | eta=8.4 min
[2026-07-24 13:17:30] INFO Epoch 006 | train batch=270/1418 | elapsed=1.9 min | eta=8.3 min
[2026-07-24 13:17:34] INFO Epoch 006 | train batch=280/1418 | elapsed=2.0 min | eta=8.2 min
[2026-07-24 13:17:39] INFO Epoch 006 | train batch=290/1418 | elapsed=2.1 min | eta=8.1 min
[2026-07-24 13:17:43] INFO Epoch 006 | train batch=300/1418 | elapsed=2.2 min | eta=8.0 min
[2026-07-24 13:17:47] INFO Epoch 006 | train batch=310/1418 | elapsed=2.2 min | eta=8.0 min
[2026-07-24 13:17:51] INFO Epoch 006 | train batch=320/1418 | elapsed=2.3 min | eta=7.9 min
[2026-07-24 13:17:55] INFO Epoch 006 | train batch=330/1418 | elapsed=2.4 min | eta=7.8 min
[2026-07-24 13:17:59] INFO Epoch 006 | train batch=340/1418 | elapsed=2.4 min | eta=7.7 min
[2026-07-24 13:18:04] INFO Epoch 006 | train batch=350/1418 | elapsed=2.5 min | eta=7.7 min
[2026-07-24 13:18:08] INFO Epoch 006 | train batch=360/1418 | elapsed=2.6 min | eta=7.6 min
[2026-07-24 13:18:13] INFO Epoch 006 | train batch=370/1418 | elapsed=2.7 min | eta=7.5 min
[2026-07-24 13:18:17] INFO Epoch 006 | train batch=380/1418 | elapsed=2.7 min | eta=7.4 min
[2026-07-24 13:18:21] INFO Epoch 006 | train batch=390/1418 | elapsed=2.8 min | eta=7.4 min
[2026-07-24 13:18:25] INFO Epoch 006 | train batch=400/1418 | elapsed=2.9 min | eta=7.3 min
[2026-07-24 13:18:30] INFO Epoch 006 | train batch=410/1418 | elapsed=2.9 min | eta=7.2 min
[2026-07-24 13:18:34] INFO Epoch 006 | train batch=420/1418 | elapsed=3.0 min | eta=7.2 min
[2026-07-24 13:18:39] INFO Epoch 006 | train batch=430/1418 | elapsed=3.1 min | eta=7.1 min
[2026-07-24 13:18:43] INFO Epoch 006 | train batch=440/1418 | elapsed=3.2 min | eta=7.0 min
[2026-07-24 13:18:47] INFO Epoch 006 | train batch=450/1418 | elapsed=3.2 min | eta=7.0 min
[2026-07-24 13:18:52] INFO Epoch 006 | train batch=460/1418 | elapsed=3.3 min | eta=6.9 min
[2026-07-24 13:18:56] INFO Epoch 006 | train batch=470/1418 | elapsed=3.4 min | eta=6.8 min
[2026-07-24 13:19:00] INFO Epoch 006 | train batch=480/1418 | elapsed=3.5 min | eta=6.7 min
[2026-07-24 13:19:05] INFO Epoch 006 | train batch=490/1418 | elapsed=3.5 min | eta=6.7 min
[2026-07-24 13:19:09] INFO Epoch 006 | train batch=500/1418 | elapsed=3.6 min | eta=6.6 min
[2026-07-24 13:19:13] INFO Epoch 006 | train batch=510/1418 | elapsed=3.7 min | eta=6.5 min
[2026-07-24 13:19:17] INFO Epoch 006 | train batch=520/1418 | elapsed=3.7 min | eta=6.4 min
[2026-07-24 13:19:22] INFO Epoch 006 | train batch=530/1418 | elapsed=3.8 min | eta=6.4 min
[2026-07-24 13:19:26] INFO Epoch 006 | train batch=540/1418 | elapsed=3.9 min | eta=6.3 min
[2026-07-24 13:19:30] INFO Epoch 006 | train batch=550/1418 | elapsed=4.0 min | eta=6.2 min
[2026-07-24 13:19:35] INFO Epoch 006 | train batch=560/1418 | elapsed=4.0 min | eta=6.2 min
[2026-07-24 13:19:39] INFO Epoch 006 | train batch=570/1418 | elapsed=4.1 min | eta=6.1 min
[2026-07-24 13:19:44] INFO Epoch 006 | train batch=580/1418 | elapsed=4.2 min | eta=6.0 min
[2026-07-24 13:19:48] INFO Epoch 006 | train batch=590/1418 | elapsed=4.2 min | eta=6.0 min
[2026-07-24 13:19:52] INFO Epoch 006 | train batch=600/1418 | elapsed=4.3 min | eta=5.9 min
[2026-07-24 13:19:56] INFO Epoch 006 | train batch=610/1418 | elapsed=4.4 min | eta=5.8 min
[2026-07-24 13:20:01] INFO Epoch 006 | train batch=620/1418 | elapsed=4.5 min | eta=5.7 min
[2026-07-24 13:20:06] INFO Epoch 006 | train batch=630/1418 | elapsed=4.5 min | eta=5.7 min
[2026-07-24 13:20:10] INFO Epoch 006 | train batch=640/1418 | elapsed=4.6 min | eta=5.6 min
[2026-07-24 13:20:14] INFO Epoch 006 | train batch=650/1418 | elapsed=4.7 min | eta=5.5 min
[2026-07-24 13:20:18] INFO Epoch 006 | train batch=660/1418 | elapsed=4.8 min | eta=5.5 min
[2026-07-24 13:20:23] INFO Epoch 006 | train batch=670/1418 | elapsed=4.8 min | eta=5.4 min
[2026-07-24 13:20:27] INFO Epoch 006 | train batch=680/1418 | elapsed=4.9 min | eta=5.3 min
[2026-07-24 13:20:31] INFO Epoch 006 | train batch=690/1418 | elapsed=5.0 min | eta=5.2 min
[2026-07-24 13:20:35] INFO Epoch 006 | train batch=700/1418 | elapsed=5.0 min | eta=5.2 min
[2026-07-24 13:20:40] INFO Epoch 006 | train batch=710/1418 | elapsed=5.1 min | eta=5.1 min
[2026-07-24 13:20:44] INFO Epoch 006 | train batch=720/1418 | elapsed=5.2 min | eta=5.0 min
[2026-07-24 13:20:48] INFO Epoch 006 | train batch=730/1418 | elapsed=5.2 min | eta=4.9 min
[2026-07-24 13:20:53] INFO Epoch 006 | train batch=740/1418 | elapsed=5.3 min | eta=4.9 min
[2026-07-24 13:20:57] INFO Epoch 006 | train batch=750/1418 | elapsed=5.4 min | eta=4.8 min
[2026-07-24 13:21:02] INFO Epoch 006 | train batch=760/1418 | elapsed=5.5 min | eta=4.7 min
[2026-07-24 13:21:06] INFO Epoch 006 | train batch=770/1418 | elapsed=5.5 min | eta=4.7 min
[2026-07-24 13:21:11] INFO Epoch 006 | train batch=780/1418 | elapsed=5.6 min | eta=4.6 min
[2026-07-24 13:21:15] INFO Epoch 006 | train batch=790/1418 | elapsed=5.7 min | eta=4.5 min
[2026-07-24 13:21:19] INFO Epoch 006 | train batch=800/1418 | elapsed=5.8 min | eta=4.5 min
[2026-07-24 13:21:24] INFO Epoch 006 | train batch=810/1418 | elapsed=5.8 min | eta=4.4 min
[2026-07-24 13:21:28] INFO Epoch 006 | train batch=820/1418 | elapsed=5.9 min | eta=4.3 min
[2026-07-24 13:21:32] INFO Epoch 006 | train batch=830/1418 | elapsed=6.0 min | eta=4.2 min
[2026-07-24 13:21:37] INFO Epoch 006 | train batch=840/1418 | elapsed=6.1 min | eta=4.2 min
[2026-07-24 13:21:41] INFO Epoch 006 | train batch=850/1418 | elapsed=6.1 min | eta=4.1 min
[2026-07-24 13:21:46] INFO Epoch 006 | train batch=860/1418 | elapsed=6.2 min | eta=4.0 min
[2026-07-24 13:21:50] INFO Epoch 006 | train batch=870/1418 | elapsed=6.3 min | eta=4.0 min
[2026-07-24 13:21:55] INFO Epoch 006 | train batch=880/1418 | elapsed=6.4 min | eta=3.9 min
[2026-07-24 13:21:59] INFO Epoch 006 | train batch=890/1418 | elapsed=6.4 min | eta=3.8 min
[2026-07-24 13:22:03] INFO Epoch 006 | train batch=900/1418 | elapsed=6.5 min | eta=3.7 min
[2026-07-24 13:22:07] INFO Epoch 006 | train batch=910/1418 | elapsed=6.6 min | eta=3.7 min
[2026-07-24 13:22:12] INFO Epoch 006 | train batch=920/1418 | elapsed=6.6 min | eta=3.6 min
[2026-07-24 13:22:16] INFO Epoch 006 | train batch=930/1418 | elapsed=6.7 min | eta=3.5 min
[2026-07-24 13:22:20] INFO Epoch 006 | train batch=940/1418 | elapsed=6.8 min | eta=3.4 min
[2026-07-24 13:22:24] INFO Epoch 006 | train batch=950/1418 | elapsed=6.8 min | eta=3.4 min
[2026-07-24 13:22:28] INFO Epoch 006 | train batch=960/1418 | elapsed=6.9 min | eta=3.3 min
[2026-07-24 13:22:32] INFO Epoch 006 | train batch=970/1418 | elapsed=7.0 min | eta=3.2 min
[2026-07-24 13:22:36] INFO Epoch 006 | train batch=980/1418 | elapsed=7.1 min | eta=3.2 min
[2026-07-24 13:22:40] INFO Epoch 006 | train batch=990/1418 | elapsed=7.1 min | eta=3.1 min
[2026-07-24 13:22:45] INFO Epoch 006 | train batch=1000/1418 | elapsed=7.2 min | eta=3.0 min
[2026-07-24 13:22:49] INFO Epoch 006 | train batch=1010/1418 | elapsed=7.3 min | eta=2.9 min
[2026-07-24 13:22:54] INFO Epoch 006 | train batch=1020/1418 | elapsed=7.3 min | eta=2.9 min
[2026-07-24 13:22:58] INFO Epoch 006 | train batch=1030/1418 | elapsed=7.4 min | eta=2.8 min
[2026-07-24 13:23:02] INFO Epoch 006 | train batch=1040/1418 | elapsed=7.5 min | eta=2.7 min
[2026-07-24 13:23:07] INFO Epoch 006 | train batch=1050/1418 | elapsed=7.6 min | eta=2.6 min
[2026-07-24 13:23:11] INFO Epoch 006 | train batch=1060/1418 | elapsed=7.6 min | eta=2.6 min
[2026-07-24 13:23:15] INFO Epoch 006 | train batch=1070/1418 | elapsed=7.7 min | eta=2.5 min
[2026-07-24 13:23:19] INFO Epoch 006 | train batch=1080/1418 | elapsed=7.8 min | eta=2.4 min
[2026-07-24 13:23:23] INFO Epoch 006 | train batch=1090/1418 | elapsed=7.8 min | eta=2.4 min
[2026-07-24 13:23:28] INFO Epoch 006 | train batch=1100/1418 | elapsed=7.9 min | eta=2.3 min
[2026-07-24 13:23:32] INFO Epoch 006 | train batch=1110/1418 | elapsed=8.0 min | eta=2.2 min
[2026-07-24 13:23:36] INFO Epoch 006 | train batch=1120/1418 | elapsed=8.0 min | eta=2.1 min
[2026-07-24 13:23:41] INFO Epoch 006 | train batch=1130/1418 | elapsed=8.1 min | eta=2.1 min
[2026-07-24 13:23:45] INFO Epoch 006 | train batch=1140/1418 | elapsed=8.2 min | eta=2.0 min
[2026-07-24 13:23:50] INFO Epoch 006 | train batch=1150/1418 | elapsed=8.3 min | eta=1.9 min
[2026-07-24 13:23:54] INFO Epoch 006 | train batch=1160/1418 | elapsed=8.3 min | eta=1.9 min
[2026-07-24 13:23:58] INFO Epoch 006 | train batch=1170/1418 | elapsed=8.4 min | eta=1.8 min
[2026-07-24 13:24:02] INFO Epoch 006 | train batch=1180/1418 | elapsed=8.5 min | eta=1.7 min
[2026-07-24 13:24:07] INFO Epoch 006 | train batch=1190/1418 | elapsed=8.6 min | eta=1.6 min
[2026-07-24 13:24:11] INFO Epoch 006 | train batch=1200/1418 | elapsed=8.6 min | eta=1.6 min
[2026-07-24 13:24:15] INFO Epoch 006 | train batch=1210/1418 | elapsed=8.7 min | eta=1.5 min
[2026-07-24 13:24:20] INFO Epoch 006 | train batch=1220/1418 | elapsed=8.8 min | eta=1.4 min
[2026-07-24 13:24:24] INFO Epoch 006 | train batch=1230/1418 | elapsed=8.9 min | eta=1.4 min
[2026-07-24 13:24:28] INFO Epoch 006 | train batch=1240/1418 | elapsed=8.9 min | eta=1.3 min
[2026-07-24 13:24:33] INFO Epoch 006 | train batch=1250/1418 | elapsed=9.0 min | eta=1.2 min
[2026-07-24 13:24:37] INFO Epoch 006 | train batch=1260/1418 | elapsed=9.1 min | eta=1.1 min
[2026-07-24 13:24:42] INFO Epoch 006 | train batch=1270/1418 | elapsed=9.1 min | eta=1.1 min
[2026-07-24 13:24:47] INFO Epoch 006 | train batch=1280/1418 | elapsed=9.2 min | eta=1.0 min
[2026-07-24 13:24:51] INFO Epoch 006 | train batch=1290/1418 | elapsed=9.3 min | eta=0.9 min
[2026-07-24 13:24:55] INFO Epoch 006 | train batch=1300/1418 | elapsed=9.4 min | eta=0.8 min
[2026-07-24 13:24:59] INFO Epoch 006 | train batch=1310/1418 | elapsed=9.4 min | eta=0.8 min
[2026-07-24 13:25:04] INFO Epoch 006 | train batch=1320/1418 | elapsed=9.5 min | eta=0.7 min
[2026-07-24 13:25:08] INFO Epoch 006 | train batch=1330/1418 | elapsed=9.6 min | eta=0.6 min
[2026-07-24 13:25:12] INFO Epoch 006 | train batch=1340/1418 | elapsed=9.7 min | eta=0.6 min
[2026-07-24 13:25:17] INFO Epoch 006 | train batch=1350/1418 | elapsed=9.7 min | eta=0.5 min
[2026-07-24 13:25:21] INFO Epoch 006 | train batch=1360/1418 | elapsed=9.8 min | eta=0.4 min
[2026-07-24 13:25:25] INFO Epoch 006 | train batch=1370/1418 | elapsed=9.9 min | eta=0.3 min
[2026-07-24 13:25:29] INFO Epoch 006 | train batch=1380/1418 | elapsed=9.9 min | eta=0.3 min
[2026-07-24 13:25:33] INFO Epoch 006 | train batch=1390/1418 | elapsed=10.0 min | eta=0.2 min
[2026-07-24 13:25:38] INFO Epoch 006 | train batch=1400/1418 | elapsed=10.1 min | eta=0.1 min
[2026-07-24 13:25:42] INFO Epoch 006 | train batch=1410/1418 | elapsed=10.1 min | eta=0.1 min
[2026-07-24 13:25:45] INFO Epoch 006 | train batch=1418/1418 | elapsed=10.2 min | eta=0.0 min
[2026-07-24 13:25:45] INFO Epoch 006 | val batch=1/188 | elapsed=0.0 min | eta=0.4 min
[2026-07-24 13:25:47] INFO Epoch 006 | val batch=10/188 | elapsed=0.0 min | eta=0.6 min
[2026-07-24 13:25:49] INFO Epoch 006 | val batch=20/188 | elapsed=0.1 min | eta=0.5 min
[2026-07-24 13:25:51] INFO Epoch 006 | val batch=30/188 | elapsed=0.1 min | eta=0.5 min
[2026-07-24 13:25:52] INFO Epoch 006 | val batch=40/188 | elapsed=0.1 min | eta=0.5 min
[2026-07-24 13:25:54] INFO Epoch 006 | val batch=50/188 | elapsed=0.2 min | eta=0.4 min
[2026-07-24 13:25:56] INFO Epoch 006 | val batch=60/188 | elapsed=0.2 min | eta=0.4 min
[2026-07-24 13:25:58] INFO Epoch 006 | val batch=70/188 | elapsed=0.2 min | eta=0.4 min
[2026-07-24 13:26:00] INFO Epoch 006 | val batch=80/188 | elapsed=0.2 min | eta=0.3 min
[2026-07-24 13:26:02] INFO Epoch 006 | val batch=90/188 | elapsed=0.3 min | eta=0.3 min
[2026-07-24 13:26:04] INFO Epoch 006 | val batch=100/188 | elapsed=0.3 min | eta=0.3 min
[2026-07-24 13:26:06] INFO Epoch 006 | val batch=110/188 | elapsed=0.3 min | eta=0.2 min
[2026-07-24 13:26:08] INFO Epoch 006 | val batch=120/188 | elapsed=0.4 min | eta=0.2 min
[2026-07-24 13:26:09] INFO Epoch 006 | val batch=130/188 | elapsed=0.4 min | eta=0.2 min
[2026-07-24 13:26:11] INFO Epoch 006 | val batch=140/188 | elapsed=0.4 min | eta=0.2 min
[2026-07-24 13:26:13] INFO Epoch 006 | val batch=150/188 | elapsed=0.5 min | eta=0.1 min
[2026-07-24 13:26:15] INFO Epoch 006 | val batch=160/188 | elapsed=0.5 min | eta=0.1 min
[2026-07-24 13:26:17] INFO Epoch 006 | val batch=170/188 | elapsed=0.5 min | eta=0.1 min
[2026-07-24 13:26:19] INFO Epoch 006 | val batch=180/188 | elapsed=0.6 min | eta=0.0 min
[2026-07-24 13:26:20] INFO Epoch 006 | val batch=188/188 | elapsed=0.6 min | eta=0.0 min
[2026-07-24 13:26:20] INFO Epoch 006 | train_total=0.475877 | val_total=0.448794 | val_mask=0.238200 | val_retrieval=2.105942 | val_anchors=611264 | val_positive_pairs=0 | val_hard_negatives=0 | val_relation_candidates=7439984 | val_teacher_keff=3.904 | val_student_keff=7.176 | val_masked_positions=42176649 | skipped(train/val)=0/0
[2026-07-24 13:26:20] INFO Checkpoint updated | epoch=6 | best_val=0.448794 | path=C:\Users\clw\projects\researchRep\STAnchor-BlockMemory\artifacts\metrla_e3_relation_seed42\pretrain_best.pt
[2026-07-24 13:26:20] INFO Relation checkpoint updated | epoch=6 | best_val_relation=2.105942 | path=C:\Users\clw\projects\researchRep\STAnchor-BlockMemory\artifacts\metrla_e3_relation_seed42\pretrain_best_relation.pt
[2026-07-24 13:26:20] INFO Epoch 007/050 started | train_batches=1418 | val_batches=188
[2026-07-24 13:26:21] INFO Epoch 007 | train batch=1/1418 | elapsed=0.0 min | eta=11.5 min
[2026-07-24 13:26:25] INFO Epoch 007 | train batch=10/1418 | elapsed=0.1 min | eta=11.1 min
[2026-07-24 13:26:29] INFO Epoch 007 | train batch=20/1418 | elapsed=0.2 min | eta=10.9 min
[2026-07-24 13:26:34] INFO Epoch 007 | train batch=30/1418 | elapsed=0.2 min | eta=10.7 min
[2026-07-24 13:26:38] INFO Epoch 007 | train batch=40/1418 | elapsed=0.3 min | eta=10.4 min
[2026-07-24 13:26:42] INFO Epoch 007 | train batch=50/1418 | elapsed=0.4 min | eta=10.1 min
[2026-07-24 13:26:47] INFO Epoch 007 | train batch=60/1418 | elapsed=0.4 min | eta=10.1 min
[2026-07-24 13:26:51] INFO Epoch 007 | train batch=70/1418 | elapsed=0.5 min | eta=10.0 min
[2026-07-24 13:26:55] INFO Epoch 007 | train batch=80/1418 | elapsed=0.6 min | eta=9.8 min
[2026-07-24 13:27:00] INFO Epoch 007 | train batch=90/1418 | elapsed=0.7 min | eta=9.7 min
[2026-07-24 13:27:04] INFO Epoch 007 | train batch=100/1418 | elapsed=0.7 min | eta=9.6 min
[2026-07-24 13:27:08] INFO Epoch 007 | train batch=110/1418 | elapsed=0.8 min | eta=9.5 min
[2026-07-24 13:27:13] INFO Epoch 007 | train batch=120/1418 | elapsed=0.9 min | eta=9.5 min
[2026-07-24 13:27:17] INFO Epoch 007 | train batch=130/1418 | elapsed=0.9 min | eta=9.3 min
[2026-07-24 13:27:21] INFO Epoch 007 | train batch=140/1418 | elapsed=1.0 min | eta=9.3 min
[2026-07-24 13:27:25] INFO Epoch 007 | train batch=150/1418 | elapsed=1.1 min | eta=9.2 min
[2026-07-24 13:27:30] INFO Epoch 007 | train batch=160/1418 | elapsed=1.2 min | eta=9.1 min
[2026-07-24 13:27:34] INFO Epoch 007 | train batch=170/1418 | elapsed=1.2 min | eta=9.0 min
[2026-07-24 13:27:38] INFO Epoch 007 | train batch=180/1418 | elapsed=1.3 min | eta=9.0 min
[2026-07-24 13:27:43] INFO Epoch 007 | train batch=190/1418 | elapsed=1.4 min | eta=8.9 min
[2026-07-24 13:27:47] INFO Epoch 007 | train batch=200/1418 | elapsed=1.4 min | eta=8.8 min
[2026-07-24 13:27:51] INFO Epoch 007 | train batch=210/1418 | elapsed=1.5 min | eta=8.7 min
[2026-07-24 13:27:55] INFO Epoch 007 | train batch=220/1418 | elapsed=1.6 min | eta=8.6 min
[2026-07-24 13:27:59] INFO Epoch 007 | train batch=230/1418 | elapsed=1.7 min | eta=8.5 min
[2026-07-24 13:28:04] INFO Epoch 007 | train batch=240/1418 | elapsed=1.7 min | eta=8.5 min
[2026-07-24 13:28:08] INFO Epoch 007 | train batch=250/1418 | elapsed=1.8 min | eta=8.4 min
[2026-07-24 13:28:12] INFO Epoch 007 | train batch=260/1418 | elapsed=1.9 min | eta=8.3 min
[2026-07-24 13:28:16] INFO Epoch 007 | train batch=270/1418 | elapsed=1.9 min | eta=8.2 min
[2026-07-24 13:28:21] INFO Epoch 007 | train batch=280/1418 | elapsed=2.0 min | eta=8.2 min
[2026-07-24 13:28:25] INFO Epoch 007 | train batch=290/1418 | elapsed=2.1 min | eta=8.1 min
[2026-07-24 13:28:30] INFO Epoch 007 | train batch=300/1418 | elapsed=2.2 min | eta=8.0 min
[2026-07-24 13:28:34] INFO Epoch 007 | train batch=310/1418 | elapsed=2.2 min | eta=8.0 min
[2026-07-24 13:28:38] INFO Epoch 007 | train batch=320/1418 | elapsed=2.3 min | eta=7.9 min
[2026-07-24 13:28:43] INFO Epoch 007 | train batch=330/1418 | elapsed=2.4 min | eta=7.8 min
[2026-07-24 13:28:47] INFO Epoch 007 | train batch=340/1418 | elapsed=2.4 min | eta=7.8 min
[2026-07-24 13:28:51] INFO Epoch 007 | train batch=350/1418 | elapsed=2.5 min | eta=7.7 min
[2026-07-24 13:28:56] INFO Epoch 007 | train batch=360/1418 | elapsed=2.6 min | eta=7.6 min
[2026-07-24 13:29:00] INFO Epoch 007 | train batch=370/1418 | elapsed=2.7 min | eta=7.5 min
[2026-07-24 13:29:04] INFO Epoch 007 | train batch=380/1418 | elapsed=2.7 min | eta=7.5 min
[2026-07-24 13:29:08] INFO Epoch 007 | train batch=390/1418 | elapsed=2.8 min | eta=7.4 min
[2026-07-24 13:29:12] INFO Epoch 007 | train batch=400/1418 | elapsed=2.9 min | eta=7.3 min
[2026-07-24 13:29:16] INFO Epoch 007 | train batch=410/1418 | elapsed=2.9 min | eta=7.2 min
[2026-07-24 13:29:21] INFO Epoch 007 | train batch=420/1418 | elapsed=3.0 min | eta=7.2 min
[2026-07-24 13:29:25] INFO Epoch 007 | train batch=430/1418 | elapsed=3.1 min | eta=7.1 min
[2026-07-24 13:29:29] INFO Epoch 007 | train batch=440/1418 | elapsed=3.2 min | eta=7.0 min
[2026-07-24 13:29:33] INFO Epoch 007 | train batch=450/1418 | elapsed=3.2 min | eta=6.9 min
[2026-07-24 13:29:37] INFO Epoch 007 | train batch=460/1418 | elapsed=3.3 min | eta=6.8 min
[2026-07-24 13:29:42] INFO Epoch 007 | train batch=470/1418 | elapsed=3.4 min | eta=6.8 min
[2026-07-24 13:29:46] INFO Epoch 007 | train batch=480/1418 | elapsed=3.4 min | eta=6.7 min
[2026-07-24 13:29:51] INFO Epoch 007 | train batch=490/1418 | elapsed=3.5 min | eta=6.6 min
[2026-07-24 13:29:55] INFO Epoch 007 | train batch=500/1418 | elapsed=3.6 min | eta=6.6 min
[2026-07-24 13:29:59] INFO Epoch 007 | train batch=510/1418 | elapsed=3.7 min | eta=6.5 min
[2026-07-24 13:30:04] INFO Epoch 007 | train batch=520/1418 | elapsed=3.7 min | eta=6.4 min
[2026-07-24 13:30:08] INFO Epoch 007 | train batch=530/1418 | elapsed=3.8 min | eta=6.4 min
[2026-07-24 13:30:13] INFO Epoch 007 | train batch=540/1418 | elapsed=3.9 min | eta=6.3 min
[2026-07-24 13:30:17] INFO Epoch 007 | train batch=550/1418 | elapsed=3.9 min | eta=6.2 min
[2026-07-24 13:30:21] INFO Epoch 007 | train batch=560/1418 | elapsed=4.0 min | eta=6.2 min
[2026-07-24 13:30:25] INFO Epoch 007 | train batch=570/1418 | elapsed=4.1 min | eta=6.1 min
[2026-07-24 13:30:30] INFO Epoch 007 | train batch=580/1418 | elapsed=4.2 min | eta=6.0 min
[2026-07-24 13:30:35] INFO Epoch 007 | train batch=590/1418 | elapsed=4.2 min | eta=6.0 min
[2026-07-24 13:30:39] INFO Epoch 007 | train batch=600/1418 | elapsed=4.3 min | eta=5.9 min
[2026-07-24 13:30:43] INFO Epoch 007 | train batch=610/1418 | elapsed=4.4 min | eta=5.8 min
[2026-07-24 13:30:48] INFO Epoch 007 | train batch=620/1418 | elapsed=4.5 min | eta=5.7 min
[2026-07-24 13:30:52] INFO Epoch 007 | train batch=630/1418 | elapsed=4.5 min | eta=5.7 min
[2026-07-24 13:30:56] INFO Epoch 007 | train batch=640/1418 | elapsed=4.6 min | eta=5.6 min
[2026-07-24 13:31:01] INFO Epoch 007 | train batch=650/1418 | elapsed=4.7 min | eta=5.5 min
[2026-07-24 13:31:05] INFO Epoch 007 | train batch=660/1418 | elapsed=4.8 min | eta=5.5 min
[2026-07-24 13:31:09] INFO Epoch 007 | train batch=670/1418 | elapsed=4.8 min | eta=5.4 min
[2026-07-24 13:31:13] INFO Epoch 007 | train batch=680/1418 | elapsed=4.9 min | eta=5.3 min
[2026-07-24 13:31:18] INFO Epoch 007 | train batch=690/1418 | elapsed=5.0 min | eta=5.2 min
[2026-07-24 13:31:22] INFO Epoch 007 | train batch=700/1418 | elapsed=5.0 min | eta=5.2 min
[2026-07-24 13:31:27] INFO Epoch 007 | train batch=710/1418 | elapsed=5.1 min | eta=5.1 min
[2026-07-24 13:31:31] INFO Epoch 007 | train batch=720/1418 | elapsed=5.2 min | eta=5.0 min
[2026-07-24 13:31:36] INFO Epoch 007 | train batch=730/1418 | elapsed=5.3 min | eta=5.0 min
[2026-07-24 13:31:40] INFO Epoch 007 | train batch=740/1418 | elapsed=5.3 min | eta=4.9 min
[2026-07-24 13:31:45] INFO Epoch 007 | train batch=750/1418 | elapsed=5.4 min | eta=4.8 min
[2026-07-24 13:31:49] INFO Epoch 007 | train batch=760/1418 | elapsed=5.5 min | eta=4.7 min
[2026-07-24 13:31:53] INFO Epoch 007 | train batch=770/1418 | elapsed=5.6 min | eta=4.7 min
[2026-07-24 13:31:58] INFO Epoch 007 | train batch=780/1418 | elapsed=5.6 min | eta=4.6 min
[2026-07-24 13:32:02] INFO Epoch 007 | train batch=790/1418 | elapsed=5.7 min | eta=4.5 min
[2026-07-24 13:32:06] INFO Epoch 007 | train batch=800/1418 | elapsed=5.8 min | eta=4.5 min
[2026-07-24 13:32:11] INFO Epoch 007 | train batch=810/1418 | elapsed=5.8 min | eta=4.4 min
[2026-07-24 13:32:15] INFO Epoch 007 | train batch=820/1418 | elapsed=5.9 min | eta=4.3 min
[2026-07-24 13:32:20] INFO Epoch 007 | train batch=830/1418 | elapsed=6.0 min | eta=4.2 min
[2026-07-24 13:32:24] INFO Epoch 007 | train batch=840/1418 | elapsed=6.1 min | eta=4.2 min
[2026-07-24 13:32:28] INFO Epoch 007 | train batch=850/1418 | elapsed=6.1 min | eta=4.1 min
[2026-07-24 13:32:32] INFO Epoch 007 | train batch=860/1418 | elapsed=6.2 min | eta=4.0 min
[2026-07-24 13:32:37] INFO Epoch 007 | train batch=870/1418 | elapsed=6.3 min | eta=4.0 min
[2026-07-24 13:32:41] INFO Epoch 007 | train batch=880/1418 | elapsed=6.4 min | eta=3.9 min
[2026-07-24 13:32:46] INFO Epoch 007 | train batch=890/1418 | elapsed=6.4 min | eta=3.8 min
[2026-07-24 13:32:50] INFO Epoch 007 | train batch=900/1418 | elapsed=6.5 min | eta=3.7 min
[2026-07-24 13:32:54] INFO Epoch 007 | train batch=910/1418 | elapsed=6.6 min | eta=3.7 min
[2026-07-24 13:32:59] INFO Epoch 007 | train batch=920/1418 | elapsed=6.6 min | eta=3.6 min
[2026-07-24 13:33:03] INFO Epoch 007 | train batch=930/1418 | elapsed=6.7 min | eta=3.5 min
[2026-07-24 13:33:07] INFO Epoch 007 | train batch=940/1418 | elapsed=6.8 min | eta=3.5 min
[2026-07-24 13:33:12] INFO Epoch 007 | train batch=950/1418 | elapsed=6.9 min | eta=3.4 min
[2026-07-24 13:33:17] INFO Epoch 007 | train batch=960/1418 | elapsed=6.9 min | eta=3.3 min
[2026-07-24 13:33:21] INFO Epoch 007 | train batch=970/1418 | elapsed=7.0 min | eta=3.2 min
[2026-07-24 13:33:26] INFO Epoch 007 | train batch=980/1418 | elapsed=7.1 min | eta=3.2 min
[2026-07-24 13:33:30] INFO Epoch 007 | train batch=990/1418 | elapsed=7.2 min | eta=3.1 min
[2026-07-24 13:33:34] INFO Epoch 007 | train batch=1000/1418 | elapsed=7.2 min | eta=3.0 min
[2026-07-24 13:33:39] INFO Epoch 007 | train batch=1010/1418 | elapsed=7.3 min | eta=3.0 min
[2026-07-24 13:33:43] INFO Epoch 007 | train batch=1020/1418 | elapsed=7.4 min | eta=2.9 min
[2026-07-24 13:33:48] INFO Epoch 007 | train batch=1030/1418 | elapsed=7.5 min | eta=2.8 min
[2026-07-24 13:33:52] INFO Epoch 007 | train batch=1040/1418 | elapsed=7.5 min | eta=2.7 min
[2026-07-24 13:33:56] INFO Epoch 007 | train batch=1050/1418 | elapsed=7.6 min | eta=2.7 min
[2026-07-24 13:34:00] INFO Epoch 007 | train batch=1060/1418 | elapsed=7.7 min | eta=2.6 min
[2026-07-24 13:34:04] INFO Epoch 007 | train batch=1070/1418 | elapsed=7.7 min | eta=2.5 min
[2026-07-24 13:34:09] INFO Epoch 007 | train batch=1080/1418 | elapsed=7.8 min | eta=2.4 min
[2026-07-24 13:34:13] INFO Epoch 007 | train batch=1090/1418 | elapsed=7.9 min | eta=2.4 min
[2026-07-24 13:34:17] INFO Epoch 007 | train batch=1100/1418 | elapsed=8.0 min | eta=2.3 min
[2026-07-24 13:34:22] INFO Epoch 007 | train batch=1110/1418 | elapsed=8.0 min | eta=2.2 min
[2026-07-24 13:34:27] INFO Epoch 007 | train batch=1120/1418 | elapsed=8.1 min | eta=2.2 min
[2026-07-24 13:34:31] INFO Epoch 007 | train batch=1130/1418 | elapsed=8.2 min | eta=2.1 min
[2026-07-24 13:34:35] INFO Epoch 007 | train batch=1140/1418 | elapsed=8.3 min | eta=2.0 min
[2026-07-24 13:34:40] INFO Epoch 007 | train batch=1150/1418 | elapsed=8.3 min | eta=1.9 min
[2026-07-24 13:34:44] INFO Epoch 007 | train batch=1160/1418 | elapsed=8.4 min | eta=1.9 min
[2026-07-24 13:34:48] INFO Epoch 007 | train batch=1170/1418 | elapsed=8.5 min | eta=1.8 min
[2026-07-24 13:34:52] INFO Epoch 007 | train batch=1180/1418 | elapsed=8.5 min | eta=1.7 min
[2026-07-24 13:34:57] INFO Epoch 007 | train batch=1190/1418 | elapsed=8.6 min | eta=1.6 min
[2026-07-24 13:35:01] INFO Epoch 007 | train batch=1200/1418 | elapsed=8.7 min | eta=1.6 min
[2026-07-24 13:35:05] INFO Epoch 007 | train batch=1210/1418 | elapsed=8.8 min | eta=1.5 min
[2026-07-24 13:35:10] INFO Epoch 007 | train batch=1220/1418 | elapsed=8.8 min | eta=1.4 min
[2026-07-24 13:35:14] INFO Epoch 007 | train batch=1230/1418 | elapsed=8.9 min | eta=1.4 min
[2026-07-24 13:35:19] INFO Epoch 007 | train batch=1240/1418 | elapsed=9.0 min | eta=1.3 min
[2026-07-24 13:35:23] INFO Epoch 007 | train batch=1250/1418 | elapsed=9.0 min | eta=1.2 min
[2026-07-24 13:35:27] INFO Epoch 007 | train batch=1260/1418 | elapsed=9.1 min | eta=1.1 min
[2026-07-24 13:35:32] INFO Epoch 007 | train batch=1270/1418 | elapsed=9.2 min | eta=1.1 min
[2026-07-24 13:35:36] INFO Epoch 007 | train batch=1280/1418 | elapsed=9.3 min | eta=1.0 min
[2026-07-24 13:35:40] INFO Epoch 007 | train batch=1290/1418 | elapsed=9.3 min | eta=0.9 min
[2026-07-24 13:35:44] INFO Epoch 007 | train batch=1300/1418 | elapsed=9.4 min | eta=0.9 min
[2026-07-24 13:35:48] INFO Epoch 007 | train batch=1310/1418 | elapsed=9.5 min | eta=0.8 min
[2026-07-24 13:35:53] INFO Epoch 007 | train batch=1320/1418 | elapsed=9.5 min | eta=0.7 min
[2026-07-24 13:35:57] INFO Epoch 007 | train batch=1330/1418 | elapsed=9.6 min | eta=0.6 min
[2026-07-24 13:36:01] INFO Epoch 007 | train batch=1340/1418 | elapsed=9.7 min | eta=0.6 min
[2026-07-24 13:36:05] INFO Epoch 007 | train batch=1350/1418 | elapsed=9.8 min | eta=0.5 min
[2026-07-24 13:36:10] INFO Epoch 007 | train batch=1360/1418 | elapsed=9.8 min | eta=0.4 min
[2026-07-24 13:36:14] INFO Epoch 007 | train batch=1370/1418 | elapsed=9.9 min | eta=0.3 min
[2026-07-24 13:36:18] INFO Epoch 007 | train batch=1380/1418 | elapsed=10.0 min | eta=0.3 min
[2026-07-24 13:36:22] INFO Epoch 007 | train batch=1390/1418 | elapsed=10.0 min | eta=0.2 min
[2026-07-24 13:36:27] INFO Epoch 007 | train batch=1400/1418 | elapsed=10.1 min | eta=0.1 min
[2026-07-24 13:36:31] INFO Epoch 007 | train batch=1410/1418 | elapsed=10.2 min | eta=0.1 min
[2026-07-24 13:36:34] INFO Epoch 007 | train batch=1418/1418 | elapsed=10.2 min | eta=0.0 min
[2026-07-24 13:36:35] INFO Epoch 007 | val batch=1/188 | elapsed=0.0 min | eta=0.4 min
[2026-07-24 13:36:36] INFO Epoch 007 | val batch=10/188 | elapsed=0.0 min | eta=0.6 min
[2026-07-24 13:36:38] INFO Epoch 007 | val batch=20/188 | elapsed=0.1 min | eta=0.5 min
[2026-07-24 13:36:40] INFO Epoch 007 | val batch=30/188 | elapsed=0.1 min | eta=0.5 min
[2026-07-24 13:36:42] INFO Epoch 007 | val batch=40/188 | elapsed=0.1 min | eta=0.5 min
[2026-07-24 13:36:44] INFO Epoch 007 | val batch=50/188 | elapsed=0.2 min | eta=0.4 min
[2026-07-24 13:36:46] INFO Epoch 007 | val batch=60/188 | elapsed=0.2 min | eta=0.4 min
[2026-07-24 13:36:48] INFO Epoch 007 | val batch=70/188 | elapsed=0.2 min | eta=0.4 min
[2026-07-24 13:36:50] INFO Epoch 007 | val batch=80/188 | elapsed=0.3 min | eta=0.3 min
[2026-07-24 13:36:51] INFO Epoch 007 | val batch=90/188 | elapsed=0.3 min | eta=0.3 min
[2026-07-24 13:36:53] INFO Epoch 007 | val batch=100/188 | elapsed=0.3 min | eta=0.3 min
[2026-07-24 13:36:55] INFO Epoch 007 | val batch=110/188 | elapsed=0.3 min | eta=0.2 min
[2026-07-24 13:36:57] INFO Epoch 007 | val batch=120/188 | elapsed=0.4 min | eta=0.2 min
[2026-07-24 13:36:59] INFO Epoch 007 | val batch=130/188 | elapsed=0.4 min | eta=0.2 min
[2026-07-24 13:37:01] INFO Epoch 007 | val batch=140/188 | elapsed=0.4 min | eta=0.2 min
[2026-07-24 13:37:03] INFO Epoch 007 | val batch=150/188 | elapsed=0.5 min | eta=0.1 min
[2026-07-24 13:37:05] INFO Epoch 007 | val batch=160/188 | elapsed=0.5 min | eta=0.1 min
[2026-07-24 13:37:06] INFO Epoch 007 | val batch=170/188 | elapsed=0.5 min | eta=0.1 min
[2026-07-24 13:37:08] INFO Epoch 007 | val batch=180/188 | elapsed=0.6 min | eta=0.0 min
[2026-07-24 13:37:10] INFO Epoch 007 | val batch=188/188 | elapsed=0.6 min | eta=0.0 min
[2026-07-24 13:37:10] INFO Epoch 007 | train_total=0.508425 | val_total=0.456767 | val_mask=0.245223 | val_retrieval=2.115445 | val_anchors=611264 | val_positive_pairs=0 | val_hard_negatives=0 | val_relation_candidates=7439984 | val_teacher_keff=3.904 | val_student_keff=7.265 | val_masked_positions=42120865 | skipped(train/val)=0/0
[2026-07-24 13:37:10] INFO Epoch 008/050 started | train_batches=1418 | val_batches=188
[2026-07-24 13:37:10] INFO Epoch 008 | train batch=1/1418 | elapsed=0.0 min | eta=11.4 min
[2026-07-24 13:37:14] INFO Epoch 008 | train batch=10/1418 | elapsed=0.1 min | eta=9.8 min
[2026-07-24 13:37:18] INFO Epoch 008 | train batch=20/1418 | elapsed=0.1 min | eta=10.2 min
[2026-07-24 13:37:23] INFO Epoch 008 | train batch=30/1418 | elapsed=0.2 min | eta=10.1 min
[2026-07-24 13:37:27] INFO Epoch 008 | train batch=40/1418 | elapsed=0.3 min | eta=9.9 min
[2026-07-24 13:37:31] INFO Epoch 008 | train batch=50/1418 | elapsed=0.4 min | eta=9.8 min
[2026-07-24 13:37:36] INFO Epoch 008 | train batch=60/1418 | elapsed=0.4 min | eta=9.8 min
[2026-07-24 13:37:40] INFO Epoch 008 | train batch=70/1418 | elapsed=0.5 min | eta=9.7 min
[2026-07-24 13:37:44] INFO Epoch 008 | train batch=80/1418 | elapsed=0.6 min | eta=9.7 min
[2026-07-24 13:37:48] INFO Epoch 008 | train batch=90/1418 | elapsed=0.6 min | eta=9.5 min
[2026-07-24 13:37:53] INFO Epoch 008 | train batch=100/1418 | elapsed=0.7 min | eta=9.5 min
[2026-07-24 13:37:57] INFO Epoch 008 | train batch=110/1418 | elapsed=0.8 min | eta=9.4 min
[2026-07-24 13:38:01] INFO Epoch 008 | train batch=120/1418 | elapsed=0.9 min | eta=9.3 min
[2026-07-24 13:38:06] INFO Epoch 008 | train batch=130/1418 | elapsed=0.9 min | eta=9.3 min
[2026-07-24 13:38:10] INFO Epoch 008 | train batch=140/1418 | elapsed=1.0 min | eta=9.2 min
[2026-07-24 13:38:15] INFO Epoch 008 | train batch=150/1418 | elapsed=1.1 min | eta=9.2 min
[2026-07-24 13:38:19] INFO Epoch 008 | train batch=160/1418 | elapsed=1.2 min | eta=9.1 min
[2026-07-24 13:38:24] INFO Epoch 008 | train batch=170/1418 | elapsed=1.2 min | eta=9.0 min
[2026-07-24 13:38:28] INFO Epoch 008 | train batch=180/1418 | elapsed=1.3 min | eta=8.9 min
[2026-07-24 13:38:32] INFO Epoch 008 | train batch=190/1418 | elapsed=1.4 min | eta=8.8 min
[2026-07-24 13:38:36] INFO Epoch 008 | train batch=200/1418 | elapsed=1.4 min | eta=8.7 min
[2026-07-24 13:38:40] INFO Epoch 008 | train batch=210/1418 | elapsed=1.5 min | eta=8.6 min
[2026-07-24 13:38:44] INFO Epoch 008 | train batch=220/1418 | elapsed=1.6 min | eta=8.6 min
[2026-07-24 13:38:49] INFO Epoch 008 | train batch=230/1418 | elapsed=1.7 min | eta=8.5 min
[2026-07-24 13:38:53] INFO Epoch 008 | train batch=240/1418 | elapsed=1.7 min | eta=8.4 min
[2026-07-24 13:38:57] INFO Epoch 008 | train batch=250/1418 | elapsed=1.8 min | eta=8.4 min
[2026-07-24 13:39:02] INFO Epoch 008 | train batch=260/1418 | elapsed=1.9 min | eta=8.3 min
[2026-07-24 13:39:06] INFO Epoch 008 | train batch=270/1418 | elapsed=1.9 min | eta=8.2 min
[2026-07-24 13:39:10] INFO Epoch 008 | train batch=280/1418 | elapsed=2.0 min | eta=8.1 min
[2026-07-24 13:39:14] INFO Epoch 008 | train batch=290/1418 | elapsed=2.1 min | eta=8.1 min
[2026-07-24 13:39:18] INFO Epoch 008 | train batch=300/1418 | elapsed=2.1 min | eta=8.0 min
[2026-07-24 13:39:22] INFO Epoch 008 | train batch=310/1418 | elapsed=2.2 min | eta=7.9 min
[2026-07-24 13:39:27] INFO Epoch 008 | train batch=320/1418 | elapsed=2.3 min | eta=7.8 min
[2026-07-24 13:39:31] INFO Epoch 008 | train batch=330/1418 | elapsed=2.4 min | eta=7.8 min
[2026-07-24 13:39:36] INFO Epoch 008 | train batch=340/1418 | elapsed=2.4 min | eta=7.7 min
[2026-07-24 13:39:40] INFO Epoch 008 | train batch=350/1418 | elapsed=2.5 min | eta=7.7 min
[2026-07-24 13:39:45] INFO Epoch 008 | train batch=360/1418 | elapsed=2.6 min | eta=7.6 min
[2026-07-24 13:39:49] INFO Epoch 008 | train batch=370/1418 | elapsed=2.7 min | eta=7.5 min
[2026-07-24 13:39:54] INFO Epoch 008 | train batch=380/1418 | elapsed=2.7 min | eta=7.5 min
[2026-07-24 13:39:58] INFO Epoch 008 | train batch=390/1418 | elapsed=2.8 min | eta=7.4 min
[2026-07-24 13:40:02] INFO Epoch 008 | train batch=400/1418 | elapsed=2.9 min | eta=7.3 min
[2026-07-24 13:40:07] INFO Epoch 008 | train batch=410/1418 | elapsed=2.9 min | eta=7.2 min
[2026-07-24 13:40:11] INFO Epoch 008 | train batch=420/1418 | elapsed=3.0 min | eta=7.2 min
[2026-07-24 13:40:15] INFO Epoch 008 | train batch=430/1418 | elapsed=3.1 min | eta=7.1 min
[2026-07-24 13:40:20] INFO Epoch 008 | train batch=440/1418 | elapsed=3.2 min | eta=7.0 min
[2026-07-24 13:40:24] INFO Epoch 008 | train batch=450/1418 | elapsed=3.2 min | eta=7.0 min
[2026-07-24 13:40:29] INFO Epoch 008 | train batch=460/1418 | elapsed=3.3 min | eta=6.9 min
[2026-07-24 13:40:33] INFO Epoch 008 | train batch=470/1418 | elapsed=3.4 min | eta=6.8 min
[2026-07-24 13:40:37] INFO Epoch 008 | train batch=480/1418 | elapsed=3.5 min | eta=6.8 min
[2026-07-24 13:40:42] INFO Epoch 008 | train batch=490/1418 | elapsed=3.5 min | eta=6.7 min
[2026-07-24 13:40:46] INFO Epoch 008 | train batch=500/1418 | elapsed=3.6 min | eta=6.6 min
[2026-07-24 13:40:50] INFO Epoch 008 | train batch=510/1418 | elapsed=3.7 min | eta=6.6 min
[2026-07-24 13:40:55] INFO Epoch 008 | train batch=520/1418 | elapsed=3.8 min | eta=6.5 min
[2026-07-24 13:40:59] INFO Epoch 008 | train batch=530/1418 | elapsed=3.8 min | eta=6.4 min
[2026-07-24 13:41:03] INFO Epoch 008 | train batch=540/1418 | elapsed=3.9 min | eta=6.3 min
[2026-07-24 13:41:07] INFO Epoch 008 | train batch=550/1418 | elapsed=4.0 min | eta=6.3 min
[2026-07-24 13:41:12] INFO Epoch 008 | train batch=560/1418 | elapsed=4.0 min | eta=6.2 min
[2026-07-24 13:41:16] INFO Epoch 008 | train batch=570/1418 | elapsed=4.1 min | eta=6.1 min
[2026-07-24 13:41:20] INFO Epoch 008 | train batch=580/1418 | elapsed=4.2 min | eta=6.0 min
[2026-07-24 13:41:25] INFO Epoch 008 | train batch=590/1418 | elapsed=4.2 min | eta=6.0 min
[2026-07-24 13:41:29] INFO Epoch 008 | train batch=600/1418 | elapsed=4.3 min | eta=5.9 min
[2026-07-24 13:41:33] INFO Epoch 008 | train batch=610/1418 | elapsed=4.4 min | eta=5.8 min
[2026-07-24 13:41:37] INFO Epoch 008 | train batch=620/1418 | elapsed=4.5 min | eta=5.7 min
[2026-07-24 13:41:41] INFO Epoch 008 | train batch=630/1418 | elapsed=4.5 min | eta=5.7 min
[2026-07-24 13:41:46] INFO Epoch 008 | train batch=640/1418 | elapsed=4.6 min | eta=5.6 min
[2026-07-24 13:41:50] INFO Epoch 008 | train batch=650/1418 | elapsed=4.7 min | eta=5.5 min
[2026-07-24 13:41:54] INFO Epoch 008 | train batch=660/1418 | elapsed=4.7 min | eta=5.4 min
[2026-07-24 13:41:58] INFO Epoch 008 | train batch=670/1418 | elapsed=4.8 min | eta=5.4 min
[2026-07-24 13:42:02] INFO Epoch 008 | train batch=680/1418 | elapsed=4.9 min | eta=5.3 min
[2026-07-24 13:42:07] INFO Epoch 008 | train batch=690/1418 | elapsed=4.9 min | eta=5.2 min
[2026-07-24 13:42:11] INFO Epoch 008 | train batch=700/1418 | elapsed=5.0 min | eta=5.1 min
[2026-07-24 13:42:15] INFO Epoch 008 | train batch=710/1418 | elapsed=5.1 min | eta=5.1 min
[2026-07-24 13:42:20] INFO Epoch 008 | train batch=720/1418 | elapsed=5.2 min | eta=5.0 min
[2026-07-24 13:42:24] INFO Epoch 008 | train batch=730/1418 | elapsed=5.2 min | eta=4.9 min
[2026-07-24 13:42:29] INFO Epoch 008 | train batch=740/1418 | elapsed=5.3 min | eta=4.9 min
[2026-07-24 13:42:33] INFO Epoch 008 | train batch=750/1418 | elapsed=5.4 min | eta=4.8 min
[2026-07-24 13:42:37] INFO Epoch 008 | train batch=760/1418 | elapsed=5.5 min | eta=4.7 min
[2026-07-24 13:42:42] INFO Epoch 008 | train batch=770/1418 | elapsed=5.5 min | eta=4.7 min
[2026-07-24 13:42:46] INFO Epoch 008 | train batch=780/1418 | elapsed=5.6 min | eta=4.6 min
[2026-07-24 13:42:51] INFO Epoch 008 | train batch=790/1418 | elapsed=5.7 min | eta=4.5 min
[2026-07-24 13:42:55] INFO Epoch 008 | train batch=800/1418 | elapsed=5.8 min | eta=4.4 min
[2026-07-24 13:42:59] INFO Epoch 008 | train batch=810/1418 | elapsed=5.8 min | eta=4.4 min
[2026-07-24 13:43:03] INFO Epoch 008 | train batch=820/1418 | elapsed=5.9 min | eta=4.3 min
[2026-07-24 13:43:08] INFO Epoch 008 | train batch=830/1418 | elapsed=6.0 min | eta=4.2 min
[2026-07-24 13:43:12] INFO Epoch 008 | train batch=840/1418 | elapsed=6.0 min | eta=4.2 min
[2026-07-24 13:43:16] INFO Epoch 008 | train batch=850/1418 | elapsed=6.1 min | eta=4.1 min
[2026-07-24 13:43:21] INFO Epoch 008 | train batch=860/1418 | elapsed=6.2 min | eta=4.0 min
[2026-07-24 13:43:25] INFO Epoch 008 | train batch=870/1418 | elapsed=6.3 min | eta=3.9 min
[2026-07-24 13:43:30] INFO Epoch 008 | train batch=880/1418 | elapsed=6.3 min | eta=3.9 min
[2026-07-24 13:43:34] INFO Epoch 008 | train batch=890/1418 | elapsed=6.4 min | eta=3.8 min
[2026-07-24 13:43:38] INFO Epoch 008 | train batch=900/1418 | elapsed=6.5 min | eta=3.7 min
[2026-07-24 13:43:43] INFO Epoch 008 | train batch=910/1418 | elapsed=6.5 min | eta=3.7 min
[2026-07-24 13:43:47] INFO Epoch 008 | train batch=920/1418 | elapsed=6.6 min | eta=3.6 min
[2026-07-24 13:43:52] INFO Epoch 008 | train batch=930/1418 | elapsed=6.7 min | eta=3.5 min
[2026-07-24 13:43:56] INFO Epoch 008 | train batch=940/1418 | elapsed=6.8 min | eta=3.4 min
[2026-07-24 13:44:01] INFO Epoch 008 | train batch=950/1418 | elapsed=6.8 min | eta=3.4 min
[2026-07-24 13:44:05] INFO Epoch 008 | train batch=960/1418 | elapsed=6.9 min | eta=3.3 min
[2026-07-24 13:44:09] INFO Epoch 008 | train batch=970/1418 | elapsed=7.0 min | eta=3.2 min
[2026-07-24 13:44:14] INFO Epoch 008 | train batch=980/1418 | elapsed=7.1 min | eta=3.2 min
[2026-07-24 13:44:19] INFO Epoch 008 | train batch=990/1418 | elapsed=7.2 min | eta=3.1 min
[2026-07-24 13:44:23] INFO Epoch 008 | train batch=1000/1418 | elapsed=7.2 min | eta=3.0 min
[2026-07-24 13:44:28] INFO Epoch 008 | train batch=1010/1418 | elapsed=7.3 min | eta=3.0 min
[2026-07-24 13:44:33] INFO Epoch 008 | train batch=1020/1418 | elapsed=7.4 min | eta=2.9 min
[2026-07-24 13:44:38] INFO Epoch 008 | train batch=1030/1418 | elapsed=7.5 min | eta=2.8 min
[2026-07-24 13:44:42] INFO Epoch 008 | train batch=1040/1418 | elapsed=7.5 min | eta=2.7 min
[2026-07-24 13:44:47] INFO Epoch 008 | train batch=1050/1418 | elapsed=7.6 min | eta=2.7 min
[2026-07-24 13:44:52] INFO Epoch 008 | train batch=1060/1418 | elapsed=7.7 min | eta=2.6 min
[2026-07-24 13:44:56] INFO Epoch 008 | train batch=1070/1418 | elapsed=7.8 min | eta=2.5 min
[2026-07-24 13:45:01] INFO Epoch 008 | train batch=1080/1418 | elapsed=7.9 min | eta=2.5 min
[2026-07-24 13:45:05] INFO Epoch 008 | train batch=1090/1418 | elapsed=7.9 min | eta=2.4 min
[2026-07-24 13:45:10] INFO Epoch 008 | train batch=1100/1418 | elapsed=8.0 min | eta=2.3 min
[2026-07-24 13:45:14] INFO Epoch 008 | train batch=1110/1418 | elapsed=8.1 min | eta=2.2 min
[2026-07-24 13:45:18] INFO Epoch 008 | train batch=1120/1418 | elapsed=8.1 min | eta=2.2 min
[2026-07-24 13:45:22] INFO Epoch 008 | train batch=1130/1418 | elapsed=8.2 min | eta=2.1 min
[2026-07-24 13:45:26] INFO Epoch 008 | train batch=1140/1418 | elapsed=8.3 min | eta=2.0 min
[2026-07-24 13:45:31] INFO Epoch 008 | train batch=1150/1418 | elapsed=8.4 min | eta=1.9 min
[2026-07-24 13:45:35] INFO Epoch 008 | train batch=1160/1418 | elapsed=8.4 min | eta=1.9 min
[2026-07-24 13:45:40] INFO Epoch 008 | train batch=1170/1418 | elapsed=8.5 min | eta=1.8 min
[2026-07-24 13:45:44] INFO Epoch 008 | train batch=1180/1418 | elapsed=8.6 min | eta=1.7 min
[2026-07-24 13:45:48] INFO Epoch 008 | train batch=1190/1418 | elapsed=8.6 min | eta=1.7 min
[2026-07-24 13:45:53] INFO Epoch 008 | train batch=1200/1418 | elapsed=8.7 min | eta=1.6 min
[2026-07-24 13:45:57] INFO Epoch 008 | train batch=1210/1418 | elapsed=8.8 min | eta=1.5 min
[2026-07-24 13:46:01] INFO Epoch 008 | train batch=1220/1418 | elapsed=8.9 min | eta=1.4 min
[2026-07-24 13:46:05] INFO Epoch 008 | train batch=1230/1418 | elapsed=8.9 min | eta=1.4 min
[2026-07-24 13:46:09] INFO Epoch 008 | train batch=1240/1418 | elapsed=9.0 min | eta=1.3 min
[2026-07-24 13:46:14] INFO Epoch 008 | train batch=1250/1418 | elapsed=9.1 min | eta=1.2 min
[2026-07-24 13:46:18] INFO Epoch 008 | train batch=1260/1418 | elapsed=9.1 min | eta=1.1 min
[2026-07-24 13:46:22] INFO Epoch 008 | train batch=1270/1418 | elapsed=9.2 min | eta=1.1 min
[2026-07-24 13:46:26] INFO Epoch 008 | train batch=1280/1418 | elapsed=9.3 min | eta=1.0 min
[2026-07-24 13:46:31] INFO Epoch 008 | train batch=1290/1418 | elapsed=9.3 min | eta=0.9 min
[2026-07-24 13:46:35] INFO Epoch 008 | train batch=1300/1418 | elapsed=9.4 min | eta=0.9 min
[2026-07-24 13:46:39] INFO Epoch 008 | train batch=1310/1418 | elapsed=9.5 min | eta=0.8 min
[2026-07-24 13:46:43] INFO Epoch 008 | train batch=1320/1418 | elapsed=9.6 min | eta=0.7 min
[2026-07-24 13:46:47] INFO Epoch 008 | train batch=1330/1418 | elapsed=9.6 min | eta=0.6 min
[2026-07-24 13:46:52] INFO Epoch 008 | train batch=1340/1418 | elapsed=9.7 min | eta=0.6 min
[2026-07-24 13:46:56] INFO Epoch 008 | train batch=1350/1418 | elapsed=9.8 min | eta=0.5 min
[2026-07-24 13:47:01] INFO Epoch 008 | train batch=1360/1418 | elapsed=9.8 min | eta=0.4 min
[2026-07-24 13:47:05] INFO Epoch 008 | train batch=1370/1418 | elapsed=9.9 min | eta=0.3 min
[2026-07-24 13:47:09] INFO Epoch 008 | train batch=1380/1418 | elapsed=10.0 min | eta=0.3 min
[2026-07-24 13:47:14] INFO Epoch 008 | train batch=1390/1418 | elapsed=10.1 min | eta=0.2 min
[2026-07-24 13:47:18] INFO Epoch 008 | train batch=1400/1418 | elapsed=10.1 min | eta=0.1 min
[2026-07-24 13:47:22] INFO Epoch 008 | train batch=1410/1418 | elapsed=10.2 min | eta=0.1 min
[2026-07-24 13:47:25] INFO Epoch 008 | train batch=1418/1418 | elapsed=10.3 min | eta=0.0 min
[2026-07-24 13:47:25] INFO Epoch 008 | val batch=1/188 | elapsed=0.0 min | eta=0.4 min
[2026-07-24 13:47:27] INFO Epoch 008 | val batch=10/188 | elapsed=0.0 min | eta=0.6 min
[2026-07-24 13:47:29] INFO Epoch 008 | val batch=20/188 | elapsed=0.1 min | eta=0.5 min
[2026-07-24 13:47:31] INFO Epoch 008 | val batch=30/188 | elapsed=0.1 min | eta=0.5 min
[2026-07-24 13:47:33] INFO Epoch 008 | val batch=40/188 | elapsed=0.1 min | eta=0.5 min
[2026-07-24 13:47:35] INFO Epoch 008 | val batch=50/188 | elapsed=0.2 min | eta=0.4 min
[2026-07-24 13:47:36] INFO Epoch 008 | val batch=60/188 | elapsed=0.2 min | eta=0.4 min
[2026-07-24 13:47:38] INFO Epoch 008 | val batch=70/188 | elapsed=0.2 min | eta=0.4 min
[2026-07-24 13:47:40] INFO Epoch 008 | val batch=80/188 | elapsed=0.2 min | eta=0.3 min
[2026-07-24 13:47:42] INFO Epoch 008 | val batch=90/188 | elapsed=0.3 min | eta=0.3 min
[2026-07-24 13:47:44] INFO Epoch 008 | val batch=100/188 | elapsed=0.3 min | eta=0.3 min
[2026-07-24 13:47:46] INFO Epoch 008 | val batch=110/188 | elapsed=0.3 min | eta=0.2 min
[2026-07-24 13:47:48] INFO Epoch 008 | val batch=120/188 | elapsed=0.4 min | eta=0.2 min
[2026-07-24 13:47:49] INFO Epoch 008 | val batch=130/188 | elapsed=0.4 min | eta=0.2 min
[2026-07-24 13:47:51] INFO Epoch 008 | val batch=140/188 | elapsed=0.4 min | eta=0.1 min
[2026-07-24 13:47:53] INFO Epoch 008 | val batch=150/188 | elapsed=0.5 min | eta=0.1 min
[2026-07-24 13:47:55] INFO Epoch 008 | val batch=160/188 | elapsed=0.5 min | eta=0.1 min
[2026-07-24 13:47:57] INFO Epoch 008 | val batch=170/188 | elapsed=0.5 min | eta=0.1 min
[2026-07-24 13:47:59] INFO Epoch 008 | val batch=180/188 | elapsed=0.6 min | eta=0.0 min
[2026-07-24 13:48:00] INFO Epoch 008 | val batch=188/188 | elapsed=0.6 min | eta=0.0 min
[2026-07-24 13:48:00] INFO Epoch 008 | train_total=0.463559 | val_total=0.448843 | val_mask=0.239784 | val_retrieval=2.090598 | val_anchors=611264 | val_positive_pairs=0 | val_hard_negatives=0 | val_relation_candidates=7439984 | val_teacher_keff=3.904 | val_student_keff=7.171 | val_masked_positions=42218624 | skipped(train/val)=0/0
[2026-07-24 13:48:00] INFO Relation checkpoint updated | epoch=8 | best_val_relation=2.090598 | path=C:\Users\clw\projects\researchRep\STAnchor-BlockMemory\artifacts\metrla_e3_relation_seed42\pretrain_best_relation.pt
[2026-07-24 13:48:00] INFO Epoch 009/050 started | train_batches=1418 | val_batches=188
[2026-07-24 13:48:01] INFO Epoch 009 | train batch=1/1418 | elapsed=0.0 min | eta=11.5 min
[2026-07-24 13:48:05] INFO Epoch 009 | train batch=10/1418 | elapsed=0.1 min | eta=10.5 min
[2026-07-24 13:48:09] INFO Epoch 009 | train batch=20/1418 | elapsed=0.1 min | eta=10.4 min
[2026-07-24 13:48:13] INFO Epoch 009 | train batch=30/1418 | elapsed=0.2 min | eta=10.0 min
[2026-07-24 13:48:18] INFO Epoch 009 | train batch=40/1418 | elapsed=0.3 min | eta=10.0 min
[2026-07-24 13:48:22] INFO Epoch 009 | train batch=50/1418 | elapsed=0.4 min | eta=9.8 min
[2026-07-24 13:48:26] INFO Epoch 009 | train batch=60/1418 | elapsed=0.4 min | eta=9.6 min
[2026-07-24 13:48:30] INFO Epoch 009 | train batch=70/1418 | elapsed=0.5 min | eta=9.5 min
[2026-07-24 13:48:34] INFO Epoch 009 | train batch=80/1418 | elapsed=0.6 min | eta=9.5 min
[2026-07-24 13:48:39] INFO Epoch 009 | train batch=90/1418 | elapsed=0.6 min | eta=9.5 min
[2026-07-24 13:48:43] INFO Epoch 009 | train batch=100/1418 | elapsed=0.7 min | eta=9.3 min
[2026-07-24 13:48:47] INFO Epoch 009 | train batch=110/1418 | elapsed=0.8 min | eta=9.3 min
[2026-07-24 13:48:51] INFO Epoch 009 | train batch=120/1418 | elapsed=0.8 min | eta=9.2 min
[2026-07-24 13:48:56] INFO Epoch 009 | train batch=130/1418 | elapsed=0.9 min | eta=9.2 min
[2026-07-24 13:49:00] INFO Epoch 009 | train batch=140/1418 | elapsed=1.0 min | eta=9.1 min
[2026-07-24 13:49:04] INFO Epoch 009 | train batch=150/1418 | elapsed=1.1 min | eta=9.0 min
[2026-07-24 13:49:09] INFO Epoch 009 | train batch=160/1418 | elapsed=1.1 min | eta=9.0 min
[2026-07-24 13:49:13] INFO Epoch 009 | train batch=170/1418 | elapsed=1.2 min | eta=8.9 min
[2026-07-24 13:49:17] INFO Epoch 009 | train batch=180/1418 | elapsed=1.3 min | eta=8.8 min
[2026-07-24 13:49:21] INFO Epoch 009 | train batch=190/1418 | elapsed=1.3 min | eta=8.7 min
[2026-07-24 13:49:25] INFO Epoch 009 | train batch=200/1418 | elapsed=1.4 min | eta=8.6 min
[2026-07-24 13:49:29] INFO Epoch 009 | train batch=210/1418 | elapsed=1.5 min | eta=8.6 min
[2026-07-24 13:49:34] INFO Epoch 009 | train batch=220/1418 | elapsed=1.6 min | eta=8.5 min
[2026-07-24 13:49:38] INFO Epoch 009 | train batch=230/1418 | elapsed=1.6 min | eta=8.4 min
[2026-07-24 13:49:42] INFO Epoch 009 | train batch=240/1418 | elapsed=1.7 min | eta=8.3 min
[2026-07-24 13:49:46] INFO Epoch 009 | train batch=250/1418 | elapsed=1.8 min | eta=8.3 min
[2026-07-24 13:49:51] INFO Epoch 009 | train batch=260/1418 | elapsed=1.8 min | eta=8.2 min
[2026-07-24 13:49:55] INFO Epoch 009 | train batch=270/1418 | elapsed=1.9 min | eta=8.1 min
[2026-07-24 13:49:59] INFO Epoch 009 | train batch=280/1418 | elapsed=2.0 min | eta=8.1 min
[2026-07-24 13:50:04] INFO Epoch 009 | train batch=290/1418 | elapsed=2.1 min | eta=8.0 min
[2026-07-24 13:50:08] INFO Epoch 009 | train batch=300/1418 | elapsed=2.1 min | eta=8.0 min
[2026-07-24 13:50:12] INFO Epoch 009 | train batch=310/1418 | elapsed=2.2 min | eta=7.9 min
[2026-07-24 13:50:17] INFO Epoch 009 | train batch=320/1418 | elapsed=2.3 min | eta=7.8 min
[2026-07-24 13:50:21] INFO Epoch 009 | train batch=330/1418 | elapsed=2.4 min | eta=7.8 min
[2026-07-24 13:50:25] INFO Epoch 009 | train batch=340/1418 | elapsed=2.4 min | eta=7.7 min
[2026-07-24 13:50:30] INFO Epoch 009 | train batch=350/1418 | elapsed=2.5 min | eta=7.6 min
[2026-07-24 13:50:34] INFO Epoch 009 | train batch=360/1418 | elapsed=2.6 min | eta=7.5 min
[2026-07-24 13:50:39] INFO Epoch 009 | train batch=370/1418 | elapsed=2.6 min | eta=7.5 min
[2026-07-24 13:50:43] INFO Epoch 009 | train batch=380/1418 | elapsed=2.7 min | eta=7.4 min
[2026-07-24 13:50:47] INFO Epoch 009 | train batch=390/1418 | elapsed=2.8 min | eta=7.3 min
[2026-07-24 13:50:51] INFO Epoch 009 | train batch=400/1418 | elapsed=2.9 min | eta=7.3 min
[2026-07-24 13:50:56] INFO Epoch 009 | train batch=410/1418 | elapsed=2.9 min | eta=7.2 min
[2026-07-24 13:51:00] INFO Epoch 009 | train batch=420/1418 | elapsed=3.0 min | eta=7.1 min
[2026-07-24 13:51:04] INFO Epoch 009 | train batch=430/1418 | elapsed=3.1 min | eta=7.0 min
[2026-07-24 13:51:09] INFO Epoch 009 | train batch=440/1418 | elapsed=3.1 min | eta=7.0 min
[2026-07-24 13:51:13] INFO Epoch 009 | train batch=450/1418 | elapsed=3.2 min | eta=6.9 min
[2026-07-24 13:51:17] INFO Epoch 009 | train batch=460/1418 | elapsed=3.3 min | eta=6.8 min
[2026-07-24 13:51:21] INFO Epoch 009 | train batch=470/1418 | elapsed=3.4 min | eta=6.8 min
[2026-07-24 13:51:26] INFO Epoch 009 | train batch=480/1418 | elapsed=3.4 min | eta=6.7 min
[2026-07-24 13:51:30] INFO Epoch 009 | train batch=490/1418 | elapsed=3.5 min | eta=6.6 min
[2026-07-24 13:51:34] INFO Epoch 009 | train batch=500/1418 | elapsed=3.6 min | eta=6.6 min
[2026-07-24 13:51:39] INFO Epoch 009 | train batch=510/1418 | elapsed=3.6 min | eta=6.5 min
[2026-07-24 13:51:43] INFO Epoch 009 | train batch=520/1418 | elapsed=3.7 min | eta=6.4 min
[2026-07-24 13:51:47] INFO Epoch 009 | train batch=530/1418 | elapsed=3.8 min | eta=6.3 min
[2026-07-24 13:51:51] INFO Epoch 009 | train batch=540/1418 | elapsed=3.9 min | eta=6.3 min
[2026-07-24 13:51:56] INFO Epoch 009 | train batch=550/1418 | elapsed=3.9 min | eta=6.2 min
[2026-07-24 13:52:00] INFO Epoch 009 | train batch=560/1418 | elapsed=4.0 min | eta=6.1 min
[2026-07-24 13:52:04] INFO Epoch 009 | train batch=570/1418 | elapsed=4.1 min | eta=6.1 min
[2026-07-24 13:52:09] INFO Epoch 009 | train batch=580/1418 | elapsed=4.1 min | eta=6.0 min
[2026-07-24 13:52:13] INFO Epoch 009 | train batch=590/1418 | elapsed=4.2 min | eta=5.9 min
[2026-07-24 13:52:17] INFO Epoch 009 | train batch=600/1418 | elapsed=4.3 min | eta=5.8 min
[2026-07-24 13:52:21] INFO Epoch 009 | train batch=610/1418 | elapsed=4.4 min | eta=5.8 min
[2026-07-24 13:52:25] INFO Epoch 009 | train batch=620/1418 | elapsed=4.4 min | eta=5.7 min
[2026-07-24 13:52:30] INFO Epoch 009 | train batch=630/1418 | elapsed=4.5 min | eta=5.6 min
[2026-07-24 13:52:34] INFO Epoch 009 | train batch=640/1418 | elapsed=4.6 min | eta=5.5 min
[2026-07-24 13:52:38] INFO Epoch 009 | train batch=650/1418 | elapsed=4.6 min | eta=5.5 min
[2026-07-24 13:52:43] INFO Epoch 009 | train batch=660/1418 | elapsed=4.7 min | eta=5.4 min
[2026-07-24 13:52:47] INFO Epoch 009 | train batch=670/1418 | elapsed=4.8 min | eta=5.3 min
[2026-07-24 13:52:51] INFO Epoch 009 | train batch=680/1418 | elapsed=4.9 min | eta=5.3 min
[2026-07-24 13:52:56] INFO Epoch 009 | train batch=690/1418 | elapsed=4.9 min | eta=5.2 min
[2026-07-24 13:53:00] INFO Epoch 009 | train batch=700/1418 | elapsed=5.0 min | eta=5.1 min
[2026-07-24 13:53:04] INFO Epoch 009 | train batch=710/1418 | elapsed=5.1 min | eta=5.1 min
[2026-07-24 13:53:09] INFO Epoch 009 | train batch=720/1418 | elapsed=5.1 min | eta=5.0 min
[2026-07-24 13:53:13] INFO Epoch 009 | train batch=730/1418 | elapsed=5.2 min | eta=4.9 min
[2026-07-24 13:53:17] INFO Epoch 009 | train batch=740/1418 | elapsed=5.3 min | eta=4.8 min
[2026-07-24 13:53:21] INFO Epoch 009 | train batch=750/1418 | elapsed=5.4 min | eta=4.8 min
[2026-07-24 13:53:26] INFO Epoch 009 | train batch=760/1418 | elapsed=5.4 min | eta=4.7 min
[2026-07-24 13:53:30] INFO Epoch 009 | train batch=770/1418 | elapsed=5.5 min | eta=4.6 min
[2026-07-24 13:53:34] INFO Epoch 009 | train batch=780/1418 | elapsed=5.6 min | eta=4.6 min
[2026-07-24 13:53:39] INFO Epoch 009 | train batch=790/1418 | elapsed=5.6 min | eta=4.5 min
[2026-07-24 13:53:43] INFO Epoch 009 | train batch=800/1418 | elapsed=5.7 min | eta=4.4 min
[2026-07-24 13:53:47] INFO Epoch 009 | train batch=810/1418 | elapsed=5.8 min | eta=4.3 min
[2026-07-24 13:53:52] INFO Epoch 009 | train batch=820/1418 | elapsed=5.9 min | eta=4.3 min
[2026-07-24 13:53:56] INFO Epoch 009 | train batch=830/1418 | elapsed=5.9 min | eta=4.2 min
[2026-07-24 13:54:01] INFO Epoch 009 | train batch=840/1418 | elapsed=6.0 min | eta=4.1 min
[2026-07-24 13:54:05] INFO Epoch 009 | train batch=850/1418 | elapsed=6.1 min | eta=4.1 min
[2026-07-24 13:54:09] INFO Epoch 009 | train batch=860/1418 | elapsed=6.1 min | eta=4.0 min
[2026-07-24 13:54:13] INFO Epoch 009 | train batch=870/1418 | elapsed=6.2 min | eta=3.9 min
[2026-07-24 13:54:18] INFO Epoch 009 | train batch=880/1418 | elapsed=6.3 min | eta=3.8 min
[2026-07-24 13:54:22] INFO Epoch 009 | train batch=890/1418 | elapsed=6.4 min | eta=3.8 min
[2026-07-24 13:54:26] INFO Epoch 009 | train batch=900/1418 | elapsed=6.4 min | eta=3.7 min
[2026-07-24 13:54:30] INFO Epoch 009 | train batch=910/1418 | elapsed=6.5 min | eta=3.6 min
[2026-07-24 13:54:34] INFO Epoch 009 | train batch=920/1418 | elapsed=6.6 min | eta=3.6 min
[2026-07-24 13:54:39] INFO Epoch 009 | train batch=930/1418 | elapsed=6.6 min | eta=3.5 min
[2026-07-24 13:54:43] INFO Epoch 009 | train batch=940/1418 | elapsed=6.7 min | eta=3.4 min
[2026-07-24 13:54:47] INFO Epoch 009 | train batch=950/1418 | elapsed=6.8 min | eta=3.3 min
[2026-07-24 13:54:51] INFO Epoch 009 | train batch=960/1418 | elapsed=6.9 min | eta=3.3 min
[2026-07-24 13:54:56] INFO Epoch 009 | train batch=970/1418 | elapsed=6.9 min | eta=3.2 min
[2026-07-24 13:55:00] INFO Epoch 009 | train batch=980/1418 | elapsed=7.0 min | eta=3.1 min
[2026-07-24 13:55:04] INFO Epoch 009 | train batch=990/1418 | elapsed=7.1 min | eta=3.1 min
[2026-07-24 13:55:09] INFO Epoch 009 | train batch=1000/1418 | elapsed=7.1 min | eta=3.0 min
[2026-07-24 13:55:13] INFO Epoch 009 | train batch=1010/1418 | elapsed=7.2 min | eta=2.9 min
[2026-07-24 13:55:17] INFO Epoch 009 | train batch=1020/1418 | elapsed=7.3 min | eta=2.8 min
[2026-07-24 13:55:21] INFO Epoch 009 | train batch=1030/1418 | elapsed=7.4 min | eta=2.8 min
[2026-07-24 13:55:26] INFO Epoch 009 | train batch=1040/1418 | elapsed=7.4 min | eta=2.7 min
[2026-07-24 13:55:30] INFO Epoch 009 | train batch=1050/1418 | elapsed=7.5 min | eta=2.6 min
[2026-07-24 13:55:34] INFO Epoch 009 | train batch=1060/1418 | elapsed=7.6 min | eta=2.6 min
[2026-07-24 13:55:39] INFO Epoch 009 | train batch=1070/1418 | elapsed=7.6 min | eta=2.5 min
[2026-07-24 13:55:43] INFO Epoch 009 | train batch=1080/1418 | elapsed=7.7 min | eta=2.4 min
[2026-07-24 13:55:47] INFO Epoch 009 | train batch=1090/1418 | elapsed=7.8 min | eta=2.3 min
[2026-07-24 13:55:52] INFO Epoch 009 | train batch=1100/1418 | elapsed=7.9 min | eta=2.3 min
[2026-07-24 13:55:56] INFO Epoch 009 | train batch=1110/1418 | elapsed=7.9 min | eta=2.2 min
[2026-07-24 13:56:01] INFO Epoch 009 | train batch=1120/1418 | elapsed=8.0 min | eta=2.1 min
[2026-07-24 13:56:05] INFO Epoch 009 | train batch=1130/1418 | elapsed=8.1 min | eta=2.1 min
[2026-07-24 13:56:09] INFO Epoch 009 | train batch=1140/1418 | elapsed=8.2 min | eta=2.0 min
[2026-07-24 13:56:14] INFO Epoch 009 | train batch=1150/1418 | elapsed=8.2 min | eta=1.9 min
[2026-07-24 13:56:18] INFO Epoch 009 | train batch=1160/1418 | elapsed=8.3 min | eta=1.8 min
[2026-07-24 13:56:23] INFO Epoch 009 | train batch=1170/1418 | elapsed=8.4 min | eta=1.8 min
[2026-07-24 13:56:27] INFO Epoch 009 | train batch=1180/1418 | elapsed=8.4 min | eta=1.7 min
[2026-07-24 13:56:31] INFO Epoch 009 | train batch=1190/1418 | elapsed=8.5 min | eta=1.6 min
[2026-07-24 13:56:36] INFO Epoch 009 | train batch=1200/1418 | elapsed=8.6 min | eta=1.6 min
[2026-07-24 13:56:40] INFO Epoch 009 | train batch=1210/1418 | elapsed=8.7 min | eta=1.5 min
[2026-07-24 13:56:45] INFO Epoch 009 | train batch=1220/1418 | elapsed=8.7 min | eta=1.4 min
[2026-07-24 13:56:49] INFO Epoch 009 | train batch=1230/1418 | elapsed=8.8 min | eta=1.3 min
[2026-07-24 13:56:54] INFO Epoch 009 | train batch=1240/1418 | elapsed=8.9 min | eta=1.3 min
[2026-07-24 13:56:58] INFO Epoch 009 | train batch=1250/1418 | elapsed=9.0 min | eta=1.2 min
[2026-07-24 13:57:02] INFO Epoch 009 | train batch=1260/1418 | elapsed=9.0 min | eta=1.1 min
[2026-07-24 13:57:07] INFO Epoch 009 | train batch=1270/1418 | elapsed=9.1 min | eta=1.1 min
[2026-07-24 13:57:11] INFO Epoch 009 | train batch=1280/1418 | elapsed=9.2 min | eta=1.0 min
[2026-07-24 13:57:15] INFO Epoch 009 | train batch=1290/1418 | elapsed=9.3 min | eta=0.9 min
[2026-07-24 13:57:20] INFO Epoch 009 | train batch=1300/1418 | elapsed=9.3 min | eta=0.8 min
[2026-07-24 13:57:24] INFO Epoch 009 | train batch=1310/1418 | elapsed=9.4 min | eta=0.8 min
[2026-07-24 13:57:28] INFO Epoch 009 | train batch=1320/1418 | elapsed=9.5 min | eta=0.7 min
[2026-07-24 13:57:32] INFO Epoch 009 | train batch=1330/1418 | elapsed=9.5 min | eta=0.6 min
[2026-07-24 13:57:36] INFO Epoch 009 | train batch=1340/1418 | elapsed=9.6 min | eta=0.6 min
[2026-07-24 13:57:41] INFO Epoch 009 | train batch=1350/1418 | elapsed=9.7 min | eta=0.5 min
[2026-07-24 13:57:45] INFO Epoch 009 | train batch=1360/1418 | elapsed=9.7 min | eta=0.4 min
[2026-07-24 13:57:49] INFO Epoch 009 | train batch=1370/1418 | elapsed=9.8 min | eta=0.3 min
[2026-07-24 13:57:53] INFO Epoch 009 | train batch=1380/1418 | elapsed=9.9 min | eta=0.3 min
[2026-07-24 13:57:58] INFO Epoch 009 | train batch=1390/1418 | elapsed=10.0 min | eta=0.2 min
[2026-07-24 13:58:02] INFO Epoch 009 | train batch=1400/1418 | elapsed=10.0 min | eta=0.1 min
[2026-07-24 13:58:06] INFO Epoch 009 | train batch=1410/1418 | elapsed=10.1 min | eta=0.1 min
[2026-07-24 13:58:10] INFO Epoch 009 | train batch=1418/1418 | elapsed=10.2 min | eta=0.0 min
[2026-07-24 13:58:10] INFO Epoch 009 | val batch=1/188 | elapsed=0.0 min | eta=0.4 min
[2026-07-24 13:58:12] INFO Epoch 009 | val batch=10/188 | elapsed=0.0 min | eta=0.6 min
[2026-07-24 13:58:13] INFO Epoch 009 | val batch=20/188 | elapsed=0.1 min | eta=0.5 min
[2026-07-24 13:58:15] INFO Epoch 009 | val batch=30/188 | elapsed=0.1 min | eta=0.5 min
[2026-07-24 13:58:17] INFO Epoch 009 | val batch=40/188 | elapsed=0.1 min | eta=0.5 min
[2026-07-24 13:58:19] INFO Epoch 009 | val batch=50/188 | elapsed=0.2 min | eta=0.4 min
[2026-07-24 13:58:21] INFO Epoch 009 | val batch=60/188 | elapsed=0.2 min | eta=0.4 min
[2026-07-24 13:58:23] INFO Epoch 009 | val batch=70/188 | elapsed=0.2 min | eta=0.4 min
[2026-07-24 13:58:25] INFO Epoch 009 | val batch=80/188 | elapsed=0.3 min | eta=0.3 min
[2026-07-24 13:58:27] INFO Epoch 009 | val batch=90/188 | elapsed=0.3 min | eta=0.3 min
[2026-07-24 13:58:28] INFO Epoch 009 | val batch=100/188 | elapsed=0.3 min | eta=0.3 min
[2026-07-24 13:58:30] INFO Epoch 009 | val batch=110/188 | elapsed=0.3 min | eta=0.2 min
[2026-07-24 13:58:32] INFO Epoch 009 | val batch=120/188 | elapsed=0.4 min | eta=0.2 min
[2026-07-24 13:58:34] INFO Epoch 009 | val batch=130/188 | elapsed=0.4 min | eta=0.2 min
[2026-07-24 13:58:36] INFO Epoch 009 | val batch=140/188 | elapsed=0.4 min | eta=0.2 min
[2026-07-24 13:58:38] INFO Epoch 009 | val batch=150/188 | elapsed=0.5 min | eta=0.1 min
[2026-07-24 13:58:40] INFO Epoch 009 | val batch=160/188 | elapsed=0.5 min | eta=0.1 min
[2026-07-24 13:58:42] INFO Epoch 009 | val batch=170/188 | elapsed=0.5 min | eta=0.1 min
[2026-07-24 13:58:43] INFO Epoch 009 | val batch=180/188 | elapsed=0.6 min | eta=0.0 min
[2026-07-24 13:58:45] INFO Epoch 009 | val batch=188/188 | elapsed=0.6 min | eta=0.0 min
[2026-07-24 13:58:45] INFO Epoch 009 | train_total=0.461188 | val_total=0.448779 | val_mask=0.239401 | val_retrieval=2.093778 | val_anchors=611264 | val_positive_pairs=0 | val_hard_negatives=0 | val_relation_candidates=7439984 | val_teacher_keff=3.904 | val_student_keff=7.011 | val_masked_positions=42172325 | skipped(train/val)=0/0
[2026-07-24 13:58:45] INFO Checkpoint updated | epoch=9 | best_val=0.448779 | path=C:\Users\clw\projects\researchRep\STAnchor-BlockMemory\artifacts\metrla_e3_relation_seed42\pretrain_best.pt
[2026-07-24 13:58:45] INFO Epoch 010/050 started | train_batches=1418 | val_batches=188
[2026-07-24 13:58:45] INFO Epoch 010 | train batch=1/1418 | elapsed=0.0 min | eta=9.0 min
[2026-07-24 13:58:49] INFO Epoch 010 | train batch=10/1418 | elapsed=0.1 min | eta=10.1 min
[2026-07-24 13:58:53] INFO Epoch 010 | train batch=20/1418 | elapsed=0.1 min | eta=10.0 min
[2026-07-24 13:58:58] INFO Epoch 010 | train batch=30/1418 | elapsed=0.2 min | eta=10.0 min
[2026-07-24 13:59:02] INFO Epoch 010 | train batch=40/1418 | elapsed=0.3 min | eta=9.9 min
[2026-07-24 13:59:06] INFO Epoch 010 | train batch=50/1418 | elapsed=0.4 min | eta=9.9 min
[2026-07-24 13:59:11] INFO Epoch 010 | train batch=60/1418 | elapsed=0.4 min | eta=9.8 min
[2026-07-24 13:59:15] INFO Epoch 010 | train batch=70/1418 | elapsed=0.5 min | eta=9.6 min
[2026-07-24 13:59:19] INFO Epoch 010 | train batch=80/1418 | elapsed=0.6 min | eta=9.6 min
[2026-07-24 13:59:24] INFO Epoch 010 | train batch=90/1418 | elapsed=0.6 min | eta=9.5 min
[2026-07-24 13:59:28] INFO Epoch 010 | train batch=100/1418 | elapsed=0.7 min | eta=9.5 min
[2026-07-24 13:59:32] INFO Epoch 010 | train batch=110/1418 | elapsed=0.8 min | eta=9.4 min
[2026-07-24 13:59:36] INFO Epoch 010 | train batch=120/1418 | elapsed=0.9 min | eta=9.3 min
[2026-07-24 13:59:41] INFO Epoch 010 | train batch=130/1418 | elapsed=0.9 min | eta=9.2 min
[2026-07-24 13:59:45] INFO Epoch 010 | train batch=140/1418 | elapsed=1.0 min | eta=9.2 min
[2026-07-24 13:59:50] INFO Epoch 010 | train batch=150/1418 | elapsed=1.1 min | eta=9.1 min
[2026-07-24 13:59:54] INFO Epoch 010 | train batch=160/1418 | elapsed=1.1 min | eta=9.0 min
[2026-07-24 13:59:58] INFO Epoch 010 | train batch=170/1418 | elapsed=1.2 min | eta=9.0 min
[2026-07-24 14:00:02] INFO Epoch 010 | train batch=180/1418 | elapsed=1.3 min | eta=8.9 min
[2026-07-24 14:00:07] INFO Epoch 010 | train batch=190/1418 | elapsed=1.4 min | eta=8.8 min
[2026-07-24 14:00:11] INFO Epoch 010 | train batch=200/1418 | elapsed=1.4 min | eta=8.8 min
[2026-07-24 14:00:15] INFO Epoch 010 | train batch=210/1418 | elapsed=1.5 min | eta=8.7 min
[2026-07-24 14:00:20] INFO Epoch 010 | train batch=220/1418 | elapsed=1.6 min | eta=8.6 min
[2026-07-24 14:00:24] INFO Epoch 010 | train batch=230/1418 | elapsed=1.7 min | eta=8.5 min
[2026-07-24 14:00:28] INFO Epoch 010 | train batch=240/1418 | elapsed=1.7 min | eta=8.5 min
[2026-07-24 14:00:33] INFO Epoch 010 | train batch=250/1418 | elapsed=1.8 min | eta=8.4 min
[2026-07-24 14:00:37] INFO Epoch 010 | train batch=260/1418 | elapsed=1.9 min | eta=8.3 min
[2026-07-24 14:00:41] INFO Epoch 010 | train batch=270/1418 | elapsed=1.9 min | eta=8.3 min
[2026-07-24 14:00:46] INFO Epoch 010 | train batch=280/1418 | elapsed=2.0 min | eta=8.2 min
[2026-07-24 14:00:50] INFO Epoch 010 | train batch=290/1418 | elapsed=2.1 min | eta=8.1 min
[2026-07-24 14:00:54] INFO Epoch 010 | train batch=300/1418 | elapsed=2.2 min | eta=8.0 min
[2026-07-24 14:00:59] INFO Epoch 010 | train batch=310/1418 | elapsed=2.2 min | eta=8.0 min
[2026-07-24 14:01:03] INFO Epoch 010 | train batch=320/1418 | elapsed=2.3 min | eta=7.9 min
[2026-07-24 14:01:07] INFO Epoch 010 | train batch=330/1418 | elapsed=2.4 min | eta=7.8 min
[2026-07-24 14:01:12] INFO Epoch 010 | train batch=340/1418 | elapsed=2.4 min | eta=7.8 min
[2026-07-24 14:01:16] INFO Epoch 010 | train batch=350/1418 | elapsed=2.5 min | eta=7.7 min
[2026-07-24 14:01:20] INFO Epoch 010 | train batch=360/1418 | elapsed=2.6 min | eta=7.6 min
[2026-07-24 14:01:25] INFO Epoch 010 | train batch=370/1418 | elapsed=2.7 min | eta=7.6 min
[2026-07-24 14:01:29] INFO Epoch 010 | train batch=380/1418 | elapsed=2.7 min | eta=7.5 min
[2026-07-24 14:01:34] INFO Epoch 010 | train batch=390/1418 | elapsed=2.8 min | eta=7.4 min
[2026-07-24 14:01:38] INFO Epoch 010 | train batch=400/1418 | elapsed=2.9 min | eta=7.3 min
[2026-07-24 14:01:42] INFO Epoch 010 | train batch=410/1418 | elapsed=3.0 min | eta=7.3 min
[2026-07-24 14:01:47] INFO Epoch 010 | train batch=420/1418 | elapsed=3.0 min | eta=7.2 min
[2026-07-24 14:01:51] INFO Epoch 010 | train batch=430/1418 | elapsed=3.1 min | eta=7.1 min
[2026-07-24 14:01:55] INFO Epoch 010 | train batch=440/1418 | elapsed=3.2 min | eta=7.1 min
[2026-07-24 14:02:00] INFO Epoch 010 | train batch=450/1418 | elapsed=3.3 min | eta=7.0 min
[2026-07-24 14:02:04] INFO Epoch 010 | train batch=460/1418 | elapsed=3.3 min | eta=6.9 min
[2026-07-24 14:02:08] INFO Epoch 010 | train batch=470/1418 | elapsed=3.4 min | eta=6.8 min
[2026-07-24 14:02:13] INFO Epoch 010 | train batch=480/1418 | elapsed=3.5 min | eta=6.8 min
[2026-07-24 14:02:17] INFO Epoch 010 | train batch=490/1418 | elapsed=3.5 min | eta=6.7 min
[2026-07-24 14:02:21] INFO Epoch 010 | train batch=500/1418 | elapsed=3.6 min | eta=6.6 min
[2026-07-24 14:02:25] INFO Epoch 010 | train batch=510/1418 | elapsed=3.7 min | eta=6.5 min
[2026-07-24 14:02:30] INFO Epoch 010 | train batch=520/1418 | elapsed=3.7 min | eta=6.5 min
[2026-07-24 14:02:34] INFO Epoch 010 | train batch=530/1418 | elapsed=3.8 min | eta=6.4 min
[2026-07-24 14:02:39] INFO Epoch 010 | train batch=540/1418 | elapsed=3.9 min | eta=6.3 min
[2026-07-24 14:02:43] INFO Epoch 010 | train batch=550/1418 | elapsed=4.0 min | eta=6.3 min
[2026-07-24 14:02:47] INFO Epoch 010 | train batch=560/1418 | elapsed=4.0 min | eta=6.2 min
[2026-07-24 14:02:52] INFO Epoch 010 | train batch=570/1418 | elapsed=4.1 min | eta=6.1 min
[2026-07-24 14:02:56] INFO Epoch 010 | train batch=580/1418 | elapsed=4.2 min | eta=6.1 min
[2026-07-24 14:03:00] INFO Epoch 010 | train batch=590/1418 | elapsed=4.3 min | eta=6.0 min
[2026-07-24 14:03:05] INFO Epoch 010 | train batch=600/1418 | elapsed=4.3 min | eta=5.9 min
[2026-07-24 14:03:09] INFO Epoch 010 | train batch=610/1418 | elapsed=4.4 min | eta=5.8 min
[2026-07-24 14:03:13] INFO Epoch 010 | train batch=620/1418 | elapsed=4.5 min | eta=5.8 min
[2026-07-24 14:03:17] INFO Epoch 010 | train batch=630/1418 | elapsed=4.5 min | eta=5.7 min
[2026-07-24 14:03:22] INFO Epoch 010 | train batch=640/1418 | elapsed=4.6 min | eta=5.6 min
[2026-07-24 14:03:26] INFO Epoch 010 | train batch=650/1418 | elapsed=4.7 min | eta=5.5 min
[2026-07-24 14:03:30] INFO Epoch 010 | train batch=660/1418 | elapsed=4.8 min | eta=5.5 min
[2026-07-24 14:03:35] INFO Epoch 010 | train batch=670/1418 | elapsed=4.8 min | eta=5.4 min
[2026-07-24 14:03:39] INFO Epoch 010 | train batch=680/1418 | elapsed=4.9 min | eta=5.3 min
[2026-07-24 14:03:43] INFO Epoch 010 | train batch=690/1418 | elapsed=5.0 min | eta=5.3 min
[2026-07-24 14:03:48] INFO Epoch 010 | train batch=700/1418 | elapsed=5.0 min | eta=5.2 min
[2026-07-24 14:03:52] INFO Epoch 010 | train batch=710/1418 | elapsed=5.1 min | eta=5.1 min
[2026-07-24 14:03:56] INFO Epoch 010 | train batch=720/1418 | elapsed=5.2 min | eta=5.0 min
[2026-07-24 14:04:00] INFO Epoch 010 | train batch=730/1418 | elapsed=5.3 min | eta=5.0 min
[2026-07-24 14:04:05] INFO Epoch 010 | train batch=740/1418 | elapsed=5.3 min | eta=4.9 min
[2026-07-24 14:04:09] INFO Epoch 010 | train batch=750/1418 | elapsed=5.4 min | eta=4.8 min
[2026-07-24 14:04:14] INFO Epoch 010 | train batch=760/1418 | elapsed=5.5 min | eta=4.7 min
[2026-07-24 14:04:18] INFO Epoch 010 | train batch=770/1418 | elapsed=5.6 min | eta=4.7 min
[2026-07-24 14:04:22] INFO Epoch 010 | train batch=780/1418 | elapsed=5.6 min | eta=4.6 min
[2026-07-24 14:04:27] INFO Epoch 010 | train batch=790/1418 | elapsed=5.7 min | eta=4.5 min
[2026-07-24 14:04:31] INFO Epoch 010 | train batch=800/1418 | elapsed=5.8 min | eta=4.5 min
[2026-07-24 14:04:35] INFO Epoch 010 | train batch=810/1418 | elapsed=5.8 min | eta=4.4 min
[2026-07-24 14:04:39] INFO Epoch 010 | train batch=820/1418 | elapsed=5.9 min | eta=4.3 min
[2026-07-24 14:04:44] INFO Epoch 010 | train batch=830/1418 | elapsed=6.0 min | eta=4.2 min
[2026-07-24 14:04:48] INFO Epoch 010 | train batch=840/1418 | elapsed=6.0 min | eta=4.2 min
[2026-07-24 14:04:52] INFO Epoch 010 | train batch=850/1418 | elapsed=6.1 min | eta=4.1 min
[2026-07-24 14:04:56] INFO Epoch 010 | train batch=860/1418 | elapsed=6.2 min | eta=4.0 min
[2026-07-24 14:05:00] INFO Epoch 010 | train batch=870/1418 | elapsed=6.3 min | eta=3.9 min
[2026-07-24 14:05:05] INFO Epoch 010 | train batch=880/1418 | elapsed=6.3 min | eta=3.9 min
[2026-07-24 14:05:09] INFO Epoch 010 | train batch=890/1418 | elapsed=6.4 min | eta=3.8 min
[2026-07-24 14:05:13] INFO Epoch 010 | train batch=900/1418 | elapsed=6.5 min | eta=3.7 min
[2026-07-24 14:05:18] INFO Epoch 010 | train batch=910/1418 | elapsed=6.5 min | eta=3.7 min
[2026-07-24 14:05:22] INFO Epoch 010 | train batch=920/1418 | elapsed=6.6 min | eta=3.6 min
[2026-07-24 14:05:26] INFO Epoch 010 | train batch=930/1418 | elapsed=6.7 min | eta=3.5 min
[2026-07-24 14:05:30] INFO Epoch 010 | train batch=940/1418 | elapsed=6.8 min | eta=3.4 min
[2026-07-24 14:05:34] INFO Epoch 010 | train batch=950/1418 | elapsed=6.8 min | eta=3.4 min
[2026-07-24 14:05:39] INFO Epoch 010 | train batch=960/1418 | elapsed=6.9 min | eta=3.3 min
[2026-07-24 14:05:43] INFO Epoch 010 | train batch=970/1418 | elapsed=7.0 min | eta=3.2 min
[2026-07-24 14:05:47] INFO Epoch 010 | train batch=980/1418 | elapsed=7.0 min | eta=3.1 min
[2026-07-24 14:05:51] INFO Epoch 010 | train batch=990/1418 | elapsed=7.1 min | eta=3.1 min
[2026-07-24 14:05:56] INFO Epoch 010 | train batch=1000/1418 | elapsed=7.2 min | eta=3.0 min
[2026-07-24 14:06:00] INFO Epoch 010 | train batch=1010/1418 | elapsed=7.3 min | eta=2.9 min
[2026-07-24 14:06:04] INFO Epoch 010 | train batch=1020/1418 | elapsed=7.3 min | eta=2.9 min
[2026-07-24 14:06:09] INFO Epoch 010 | train batch=1030/1418 | elapsed=7.4 min | eta=2.8 min
[2026-07-24 14:06:13] INFO Epoch 010 | train batch=1040/1418 | elapsed=7.5 min | eta=2.7 min
[2026-07-24 14:06:17] INFO Epoch 010 | train batch=1050/1418 | elapsed=7.5 min | eta=2.6 min
[2026-07-24 14:06:21] INFO Epoch 010 | train batch=1060/1418 | elapsed=7.6 min | eta=2.6 min
[2026-07-24 14:06:26] INFO Epoch 010 | train batch=1070/1418 | elapsed=7.7 min | eta=2.5 min
[2026-07-24 14:06:30] INFO Epoch 010 | train batch=1080/1418 | elapsed=7.8 min | eta=2.4 min
[2026-07-24 14:06:34] INFO Epoch 010 | train batch=1090/1418 | elapsed=7.8 min | eta=2.4 min
[2026-07-24 14:06:38] INFO Epoch 010 | train batch=1100/1418 | elapsed=7.9 min | eta=2.3 min
[2026-07-24 14:06:43] INFO Epoch 010 | train batch=1110/1418 | elapsed=8.0 min | eta=2.2 min
[2026-07-24 14:06:47] INFO Epoch 010 | train batch=1120/1418 | elapsed=8.0 min | eta=2.1 min
[2026-07-24 14:06:51] INFO Epoch 010 | train batch=1130/1418 | elapsed=8.1 min | eta=2.1 min
[2026-07-24 14:06:55] INFO Epoch 010 | train batch=1140/1418 | elapsed=8.2 min | eta=2.0 min
[2026-07-24 14:07:00] INFO Epoch 010 | train batch=1150/1418 | elapsed=8.2 min | eta=1.9 min
[2026-07-24 14:07:04] INFO Epoch 010 | train batch=1160/1418 | elapsed=8.3 min | eta=1.8 min
[2026-07-24 14:07:08] INFO Epoch 010 | train batch=1170/1418 | elapsed=8.4 min | eta=1.8 min
[2026-07-24 14:07:12] INFO Epoch 010 | train batch=1180/1418 | elapsed=8.5 min | eta=1.7 min
[2026-07-24 14:07:17] INFO Epoch 010 | train batch=1190/1418 | elapsed=8.5 min | eta=1.6 min
[2026-07-24 14:07:21] INFO Epoch 010 | train batch=1200/1418 | elapsed=8.6 min | eta=1.6 min
[2026-07-24 14:07:25] INFO Epoch 010 | train batch=1210/1418 | elapsed=8.7 min | eta=1.5 min
[2026-07-24 14:07:29] INFO Epoch 010 | train batch=1220/1418 | elapsed=8.7 min | eta=1.4 min
[2026-07-24 14:07:34] INFO Epoch 010 | train batch=1230/1418 | elapsed=8.8 min | eta=1.3 min
[2026-07-24 14:07:38] INFO Epoch 010 | train batch=1240/1418 | elapsed=8.9 min | eta=1.3 min
[2026-07-24 14:07:42] INFO Epoch 010 | train batch=1250/1418 | elapsed=9.0 min | eta=1.2 min
[2026-07-24 14:07:47] INFO Epoch 010 | train batch=1260/1418 | elapsed=9.0 min | eta=1.1 min
[2026-07-24 14:07:52] INFO Epoch 010 | train batch=1270/1418 | elapsed=9.1 min | eta=1.1 min
[2026-07-24 14:07:56] INFO Epoch 010 | train batch=1280/1418 | elapsed=9.2 min | eta=1.0 min
[2026-07-24 14:08:00] INFO Epoch 010 | train batch=1290/1418 | elapsed=9.3 min | eta=0.9 min
[2026-07-24 14:08:05] INFO Epoch 010 | train batch=1300/1418 | elapsed=9.3 min | eta=0.8 min
[2026-07-24 14:08:09] INFO Epoch 010 | train batch=1310/1418 | elapsed=9.4 min | eta=0.8 min
[2026-07-24 14:08:13] INFO Epoch 010 | train batch=1320/1418 | elapsed=9.5 min | eta=0.7 min
[2026-07-24 14:08:17] INFO Epoch 010 | train batch=1330/1418 | elapsed=9.5 min | eta=0.6 min
[2026-07-24 14:08:21] INFO Epoch 010 | train batch=1340/1418 | elapsed=9.6 min | eta=0.6 min
[2026-07-24 14:08:26] INFO Epoch 010 | train batch=1350/1418 | elapsed=9.7 min | eta=0.5 min
[2026-07-24 14:08:30] INFO Epoch 010 | train batch=1360/1418 | elapsed=9.8 min | eta=0.4 min
[2026-07-24 14:08:34] INFO Epoch 010 | train batch=1370/1418 | elapsed=9.8 min | eta=0.3 min
[2026-07-24 14:08:39] INFO Epoch 010 | train batch=1380/1418 | elapsed=9.9 min | eta=0.3 min
[2026-07-24 14:08:43] INFO Epoch 010 | train batch=1390/1418 | elapsed=10.0 min | eta=0.2 min
[2026-07-24 14:08:47] INFO Epoch 010 | train batch=1400/1418 | elapsed=10.0 min | eta=0.1 min
[2026-07-24 14:08:52] INFO Epoch 010 | train batch=1410/1418 | elapsed=10.1 min | eta=0.1 min
[2026-07-24 14:08:55] INFO Epoch 010 | train batch=1418/1418 | elapsed=10.2 min | eta=0.0 min
[2026-07-24 14:08:55] INFO Epoch 010 | val batch=1/188 | elapsed=0.0 min | eta=0.4 min
[2026-07-24 14:08:56] INFO Epoch 010 | val batch=10/188 | elapsed=0.0 min | eta=0.6 min
[2026-07-24 14:08:58] INFO Epoch 010 | val batch=20/188 | elapsed=0.1 min | eta=0.5 min
[2026-07-24 14:09:00] INFO Epoch 010 | val batch=30/188 | elapsed=0.1 min | eta=0.5 min
[2026-07-24 14:09:02] INFO Epoch 010 | val batch=40/188 | elapsed=0.1 min | eta=0.5 min
[2026-07-24 14:09:04] INFO Epoch 010 | val batch=50/188 | elapsed=0.2 min | eta=0.4 min
[2026-07-24 14:09:06] INFO Epoch 010 | val batch=60/188 | elapsed=0.2 min | eta=0.4 min
[2026-07-24 14:09:08] INFO Epoch 010 | val batch=70/188 | elapsed=0.2 min | eta=0.4 min
[2026-07-24 14:09:10] INFO Epoch 010 | val batch=80/188 | elapsed=0.3 min | eta=0.3 min
[2026-07-24 14:09:12] INFO Epoch 010 | val batch=90/188 | elapsed=0.3 min | eta=0.3 min
[2026-07-24 14:09:14] INFO Epoch 010 | val batch=100/188 | elapsed=0.3 min | eta=0.3 min
[2026-07-24 14:09:16] INFO Epoch 010 | val batch=110/188 | elapsed=0.4 min | eta=0.2 min
[2026-07-24 14:09:18] INFO Epoch 010 | val batch=120/188 | elapsed=0.4 min | eta=0.2 min
[2026-07-24 14:09:19] INFO Epoch 010 | val batch=130/188 | elapsed=0.4 min | eta=0.2 min
[2026-07-24 14:09:21] INFO Epoch 010 | val batch=140/188 | elapsed=0.4 min | eta=0.2 min
[2026-07-24 14:09:23] INFO Epoch 010 | val batch=150/188 | elapsed=0.5 min | eta=0.1 min
[2026-07-24 14:09:25] INFO Epoch 010 | val batch=160/188 | elapsed=0.5 min | eta=0.1 min
[2026-07-24 14:09:27] INFO Epoch 010 | val batch=170/188 | elapsed=0.5 min | eta=0.1 min
[2026-07-24 14:09:29] INFO Epoch 010 | val batch=180/188 | elapsed=0.6 min | eta=0.0 min
[2026-07-24 14:09:31] INFO Epoch 010 | val batch=188/188 | elapsed=0.6 min | eta=0.0 min
[2026-07-24 14:09:31] INFO Epoch 010 | train_total=0.463009 | val_total=0.441904 | val_mask=0.232698 | val_retrieval=2.092054 | val_anchors=611264 | val_positive_pairs=0 | val_hard_negatives=0 | val_relation_candidates=7439984 | val_teacher_keff=3.904 | val_student_keff=7.056 | val_masked_positions=42138022 | skipped(train/val)=0/0
[2026-07-24 14:09:31] INFO Checkpoint updated | epoch=10 | best_val=0.441904 | path=C:\Users\clw\projects\researchRep\STAnchor-BlockMemory\artifacts\metrla_e3_relation_seed42\pretrain_best.pt
[2026-07-24 14:09:31] INFO Epoch 011/050 started | train_batches=1418 | val_batches=188
[2026-07-24 14:09:31] INFO Epoch 011 | train batch=1/1418 | elapsed=0.0 min | eta=9.1 min
[2026-07-24 14:09:35] INFO Epoch 011 | train batch=10/1418 | elapsed=0.1 min | eta=9.9 min
[2026-07-24 14:09:39] INFO Epoch 011 | train batch=20/1418 | elapsed=0.1 min | eta=9.9 min
[2026-07-24 14:09:43] INFO Epoch 011 | train batch=30/1418 | elapsed=0.2 min | eta=9.9 min
[2026-07-24 14:09:48] INFO Epoch 011 | train batch=40/1418 | elapsed=0.3 min | eta=9.8 min
[2026-07-24 14:09:52] INFO Epoch 011 | train batch=50/1418 | elapsed=0.4 min | eta=9.7 min
[2026-07-24 14:09:56] INFO Epoch 011 | train batch=60/1418 | elapsed=0.4 min | eta=9.6 min
[2026-07-24 14:10:00] INFO Epoch 011 | train batch=70/1418 | elapsed=0.5 min | eta=9.6 min
[2026-07-24 14:10:05] INFO Epoch 011 | train batch=80/1418 | elapsed=0.6 min | eta=9.5 min
[2026-07-24 14:10:09] INFO Epoch 011 | train batch=90/1418 | elapsed=0.6 min | eta=9.4 min
[2026-07-24 14:10:13] INFO Epoch 011 | train batch=100/1418 | elapsed=0.7 min | eta=9.3 min
[2026-07-24 14:10:17] INFO Epoch 011 | train batch=110/1418 | elapsed=0.8 min | eta=9.2 min
[2026-07-24 14:10:22] INFO Epoch 011 | train batch=120/1418 | elapsed=0.9 min | eta=9.2 min
[2026-07-24 14:10:26] INFO Epoch 011 | train batch=130/1418 | elapsed=0.9 min | eta=9.1 min
[2026-07-24 14:10:31] INFO Epoch 011 | train batch=140/1418 | elapsed=1.0 min | eta=9.1 min
[2026-07-24 14:10:35] INFO Epoch 011 | train batch=150/1418 | elapsed=1.1 min | eta=9.1 min
[2026-07-24 14:10:39] INFO Epoch 011 | train batch=160/1418 | elapsed=1.1 min | eta=9.0 min
[2026-07-24 14:10:43] INFO Epoch 011 | train batch=170/1418 | elapsed=1.2 min | eta=8.9 min
[2026-07-24 14:10:48] INFO Epoch 011 | train batch=180/1418 | elapsed=1.3 min | eta=8.8 min
[2026-07-24 14:10:52] INFO Epoch 011 | train batch=190/1418 | elapsed=1.4 min | eta=8.7 min
[2026-07-24 14:10:56] INFO Epoch 011 | train batch=200/1418 | elapsed=1.4 min | eta=8.7 min
[2026-07-24 14:11:01] INFO Epoch 011 | train batch=210/1418 | elapsed=1.5 min | eta=8.6 min
[2026-07-24 14:11:05] INFO Epoch 011 | train batch=220/1418 | elapsed=1.6 min | eta=8.6 min
[2026-07-24 14:11:09] INFO Epoch 011 | train batch=230/1418 | elapsed=1.6 min | eta=8.5 min
[2026-07-24 14:11:14] INFO Epoch 011 | train batch=240/1418 | elapsed=1.7 min | eta=8.4 min
[2026-07-24 14:11:18] INFO Epoch 011 | train batch=250/1418 | elapsed=1.8 min | eta=8.3 min
[2026-07-24 14:11:22] INFO Epoch 011 | train batch=260/1418 | elapsed=1.9 min | eta=8.3 min
[2026-07-24 14:11:26] INFO Epoch 011 | train batch=270/1418 | elapsed=1.9 min | eta=8.2 min
[2026-07-24 14:11:30] INFO Epoch 011 | train batch=280/1418 | elapsed=2.0 min | eta=8.1 min
[2026-07-24 14:11:35] INFO Epoch 011 | train batch=290/1418 | elapsed=2.1 min | eta=8.1 min
[2026-07-24 14:11:39] INFO Epoch 011 | train batch=300/1418 | elapsed=2.1 min | eta=8.0 min
[2026-07-24 14:11:44] INFO Epoch 011 | train batch=310/1418 | elapsed=2.2 min | eta=7.9 min
[2026-07-24 14:11:48] INFO Epoch 011 | train batch=320/1418 | elapsed=2.3 min | eta=7.9 min
[2026-07-24 14:11:52] INFO Epoch 011 | train batch=330/1418 | elapsed=2.4 min | eta=7.8 min
[2026-07-24 14:11:57] INFO Epoch 011 | train batch=340/1418 | elapsed=2.4 min | eta=7.7 min
[2026-07-24 14:12:01] INFO Epoch 011 | train batch=350/1418 | elapsed=2.5 min | eta=7.7 min
[2026-07-24 14:12:06] INFO Epoch 011 | train batch=360/1418 | elapsed=2.6 min | eta=7.6 min
[2026-07-24 14:12:10] INFO Epoch 011 | train batch=370/1418 | elapsed=2.7 min | eta=7.5 min
[2026-07-24 14:12:14] INFO Epoch 011 | train batch=380/1418 | elapsed=2.7 min | eta=7.5 min
[2026-07-24 14:12:19] INFO Epoch 011 | train batch=390/1418 | elapsed=2.8 min | eta=7.4 min
[2026-07-24 14:12:23] INFO Epoch 011 | train batch=400/1418 | elapsed=2.9 min | eta=7.3 min
[2026-07-24 14:12:27] INFO Epoch 011 | train batch=410/1418 | elapsed=2.9 min | eta=7.2 min
[2026-07-24 14:12:31] INFO Epoch 011 | train batch=420/1418 | elapsed=3.0 min | eta=7.2 min
[2026-07-24 14:12:36] INFO Epoch 011 | train batch=430/1418 | elapsed=3.1 min | eta=7.1 min
[2026-07-24 14:12:41] INFO Epoch 011 | train batch=440/1418 | elapsed=3.2 min | eta=7.0 min
[2026-07-24 14:12:45] INFO Epoch 011 | train batch=450/1418 | elapsed=3.2 min | eta=7.0 min
[2026-07-24 14:12:49] INFO Epoch 011 | train batch=460/1418 | elapsed=3.3 min | eta=6.9 min
[2026-07-24 14:12:54] INFO Epoch 011 | train batch=470/1418 | elapsed=3.4 min | eta=6.8 min
[2026-07-24 14:12:58] INFO Epoch 011 | train batch=480/1418 | elapsed=3.5 min | eta=6.8 min
[2026-07-24 14:13:02] INFO Epoch 011 | train batch=490/1418 | elapsed=3.5 min | eta=6.7 min
[2026-07-24 14:13:07] INFO Epoch 011 | train batch=500/1418 | elapsed=3.6 min | eta=6.6 min
[2026-07-24 14:13:11] INFO Epoch 011 | train batch=510/1418 | elapsed=3.7 min | eta=6.5 min
[2026-07-24 14:13:15] INFO Epoch 011 | train batch=520/1418 | elapsed=3.7 min | eta=6.5 min
[2026-07-24 14:13:20] INFO Epoch 011 | train batch=530/1418 | elapsed=3.8 min | eta=6.4 min
[2026-07-24 14:13:23] INFO Epoch 011 | train batch=540/1418 | elapsed=3.9 min | eta=6.3 min
[2026-07-24 14:13:28] INFO Epoch 011 | train batch=550/1418 | elapsed=4.0 min | eta=6.2 min
[2026-07-24 14:13:32] INFO Epoch 011 | train batch=560/1418 | elapsed=4.0 min | eta=6.2 min
[2026-07-24 14:13:36] INFO Epoch 011 | train batch=570/1418 | elapsed=4.1 min | eta=6.1 min
[2026-07-24 14:13:40] INFO Epoch 011 | train batch=580/1418 | elapsed=4.2 min | eta=6.0 min
[2026-07-24 14:13:44] INFO Epoch 011 | train batch=590/1418 | elapsed=4.2 min | eta=5.9 min
[2026-07-24 14:13:48] INFO Epoch 011 | train batch=600/1418 | elapsed=4.3 min | eta=5.9 min
[2026-07-24 14:13:53] INFO Epoch 011 | train batch=610/1418 | elapsed=4.4 min | eta=5.8 min
[2026-07-24 14:13:57] INFO Epoch 011 | train batch=620/1418 | elapsed=4.4 min | eta=5.7 min
[2026-07-24 14:14:01] INFO Epoch 011 | train batch=630/1418 | elapsed=4.5 min | eta=5.6 min
[2026-07-24 14:14:05] INFO Epoch 011 | train batch=640/1418 | elapsed=4.6 min | eta=5.6 min
[2026-07-24 14:14:10] INFO Epoch 011 | train batch=650/1418 | elapsed=4.7 min | eta=5.5 min
[2026-07-24 14:14:14] INFO Epoch 011 | train batch=660/1418 | elapsed=4.7 min | eta=5.4 min
[2026-07-24 14:14:18] INFO Epoch 011 | train batch=670/1418 | elapsed=4.8 min | eta=5.4 min
[2026-07-24 14:14:22] INFO Epoch 011 | train batch=680/1418 | elapsed=4.9 min | eta=5.3 min
[2026-07-24 14:14:27] INFO Epoch 011 | train batch=690/1418 | elapsed=4.9 min | eta=5.2 min
[2026-07-24 14:14:31] INFO Epoch 011 | train batch=700/1418 | elapsed=5.0 min | eta=5.1 min
[2026-07-24 14:14:35] INFO Epoch 011 | train batch=710/1418 | elapsed=5.1 min | eta=5.1 min
[2026-07-24 14:14:39] INFO Epoch 011 | train batch=720/1418 | elapsed=5.1 min | eta=5.0 min
[2026-07-24 14:14:43] INFO Epoch 011 | train batch=730/1418 | elapsed=5.2 min | eta=4.9 min
[2026-07-24 14:14:48] INFO Epoch 011 | train batch=740/1418 | elapsed=5.3 min | eta=4.8 min
[2026-07-24 14:14:52] INFO Epoch 011 | train batch=750/1418 | elapsed=5.4 min | eta=4.8 min
[2026-07-24 14:14:56] INFO Epoch 011 | train batch=760/1418 | elapsed=5.4 min | eta=4.7 min
[2026-07-24 14:15:00] INFO Epoch 011 | train batch=770/1418 | elapsed=5.5 min | eta=4.6 min
[2026-07-24 14:15:04] INFO Epoch 011 | train batch=780/1418 | elapsed=5.6 min | eta=4.5 min
[2026-07-24 14:15:09] INFO Epoch 011 | train batch=790/1418 | elapsed=5.6 min | eta=4.5 min
[2026-07-24 14:15:13] INFO Epoch 011 | train batch=800/1418 | elapsed=5.7 min | eta=4.4 min
[2026-07-24 14:15:17] INFO Epoch 011 | train batch=810/1418 | elapsed=5.8 min | eta=4.3 min
[2026-07-24 14:15:22] INFO Epoch 011 | train batch=820/1418 | elapsed=5.8 min | eta=4.3 min
[2026-07-24 14:15:26] INFO Epoch 011 | train batch=830/1418 | elapsed=5.9 min | eta=4.2 min
[2026-07-24 14:15:30] INFO Epoch 011 | train batch=840/1418 | elapsed=6.0 min | eta=4.1 min
[2026-07-24 14:15:34] INFO Epoch 011 | train batch=850/1418 | elapsed=6.1 min | eta=4.1 min
[2026-07-24 14:15:39] INFO Epoch 011 | train batch=860/1418 | elapsed=6.1 min | eta=4.0 min
[2026-07-24 14:15:43] INFO Epoch 011 | train batch=870/1418 | elapsed=6.2 min | eta=3.9 min
[2026-07-24 14:15:47] INFO Epoch 011 | train batch=880/1418 | elapsed=6.3 min | eta=3.8 min
[2026-07-24 14:15:52] INFO Epoch 011 | train batch=890/1418 | elapsed=6.4 min | eta=3.8 min
[2026-07-24 14:15:56] INFO Epoch 011 | train batch=900/1418 | elapsed=6.4 min | eta=3.7 min
[2026-07-24 14:16:00] INFO Epoch 011 | train batch=910/1418 | elapsed=6.5 min | eta=3.6 min
[2026-07-24 14:16:05] INFO Epoch 011 | train batch=920/1418 | elapsed=6.6 min | eta=3.6 min
[2026-07-24 14:16:09] INFO Epoch 011 | train batch=930/1418 | elapsed=6.6 min | eta=3.5 min
[2026-07-24 14:16:13] INFO Epoch 011 | train batch=940/1418 | elapsed=6.7 min | eta=3.4 min
[2026-07-24 14:16:17] INFO Epoch 011 | train batch=950/1418 | elapsed=6.8 min | eta=3.3 min
[2026-07-24 14:16:22] INFO Epoch 011 | train batch=960/1418 | elapsed=6.9 min | eta=3.3 min
[2026-07-24 14:16:26] INFO Epoch 011 | train batch=970/1418 | elapsed=6.9 min | eta=3.2 min
[2026-07-24 14:16:31] INFO Epoch 011 | train batch=980/1418 | elapsed=7.0 min | eta=3.1 min
[2026-07-24 14:16:35] INFO Epoch 011 | train batch=990/1418 | elapsed=7.1 min | eta=3.1 min
[2026-07-24 14:16:39] INFO Epoch 011 | train batch=1000/1418 | elapsed=7.1 min | eta=3.0 min
[2026-07-24 14:16:44] INFO Epoch 011 | train batch=1010/1418 | elapsed=7.2 min | eta=2.9 min
[2026-07-24 14:16:48] INFO Epoch 011 | train batch=1020/1418 | elapsed=7.3 min | eta=2.8 min
[2026-07-24 14:16:52] INFO Epoch 011 | train batch=1030/1418 | elapsed=7.4 min | eta=2.8 min
[2026-07-24 14:16:57] INFO Epoch 011 | train batch=1040/1418 | elapsed=7.4 min | eta=2.7 min
[2026-07-24 14:17:01] INFO Epoch 011 | train batch=1050/1418 | elapsed=7.5 min | eta=2.6 min
[2026-07-24 14:17:05] INFO Epoch 011 | train batch=1060/1418 | elapsed=7.6 min | eta=2.6 min
[2026-07-24 14:17:09] INFO Epoch 011 | train batch=1070/1418 | elapsed=7.6 min | eta=2.5 min
[2026-07-24 14:17:14] INFO Epoch 011 | train batch=1080/1418 | elapsed=7.7 min | eta=2.4 min
[2026-07-24 14:17:18] INFO Epoch 011 | train batch=1090/1418 | elapsed=7.8 min | eta=2.3 min
[2026-07-24 14:17:22] INFO Epoch 011 | train batch=1100/1418 | elapsed=7.9 min | eta=2.3 min
[2026-07-24 14:17:26] INFO Epoch 011 | train batch=1110/1418 | elapsed=7.9 min | eta=2.2 min
[2026-07-24 14:17:30] INFO Epoch 011 | train batch=1120/1418 | elapsed=8.0 min | eta=2.1 min
[2026-07-24 14:17:34] INFO Epoch 011 | train batch=1130/1418 | elapsed=8.1 min | eta=2.1 min
[2026-07-24 14:17:39] INFO Epoch 011 | train batch=1140/1418 | elapsed=8.1 min | eta=2.0 min
[2026-07-24 14:17:43] INFO Epoch 011 | train batch=1150/1418 | elapsed=8.2 min | eta=1.9 min
[2026-07-24 14:17:47] INFO Epoch 011 | train batch=1160/1418 | elapsed=8.3 min | eta=1.8 min
[2026-07-24 14:17:51] INFO Epoch 011 | train batch=1170/1418 | elapsed=8.3 min | eta=1.8 min
[2026-07-24 14:17:56] INFO Epoch 011 | train batch=1180/1418 | elapsed=8.4 min | eta=1.7 min
[2026-07-24 14:18:00] INFO Epoch 011 | train batch=1190/1418 | elapsed=8.5 min | eta=1.6 min
[2026-07-24 14:18:04] INFO Epoch 011 | train batch=1200/1418 | elapsed=8.6 min | eta=1.6 min
[2026-07-24 14:18:09] INFO Epoch 011 | train batch=1210/1418 | elapsed=8.6 min | eta=1.5 min
[2026-07-24 14:18:13] INFO Epoch 011 | train batch=1220/1418 | elapsed=8.7 min | eta=1.4 min
[2026-07-24 14:18:17] INFO Epoch 011 | train batch=1230/1418 | elapsed=8.8 min | eta=1.3 min
[2026-07-24 14:18:22] INFO Epoch 011 | train batch=1240/1418 | elapsed=8.8 min | eta=1.3 min
[2026-07-24 14:18:26] INFO Epoch 011 | train batch=1250/1418 | elapsed=8.9 min | eta=1.2 min
[2026-07-24 14:18:30] INFO Epoch 011 | train batch=1260/1418 | elapsed=9.0 min | eta=1.1 min
[2026-07-24 14:18:34] INFO Epoch 011 | train batch=1270/1418 | elapsed=9.1 min | eta=1.1 min
[2026-07-24 14:18:39] INFO Epoch 011 | train batch=1280/1418 | elapsed=9.1 min | eta=1.0 min
[2026-07-24 14:18:43] INFO Epoch 011 | train batch=1290/1418 | elapsed=9.2 min | eta=0.9 min
[2026-07-24 14:18:47] INFO Epoch 011 | train batch=1300/1418 | elapsed=9.3 min | eta=0.8 min
[2026-07-24 14:18:52] INFO Epoch 011 | train batch=1310/1418 | elapsed=9.4 min | eta=0.8 min
[2026-07-24 14:18:56] INFO Epoch 011 | train batch=1320/1418 | elapsed=9.4 min | eta=0.7 min
[2026-07-24 14:19:00] INFO Epoch 011 | train batch=1330/1418 | elapsed=9.5 min | eta=0.6 min
[2026-07-24 14:19:05] INFO Epoch 011 | train batch=1340/1418 | elapsed=9.6 min | eta=0.6 min
[2026-07-24 14:19:09] INFO Epoch 011 | train batch=1350/1418 | elapsed=9.6 min | eta=0.5 min
[2026-07-24 14:19:13] INFO Epoch 011 | train batch=1360/1418 | elapsed=9.7 min | eta=0.4 min
[2026-07-24 14:19:17] INFO Epoch 011 | train batch=1370/1418 | elapsed=9.8 min | eta=0.3 min
[2026-07-24 14:19:22] INFO Epoch 011 | train batch=1380/1418 | elapsed=9.9 min | eta=0.3 min
[2026-07-24 14:19:26] INFO Epoch 011 | train batch=1390/1418 | elapsed=9.9 min | eta=0.2 min
[2026-07-24 14:19:31] INFO Epoch 011 | train batch=1400/1418 | elapsed=10.0 min | eta=0.1 min
[2026-07-24 14:19:35] INFO Epoch 011 | train batch=1410/1418 | elapsed=10.1 min | eta=0.1 min
[2026-07-24 14:19:38] INFO Epoch 011 | train batch=1418/1418 | elapsed=10.1 min | eta=0.0 min
[2026-07-24 14:19:39] INFO Epoch 011 | val batch=1/188 | elapsed=0.0 min | eta=0.4 min
[2026-07-24 14:19:40] INFO Epoch 011 | val batch=10/188 | elapsed=0.0 min | eta=0.6 min
[2026-07-24 14:19:42] INFO Epoch 011 | val batch=20/188 | elapsed=0.1 min | eta=0.5 min
[2026-07-24 14:19:44] INFO Epoch 011 | val batch=30/188 | elapsed=0.1 min | eta=0.5 min
[2026-07-24 14:19:46] INFO Epoch 011 | val batch=40/188 | elapsed=0.1 min | eta=0.5 min
[2026-07-24 14:19:48] INFO Epoch 011 | val batch=50/188 | elapsed=0.2 min | eta=0.4 min
[2026-07-24 14:19:50] INFO Epoch 011 | val batch=60/188 | elapsed=0.2 min | eta=0.4 min
[2026-07-24 14:19:51] INFO Epoch 011 | val batch=70/188 | elapsed=0.2 min | eta=0.4 min
[2026-07-24 14:19:53] INFO Epoch 011 | val batch=80/188 | elapsed=0.2 min | eta=0.3 min
[2026-07-24 14:19:55] INFO Epoch 011 | val batch=90/188 | elapsed=0.3 min | eta=0.3 min
[2026-07-24 14:19:57] INFO Epoch 011 | val batch=100/188 | elapsed=0.3 min | eta=0.3 min
[2026-07-24 14:19:59] INFO Epoch 011 | val batch=110/188 | elapsed=0.3 min | eta=0.2 min
[2026-07-24 14:20:01] INFO Epoch 011 | val batch=120/188 | elapsed=0.4 min | eta=0.2 min
[2026-07-24 14:20:03] INFO Epoch 011 | val batch=130/188 | elapsed=0.4 min | eta=0.2 min
[2026-07-24 14:20:05] INFO Epoch 011 | val batch=140/188 | elapsed=0.4 min | eta=0.1 min
[2026-07-24 14:20:06] INFO Epoch 011 | val batch=150/188 | elapsed=0.5 min | eta=0.1 min
[2026-07-24 14:20:08] INFO Epoch 011 | val batch=160/188 | elapsed=0.5 min | eta=0.1 min
[2026-07-24 14:20:10] INFO Epoch 011 | val batch=170/188 | elapsed=0.5 min | eta=0.1 min
[2026-07-24 14:20:12] INFO Epoch 011 | val batch=180/188 | elapsed=0.6 min | eta=0.0 min
[2026-07-24 14:20:13] INFO Epoch 011 | val batch=188/188 | elapsed=0.6 min | eta=0.0 min
[2026-07-24 14:20:13] INFO Epoch 011 | train_total=0.455516 | val_total=0.445968 | val_mask=0.235605 | val_retrieval=2.103629 | val_anchors=611264 | val_positive_pairs=0 | val_hard_negatives=0 | val_relation_candidates=7439984 | val_teacher_keff=3.904 | val_student_keff=6.797 | val_masked_positions=42193153 | skipped(train/val)=0/0
[2026-07-24 14:20:13] INFO Epoch 012/050 started | train_batches=1418 | val_batches=188
[2026-07-24 14:20:14] INFO Epoch 012 | train batch=1/1418 | elapsed=0.0 min | eta=11.5 min
[2026-07-24 14:20:18] INFO Epoch 012 | train batch=10/1418 | elapsed=0.1 min | eta=10.6 min
[2026-07-24 14:20:22] INFO Epoch 012 | train batch=20/1418 | elapsed=0.2 min | eta=10.5 min
[2026-07-24 14:20:27] INFO Epoch 012 | train batch=30/1418 | elapsed=0.2 min | eta=10.2 min
[2026-07-24 14:20:31] INFO Epoch 012 | train batch=40/1418 | elapsed=0.3 min | eta=10.0 min
[2026-07-24 14:20:35] INFO Epoch 012 | train batch=50/1418 | elapsed=0.4 min | eta=9.8 min
[2026-07-24 14:20:39] INFO Epoch 012 | train batch=60/1418 | elapsed=0.4 min | eta=9.8 min
[2026-07-24 14:20:44] INFO Epoch 012 | train batch=70/1418 | elapsed=0.5 min | eta=9.7 min
[2026-07-24 14:20:48] INFO Epoch 012 | train batch=80/1418 | elapsed=0.6 min | eta=9.6 min
[2026-07-24 14:20:52] INFO Epoch 012 | train batch=90/1418 | elapsed=0.6 min | eta=9.5 min
[2026-07-24 14:20:56] INFO Epoch 012 | train batch=100/1418 | elapsed=0.7 min | eta=9.4 min
[2026-07-24 14:21:01] INFO Epoch 012 | train batch=110/1418 | elapsed=0.8 min | eta=9.4 min
[2026-07-24 14:21:05] INFO Epoch 012 | train batch=120/1418 | elapsed=0.9 min | eta=9.3 min
[2026-07-24 14:21:09] INFO Epoch 012 | train batch=130/1418 | elapsed=0.9 min | eta=9.2 min
[2026-07-24 14:21:13] INFO Epoch 012 | train batch=140/1418 | elapsed=1.0 min | eta=9.1 min
[2026-07-24 14:21:18] INFO Epoch 012 | train batch=150/1418 | elapsed=1.1 min | eta=9.1 min
[2026-07-24 14:21:22] INFO Epoch 012 | train batch=160/1418 | elapsed=1.1 min | eta=9.0 min
[2026-07-24 14:21:26] INFO Epoch 012 | train batch=170/1418 | elapsed=1.2 min | eta=8.9 min
[2026-07-24 14:21:31] INFO Epoch 012 | train batch=180/1418 | elapsed=1.3 min | eta=8.9 min
[2026-07-24 14:21:35] INFO Epoch 012 | train batch=190/1418 | elapsed=1.4 min | eta=8.8 min
[2026-07-24 14:21:40] INFO Epoch 012 | train batch=200/1418 | elapsed=1.4 min | eta=8.8 min
[2026-07-24 14:21:44] INFO Epoch 012 | train batch=210/1418 | elapsed=1.5 min | eta=8.7 min
[2026-07-24 14:21:48] INFO Epoch 012 | train batch=220/1418 | elapsed=1.6 min | eta=8.6 min
[2026-07-24 14:21:53] INFO Epoch 012 | train batch=230/1418 | elapsed=1.7 min | eta=8.5 min
[2026-07-24 14:21:57] INFO Epoch 012 | train batch=240/1418 | elapsed=1.7 min | eta=8.5 min
[2026-07-24 14:22:01] INFO Epoch 012 | train batch=250/1418 | elapsed=1.8 min | eta=8.4 min
[2026-07-24 14:22:06] INFO Epoch 012 | train batch=260/1418 | elapsed=1.9 min | eta=8.3 min
[2026-07-24 14:22:10] INFO Epoch 012 | train batch=270/1418 | elapsed=1.9 min | eta=8.3 min
[2026-07-24 14:22:14] INFO Epoch 012 | train batch=280/1418 | elapsed=2.0 min | eta=8.2 min
[2026-07-24 14:22:19] INFO Epoch 012 | train batch=290/1418 | elapsed=2.1 min | eta=8.1 min
[2026-07-24 14:22:23] INFO Epoch 012 | train batch=300/1418 | elapsed=2.2 min | eta=8.1 min
[2026-07-24 14:22:27] INFO Epoch 012 | train batch=310/1418 | elapsed=2.2 min | eta=8.0 min
[2026-07-24 14:22:32] INFO Epoch 012 | train batch=320/1418 | elapsed=2.3 min | eta=7.9 min
[2026-07-24 14:22:36] INFO Epoch 012 | train batch=330/1418 | elapsed=2.4 min | eta=7.9 min
[2026-07-24 14:22:40] INFO Epoch 012 | train batch=340/1418 | elapsed=2.5 min | eta=7.8 min
[2026-07-24 14:22:44] INFO Epoch 012 | train batch=350/1418 | elapsed=2.5 min | eta=7.7 min
[2026-07-24 14:22:49] INFO Epoch 012 | train batch=360/1418 | elapsed=2.6 min | eta=7.6 min
[2026-07-24 14:22:53] INFO Epoch 012 | train batch=370/1418 | elapsed=2.7 min | eta=7.5 min
[2026-07-24 14:22:57] INFO Epoch 012 | train batch=380/1418 | elapsed=2.7 min | eta=7.5 min
[2026-07-24 14:23:01] INFO Epoch 012 | train batch=390/1418 | elapsed=2.8 min | eta=7.4 min
[2026-07-24 14:23:06] INFO Epoch 012 | train batch=400/1418 | elapsed=2.9 min | eta=7.3 min
[2026-07-24 14:23:10] INFO Epoch 012 | train batch=410/1418 | elapsed=2.9 min | eta=7.2 min
[2026-07-24 14:23:14] INFO Epoch 012 | train batch=420/1418 | elapsed=3.0 min | eta=7.2 min
[2026-07-24 14:23:19] INFO Epoch 012 | train batch=430/1418 | elapsed=3.1 min | eta=7.1 min
[2026-07-24 14:23:23] INFO Epoch 012 | train batch=440/1418 | elapsed=3.2 min | eta=7.0 min
[2026-07-24 14:23:27] INFO Epoch 012 | train batch=450/1418 | elapsed=3.2 min | eta=7.0 min
[2026-07-24 14:23:32] INFO Epoch 012 | train batch=460/1418 | elapsed=3.3 min | eta=6.9 min
[2026-07-24 14:23:36] INFO Epoch 012 | train batch=470/1418 | elapsed=3.4 min | eta=6.8 min
[2026-07-24 14:23:40] INFO Epoch 012 | train batch=480/1418 | elapsed=3.4 min | eta=6.7 min
[2026-07-24 14:23:44] INFO Epoch 012 | train batch=490/1418 | elapsed=3.5 min | eta=6.7 min
[2026-07-24 14:23:49] INFO Epoch 012 | train batch=500/1418 | elapsed=3.6 min | eta=6.6 min
[2026-07-24 14:23:53] INFO Epoch 012 | train batch=510/1418 | elapsed=3.7 min | eta=6.5 min
[2026-07-24 14:23:57] INFO Epoch 012 | train batch=520/1418 | elapsed=3.7 min | eta=6.4 min
[2026-07-24 14:24:02] INFO Epoch 012 | train batch=530/1418 | elapsed=3.8 min | eta=6.4 min
[2026-07-24 14:24:06] INFO Epoch 012 | train batch=540/1418 | elapsed=3.9 min | eta=6.3 min
[2026-07-24 14:24:10] INFO Epoch 012 | train batch=550/1418 | elapsed=3.9 min | eta=6.2 min
[2026-07-24 14:24:14] INFO Epoch 012 | train batch=560/1418 | elapsed=4.0 min | eta=6.2 min
[2026-07-24 14:24:19] INFO Epoch 012 | train batch=570/1418 | elapsed=4.1 min | eta=6.1 min
[2026-07-24 14:24:23] INFO Epoch 012 | train batch=580/1418 | elapsed=4.2 min | eta=6.0 min
[2026-07-24 14:24:27] INFO Epoch 012 | train batch=590/1418 | elapsed=4.2 min | eta=5.9 min
[2026-07-24 14:24:31] INFO Epoch 012 | train batch=600/1418 | elapsed=4.3 min | eta=5.9 min
[2026-07-24 14:24:35] INFO Epoch 012 | train batch=610/1418 | elapsed=4.4 min | eta=5.8 min
[2026-07-24 14:24:40] INFO Epoch 012 | train batch=620/1418 | elapsed=4.4 min | eta=5.7 min
[2026-07-24 14:24:44] INFO Epoch 012 | train batch=630/1418 | elapsed=4.5 min | eta=5.6 min
[2026-07-24 14:24:48] INFO Epoch 012 | train batch=640/1418 | elapsed=4.6 min | eta=5.6 min
[2026-07-24 14:24:52] INFO Epoch 012 | train batch=650/1418 | elapsed=4.7 min | eta=5.5 min
[2026-07-24 14:24:57] INFO Epoch 012 | train batch=660/1418 | elapsed=4.7 min | eta=5.4 min
[2026-07-24 14:25:01] INFO Epoch 012 | train batch=670/1418 | elapsed=4.8 min | eta=5.3 min
[2026-07-24 14:25:05] INFO Epoch 012 | train batch=680/1418 | elapsed=4.9 min | eta=5.3 min
[2026-07-24 14:25:09] INFO Epoch 012 | train batch=690/1418 | elapsed=4.9 min | eta=5.2 min
[2026-07-24 14:25:13] INFO Epoch 012 | train batch=700/1418 | elapsed=5.0 min | eta=5.1 min
[2026-07-24 14:25:17] INFO Epoch 012 | train batch=710/1418 | elapsed=5.1 min | eta=5.1 min
[2026-07-24 14:25:22] INFO Epoch 012 | train batch=720/1418 | elapsed=5.1 min | eta=5.0 min
[2026-07-24 14:25:26] INFO Epoch 012 | train batch=730/1418 | elapsed=5.2 min | eta=4.9 min
[2026-07-24 14:25:30] INFO Epoch 012 | train batch=740/1418 | elapsed=5.3 min | eta=4.8 min
[2026-07-24 14:25:35] INFO Epoch 012 | train batch=750/1418 | elapsed=5.4 min | eta=4.8 min
[2026-07-24 14:25:39] INFO Epoch 012 | train batch=760/1418 | elapsed=5.4 min | eta=4.7 min
[2026-07-24 14:25:43] INFO Epoch 012 | train batch=770/1418 | elapsed=5.5 min | eta=4.6 min
[2026-07-24 14:25:47] INFO Epoch 012 | train batch=780/1418 | elapsed=5.6 min | eta=4.6 min
[2026-07-24 14:25:52] INFO Epoch 012 | train batch=790/1418 | elapsed=5.6 min | eta=4.5 min
[2026-07-24 14:25:56] INFO Epoch 012 | train batch=800/1418 | elapsed=5.7 min | eta=4.4 min
[2026-07-24 14:26:00] INFO Epoch 012 | train batch=810/1418 | elapsed=5.8 min | eta=4.3 min
[2026-07-24 14:26:05] INFO Epoch 012 | train batch=820/1418 | elapsed=5.9 min | eta=4.3 min
[2026-07-24 14:26:09] INFO Epoch 012 | train batch=830/1418 | elapsed=5.9 min | eta=4.2 min
[2026-07-24 14:26:14] INFO Epoch 012 | train batch=840/1418 | elapsed=6.0 min | eta=4.1 min
[2026-07-24 14:26:18] INFO Epoch 012 | train batch=850/1418 | elapsed=6.1 min | eta=4.1 min
[2026-07-24 14:26:22] INFO Epoch 012 | train batch=860/1418 | elapsed=6.1 min | eta=4.0 min
[2026-07-24 14:26:26] INFO Epoch 012 | train batch=870/1418 | elapsed=6.2 min | eta=3.9 min
[2026-07-24 14:26:31] INFO Epoch 012 | train batch=880/1418 | elapsed=6.3 min | eta=3.8 min
[2026-07-24 14:26:35] INFO Epoch 012 | train batch=890/1418 | elapsed=6.4 min | eta=3.8 min
[2026-07-24 14:26:40] INFO Epoch 012 | train batch=900/1418 | elapsed=6.4 min | eta=3.7 min
[2026-07-24 14:26:44] INFO Epoch 012 | train batch=910/1418 | elapsed=6.5 min | eta=3.6 min
[2026-07-24 14:26:48] INFO Epoch 012 | train batch=920/1418 | elapsed=6.6 min | eta=3.6 min
[2026-07-24 14:26:52] INFO Epoch 012 | train batch=930/1418 | elapsed=6.6 min | eta=3.5 min
[2026-07-24 14:26:57] INFO Epoch 012 | train batch=940/1418 | elapsed=6.7 min | eta=3.4 min
[2026-07-24 14:27:01] INFO Epoch 012 | train batch=950/1418 | elapsed=6.8 min | eta=3.3 min
[2026-07-24 14:27:05] INFO Epoch 012 | train batch=960/1418 | elapsed=6.9 min | eta=3.3 min
[2026-07-24 14:27:10] INFO Epoch 012 | train batch=970/1418 | elapsed=6.9 min | eta=3.2 min
[2026-07-24 14:27:14] INFO Epoch 012 | train batch=980/1418 | elapsed=7.0 min | eta=3.1 min
[2026-07-24 14:27:19] INFO Epoch 012 | train batch=990/1418 | elapsed=7.1 min | eta=3.1 min
[2026-07-24 14:27:23] INFO Epoch 012 | train batch=1000/1418 | elapsed=7.2 min | eta=3.0 min
[2026-07-24 14:27:27] INFO Epoch 012 | train batch=1010/1418 | elapsed=7.2 min | eta=2.9 min
[2026-07-24 14:27:31] INFO Epoch 012 | train batch=1020/1418 | elapsed=7.3 min | eta=2.8 min
[2026-07-24 14:27:36] INFO Epoch 012 | train batch=1030/1418 | elapsed=7.4 min | eta=2.8 min
[2026-07-24 14:27:40] INFO Epoch 012 | train batch=1040/1418 | elapsed=7.4 min | eta=2.7 min
[2026-07-24 14:27:45] INFO Epoch 012 | train batch=1050/1418 | elapsed=7.5 min | eta=2.6 min
[2026-07-24 14:27:49] INFO Epoch 012 | train batch=1060/1418 | elapsed=7.6 min | eta=2.6 min
[2026-07-24 14:27:53] INFO Epoch 012 | train batch=1070/1418 | elapsed=7.7 min | eta=2.5 min
[2026-07-24 14:27:58] INFO Epoch 012 | train batch=1080/1418 | elapsed=7.7 min | eta=2.4 min
[2026-07-24 14:28:02] INFO Epoch 012 | train batch=1090/1418 | elapsed=7.8 min | eta=2.4 min
[2026-07-24 14:28:06] INFO Epoch 012 | train batch=1100/1418 | elapsed=7.9 min | eta=2.3 min
[2026-07-24 14:28:11] INFO Epoch 012 | train batch=1110/1418 | elapsed=8.0 min | eta=2.2 min
[2026-07-24 14:28:15] INFO Epoch 012 | train batch=1120/1418 | elapsed=8.0 min | eta=2.1 min
[2026-07-24 14:28:19] INFO Epoch 012 | train batch=1130/1418 | elapsed=8.1 min | eta=2.1 min
[2026-07-24 14:28:23] INFO Epoch 012 | train batch=1140/1418 | elapsed=8.2 min | eta=2.0 min
[2026-07-24 14:28:28] INFO Epoch 012 | train batch=1150/1418 | elapsed=8.2 min | eta=1.9 min
[2026-07-24 14:28:32] INFO Epoch 012 | train batch=1160/1418 | elapsed=8.3 min | eta=1.8 min
[2026-07-24 14:28:36] INFO Epoch 012 | train batch=1170/1418 | elapsed=8.4 min | eta=1.8 min
[2026-07-24 14:28:40] INFO Epoch 012 | train batch=1180/1418 | elapsed=8.4 min | eta=1.7 min
[2026-07-24 14:28:45] INFO Epoch 012 | train batch=1190/1418 | elapsed=8.5 min | eta=1.6 min
[2026-07-24 14:28:49] INFO Epoch 012 | train batch=1200/1418 | elapsed=8.6 min | eta=1.6 min
[2026-07-24 14:28:53] INFO Epoch 012 | train batch=1210/1418 | elapsed=8.7 min | eta=1.5 min
[2026-07-24 14:28:57] INFO Epoch 012 | train batch=1220/1418 | elapsed=8.7 min | eta=1.4 min
[2026-07-24 14:29:01] INFO Epoch 012 | train batch=1230/1418 | elapsed=8.8 min | eta=1.3 min
[2026-07-24 14:29:06] INFO Epoch 012 | train batch=1240/1418 | elapsed=8.9 min | eta=1.3 min
[2026-07-24 14:29:10] INFO Epoch 012 | train batch=1250/1418 | elapsed=8.9 min | eta=1.2 min
[2026-07-24 14:29:14] INFO Epoch 012 | train batch=1260/1418 | elapsed=9.0 min | eta=1.1 min
[2026-07-24 14:29:18] INFO Epoch 012 | train batch=1270/1418 | elapsed=9.1 min | eta=1.1 min
[2026-07-24 14:29:22] INFO Epoch 012 | train batch=1280/1418 | elapsed=9.2 min | eta=1.0 min
[2026-07-24 14:29:27] INFO Epoch 012 | train batch=1290/1418 | elapsed=9.2 min | eta=0.9 min
[2026-07-24 14:29:31] INFO Epoch 012 | train batch=1300/1418 | elapsed=9.3 min | eta=0.8 min
[2026-07-24 14:29:35] INFO Epoch 012 | train batch=1310/1418 | elapsed=9.4 min | eta=0.8 min
[2026-07-24 14:29:39] INFO Epoch 012 | train batch=1320/1418 | elapsed=9.4 min | eta=0.7 min
[2026-07-24 14:29:44] INFO Epoch 012 | train batch=1330/1418 | elapsed=9.5 min | eta=0.6 min
[2026-07-24 14:29:48] INFO Epoch 012 | train batch=1340/1418 | elapsed=9.6 min | eta=0.6 min
[2026-07-24 14:29:52] INFO Epoch 012 | train batch=1350/1418 | elapsed=9.6 min | eta=0.5 min
[2026-07-24 14:29:56] INFO Epoch 012 | train batch=1360/1418 | elapsed=9.7 min | eta=0.4 min
[2026-07-24 14:30:01] INFO Epoch 012 | train batch=1370/1418 | elapsed=9.8 min | eta=0.3 min
[2026-07-24 14:30:05] INFO Epoch 012 | train batch=1380/1418 | elapsed=9.9 min | eta=0.3 min
[2026-07-24 14:30:09] INFO Epoch 012 | train batch=1390/1418 | elapsed=9.9 min | eta=0.2 min
[2026-07-24 14:30:13] INFO Epoch 012 | train batch=1400/1418 | elapsed=10.0 min | eta=0.1 min
[2026-07-24 14:30:18] INFO Epoch 012 | train batch=1410/1418 | elapsed=10.1 min | eta=0.1 min
[2026-07-24 14:30:21] INFO Epoch 012 | train batch=1418/1418 | elapsed=10.1 min | eta=0.0 min
[2026-07-24 14:30:21] INFO Epoch 012 | val batch=1/188 | elapsed=0.0 min | eta=0.4 min
[2026-07-24 14:30:23] INFO Epoch 012 | val batch=10/188 | elapsed=0.0 min | eta=0.6 min
[2026-07-24 14:30:25] INFO Epoch 012 | val batch=20/188 | elapsed=0.1 min | eta=0.5 min
[2026-07-24 14:30:27] INFO Epoch 012 | val batch=30/188 | elapsed=0.1 min | eta=0.5 min
[2026-07-24 14:30:29] INFO Epoch 012 | val batch=40/188 | elapsed=0.1 min | eta=0.5 min
[2026-07-24 14:30:30] INFO Epoch 012 | val batch=50/188 | elapsed=0.2 min | eta=0.4 min
[2026-07-24 14:30:32] INFO Epoch 012 | val batch=60/188 | elapsed=0.2 min | eta=0.4 min
[2026-07-24 14:30:34] INFO Epoch 012 | val batch=70/188 | elapsed=0.2 min | eta=0.4 min
[2026-07-24 14:30:36] INFO Epoch 012 | val batch=80/188 | elapsed=0.2 min | eta=0.3 min
[2026-07-24 14:30:38] INFO Epoch 012 | val batch=90/188 | elapsed=0.3 min | eta=0.3 min
[2026-07-24 14:30:40] INFO Epoch 012 | val batch=100/188 | elapsed=0.3 min | eta=0.3 min
[2026-07-24 14:30:42] INFO Epoch 012 | val batch=110/188 | elapsed=0.3 min | eta=0.2 min
[2026-07-24 14:30:44] INFO Epoch 012 | val batch=120/188 | elapsed=0.4 min | eta=0.2 min
[2026-07-24 14:30:46] INFO Epoch 012 | val batch=130/188 | elapsed=0.4 min | eta=0.2 min
[2026-07-24 14:30:47] INFO Epoch 012 | val batch=140/188 | elapsed=0.4 min | eta=0.1 min
[2026-07-24 14:30:49] INFO Epoch 012 | val batch=150/188 | elapsed=0.5 min | eta=0.1 min
[2026-07-24 14:30:51] INFO Epoch 012 | val batch=160/188 | elapsed=0.5 min | eta=0.1 min
[2026-07-24 14:30:53] INFO Epoch 012 | val batch=170/188 | elapsed=0.5 min | eta=0.1 min
[2026-07-24 14:30:55] INFO Epoch 012 | val batch=180/188 | elapsed=0.6 min | eta=0.0 min
[2026-07-24 14:30:56] INFO Epoch 012 | val batch=188/188 | elapsed=0.6 min | eta=0.0 min
[2026-07-24 14:30:56] INFO Epoch 012 | train_total=0.458356 | val_total=0.439087 | val_mask=0.230591 | val_retrieval=2.084960 | val_anchors=611264 | val_positive_pairs=0 | val_hard_negatives=0 | val_relation_candidates=7439984 | val_teacher_keff=3.904 | val_student_keff=7.354 | val_masked_positions=42185966 | skipped(train/val)=0/0
[2026-07-24 14:30:56] INFO Checkpoint updated | epoch=12 | best_val=0.439087 | path=C:\Users\clw\projects\researchRep\STAnchor-BlockMemory\artifacts\metrla_e3_relation_seed42\pretrain_best.pt
[2026-07-24 14:30:56] INFO Relation checkpoint updated | epoch=12 | best_val_relation=2.084960 | path=C:\Users\clw\projects\researchRep\STAnchor-BlockMemory\artifacts\metrla_e3_relation_seed42\pretrain_best_relation.pt
[2026-07-24 14:30:56] INFO Epoch 013/050 started | train_batches=1418 | val_batches=188
[2026-07-24 14:30:57] INFO Epoch 013 | train batch=1/1418 | elapsed=0.0 min | eta=9.1 min
[2026-07-24 14:31:00] INFO Epoch 013 | train batch=10/1418 | elapsed=0.1 min | eta=9.9 min
[2026-07-24 14:31:05] INFO Epoch 013 | train batch=20/1418 | elapsed=0.1 min | eta=9.9 min
[2026-07-24 14:31:09] INFO Epoch 013 | train batch=30/1418 | elapsed=0.2 min | eta=10.0 min
[2026-07-24 14:31:13] INFO Epoch 013 | train batch=40/1418 | elapsed=0.3 min | eta=9.9 min
[2026-07-24 14:31:18] INFO Epoch 013 | train batch=50/1418 | elapsed=0.4 min | eta=9.9 min
[2026-07-24 14:31:22] INFO Epoch 013 | train batch=60/1418 | elapsed=0.4 min | eta=9.8 min
[2026-07-24 14:31:26] INFO Epoch 013 | train batch=70/1418 | elapsed=0.5 min | eta=9.7 min
[2026-07-24 14:31:31] INFO Epoch 013 | train batch=80/1418 | elapsed=0.6 min | eta=9.6 min
[2026-07-24 14:31:35] INFO Epoch 013 | train batch=90/1418 | elapsed=0.6 min | eta=9.5 min
[2026-07-24 14:31:39] INFO Epoch 013 | train batch=100/1418 | elapsed=0.7 min | eta=9.5 min
[2026-07-24 14:31:43] INFO Epoch 013 | train batch=110/1418 | elapsed=0.8 min | eta=9.3 min
[2026-07-24 14:31:47] INFO Epoch 013 | train batch=120/1418 | elapsed=0.9 min | eta=9.2 min
[2026-07-24 14:31:51] INFO Epoch 013 | train batch=130/1418 | elapsed=0.9 min | eta=9.1 min
[2026-07-24 14:31:56] INFO Epoch 013 | train batch=140/1418 | elapsed=1.0 min | eta=9.1 min
[2026-07-24 14:32:00] INFO Epoch 013 | train batch=150/1418 | elapsed=1.1 min | eta=9.0 min
[2026-07-24 14:32:04] INFO Epoch 013 | train batch=160/1418 | elapsed=1.1 min | eta=8.9 min
[2026-07-24 14:32:08] INFO Epoch 013 | train batch=170/1418 | elapsed=1.2 min | eta=8.8 min
[2026-07-24 14:32:13] INFO Epoch 013 | train batch=180/1418 | elapsed=1.3 min | eta=8.8 min
[2026-07-24 14:32:17] INFO Epoch 013 | train batch=190/1418 | elapsed=1.3 min | eta=8.7 min
[2026-07-24 14:32:21] INFO Epoch 013 | train batch=200/1418 | elapsed=1.4 min | eta=8.7 min
[2026-07-24 14:32:26] INFO Epoch 013 | train batch=210/1418 | elapsed=1.5 min | eta=8.6 min
[2026-07-24 14:32:30] INFO Epoch 013 | train batch=220/1418 | elapsed=1.6 min | eta=8.5 min
[2026-07-24 14:32:35] INFO Epoch 013 | train batch=230/1418 | elapsed=1.6 min | eta=8.5 min
[2026-07-24 14:32:39] INFO Epoch 013 | train batch=240/1418 | elapsed=1.7 min | eta=8.4 min
[2026-07-24 14:32:43] INFO Epoch 013 | train batch=250/1418 | elapsed=1.8 min | eta=8.3 min
[2026-07-24 14:32:47] INFO Epoch 013 | train batch=260/1418 | elapsed=1.9 min | eta=8.3 min
[2026-07-24 14:32:52] INFO Epoch 013 | train batch=270/1418 | elapsed=1.9 min | eta=8.2 min
[2026-07-24 14:32:56] INFO Epoch 013 | train batch=280/1418 | elapsed=2.0 min | eta=8.1 min
[2026-07-24 14:33:00] INFO Epoch 013 | train batch=290/1418 | elapsed=2.1 min | eta=8.1 min
[2026-07-24 14:33:05] INFO Epoch 013 | train batch=300/1418 | elapsed=2.1 min | eta=8.0 min
[2026-07-24 14:33:09] INFO Epoch 013 | train batch=310/1418 | elapsed=2.2 min | eta=7.9 min
[2026-07-24 14:33:13] INFO Epoch 013 | train batch=320/1418 | elapsed=2.3 min | eta=7.8 min
[2026-07-24 14:33:18] INFO Epoch 013 | train batch=330/1418 | elapsed=2.4 min | eta=7.8 min
[2026-07-24 14:33:22] INFO Epoch 013 | train batch=340/1418 | elapsed=2.4 min | eta=7.7 min
[2026-07-24 14:33:26] INFO Epoch 013 | train batch=350/1418 | elapsed=2.5 min | eta=7.6 min
[2026-07-24 14:33:30] INFO Epoch 013 | train batch=360/1418 | elapsed=2.6 min | eta=7.5 min
[2026-07-24 14:33:34] INFO Epoch 013 | train batch=370/1418 | elapsed=2.6 min | eta=7.5 min
[2026-07-24 14:33:39] INFO Epoch 013 | train batch=380/1418 | elapsed=2.7 min | eta=7.4 min
[2026-07-24 14:33:43] INFO Epoch 013 | train batch=390/1418 | elapsed=2.8 min | eta=7.3 min
[2026-07-24 14:33:47] INFO Epoch 013 | train batch=400/1418 | elapsed=2.9 min | eta=7.3 min
[2026-07-24 14:33:52] INFO Epoch 013 | train batch=410/1418 | elapsed=2.9 min | eta=7.2 min
[2026-07-24 14:33:56] INFO Epoch 013 | train batch=420/1418 | elapsed=3.0 min | eta=7.1 min
[2026-07-24 14:34:00] INFO Epoch 013 | train batch=430/1418 | elapsed=3.1 min | eta=7.1 min
[2026-07-24 14:34:04] INFO Epoch 013 | train batch=440/1418 | elapsed=3.1 min | eta=7.0 min
[2026-07-24 14:34:09] INFO Epoch 013 | train batch=450/1418 | elapsed=3.2 min | eta=6.9 min
[2026-07-24 14:34:13] INFO Epoch 013 | train batch=460/1418 | elapsed=3.3 min | eta=6.8 min
[2026-07-24 14:34:17] INFO Epoch 013 | train batch=470/1418 | elapsed=3.4 min | eta=6.8 min
[2026-07-24 14:34:21] INFO Epoch 013 | train batch=480/1418 | elapsed=3.4 min | eta=6.7 min
[2026-07-24 14:34:26] INFO Epoch 013 | train batch=490/1418 | elapsed=3.5 min | eta=6.6 min
[2026-07-24 14:34:30] INFO Epoch 013 | train batch=500/1418 | elapsed=3.6 min | eta=6.5 min
[2026-07-24 14:34:34] INFO Epoch 013 | train batch=510/1418 | elapsed=3.6 min | eta=6.5 min
[2026-07-24 14:34:39] INFO Epoch 013 | train batch=520/1418 | elapsed=3.7 min | eta=6.4 min
[2026-07-24 14:34:43] INFO Epoch 013 | train batch=530/1418 | elapsed=3.8 min | eta=6.3 min
[2026-07-24 14:34:47] INFO Epoch 013 | train batch=540/1418 | elapsed=3.8 min | eta=6.3 min
[2026-07-24 14:34:51] INFO Epoch 013 | train batch=550/1418 | elapsed=3.9 min | eta=6.2 min
[2026-07-24 14:34:56] INFO Epoch 013 | train batch=560/1418 | elapsed=4.0 min | eta=6.1 min
[2026-07-24 14:35:00] INFO Epoch 013 | train batch=570/1418 | elapsed=4.1 min | eta=6.0 min
[2026-07-24 14:35:04] INFO Epoch 013 | train batch=580/1418 | elapsed=4.1 min | eta=6.0 min
[2026-07-24 14:35:08] INFO Epoch 013 | train batch=590/1418 | elapsed=4.2 min | eta=5.9 min
[2026-07-24 14:35:13] INFO Epoch 013 | train batch=600/1418 | elapsed=4.3 min | eta=5.8 min
[2026-07-24 14:35:17] INFO Epoch 013 | train batch=610/1418 | elapsed=4.3 min | eta=5.8 min
[2026-07-24 14:35:21] INFO Epoch 013 | train batch=620/1418 | elapsed=4.4 min | eta=5.7 min
[2026-07-24 14:35:25] INFO Epoch 013 | train batch=630/1418 | elapsed=4.5 min | eta=5.6 min
[2026-07-24 14:35:30] INFO Epoch 013 | train batch=640/1418 | elapsed=4.6 min | eta=5.5 min
[2026-07-24 14:35:34] INFO Epoch 013 | train batch=650/1418 | elapsed=4.6 min | eta=5.5 min
[2026-07-24 14:35:38] INFO Epoch 013 | train batch=660/1418 | elapsed=4.7 min | eta=5.4 min
[2026-07-24 14:35:42] INFO Epoch 013 | train batch=670/1418 | elapsed=4.8 min | eta=5.3 min
[2026-07-24 14:35:46] INFO Epoch 013 | train batch=680/1418 | elapsed=4.8 min | eta=5.2 min
[2026-07-24 14:35:50] INFO Epoch 013 | train batch=690/1418 | elapsed=4.9 min | eta=5.2 min
[2026-07-24 14:35:54] INFO Epoch 013 | train batch=700/1418 | elapsed=5.0 min | eta=5.1 min
[2026-07-24 14:35:59] INFO Epoch 013 | train batch=710/1418 | elapsed=5.0 min | eta=5.0 min
[2026-07-24 14:36:03] INFO Epoch 013 | train batch=720/1418 | elapsed=5.1 min | eta=5.0 min
[2026-07-24 14:36:07] INFO Epoch 013 | train batch=730/1418 | elapsed=5.2 min | eta=4.9 min
[2026-07-24 14:36:11] INFO Epoch 013 | train batch=740/1418 | elapsed=5.3 min | eta=4.8 min
[2026-07-24 14:36:16] INFO Epoch 013 | train batch=750/1418 | elapsed=5.3 min | eta=4.7 min
[2026-07-24 14:36:20] INFO Epoch 013 | train batch=760/1418 | elapsed=5.4 min | eta=4.7 min
[2026-07-24 14:36:24] INFO Epoch 013 | train batch=770/1418 | elapsed=5.5 min | eta=4.6 min
[2026-07-24 14:36:29] INFO Epoch 013 | train batch=780/1418 | elapsed=5.5 min | eta=4.5 min
[2026-07-24 14:36:33] INFO Epoch 013 | train batch=790/1418 | elapsed=5.6 min | eta=4.5 min
[2026-07-24 14:36:37] INFO Epoch 013 | train batch=800/1418 | elapsed=5.7 min | eta=4.4 min
[2026-07-24 14:36:41] INFO Epoch 013 | train batch=810/1418 | elapsed=5.8 min | eta=4.3 min
[2026-07-24 14:36:45] INFO Epoch 013 | train batch=820/1418 | elapsed=5.8 min | eta=4.2 min
[2026-07-24 14:36:50] INFO Epoch 013 | train batch=830/1418 | elapsed=5.9 min | eta=4.2 min
[2026-07-24 14:36:54] INFO Epoch 013 | train batch=840/1418 | elapsed=6.0 min | eta=4.1 min
[2026-07-24 14:36:58] INFO Epoch 013 | train batch=850/1418 | elapsed=6.0 min | eta=4.0 min
[2026-07-24 14:37:03] INFO Epoch 013 | train batch=860/1418 | elapsed=6.1 min | eta=4.0 min
[2026-07-24 14:37:07] INFO Epoch 013 | train batch=870/1418 | elapsed=6.2 min | eta=3.9 min
[2026-07-24 14:37:12] INFO Epoch 013 | train batch=880/1418 | elapsed=6.3 min | eta=3.8 min
[2026-07-24 14:37:16] INFO Epoch 013 | train batch=890/1418 | elapsed=6.3 min | eta=3.8 min
[2026-07-24 14:37:21] INFO Epoch 013 | train batch=900/1418 | elapsed=6.4 min | eta=3.7 min
[2026-07-24 14:37:25] INFO Epoch 013 | train batch=910/1418 | elapsed=6.5 min | eta=3.6 min
[2026-07-24 14:37:29] INFO Epoch 013 | train batch=920/1418 | elapsed=6.6 min | eta=3.5 min
[2026-07-24 14:37:34] INFO Epoch 013 | train batch=930/1418 | elapsed=6.6 min | eta=3.5 min
[2026-07-24 14:37:38] INFO Epoch 013 | train batch=940/1418 | elapsed=6.7 min | eta=3.4 min
[2026-07-24 14:37:42] INFO Epoch 013 | train batch=950/1418 | elapsed=6.8 min | eta=3.3 min
[2026-07-24 14:37:46] INFO Epoch 013 | train batch=960/1418 | elapsed=6.8 min | eta=3.3 min
[2026-07-24 14:37:50] INFO Epoch 013 | train batch=970/1418 | elapsed=6.9 min | eta=3.2 min
[2026-07-24 14:37:54] INFO Epoch 013 | train batch=980/1418 | elapsed=7.0 min | eta=3.1 min
[2026-07-24 14:37:58] INFO Epoch 013 | train batch=990/1418 | elapsed=7.0 min | eta=3.0 min
[2026-07-24 14:38:03] INFO Epoch 013 | train batch=1000/1418 | elapsed=7.1 min | eta=3.0 min
[2026-07-24 14:38:07] INFO Epoch 013 | train batch=1010/1418 | elapsed=7.2 min | eta=2.9 min
[2026-07-24 14:38:12] INFO Epoch 013 | train batch=1020/1418 | elapsed=7.3 min | eta=2.8 min
[2026-07-24 14:38:16] INFO Epoch 013 | train batch=1030/1418 | elapsed=7.3 min | eta=2.8 min
[2026-07-24 14:38:21] INFO Epoch 013 | train batch=1040/1418 | elapsed=7.4 min | eta=2.7 min
[2026-07-24 14:38:25] INFO Epoch 013 | train batch=1050/1418 | elapsed=7.5 min | eta=2.6 min
[2026-07-24 14:38:29] INFO Epoch 013 | train batch=1060/1418 | elapsed=7.6 min | eta=2.6 min
[2026-07-24 14:38:34] INFO Epoch 013 | train batch=1070/1418 | elapsed=7.6 min | eta=2.5 min
[2026-07-24 14:38:38] INFO Epoch 013 | train batch=1080/1418 | elapsed=7.7 min | eta=2.4 min
[2026-07-24 14:38:43] INFO Epoch 013 | train batch=1090/1418 | elapsed=7.8 min | eta=2.3 min
[2026-07-24 14:38:47] INFO Epoch 013 | train batch=1100/1418 | elapsed=7.8 min | eta=2.3 min
[2026-07-24 14:38:51] INFO Epoch 013 | train batch=1110/1418 | elapsed=7.9 min | eta=2.2 min
[2026-07-24 14:38:56] INFO Epoch 013 | train batch=1120/1418 | elapsed=8.0 min | eta=2.1 min
[2026-07-24 14:39:00] INFO Epoch 013 | train batch=1130/1418 | elapsed=8.1 min | eta=2.1 min
[2026-07-24 14:39:04] INFO Epoch 013 | train batch=1140/1418 | elapsed=8.1 min | eta=2.0 min
[2026-07-24 14:39:09] INFO Epoch 013 | train batch=1150/1418 | elapsed=8.2 min | eta=1.9 min
[2026-07-24 14:39:13] INFO Epoch 013 | train batch=1160/1418 | elapsed=8.3 min | eta=1.8 min
[2026-07-24 14:39:18] INFO Epoch 013 | train batch=1170/1418 | elapsed=8.4 min | eta=1.8 min
[2026-07-24 14:39:22] INFO Epoch 013 | train batch=1180/1418 | elapsed=8.4 min | eta=1.7 min
[2026-07-24 14:39:27] INFO Epoch 013 | train batch=1190/1418 | elapsed=8.5 min | eta=1.6 min
[2026-07-24 14:39:31] INFO Epoch 013 | train batch=1200/1418 | elapsed=8.6 min | eta=1.6 min
[2026-07-24 14:39:35] INFO Epoch 013 | train batch=1210/1418 | elapsed=8.6 min | eta=1.5 min
[2026-07-24 14:39:39] INFO Epoch 013 | train batch=1220/1418 | elapsed=8.7 min | eta=1.4 min
[2026-07-24 14:39:43] INFO Epoch 013 | train batch=1230/1418 | elapsed=8.8 min | eta=1.3 min
[2026-07-24 14:39:48] INFO Epoch 013 | train batch=1240/1418 | elapsed=8.9 min | eta=1.3 min
[2026-07-24 14:39:52] INFO Epoch 013 | train batch=1250/1418 | elapsed=8.9 min | eta=1.2 min
[2026-07-24 14:39:56] INFO Epoch 013 | train batch=1260/1418 | elapsed=9.0 min | eta=1.1 min
[2026-07-24 14:40:00] INFO Epoch 013 | train batch=1270/1418 | elapsed=9.1 min | eta=1.1 min
[2026-07-24 14:40:05] INFO Epoch 013 | train batch=1280/1418 | elapsed=9.1 min | eta=1.0 min
[2026-07-24 14:40:09] INFO Epoch 013 | train batch=1290/1418 | elapsed=9.2 min | eta=0.9 min
[2026-07-24 14:40:13] INFO Epoch 013 | train batch=1300/1418 | elapsed=9.3 min | eta=0.8 min
[2026-07-24 14:40:18] INFO Epoch 013 | train batch=1310/1418 | elapsed=9.4 min | eta=0.8 min
[2026-07-24 14:40:22] INFO Epoch 013 | train batch=1320/1418 | elapsed=9.4 min | eta=0.7 min
[2026-07-24 14:40:27] INFO Epoch 013 | train batch=1330/1418 | elapsed=9.5 min | eta=0.6 min
[2026-07-24 14:40:31] INFO Epoch 013 | train batch=1340/1418 | elapsed=9.6 min | eta=0.6 min
[2026-07-24 14:40:35] INFO Epoch 013 | train batch=1350/1418 | elapsed=9.6 min | eta=0.5 min
[2026-07-24 14:40:39] INFO Epoch 013 | train batch=1360/1418 | elapsed=9.7 min | eta=0.4 min
[2026-07-24 14:40:44] INFO Epoch 013 | train batch=1370/1418 | elapsed=9.8 min | eta=0.3 min
[2026-07-24 14:40:48] INFO Epoch 013 | train batch=1380/1418 | elapsed=9.9 min | eta=0.3 min
[2026-07-24 14:40:52] INFO Epoch 013 | train batch=1390/1418 | elapsed=9.9 min | eta=0.2 min
[2026-07-24 14:40:57] INFO Epoch 013 | train batch=1400/1418 | elapsed=10.0 min | eta=0.1 min
[2026-07-24 14:41:01] INFO Epoch 013 | train batch=1410/1418 | elapsed=10.1 min | eta=0.1 min
[2026-07-24 14:41:05] INFO Epoch 013 | train batch=1418/1418 | elapsed=10.1 min | eta=0.0 min
[2026-07-24 14:41:05] INFO Epoch 013 | val batch=1/188 | elapsed=0.0 min | eta=0.4 min
[2026-07-24 14:41:06] INFO Epoch 013 | val batch=10/188 | elapsed=0.0 min | eta=0.6 min
[2026-07-24 14:41:08] INFO Epoch 013 | val batch=20/188 | elapsed=0.1 min | eta=0.5 min
[2026-07-24 14:41:10] INFO Epoch 013 | val batch=30/188 | elapsed=0.1 min | eta=0.5 min
[2026-07-24 14:41:12] INFO Epoch 013 | val batch=40/188 | elapsed=0.1 min | eta=0.5 min
[2026-07-24 14:41:14] INFO Epoch 013 | val batch=50/188 | elapsed=0.2 min | eta=0.4 min
[2026-07-24 14:41:16] INFO Epoch 013 | val batch=60/188 | elapsed=0.2 min | eta=0.4 min
[2026-07-24 14:41:18] INFO Epoch 013 | val batch=70/188 | elapsed=0.2 min | eta=0.4 min
[2026-07-24 14:41:20] INFO Epoch 013 | val batch=80/188 | elapsed=0.2 min | eta=0.3 min
[2026-07-24 14:41:21] INFO Epoch 013 | val batch=90/188 | elapsed=0.3 min | eta=0.3 min
[2026-07-24 14:41:23] INFO Epoch 013 | val batch=100/188 | elapsed=0.3 min | eta=0.3 min
[2026-07-24 14:41:25] INFO Epoch 013 | val batch=110/188 | elapsed=0.3 min | eta=0.2 min
[2026-07-24 14:41:27] INFO Epoch 013 | val batch=120/188 | elapsed=0.4 min | eta=0.2 min
[2026-07-24 14:41:29] INFO Epoch 013 | val batch=130/188 | elapsed=0.4 min | eta=0.2 min
[2026-07-24 14:41:31] INFO Epoch 013 | val batch=140/188 | elapsed=0.4 min | eta=0.1 min
[2026-07-24 14:41:33] INFO Epoch 013 | val batch=150/188 | elapsed=0.5 min | eta=0.1 min
[2026-07-24 14:41:35] INFO Epoch 013 | val batch=160/188 | elapsed=0.5 min | eta=0.1 min
[2026-07-24 14:41:36] INFO Epoch 013 | val batch=170/188 | elapsed=0.5 min | eta=0.1 min
[2026-07-24 14:41:38] INFO Epoch 013 | val batch=180/188 | elapsed=0.6 min | eta=0.0 min
[2026-07-24 14:41:40] INFO Epoch 013 | val batch=188/188 | elapsed=0.6 min | eta=0.0 min
[2026-07-24 14:41:40] INFO Epoch 013 | train_total=0.454604 | val_total=0.432141 | val_mask=0.223775 | val_retrieval=2.083657 | val_anchors=611264 | val_positive_pairs=0 | val_hard_negatives=0 | val_relation_candidates=7439984 | val_teacher_keff=3.904 | val_student_keff=6.972 | val_masked_positions=42191306 | skipped(train/val)=0/0
[2026-07-24 14:41:40] INFO Checkpoint updated | epoch=13 | best_val=0.432141 | path=C:\Users\clw\projects\researchRep\STAnchor-BlockMemory\artifacts\metrla_e3_relation_seed42\pretrain_best.pt
[2026-07-24 14:41:40] INFO Relation checkpoint updated | epoch=13 | best_val_relation=2.083657 | path=C:\Users\clw\projects\researchRep\STAnchor-BlockMemory\artifacts\metrla_e3_relation_seed42\pretrain_best_relation.pt
[2026-07-24 14:41:40] INFO Epoch 014/050 started | train_batches=1418 | val_batches=188
[2026-07-24 14:41:40] INFO Epoch 014 | train batch=1/1418 | elapsed=0.0 min | eta=11.4 min
[2026-07-24 14:41:44] INFO Epoch 014 | train batch=10/1418 | elapsed=0.1 min | eta=10.6 min
[2026-07-24 14:41:48] INFO Epoch 014 | train batch=20/1418 | elapsed=0.1 min | eta=10.0 min
[2026-07-24 14:41:52] INFO Epoch 014 | train batch=30/1418 | elapsed=0.2 min | eta=9.9 min
[2026-07-24 14:41:57] INFO Epoch 014 | train batch=40/1418 | elapsed=0.3 min | eta=9.7 min
[2026-07-24 14:42:01] INFO Epoch 014 | train batch=50/1418 | elapsed=0.4 min | eta=9.8 min
[2026-07-24 14:42:06] INFO Epoch 014 | train batch=60/1418 | elapsed=0.4 min | eta=9.8 min
[2026-07-24 14:42:10] INFO Epoch 014 | train batch=70/1418 | elapsed=0.5 min | eta=9.8 min
[2026-07-24 14:42:15] INFO Epoch 014 | train batch=80/1418 | elapsed=0.6 min | eta=9.7 min
[2026-07-24 14:42:19] INFO Epoch 014 | train batch=90/1418 | elapsed=0.7 min | eta=9.6 min
[2026-07-24 14:42:23] INFO Epoch 014 | train batch=100/1418 | elapsed=0.7 min | eta=9.5 min
[2026-07-24 14:42:27] INFO Epoch 014 | train batch=110/1418 | elapsed=0.8 min | eta=9.4 min
[2026-07-24 14:42:32] INFO Epoch 014 | train batch=120/1418 | elapsed=0.9 min | eta=9.4 min
[2026-07-24 14:42:36] INFO Epoch 014 | train batch=130/1418 | elapsed=0.9 min | eta=9.3 min
[2026-07-24 14:42:40] INFO Epoch 014 | train batch=140/1418 | elapsed=1.0 min | eta=9.2 min
[2026-07-24 14:42:45] INFO Epoch 014 | train batch=150/1418 | elapsed=1.1 min | eta=9.1 min
[2026-07-24 14:42:49] INFO Epoch 014 | train batch=160/1418 | elapsed=1.2 min | eta=9.1 min
[2026-07-24 14:42:54] INFO Epoch 014 | train batch=170/1418 | elapsed=1.2 min | eta=9.0 min
[2026-07-24 14:42:58] INFO Epoch 014 | train batch=180/1418 | elapsed=1.3 min | eta=9.0 min
[2026-07-24 14:43:02] INFO Epoch 014 | train batch=190/1418 | elapsed=1.4 min | eta=8.9 min
[2026-07-24 14:43:07] INFO Epoch 014 | train batch=200/1418 | elapsed=1.4 min | eta=8.8 min
[2026-07-24 14:43:11] INFO Epoch 014 | train batch=210/1418 | elapsed=1.5 min | eta=8.8 min
[2026-07-24 14:43:16] INFO Epoch 014 | train batch=220/1418 | elapsed=1.6 min | eta=8.7 min
[2026-07-24 14:43:20] INFO Epoch 014 | train batch=230/1418 | elapsed=1.7 min | eta=8.6 min
[2026-07-24 14:43:24] INFO Epoch 014 | train batch=240/1418 | elapsed=1.7 min | eta=8.5 min
[2026-07-24 14:43:28] INFO Epoch 014 | train batch=250/1418 | elapsed=1.8 min | eta=8.5 min
[2026-07-24 14:43:33] INFO Epoch 014 | train batch=260/1418 | elapsed=1.9 min | eta=8.4 min
[2026-07-24 14:43:37] INFO Epoch 014 | train batch=270/1418 | elapsed=2.0 min | eta=8.3 min
[2026-07-24 14:43:41] INFO Epoch 014 | train batch=280/1418 | elapsed=2.0 min | eta=8.2 min
[2026-07-24 14:43:45] INFO Epoch 014 | train batch=290/1418 | elapsed=2.1 min | eta=8.1 min
[2026-07-24 14:43:50] INFO Epoch 014 | train batch=300/1418 | elapsed=2.2 min | eta=8.1 min
[2026-07-24 14:43:54] INFO Epoch 014 | train batch=310/1418 | elapsed=2.2 min | eta=8.0 min
[2026-07-24 14:43:58] INFO Epoch 014 | train batch=320/1418 | elapsed=2.3 min | eta=7.9 min
[2026-07-24 14:44:03] INFO Epoch 014 | train batch=330/1418 | elapsed=2.4 min | eta=7.9 min
[2026-07-24 14:44:07] INFO Epoch 014 | train batch=340/1418 | elapsed=2.5 min | eta=7.8 min
[2026-07-24 14:44:12] INFO Epoch 014 | train batch=350/1418 | elapsed=2.5 min | eta=7.7 min
[2026-07-24 14:44:16] INFO Epoch 014 | train batch=360/1418 | elapsed=2.6 min | eta=7.6 min
[2026-07-24 14:44:20] INFO Epoch 014 | train batch=370/1418 | elapsed=2.7 min | eta=7.6 min
[2026-07-24 14:44:25] INFO Epoch 014 | train batch=380/1418 | elapsed=2.7 min | eta=7.5 min
[2026-07-24 14:44:29] INFO Epoch 014 | train batch=390/1418 | elapsed=2.8 min | eta=7.4 min
[2026-07-24 14:44:33] INFO Epoch 014 | train batch=400/1418 | elapsed=2.9 min | eta=7.3 min
[2026-07-24 14:44:37] INFO Epoch 014 | train batch=410/1418 | elapsed=3.0 min | eta=7.3 min
[2026-07-24 14:44:42] INFO Epoch 014 | train batch=420/1418 | elapsed=3.0 min | eta=7.2 min
[2026-07-24 14:44:46] INFO Epoch 014 | train batch=430/1418 | elapsed=3.1 min | eta=7.1 min
[2026-07-24 14:44:50] INFO Epoch 014 | train batch=440/1418 | elapsed=3.2 min | eta=7.1 min
[2026-07-24 14:44:54] INFO Epoch 014 | train batch=450/1418 | elapsed=3.2 min | eta=7.0 min
[2026-07-24 14:44:59] INFO Epoch 014 | train batch=460/1418 | elapsed=3.3 min | eta=6.9 min
[2026-07-24 14:45:03] INFO Epoch 014 | train batch=470/1418 | elapsed=3.4 min | eta=6.8 min
[2026-07-24 14:45:07] INFO Epoch 014 | train batch=480/1418 | elapsed=3.5 min | eta=6.8 min
[2026-07-24 14:45:11] INFO Epoch 014 | train batch=490/1418 | elapsed=3.5 min | eta=6.7 min
[2026-07-24 14:45:16] INFO Epoch 014 | train batch=500/1418 | elapsed=3.6 min | eta=6.6 min
[2026-07-24 14:45:20] INFO Epoch 014 | train batch=510/1418 | elapsed=3.7 min | eta=6.5 min
[2026-07-24 14:45:24] INFO Epoch 014 | train batch=520/1418 | elapsed=3.7 min | eta=6.5 min
[2026-07-24 14:45:28] INFO Epoch 014 | train batch=530/1418 | elapsed=3.8 min | eta=6.4 min
[2026-07-24 14:45:33] INFO Epoch 014 | train batch=540/1418 | elapsed=3.9 min | eta=6.3 min
[2026-07-24 14:45:37] INFO Epoch 014 | train batch=550/1418 | elapsed=4.0 min | eta=6.2 min
[2026-07-24 14:45:41] INFO Epoch 014 | train batch=560/1418 | elapsed=4.0 min | eta=6.2 min
[2026-07-24 14:45:45] INFO Epoch 014 | train batch=570/1418 | elapsed=4.1 min | eta=6.1 min
[2026-07-24 14:45:50] INFO Epoch 014 | train batch=580/1418 | elapsed=4.2 min | eta=6.0 min
[2026-07-24 14:45:54] INFO Epoch 014 | train batch=590/1418 | elapsed=4.2 min | eta=5.9 min
[2026-07-24 14:45:58] INFO Epoch 014 | train batch=600/1418 | elapsed=4.3 min | eta=5.9 min
[2026-07-24 14:46:02] INFO Epoch 014 | train batch=610/1418 | elapsed=4.4 min | eta=5.8 min
[2026-07-24 14:46:07] INFO Epoch 014 | train batch=620/1418 | elapsed=4.4 min | eta=5.7 min
[2026-07-24 14:46:11] INFO Epoch 014 | train batch=630/1418 | elapsed=4.5 min | eta=5.7 min
[2026-07-24 14:46:16] INFO Epoch 014 | train batch=640/1418 | elapsed=4.6 min | eta=5.6 min
[2026-07-24 14:46:20] INFO Epoch 014 | train batch=650/1418 | elapsed=4.7 min | eta=5.5 min
[2026-07-24 14:46:24] INFO Epoch 014 | train batch=660/1418 | elapsed=4.7 min | eta=5.4 min
[2026-07-24 14:46:28] INFO Epoch 014 | train batch=670/1418 | elapsed=4.8 min | eta=5.4 min
[2026-07-24 14:46:32] INFO Epoch 014 | train batch=680/1418 | elapsed=4.9 min | eta=5.3 min
[2026-07-24 14:46:37] INFO Epoch 014 | train batch=690/1418 | elapsed=5.0 min | eta=5.2 min
[2026-07-24 14:46:42] INFO Epoch 014 | train batch=700/1418 | elapsed=5.0 min | eta=5.2 min
[2026-07-24 14:46:46] INFO Epoch 014 | train batch=710/1418 | elapsed=5.1 min | eta=5.1 min
[2026-07-24 14:46:50] INFO Epoch 014 | train batch=720/1418 | elapsed=5.2 min | eta=5.0 min
[2026-07-24 14:46:54] INFO Epoch 014 | train batch=730/1418 | elapsed=5.2 min | eta=4.9 min
[2026-07-24 14:46:58] INFO Epoch 014 | train batch=740/1418 | elapsed=5.3 min | eta=4.9 min
[2026-07-24 14:47:03] INFO Epoch 014 | train batch=750/1418 | elapsed=5.4 min | eta=4.8 min
[2026-07-24 14:47:07] INFO Epoch 014 | train batch=760/1418 | elapsed=5.4 min | eta=4.7 min
[2026-07-24 14:47:11] INFO Epoch 014 | train batch=770/1418 | elapsed=5.5 min | eta=4.6 min
[2026-07-24 14:47:15] INFO Epoch 014 | train batch=780/1418 | elapsed=5.6 min | eta=4.6 min
[2026-07-24 14:47:20] INFO Epoch 014 | train batch=790/1418 | elapsed=5.7 min | eta=4.5 min
[2026-07-24 14:47:24] INFO Epoch 014 | train batch=800/1418 | elapsed=5.7 min | eta=4.4 min
[2026-07-24 14:47:28] INFO Epoch 014 | train batch=810/1418 | elapsed=5.8 min | eta=4.4 min
[2026-07-24 14:47:32] INFO Epoch 014 | train batch=820/1418 | elapsed=5.9 min | eta=4.3 min
[2026-07-24 14:47:37] INFO Epoch 014 | train batch=830/1418 | elapsed=6.0 min | eta=4.2 min
[2026-07-24 14:47:41] INFO Epoch 014 | train batch=840/1418 | elapsed=6.0 min | eta=4.1 min
[2026-07-24 14:47:46] INFO Epoch 014 | train batch=850/1418 | elapsed=6.1 min | eta=4.1 min
[2026-07-24 14:47:50] INFO Epoch 014 | train batch=860/1418 | elapsed=6.2 min | eta=4.0 min
[2026-07-24 14:47:55] INFO Epoch 014 | train batch=870/1418 | elapsed=6.2 min | eta=3.9 min
[2026-07-24 14:47:59] INFO Epoch 014 | train batch=880/1418 | elapsed=6.3 min | eta=3.9 min
[2026-07-24 14:48:03] INFO Epoch 014 | train batch=890/1418 | elapsed=6.4 min | eta=3.8 min
[2026-07-24 14:48:08] INFO Epoch 014 | train batch=900/1418 | elapsed=6.5 min | eta=3.7 min
[2026-07-24 14:48:12] INFO Epoch 014 | train batch=910/1418 | elapsed=6.5 min | eta=3.7 min
[2026-07-24 14:48:16] INFO Epoch 014 | train batch=920/1418 | elapsed=6.6 min | eta=3.6 min
[2026-07-24 14:48:20] INFO Epoch 014 | train batch=930/1418 | elapsed=6.7 min | eta=3.5 min
[2026-07-24 14:48:25] INFO Epoch 014 | train batch=940/1418 | elapsed=6.7 min | eta=3.4 min
[2026-07-24 14:48:29] INFO Epoch 014 | train batch=950/1418 | elapsed=6.8 min | eta=3.4 min
[2026-07-24 14:48:33] INFO Epoch 014 | train batch=960/1418 | elapsed=6.9 min | eta=3.3 min
[2026-07-24 14:48:37] INFO Epoch 014 | train batch=970/1418 | elapsed=7.0 min | eta=3.2 min
[2026-07-24 14:48:42] INFO Epoch 014 | train batch=980/1418 | elapsed=7.0 min | eta=3.1 min
[2026-07-24 14:48:46] INFO Epoch 014 | train batch=990/1418 | elapsed=7.1 min | eta=3.1 min
[2026-07-24 14:48:50] INFO Epoch 014 | train batch=1000/1418 | elapsed=7.2 min | eta=3.0 min
[2026-07-24 14:48:55] INFO Epoch 014 | train batch=1010/1418 | elapsed=7.2 min | eta=2.9 min
[2026-07-24 14:48:59] INFO Epoch 014 | train batch=1020/1418 | elapsed=7.3 min | eta=2.9 min
[2026-07-24 14:49:03] INFO Epoch 014 | train batch=1030/1418 | elapsed=7.4 min | eta=2.8 min
[2026-07-24 14:49:08] INFO Epoch 014 | train batch=1040/1418 | elapsed=7.5 min | eta=2.7 min
[2026-07-24 14:49:12] INFO Epoch 014 | train batch=1050/1418 | elapsed=7.5 min | eta=2.6 min
[2026-07-24 14:49:16] INFO Epoch 014 | train batch=1060/1418 | elapsed=7.6 min | eta=2.6 min
[2026-07-24 14:49:20] INFO Epoch 014 | train batch=1070/1418 | elapsed=7.7 min | eta=2.5 min
[2026-07-24 14:49:24] INFO Epoch 014 | train batch=1080/1418 | elapsed=7.7 min | eta=2.4 min
[2026-07-24 14:49:28] INFO Epoch 014 | train batch=1090/1418 | elapsed=7.8 min | eta=2.4 min
[2026-07-24 14:49:33] INFO Epoch 014 | train batch=1100/1418 | elapsed=7.9 min | eta=2.3 min
[2026-07-24 14:49:37] INFO Epoch 014 | train batch=1110/1418 | elapsed=8.0 min | eta=2.2 min
[2026-07-24 14:49:42] INFO Epoch 014 | train batch=1120/1418 | elapsed=8.0 min | eta=2.1 min
[2026-07-24 14:49:46] INFO Epoch 014 | train batch=1130/1418 | elapsed=8.1 min | eta=2.1 min
[2026-07-24 14:49:50] INFO Epoch 014 | train batch=1140/1418 | elapsed=8.2 min | eta=2.0 min
[2026-07-24 14:49:55] INFO Epoch 014 | train batch=1150/1418 | elapsed=8.2 min | eta=1.9 min
[2026-07-24 14:49:59] INFO Epoch 014 | train batch=1160/1418 | elapsed=8.3 min | eta=1.9 min
[2026-07-24 14:50:03] INFO Epoch 014 | train batch=1170/1418 | elapsed=8.4 min | eta=1.8 min
[2026-07-24 14:50:08] INFO Epoch 014 | train batch=1180/1418 | elapsed=8.5 min | eta=1.7 min
[2026-07-24 14:50:12] INFO Epoch 014 | train batch=1190/1418 | elapsed=8.5 min | eta=1.6 min
[2026-07-24 14:50:17] INFO Epoch 014 | train batch=1200/1418 | elapsed=8.6 min | eta=1.6 min
[2026-07-24 14:50:21] INFO Epoch 014 | train batch=1210/1418 | elapsed=8.7 min | eta=1.5 min
[2026-07-24 14:50:26] INFO Epoch 014 | train batch=1220/1418 | elapsed=8.8 min | eta=1.4 min
[2026-07-24 14:50:30] INFO Epoch 014 | train batch=1230/1418 | elapsed=8.8 min | eta=1.4 min
[2026-07-24 14:50:34] INFO Epoch 014 | train batch=1240/1418 | elapsed=8.9 min | eta=1.3 min
[2026-07-24 14:50:39] INFO Epoch 014 | train batch=1250/1418 | elapsed=9.0 min | eta=1.2 min
[2026-07-24 14:50:43] INFO Epoch 014 | train batch=1260/1418 | elapsed=9.1 min | eta=1.1 min
[2026-07-24 14:50:47] INFO Epoch 014 | train batch=1270/1418 | elapsed=9.1 min | eta=1.1 min
[2026-07-24 14:50:51] INFO Epoch 014 | train batch=1280/1418 | elapsed=9.2 min | eta=1.0 min
[2026-07-24 14:50:55] INFO Epoch 014 | train batch=1290/1418 | elapsed=9.3 min | eta=0.9 min
[2026-07-24 14:51:00] INFO Epoch 014 | train batch=1300/1418 | elapsed=9.3 min | eta=0.8 min
[2026-07-24 14:51:04] INFO Epoch 014 | train batch=1310/1418 | elapsed=9.4 min | eta=0.8 min
[2026-07-24 14:51:08] INFO Epoch 014 | train batch=1320/1418 | elapsed=9.5 min | eta=0.7 min
[2026-07-24 14:51:12] INFO Epoch 014 | train batch=1330/1418 | elapsed=9.5 min | eta=0.6 min
[2026-07-24 14:51:16] INFO Epoch 014 | train batch=1340/1418 | elapsed=9.6 min | eta=0.6 min
[2026-07-24 14:51:21] INFO Epoch 014 | train batch=1350/1418 | elapsed=9.7 min | eta=0.5 min
[2026-07-24 14:51:25] INFO Epoch 014 | train batch=1360/1418 | elapsed=9.7 min | eta=0.4 min
[2026-07-24 14:51:29] INFO Epoch 014 | train batch=1370/1418 | elapsed=9.8 min | eta=0.3 min
[2026-07-24 14:51:33] INFO Epoch 014 | train batch=1380/1418 | elapsed=9.9 min | eta=0.3 min
[2026-07-24 14:51:37] INFO Epoch 014 | train batch=1390/1418 | elapsed=10.0 min | eta=0.2 min
[2026-07-24 14:51:42] INFO Epoch 014 | train batch=1400/1418 | elapsed=10.0 min | eta=0.1 min
[2026-07-24 14:51:46] INFO Epoch 014 | train batch=1410/1418 | elapsed=10.1 min | eta=0.1 min
[2026-07-24 14:51:50] INFO Epoch 014 | train batch=1418/1418 | elapsed=10.2 min | eta=0.0 min
[2026-07-24 14:51:50] INFO Epoch 014 | val batch=1/188 | elapsed=0.0 min | eta=0.4 min
[2026-07-24 14:51:52] INFO Epoch 014 | val batch=10/188 | elapsed=0.0 min | eta=0.6 min
[2026-07-24 14:51:54] INFO Epoch 014 | val batch=20/188 | elapsed=0.1 min | eta=0.5 min
[2026-07-24 14:51:55] INFO Epoch 014 | val batch=30/188 | elapsed=0.1 min | eta=0.5 min
[2026-07-24 14:51:57] INFO Epoch 014 | val batch=40/188 | elapsed=0.1 min | eta=0.5 min
[2026-07-24 14:51:59] INFO Epoch 014 | val batch=50/188 | elapsed=0.2 min | eta=0.4 min
[2026-07-24 14:52:01] INFO Epoch 014 | val batch=60/188 | elapsed=0.2 min | eta=0.4 min
[2026-07-24 14:52:03] INFO Epoch 014 | val batch=70/188 | elapsed=0.2 min | eta=0.4 min
[2026-07-24 14:52:05] INFO Epoch 014 | val batch=80/188 | elapsed=0.3 min | eta=0.3 min
[2026-07-24 14:52:07] INFO Epoch 014 | val batch=90/188 | elapsed=0.3 min | eta=0.3 min
[2026-07-24 14:52:09] INFO Epoch 014 | val batch=100/188 | elapsed=0.3 min | eta=0.3 min
[2026-07-24 14:52:10] INFO Epoch 014 | val batch=110/188 | elapsed=0.3 min | eta=0.2 min
[2026-07-24 14:52:12] INFO Epoch 014 | val batch=120/188 | elapsed=0.4 min | eta=0.2 min
[2026-07-24 14:52:14] INFO Epoch 014 | val batch=130/188 | elapsed=0.4 min | eta=0.2 min
[2026-07-24 14:52:16] INFO Epoch 014 | val batch=140/188 | elapsed=0.4 min | eta=0.1 min
[2026-07-24 14:52:18] INFO Epoch 014 | val batch=150/188 | elapsed=0.5 min | eta=0.1 min
[2026-07-24 14:52:20] INFO Epoch 014 | val batch=160/188 | elapsed=0.5 min | eta=0.1 min
[2026-07-24 14:52:22] INFO Epoch 014 | val batch=170/188 | elapsed=0.5 min | eta=0.1 min
[2026-07-24 14:52:24] INFO Epoch 014 | val batch=180/188 | elapsed=0.6 min | eta=0.0 min
[2026-07-24 14:52:25] INFO Epoch 014 | val batch=188/188 | elapsed=0.6 min | eta=0.0 min
[2026-07-24 14:52:25] INFO Epoch 014 | train_total=0.449296 | val_total=0.434693 | val_mask=0.226745 | val_retrieval=2.079480 | val_anchors=611264 | val_positive_pairs=0 | val_hard_negatives=0 | val_relation_candidates=7439984 | val_teacher_keff=3.904 | val_student_keff=6.909 | val_masked_positions=42202929 | skipped(train/val)=0/0
[2026-07-24 14:52:25] INFO Relation checkpoint updated | epoch=14 | best_val_relation=2.079480 | path=C:\Users\clw\projects\researchRep\STAnchor-BlockMemory\artifacts\metrla_e3_relation_seed42\pretrain_best_relation.pt
[2026-07-24 14:52:25] INFO Epoch 015/050 started | train_batches=1418 | val_batches=188
[2026-07-24 14:52:25] INFO Epoch 015 | train batch=1/1418 | elapsed=0.0 min | eta=11.6 min
[2026-07-24 14:52:29] INFO Epoch 015 | train batch=10/1418 | elapsed=0.1 min | eta=9.9 min
[2026-07-24 14:52:33] INFO Epoch 015 | train batch=20/1418 | elapsed=0.1 min | eta=9.9 min
[2026-07-24 14:52:38] INFO Epoch 015 | train batch=30/1418 | elapsed=0.2 min | eta=9.9 min
[2026-07-24 14:52:42] INFO Epoch 015 | train batch=40/1418 | elapsed=0.3 min | eta=9.7 min
[2026-07-24 14:52:46] INFO Epoch 015 | train batch=50/1418 | elapsed=0.4 min | eta=9.6 min
[2026-07-24 14:52:50] INFO Epoch 015 | train batch=60/1418 | elapsed=0.4 min | eta=9.6 min
[2026-07-24 14:52:54] INFO Epoch 015 | train batch=70/1418 | elapsed=0.5 min | eta=9.5 min
[2026-07-24 14:52:59] INFO Epoch 015 | train batch=80/1418 | elapsed=0.6 min | eta=9.5 min
[2026-07-24 14:53:03] INFO Epoch 015 | train batch=90/1418 | elapsed=0.6 min | eta=9.4 min
[2026-07-24 14:53:07] INFO Epoch 015 | train batch=100/1418 | elapsed=0.7 min | eta=9.3 min
[2026-07-24 14:53:12] INFO Epoch 015 | train batch=110/1418 | elapsed=0.8 min | eta=9.3 min
[2026-07-24 14:53:16] INFO Epoch 015 | train batch=120/1418 | elapsed=0.8 min | eta=9.2 min
[2026-07-24 14:53:20] INFO Epoch 015 | train batch=130/1418 | elapsed=0.9 min | eta=9.1 min
[2026-07-24 14:53:24] INFO Epoch 015 | train batch=140/1418 | elapsed=1.0 min | eta=9.1 min
[2026-07-24 14:53:29] INFO Epoch 015 | train batch=150/1418 | elapsed=1.1 min | eta=9.0 min
[2026-07-24 14:53:33] INFO Epoch 015 | train batch=160/1418 | elapsed=1.1 min | eta=9.0 min
[2026-07-24 14:53:38] INFO Epoch 015 | train batch=170/1418 | elapsed=1.2 min | eta=8.9 min
[2026-07-24 14:53:42] INFO Epoch 015 | train batch=180/1418 | elapsed=1.3 min | eta=8.9 min
[2026-07-24 14:53:47] INFO Epoch 015 | train batch=190/1418 | elapsed=1.4 min | eta=8.8 min
[2026-07-24 14:53:51] INFO Epoch 015 | train batch=200/1418 | elapsed=1.4 min | eta=8.8 min
[2026-07-24 14:53:56] INFO Epoch 015 | train batch=210/1418 | elapsed=1.5 min | eta=8.7 min
[2026-07-24 14:54:00] INFO Epoch 015 | train batch=220/1418 | elapsed=1.6 min | eta=8.6 min
[2026-07-24 14:54:04] INFO Epoch 015 | train batch=230/1418 | elapsed=1.6 min | eta=8.5 min
[2026-07-24 14:54:08] INFO Epoch 015 | train batch=240/1418 | elapsed=1.7 min | eta=8.4 min
[2026-07-24 14:54:12] INFO Epoch 015 | train batch=250/1418 | elapsed=1.8 min | eta=8.3 min
[2026-07-24 14:54:16] INFO Epoch 015 | train batch=260/1418 | elapsed=1.9 min | eta=8.3 min
[2026-07-24 14:54:20] INFO Epoch 015 | train batch=270/1418 | elapsed=1.9 min | eta=8.2 min
[2026-07-24 14:54:25] INFO Epoch 015 | train batch=280/1418 | elapsed=2.0 min | eta=8.1 min
[2026-07-24 14:54:29] INFO Epoch 015 | train batch=290/1418 | elapsed=2.1 min | eta=8.0 min
[2026-07-24 14:54:33] INFO Epoch 015 | train batch=300/1418 | elapsed=2.1 min | eta=8.0 min
[2026-07-24 14:54:38] INFO Epoch 015 | train batch=310/1418 | elapsed=2.2 min | eta=7.9 min
[2026-07-24 14:54:42] INFO Epoch 015 | train batch=320/1418 | elapsed=2.3 min | eta=7.9 min
[2026-07-24 14:54:46] INFO Epoch 015 | train batch=330/1418 | elapsed=2.4 min | eta=7.8 min
[2026-07-24 14:54:51] INFO Epoch 015 | train batch=340/1418 | elapsed=2.4 min | eta=7.7 min
[2026-07-24 14:54:55] INFO Epoch 015 | train batch=350/1418 | elapsed=2.5 min | eta=7.7 min
[2026-07-24 14:54:59] INFO Epoch 015 | train batch=360/1418 | elapsed=2.6 min | eta=7.6 min
[2026-07-24 14:55:04] INFO Epoch 015 | train batch=370/1418 | elapsed=2.6 min | eta=7.5 min
[2026-07-24 14:55:08] INFO Epoch 015 | train batch=380/1418 | elapsed=2.7 min | eta=7.4 min
[2026-07-24 14:55:12] INFO Epoch 015 | train batch=390/1418 | elapsed=2.8 min | eta=7.3 min
[2026-07-24 14:55:17] INFO Epoch 015 | train batch=400/1418 | elapsed=2.9 min | eta=7.3 min
[2026-07-24 14:55:21] INFO Epoch 015 | train batch=410/1418 | elapsed=2.9 min | eta=7.2 min
[2026-07-24 14:55:25] INFO Epoch 015 | train batch=420/1418 | elapsed=3.0 min | eta=7.2 min
[2026-07-24 14:55:29] INFO Epoch 015 | train batch=430/1418 | elapsed=3.1 min | eta=7.1 min
[2026-07-24 14:55:33] INFO Epoch 015 | train batch=440/1418 | elapsed=3.1 min | eta=7.0 min
[2026-07-24 14:55:38] INFO Epoch 015 | train batch=450/1418 | elapsed=3.2 min | eta=6.9 min
[2026-07-24 14:55:42] INFO Epoch 015 | train batch=460/1418 | elapsed=3.3 min | eta=6.9 min
[2026-07-24 14:55:47] INFO Epoch 015 | train batch=470/1418 | elapsed=3.4 min | eta=6.8 min
[2026-07-24 14:55:50] INFO Epoch 015 | train batch=480/1418 | elapsed=3.4 min | eta=6.7 min
[2026-07-24 14:55:55] INFO Epoch 015 | train batch=490/1418 | elapsed=3.5 min | eta=6.6 min
[2026-07-24 14:55:59] INFO Epoch 015 | train batch=500/1418 | elapsed=3.6 min | eta=6.6 min
[2026-07-24 14:56:04] INFO Epoch 015 | train batch=510/1418 | elapsed=3.7 min | eta=6.5 min
[2026-07-24 14:56:08] INFO Epoch 015 | train batch=520/1418 | elapsed=3.7 min | eta=6.4 min
[2026-07-24 14:56:12] INFO Epoch 015 | train batch=530/1418 | elapsed=3.8 min | eta=6.4 min
[2026-07-24 14:56:17] INFO Epoch 015 | train batch=540/1418 | elapsed=3.9 min | eta=6.3 min
[2026-07-24 14:56:21] INFO Epoch 015 | train batch=550/1418 | elapsed=3.9 min | eta=6.2 min
[2026-07-24 14:56:26] INFO Epoch 015 | train batch=560/1418 | elapsed=4.0 min | eta=6.1 min
[2026-07-24 14:56:30] INFO Epoch 015 | train batch=570/1418 | elapsed=4.1 min | eta=6.1 min
[2026-07-24 14:56:35] INFO Epoch 015 | train batch=580/1418 | elapsed=4.2 min | eta=6.0 min
[2026-07-24 14:56:39] INFO Epoch 015 | train batch=590/1418 | elapsed=4.2 min | eta=5.9 min
[2026-07-24 14:56:43] INFO Epoch 015 | train batch=600/1418 | elapsed=4.3 min | eta=5.9 min
[2026-07-24 14:56:47] INFO Epoch 015 | train batch=610/1418 | elapsed=4.4 min | eta=5.8 min
[2026-07-24 14:56:52] INFO Epoch 015 | train batch=620/1418 | elapsed=4.5 min | eta=5.7 min
[2026-07-24 14:56:56] INFO Epoch 015 | train batch=630/1418 | elapsed=4.5 min | eta=5.7 min
[2026-07-24 14:57:00] INFO Epoch 015 | train batch=640/1418 | elapsed=4.6 min | eta=5.6 min
[2026-07-24 14:57:05] INFO Epoch 015 | train batch=650/1418 | elapsed=4.7 min | eta=5.5 min
[2026-07-24 14:57:09] INFO Epoch 015 | train batch=660/1418 | elapsed=4.7 min | eta=5.4 min
[2026-07-24 14:57:13] INFO Epoch 015 | train batch=670/1418 | elapsed=4.8 min | eta=5.4 min
[2026-07-24 14:57:18] INFO Epoch 015 | train batch=680/1418 | elapsed=4.9 min | eta=5.3 min
[2026-07-24 14:57:22] INFO Epoch 015 | train batch=690/1418 | elapsed=5.0 min | eta=5.2 min
[2026-07-24 14:57:26] INFO Epoch 015 | train batch=700/1418 | elapsed=5.0 min | eta=5.2 min
[2026-07-24 14:57:31] INFO Epoch 015 | train batch=710/1418 | elapsed=5.1 min | eta=5.1 min
[2026-07-24 14:57:35] INFO Epoch 015 | train batch=720/1418 | elapsed=5.2 min | eta=5.0 min
[2026-07-24 14:57:40] INFO Epoch 015 | train batch=730/1418 | elapsed=5.2 min | eta=4.9 min
[2026-07-24 14:57:44] INFO Epoch 015 | train batch=740/1418 | elapsed=5.3 min | eta=4.9 min
[2026-07-24 14:57:48] INFO Epoch 015 | train batch=750/1418 | elapsed=5.4 min | eta=4.8 min
[2026-07-24 14:57:53] INFO Epoch 015 | train batch=760/1418 | elapsed=5.5 min | eta=4.7 min
[2026-07-24 14:57:57] INFO Epoch 015 | train batch=770/1418 | elapsed=5.5 min | eta=4.7 min
[2026-07-24 14:58:01] INFO Epoch 015 | train batch=780/1418 | elapsed=5.6 min | eta=4.6 min
[2026-07-24 14:58:06] INFO Epoch 015 | train batch=790/1418 | elapsed=5.7 min | eta=4.5 min
[2026-07-24 14:58:10] INFO Epoch 015 | train batch=800/1418 | elapsed=5.8 min | eta=4.4 min
[2026-07-24 14:58:15] INFO Epoch 015 | train batch=810/1418 | elapsed=5.8 min | eta=4.4 min
[2026-07-24 14:58:19] INFO Epoch 015 | train batch=820/1418 | elapsed=5.9 min | eta=4.3 min
[2026-07-24 14:58:24] INFO Epoch 015 | train batch=830/1418 | elapsed=6.0 min | eta=4.2 min
[2026-07-24 14:58:28] INFO Epoch 015 | train batch=840/1418 | elapsed=6.1 min | eta=4.2 min
[2026-07-24 14:58:32] INFO Epoch 015 | train batch=850/1418 | elapsed=6.1 min | eta=4.1 min
[2026-07-24 14:58:37] INFO Epoch 015 | train batch=860/1418 | elapsed=6.2 min | eta=4.0 min
[2026-07-24 14:58:41] INFO Epoch 015 | train batch=870/1418 | elapsed=6.3 min | eta=4.0 min
[2026-07-24 14:58:46] INFO Epoch 015 | train batch=880/1418 | elapsed=6.4 min | eta=3.9 min
[2026-07-24 14:58:50] INFO Epoch 015 | train batch=890/1418 | elapsed=6.4 min | eta=3.8 min
[2026-07-24 14:58:54] INFO Epoch 015 | train batch=900/1418 | elapsed=6.5 min | eta=3.7 min
[2026-07-24 14:58:58] INFO Epoch 015 | train batch=910/1418 | elapsed=6.6 min | eta=3.7 min
[2026-07-24 14:59:03] INFO Epoch 015 | train batch=920/1418 | elapsed=6.6 min | eta=3.6 min
[2026-07-24 14:59:07] INFO Epoch 015 | train batch=930/1418 | elapsed=6.7 min | eta=3.5 min
[2026-07-24 14:59:11] INFO Epoch 015 | train batch=940/1418 | elapsed=6.8 min | eta=3.4 min
[2026-07-24 14:59:15] INFO Epoch 015 | train batch=950/1418 | elapsed=6.8 min | eta=3.4 min
[2026-07-24 14:59:20] INFO Epoch 015 | train batch=960/1418 | elapsed=6.9 min | eta=3.3 min
[2026-07-24 14:59:24] INFO Epoch 015 | train batch=970/1418 | elapsed=7.0 min | eta=3.2 min
[2026-07-24 14:59:28] INFO Epoch 015 | train batch=980/1418 | elapsed=7.1 min | eta=3.2 min
[2026-07-24 14:59:32] INFO Epoch 015 | train batch=990/1418 | elapsed=7.1 min | eta=3.1 min
[2026-07-24 14:59:37] INFO Epoch 015 | train batch=1000/1418 | elapsed=7.2 min | eta=3.0 min
[2026-07-24 14:59:41] INFO Epoch 015 | train batch=1010/1418 | elapsed=7.3 min | eta=2.9 min
[2026-07-24 14:59:45] INFO Epoch 015 | train batch=1020/1418 | elapsed=7.3 min | eta=2.9 min
[2026-07-24 14:59:50] INFO Epoch 015 | train batch=1030/1418 | elapsed=7.4 min | eta=2.8 min
[2026-07-24 14:59:54] INFO Epoch 015 | train batch=1040/1418 | elapsed=7.5 min | eta=2.7 min
[2026-07-24 14:59:58] INFO Epoch 015 | train batch=1050/1418 | elapsed=7.6 min | eta=2.6 min
[2026-07-24 15:00:03] INFO Epoch 015 | train batch=1060/1418 | elapsed=7.6 min | eta=2.6 min
[2026-07-24 15:00:07] INFO Epoch 015 | train batch=1070/1418 | elapsed=7.7 min | eta=2.5 min
[2026-07-24 15:00:11] INFO Epoch 015 | train batch=1080/1418 | elapsed=7.8 min | eta=2.4 min
[2026-07-24 15:00:16] INFO Epoch 015 | train batch=1090/1418 | elapsed=7.8 min | eta=2.4 min
[2026-07-24 15:00:20] INFO Epoch 015 | train batch=1100/1418 | elapsed=7.9 min | eta=2.3 min
[2026-07-24 15:00:24] INFO Epoch 015 | train batch=1110/1418 | elapsed=8.0 min | eta=2.2 min
[2026-07-24 15:00:29] INFO Epoch 015 | train batch=1120/1418 | elapsed=8.1 min | eta=2.1 min
[2026-07-24 15:00:32] INFO Epoch 015 | train batch=1130/1418 | elapsed=8.1 min | eta=2.1 min
[2026-07-24 15:00:37] INFO Epoch 015 | train batch=1140/1418 | elapsed=8.2 min | eta=2.0 min
[2026-07-24 15:00:42] INFO Epoch 015 | train batch=1150/1418 | elapsed=8.3 min | eta=1.9 min
[2026-07-24 15:00:46] INFO Epoch 015 | train batch=1160/1418 | elapsed=8.3 min | eta=1.9 min
[2026-07-24 15:00:50] INFO Epoch 015 | train batch=1170/1418 | elapsed=8.4 min | eta=1.8 min
[2026-07-24 15:00:54] INFO Epoch 015 | train batch=1180/1418 | elapsed=8.5 min | eta=1.7 min
[2026-07-24 15:00:59] INFO Epoch 015 | train batch=1190/1418 | elapsed=8.6 min | eta=1.6 min
[2026-07-24 15:01:03] INFO Epoch 015 | train batch=1200/1418 | elapsed=8.6 min | eta=1.6 min
[2026-07-24 15:01:07] INFO Epoch 015 | train batch=1210/1418 | elapsed=8.7 min | eta=1.5 min
[2026-07-24 15:01:11] INFO Epoch 015 | train batch=1220/1418 | elapsed=8.8 min | eta=1.4 min
[2026-07-24 15:01:16] INFO Epoch 015 | train batch=1230/1418 | elapsed=8.8 min | eta=1.4 min
[2026-07-24 15:01:20] INFO Epoch 015 | train batch=1240/1418 | elapsed=8.9 min | eta=1.3 min
[2026-07-24 15:01:24] INFO Epoch 015 | train batch=1250/1418 | elapsed=9.0 min | eta=1.2 min
[2026-07-24 15:01:29] INFO Epoch 015 | train batch=1260/1418 | elapsed=9.1 min | eta=1.1 min
[2026-07-24 15:01:33] INFO Epoch 015 | train batch=1270/1418 | elapsed=9.1 min | eta=1.1 min
[2026-07-24 15:01:37] INFO Epoch 015 | train batch=1280/1418 | elapsed=9.2 min | eta=1.0 min
[2026-07-24 15:01:42] INFO Epoch 015 | train batch=1290/1418 | elapsed=9.3 min | eta=0.9 min
[2026-07-24 15:01:46] INFO Epoch 015 | train batch=1300/1418 | elapsed=9.3 min | eta=0.8 min
[2026-07-24 15:01:50] INFO Epoch 015 | train batch=1310/1418 | elapsed=9.4 min | eta=0.8 min
[2026-07-24 15:01:54] INFO Epoch 015 | train batch=1320/1418 | elapsed=9.5 min | eta=0.7 min
[2026-07-24 15:01:59] INFO Epoch 015 | train batch=1330/1418 | elapsed=9.6 min | eta=0.6 min
[2026-07-24 15:02:03] INFO Epoch 015 | train batch=1340/1418 | elapsed=9.6 min | eta=0.6 min
[2026-07-24 15:02:07] INFO Epoch 015 | train batch=1350/1418 | elapsed=9.7 min | eta=0.5 min
[2026-07-24 15:02:11] INFO Epoch 015 | train batch=1360/1418 | elapsed=9.8 min | eta=0.4 min
[2026-07-24 15:02:15] INFO Epoch 015 | train batch=1370/1418 | elapsed=9.8 min | eta=0.3 min
[2026-07-24 15:02:20] INFO Epoch 015 | train batch=1380/1418 | elapsed=9.9 min | eta=0.3 min
[2026-07-24 15:02:24] INFO Epoch 015 | train batch=1390/1418 | elapsed=10.0 min | eta=0.2 min
[2026-07-24 15:02:28] INFO Epoch 015 | train batch=1400/1418 | elapsed=10.1 min | eta=0.1 min
[2026-07-24 15:02:32] INFO Epoch 015 | train batch=1410/1418 | elapsed=10.1 min | eta=0.1 min
[2026-07-24 15:02:36] INFO Epoch 015 | train batch=1418/1418 | elapsed=10.2 min | eta=0.0 min
[2026-07-24 15:02:36] INFO Epoch 015 | val batch=1/188 | elapsed=0.0 min | eta=0.4 min
[2026-07-24 15:02:38] INFO Epoch 015 | val batch=10/188 | elapsed=0.0 min | eta=0.6 min
[2026-07-24 15:02:40] INFO Epoch 015 | val batch=20/188 | elapsed=0.1 min | eta=0.5 min
[2026-07-24 15:02:41] INFO Epoch 015 | val batch=30/188 | elapsed=0.1 min | eta=0.5 min
[2026-07-24 15:02:43] INFO Epoch 015 | val batch=40/188 | elapsed=0.1 min | eta=0.5 min
[2026-07-24 15:02:45] INFO Epoch 015 | val batch=50/188 | elapsed=0.2 min | eta=0.4 min
[2026-07-24 15:02:47] INFO Epoch 015 | val batch=60/188 | elapsed=0.2 min | eta=0.4 min
[2026-07-24 15:02:49] INFO Epoch 015 | val batch=70/188 | elapsed=0.2 min | eta=0.4 min
[2026-07-24 15:02:51] INFO Epoch 015 | val batch=80/188 | elapsed=0.3 min | eta=0.3 min
[2026-07-24 15:02:53] INFO Epoch 015 | val batch=90/188 | elapsed=0.3 min | eta=0.3 min
[2026-07-24 15:02:55] INFO Epoch 015 | val batch=100/188 | elapsed=0.3 min | eta=0.3 min
[2026-07-24 15:02:56] INFO Epoch 015 | val batch=110/188 | elapsed=0.3 min | eta=0.2 min
[2026-07-24 15:02:58] INFO Epoch 015 | val batch=120/188 | elapsed=0.4 min | eta=0.2 min
[2026-07-24 15:03:00] INFO Epoch 015 | val batch=130/188 | elapsed=0.4 min | eta=0.2 min
[2026-07-24 15:03:02] INFO Epoch 015 | val batch=140/188 | elapsed=0.4 min | eta=0.1 min
[2026-07-24 15:03:04] INFO Epoch 015 | val batch=150/188 | elapsed=0.5 min | eta=0.1 min
[2026-07-24 15:03:06] INFO Epoch 015 | val batch=160/188 | elapsed=0.5 min | eta=0.1 min
[2026-07-24 15:03:08] INFO Epoch 015 | val batch=170/188 | elapsed=0.5 min | eta=0.1 min
[2026-07-24 15:03:10] INFO Epoch 015 | val batch=180/188 | elapsed=0.6 min | eta=0.0 min
[2026-07-24 15:03:11] INFO Epoch 015 | val batch=188/188 | elapsed=0.6 min | eta=0.0 min
[2026-07-24 15:03:11] INFO Epoch 015 | train_total=0.445765 | val_total=0.436852 | val_mask=0.226693 | val_retrieval=2.101585 | val_anchors=611264 | val_positive_pairs=0 | val_hard_negatives=0 | val_relation_candidates=7439984 | val_teacher_keff=3.904 | val_student_keff=6.746 | val_masked_positions=42171185 | skipped(train/val)=0/0
[2026-07-24 15:03:11] INFO Epoch 016/050 started | train_batches=1418 | val_batches=188
[2026-07-24 15:03:11] INFO Epoch 016 | train batch=1/1418 | elapsed=0.0 min | eta=11.5 min
[2026-07-24 15:03:15] INFO Epoch 016 | train batch=10/1418 | elapsed=0.1 min | eta=10.0 min
[2026-07-24 15:03:20] INFO Epoch 016 | train batch=20/1418 | elapsed=0.1 min | eta=10.1 min
[2026-07-24 15:03:24] INFO Epoch 016 | train batch=30/1418 | elapsed=0.2 min | eta=9.9 min
[2026-07-24 15:03:28] INFO Epoch 016 | train batch=40/1418 | elapsed=0.3 min | eta=9.9 min
[2026-07-24 15:03:32] INFO Epoch 016 | train batch=50/1418 | elapsed=0.4 min | eta=9.8 min
[2026-07-24 15:03:37] INFO Epoch 016 | train batch=60/1418 | elapsed=0.4 min | eta=9.8 min
[2026-07-24 15:03:41] INFO Epoch 016 | train batch=70/1418 | elapsed=0.5 min | eta=9.8 min
[2026-07-24 15:03:45] INFO Epoch 016 | train batch=80/1418 | elapsed=0.6 min | eta=9.6 min
[2026-07-24 15:03:50] INFO Epoch 016 | train batch=90/1418 | elapsed=0.7 min | eta=9.6 min
[2026-07-24 15:03:54] INFO Epoch 016 | train batch=100/1418 | elapsed=0.7 min | eta=9.6 min
[2026-07-24 15:03:58] INFO Epoch 016 | train batch=110/1418 | elapsed=0.8 min | eta=9.4 min
[2026-07-24 15:04:03] INFO Epoch 016 | train batch=120/1418 | elapsed=0.9 min | eta=9.3 min
[2026-07-24 15:04:07] INFO Epoch 016 | train batch=130/1418 | elapsed=0.9 min | eta=9.3 min
[2026-07-24 15:04:11] INFO Epoch 016 | train batch=140/1418 | elapsed=1.0 min | eta=9.2 min
[2026-07-24 15:04:16] INFO Epoch 016 | train batch=150/1418 | elapsed=1.1 min | eta=9.1 min
[2026-07-24 15:04:20] INFO Epoch 016 | train batch=160/1418 | elapsed=1.2 min | eta=9.0 min
[2026-07-24 15:04:24] INFO Epoch 016 | train batch=170/1418 | elapsed=1.2 min | eta=9.0 min
[2026-07-24 15:04:29] INFO Epoch 016 | train batch=180/1418 | elapsed=1.3 min | eta=8.9 min
[2026-07-24 15:04:33] INFO Epoch 016 | train batch=190/1418 | elapsed=1.4 min | eta=8.8 min
[2026-07-24 15:04:37] INFO Epoch 016 | train batch=200/1418 | elapsed=1.4 min | eta=8.8 min
[2026-07-24 15:04:42] INFO Epoch 016 | train batch=210/1418 | elapsed=1.5 min | eta=8.7 min
[2026-07-24 15:04:46] INFO Epoch 016 | train batch=220/1418 | elapsed=1.6 min | eta=8.7 min
[2026-07-24 15:04:51] INFO Epoch 016 | train batch=230/1418 | elapsed=1.7 min | eta=8.6 min
[2026-07-24 15:04:55] INFO Epoch 016 | train batch=240/1418 | elapsed=1.7 min | eta=8.5 min
[2026-07-24 15:04:59] INFO Epoch 016 | train batch=250/1418 | elapsed=1.8 min | eta=8.5 min
[2026-07-24 15:05:04] INFO Epoch 016 | train batch=260/1418 | elapsed=1.9 min | eta=8.4 min
[2026-07-24 15:05:08] INFO Epoch 016 | train batch=270/1418 | elapsed=2.0 min | eta=8.3 min
[2026-07-24 15:05:13] INFO Epoch 016 | train batch=280/1418 | elapsed=2.0 min | eta=8.2 min
[2026-07-24 15:05:17] INFO Epoch 016 | train batch=290/1418 | elapsed=2.1 min | eta=8.2 min
[2026-07-24 15:05:21] INFO Epoch 016 | train batch=300/1418 | elapsed=2.2 min | eta=8.1 min
[2026-07-24 15:05:25] INFO Epoch 016 | train batch=310/1418 | elapsed=2.2 min | eta=8.0 min
[2026-07-24 15:05:30] INFO Epoch 016 | train batch=320/1418 | elapsed=2.3 min | eta=7.9 min
[2026-07-24 15:05:34] INFO Epoch 016 | train batch=330/1418 | elapsed=2.4 min | eta=7.9 min
[2026-07-24 15:05:38] INFO Epoch 016 | train batch=340/1418 | elapsed=2.5 min | eta=7.8 min
[2026-07-24 15:05:42] INFO Epoch 016 | train batch=350/1418 | elapsed=2.5 min | eta=7.7 min
[2026-07-24 15:05:47] INFO Epoch 016 | train batch=360/1418 | elapsed=2.6 min | eta=7.6 min
[2026-07-24 15:05:51] INFO Epoch 016 | train batch=370/1418 | elapsed=2.7 min | eta=7.6 min
[2026-07-24 15:05:56] INFO Epoch 016 | train batch=380/1418 | elapsed=2.7 min | eta=7.5 min
[2026-07-24 15:06:00] INFO Epoch 016 | train batch=390/1418 | elapsed=2.8 min | eta=7.4 min
[2026-07-24 15:06:04] INFO Epoch 016 | train batch=400/1418 | elapsed=2.9 min | eta=7.3 min
[2026-07-24 15:06:08] INFO Epoch 016 | train batch=410/1418 | elapsed=3.0 min | eta=7.3 min
[2026-07-24 15:06:13] INFO Epoch 016 | train batch=420/1418 | elapsed=3.0 min | eta=7.2 min
[2026-07-24 15:06:17] INFO Epoch 016 | train batch=430/1418 | elapsed=3.1 min | eta=7.1 min
[2026-07-24 15:06:21] INFO Epoch 016 | train batch=440/1418 | elapsed=3.2 min | eta=7.0 min
[2026-07-24 15:06:25] INFO Epoch 016 | train batch=450/1418 | elapsed=3.2 min | eta=7.0 min
[2026-07-24 15:06:30] INFO Epoch 016 | train batch=460/1418 | elapsed=3.3 min | eta=6.9 min
[2026-07-24 15:06:34] INFO Epoch 016 | train batch=470/1418 | elapsed=3.4 min | eta=6.8 min
[2026-07-24 15:06:39] INFO Epoch 016 | train batch=480/1418 | elapsed=3.5 min | eta=6.8 min
[2026-07-24 15:06:43] INFO Epoch 016 | train batch=490/1418 | elapsed=3.5 min | eta=6.7 min
[2026-07-24 15:06:47] INFO Epoch 016 | train batch=500/1418 | elapsed=3.6 min | eta=6.6 min
[2026-07-24 15:06:51] INFO Epoch 016 | train batch=510/1418 | elapsed=3.7 min | eta=6.5 min
[2026-07-24 15:06:56] INFO Epoch 016 | train batch=520/1418 | elapsed=3.7 min | eta=6.5 min
[2026-07-24 15:07:00] INFO Epoch 016 | train batch=530/1418 | elapsed=3.8 min | eta=6.4 min
[2026-07-24 15:07:05] INFO Epoch 016 | train batch=540/1418 | elapsed=3.9 min | eta=6.3 min
[2026-07-24 15:07:09] INFO Epoch 016 | train batch=550/1418 | elapsed=4.0 min | eta=6.3 min
[2026-07-24 15:07:13] INFO Epoch 016 | train batch=560/1418 | elapsed=4.0 min | eta=6.2 min
[2026-07-24 15:07:17] INFO Epoch 016 | train batch=570/1418 | elapsed=4.1 min | eta=6.1 min
[2026-07-24 15:07:22] INFO Epoch 016 | train batch=580/1418 | elapsed=4.2 min | eta=6.0 min
[2026-07-24 15:07:26] INFO Epoch 016 | train batch=590/1418 | elapsed=4.3 min | eta=6.0 min
[2026-07-24 15:07:30] INFO Epoch 016 | train batch=600/1418 | elapsed=4.3 min | eta=5.9 min
[2026-07-24 15:07:35] INFO Epoch 016 | train batch=610/1418 | elapsed=4.4 min | eta=5.8 min
[2026-07-24 15:07:39] INFO Epoch 016 | train batch=620/1418 | elapsed=4.5 min | eta=5.8 min
[2026-07-24 15:07:44] INFO Epoch 016 | train batch=630/1418 | elapsed=4.5 min | eta=5.7 min
[2026-07-24 15:07:48] INFO Epoch 016 | train batch=640/1418 | elapsed=4.6 min | eta=5.6 min
[2026-07-24 15:07:52] INFO Epoch 016 | train batch=650/1418 | elapsed=4.7 min | eta=5.5 min
[2026-07-24 15:07:57] INFO Epoch 016 | train batch=660/1418 | elapsed=4.8 min | eta=5.5 min
[2026-07-24 15:08:01] INFO Epoch 016 | train batch=670/1418 | elapsed=4.8 min | eta=5.4 min
[2026-07-24 15:08:05] INFO Epoch 016 | train batch=680/1418 | elapsed=4.9 min | eta=5.3 min
[2026-07-24 15:08:10] INFO Epoch 016 | train batch=690/1418 | elapsed=5.0 min | eta=5.3 min
[2026-07-24 15:08:14] INFO Epoch 016 | train batch=700/1418 | elapsed=5.0 min | eta=5.2 min
[2026-07-24 15:08:18] INFO Epoch 016 | train batch=710/1418 | elapsed=5.1 min | eta=5.1 min
[2026-07-24 15:08:22] INFO Epoch 016 | train batch=720/1418 | elapsed=5.2 min | eta=5.0 min
[2026-07-24 15:08:27] INFO Epoch 016 | train batch=730/1418 | elapsed=5.3 min | eta=5.0 min
[2026-07-24 15:08:31] INFO Epoch 016 | train batch=740/1418 | elapsed=5.3 min | eta=4.9 min
[2026-07-24 15:08:35] INFO Epoch 016 | train batch=750/1418 | elapsed=5.4 min | eta=4.8 min
[2026-07-24 15:08:40] INFO Epoch 016 | train batch=760/1418 | elapsed=5.5 min | eta=4.7 min
[2026-07-24 15:08:44] INFO Epoch 016 | train batch=770/1418 | elapsed=5.6 min | eta=4.7 min
[2026-07-24 15:08:48] INFO Epoch 016 | train batch=780/1418 | elapsed=5.6 min | eta=4.6 min
[2026-07-24 15:08:53] INFO Epoch 016 | train batch=790/1418 | elapsed=5.7 min | eta=4.5 min
[2026-07-24 15:08:57] INFO Epoch 016 | train batch=800/1418 | elapsed=5.8 min | eta=4.5 min
[2026-07-24 15:09:01] INFO Epoch 016 | train batch=810/1418 | elapsed=5.8 min | eta=4.4 min
[2026-07-24 15:09:05] INFO Epoch 016 | train batch=820/1418 | elapsed=5.9 min | eta=4.3 min
[2026-07-24 15:09:10] INFO Epoch 016 | train batch=830/1418 | elapsed=6.0 min | eta=4.2 min
[2026-07-24 15:09:14] INFO Epoch 016 | train batch=840/1418 | elapsed=6.0 min | eta=4.2 min
[2026-07-24 15:09:18] INFO Epoch 016 | train batch=850/1418 | elapsed=6.1 min | eta=4.1 min
[2026-07-24 15:09:22] INFO Epoch 016 | train batch=860/1418 | elapsed=6.2 min | eta=4.0 min
[2026-07-24 15:09:27] INFO Epoch 016 | train batch=870/1418 | elapsed=6.3 min | eta=3.9 min
[2026-07-24 15:09:31] INFO Epoch 016 | train batch=880/1418 | elapsed=6.3 min | eta=3.9 min
[2026-07-24 15:09:36] INFO Epoch 016 | train batch=890/1418 | elapsed=6.4 min | eta=3.8 min
[2026-07-24 15:09:40] INFO Epoch 016 | train batch=900/1418 | elapsed=6.5 min | eta=3.7 min
[2026-07-24 15:09:44] INFO Epoch 016 | train batch=910/1418 | elapsed=6.6 min | eta=3.7 min
[2026-07-24 15:09:48] INFO Epoch 016 | train batch=920/1418 | elapsed=6.6 min | eta=3.6 min
[2026-07-24 15:09:52] INFO Epoch 016 | train batch=930/1418 | elapsed=6.7 min | eta=3.5 min
[2026-07-24 15:09:57] INFO Epoch 016 | train batch=940/1418 | elapsed=6.8 min | eta=3.4 min
[2026-07-24 15:10:01] INFO Epoch 016 | train batch=950/1418 | elapsed=6.8 min | eta=3.4 min
[2026-07-24 15:10:05] INFO Epoch 016 | train batch=960/1418 | elapsed=6.9 min | eta=3.3 min
[2026-07-24 15:10:10] INFO Epoch 016 | train batch=970/1418 | elapsed=7.0 min | eta=3.2 min
[2026-07-24 15:10:14] INFO Epoch 016 | train batch=980/1418 | elapsed=7.0 min | eta=3.2 min
[2026-07-24 15:10:18] INFO Epoch 016 | train batch=990/1418 | elapsed=7.1 min | eta=3.1 min
[2026-07-24 15:10:22] INFO Epoch 016 | train batch=1000/1418 | elapsed=7.2 min | eta=3.0 min
[2026-07-24 15:10:27] INFO Epoch 016 | train batch=1010/1418 | elapsed=7.3 min | eta=2.9 min
[2026-07-24 15:10:31] INFO Epoch 016 | train batch=1020/1418 | elapsed=7.3 min | eta=2.9 min
[2026-07-24 15:10:36] INFO Epoch 016 | train batch=1030/1418 | elapsed=7.4 min | eta=2.8 min
[2026-07-24 15:10:40] INFO Epoch 016 | train batch=1040/1418 | elapsed=7.5 min | eta=2.7 min
[2026-07-24 15:10:44] INFO Epoch 016 | train batch=1050/1418 | elapsed=7.6 min | eta=2.6 min
[2026-07-24 15:10:49] INFO Epoch 016 | train batch=1060/1418 | elapsed=7.6 min | eta=2.6 min
[2026-07-24 15:10:53] INFO Epoch 016 | train batch=1070/1418 | elapsed=7.7 min | eta=2.5 min
[2026-07-24 15:10:57] INFO Epoch 016 | train batch=1080/1418 | elapsed=7.8 min | eta=2.4 min
[2026-07-24 15:11:01] INFO Epoch 016 | train batch=1090/1418 | elapsed=7.8 min | eta=2.4 min
[2026-07-24 15:11:06] INFO Epoch 016 | train batch=1100/1418 | elapsed=7.9 min | eta=2.3 min
[2026-07-24 15:11:10] INFO Epoch 016 | train batch=1110/1418 | elapsed=8.0 min | eta=2.2 min
[2026-07-24 15:11:14] INFO Epoch 016 | train batch=1120/1418 | elapsed=8.1 min | eta=2.1 min
[2026-07-24 15:11:19] INFO Epoch 016 | train batch=1130/1418 | elapsed=8.1 min | eta=2.1 min
[2026-07-24 15:11:23] INFO Epoch 016 | train batch=1140/1418 | elapsed=8.2 min | eta=2.0 min
[2026-07-24 15:11:27] INFO Epoch 016 | train batch=1150/1418 | elapsed=8.3 min | eta=1.9 min
[2026-07-24 15:11:32] INFO Epoch 016 | train batch=1160/1418 | elapsed=8.3 min | eta=1.9 min
[2026-07-24 15:11:36] INFO Epoch 016 | train batch=1170/1418 | elapsed=8.4 min | eta=1.8 min
[2026-07-24 15:11:40] INFO Epoch 016 | train batch=1180/1418 | elapsed=8.5 min | eta=1.7 min
[2026-07-24 15:11:44] INFO Epoch 016 | train batch=1190/1418 | elapsed=8.6 min | eta=1.6 min
[2026-07-24 15:11:49] INFO Epoch 016 | train batch=1200/1418 | elapsed=8.6 min | eta=1.6 min
[2026-07-24 15:11:53] INFO Epoch 016 | train batch=1210/1418 | elapsed=8.7 min | eta=1.5 min
[2026-07-24 15:11:57] INFO Epoch 016 | train batch=1220/1418 | elapsed=8.8 min | eta=1.4 min
[2026-07-24 15:12:01] INFO Epoch 016 | train batch=1230/1418 | elapsed=8.8 min | eta=1.4 min
[2026-07-24 15:12:05] INFO Epoch 016 | train batch=1240/1418 | elapsed=8.9 min | eta=1.3 min
[2026-07-24 15:12:10] INFO Epoch 016 | train batch=1250/1418 | elapsed=9.0 min | eta=1.2 min
[2026-07-24 15:12:14] INFO Epoch 016 | train batch=1260/1418 | elapsed=9.1 min | eta=1.1 min
[2026-07-24 15:12:18] INFO Epoch 016 | train batch=1270/1418 | elapsed=9.1 min | eta=1.1 min
[2026-07-24 15:12:23] INFO Epoch 016 | train batch=1280/1418 | elapsed=9.2 min | eta=1.0 min
[2026-07-24 15:12:27] INFO Epoch 016 | train batch=1290/1418 | elapsed=9.3 min | eta=0.9 min
[2026-07-24 15:12:32] INFO Epoch 016 | train batch=1300/1418 | elapsed=9.3 min | eta=0.8 min
[2026-07-24 15:12:36] INFO Epoch 016 | train batch=1310/1418 | elapsed=9.4 min | eta=0.8 min
[2026-07-24 15:12:40] INFO Epoch 016 | train batch=1320/1418 | elapsed=9.5 min | eta=0.7 min
[2026-07-24 15:12:45] INFO Epoch 016 | train batch=1330/1418 | elapsed=9.6 min | eta=0.6 min
[2026-07-24 15:12:49] INFO Epoch 016 | train batch=1340/1418 | elapsed=9.6 min | eta=0.6 min
[2026-07-24 15:12:53] INFO Epoch 016 | train batch=1350/1418 | elapsed=9.7 min | eta=0.5 min
[2026-07-24 15:12:58] INFO Epoch 016 | train batch=1360/1418 | elapsed=9.8 min | eta=0.4 min
[2026-07-24 15:13:02] INFO Epoch 016 | train batch=1370/1418 | elapsed=9.9 min | eta=0.3 min
[2026-07-24 15:13:06] INFO Epoch 016 | train batch=1380/1418 | elapsed=9.9 min | eta=0.3 min
[2026-07-24 15:13:11] INFO Epoch 016 | train batch=1390/1418 | elapsed=10.0 min | eta=0.2 min
[2026-07-24 15:13:15] INFO Epoch 016 | train batch=1400/1418 | elapsed=10.1 min | eta=0.1 min
[2026-07-24 15:13:19] INFO Epoch 016 | train batch=1410/1418 | elapsed=10.1 min | eta=0.1 min
[2026-07-24 15:13:22] INFO Epoch 016 | train batch=1418/1418 | elapsed=10.2 min | eta=0.0 min
[2026-07-24 15:13:23] INFO Epoch 016 | val batch=1/188 | elapsed=0.0 min | eta=0.4 min
[2026-07-24 15:13:24] INFO Epoch 016 | val batch=10/188 | elapsed=0.0 min | eta=0.6 min
[2026-07-24 15:13:26] INFO Epoch 016 | val batch=20/188 | elapsed=0.1 min | eta=0.5 min
[2026-07-24 15:13:28] INFO Epoch 016 | val batch=30/188 | elapsed=0.1 min | eta=0.5 min
[2026-07-24 15:13:30] INFO Epoch 016 | val batch=40/188 | elapsed=0.1 min | eta=0.5 min
[2026-07-24 15:13:32] INFO Epoch 016 | val batch=50/188 | elapsed=0.2 min | eta=0.4 min
[2026-07-24 15:13:34] INFO Epoch 016 | val batch=60/188 | elapsed=0.2 min | eta=0.4 min
[2026-07-24 15:13:36] INFO Epoch 016 | val batch=70/188 | elapsed=0.2 min | eta=0.4 min
[2026-07-24 15:13:37] INFO Epoch 016 | val batch=80/188 | elapsed=0.2 min | eta=0.3 min
[2026-07-24 15:13:39] INFO Epoch 016 | val batch=90/188 | elapsed=0.3 min | eta=0.3 min
[2026-07-24 15:13:41] INFO Epoch 016 | val batch=100/188 | elapsed=0.3 min | eta=0.3 min
[2026-07-24 15:13:43] INFO Epoch 016 | val batch=110/188 | elapsed=0.3 min | eta=0.2 min
[2026-07-24 15:13:45] INFO Epoch 016 | val batch=120/188 | elapsed=0.4 min | eta=0.2 min
[2026-07-24 15:13:47] INFO Epoch 016 | val batch=130/188 | elapsed=0.4 min | eta=0.2 min
[2026-07-24 15:13:49] INFO Epoch 016 | val batch=140/188 | elapsed=0.4 min | eta=0.1 min
[2026-07-24 15:13:51] INFO Epoch 016 | val batch=150/188 | elapsed=0.5 min | eta=0.1 min
[2026-07-24 15:13:52] INFO Epoch 016 | val batch=160/188 | elapsed=0.5 min | eta=0.1 min
[2026-07-24 15:13:54] INFO Epoch 016 | val batch=170/188 | elapsed=0.5 min | eta=0.1 min
[2026-07-24 15:13:56] INFO Epoch 016 | val batch=180/188 | elapsed=0.6 min | eta=0.0 min
[2026-07-24 15:13:57] INFO Epoch 016 | val batch=188/188 | elapsed=0.6 min | eta=0.0 min
[2026-07-24 15:13:57] INFO Epoch 016 | train_total=0.445269 | val_total=0.433203 | val_mask=0.224306 | val_retrieval=2.088977 | val_anchors=611264 | val_positive_pairs=0 | val_hard_negatives=0 | val_relation_candidates=7439984 | val_teacher_keff=3.904 | val_student_keff=6.823 | val_masked_positions=42263114 | skipped(train/val)=0/0
[2026-07-24 15:13:57] INFO Epoch 017/050 started | train_batches=1418 | val_batches=188
[2026-07-24 15:13:58] INFO Epoch 017 | train batch=1/1418 | elapsed=0.0 min | eta=11.6 min
[2026-07-24 15:14:02] INFO Epoch 017 | train batch=10/1418 | elapsed=0.1 min | eta=9.9 min
[2026-07-24 15:14:06] INFO Epoch 017 | train batch=20/1418 | elapsed=0.1 min | eta=9.9 min
[2026-07-24 15:14:10] INFO Epoch 017 | train batch=30/1418 | elapsed=0.2 min | eta=10.0 min
[2026-07-24 15:14:15] INFO Epoch 017 | train batch=40/1418 | elapsed=0.3 min | eta=10.0 min
[2026-07-24 15:14:19] INFO Epoch 017 | train batch=50/1418 | elapsed=0.4 min | eta=9.8 min
[2026-07-24 15:14:23] INFO Epoch 017 | train batch=60/1418 | elapsed=0.4 min | eta=9.7 min
[2026-07-24 15:14:28] INFO Epoch 017 | train batch=70/1418 | elapsed=0.5 min | eta=9.6 min
[2026-07-24 15:14:32] INFO Epoch 017 | train batch=80/1418 | elapsed=0.6 min | eta=9.5 min
[2026-07-24 15:14:36] INFO Epoch 017 | train batch=90/1418 | elapsed=0.6 min | eta=9.4 min
[2026-07-24 15:14:40] INFO Epoch 017 | train batch=100/1418 | elapsed=0.7 min | eta=9.3 min
[2026-07-24 15:14:44] INFO Epoch 017 | train batch=110/1418 | elapsed=0.8 min | eta=9.3 min
[2026-07-24 15:14:48] INFO Epoch 017 | train batch=120/1418 | elapsed=0.8 min | eta=9.2 min
[2026-07-24 15:14:53] INFO Epoch 017 | train batch=130/1418 | elapsed=0.9 min | eta=9.1 min
[2026-07-24 15:14:57] INFO Epoch 017 | train batch=140/1418 | elapsed=1.0 min | eta=9.1 min
[2026-07-24 15:15:01] INFO Epoch 017 | train batch=150/1418 | elapsed=1.1 min | eta=9.0 min
[2026-07-24 15:15:06] INFO Epoch 017 | train batch=160/1418 | elapsed=1.1 min | eta=8.9 min
[2026-07-24 15:15:10] INFO Epoch 017 | train batch=170/1418 | elapsed=1.2 min | eta=8.9 min
[2026-07-24 15:15:14] INFO Epoch 017 | train batch=180/1418 | elapsed=1.3 min | eta=8.8 min
[2026-07-24 15:15:19] INFO Epoch 017 | train batch=190/1418 | elapsed=1.4 min | eta=8.8 min
[2026-07-24 15:15:23] INFO Epoch 017 | train batch=200/1418 | elapsed=1.4 min | eta=8.7 min
[2026-07-24 15:15:27] INFO Epoch 017 | train batch=210/1418 | elapsed=1.5 min | eta=8.6 min
[2026-07-24 15:15:32] INFO Epoch 017 | train batch=220/1418 | elapsed=1.6 min | eta=8.6 min
[2026-07-24 15:15:36] INFO Epoch 017 | train batch=230/1418 | elapsed=1.6 min | eta=8.5 min
[2026-07-24 15:15:40] INFO Epoch 017 | train batch=240/1418 | elapsed=1.7 min | eta=8.4 min
[2026-07-24 15:15:45] INFO Epoch 017 | train batch=250/1418 | elapsed=1.8 min | eta=8.3 min
[2026-07-24 15:15:49] INFO Epoch 017 | train batch=260/1418 | elapsed=1.9 min | eta=8.3 min
[2026-07-24 15:15:53] INFO Epoch 017 | train batch=270/1418 | elapsed=1.9 min | eta=8.2 min
[2026-07-24 15:15:58] INFO Epoch 017 | train batch=280/1418 | elapsed=2.0 min | eta=8.1 min
[2026-07-24 15:16:02] INFO Epoch 017 | train batch=290/1418 | elapsed=2.1 min | eta=8.1 min
[2026-07-24 15:16:06] INFO Epoch 017 | train batch=300/1418 | elapsed=2.1 min | eta=8.0 min
[2026-07-24 15:16:11] INFO Epoch 017 | train batch=310/1418 | elapsed=2.2 min | eta=7.9 min
[2026-07-24 15:16:15] INFO Epoch 017 | train batch=320/1418 | elapsed=2.3 min | eta=7.9 min
[2026-07-24 15:16:19] INFO Epoch 017 | train batch=330/1418 | elapsed=2.4 min | eta=7.8 min
[2026-07-24 15:16:24] INFO Epoch 017 | train batch=340/1418 | elapsed=2.4 min | eta=7.7 min
[2026-07-24 15:16:28] INFO Epoch 017 | train batch=350/1418 | elapsed=2.5 min | eta=7.6 min
[2026-07-24 15:16:32] INFO Epoch 017 | train batch=360/1418 | elapsed=2.6 min | eta=7.6 min
[2026-07-24 15:16:36] INFO Epoch 017 | train batch=370/1418 | elapsed=2.6 min | eta=7.5 min
[2026-07-24 15:16:41] INFO Epoch 017 | train batch=380/1418 | elapsed=2.7 min | eta=7.4 min
[2026-07-24 15:16:45] INFO Epoch 017 | train batch=390/1418 | elapsed=2.8 min | eta=7.4 min
[2026-07-24 15:16:49] INFO Epoch 017 | train batch=400/1418 | elapsed=2.9 min | eta=7.3 min
[2026-07-24 15:16:54] INFO Epoch 017 | train batch=410/1418 | elapsed=2.9 min | eta=7.2 min
[2026-07-24 15:16:58] INFO Epoch 017 | train batch=420/1418 | elapsed=3.0 min | eta=7.1 min
[2026-07-24 15:17:02] INFO Epoch 017 | train batch=430/1418 | elapsed=3.1 min | eta=7.1 min
[2026-07-24 15:17:06] INFO Epoch 017 | train batch=440/1418 | elapsed=3.1 min | eta=7.0 min
[2026-07-24 15:17:11] INFO Epoch 017 | train batch=450/1418 | elapsed=3.2 min | eta=6.9 min
[2026-07-24 15:17:15] INFO Epoch 017 | train batch=460/1418 | elapsed=3.3 min | eta=6.9 min
[2026-07-24 15:17:20] INFO Epoch 017 | train batch=470/1418 | elapsed=3.4 min | eta=6.8 min
[2026-07-24 15:17:24] INFO Epoch 017 | train batch=480/1418 | elapsed=3.4 min | eta=6.7 min
[2026-07-24 15:17:28] INFO Epoch 017 | train batch=490/1418 | elapsed=3.5 min | eta=6.6 min
[2026-07-24 15:17:32] INFO Epoch 017 | train batch=500/1418 | elapsed=3.6 min | eta=6.6 min
[2026-07-24 15:17:36] INFO Epoch 017 | train batch=510/1418 | elapsed=3.6 min | eta=6.5 min
[2026-07-24 15:17:41] INFO Epoch 017 | train batch=520/1418 | elapsed=3.7 min | eta=6.4 min
[2026-07-24 15:17:45] INFO Epoch 017 | train batch=530/1418 | elapsed=3.8 min | eta=6.4 min
[2026-07-24 15:17:49] INFO Epoch 017 | train batch=540/1418 | elapsed=3.9 min | eta=6.3 min
[2026-07-24 15:17:54] INFO Epoch 017 | train batch=550/1418 | elapsed=3.9 min | eta=6.2 min
[2026-07-24 15:17:58] INFO Epoch 017 | train batch=560/1418 | elapsed=4.0 min | eta=6.1 min
[2026-07-24 15:18:02] INFO Epoch 017 | train batch=570/1418 | elapsed=4.1 min | eta=6.1 min
[2026-07-24 15:18:06] INFO Epoch 017 | train batch=580/1418 | elapsed=4.1 min | eta=6.0 min
[2026-07-24 15:18:11] INFO Epoch 017 | train batch=590/1418 | elapsed=4.2 min | eta=5.9 min
[2026-07-24 15:18:14] INFO Epoch 017 | train batch=600/1418 | elapsed=4.3 min | eta=5.8 min
[2026-07-24 15:18:19] INFO Epoch 017 | train batch=610/1418 | elapsed=4.4 min | eta=5.8 min
[2026-07-24 15:18:23] INFO Epoch 017 | train batch=620/1418 | elapsed=4.4 min | eta=5.7 min
[2026-07-24 15:18:27] INFO Epoch 017 | train batch=630/1418 | elapsed=4.5 min | eta=5.6 min
[2026-07-24 15:18:31] INFO Epoch 017 | train batch=640/1418 | elapsed=4.6 min | eta=5.5 min
[2026-07-24 15:18:35] INFO Epoch 017 | train batch=650/1418 | elapsed=4.6 min | eta=5.5 min
[2026-07-24 15:18:39] INFO Epoch 017 | train batch=660/1418 | elapsed=4.7 min | eta=5.4 min
[2026-07-24 15:18:43] INFO Epoch 017 | train batch=670/1418 | elapsed=4.8 min | eta=5.3 min
[2026-07-24 15:18:48] INFO Epoch 017 | train batch=680/1418 | elapsed=4.8 min | eta=5.2 min
[2026-07-24 15:18:52] INFO Epoch 017 | train batch=690/1418 | elapsed=4.9 min | eta=5.2 min
[2026-07-24 15:18:56] INFO Epoch 017 | train batch=700/1418 | elapsed=5.0 min | eta=5.1 min
[2026-07-24 15:19:00] INFO Epoch 017 | train batch=710/1418 | elapsed=5.0 min | eta=5.0 min
[2026-07-24 15:19:05] INFO Epoch 017 | train batch=720/1418 | elapsed=5.1 min | eta=5.0 min
[2026-07-24 15:19:09] INFO Epoch 017 | train batch=730/1418 | elapsed=5.2 min | eta=4.9 min
[2026-07-24 15:19:13] INFO Epoch 017 | train batch=740/1418 | elapsed=5.3 min | eta=4.8 min
[2026-07-24 15:19:17] INFO Epoch 017 | train batch=750/1418 | elapsed=5.3 min | eta=4.7 min
[2026-07-24 15:19:21] INFO Epoch 017 | train batch=760/1418 | elapsed=5.4 min | eta=4.7 min
[2026-07-24 15:19:26] INFO Epoch 017 | train batch=770/1418 | elapsed=5.5 min | eta=4.6 min
[2026-07-24 15:19:30] INFO Epoch 017 | train batch=780/1418 | elapsed=5.5 min | eta=4.5 min
[2026-07-24 15:19:34] INFO Epoch 017 | train batch=790/1418 | elapsed=5.6 min | eta=4.5 min
[2026-07-24 15:19:38] INFO Epoch 017 | train batch=800/1418 | elapsed=5.7 min | eta=4.4 min
[2026-07-24 15:19:42] INFO Epoch 017 | train batch=810/1418 | elapsed=5.8 min | eta=4.3 min
[2026-07-24 15:19:47] INFO Epoch 017 | train batch=820/1418 | elapsed=5.8 min | eta=4.2 min
[2026-07-24 15:19:51] INFO Epoch 017 | train batch=830/1418 | elapsed=5.9 min | eta=4.2 min
[2026-07-24 15:19:56] INFO Epoch 017 | train batch=840/1418 | elapsed=6.0 min | eta=4.1 min
[2026-07-24 15:20:00] INFO Epoch 017 | train batch=850/1418 | elapsed=6.0 min | eta=4.0 min
[2026-07-24 15:20:05] INFO Epoch 017 | train batch=860/1418 | elapsed=6.1 min | eta=4.0 min
[2026-07-24 15:20:09] INFO Epoch 017 | train batch=870/1418 | elapsed=6.2 min | eta=3.9 min
[2026-07-24 15:20:13] INFO Epoch 017 | train batch=880/1418 | elapsed=6.3 min | eta=3.8 min
[2026-07-24 15:20:18] INFO Epoch 017 | train batch=890/1418 | elapsed=6.3 min | eta=3.8 min
[2026-07-24 15:20:22] INFO Epoch 017 | train batch=900/1418 | elapsed=6.4 min | eta=3.7 min
[2026-07-24 15:20:27] INFO Epoch 017 | train batch=910/1418 | elapsed=6.5 min | eta=3.6 min
[2026-07-24 15:20:31] INFO Epoch 017 | train batch=920/1418 | elapsed=6.6 min | eta=3.6 min
[2026-07-24 15:20:36] INFO Epoch 017 | train batch=930/1418 | elapsed=6.6 min | eta=3.5 min
[2026-07-24 15:20:40] INFO Epoch 017 | train batch=940/1418 | elapsed=6.7 min | eta=3.4 min
[2026-07-24 15:20:45] INFO Epoch 017 | train batch=950/1418 | elapsed=6.8 min | eta=3.3 min
[2026-07-24 15:20:49] INFO Epoch 017 | train batch=960/1418 | elapsed=6.9 min | eta=3.3 min
[2026-07-24 15:20:54] INFO Epoch 017 | train batch=970/1418 | elapsed=6.9 min | eta=3.2 min
[2026-07-24 15:20:58] INFO Epoch 017 | train batch=980/1418 | elapsed=7.0 min | eta=3.1 min
[2026-07-24 15:21:02] INFO Epoch 017 | train batch=990/1418 | elapsed=7.1 min | eta=3.1 min
[2026-07-24 15:21:07] INFO Epoch 017 | train batch=1000/1418 | elapsed=7.2 min | eta=3.0 min
[2026-07-24 15:21:11] INFO Epoch 017 | train batch=1010/1418 | elapsed=7.2 min | eta=2.9 min
[2026-07-24 15:21:15] INFO Epoch 017 | train batch=1020/1418 | elapsed=7.3 min | eta=2.8 min
[2026-07-24 15:21:19] INFO Epoch 017 | train batch=1030/1418 | elapsed=7.4 min | eta=2.8 min
[2026-07-24 15:21:24] INFO Epoch 017 | train batch=1040/1418 | elapsed=7.4 min | eta=2.7 min
[2026-07-24 15:21:28] INFO Epoch 017 | train batch=1050/1418 | elapsed=7.5 min | eta=2.6 min
[2026-07-24 15:21:32] INFO Epoch 017 | train batch=1060/1418 | elapsed=7.6 min | eta=2.6 min
[2026-07-24 15:21:37] INFO Epoch 017 | train batch=1070/1418 | elapsed=7.7 min | eta=2.5 min
[2026-07-24 15:21:41] INFO Epoch 017 | train batch=1080/1418 | elapsed=7.7 min | eta=2.4 min
[2026-07-24 15:21:45] INFO Epoch 017 | train batch=1090/1418 | elapsed=7.8 min | eta=2.3 min
[2026-07-24 15:21:49] INFO Epoch 017 | train batch=1100/1418 | elapsed=7.9 min | eta=2.3 min
[2026-07-24 15:21:54] INFO Epoch 017 | train batch=1110/1418 | elapsed=7.9 min | eta=2.2 min
[2026-07-24 15:21:58] INFO Epoch 017 | train batch=1120/1418 | elapsed=8.0 min | eta=2.1 min
[2026-07-24 15:22:02] INFO Epoch 017 | train batch=1130/1418 | elapsed=8.1 min | eta=2.1 min
[2026-07-24 15:22:06] INFO Epoch 017 | train batch=1140/1418 | elapsed=8.1 min | eta=2.0 min
[2026-07-24 15:22:10] INFO Epoch 017 | train batch=1150/1418 | elapsed=8.2 min | eta=1.9 min
[2026-07-24 15:22:15] INFO Epoch 017 | train batch=1160/1418 | elapsed=8.3 min | eta=1.8 min
[2026-07-24 15:22:19] INFO Epoch 017 | train batch=1170/1418 | elapsed=8.4 min | eta=1.8 min
[2026-07-24 15:22:23] INFO Epoch 017 | train batch=1180/1418 | elapsed=8.4 min | eta=1.7 min
[2026-07-24 15:22:27] INFO Epoch 017 | train batch=1190/1418 | elapsed=8.5 min | eta=1.6 min
[2026-07-24 15:22:31] INFO Epoch 017 | train batch=1200/1418 | elapsed=8.6 min | eta=1.6 min
[2026-07-24 15:22:35] INFO Epoch 017 | train batch=1210/1418 | elapsed=8.6 min | eta=1.5 min
[2026-07-24 15:22:40] INFO Epoch 017 | train batch=1220/1418 | elapsed=8.7 min | eta=1.4 min
[2026-07-24 15:22:44] INFO Epoch 017 | train batch=1230/1418 | elapsed=8.8 min | eta=1.3 min
[2026-07-24 15:22:49] INFO Epoch 017 | train batch=1240/1418 | elapsed=8.9 min | eta=1.3 min
[2026-07-24 15:22:53] INFO Epoch 017 | train batch=1250/1418 | elapsed=8.9 min | eta=1.2 min
[2026-07-24 15:22:57] INFO Epoch 017 | train batch=1260/1418 | elapsed=9.0 min | eta=1.1 min
[2026-07-24 15:23:01] INFO Epoch 017 | train batch=1270/1418 | elapsed=9.1 min | eta=1.1 min
[2026-07-24 15:23:06] INFO Epoch 017 | train batch=1280/1418 | elapsed=9.1 min | eta=1.0 min
[2026-07-24 15:23:10] INFO Epoch 017 | train batch=1290/1418 | elapsed=9.2 min | eta=0.9 min
[2026-07-24 15:23:15] INFO Epoch 017 | train batch=1300/1418 | elapsed=9.3 min | eta=0.8 min
[2026-07-24 15:23:19] INFO Epoch 017 | train batch=1310/1418 | elapsed=9.4 min | eta=0.8 min
[2026-07-24 15:23:23] INFO Epoch 017 | train batch=1320/1418 | elapsed=9.4 min | eta=0.7 min
[2026-07-24 15:23:27] INFO Epoch 017 | train batch=1330/1418 | elapsed=9.5 min | eta=0.6 min
[2026-07-24 15:23:32] INFO Epoch 017 | train batch=1340/1418 | elapsed=9.6 min | eta=0.6 min
[2026-07-24 15:23:36] INFO Epoch 017 | train batch=1350/1418 | elapsed=9.6 min | eta=0.5 min
[2026-07-24 15:23:40] INFO Epoch 017 | train batch=1360/1418 | elapsed=9.7 min | eta=0.4 min
[2026-07-24 15:23:44] INFO Epoch 017 | train batch=1370/1418 | elapsed=9.8 min | eta=0.3 min
[2026-07-24 15:23:49] INFO Epoch 017 | train batch=1380/1418 | elapsed=9.9 min | eta=0.3 min
[2026-07-24 15:23:53] INFO Epoch 017 | train batch=1390/1418 | elapsed=9.9 min | eta=0.2 min
[2026-07-24 15:23:57] INFO Epoch 017 | train batch=1400/1418 | elapsed=10.0 min | eta=0.1 min
[2026-07-24 15:24:01] INFO Epoch 017 | train batch=1410/1418 | elapsed=10.1 min | eta=0.1 min
[2026-07-24 15:24:05] INFO Epoch 017 | train batch=1418/1418 | elapsed=10.1 min | eta=0.0 min
[2026-07-24 15:24:05] INFO Epoch 017 | val batch=1/188 | elapsed=0.0 min | eta=0.4 min
[2026-07-24 15:24:07] INFO Epoch 017 | val batch=10/188 | elapsed=0.0 min | eta=0.6 min
[2026-07-24 15:24:09] INFO Epoch 017 | val batch=20/188 | elapsed=0.1 min | eta=0.5 min
[2026-07-24 15:24:10] INFO Epoch 017 | val batch=30/188 | elapsed=0.1 min | eta=0.5 min
[2026-07-24 15:24:12] INFO Epoch 017 | val batch=40/188 | elapsed=0.1 min | eta=0.5 min
[2026-07-24 15:24:14] INFO Epoch 017 | val batch=50/188 | elapsed=0.2 min | eta=0.4 min
[2026-07-24 15:24:16] INFO Epoch 017 | val batch=60/188 | elapsed=0.2 min | eta=0.4 min
[2026-07-24 15:24:18] INFO Epoch 017 | val batch=70/188 | elapsed=0.2 min | eta=0.4 min
[2026-07-24 15:24:20] INFO Epoch 017 | val batch=80/188 | elapsed=0.3 min | eta=0.3 min
[2026-07-24 15:24:22] INFO Epoch 017 | val batch=90/188 | elapsed=0.3 min | eta=0.3 min
[2026-07-24 15:24:24] INFO Epoch 017 | val batch=100/188 | elapsed=0.3 min | eta=0.3 min
[2026-07-24 15:24:25] INFO Epoch 017 | val batch=110/188 | elapsed=0.3 min | eta=0.2 min
[2026-07-24 15:24:27] INFO Epoch 017 | val batch=120/188 | elapsed=0.4 min | eta=0.2 min
[2026-07-24 15:24:29] INFO Epoch 017 | val batch=130/188 | elapsed=0.4 min | eta=0.2 min
[2026-07-24 15:24:31] INFO Epoch 017 | val batch=140/188 | elapsed=0.4 min | eta=0.2 min
[2026-07-24 15:24:33] INFO Epoch 017 | val batch=150/188 | elapsed=0.5 min | eta=0.1 min
[2026-07-24 15:24:35] INFO Epoch 017 | val batch=160/188 | elapsed=0.5 min | eta=0.1 min
[2026-07-24 15:24:37] INFO Epoch 017 | val batch=170/188 | elapsed=0.5 min | eta=0.1 min
[2026-07-24 15:24:39] INFO Epoch 017 | val batch=180/188 | elapsed=0.6 min | eta=0.0 min
[2026-07-24 15:24:40] INFO Epoch 017 | val batch=188/188 | elapsed=0.6 min | eta=0.0 min
[2026-07-24 15:24:40] INFO Epoch 017 | train_total=0.454083 | val_total=0.432687 | val_mask=0.224901 | val_retrieval=2.077853 | val_anchors=611264 | val_positive_pairs=0 | val_hard_negatives=0 | val_relation_candidates=7439984 | val_teacher_keff=3.904 | val_student_keff=7.175 | val_masked_positions=42146254 | skipped(train/val)=0/0
[2026-07-24 15:24:40] INFO Relation checkpoint updated | epoch=17 | best_val_relation=2.077853 | path=C:\Users\clw\projects\researchRep\STAnchor-BlockMemory\artifacts\metrla_e3_relation_seed42\pretrain_best_relation.pt
[2026-07-24 15:24:40] INFO Epoch 018/050 started | train_batches=1418 | val_batches=188
[2026-07-24 15:24:40] INFO Epoch 018 | train batch=1/1418 | elapsed=0.0 min | eta=9.0 min
[2026-07-24 15:24:44] INFO Epoch 018 | train batch=10/1418 | elapsed=0.1 min | eta=10.6 min
[2026-07-24 15:24:49] INFO Epoch 018 | train batch=20/1418 | elapsed=0.1 min | eta=10.3 min
[2026-07-24 15:24:53] INFO Epoch 018 | train batch=30/1418 | elapsed=0.2 min | eta=10.2 min
[2026-07-24 15:24:57] INFO Epoch 018 | train batch=40/1418 | elapsed=0.3 min | eta=9.9 min
[2026-07-24 15:25:01] INFO Epoch 018 | train batch=50/1418 | elapsed=0.4 min | eta=9.8 min
[2026-07-24 15:25:06] INFO Epoch 018 | train batch=60/1418 | elapsed=0.4 min | eta=9.7 min
[2026-07-24 15:25:10] INFO Epoch 018 | train batch=70/1418 | elapsed=0.5 min | eta=9.6 min
[2026-07-24 15:25:14] INFO Epoch 018 | train batch=80/1418 | elapsed=0.6 min | eta=9.5 min
[2026-07-24 15:25:18] INFO Epoch 018 | train batch=90/1418 | elapsed=0.6 min | eta=9.5 min
[2026-07-24 15:25:23] INFO Epoch 018 | train batch=100/1418 | elapsed=0.7 min | eta=9.4 min
[2026-07-24 15:25:27] INFO Epoch 018 | train batch=110/1418 | elapsed=0.8 min | eta=9.3 min
[2026-07-24 15:25:32] INFO Epoch 018 | train batch=120/1418 | elapsed=0.9 min | eta=9.3 min
[2026-07-24 15:25:36] INFO Epoch 018 | train batch=130/1418 | elapsed=0.9 min | eta=9.2 min
[2026-07-24 15:25:40] INFO Epoch 018 | train batch=140/1418 | elapsed=1.0 min | eta=9.1 min
[2026-07-24 15:25:44] INFO Epoch 018 | train batch=150/1418 | elapsed=1.1 min | eta=9.1 min
[2026-07-24 15:25:48] INFO Epoch 018 | train batch=160/1418 | elapsed=1.1 min | eta=9.0 min
[2026-07-24 15:25:52] INFO Epoch 018 | train batch=170/1418 | elapsed=1.2 min | eta=8.9 min
[2026-07-24 15:25:56] INFO Epoch 018 | train batch=180/1418 | elapsed=1.3 min | eta=8.8 min
[2026-07-24 15:26:01] INFO Epoch 018 | train batch=190/1418 | elapsed=1.3 min | eta=8.7 min
[2026-07-24 15:26:05] INFO Epoch 018 | train batch=200/1418 | elapsed=1.4 min | eta=8.6 min
[2026-07-24 15:26:09] INFO Epoch 018 | train batch=210/1418 | elapsed=1.5 min | eta=8.5 min
[2026-07-24 15:26:14] INFO Epoch 018 | train batch=220/1418 | elapsed=1.6 min | eta=8.5 min
[2026-07-24 15:26:18] INFO Epoch 018 | train batch=230/1418 | elapsed=1.6 min | eta=8.4 min
[2026-07-24 15:26:22] INFO Epoch 018 | train batch=240/1418 | elapsed=1.7 min | eta=8.4 min
[2026-07-24 15:26:26] INFO Epoch 018 | train batch=250/1418 | elapsed=1.8 min | eta=8.3 min
[2026-07-24 15:26:31] INFO Epoch 018 | train batch=260/1418 | elapsed=1.8 min | eta=8.2 min
[2026-07-24 15:26:35] INFO Epoch 018 | train batch=270/1418 | elapsed=1.9 min | eta=8.2 min
[2026-07-24 15:26:40] INFO Epoch 018 | train batch=280/1418 | elapsed=2.0 min | eta=8.1 min
[2026-07-24 15:26:44] INFO Epoch 018 | train batch=290/1418 | elapsed=2.1 min | eta=8.0 min
[2026-07-24 15:26:48] INFO Epoch 018 | train batch=300/1418 | elapsed=2.1 min | eta=8.0 min
[2026-07-24 15:26:53] INFO Epoch 018 | train batch=310/1418 | elapsed=2.2 min | eta=7.9 min
[2026-07-24 15:26:57] INFO Epoch 018 | train batch=320/1418 | elapsed=2.3 min | eta=7.8 min
[2026-07-24 15:27:01] INFO Epoch 018 | train batch=330/1418 | elapsed=2.4 min | eta=7.8 min
[2026-07-24 15:27:06] INFO Epoch 018 | train batch=340/1418 | elapsed=2.4 min | eta=7.7 min
[2026-07-24 15:27:10] INFO Epoch 018 | train batch=350/1418 | elapsed=2.5 min | eta=7.6 min
[2026-07-24 15:27:15] INFO Epoch 018 | train batch=360/1418 | elapsed=2.6 min | eta=7.6 min
[2026-07-24 15:27:19] INFO Epoch 018 | train batch=370/1418 | elapsed=2.7 min | eta=7.5 min
[2026-07-24 15:27:23] INFO Epoch 018 | train batch=380/1418 | elapsed=2.7 min | eta=7.4 min
[2026-07-24 15:27:28] INFO Epoch 018 | train batch=390/1418 | elapsed=2.8 min | eta=7.4 min
[2026-07-24 15:27:32] INFO Epoch 018 | train batch=400/1418 | elapsed=2.9 min | eta=7.3 min
[2026-07-24 15:27:36] INFO Epoch 018 | train batch=410/1418 | elapsed=2.9 min | eta=7.2 min
[2026-07-24 15:27:41] INFO Epoch 018 | train batch=420/1418 | elapsed=3.0 min | eta=7.2 min
[2026-07-24 15:27:45] INFO Epoch 018 | train batch=430/1418 | elapsed=3.1 min | eta=7.1 min
[2026-07-24 15:27:49] INFO Epoch 018 | train batch=440/1418 | elapsed=3.2 min | eta=7.0 min
[2026-07-24 15:27:54] INFO Epoch 018 | train batch=450/1418 | elapsed=3.2 min | eta=7.0 min
[2026-07-24 15:27:58] INFO Epoch 018 | train batch=460/1418 | elapsed=3.3 min | eta=6.9 min
[2026-07-24 15:28:02] INFO Epoch 018 | train batch=470/1418 | elapsed=3.4 min | eta=6.8 min
[2026-07-24 15:28:06] INFO Epoch 018 | train batch=480/1418 | elapsed=3.4 min | eta=6.7 min
[2026-07-24 15:28:11] INFO Epoch 018 | train batch=490/1418 | elapsed=3.5 min | eta=6.7 min
[2026-07-24 15:28:15] INFO Epoch 018 | train batch=500/1418 | elapsed=3.6 min | eta=6.6 min
[2026-07-24 15:28:19] INFO Epoch 018 | train batch=510/1418 | elapsed=3.7 min | eta=6.5 min
[2026-07-24 15:28:23] INFO Epoch 018 | train batch=520/1418 | elapsed=3.7 min | eta=6.4 min
[2026-07-24 15:28:28] INFO Epoch 018 | train batch=530/1418 | elapsed=3.8 min | eta=6.4 min
[2026-07-24 15:28:32] INFO Epoch 018 | train batch=540/1418 | elapsed=3.9 min | eta=6.3 min
[2026-07-24 15:28:36] INFO Epoch 018 | train batch=550/1418 | elapsed=3.9 min | eta=6.2 min
[2026-07-24 15:28:40] INFO Epoch 018 | train batch=560/1418 | elapsed=4.0 min | eta=6.1 min
[2026-07-24 15:28:44] INFO Epoch 018 | train batch=570/1418 | elapsed=4.1 min | eta=6.1 min
[2026-07-24 15:28:48] INFO Epoch 018 | train batch=580/1418 | elapsed=4.1 min | eta=6.0 min
[2026-07-24 15:28:53] INFO Epoch 018 | train batch=590/1418 | elapsed=4.2 min | eta=5.9 min
[2026-07-24 15:28:57] INFO Epoch 018 | train batch=600/1418 | elapsed=4.3 min | eta=5.8 min
[2026-07-24 15:29:01] INFO Epoch 018 | train batch=610/1418 | elapsed=4.4 min | eta=5.8 min
[2026-07-24 15:29:05] INFO Epoch 018 | train batch=620/1418 | elapsed=4.4 min | eta=5.7 min
[2026-07-24 15:29:10] INFO Epoch 018 | train batch=630/1418 | elapsed=4.5 min | eta=5.6 min
[2026-07-24 15:29:14] INFO Epoch 018 | train batch=640/1418 | elapsed=4.6 min | eta=5.6 min
[2026-07-24 15:29:19] INFO Epoch 018 | train batch=650/1418 | elapsed=4.6 min | eta=5.5 min
[2026-07-24 15:29:23] INFO Epoch 018 | train batch=660/1418 | elapsed=4.7 min | eta=5.4 min
[2026-07-24 15:29:27] INFO Epoch 018 | train batch=670/1418 | elapsed=4.8 min | eta=5.3 min
[2026-07-24 15:29:32] INFO Epoch 018 | train batch=680/1418 | elapsed=4.9 min | eta=5.3 min
[2026-07-24 15:29:36] INFO Epoch 018 | train batch=690/1418 | elapsed=4.9 min | eta=5.2 min
[2026-07-24 15:29:41] INFO Epoch 018 | train batch=700/1418 | elapsed=5.0 min | eta=5.1 min
[2026-07-24 15:29:45] INFO Epoch 018 | train batch=710/1418 | elapsed=5.1 min | eta=5.1 min
[2026-07-24 15:29:49] INFO Epoch 018 | train batch=720/1418 | elapsed=5.2 min | eta=5.0 min
[2026-07-24 15:29:54] INFO Epoch 018 | train batch=730/1418 | elapsed=5.2 min | eta=4.9 min
[2026-07-24 15:29:58] INFO Epoch 018 | train batch=740/1418 | elapsed=5.3 min | eta=4.9 min
[2026-07-24 15:30:02] INFO Epoch 018 | train batch=750/1418 | elapsed=5.4 min | eta=4.8 min
[2026-07-24 15:30:07] INFO Epoch 018 | train batch=760/1418 | elapsed=5.4 min | eta=4.7 min
[2026-07-24 15:30:11] INFO Epoch 018 | train batch=770/1418 | elapsed=5.5 min | eta=4.6 min
[2026-07-24 15:30:15] INFO Epoch 018 | train batch=780/1418 | elapsed=5.6 min | eta=4.6 min
[2026-07-24 15:30:19] INFO Epoch 018 | train batch=790/1418 | elapsed=5.7 min | eta=4.5 min
[2026-07-24 15:30:23] INFO Epoch 018 | train batch=800/1418 | elapsed=5.7 min | eta=4.4 min
[2026-07-24 15:30:28] INFO Epoch 018 | train batch=810/1418 | elapsed=5.8 min | eta=4.3 min
[2026-07-24 15:30:32] INFO Epoch 018 | train batch=820/1418 | elapsed=5.9 min | eta=4.3 min
[2026-07-24 15:30:36] INFO Epoch 018 | train batch=830/1418 | elapsed=5.9 min | eta=4.2 min
[2026-07-24 15:30:40] INFO Epoch 018 | train batch=840/1418 | elapsed=6.0 min | eta=4.1 min
[2026-07-24 15:30:45] INFO Epoch 018 | train batch=850/1418 | elapsed=6.1 min | eta=4.1 min
[2026-07-24 15:30:49] INFO Epoch 018 | train batch=860/1418 | elapsed=6.1 min | eta=4.0 min
[2026-07-24 15:30:53] INFO Epoch 018 | train batch=870/1418 | elapsed=6.2 min | eta=3.9 min
[2026-07-24 15:30:57] INFO Epoch 018 | train batch=880/1418 | elapsed=6.3 min | eta=3.8 min
[2026-07-24 15:31:02] INFO Epoch 018 | train batch=890/1418 | elapsed=6.4 min | eta=3.8 min
[2026-07-24 15:31:06] INFO Epoch 018 | train batch=900/1418 | elapsed=6.4 min | eta=3.7 min
[2026-07-24 15:31:10] INFO Epoch 018 | train batch=910/1418 | elapsed=6.5 min | eta=3.6 min
[2026-07-24 15:31:15] INFO Epoch 018 | train batch=920/1418 | elapsed=6.6 min | eta=3.6 min
[2026-07-24 15:31:19] INFO Epoch 018 | train batch=930/1418 | elapsed=6.7 min | eta=3.5 min
[2026-07-24 15:31:24] INFO Epoch 018 | train batch=940/1418 | elapsed=6.7 min | eta=3.4 min
[2026-07-24 15:31:28] INFO Epoch 018 | train batch=950/1418 | elapsed=6.8 min | eta=3.4 min
[2026-07-24 15:31:32] INFO Epoch 018 | train batch=960/1418 | elapsed=6.9 min | eta=3.3 min
[2026-07-24 15:31:36] INFO Epoch 018 | train batch=970/1418 | elapsed=6.9 min | eta=3.2 min
[2026-07-24 15:31:41] INFO Epoch 018 | train batch=980/1418 | elapsed=7.0 min | eta=3.1 min
[2026-07-24 15:31:45] INFO Epoch 018 | train batch=990/1418 | elapsed=7.1 min | eta=3.1 min
[2026-07-24 15:31:50] INFO Epoch 018 | train batch=1000/1418 | elapsed=7.2 min | eta=3.0 min
[2026-07-24 15:31:54] INFO Epoch 018 | train batch=1010/1418 | elapsed=7.2 min | eta=2.9 min
[2026-07-24 15:31:58] INFO Epoch 018 | train batch=1020/1418 | elapsed=7.3 min | eta=2.9 min
[2026-07-24 15:32:03] INFO Epoch 018 | train batch=1030/1418 | elapsed=7.4 min | eta=2.8 min
[2026-07-24 15:32:07] INFO Epoch 018 | train batch=1040/1418 | elapsed=7.5 min | eta=2.7 min
[2026-07-24 15:32:11] INFO Epoch 018 | train batch=1050/1418 | elapsed=7.5 min | eta=2.6 min
[2026-07-24 15:32:16] INFO Epoch 018 | train batch=1060/1418 | elapsed=7.6 min | eta=2.6 min
[2026-07-24 15:32:20] INFO Epoch 018 | train batch=1070/1418 | elapsed=7.7 min | eta=2.5 min
[2026-07-24 15:32:25] INFO Epoch 018 | train batch=1080/1418 | elapsed=7.7 min | eta=2.4 min
[2026-07-24 15:32:29] INFO Epoch 018 | train batch=1090/1418 | elapsed=7.8 min | eta=2.4 min
[2026-07-24 15:32:33] INFO Epoch 018 | train batch=1100/1418 | elapsed=7.9 min | eta=2.3 min
[2026-07-24 15:32:37] INFO Epoch 018 | train batch=1110/1418 | elapsed=8.0 min | eta=2.2 min
[2026-07-24 15:32:42] INFO Epoch 018 | train batch=1120/1418 | elapsed=8.0 min | eta=2.1 min
[2026-07-24 15:32:46] INFO Epoch 018 | train batch=1130/1418 | elapsed=8.1 min | eta=2.1 min
[2026-07-24 15:32:50] INFO Epoch 018 | train batch=1140/1418 | elapsed=8.2 min | eta=2.0 min
[2026-07-24 15:32:54] INFO Epoch 018 | train batch=1150/1418 | elapsed=8.2 min | eta=1.9 min
[2026-07-24 15:32:59] INFO Epoch 018 | train batch=1160/1418 | elapsed=8.3 min | eta=1.8 min
[2026-07-24 15:33:03] INFO Epoch 018 | train batch=1170/1418 | elapsed=8.4 min | eta=1.8 min
[2026-07-24 15:33:08] INFO Epoch 018 | train batch=1180/1418 | elapsed=8.5 min | eta=1.7 min
[2026-07-24 15:33:12] INFO Epoch 018 | train batch=1190/1418 | elapsed=8.5 min | eta=1.6 min
[2026-07-24 15:33:16] INFO Epoch 018 | train batch=1200/1418 | elapsed=8.6 min | eta=1.6 min
[2026-07-24 15:33:21] INFO Epoch 018 | train batch=1210/1418 | elapsed=8.7 min | eta=1.5 min
[2026-07-24 15:33:25] INFO Epoch 018 | train batch=1220/1418 | elapsed=8.8 min | eta=1.4 min
[2026-07-24 15:33:29] INFO Epoch 018 | train batch=1230/1418 | elapsed=8.8 min | eta=1.3 min
[2026-07-24 15:33:34] INFO Epoch 018 | train batch=1240/1418 | elapsed=8.9 min | eta=1.3 min
[2026-07-24 15:33:38] INFO Epoch 018 | train batch=1250/1418 | elapsed=9.0 min | eta=1.2 min
[2026-07-24 15:33:43] INFO Epoch 018 | train batch=1260/1418 | elapsed=9.0 min | eta=1.1 min
[2026-07-24 15:33:47] INFO Epoch 018 | train batch=1270/1418 | elapsed=9.1 min | eta=1.1 min
[2026-07-24 15:33:51] INFO Epoch 018 | train batch=1280/1418 | elapsed=9.2 min | eta=1.0 min
[2026-07-24 15:33:56] INFO Epoch 018 | train batch=1290/1418 | elapsed=9.3 min | eta=0.9 min
[2026-07-24 15:34:01] INFO Epoch 018 | train batch=1300/1418 | elapsed=9.3 min | eta=0.8 min
[2026-07-24 15:34:05] INFO Epoch 018 | train batch=1310/1418 | elapsed=9.4 min | eta=0.8 min
[2026-07-24 15:34:10] INFO Epoch 018 | train batch=1320/1418 | elapsed=9.5 min | eta=0.7 min
[2026-07-24 15:34:14] INFO Epoch 018 | train batch=1330/1418 | elapsed=9.6 min | eta=0.6 min
[2026-07-24 15:34:18] INFO Epoch 018 | train batch=1340/1418 | elapsed=9.6 min | eta=0.6 min
[2026-07-24 15:34:22] INFO Epoch 018 | train batch=1350/1418 | elapsed=9.7 min | eta=0.5 min
[2026-07-24 15:34:27] INFO Epoch 018 | train batch=1360/1418 | elapsed=9.8 min | eta=0.4 min
[2026-07-24 15:34:31] INFO Epoch 018 | train batch=1370/1418 | elapsed=9.9 min | eta=0.3 min
[2026-07-24 15:34:36] INFO Epoch 018 | train batch=1380/1418 | elapsed=9.9 min | eta=0.3 min
[2026-07-24 15:34:40] INFO Epoch 018 | train batch=1390/1418 | elapsed=10.0 min | eta=0.2 min
[2026-07-24 15:34:44] INFO Epoch 018 | train batch=1400/1418 | elapsed=10.1 min | eta=0.1 min
[2026-07-24 15:34:48] INFO Epoch 018 | train batch=1410/1418 | elapsed=10.1 min | eta=0.1 min
[2026-07-24 15:34:52] INFO Epoch 018 | train batch=1418/1418 | elapsed=10.2 min | eta=0.0 min
[2026-07-24 15:34:52] INFO Epoch 018 | val batch=1/188 | elapsed=0.0 min | eta=0.4 min
[2026-07-24 15:34:53] INFO Epoch 018 | val batch=10/188 | elapsed=0.0 min | eta=0.6 min
[2026-07-24 15:34:55] INFO Epoch 018 | val batch=20/188 | elapsed=0.1 min | eta=0.5 min
[2026-07-24 15:34:57] INFO Epoch 018 | val batch=30/188 | elapsed=0.1 min | eta=0.5 min
[2026-07-24 15:34:59] INFO Epoch 018 | val batch=40/188 | elapsed=0.1 min | eta=0.5 min
[2026-07-24 15:35:01] INFO Epoch 018 | val batch=50/188 | elapsed=0.2 min | eta=0.4 min
[2026-07-24 15:35:03] INFO Epoch 018 | val batch=60/188 | elapsed=0.2 min | eta=0.4 min
[2026-07-24 15:35:05] INFO Epoch 018 | val batch=70/188 | elapsed=0.2 min | eta=0.4 min
[2026-07-24 15:35:07] INFO Epoch 018 | val batch=80/188 | elapsed=0.3 min | eta=0.3 min
[2026-07-24 15:35:08] INFO Epoch 018 | val batch=90/188 | elapsed=0.3 min | eta=0.3 min
[2026-07-24 15:35:10] INFO Epoch 018 | val batch=100/188 | elapsed=0.3 min | eta=0.3 min
[2026-07-24 15:35:12] INFO Epoch 018 | val batch=110/188 | elapsed=0.3 min | eta=0.2 min
[2026-07-24 15:35:14] INFO Epoch 018 | val batch=120/188 | elapsed=0.4 min | eta=0.2 min
[2026-07-24 15:35:16] INFO Epoch 018 | val batch=130/188 | elapsed=0.4 min | eta=0.2 min
[2026-07-24 15:35:18] INFO Epoch 018 | val batch=140/188 | elapsed=0.4 min | eta=0.1 min
[2026-07-24 15:35:20] INFO Epoch 018 | val batch=150/188 | elapsed=0.5 min | eta=0.1 min
[2026-07-24 15:35:22] INFO Epoch 018 | val batch=160/188 | elapsed=0.5 min | eta=0.1 min
[2026-07-24 15:35:23] INFO Epoch 018 | val batch=170/188 | elapsed=0.5 min | eta=0.1 min
[2026-07-24 15:35:25] INFO Epoch 018 | val batch=180/188 | elapsed=0.6 min | eta=0.0 min
[2026-07-24 15:35:27] INFO Epoch 018 | val batch=188/188 | elapsed=0.6 min | eta=0.0 min
[2026-07-24 15:35:27] INFO Epoch 018 | train_total=0.454692 | val_total=0.434158 | val_mask=0.226378 | val_retrieval=2.077798 | val_anchors=611264 | val_positive_pairs=0 | val_hard_negatives=0 | val_relation_candidates=7439984 | val_teacher_keff=3.904 | val_student_keff=6.900 | val_masked_positions=42202077 | skipped(train/val)=0/0
[2026-07-24 15:35:27] INFO Relation checkpoint updated | epoch=18 | best_val_relation=2.077798 | path=C:\Users\clw\projects\researchRep\STAnchor-BlockMemory\artifacts\metrla_e3_relation_seed42\pretrain_best_relation.pt
[2026-07-24 15:35:27] INFO Epoch 019/050 started | train_batches=1418 | val_batches=188
[2026-07-24 15:35:27] INFO Epoch 019 | train batch=1/1418 | elapsed=0.0 min | eta=11.5 min
[2026-07-24 15:35:31] INFO Epoch 019 | train batch=10/1418 | elapsed=0.1 min | eta=10.1 min
[2026-07-24 15:35:35] INFO Epoch 019 | train batch=20/1418 | elapsed=0.1 min | eta=10.2 min
[2026-07-24 15:35:40] INFO Epoch 019 | train batch=30/1418 | elapsed=0.2 min | eta=10.1 min
[2026-07-24 15:35:44] INFO Epoch 019 | train batch=40/1418 | elapsed=0.3 min | eta=10.0 min
[2026-07-24 15:35:48] INFO Epoch 019 | train batch=50/1418 | elapsed=0.4 min | eta=9.9 min
[2026-07-24 15:35:53] INFO Epoch 019 | train batch=60/1418 | elapsed=0.4 min | eta=9.8 min
[2026-07-24 15:35:57] INFO Epoch 019 | train batch=70/1418 | elapsed=0.5 min | eta=9.7 min
[2026-07-24 15:36:01] INFO Epoch 019 | train batch=80/1418 | elapsed=0.6 min | eta=9.7 min
[2026-07-24 15:36:06] INFO Epoch 019 | train batch=90/1418 | elapsed=0.6 min | eta=9.6 min
[2026-07-24 15:36:10] INFO Epoch 019 | train batch=100/1418 | elapsed=0.7 min | eta=9.5 min
[2026-07-24 15:36:14] INFO Epoch 019 | train batch=110/1418 | elapsed=0.8 min | eta=9.5 min
[2026-07-24 15:36:19] INFO Epoch 019 | train batch=120/1418 | elapsed=0.9 min | eta=9.4 min
[2026-07-24 15:36:23] INFO Epoch 019 | train batch=130/1418 | elapsed=0.9 min | eta=9.3 min
[2026-07-24 15:36:27] INFO Epoch 019 | train batch=140/1418 | elapsed=1.0 min | eta=9.2 min
[2026-07-24 15:36:31] INFO Epoch 019 | train batch=150/1418 | elapsed=1.1 min | eta=9.1 min
[2026-07-24 15:36:35] INFO Epoch 019 | train batch=160/1418 | elapsed=1.1 min | eta=9.0 min
[2026-07-24 15:36:39] INFO Epoch 019 | train batch=170/1418 | elapsed=1.2 min | eta=8.9 min
[2026-07-24 15:36:44] INFO Epoch 019 | train batch=180/1418 | elapsed=1.3 min | eta=8.8 min
[2026-07-24 15:36:48] INFO Epoch 019 | train batch=190/1418 | elapsed=1.4 min | eta=8.8 min
[2026-07-24 15:36:52] INFO Epoch 019 | train batch=200/1418 | elapsed=1.4 min | eta=8.7 min
[2026-07-24 15:36:57] INFO Epoch 019 | train batch=210/1418 | elapsed=1.5 min | eta=8.6 min
[2026-07-24 15:37:01] INFO Epoch 019 | train batch=220/1418 | elapsed=1.6 min | eta=8.6 min
[2026-07-24 15:37:05] INFO Epoch 019 | train batch=230/1418 | elapsed=1.6 min | eta=8.5 min
[2026-07-24 15:37:09] INFO Epoch 019 | train batch=240/1418 | elapsed=1.7 min | eta=8.4 min
[2026-07-24 15:37:14] INFO Epoch 019 | train batch=250/1418 | elapsed=1.8 min | eta=8.3 min
[2026-07-24 15:37:18] INFO Epoch 019 | train batch=260/1418 | elapsed=1.9 min | eta=8.3 min
[2026-07-24 15:37:22] INFO Epoch 019 | train batch=270/1418 | elapsed=1.9 min | eta=8.2 min
[2026-07-24 15:37:26] INFO Epoch 019 | train batch=280/1418 | elapsed=2.0 min | eta=8.1 min
[2026-07-24 15:37:31] INFO Epoch 019 | train batch=290/1418 | elapsed=2.1 min | eta=8.0 min
[2026-07-24 15:37:35] INFO Epoch 019 | train batch=300/1418 | elapsed=2.1 min | eta=8.0 min
[2026-07-24 15:37:39] INFO Epoch 019 | train batch=310/1418 | elapsed=2.2 min | eta=7.9 min
[2026-07-24 15:37:43] INFO Epoch 019 | train batch=320/1418 | elapsed=2.3 min | eta=7.8 min
[2026-07-24 15:37:48] INFO Epoch 019 | train batch=330/1418 | elapsed=2.4 min | eta=7.8 min
[2026-07-24 15:37:52] INFO Epoch 019 | train batch=340/1418 | elapsed=2.4 min | eta=7.7 min
[2026-07-24 15:37:56] INFO Epoch 019 | train batch=350/1418 | elapsed=2.5 min | eta=7.6 min
[2026-07-24 15:38:01] INFO Epoch 019 | train batch=360/1418 | elapsed=2.6 min | eta=7.5 min
[2026-07-24 15:38:05] INFO Epoch 019 | train batch=370/1418 | elapsed=2.6 min | eta=7.5 min
[2026-07-24 15:38:09] INFO Epoch 019 | train batch=380/1418 | elapsed=2.7 min | eta=7.4 min
[2026-07-24 15:38:13] INFO Epoch 019 | train batch=390/1418 | elapsed=2.8 min | eta=7.3 min
[2026-07-24 15:38:18] INFO Epoch 019 | train batch=400/1418 | elapsed=2.9 min | eta=7.3 min
[2026-07-24 15:38:22] INFO Epoch 019 | train batch=410/1418 | elapsed=2.9 min | eta=7.2 min
[2026-07-24 15:38:26] INFO Epoch 019 | train batch=420/1418 | elapsed=3.0 min | eta=7.1 min
[2026-07-24 15:38:30] INFO Epoch 019 | train batch=430/1418 | elapsed=3.1 min | eta=7.0 min
[2026-07-24 15:38:35] INFO Epoch 019 | train batch=440/1418 | elapsed=3.1 min | eta=7.0 min
[2026-07-24 15:38:39] INFO Epoch 019 | train batch=450/1418 | elapsed=3.2 min | eta=6.9 min
[2026-07-24 15:38:44] INFO Epoch 019 | train batch=460/1418 | elapsed=3.3 min | eta=6.8 min
[2026-07-24 15:38:48] INFO Epoch 019 | train batch=470/1418 | elapsed=3.4 min | eta=6.8 min
[2026-07-24 15:38:52] INFO Epoch 019 | train batch=480/1418 | elapsed=3.4 min | eta=6.7 min
[2026-07-24 15:38:56] INFO Epoch 019 | train batch=490/1418 | elapsed=3.5 min | eta=6.6 min
[2026-07-24 15:39:01] INFO Epoch 019 | train batch=500/1418 | elapsed=3.6 min | eta=6.5 min
[2026-07-24 15:39:05] INFO Epoch 019 | train batch=510/1418 | elapsed=3.6 min | eta=6.5 min
[2026-07-24 15:39:09] INFO Epoch 019 | train batch=520/1418 | elapsed=3.7 min | eta=6.4 min
[2026-07-24 15:39:14] INFO Epoch 019 | train batch=530/1418 | elapsed=3.8 min | eta=6.3 min
[2026-07-24 15:39:18] INFO Epoch 019 | train batch=540/1418 | elapsed=3.9 min | eta=6.3 min
[2026-07-24 15:39:22] INFO Epoch 019 | train batch=550/1418 | elapsed=3.9 min | eta=6.2 min
[2026-07-24 15:39:26] INFO Epoch 019 | train batch=560/1418 | elapsed=4.0 min | eta=6.1 min
[2026-07-24 15:39:31] INFO Epoch 019 | train batch=570/1418 | elapsed=4.1 min | eta=6.1 min
[2026-07-24 15:39:35] INFO Epoch 019 | train batch=580/1418 | elapsed=4.1 min | eta=6.0 min
[2026-07-24 15:39:39] INFO Epoch 019 | train batch=590/1418 | elapsed=4.2 min | eta=5.9 min
[2026-07-24 15:39:44] INFO Epoch 019 | train batch=600/1418 | elapsed=4.3 min | eta=5.8 min
[2026-07-24 15:39:48] INFO Epoch 019 | train batch=610/1418 | elapsed=4.3 min | eta=5.8 min
[2026-07-24 15:39:52] INFO Epoch 019 | train batch=620/1418 | elapsed=4.4 min | eta=5.7 min
[2026-07-24 15:39:56] INFO Epoch 019 | train batch=630/1418 | elapsed=4.5 min | eta=5.6 min
[2026-07-24 15:40:01] INFO Epoch 019 | train batch=640/1418 | elapsed=4.6 min | eta=5.6 min
[2026-07-24 15:40:05] INFO Epoch 019 | train batch=650/1418 | elapsed=4.6 min | eta=5.5 min
[2026-07-24 15:40:09] INFO Epoch 019 | train batch=660/1418 | elapsed=4.7 min | eta=5.4 min
[2026-07-24 15:40:14] INFO Epoch 019 | train batch=670/1418 | elapsed=4.8 min | eta=5.3 min
[2026-07-24 15:40:18] INFO Epoch 019 | train batch=680/1418 | elapsed=4.9 min | eta=5.3 min
[2026-07-24 15:40:22] INFO Epoch 019 | train batch=690/1418 | elapsed=4.9 min | eta=5.2 min
[2026-07-24 15:40:27] INFO Epoch 019 | train batch=700/1418 | elapsed=5.0 min | eta=5.1 min
[2026-07-24 15:40:31] INFO Epoch 019 | train batch=710/1418 | elapsed=5.1 min | eta=5.1 min
[2026-07-24 15:40:35] INFO Epoch 019 | train batch=720/1418 | elapsed=5.1 min | eta=5.0 min
[2026-07-24 15:40:39] INFO Epoch 019 | train batch=730/1418 | elapsed=5.2 min | eta=4.9 min
[2026-07-24 15:40:44] INFO Epoch 019 | train batch=740/1418 | elapsed=5.3 min | eta=4.8 min
[2026-07-24 15:40:48] INFO Epoch 019 | train batch=750/1418 | elapsed=5.4 min | eta=4.8 min
[2026-07-24 15:40:53] INFO Epoch 019 | train batch=760/1418 | elapsed=5.4 min | eta=4.7 min
[2026-07-24 15:40:57] INFO Epoch 019 | train batch=770/1418 | elapsed=5.5 min | eta=4.6 min
[2026-07-24 15:41:01] INFO Epoch 019 | train batch=780/1418 | elapsed=5.6 min | eta=4.6 min
[2026-07-24 15:41:05] INFO Epoch 019 | train batch=790/1418 | elapsed=5.6 min | eta=4.5 min
[2026-07-24 15:41:10] INFO Epoch 019 | train batch=800/1418 | elapsed=5.7 min | eta=4.4 min
[2026-07-24 15:41:14] INFO Epoch 019 | train batch=810/1418 | elapsed=5.8 min | eta=4.3 min
[2026-07-24 15:41:18] INFO Epoch 019 | train batch=820/1418 | elapsed=5.9 min | eta=4.3 min
[2026-07-24 15:41:23] INFO Epoch 019 | train batch=830/1418 | elapsed=5.9 min | eta=4.2 min
[2026-07-24 15:41:27] INFO Epoch 019 | train batch=840/1418 | elapsed=6.0 min | eta=4.1 min
[2026-07-24 15:41:31] INFO Epoch 019 | train batch=850/1418 | elapsed=6.1 min | eta=4.1 min
[2026-07-24 15:41:36] INFO Epoch 019 | train batch=860/1418 | elapsed=6.2 min | eta=4.0 min
[2026-07-24 15:41:40] INFO Epoch 019 | train batch=870/1418 | elapsed=6.2 min | eta=3.9 min
[2026-07-24 15:41:44] INFO Epoch 019 | train batch=880/1418 | elapsed=6.3 min | eta=3.8 min
[2026-07-24 15:41:49] INFO Epoch 019 | train batch=890/1418 | elapsed=6.4 min | eta=3.8 min
[2026-07-24 15:41:53] INFO Epoch 019 | train batch=900/1418 | elapsed=6.4 min | eta=3.7 min
[2026-07-24 15:41:57] INFO Epoch 019 | train batch=910/1418 | elapsed=6.5 min | eta=3.6 min
[2026-07-24 15:42:01] INFO Epoch 019 | train batch=920/1418 | elapsed=6.6 min | eta=3.6 min
[2026-07-24 15:42:05] INFO Epoch 019 | train batch=930/1418 | elapsed=6.6 min | eta=3.5 min
[2026-07-24 15:42:10] INFO Epoch 019 | train batch=940/1418 | elapsed=6.7 min | eta=3.4 min
[2026-07-24 15:42:14] INFO Epoch 019 | train batch=950/1418 | elapsed=6.8 min | eta=3.3 min
[2026-07-24 15:42:19] INFO Epoch 019 | train batch=960/1418 | elapsed=6.9 min | eta=3.3 min
[2026-07-24 15:42:23] INFO Epoch 019 | train batch=970/1418 | elapsed=6.9 min | eta=3.2 min
[2026-07-24 15:42:28] INFO Epoch 019 | train batch=980/1418 | elapsed=7.0 min | eta=3.1 min
[2026-07-24 15:42:32] INFO Epoch 019 | train batch=990/1418 | elapsed=7.1 min | eta=3.1 min
[2026-07-24 15:42:36] INFO Epoch 019 | train batch=1000/1418 | elapsed=7.2 min | eta=3.0 min
[2026-07-24 15:42:40] INFO Epoch 019 | train batch=1010/1418 | elapsed=7.2 min | eta=2.9 min
[2026-07-24 15:42:45] INFO Epoch 019 | train batch=1020/1418 | elapsed=7.3 min | eta=2.8 min
[2026-07-24 15:42:49] INFO Epoch 019 | train batch=1030/1418 | elapsed=7.4 min | eta=2.8 min
[2026-07-24 15:42:53] INFO Epoch 019 | train batch=1040/1418 | elapsed=7.4 min | eta=2.7 min
[2026-07-24 15:42:57] INFO Epoch 019 | train batch=1050/1418 | elapsed=7.5 min | eta=2.6 min
[2026-07-24 15:43:01] INFO Epoch 019 | train batch=1060/1418 | elapsed=7.6 min | eta=2.6 min
[2026-07-24 15:43:06] INFO Epoch 019 | train batch=1070/1418 | elapsed=7.7 min | eta=2.5 min
[2026-07-24 15:43:10] INFO Epoch 019 | train batch=1080/1418 | elapsed=7.7 min | eta=2.4 min
[2026-07-24 15:43:14] INFO Epoch 019 | train batch=1090/1418 | elapsed=7.8 min | eta=2.3 min
[2026-07-24 15:43:19] INFO Epoch 019 | train batch=1100/1418 | elapsed=7.9 min | eta=2.3 min
[2026-07-24 15:43:23] INFO Epoch 019 | train batch=1110/1418 | elapsed=7.9 min | eta=2.2 min
[2026-07-24 15:43:27] INFO Epoch 019 | train batch=1120/1418 | elapsed=8.0 min | eta=2.1 min
[2026-07-24 15:43:32] INFO Epoch 019 | train batch=1130/1418 | elapsed=8.1 min | eta=2.1 min
[2026-07-24 15:43:36] INFO Epoch 019 | train batch=1140/1418 | elapsed=8.2 min | eta=2.0 min
[2026-07-24 15:43:40] INFO Epoch 019 | train batch=1150/1418 | elapsed=8.2 min | eta=1.9 min
[2026-07-24 15:43:45] INFO Epoch 019 | train batch=1160/1418 | elapsed=8.3 min | eta=1.8 min
[2026-07-24 15:43:49] INFO Epoch 019 | train batch=1170/1418 | elapsed=8.4 min | eta=1.8 min
[2026-07-24 15:43:53] INFO Epoch 019 | train batch=1180/1418 | elapsed=8.4 min | eta=1.7 min
[2026-07-24 15:43:58] INFO Epoch 019 | train batch=1190/1418 | elapsed=8.5 min | eta=1.6 min
[2026-07-24 15:44:02] INFO Epoch 019 | train batch=1200/1418 | elapsed=8.6 min | eta=1.6 min
[2026-07-24 15:44:06] INFO Epoch 019 | train batch=1210/1418 | elapsed=8.7 min | eta=1.5 min
[2026-07-24 15:44:11] INFO Epoch 019 | train batch=1220/1418 | elapsed=8.7 min | eta=1.4 min
[2026-07-24 15:44:15] INFO Epoch 019 | train batch=1230/1418 | elapsed=8.8 min | eta=1.3 min
[2026-07-24 15:44:19] INFO Epoch 019 | train batch=1240/1418 | elapsed=8.9 min | eta=1.3 min
[2026-07-24 15:44:23] INFO Epoch 019 | train batch=1250/1418 | elapsed=8.9 min | eta=1.2 min
[2026-07-24 15:44:27] INFO Epoch 019 | train batch=1260/1418 | elapsed=9.0 min | eta=1.1 min
[2026-07-24 15:44:32] INFO Epoch 019 | train batch=1270/1418 | elapsed=9.1 min | eta=1.1 min
[2026-07-24 15:44:36] INFO Epoch 019 | train batch=1280/1418 | elapsed=9.2 min | eta=1.0 min
[2026-07-24 15:44:40] INFO Epoch 019 | train batch=1290/1418 | elapsed=9.2 min | eta=0.9 min
[2026-07-24 15:44:45] INFO Epoch 019 | train batch=1300/1418 | elapsed=9.3 min | eta=0.8 min
[2026-07-24 15:44:49] INFO Epoch 019 | train batch=1310/1418 | elapsed=9.4 min | eta=0.8 min
[2026-07-24 15:44:53] INFO Epoch 019 | train batch=1320/1418 | elapsed=9.4 min | eta=0.7 min
[2026-07-24 15:44:58] INFO Epoch 019 | train batch=1330/1418 | elapsed=9.5 min | eta=0.6 min
[2026-07-24 15:45:02] INFO Epoch 019 | train batch=1340/1418 | elapsed=9.6 min | eta=0.6 min
[2026-07-24 15:45:06] INFO Epoch 019 | train batch=1350/1418 | elapsed=9.7 min | eta=0.5 min
[2026-07-24 15:45:11] INFO Epoch 019 | train batch=1360/1418 | elapsed=9.7 min | eta=0.4 min
[2026-07-24 15:45:15] INFO Epoch 019 | train batch=1370/1418 | elapsed=9.8 min | eta=0.3 min
[2026-07-24 15:45:20] INFO Epoch 019 | train batch=1380/1418 | elapsed=9.9 min | eta=0.3 min
[2026-07-24 15:45:24] INFO Epoch 019 | train batch=1390/1418 | elapsed=10.0 min | eta=0.2 min
[2026-07-24 15:45:29] INFO Epoch 019 | train batch=1400/1418 | elapsed=10.0 min | eta=0.1 min
[2026-07-24 15:45:33] INFO Epoch 019 | train batch=1410/1418 | elapsed=10.1 min | eta=0.1 min
[2026-07-24 15:45:36] INFO Epoch 019 | train batch=1418/1418 | elapsed=10.2 min | eta=0.0 min
[2026-07-24 15:45:36] INFO Epoch 019 | val batch=1/188 | elapsed=0.0 min | eta=0.4 min
[2026-07-24 15:45:38] INFO Epoch 019 | val batch=10/188 | elapsed=0.0 min | eta=0.6 min
[2026-07-24 15:45:40] INFO Epoch 019 | val batch=20/188 | elapsed=0.1 min | eta=0.5 min
[2026-07-24 15:45:42] INFO Epoch 019 | val batch=30/188 | elapsed=0.1 min | eta=0.5 min
[2026-07-24 15:45:44] INFO Epoch 019 | val batch=40/188 | elapsed=0.1 min | eta=0.5 min
[2026-07-24 15:45:45] INFO Epoch 019 | val batch=50/188 | elapsed=0.2 min | eta=0.4 min
[2026-07-24 15:45:47] INFO Epoch 019 | val batch=60/188 | elapsed=0.2 min | eta=0.4 min
[2026-07-24 15:45:49] INFO Epoch 019 | val batch=70/188 | elapsed=0.2 min | eta=0.4 min
[2026-07-24 15:45:51] INFO Epoch 019 | val batch=80/188 | elapsed=0.3 min | eta=0.3 min
[2026-07-24 15:45:53] INFO Epoch 019 | val batch=90/188 | elapsed=0.3 min | eta=0.3 min
[2026-07-24 15:45:55] INFO Epoch 019 | val batch=100/188 | elapsed=0.3 min | eta=0.3 min
[2026-07-24 15:45:57] INFO Epoch 019 | val batch=110/188 | elapsed=0.3 min | eta=0.2 min
[2026-07-24 15:45:59] INFO Epoch 019 | val batch=120/188 | elapsed=0.4 min | eta=0.2 min
[2026-07-24 15:46:00] INFO Epoch 019 | val batch=130/188 | elapsed=0.4 min | eta=0.2 min
[2026-07-24 15:46:02] INFO Epoch 019 | val batch=140/188 | elapsed=0.4 min | eta=0.2 min
[2026-07-24 15:46:04] INFO Epoch 019 | val batch=150/188 | elapsed=0.5 min | eta=0.1 min
[2026-07-24 15:46:06] INFO Epoch 019 | val batch=160/188 | elapsed=0.5 min | eta=0.1 min
[2026-07-24 15:46:08] INFO Epoch 019 | val batch=170/188 | elapsed=0.5 min | eta=0.1 min
[2026-07-24 15:46:10] INFO Epoch 019 | val batch=180/188 | elapsed=0.6 min | eta=0.0 min
[2026-07-24 15:46:11] INFO Epoch 019 | val batch=188/188 | elapsed=0.6 min | eta=0.0 min
[2026-07-24 15:46:11] INFO Epoch 019 | train_total=0.445129 | val_total=0.434560 | val_mask=0.226576 | val_retrieval=2.079843 | val_anchors=611264 | val_positive_pairs=0 | val_hard_negatives=0 | val_relation_candidates=7439984 | val_teacher_keff=3.904 | val_student_keff=6.949 | val_masked_positions=42192022 | skipped(train/val)=0/0
[2026-07-24 15:46:11] INFO Epoch 020/050 started | train_batches=1418 | val_batches=188
[2026-07-24 15:46:12] INFO Epoch 020 | train batch=1/1418 | elapsed=0.0 min | eta=11.6 min
[2026-07-24 15:46:15] INFO Epoch 020 | train batch=10/1418 | elapsed=0.1 min | eta=10.1 min
[2026-07-24 15:46:20] INFO Epoch 020 | train batch=20/1418 | elapsed=0.1 min | eta=10.3 min
[2026-07-24 15:46:24] INFO Epoch 020 | train batch=30/1418 | elapsed=0.2 min | eta=10.1 min
[2026-07-24 15:46:29] INFO Epoch 020 | train batch=40/1418 | elapsed=0.3 min | eta=10.0 min
[2026-07-24 15:46:33] INFO Epoch 020 | train batch=50/1418 | elapsed=0.4 min | eta=9.8 min
[2026-07-24 15:46:37] INFO Epoch 020 | train batch=60/1418 | elapsed=0.4 min | eta=9.7 min
[2026-07-24 15:46:41] INFO Epoch 020 | train batch=70/1418 | elapsed=0.5 min | eta=9.7 min
[2026-07-24 15:46:46] INFO Epoch 020 | train batch=80/1418 | elapsed=0.6 min | eta=9.6 min
[2026-07-24 15:46:50] INFO Epoch 020 | train batch=90/1418 | elapsed=0.6 min | eta=9.5 min
[2026-07-24 15:46:54] INFO Epoch 020 | train batch=100/1418 | elapsed=0.7 min | eta=9.5 min
[2026-07-24 15:46:59] INFO Epoch 020 | train batch=110/1418 | elapsed=0.8 min | eta=9.4 min
[2026-07-24 15:47:03] INFO Epoch 020 | train batch=120/1418 | elapsed=0.9 min | eta=9.3 min
[2026-07-24 15:47:07] INFO Epoch 020 | train batch=130/1418 | elapsed=0.9 min | eta=9.2 min
[2026-07-24 15:47:11] INFO Epoch 020 | train batch=140/1418 | elapsed=1.0 min | eta=9.1 min
[2026-07-24 15:47:15] INFO Epoch 020 | train batch=150/1418 | elapsed=1.1 min | eta=9.1 min
[2026-07-24 15:47:20] INFO Epoch 020 | train batch=160/1418 | elapsed=1.1 min | eta=9.0 min
[2026-07-24 15:47:24] INFO Epoch 020 | train batch=170/1418 | elapsed=1.2 min | eta=8.9 min
[2026-07-24 15:47:28] INFO Epoch 020 | train batch=180/1418 | elapsed=1.3 min | eta=8.8 min
[2026-07-24 15:47:33] INFO Epoch 020 | train batch=190/1418 | elapsed=1.4 min | eta=8.8 min
[2026-07-24 15:47:37] INFO Epoch 020 | train batch=200/1418 | elapsed=1.4 min | eta=8.7 min
[2026-07-24 15:47:41] INFO Epoch 020 | train batch=210/1418 | elapsed=1.5 min | eta=8.6 min
[2026-07-24 15:47:45] INFO Epoch 020 | train batch=220/1418 | elapsed=1.6 min | eta=8.5 min
[2026-07-24 15:47:50] INFO Epoch 020 | train batch=230/1418 | elapsed=1.6 min | eta=8.5 min
[2026-07-24 15:47:54] INFO Epoch 020 | train batch=240/1418 | elapsed=1.7 min | eta=8.4 min
[2026-07-24 15:47:58] INFO Epoch 020 | train batch=250/1418 | elapsed=1.8 min | eta=8.4 min
[2026-07-24 15:48:03] INFO Epoch 020 | train batch=260/1418 | elapsed=1.9 min | eta=8.3 min
[2026-07-24 15:48:07] INFO Epoch 020 | train batch=270/1418 | elapsed=1.9 min | eta=8.2 min
[2026-07-24 15:48:12] INFO Epoch 020 | train batch=280/1418 | elapsed=2.0 min | eta=8.2 min
[2026-07-24 15:48:16] INFO Epoch 020 | train batch=290/1418 | elapsed=2.1 min | eta=8.1 min
[2026-07-24 15:48:20] INFO Epoch 020 | train batch=300/1418 | elapsed=2.1 min | eta=8.0 min
[2026-07-24 15:48:24] INFO Epoch 020 | train batch=310/1418 | elapsed=2.2 min | eta=7.9 min
[2026-07-24 15:48:28] INFO Epoch 020 | train batch=320/1418 | elapsed=2.3 min | eta=7.8 min
[2026-07-24 15:48:32] INFO Epoch 020 | train batch=330/1418 | elapsed=2.4 min | eta=7.8 min
[2026-07-24 15:48:37] INFO Epoch 020 | train batch=340/1418 | elapsed=2.4 min | eta=7.7 min
[2026-07-24 15:48:41] INFO Epoch 020 | train batch=350/1418 | elapsed=2.5 min | eta=7.6 min
[2026-07-24 15:48:45] INFO Epoch 020 | train batch=360/1418 | elapsed=2.6 min | eta=7.6 min
[2026-07-24 15:48:50] INFO Epoch 020 | train batch=370/1418 | elapsed=2.6 min | eta=7.5 min
[2026-07-24 15:48:54] INFO Epoch 020 | train batch=380/1418 | elapsed=2.7 min | eta=7.4 min
[2026-07-24 15:48:58] INFO Epoch 020 | train batch=390/1418 | elapsed=2.8 min | eta=7.3 min
[2026-07-24 15:49:02] INFO Epoch 020 | train batch=400/1418 | elapsed=2.9 min | eta=7.3 min
[2026-07-24 15:49:06] INFO Epoch 020 | train batch=410/1418 | elapsed=2.9 min | eta=7.2 min
[2026-07-24 15:49:11] INFO Epoch 020 | train batch=420/1418 | elapsed=3.0 min | eta=7.1 min
[2026-07-24 15:49:15] INFO Epoch 020 | train batch=430/1418 | elapsed=3.1 min | eta=7.0 min
[2026-07-24 15:49:19] INFO Epoch 020 | train batch=440/1418 | elapsed=3.1 min | eta=7.0 min
[2026-07-24 15:49:23] INFO Epoch 020 | train batch=450/1418 | elapsed=3.2 min | eta=6.9 min
[2026-07-24 15:49:27] INFO Epoch 020 | train batch=460/1418 | elapsed=3.3 min | eta=6.8 min
[2026-07-24 15:49:32] INFO Epoch 020 | train batch=470/1418 | elapsed=3.3 min | eta=6.7 min
[2026-07-24 15:49:36] INFO Epoch 020 | train batch=480/1418 | elapsed=3.4 min | eta=6.7 min
[2026-07-24 15:49:41] INFO Epoch 020 | train batch=490/1418 | elapsed=3.5 min | eta=6.6 min
[2026-07-24 15:49:46] INFO Epoch 020 | train batch=500/1418 | elapsed=3.6 min | eta=6.6 min
[2026-07-24 15:49:50] INFO Epoch 020 | train batch=510/1418 | elapsed=3.6 min | eta=6.5 min
[2026-07-24 15:49:54] INFO Epoch 020 | train batch=520/1418 | elapsed=3.7 min | eta=6.4 min
[2026-07-24 15:49:58] INFO Epoch 020 | train batch=530/1418 | elapsed=3.8 min | eta=6.3 min
[2026-07-24 15:50:03] INFO Epoch 020 | train batch=540/1418 | elapsed=3.9 min | eta=6.3 min
[2026-07-24 15:50:07] INFO Epoch 020 | train batch=550/1418 | elapsed=3.9 min | eta=6.2 min
[2026-07-24 15:50:12] INFO Epoch 020 | train batch=560/1418 | elapsed=4.0 min | eta=6.1 min
[2026-07-24 15:50:16] INFO Epoch 020 | train batch=570/1418 | elapsed=4.1 min | eta=6.1 min
[2026-07-24 15:50:20] INFO Epoch 020 | train batch=580/1418 | elapsed=4.2 min | eta=6.0 min
[2026-07-24 15:50:25] INFO Epoch 020 | train batch=590/1418 | elapsed=4.2 min | eta=5.9 min
[2026-07-24 15:50:29] INFO Epoch 020 | train batch=600/1418 | elapsed=4.3 min | eta=5.9 min
[2026-07-24 15:50:33] INFO Epoch 020 | train batch=610/1418 | elapsed=4.4 min | eta=5.8 min
[2026-07-24 15:50:38] INFO Epoch 020 | train batch=620/1418 | elapsed=4.4 min | eta=5.7 min
[2026-07-24 15:50:42] INFO Epoch 020 | train batch=630/1418 | elapsed=4.5 min | eta=5.6 min
[2026-07-24 15:50:46] INFO Epoch 020 | train batch=640/1418 | elapsed=4.6 min | eta=5.6 min
[2026-07-24 15:50:50] INFO Epoch 020 | train batch=650/1418 | elapsed=4.7 min | eta=5.5 min
[2026-07-24 15:50:55] INFO Epoch 020 | train batch=660/1418 | elapsed=4.7 min | eta=5.4 min
[2026-07-24 15:50:59] INFO Epoch 020 | train batch=670/1418 | elapsed=4.8 min | eta=5.4 min
[2026-07-24 15:51:03] INFO Epoch 020 | train batch=680/1418 | elapsed=4.9 min | eta=5.3 min
[2026-07-24 15:51:08] INFO Epoch 020 | train batch=690/1418 | elapsed=4.9 min | eta=5.2 min
[2026-07-24 15:51:12] INFO Epoch 020 | train batch=700/1418 | elapsed=5.0 min | eta=5.1 min
[2026-07-24 15:51:16] INFO Epoch 020 | train batch=710/1418 | elapsed=5.1 min | eta=5.1 min
[2026-07-24 15:51:21] INFO Epoch 020 | train batch=720/1418 | elapsed=5.2 min | eta=5.0 min
[2026-07-24 15:51:25] INFO Epoch 020 | train batch=730/1418 | elapsed=5.2 min | eta=4.9 min
[2026-07-24 15:51:29] INFO Epoch 020 | train batch=740/1418 | elapsed=5.3 min | eta=4.9 min
[2026-07-24 15:51:34] INFO Epoch 020 | train batch=750/1418 | elapsed=5.4 min | eta=4.8 min
[2026-07-24 15:51:38] INFO Epoch 020 | train batch=760/1418 | elapsed=5.5 min | eta=4.7 min
[2026-07-24 15:51:43] INFO Epoch 020 | train batch=770/1418 | elapsed=5.5 min | eta=4.6 min
[2026-07-24 15:51:47] INFO Epoch 020 | train batch=780/1418 | elapsed=5.6 min | eta=4.6 min
[2026-07-24 15:51:51] INFO Epoch 020 | train batch=790/1418 | elapsed=5.7 min | eta=4.5 min
[2026-07-24 15:51:56] INFO Epoch 020 | train batch=800/1418 | elapsed=5.7 min | eta=4.4 min
[2026-07-24 15:52:00] INFO Epoch 020 | train batch=810/1418 | elapsed=5.8 min | eta=4.4 min
[2026-07-24 15:52:05] INFO Epoch 020 | train batch=820/1418 | elapsed=5.9 min | eta=4.3 min
[2026-07-24 15:52:09] INFO Epoch 020 | train batch=830/1418 | elapsed=6.0 min | eta=4.2 min
[2026-07-24 15:52:13] INFO Epoch 020 | train batch=840/1418 | elapsed=6.0 min | eta=4.2 min
[2026-07-24 15:52:18] INFO Epoch 020 | train batch=850/1418 | elapsed=6.1 min | eta=4.1 min
[2026-07-24 15:52:22] INFO Epoch 020 | train batch=860/1418 | elapsed=6.2 min | eta=4.0 min
[2026-07-24 15:52:27] INFO Epoch 020 | train batch=870/1418 | elapsed=6.3 min | eta=3.9 min
[2026-07-24 15:52:31] INFO Epoch 020 | train batch=880/1418 | elapsed=6.3 min | eta=3.9 min
[2026-07-24 15:52:35] INFO Epoch 020 | train batch=890/1418 | elapsed=6.4 min | eta=3.8 min
[2026-07-24 15:52:39] INFO Epoch 020 | train batch=900/1418 | elapsed=6.5 min | eta=3.7 min
[2026-07-24 15:52:43] INFO Epoch 020 | train batch=910/1418 | elapsed=6.5 min | eta=3.6 min
[2026-07-24 15:52:48] INFO Epoch 020 | train batch=920/1418 | elapsed=6.6 min | eta=3.6 min
[2026-07-24 15:52:52] INFO Epoch 020 | train batch=930/1418 | elapsed=6.7 min | eta=3.5 min
[2026-07-24 15:52:57] INFO Epoch 020 | train batch=940/1418 | elapsed=6.8 min | eta=3.4 min
[2026-07-24 15:53:01] INFO Epoch 020 | train batch=950/1418 | elapsed=6.8 min | eta=3.4 min
[2026-07-24 15:53:05] INFO Epoch 020 | train batch=960/1418 | elapsed=6.9 min | eta=3.3 min
[2026-07-24 15:53:10] INFO Epoch 020 | train batch=970/1418 | elapsed=7.0 min | eta=3.2 min
[2026-07-24 15:53:14] INFO Epoch 020 | train batch=980/1418 | elapsed=7.0 min | eta=3.1 min
[2026-07-24 15:53:18] INFO Epoch 020 | train batch=990/1418 | elapsed=7.1 min | eta=3.1 min
[2026-07-24 15:53:23] INFO Epoch 020 | train batch=1000/1418 | elapsed=7.2 min | eta=3.0 min
[2026-07-24 15:53:27] INFO Epoch 020 | train batch=1010/1418 | elapsed=7.3 min | eta=2.9 min
[2026-07-24 15:53:31] INFO Epoch 020 | train batch=1020/1418 | elapsed=7.3 min | eta=2.9 min
[2026-07-24 15:53:36] INFO Epoch 020 | train batch=1030/1418 | elapsed=7.4 min | eta=2.8 min
[2026-07-24 15:53:40] INFO Epoch 020 | train batch=1040/1418 | elapsed=7.5 min | eta=2.7 min
[2026-07-24 15:53:45] INFO Epoch 020 | train batch=1050/1418 | elapsed=7.6 min | eta=2.6 min
[2026-07-24 15:53:49] INFO Epoch 020 | train batch=1060/1418 | elapsed=7.6 min | eta=2.6 min
[2026-07-24 15:53:53] INFO Epoch 020 | train batch=1070/1418 | elapsed=7.7 min | eta=2.5 min
[2026-07-24 15:53:57] INFO Epoch 020 | train batch=1080/1418 | elapsed=7.8 min | eta=2.4 min
[2026-07-24 15:54:01] INFO Epoch 020 | train batch=1090/1418 | elapsed=7.8 min | eta=2.4 min
[2026-07-24 15:54:06] INFO Epoch 020 | train batch=1100/1418 | elapsed=7.9 min | eta=2.3 min
[2026-07-24 15:54:10] INFO Epoch 020 | train batch=1110/1418 | elapsed=8.0 min | eta=2.2 min
[2026-07-24 15:54:14] INFO Epoch 020 | train batch=1120/1418 | elapsed=8.0 min | eta=2.1 min
[2026-07-24 15:54:18] INFO Epoch 020 | train batch=1130/1418 | elapsed=8.1 min | eta=2.1 min
[2026-07-24 15:54:23] INFO Epoch 020 | train batch=1140/1418 | elapsed=8.2 min | eta=2.0 min
[2026-07-24 15:54:27] INFO Epoch 020 | train batch=1150/1418 | elapsed=8.3 min | eta=1.9 min
[2026-07-24 15:54:32] INFO Epoch 020 | train batch=1160/1418 | elapsed=8.3 min | eta=1.9 min
[2026-07-24 15:54:36] INFO Epoch 020 | train batch=1170/1418 | elapsed=8.4 min | eta=1.8 min
[2026-07-24 15:54:41] INFO Epoch 020 | train batch=1180/1418 | elapsed=8.5 min | eta=1.7 min
[2026-07-24 15:54:45] INFO Epoch 020 | train batch=1190/1418 | elapsed=8.6 min | eta=1.6 min
[2026-07-24 15:54:49] INFO Epoch 020 | train batch=1200/1418 | elapsed=8.6 min | eta=1.6 min
[2026-07-24 15:54:53] INFO Epoch 020 | train batch=1210/1418 | elapsed=8.7 min | eta=1.5 min
[2026-07-24 15:54:58] INFO Epoch 020 | train batch=1220/1418 | elapsed=8.8 min | eta=1.4 min
[2026-07-24 15:55:02] INFO Epoch 020 | train batch=1230/1418 | elapsed=8.8 min | eta=1.4 min
[2026-07-24 15:55:06] INFO Epoch 020 | train batch=1240/1418 | elapsed=8.9 min | eta=1.3 min
[2026-07-24 15:55:10] INFO Epoch 020 | train batch=1250/1418 | elapsed=9.0 min | eta=1.2 min
[2026-07-24 15:55:15] INFO Epoch 020 | train batch=1260/1418 | elapsed=9.1 min | eta=1.1 min
[2026-07-24 15:55:19] INFO Epoch 020 | train batch=1270/1418 | elapsed=9.1 min | eta=1.1 min
[2026-07-24 15:55:23] INFO Epoch 020 | train batch=1280/1418 | elapsed=9.2 min | eta=1.0 min
[2026-07-24 15:55:28] INFO Epoch 020 | train batch=1290/1418 | elapsed=9.3 min | eta=0.9 min
[2026-07-24 15:55:32] INFO Epoch 020 | train batch=1300/1418 | elapsed=9.3 min | eta=0.8 min
[2026-07-24 15:55:36] INFO Epoch 020 | train batch=1310/1418 | elapsed=9.4 min | eta=0.8 min
[2026-07-24 15:55:41] INFO Epoch 020 | train batch=1320/1418 | elapsed=9.5 min | eta=0.7 min
[2026-07-24 15:55:45] INFO Epoch 020 | train batch=1330/1418 | elapsed=9.6 min | eta=0.6 min
[2026-07-24 15:55:49] INFO Epoch 020 | train batch=1340/1418 | elapsed=9.6 min | eta=0.6 min
[2026-07-24 15:55:54] INFO Epoch 020 | train batch=1350/1418 | elapsed=9.7 min | eta=0.5 min
[2026-07-24 15:55:58] INFO Epoch 020 | train batch=1360/1418 | elapsed=9.8 min | eta=0.4 min
[2026-07-24 15:56:02] INFO Epoch 020 | train batch=1370/1418 | elapsed=9.9 min | eta=0.3 min
[2026-07-24 15:56:06] INFO Epoch 020 | train batch=1380/1418 | elapsed=9.9 min | eta=0.3 min
[2026-07-24 15:56:11] INFO Epoch 020 | train batch=1390/1418 | elapsed=10.0 min | eta=0.2 min
[2026-07-24 15:56:15] INFO Epoch 020 | train batch=1400/1418 | elapsed=10.1 min | eta=0.1 min
[2026-07-24 15:56:19] INFO Epoch 020 | train batch=1410/1418 | elapsed=10.1 min | eta=0.1 min
[2026-07-24 15:56:22] INFO Epoch 020 | train batch=1418/1418 | elapsed=10.2 min | eta=0.0 min
[2026-07-24 15:56:23] INFO Epoch 020 | val batch=1/188 | elapsed=0.0 min | eta=0.4 min
[2026-07-24 15:56:24] INFO Epoch 020 | val batch=10/188 | elapsed=0.0 min | eta=0.6 min
[2026-07-24 15:56:26] INFO Epoch 020 | val batch=20/188 | elapsed=0.1 min | eta=0.5 min
[2026-07-24 15:56:28] INFO Epoch 020 | val batch=30/188 | elapsed=0.1 min | eta=0.5 min
[2026-07-24 15:56:30] INFO Epoch 020 | val batch=40/188 | elapsed=0.1 min | eta=0.5 min
[2026-07-24 15:56:32] INFO Epoch 020 | val batch=50/188 | elapsed=0.2 min | eta=0.4 min
[2026-07-24 15:56:34] INFO Epoch 020 | val batch=60/188 | elapsed=0.2 min | eta=0.4 min
[2026-07-24 15:56:36] INFO Epoch 020 | val batch=70/188 | elapsed=0.2 min | eta=0.4 min
[2026-07-24 15:56:38] INFO Epoch 020 | val batch=80/188 | elapsed=0.3 min | eta=0.3 min
[2026-07-24 15:56:39] INFO Epoch 020 | val batch=90/188 | elapsed=0.3 min | eta=0.3 min
[2026-07-24 15:56:41] INFO Epoch 020 | val batch=100/188 | elapsed=0.3 min | eta=0.3 min
[2026-07-24 15:56:43] INFO Epoch 020 | val batch=110/188 | elapsed=0.3 min | eta=0.2 min
[2026-07-24 15:56:45] INFO Epoch 020 | val batch=120/188 | elapsed=0.4 min | eta=0.2 min
[2026-07-24 15:56:47] INFO Epoch 020 | val batch=130/188 | elapsed=0.4 min | eta=0.2 min
[2026-07-24 15:56:49] INFO Epoch 020 | val batch=140/188 | elapsed=0.4 min | eta=0.2 min
[2026-07-24 15:56:51] INFO Epoch 020 | val batch=150/188 | elapsed=0.5 min | eta=0.1 min
[2026-07-24 15:56:53] INFO Epoch 020 | val batch=160/188 | elapsed=0.5 min | eta=0.1 min
[2026-07-24 15:56:54] INFO Epoch 020 | val batch=170/188 | elapsed=0.5 min | eta=0.1 min
[2026-07-24 15:56:56] INFO Epoch 020 | val batch=180/188 | elapsed=0.6 min | eta=0.0 min
[2026-07-24 15:56:58] INFO Epoch 020 | val batch=188/188 | elapsed=0.6 min | eta=0.0 min
[2026-07-24 15:56:58] INFO Epoch 020 | train_total=0.436804 | val_total=0.443751 | val_mask=0.234849 | val_retrieval=2.089011 | val_anchors=611264 | val_positive_pairs=0 | val_hard_negatives=0 | val_relation_candidates=7439984 | val_teacher_keff=3.904 | val_student_keff=6.828 | val_masked_positions=42173756 | skipped(train/val)=0/0
[2026-07-24 15:56:58] INFO Epoch 021/050 started | train_batches=1418 | val_batches=188
[2026-07-24 15:56:58] INFO Epoch 021 | train batch=1/1418 | elapsed=0.0 min | eta=11.4 min
[2026-07-24 15:57:02] INFO Epoch 021 | train batch=10/1418 | elapsed=0.1 min | eta=10.8 min
[2026-07-24 15:57:07] INFO Epoch 021 | train batch=20/1418 | elapsed=0.2 min | eta=10.5 min
[2026-07-24 15:57:11] INFO Epoch 021 | train batch=30/1418 | elapsed=0.2 min | eta=10.3 min
[2026-07-24 15:57:15] INFO Epoch 021 | train batch=40/1418 | elapsed=0.3 min | eta=10.1 min
[2026-07-24 15:57:19] INFO Epoch 021 | train batch=50/1418 | elapsed=0.4 min | eta=9.9 min
[2026-07-24 15:57:24] INFO Epoch 021 | train batch=60/1418 | elapsed=0.4 min | eta=9.8 min
[2026-07-24 15:57:28] INFO Epoch 021 | train batch=70/1418 | elapsed=0.5 min | eta=9.7 min
[2026-07-24 15:57:32] INFO Epoch 021 | train batch=80/1418 | elapsed=0.6 min | eta=9.6 min
[2026-07-24 15:57:37] INFO Epoch 021 | train batch=90/1418 | elapsed=0.7 min | eta=9.7 min
[2026-07-24 15:57:41] INFO Epoch 021 | train batch=100/1418 | elapsed=0.7 min | eta=9.6 min
[2026-07-24 15:57:45] INFO Epoch 021 | train batch=110/1418 | elapsed=0.8 min | eta=9.5 min
[2026-07-24 15:57:50] INFO Epoch 021 | train batch=120/1418 | elapsed=0.9 min | eta=9.4 min
[2026-07-24 15:57:54] INFO Epoch 021 | train batch=130/1418 | elapsed=0.9 min | eta=9.4 min
[2026-07-24 15:57:59] INFO Epoch 021 | train batch=140/1418 | elapsed=1.0 min | eta=9.3 min
[2026-07-24 15:58:03] INFO Epoch 021 | train batch=150/1418 | elapsed=1.1 min | eta=9.2 min
[2026-07-24 15:58:07] INFO Epoch 021 | train batch=160/1418 | elapsed=1.2 min | eta=9.2 min
[2026-07-24 15:58:12] INFO Epoch 021 | train batch=170/1418 | elapsed=1.2 min | eta=9.1 min
[2026-07-24 15:58:16] INFO Epoch 021 | train batch=180/1418 | elapsed=1.3 min | eta=9.0 min
[2026-07-24 15:58:21] INFO Epoch 021 | train batch=190/1418 | elapsed=1.4 min | eta=8.9 min
[2026-07-24 15:58:25] INFO Epoch 021 | train batch=200/1418 | elapsed=1.5 min | eta=8.8 min
[2026-07-24 15:58:29] INFO Epoch 021 | train batch=210/1418 | elapsed=1.5 min | eta=8.8 min
[2026-07-24 15:58:33] INFO Epoch 021 | train batch=220/1418 | elapsed=1.6 min | eta=8.7 min
[2026-07-24 15:58:38] INFO Epoch 021 | train batch=230/1418 | elapsed=1.7 min | eta=8.6 min
[2026-07-24 15:58:42] INFO Epoch 021 | train batch=240/1418 | elapsed=1.7 min | eta=8.6 min
[2026-07-24 15:58:46] INFO Epoch 021 | train batch=250/1418 | elapsed=1.8 min | eta=8.5 min
[2026-07-24 15:58:51] INFO Epoch 021 | train batch=260/1418 | elapsed=1.9 min | eta=8.4 min
[2026-07-24 15:58:55] INFO Epoch 021 | train batch=270/1418 | elapsed=2.0 min | eta=8.3 min
[2026-07-24 15:59:00] INFO Epoch 021 | train batch=280/1418 | elapsed=2.0 min | eta=8.3 min
[2026-07-24 15:59:04] INFO Epoch 021 | train batch=290/1418 | elapsed=2.1 min | eta=8.2 min
[2026-07-24 15:59:08] INFO Epoch 021 | train batch=300/1418 | elapsed=2.2 min | eta=8.1 min
[2026-07-24 15:59:13] INFO Epoch 021 | train batch=310/1418 | elapsed=2.3 min | eta=8.1 min
[2026-07-24 15:59:17] INFO Epoch 021 | train batch=320/1418 | elapsed=2.3 min | eta=8.0 min
[2026-07-24 15:59:21] INFO Epoch 021 | train batch=330/1418 | elapsed=2.4 min | eta=7.9 min
[2026-07-24 15:59:26] INFO Epoch 021 | train batch=340/1418 | elapsed=2.5 min | eta=7.8 min
[2026-07-24 15:59:30] INFO Epoch 021 | train batch=350/1418 | elapsed=2.5 min | eta=7.7 min
[2026-07-24 15:59:34] INFO Epoch 021 | train batch=360/1418 | elapsed=2.6 min | eta=7.7 min
[2026-07-24 15:59:38] INFO Epoch 021 | train batch=370/1418 | elapsed=2.7 min | eta=7.6 min
[2026-07-24 15:59:42] INFO Epoch 021 | train batch=380/1418 | elapsed=2.7 min | eta=7.5 min
[2026-07-24 15:59:47] INFO Epoch 021 | train batch=390/1418 | elapsed=2.8 min | eta=7.4 min
[2026-07-24 15:59:51] INFO Epoch 021 | train batch=400/1418 | elapsed=2.9 min | eta=7.4 min
[2026-07-24 15:59:55] INFO Epoch 021 | train batch=410/1418 | elapsed=3.0 min | eta=7.3 min
[2026-07-24 16:00:00] INFO Epoch 021 | train batch=420/1418 | elapsed=3.0 min | eta=7.2 min
[2026-07-24 16:00:04] INFO Epoch 021 | train batch=430/1418 | elapsed=3.1 min | eta=7.1 min
[2026-07-24 16:00:08] INFO Epoch 021 | train batch=440/1418 | elapsed=3.2 min | eta=7.1 min
[2026-07-24 16:00:13] INFO Epoch 021 | train batch=450/1418 | elapsed=3.3 min | eta=7.0 min
[2026-07-24 16:00:17] INFO Epoch 021 | train batch=460/1418 | elapsed=3.3 min | eta=6.9 min
[2026-07-24 16:00:21] INFO Epoch 021 | train batch=470/1418 | elapsed=3.4 min | eta=6.8 min
[2026-07-24 16:00:26] INFO Epoch 021 | train batch=480/1418 | elapsed=3.5 min | eta=6.8 min
[2026-07-24 16:00:30] INFO Epoch 021 | train batch=490/1418 | elapsed=3.5 min | eta=6.7 min
[2026-07-24 16:00:34] INFO Epoch 021 | train batch=500/1418 | elapsed=3.6 min | eta=6.6 min
[2026-07-24 16:00:39] INFO Epoch 021 | train batch=510/1418 | elapsed=3.7 min | eta=6.6 min
[2026-07-24 16:00:43] INFO Epoch 021 | train batch=520/1418 | elapsed=3.8 min | eta=6.5 min
[2026-07-24 16:00:47] INFO Epoch 021 | train batch=530/1418 | elapsed=3.8 min | eta=6.4 min
[2026-07-24 16:00:52] INFO Epoch 021 | train batch=540/1418 | elapsed=3.9 min | eta=6.3 min
[2026-07-24 16:00:56] INFO Epoch 021 | train batch=550/1418 | elapsed=4.0 min | eta=6.3 min
[2026-07-24 16:01:00] INFO Epoch 021 | train batch=560/1418 | elapsed=4.0 min | eta=6.2 min
[2026-07-24 16:01:04] INFO Epoch 021 | train batch=570/1418 | elapsed=4.1 min | eta=6.1 min
[2026-07-24 16:01:09] INFO Epoch 021 | train batch=580/1418 | elapsed=4.2 min | eta=6.1 min
[2026-07-24 16:01:14] INFO Epoch 021 | train batch=590/1418 | elapsed=4.3 min | eta=6.0 min
[2026-07-24 16:01:18] INFO Epoch 021 | train batch=600/1418 | elapsed=4.3 min | eta=5.9 min
[2026-07-24 16:01:22] INFO Epoch 021 | train batch=610/1418 | elapsed=4.4 min | eta=5.8 min
[2026-07-24 16:01:26] INFO Epoch 021 | train batch=620/1418 | elapsed=4.5 min | eta=5.8 min
[2026-07-24 16:01:30] INFO Epoch 021 | train batch=630/1418 | elapsed=4.5 min | eta=5.7 min
[2026-07-24 16:01:35] INFO Epoch 021 | train batch=640/1418 | elapsed=4.6 min | eta=5.6 min
[2026-07-24 16:01:39] INFO Epoch 021 | train batch=650/1418 | elapsed=4.7 min | eta=5.5 min
[2026-07-24 16:01:43] INFO Epoch 021 | train batch=660/1418 | elapsed=4.8 min | eta=5.5 min
[2026-07-24 16:01:48] INFO Epoch 021 | train batch=670/1418 | elapsed=4.8 min | eta=5.4 min
[2026-07-24 16:01:52] INFO Epoch 021 | train batch=680/1418 | elapsed=4.9 min | eta=5.3 min
[2026-07-24 16:01:56] INFO Epoch 021 | train batch=690/1418 | elapsed=5.0 min | eta=5.3 min
[2026-07-24 16:02:01] INFO Epoch 021 | train batch=700/1418 | elapsed=5.1 min | eta=5.2 min
[2026-07-24 16:02:05] INFO Epoch 021 | train batch=710/1418 | elapsed=5.1 min | eta=5.1 min
[2026-07-24 16:02:09] INFO Epoch 021 | train batch=720/1418 | elapsed=5.2 min | eta=5.0 min
[2026-07-24 16:02:13] INFO Epoch 021 | train batch=730/1418 | elapsed=5.3 min | eta=5.0 min
[2026-07-24 16:02:18] INFO Epoch 021 | train batch=740/1418 | elapsed=5.3 min | eta=4.9 min
[2026-07-24 16:02:22] INFO Epoch 021 | train batch=750/1418 | elapsed=5.4 min | eta=4.8 min
[2026-07-24 16:02:27] INFO Epoch 021 | train batch=760/1418 | elapsed=5.5 min | eta=4.7 min
[2026-07-24 16:02:31] INFO Epoch 021 | train batch=770/1418 | elapsed=5.6 min | eta=4.7 min
[2026-07-24 16:02:35] INFO Epoch 021 | train batch=780/1418 | elapsed=5.6 min | eta=4.6 min
[2026-07-24 16:02:39] INFO Epoch 021 | train batch=790/1418 | elapsed=5.7 min | eta=4.5 min
[2026-07-24 16:02:43] INFO Epoch 021 | train batch=800/1418 | elapsed=5.8 min | eta=4.5 min
[2026-07-24 16:02:48] INFO Epoch 021 | train batch=810/1418 | elapsed=5.8 min | eta=4.4 min
[2026-07-24 16:02:52] INFO Epoch 021 | train batch=820/1418 | elapsed=5.9 min | eta=4.3 min
[2026-07-24 16:02:56] INFO Epoch 021 | train batch=830/1418 | elapsed=6.0 min | eta=4.2 min
[2026-07-24 16:03:01] INFO Epoch 021 | train batch=840/1418 | elapsed=6.1 min | eta=4.2 min
[2026-07-24 16:03:06] INFO Epoch 021 | train batch=850/1418 | elapsed=6.1 min | eta=4.1 min
[2026-07-24 16:03:10] INFO Epoch 021 | train batch=860/1418 | elapsed=6.2 min | eta=4.0 min
[2026-07-24 16:03:14] INFO Epoch 021 | train batch=870/1418 | elapsed=6.3 min | eta=4.0 min
[2026-07-24 16:03:19] INFO Epoch 021 | train batch=880/1418 | elapsed=6.4 min | eta=3.9 min
[2026-07-24 16:03:23] INFO Epoch 021 | train batch=890/1418 | elapsed=6.4 min | eta=3.8 min
[2026-07-24 16:03:27] INFO Epoch 021 | train batch=900/1418 | elapsed=6.5 min | eta=3.7 min
[2026-07-24 16:03:32] INFO Epoch 021 | train batch=910/1418 | elapsed=6.6 min | eta=3.7 min
[2026-07-24 16:03:36] INFO Epoch 021 | train batch=920/1418 | elapsed=6.6 min | eta=3.6 min
[2026-07-24 16:03:40] INFO Epoch 021 | train batch=930/1418 | elapsed=6.7 min | eta=3.5 min
[2026-07-24 16:03:44] INFO Epoch 021 | train batch=940/1418 | elapsed=6.8 min | eta=3.4 min
[2026-07-24 16:03:49] INFO Epoch 021 | train batch=950/1418 | elapsed=6.9 min | eta=3.4 min
[2026-07-24 16:03:53] INFO Epoch 021 | train batch=960/1418 | elapsed=6.9 min | eta=3.3 min
[2026-07-24 16:03:57] INFO Epoch 021 | train batch=970/1418 | elapsed=7.0 min | eta=3.2 min
[2026-07-24 16:04:01] INFO Epoch 021 | train batch=980/1418 | elapsed=7.1 min | eta=3.2 min
[2026-07-24 16:04:05] INFO Epoch 021 | train batch=990/1418 | elapsed=7.1 min | eta=3.1 min
[2026-07-24 16:04:09] INFO Epoch 021 | train batch=1000/1418 | elapsed=7.2 min | eta=3.0 min
[2026-07-24 16:04:13] INFO Epoch 021 | train batch=1010/1418 | elapsed=7.3 min | eta=2.9 min
[2026-07-24 16:04:17] INFO Epoch 021 | train batch=1020/1418 | elapsed=7.3 min | eta=2.9 min
[2026-07-24 16:04:22] INFO Epoch 021 | train batch=1030/1418 | elapsed=7.4 min | eta=2.8 min
[2026-07-24 16:04:26] INFO Epoch 021 | train batch=1040/1418 | elapsed=7.5 min | eta=2.7 min
[2026-07-24 16:04:31] INFO Epoch 021 | train batch=1050/1418 | elapsed=7.5 min | eta=2.6 min
[2026-07-24 16:04:35] INFO Epoch 021 | train batch=1060/1418 | elapsed=7.6 min | eta=2.6 min
[2026-07-24 16:04:39] INFO Epoch 021 | train batch=1070/1418 | elapsed=7.7 min | eta=2.5 min
[2026-07-24 16:04:43] INFO Epoch 021 | train batch=1080/1418 | elapsed=7.8 min | eta=2.4 min
[2026-07-24 16:04:47] INFO Epoch 021 | train batch=1090/1418 | elapsed=7.8 min | eta=2.4 min
[2026-07-24 16:04:52] INFO Epoch 021 | train batch=1100/1418 | elapsed=7.9 min | eta=2.3 min
[2026-07-24 16:04:56] INFO Epoch 021 | train batch=1110/1418 | elapsed=8.0 min | eta=2.2 min
[2026-07-24 16:05:00] INFO Epoch 021 | train batch=1120/1418 | elapsed=8.0 min | eta=2.1 min
[2026-07-24 16:05:05] INFO Epoch 021 | train batch=1130/1418 | elapsed=8.1 min | eta=2.1 min
[2026-07-24 16:05:09] INFO Epoch 021 | train batch=1140/1418 | elapsed=8.2 min | eta=2.0 min
[2026-07-24 16:05:13] INFO Epoch 021 | train batch=1150/1418 | elapsed=8.3 min | eta=1.9 min
[2026-07-24 16:05:18] INFO Epoch 021 | train batch=1160/1418 | elapsed=8.3 min | eta=1.9 min
[2026-07-24 16:05:22] INFO Epoch 021 | train batch=1170/1418 | elapsed=8.4 min | eta=1.8 min
[2026-07-24 16:05:26] INFO Epoch 021 | train batch=1180/1418 | elapsed=8.5 min | eta=1.7 min
[2026-07-24 16:05:30] INFO Epoch 021 | train batch=1190/1418 | elapsed=8.5 min | eta=1.6 min
[2026-07-24 16:05:34] INFO Epoch 021 | train batch=1200/1418 | elapsed=8.6 min | eta=1.6 min
[2026-07-24 16:05:38] INFO Epoch 021 | train batch=1210/1418 | elapsed=8.7 min | eta=1.5 min
[2026-07-24 16:05:43] INFO Epoch 021 | train batch=1220/1418 | elapsed=8.8 min | eta=1.4 min
[2026-07-24 16:05:47] INFO Epoch 021 | train batch=1230/1418 | elapsed=8.8 min | eta=1.3 min
[2026-07-24 16:05:51] INFO Epoch 021 | train batch=1240/1418 | elapsed=8.9 min | eta=1.3 min
[2026-07-24 16:05:56] INFO Epoch 021 | train batch=1250/1418 | elapsed=9.0 min | eta=1.2 min
[2026-07-24 16:06:00] INFO Epoch 021 | train batch=1260/1418 | elapsed=9.0 min | eta=1.1 min
[2026-07-24 16:06:05] INFO Epoch 021 | train batch=1270/1418 | elapsed=9.1 min | eta=1.1 min
[2026-07-24 16:06:09] INFO Epoch 021 | train batch=1280/1418 | elapsed=9.2 min | eta=1.0 min
[2026-07-24 16:06:13] INFO Epoch 021 | train batch=1290/1418 | elapsed=9.3 min | eta=0.9 min
[2026-07-24 16:06:17] INFO Epoch 021 | train batch=1300/1418 | elapsed=9.3 min | eta=0.8 min
[2026-07-24 16:06:21] INFO Epoch 021 | train batch=1310/1418 | elapsed=9.4 min | eta=0.8 min
[2026-07-24 16:06:26] INFO Epoch 021 | train batch=1320/1418 | elapsed=9.5 min | eta=0.7 min
[2026-07-24 16:06:30] INFO Epoch 021 | train batch=1330/1418 | elapsed=9.5 min | eta=0.6 min
[2026-07-24 16:06:35] INFO Epoch 021 | train batch=1340/1418 | elapsed=9.6 min | eta=0.6 min
[2026-07-24 16:06:39] INFO Epoch 021 | train batch=1350/1418 | elapsed=9.7 min | eta=0.5 min
[2026-07-24 16:06:43] INFO Epoch 021 | train batch=1360/1418 | elapsed=9.8 min | eta=0.4 min
[2026-07-24 16:06:48] INFO Epoch 021 | train batch=1370/1418 | elapsed=9.8 min | eta=0.3 min
[2026-07-24 16:06:52] INFO Epoch 021 | train batch=1380/1418 | elapsed=9.9 min | eta=0.3 min
[2026-07-24 16:06:56] INFO Epoch 021 | train batch=1390/1418 | elapsed=10.0 min | eta=0.2 min
[2026-07-24 16:07:01] INFO Epoch 021 | train batch=1400/1418 | elapsed=10.0 min | eta=0.1 min
[2026-07-24 16:07:05] INFO Epoch 021 | train batch=1410/1418 | elapsed=10.1 min | eta=0.1 min
[2026-07-24 16:07:08] INFO Epoch 021 | train batch=1418/1418 | elapsed=10.2 min | eta=0.0 min
[2026-07-24 16:07:08] INFO Epoch 021 | val batch=1/188 | elapsed=0.0 min | eta=0.4 min
[2026-07-24 16:07:10] INFO Epoch 021 | val batch=10/188 | elapsed=0.0 min | eta=0.6 min
[2026-07-24 16:07:12] INFO Epoch 021 | val batch=20/188 | elapsed=0.1 min | eta=0.5 min
[2026-07-24 16:07:14] INFO Epoch 021 | val batch=30/188 | elapsed=0.1 min | eta=0.5 min
[2026-07-24 16:07:16] INFO Epoch 021 | val batch=40/188 | elapsed=0.1 min | eta=0.5 min
[2026-07-24 16:07:18] INFO Epoch 021 | val batch=50/188 | elapsed=0.2 min | eta=0.4 min
[2026-07-24 16:07:20] INFO Epoch 021 | val batch=60/188 | elapsed=0.2 min | eta=0.4 min
[2026-07-24 16:07:21] INFO Epoch 021 | val batch=70/188 | elapsed=0.2 min | eta=0.4 min
[2026-07-24 16:07:23] INFO Epoch 021 | val batch=80/188 | elapsed=0.2 min | eta=0.3 min
[2026-07-24 16:07:25] INFO Epoch 021 | val batch=90/188 | elapsed=0.3 min | eta=0.3 min
[2026-07-24 16:07:27] INFO Epoch 021 | val batch=100/188 | elapsed=0.3 min | eta=0.3 min
[2026-07-24 16:07:29] INFO Epoch 021 | val batch=110/188 | elapsed=0.3 min | eta=0.2 min
[2026-07-24 16:07:31] INFO Epoch 021 | val batch=120/188 | elapsed=0.4 min | eta=0.2 min
[2026-07-24 16:07:33] INFO Epoch 021 | val batch=130/188 | elapsed=0.4 min | eta=0.2 min
[2026-07-24 16:07:35] INFO Epoch 021 | val batch=140/188 | elapsed=0.4 min | eta=0.2 min
[2026-07-24 16:07:36] INFO Epoch 021 | val batch=150/188 | elapsed=0.5 min | eta=0.1 min
[2026-07-24 16:07:38] INFO Epoch 021 | val batch=160/188 | elapsed=0.5 min | eta=0.1 min
[2026-07-24 16:07:40] INFO Epoch 021 | val batch=170/188 | elapsed=0.5 min | eta=0.1 min
[2026-07-24 16:07:42] INFO Epoch 021 | val batch=180/188 | elapsed=0.6 min | eta=0.0 min
[2026-07-24 16:07:43] INFO Epoch 021 | val batch=188/188 | elapsed=0.6 min | eta=0.0 min
[2026-07-24 16:07:43] INFO Epoch 021 | train_total=0.441205 | val_total=0.427981 | val_mask=0.220655 | val_retrieval=2.073259 | val_anchors=611264 | val_positive_pairs=0 | val_hard_negatives=0 | val_relation_candidates=7439984 | val_teacher_keff=3.904 | val_student_keff=6.864 | val_masked_positions=42219633 | skipped(train/val)=0/0
[2026-07-24 16:07:43] INFO Checkpoint updated | epoch=21 | best_val=0.427981 | path=C:\Users\clw\projects\researchRep\STAnchor-BlockMemory\artifacts\metrla_e3_relation_seed42\pretrain_best.pt
[2026-07-24 16:07:43] INFO Relation checkpoint updated | epoch=21 | best_val_relation=2.073259 | path=C:\Users\clw\projects\researchRep\STAnchor-BlockMemory\artifacts\metrla_e3_relation_seed42\pretrain_best_relation.pt
[2026-07-24 16:07:43] INFO Epoch 022/050 started | train_batches=1418 | val_batches=188
[2026-07-24 16:07:44] INFO Epoch 022 | train batch=1/1418 | elapsed=0.0 min | eta=9.3 min
[2026-07-24 16:07:48] INFO Epoch 022 | train batch=10/1418 | elapsed=0.1 min | eta=10.1 min
[2026-07-24 16:07:52] INFO Epoch 022 | train batch=20/1418 | elapsed=0.1 min | eta=10.3 min
[2026-07-24 16:07:57] INFO Epoch 022 | train batch=30/1418 | elapsed=0.2 min | eta=10.2 min
[2026-07-24 16:08:01] INFO Epoch 022 | train batch=40/1418 | elapsed=0.3 min | eta=10.0 min
[2026-07-24 16:08:05] INFO Epoch 022 | train batch=50/1418 | elapsed=0.4 min | eta=9.9 min
[2026-07-24 16:08:09] INFO Epoch 022 | train batch=60/1418 | elapsed=0.4 min | eta=9.7 min
[2026-07-24 16:08:14] INFO Epoch 022 | train batch=70/1418 | elapsed=0.5 min | eta=9.7 min
[2026-07-24 16:08:18] INFO Epoch 022 | train batch=80/1418 | elapsed=0.6 min | eta=9.6 min
[2026-07-24 16:08:22] INFO Epoch 022 | train batch=90/1418 | elapsed=0.6 min | eta=9.5 min
[2026-07-24 16:08:26] INFO Epoch 022 | train batch=100/1418 | elapsed=0.7 min | eta=9.4 min
[2026-07-24 16:08:31] INFO Epoch 022 | train batch=110/1418 | elapsed=0.8 min | eta=9.3 min
[2026-07-24 16:08:35] INFO Epoch 022 | train batch=120/1418 | elapsed=0.9 min | eta=9.2 min
[2026-07-24 16:08:39] INFO Epoch 022 | train batch=130/1418 | elapsed=0.9 min | eta=9.2 min
[2026-07-24 16:08:44] INFO Epoch 022 | train batch=140/1418 | elapsed=1.0 min | eta=9.2 min
[2026-07-24 16:08:48] INFO Epoch 022 | train batch=150/1418 | elapsed=1.1 min | eta=9.1 min
[2026-07-24 16:08:52] INFO Epoch 022 | train batch=160/1418 | elapsed=1.1 min | eta=9.0 min
[2026-07-24 16:08:57] INFO Epoch 022 | train batch=170/1418 | elapsed=1.2 min | eta=8.9 min
[2026-07-24 16:09:01] INFO Epoch 022 | train batch=180/1418 | elapsed=1.3 min | eta=8.9 min
[2026-07-24 16:09:05] INFO Epoch 022 | train batch=190/1418 | elapsed=1.4 min | eta=8.8 min
[2026-07-24 16:09:10] INFO Epoch 022 | train batch=200/1418 | elapsed=1.4 min | eta=8.7 min
[2026-07-24 16:09:14] INFO Epoch 022 | train batch=210/1418 | elapsed=1.5 min | eta=8.7 min
[2026-07-24 16:09:18] INFO Epoch 022 | train batch=220/1418 | elapsed=1.6 min | eta=8.6 min
[2026-07-24 16:09:23] INFO Epoch 022 | train batch=230/1418 | elapsed=1.7 min | eta=8.6 min
[2026-07-24 16:09:27] INFO Epoch 022 | train batch=240/1418 | elapsed=1.7 min | eta=8.5 min
[2026-07-24 16:09:31] INFO Epoch 022 | train batch=250/1418 | elapsed=1.8 min | eta=8.4 min
[2026-07-24 16:09:36] INFO Epoch 022 | train batch=260/1418 | elapsed=1.9 min | eta=8.3 min
[2026-07-24 16:09:40] INFO Epoch 022 | train batch=270/1418 | elapsed=1.9 min | eta=8.3 min
[2026-07-24 16:09:44] INFO Epoch 022 | train batch=280/1418 | elapsed=2.0 min | eta=8.2 min
[2026-07-24 16:09:49] INFO Epoch 022 | train batch=290/1418 | elapsed=2.1 min | eta=8.1 min
[2026-07-24 16:09:53] INFO Epoch 022 | train batch=300/1418 | elapsed=2.2 min | eta=8.0 min
[2026-07-24 16:09:57] INFO Epoch 022 | train batch=310/1418 | elapsed=2.2 min | eta=7.9 min
[2026-07-24 16:10:01] INFO Epoch 022 | train batch=320/1418 | elapsed=2.3 min | eta=7.9 min
[2026-07-24 16:10:05] INFO Epoch 022 | train batch=330/1418 | elapsed=2.4 min | eta=7.8 min
[2026-07-24 16:10:10] INFO Epoch 022 | train batch=340/1418 | elapsed=2.4 min | eta=7.7 min
[2026-07-24 16:10:14] INFO Epoch 022 | train batch=350/1418 | elapsed=2.5 min | eta=7.6 min
[2026-07-24 16:10:18] INFO Epoch 022 | train batch=360/1418 | elapsed=2.6 min | eta=7.6 min
[2026-07-24 16:10:22] INFO Epoch 022 | train batch=370/1418 | elapsed=2.6 min | eta=7.5 min
[2026-07-24 16:10:27] INFO Epoch 022 | train batch=380/1418 | elapsed=2.7 min | eta=7.4 min
[2026-07-24 16:10:31] INFO Epoch 022 | train batch=390/1418 | elapsed=2.8 min | eta=7.4 min
[2026-07-24 16:10:35] INFO Epoch 022 | train batch=400/1418 | elapsed=2.9 min | eta=7.3 min
[2026-07-24 16:10:39] INFO Epoch 022 | train batch=410/1418 | elapsed=2.9 min | eta=7.2 min
[2026-07-24 16:10:43] INFO Epoch 022 | train batch=420/1418 | elapsed=3.0 min | eta=7.1 min
[2026-07-24 16:10:48] INFO Epoch 022 | train batch=430/1418 | elapsed=3.1 min | eta=7.0 min
[2026-07-24 16:10:52] INFO Epoch 022 | train batch=440/1418 | elapsed=3.1 min | eta=7.0 min
[2026-07-24 16:10:56] INFO Epoch 022 | train batch=450/1418 | elapsed=3.2 min | eta=6.9 min
[2026-07-24 16:11:01] INFO Epoch 022 | train batch=460/1418 | elapsed=3.3 min | eta=6.8 min
[2026-07-24 16:11:05] INFO Epoch 022 | train batch=470/1418 | elapsed=3.4 min | eta=6.8 min
[2026-07-24 16:11:10] INFO Epoch 022 | train batch=480/1418 | elapsed=3.4 min | eta=6.7 min
[2026-07-24 16:11:14] INFO Epoch 022 | train batch=490/1418 | elapsed=3.5 min | eta=6.6 min
[2026-07-24 16:11:18] INFO Epoch 022 | train batch=500/1418 | elapsed=3.6 min | eta=6.6 min
[2026-07-24 16:11:22] INFO Epoch 022 | train batch=510/1418 | elapsed=3.6 min | eta=6.5 min
[2026-07-24 16:11:27] INFO Epoch 022 | train batch=520/1418 | elapsed=3.7 min | eta=6.4 min
[2026-07-24 16:11:31] INFO Epoch 022 | train batch=530/1418 | elapsed=3.8 min | eta=6.3 min
[2026-07-24 16:11:35] INFO Epoch 022 | train batch=540/1418 | elapsed=3.9 min | eta=6.3 min
[2026-07-24 16:11:40] INFO Epoch 022 | train batch=550/1418 | elapsed=3.9 min | eta=6.2 min
[2026-07-24 16:11:44] INFO Epoch 022 | train batch=560/1418 | elapsed=4.0 min | eta=6.1 min
[2026-07-24 16:11:48] INFO Epoch 022 | train batch=570/1418 | elapsed=4.1 min | eta=6.1 min
[2026-07-24 16:11:52] INFO Epoch 022 | train batch=580/1418 | elapsed=4.1 min | eta=6.0 min
[2026-07-24 16:11:56] INFO Epoch 022 | train batch=590/1418 | elapsed=4.2 min | eta=5.9 min
[2026-07-24 16:12:00] INFO Epoch 022 | train batch=600/1418 | elapsed=4.3 min | eta=5.8 min
[2026-07-24 16:12:05] INFO Epoch 022 | train batch=610/1418 | elapsed=4.4 min | eta=5.8 min
[2026-07-24 16:12:09] INFO Epoch 022 | train batch=620/1418 | elapsed=4.4 min | eta=5.7 min
[2026-07-24 16:12:14] INFO Epoch 022 | train batch=630/1418 | elapsed=4.5 min | eta=5.6 min
[2026-07-24 16:12:18] INFO Epoch 022 | train batch=640/1418 | elapsed=4.6 min | eta=5.6 min
[2026-07-24 16:12:22] INFO Epoch 022 | train batch=650/1418 | elapsed=4.6 min | eta=5.5 min
[2026-07-24 16:12:27] INFO Epoch 022 | train batch=660/1418 | elapsed=4.7 min | eta=5.4 min
[2026-07-24 16:12:31] INFO Epoch 022 | train batch=670/1418 | elapsed=4.8 min | eta=5.4 min
[2026-07-24 16:12:35] INFO Epoch 022 | train batch=680/1418 | elapsed=4.9 min | eta=5.3 min
[2026-07-24 16:12:40] INFO Epoch 022 | train batch=690/1418 | elapsed=4.9 min | eta=5.2 min
[2026-07-24 16:12:44] INFO Epoch 022 | train batch=700/1418 | elapsed=5.0 min | eta=5.1 min
[2026-07-24 16:12:48] INFO Epoch 022 | train batch=710/1418 | elapsed=5.1 min | eta=5.1 min
[2026-07-24 16:12:53] INFO Epoch 022 | train batch=720/1418 | elapsed=5.2 min | eta=5.0 min
[2026-07-24 16:12:57] INFO Epoch 022 | train batch=730/1418 | elapsed=5.2 min | eta=4.9 min
[2026-07-24 16:13:01] INFO Epoch 022 | train batch=740/1418 | elapsed=5.3 min | eta=4.9 min
[2026-07-24 16:13:05] INFO Epoch 022 | train batch=750/1418 | elapsed=5.4 min | eta=4.8 min
[2026-07-24 16:13:10] INFO Epoch 022 | train batch=760/1418 | elapsed=5.4 min | eta=4.7 min
[2026-07-24 16:13:14] INFO Epoch 022 | train batch=770/1418 | elapsed=5.5 min | eta=4.6 min
[2026-07-24 16:13:19] INFO Epoch 022 | train batch=780/1418 | elapsed=5.6 min | eta=4.6 min
[2026-07-24 16:13:23] INFO Epoch 022 | train batch=790/1418 | elapsed=5.7 min | eta=4.5 min
[2026-07-24 16:13:27] INFO Epoch 022 | train batch=800/1418 | elapsed=5.7 min | eta=4.4 min
[2026-07-24 16:13:31] INFO Epoch 022 | train batch=810/1418 | elapsed=5.8 min | eta=4.4 min
[2026-07-24 16:13:35] INFO Epoch 022 | train batch=820/1418 | elapsed=5.9 min | eta=4.3 min
[2026-07-24 16:13:40] INFO Epoch 022 | train batch=830/1418 | elapsed=5.9 min | eta=4.2 min
[2026-07-24 16:13:44] INFO Epoch 022 | train batch=840/1418 | elapsed=6.0 min | eta=4.1 min
[2026-07-24 16:13:48] INFO Epoch 022 | train batch=850/1418 | elapsed=6.1 min | eta=4.1 min
[2026-07-24 16:13:53] INFO Epoch 022 | train batch=860/1418 | elapsed=6.2 min | eta=4.0 min
[2026-07-24 16:13:57] INFO Epoch 022 | train batch=870/1418 | elapsed=6.2 min | eta=3.9 min
[2026-07-24 16:14:01] INFO Epoch 022 | train batch=880/1418 | elapsed=6.3 min | eta=3.9 min
[2026-07-24 16:14:05] INFO Epoch 022 | train batch=890/1418 | elapsed=6.4 min | eta=3.8 min
[2026-07-24 16:14:09] INFO Epoch 022 | train batch=900/1418 | elapsed=6.4 min | eta=3.7 min
[2026-07-24 16:14:14] INFO Epoch 022 | train batch=910/1418 | elapsed=6.5 min | eta=3.6 min
[2026-07-24 16:14:18] INFO Epoch 022 | train batch=920/1418 | elapsed=6.6 min | eta=3.6 min
[2026-07-24 16:14:22] INFO Epoch 022 | train batch=930/1418 | elapsed=6.6 min | eta=3.5 min
[2026-07-24 16:14:27] INFO Epoch 022 | train batch=940/1418 | elapsed=6.7 min | eta=3.4 min
[2026-07-24 16:14:31] INFO Epoch 022 | train batch=950/1418 | elapsed=6.8 min | eta=3.3 min
[2026-07-24 16:14:36] INFO Epoch 022 | train batch=960/1418 | elapsed=6.9 min | eta=3.3 min
[2026-07-24 16:14:40] INFO Epoch 022 | train batch=970/1418 | elapsed=6.9 min | eta=3.2 min
[2026-07-24 16:14:44] INFO Epoch 022 | train batch=980/1418 | elapsed=7.0 min | eta=3.1 min
[2026-07-24 16:14:49] INFO Epoch 022 | train batch=990/1418 | elapsed=7.1 min | eta=3.1 min
[2026-07-24 16:14:53] INFO Epoch 022 | train batch=1000/1418 | elapsed=7.2 min | eta=3.0 min
[2026-07-24 16:14:58] INFO Epoch 022 | train batch=1010/1418 | elapsed=7.2 min | eta=2.9 min
[2026-07-24 16:15:02] INFO Epoch 022 | train batch=1020/1418 | elapsed=7.3 min | eta=2.9 min
[2026-07-24 16:15:06] INFO Epoch 022 | train batch=1030/1418 | elapsed=7.4 min | eta=2.8 min
[2026-07-24 16:15:11] INFO Epoch 022 | train batch=1040/1418 | elapsed=7.5 min | eta=2.7 min
[2026-07-24 16:15:15] INFO Epoch 022 | train batch=1050/1418 | elapsed=7.5 min | eta=2.6 min
[2026-07-24 16:15:19] INFO Epoch 022 | train batch=1060/1418 | elapsed=7.6 min | eta=2.6 min
[2026-07-24 16:15:24] INFO Epoch 022 | train batch=1070/1418 | elapsed=7.7 min | eta=2.5 min
[2026-07-24 16:15:28] INFO Epoch 022 | train batch=1080/1418 | elapsed=7.7 min | eta=2.4 min
[2026-07-24 16:15:32] INFO Epoch 022 | train batch=1090/1418 | elapsed=7.8 min | eta=2.4 min
[2026-07-24 16:15:37] INFO Epoch 022 | train batch=1100/1418 | elapsed=7.9 min | eta=2.3 min
[2026-07-24 16:15:41] INFO Epoch 022 | train batch=1110/1418 | elapsed=8.0 min | eta=2.2 min
[2026-07-24 16:15:45] INFO Epoch 022 | train batch=1120/1418 | elapsed=8.0 min | eta=2.1 min
[2026-07-24 16:15:50] INFO Epoch 022 | train batch=1130/1418 | elapsed=8.1 min | eta=2.1 min
[2026-07-24 16:15:54] INFO Epoch 022 | train batch=1140/1418 | elapsed=8.2 min | eta=2.0 min
[2026-07-24 16:15:58] INFO Epoch 022 | train batch=1150/1418 | elapsed=8.2 min | eta=1.9 min
[2026-07-24 16:16:02] INFO Epoch 022 | train batch=1160/1418 | elapsed=8.3 min | eta=1.8 min
[2026-07-24 16:16:07] INFO Epoch 022 | train batch=1170/1418 | elapsed=8.4 min | eta=1.8 min
[2026-07-24 16:16:11] INFO Epoch 022 | train batch=1180/1418 | elapsed=8.5 min | eta=1.7 min
[2026-07-24 16:16:15] INFO Epoch 022 | train batch=1190/1418 | elapsed=8.5 min | eta=1.6 min
[2026-07-24 16:16:20] INFO Epoch 022 | train batch=1200/1418 | elapsed=8.6 min | eta=1.6 min
[2026-07-24 16:16:24] INFO Epoch 022 | train batch=1210/1418 | elapsed=8.7 min | eta=1.5 min
[2026-07-24 16:16:28] INFO Epoch 022 | train batch=1220/1418 | elapsed=8.7 min | eta=1.4 min
[2026-07-24 16:16:33] INFO Epoch 022 | train batch=1230/1418 | elapsed=8.8 min | eta=1.3 min
[2026-07-24 16:16:37] INFO Epoch 022 | train batch=1240/1418 | elapsed=8.9 min | eta=1.3 min
[2026-07-24 16:16:42] INFO Epoch 022 | train batch=1250/1418 | elapsed=9.0 min | eta=1.2 min
[2026-07-24 16:16:46] INFO Epoch 022 | train batch=1260/1418 | elapsed=9.0 min | eta=1.1 min
[2026-07-24 16:16:50] INFO Epoch 022 | train batch=1270/1418 | elapsed=9.1 min | eta=1.1 min
[2026-07-24 16:16:55] INFO Epoch 022 | train batch=1280/1418 | elapsed=9.2 min | eta=1.0 min
[2026-07-24 16:16:59] INFO Epoch 022 | train batch=1290/1418 | elapsed=9.3 min | eta=0.9 min
[2026-07-24 16:17:03] INFO Epoch 022 | train batch=1300/1418 | elapsed=9.3 min | eta=0.8 min
[2026-07-24 16:17:08] INFO Epoch 022 | train batch=1310/1418 | elapsed=9.4 min | eta=0.8 min
[2026-07-24 16:17:12] INFO Epoch 022 | train batch=1320/1418 | elapsed=9.5 min | eta=0.7 min
[2026-07-24 16:17:16] INFO Epoch 022 | train batch=1330/1418 | elapsed=9.5 min | eta=0.6 min
[2026-07-24 16:17:20] INFO Epoch 022 | train batch=1340/1418 | elapsed=9.6 min | eta=0.6 min
[2026-07-24 16:17:25] INFO Epoch 022 | train batch=1350/1418 | elapsed=9.7 min | eta=0.5 min
[2026-07-24 16:17:29] INFO Epoch 022 | train batch=1360/1418 | elapsed=9.8 min | eta=0.4 min
[2026-07-24 16:17:33] INFO Epoch 022 | train batch=1370/1418 | elapsed=9.8 min | eta=0.3 min
[2026-07-24 16:17:37] INFO Epoch 022 | train batch=1380/1418 | elapsed=9.9 min | eta=0.3 min
[2026-07-24 16:17:42] INFO Epoch 022 | train batch=1390/1418 | elapsed=10.0 min | eta=0.2 min
[2026-07-24 16:17:46] INFO Epoch 022 | train batch=1400/1418 | elapsed=10.0 min | eta=0.1 min
[2026-07-24 16:17:50] INFO Epoch 022 | train batch=1410/1418 | elapsed=10.1 min | eta=0.1 min
[2026-07-24 16:17:54] INFO Epoch 022 | train batch=1418/1418 | elapsed=10.2 min | eta=0.0 min
[2026-07-24 16:17:54] INFO Epoch 022 | val batch=1/188 | elapsed=0.0 min | eta=0.4 min
[2026-07-24 16:17:55] INFO Epoch 022 | val batch=10/188 | elapsed=0.0 min | eta=0.6 min
[2026-07-24 16:17:57] INFO Epoch 022 | val batch=20/188 | elapsed=0.1 min | eta=0.5 min
[2026-07-24 16:17:59] INFO Epoch 022 | val batch=30/188 | elapsed=0.1 min | eta=0.5 min
[2026-07-24 16:18:01] INFO Epoch 022 | val batch=40/188 | elapsed=0.1 min | eta=0.5 min
[2026-07-24 16:18:03] INFO Epoch 022 | val batch=50/188 | elapsed=0.2 min | eta=0.4 min
[2026-07-24 16:18:05] INFO Epoch 022 | val batch=60/188 | elapsed=0.2 min | eta=0.4 min
[2026-07-24 16:18:07] INFO Epoch 022 | val batch=70/188 | elapsed=0.2 min | eta=0.4 min
[2026-07-24 16:18:09] INFO Epoch 022 | val batch=80/188 | elapsed=0.3 min | eta=0.3 min
[2026-07-24 16:18:10] INFO Epoch 022 | val batch=90/188 | elapsed=0.3 min | eta=0.3 min
[2026-07-24 16:18:12] INFO Epoch 022 | val batch=100/188 | elapsed=0.3 min | eta=0.3 min
[2026-07-24 16:18:14] INFO Epoch 022 | val batch=110/188 | elapsed=0.3 min | eta=0.2 min
[2026-07-24 16:18:16] INFO Epoch 022 | val batch=120/188 | elapsed=0.4 min | eta=0.2 min
[2026-07-24 16:18:18] INFO Epoch 022 | val batch=130/188 | elapsed=0.4 min | eta=0.2 min
[2026-07-24 16:18:20] INFO Epoch 022 | val batch=140/188 | elapsed=0.4 min | eta=0.2 min
[2026-07-24 16:18:22] INFO Epoch 022 | val batch=150/188 | elapsed=0.5 min | eta=0.1 min
[2026-07-24 16:18:24] INFO Epoch 022 | val batch=160/188 | elapsed=0.5 min | eta=0.1 min
[2026-07-24 16:18:26] INFO Epoch 022 | val batch=170/188 | elapsed=0.5 min | eta=0.1 min
[2026-07-24 16:18:27] INFO Epoch 022 | val batch=180/188 | elapsed=0.6 min | eta=0.0 min
[2026-07-24 16:18:29] INFO Epoch 022 | val batch=188/188 | elapsed=0.6 min | eta=0.0 min
[2026-07-24 16:18:29] INFO Epoch 022 | train_total=0.439044 | val_total=0.434952 | val_mask=0.225942 | val_retrieval=2.090109 | val_anchors=611264 | val_positive_pairs=0 | val_hard_negatives=0 | val_relation_candidates=7439984 | val_teacher_keff=3.904 | val_student_keff=6.789 | val_masked_positions=42142095 | skipped(train/val)=0/0
[2026-07-24 16:18:29] INFO Epoch 023/050 started | train_batches=1418 | val_batches=188
[2026-07-24 16:18:29] INFO Epoch 023 | train batch=1/1418 | elapsed=0.0 min | eta=9.1 min
[2026-07-24 16:18:33] INFO Epoch 023 | train batch=10/1418 | elapsed=0.1 min | eta=10.1 min
[2026-07-24 16:18:37] INFO Epoch 023 | train batch=20/1418 | elapsed=0.1 min | eta=9.8 min
[2026-07-24 16:18:41] INFO Epoch 023 | train batch=30/1418 | elapsed=0.2 min | eta=9.6 min
[2026-07-24 16:18:45] INFO Epoch 023 | train batch=40/1418 | elapsed=0.3 min | eta=9.5 min
[2026-07-24 16:18:50] INFO Epoch 023 | train batch=50/1418 | elapsed=0.4 min | eta=9.6 min
[2026-07-24 16:18:54] INFO Epoch 023 | train batch=60/1418 | elapsed=0.4 min | eta=9.6 min
[2026-07-24 16:18:58] INFO Epoch 023 | train batch=70/1418 | elapsed=0.5 min | eta=9.5 min
[2026-07-24 16:19:03] INFO Epoch 023 | train batch=80/1418 | elapsed=0.6 min | eta=9.5 min
[2026-07-24 16:19:07] INFO Epoch 023 | train batch=90/1418 | elapsed=0.6 min | eta=9.4 min
[2026-07-24 16:19:11] INFO Epoch 023 | train batch=100/1418 | elapsed=0.7 min | eta=9.3 min
[2026-07-24 16:19:15] INFO Epoch 023 | train batch=110/1418 | elapsed=0.8 min | eta=9.2 min
[2026-07-24 16:19:19] INFO Epoch 023 | train batch=120/1418 | elapsed=0.8 min | eta=9.1 min
[2026-07-24 16:19:24] INFO Epoch 023 | train batch=130/1418 | elapsed=0.9 min | eta=9.1 min
[2026-07-24 16:19:28] INFO Epoch 023 | train batch=140/1418 | elapsed=1.0 min | eta=9.0 min
[2026-07-24 16:19:32] INFO Epoch 023 | train batch=150/1418 | elapsed=1.1 min | eta=9.0 min
[2026-07-24 16:19:37] INFO Epoch 023 | train batch=160/1418 | elapsed=1.1 min | eta=8.9 min
[2026-07-24 16:19:41] INFO Epoch 023 | train batch=170/1418 | elapsed=1.2 min | eta=8.8 min
[2026-07-24 16:19:45] INFO Epoch 023 | train batch=180/1418 | elapsed=1.3 min | eta=8.7 min
[2026-07-24 16:19:49] INFO Epoch 023 | train batch=190/1418 | elapsed=1.3 min | eta=8.7 min
[2026-07-24 16:19:54] INFO Epoch 023 | train batch=200/1418 | elapsed=1.4 min | eta=8.6 min
[2026-07-24 16:19:58] INFO Epoch 023 | train batch=210/1418 | elapsed=1.5 min | eta=8.6 min
[2026-07-24 16:20:02] INFO Epoch 023 | train batch=220/1418 | elapsed=1.6 min | eta=8.5 min
[2026-07-24 16:20:07] INFO Epoch 023 | train batch=230/1418 | elapsed=1.6 min | eta=8.5 min
[2026-07-24 16:20:11] INFO Epoch 023 | train batch=240/1418 | elapsed=1.7 min | eta=8.4 min
[2026-07-24 16:20:15] INFO Epoch 023 | train batch=250/1418 | elapsed=1.8 min | eta=8.3 min
[2026-07-24 16:20:20] INFO Epoch 023 | train batch=260/1418 | elapsed=1.9 min | eta=8.3 min
[2026-07-24 16:20:24] INFO Epoch 023 | train batch=270/1418 | elapsed=1.9 min | eta=8.2 min
[2026-07-24 16:20:28] INFO Epoch 023 | train batch=280/1418 | elapsed=2.0 min | eta=8.1 min
[2026-07-24 16:20:33] INFO Epoch 023 | train batch=290/1418 | elapsed=2.1 min | eta=8.0 min
[2026-07-24 16:20:37] INFO Epoch 023 | train batch=300/1418 | elapsed=2.1 min | eta=8.0 min
[2026-07-24 16:20:41] INFO Epoch 023 | train batch=310/1418 | elapsed=2.2 min | eta=7.9 min
[2026-07-24 16:20:46] INFO Epoch 023 | train batch=320/1418 | elapsed=2.3 min | eta=7.8 min
[2026-07-24 16:20:50] INFO Epoch 023 | train batch=330/1418 | elapsed=2.4 min | eta=7.8 min
[2026-07-24 16:20:54] INFO Epoch 023 | train batch=340/1418 | elapsed=2.4 min | eta=7.7 min
[2026-07-24 16:20:58] INFO Epoch 023 | train batch=350/1418 | elapsed=2.5 min | eta=7.6 min
[2026-07-24 16:21:02] INFO Epoch 023 | train batch=360/1418 | elapsed=2.6 min | eta=7.5 min
[2026-07-24 16:21:07] INFO Epoch 023 | train batch=370/1418 | elapsed=2.6 min | eta=7.5 min
[2026-07-24 16:21:11] INFO Epoch 023 | train batch=380/1418 | elapsed=2.7 min | eta=7.4 min
[2026-07-24 16:21:15] INFO Epoch 023 | train batch=390/1418 | elapsed=2.8 min | eta=7.3 min
[2026-07-24 16:21:19] INFO Epoch 023 | train batch=400/1418 | elapsed=2.8 min | eta=7.2 min
[2026-07-24 16:21:24] INFO Epoch 023 | train batch=410/1418 | elapsed=2.9 min | eta=7.2 min
[2026-07-24 16:21:28] INFO Epoch 023 | train batch=420/1418 | elapsed=3.0 min | eta=7.1 min
[2026-07-24 16:21:32] INFO Epoch 023 | train batch=430/1418 | elapsed=3.1 min | eta=7.0 min
[2026-07-24 16:21:36] INFO Epoch 023 | train batch=440/1418 | elapsed=3.1 min | eta=6.9 min
[2026-07-24 16:21:41] INFO Epoch 023 | train batch=450/1418 | elapsed=3.2 min | eta=6.9 min
[2026-07-24 16:21:45] INFO Epoch 023 | train batch=460/1418 | elapsed=3.3 min | eta=6.8 min
[2026-07-24 16:21:50] INFO Epoch 023 | train batch=470/1418 | elapsed=3.3 min | eta=6.8 min
[2026-07-24 16:21:54] INFO Epoch 023 | train batch=480/1418 | elapsed=3.4 min | eta=6.7 min
[2026-07-24 16:21:58] INFO Epoch 023 | train batch=490/1418 | elapsed=3.5 min | eta=6.6 min
[2026-07-24 16:22:03] INFO Epoch 023 | train batch=500/1418 | elapsed=3.6 min | eta=6.5 min
[2026-07-24 16:22:07] INFO Epoch 023 | train batch=510/1418 | elapsed=3.6 min | eta=6.5 min
[2026-07-24 16:22:11] INFO Epoch 023 | train batch=520/1418 | elapsed=3.7 min | eta=6.4 min
[2026-07-24 16:22:16] INFO Epoch 023 | train batch=530/1418 | elapsed=3.8 min | eta=6.3 min
[2026-07-24 16:22:20] INFO Epoch 023 | train batch=540/1418 | elapsed=3.9 min | eta=6.3 min
[2026-07-24 16:22:24] INFO Epoch 023 | train batch=550/1418 | elapsed=3.9 min | eta=6.2 min
[2026-07-24 16:22:28] INFO Epoch 023 | train batch=560/1418 | elapsed=4.0 min | eta=6.1 min
[2026-07-24 16:22:33] INFO Epoch 023 | train batch=570/1418 | elapsed=4.1 min | eta=6.1 min
[2026-07-24 16:22:37] INFO Epoch 023 | train batch=580/1418 | elapsed=4.1 min | eta=6.0 min
[2026-07-24 16:22:41] INFO Epoch 023 | train batch=590/1418 | elapsed=4.2 min | eta=5.9 min
[2026-07-24 16:22:46] INFO Epoch 023 | train batch=600/1418 | elapsed=4.3 min | eta=5.8 min
[2026-07-24 16:22:50] INFO Epoch 023 | train batch=610/1418 | elapsed=4.4 min | eta=5.8 min
[2026-07-24 16:22:55] INFO Epoch 023 | train batch=620/1418 | elapsed=4.4 min | eta=5.7 min
[2026-07-24 16:22:59] INFO Epoch 023 | train batch=630/1418 | elapsed=4.5 min | eta=5.6 min
[2026-07-24 16:23:03] INFO Epoch 023 | train batch=640/1418 | elapsed=4.6 min | eta=5.6 min
[2026-07-24 16:23:07] INFO Epoch 023 | train batch=650/1418 | elapsed=4.6 min | eta=5.5 min
[2026-07-24 16:23:12] INFO Epoch 023 | train batch=660/1418 | elapsed=4.7 min | eta=5.4 min
[2026-07-24 16:23:16] INFO Epoch 023 | train batch=670/1418 | elapsed=4.8 min | eta=5.3 min
[2026-07-24 16:23:20] INFO Epoch 023 | train batch=680/1418 | elapsed=4.9 min | eta=5.3 min
[2026-07-24 16:23:25] INFO Epoch 023 | train batch=690/1418 | elapsed=4.9 min | eta=5.2 min
[2026-07-24 16:23:29] INFO Epoch 023 | train batch=700/1418 | elapsed=5.0 min | eta=5.1 min
[2026-07-24 16:23:33] INFO Epoch 023 | train batch=710/1418 | elapsed=5.1 min | eta=5.1 min
[2026-07-24 16:23:37] INFO Epoch 023 | train batch=720/1418 | elapsed=5.1 min | eta=5.0 min
[2026-07-24 16:23:42] INFO Epoch 023 | train batch=730/1418 | elapsed=5.2 min | eta=4.9 min
[2026-07-24 16:23:46] INFO Epoch 023 | train batch=740/1418 | elapsed=5.3 min | eta=4.8 min
[2026-07-24 16:23:50] INFO Epoch 023 | train batch=750/1418 | elapsed=5.4 min | eta=4.8 min
[2026-07-24 16:23:54] INFO Epoch 023 | train batch=760/1418 | elapsed=5.4 min | eta=4.7 min
[2026-07-24 16:23:59] INFO Epoch 023 | train batch=770/1418 | elapsed=5.5 min | eta=4.6 min
[2026-07-24 16:24:03] INFO Epoch 023 | train batch=780/1418 | elapsed=5.6 min | eta=4.6 min
[2026-07-24 16:24:07] INFO Epoch 023 | train batch=790/1418 | elapsed=5.6 min | eta=4.5 min
[2026-07-24 16:24:12] INFO Epoch 023 | train batch=800/1418 | elapsed=5.7 min | eta=4.4 min
[2026-07-24 16:24:16] INFO Epoch 023 | train batch=810/1418 | elapsed=5.8 min | eta=4.3 min
[2026-07-24 16:24:20] INFO Epoch 023 | train batch=820/1418 | elapsed=5.9 min | eta=4.3 min
[2026-07-24 16:24:25] INFO Epoch 023 | train batch=830/1418 | elapsed=5.9 min | eta=4.2 min
[2026-07-24 16:24:29] INFO Epoch 023 | train batch=840/1418 | elapsed=6.0 min | eta=4.1 min
[2026-07-24 16:24:33] INFO Epoch 023 | train batch=850/1418 | elapsed=6.1 min | eta=4.1 min
[2026-07-24 16:24:37] INFO Epoch 023 | train batch=860/1418 | elapsed=6.1 min | eta=4.0 min
[2026-07-24 16:24:41] INFO Epoch 023 | train batch=870/1418 | elapsed=6.2 min | eta=3.9 min
[2026-07-24 16:24:46] INFO Epoch 023 | train batch=880/1418 | elapsed=6.3 min | eta=3.8 min
[2026-07-24 16:24:50] INFO Epoch 023 | train batch=890/1418 | elapsed=6.4 min | eta=3.8 min
[2026-07-24 16:24:54] INFO Epoch 023 | train batch=900/1418 | elapsed=6.4 min | eta=3.7 min
[2026-07-24 16:24:59] INFO Epoch 023 | train batch=910/1418 | elapsed=6.5 min | eta=3.6 min
[2026-07-24 16:25:03] INFO Epoch 023 | train batch=920/1418 | elapsed=6.6 min | eta=3.6 min
[2026-07-24 16:25:07] INFO Epoch 023 | train batch=930/1418 | elapsed=6.6 min | eta=3.5 min
[2026-07-24 16:25:12] INFO Epoch 023 | train batch=940/1418 | elapsed=6.7 min | eta=3.4 min
[2026-07-24 16:25:16] INFO Epoch 023 | train batch=950/1418 | elapsed=6.8 min | eta=3.3 min
[2026-07-24 16:25:20] INFO Epoch 023 | train batch=960/1418 | elapsed=6.9 min | eta=3.3 min
[2026-07-24 16:25:25] INFO Epoch 023 | train batch=970/1418 | elapsed=6.9 min | eta=3.2 min
[2026-07-24 16:25:29] INFO Epoch 023 | train batch=980/1418 | elapsed=7.0 min | eta=3.1 min
[2026-07-24 16:25:33] INFO Epoch 023 | train batch=990/1418 | elapsed=7.1 min | eta=3.1 min
[2026-07-24 16:25:38] INFO Epoch 023 | train batch=1000/1418 | elapsed=7.1 min | eta=3.0 min
[2026-07-24 16:25:42] INFO Epoch 023 | train batch=1010/1418 | elapsed=7.2 min | eta=2.9 min
[2026-07-24 16:25:46] INFO Epoch 023 | train batch=1020/1418 | elapsed=7.3 min | eta=2.8 min
[2026-07-24 16:25:50] INFO Epoch 023 | train batch=1030/1418 | elapsed=7.4 min | eta=2.8 min
[2026-07-24 16:25:55] INFO Epoch 023 | train batch=1040/1418 | elapsed=7.4 min | eta=2.7 min
[2026-07-24 16:25:59] INFO Epoch 023 | train batch=1050/1418 | elapsed=7.5 min | eta=2.6 min
[2026-07-24 16:26:03] INFO Epoch 023 | train batch=1060/1418 | elapsed=7.6 min | eta=2.6 min
[2026-07-24 16:26:08] INFO Epoch 023 | train batch=1070/1418 | elapsed=7.6 min | eta=2.5 min
[2026-07-24 16:26:12] INFO Epoch 023 | train batch=1080/1418 | elapsed=7.7 min | eta=2.4 min
[2026-07-24 16:26:16] INFO Epoch 023 | train batch=1090/1418 | elapsed=7.8 min | eta=2.3 min
[2026-07-24 16:26:20] INFO Epoch 023 | train batch=1100/1418 | elapsed=7.9 min | eta=2.3 min
[2026-07-24 16:26:25] INFO Epoch 023 | train batch=1110/1418 | elapsed=7.9 min | eta=2.2 min
[2026-07-24 16:26:29] INFO Epoch 023 | train batch=1120/1418 | elapsed=8.0 min | eta=2.1 min
[2026-07-24 16:26:33] INFO Epoch 023 | train batch=1130/1418 | elapsed=8.1 min | eta=2.1 min
[2026-07-24 16:26:37] INFO Epoch 023 | train batch=1140/1418 | elapsed=8.1 min | eta=2.0 min
[2026-07-24 16:26:41] INFO Epoch 023 | train batch=1150/1418 | elapsed=8.2 min | eta=1.9 min
[2026-07-24 16:26:46] INFO Epoch 023 | train batch=1160/1418 | elapsed=8.3 min | eta=1.8 min
[2026-07-24 16:26:50] INFO Epoch 023 | train batch=1170/1418 | elapsed=8.4 min | eta=1.8 min
[2026-07-24 16:26:54] INFO Epoch 023 | train batch=1180/1418 | elapsed=8.4 min | eta=1.7 min
[2026-07-24 16:26:59] INFO Epoch 023 | train batch=1190/1418 | elapsed=8.5 min | eta=1.6 min
[2026-07-24 16:27:03] INFO Epoch 023 | train batch=1200/1418 | elapsed=8.6 min | eta=1.6 min
[2026-07-24 16:27:07] INFO Epoch 023 | train batch=1210/1418 | elapsed=8.6 min | eta=1.5 min
[2026-07-24 16:27:12] INFO Epoch 023 | train batch=1220/1418 | elapsed=8.7 min | eta=1.4 min
[2026-07-24 16:27:16] INFO Epoch 023 | train batch=1230/1418 | elapsed=8.8 min | eta=1.3 min
[2026-07-24 16:27:21] INFO Epoch 023 | train batch=1240/1418 | elapsed=8.9 min | eta=1.3 min
[2026-07-24 16:27:25] INFO Epoch 023 | train batch=1250/1418 | elapsed=8.9 min | eta=1.2 min
[2026-07-24 16:27:29] INFO Epoch 023 | train batch=1260/1418 | elapsed=9.0 min | eta=1.1 min
[2026-07-24 16:27:33] INFO Epoch 023 | train batch=1270/1418 | elapsed=9.1 min | eta=1.1 min
[2026-07-24 16:27:38] INFO Epoch 023 | train batch=1280/1418 | elapsed=9.1 min | eta=1.0 min
[2026-07-24 16:27:42] INFO Epoch 023 | train batch=1290/1418 | elapsed=9.2 min | eta=0.9 min
[2026-07-24 16:27:46] INFO Epoch 023 | train batch=1300/1418 | elapsed=9.3 min | eta=0.8 min
[2026-07-24 16:27:50] INFO Epoch 023 | train batch=1310/1418 | elapsed=9.4 min | eta=0.8 min
[2026-07-24 16:27:55] INFO Epoch 023 | train batch=1320/1418 | elapsed=9.4 min | eta=0.7 min
[2026-07-24 16:27:59] INFO Epoch 023 | train batch=1330/1418 | elapsed=9.5 min | eta=0.6 min
[2026-07-24 16:28:03] INFO Epoch 023 | train batch=1340/1418 | elapsed=9.6 min | eta=0.6 min
[2026-07-24 16:28:08] INFO Epoch 023 | train batch=1350/1418 | elapsed=9.6 min | eta=0.5 min
[2026-07-24 16:28:12] INFO Epoch 023 | train batch=1360/1418 | elapsed=9.7 min | eta=0.4 min
[2026-07-24 16:28:16] INFO Epoch 023 | train batch=1370/1418 | elapsed=9.8 min | eta=0.3 min
[2026-07-24 16:28:20] INFO Epoch 023 | train batch=1380/1418 | elapsed=9.9 min | eta=0.3 min
[2026-07-24 16:28:25] INFO Epoch 023 | train batch=1390/1418 | elapsed=9.9 min | eta=0.2 min
[2026-07-24 16:28:29] INFO Epoch 023 | train batch=1400/1418 | elapsed=10.0 min | eta=0.1 min
[2026-07-24 16:28:33] INFO Epoch 023 | train batch=1410/1418 | elapsed=10.1 min | eta=0.1 min
[2026-07-24 16:28:37] INFO Epoch 023 | train batch=1418/1418 | elapsed=10.1 min | eta=0.0 min
[2026-07-24 16:28:37] INFO Epoch 023 | val batch=1/188 | elapsed=0.0 min | eta=0.4 min
[2026-07-24 16:28:39] INFO Epoch 023 | val batch=10/188 | elapsed=0.0 min | eta=0.6 min
[2026-07-24 16:28:41] INFO Epoch 023 | val batch=20/188 | elapsed=0.1 min | eta=0.5 min
[2026-07-24 16:28:43] INFO Epoch 023 | val batch=30/188 | elapsed=0.1 min | eta=0.5 min
[2026-07-24 16:28:44] INFO Epoch 023 | val batch=40/188 | elapsed=0.1 min | eta=0.5 min
[2026-07-24 16:28:46] INFO Epoch 023 | val batch=50/188 | elapsed=0.2 min | eta=0.4 min
[2026-07-24 16:28:48] INFO Epoch 023 | val batch=60/188 | elapsed=0.2 min | eta=0.4 min
[2026-07-24 16:28:50] INFO Epoch 023 | val batch=70/188 | elapsed=0.2 min | eta=0.4 min
[2026-07-24 16:28:52] INFO Epoch 023 | val batch=80/188 | elapsed=0.2 min | eta=0.3 min
[2026-07-24 16:28:54] INFO Epoch 023 | val batch=90/188 | elapsed=0.3 min | eta=0.3 min
[2026-07-24 16:28:56] INFO Epoch 023 | val batch=100/188 | elapsed=0.3 min | eta=0.3 min
[2026-07-24 16:28:58] INFO Epoch 023 | val batch=110/188 | elapsed=0.3 min | eta=0.2 min
[2026-07-24 16:28:59] INFO Epoch 023 | val batch=120/188 | elapsed=0.4 min | eta=0.2 min
[2026-07-24 16:29:01] INFO Epoch 023 | val batch=130/188 | elapsed=0.4 min | eta=0.2 min
[2026-07-24 16:29:03] INFO Epoch 023 | val batch=140/188 | elapsed=0.4 min | eta=0.1 min
[2026-07-24 16:29:05] INFO Epoch 023 | val batch=150/188 | elapsed=0.5 min | eta=0.1 min
[2026-07-24 16:29:07] INFO Epoch 023 | val batch=160/188 | elapsed=0.5 min | eta=0.1 min
[2026-07-24 16:29:09] INFO Epoch 023 | val batch=170/188 | elapsed=0.5 min | eta=0.1 min
[2026-07-24 16:29:11] INFO Epoch 023 | val batch=180/188 | elapsed=0.6 min | eta=0.0 min
[2026-07-24 16:29:12] INFO Epoch 023 | val batch=188/188 | elapsed=0.6 min | eta=0.0 min
[2026-07-24 16:29:12] INFO Epoch 023 | train_total=0.438329 | val_total=0.431001 | val_mask=0.222759 | val_retrieval=2.082419 | val_anchors=611264 | val_positive_pairs=0 | val_hard_negatives=0 | val_relation_candidates=7439984 | val_teacher_keff=3.904 | val_student_keff=6.650 | val_masked_positions=42121499 | skipped(train/val)=0/0
[2026-07-24 16:29:12] INFO Epoch 024/050 started | train_batches=1418 | val_batches=188
[2026-07-24 16:29:12] INFO Epoch 024 | train batch=1/1418 | elapsed=0.0 min | eta=11.6 min
[2026-07-24 16:29:16] INFO Epoch 024 | train batch=10/1418 | elapsed=0.1 min | eta=9.6 min
[2026-07-24 16:29:21] INFO Epoch 024 | train batch=20/1418 | elapsed=0.1 min | eta=10.1 min
[2026-07-24 16:29:25] INFO Epoch 024 | train batch=30/1418 | elapsed=0.2 min | eta=10.1 min
[2026-07-24 16:29:29] INFO Epoch 024 | train batch=40/1418 | elapsed=0.3 min | eta=9.9 min
[2026-07-24 16:29:34] INFO Epoch 024 | train batch=50/1418 | elapsed=0.4 min | eta=9.9 min
[2026-07-24 16:29:38] INFO Epoch 024 | train batch=60/1418 | elapsed=0.4 min | eta=9.8 min
[2026-07-24 16:29:42] INFO Epoch 024 | train batch=70/1418 | elapsed=0.5 min | eta=9.7 min
[2026-07-24 16:29:46] INFO Epoch 024 | train batch=80/1418 | elapsed=0.6 min | eta=9.5 min
[2026-07-24 16:29:50] INFO Epoch 024 | train batch=90/1418 | elapsed=0.6 min | eta=9.4 min
[2026-07-24 16:29:54] INFO Epoch 024 | train batch=100/1418 | elapsed=0.7 min | eta=9.3 min
[2026-07-24 16:29:59] INFO Epoch 024 | train batch=110/1418 | elapsed=0.8 min | eta=9.2 min
[2026-07-24 16:30:03] INFO Epoch 024 | train batch=120/1418 | elapsed=0.8 min | eta=9.1 min
[2026-07-24 16:30:07] INFO Epoch 024 | train batch=130/1418 | elapsed=0.9 min | eta=9.1 min
[2026-07-24 16:30:11] INFO Epoch 024 | train batch=140/1418 | elapsed=1.0 min | eta=9.0 min
[2026-07-24 16:30:16] INFO Epoch 024 | train batch=150/1418 | elapsed=1.1 min | eta=9.0 min
[2026-07-24 16:30:20] INFO Epoch 024 | train batch=160/1418 | elapsed=1.1 min | eta=8.9 min
[2026-07-24 16:30:25] INFO Epoch 024 | train batch=170/1418 | elapsed=1.2 min | eta=8.9 min
[2026-07-24 16:30:29] INFO Epoch 024 | train batch=180/1418 | elapsed=1.3 min | eta=8.8 min
[2026-07-24 16:30:33] INFO Epoch 024 | train batch=190/1418 | elapsed=1.4 min | eta=8.8 min
[2026-07-24 16:30:38] INFO Epoch 024 | train batch=200/1418 | elapsed=1.4 min | eta=8.7 min
[2026-07-24 16:30:42] INFO Epoch 024 | train batch=210/1418 | elapsed=1.5 min | eta=8.6 min
[2026-07-24 16:30:46] INFO Epoch 024 | train batch=220/1418 | elapsed=1.6 min | eta=8.5 min
[2026-07-24 16:30:50] INFO Epoch 024 | train batch=230/1418 | elapsed=1.6 min | eta=8.5 min
[2026-07-24 16:30:55] INFO Epoch 024 | train batch=240/1418 | elapsed=1.7 min | eta=8.4 min
[2026-07-24 16:30:59] INFO Epoch 024 | train batch=250/1418 | elapsed=1.8 min | eta=8.4 min
[2026-07-24 16:31:04] INFO Epoch 024 | train batch=260/1418 | elapsed=1.9 min | eta=8.3 min
[2026-07-24 16:31:08] INFO Epoch 024 | train batch=270/1418 | elapsed=1.9 min | eta=8.2 min
[2026-07-24 16:31:13] INFO Epoch 024 | train batch=280/1418 | elapsed=2.0 min | eta=8.2 min
[2026-07-24 16:31:17] INFO Epoch 024 | train batch=290/1418 | elapsed=2.1 min | eta=8.1 min
[2026-07-24 16:31:21] INFO Epoch 024 | train batch=300/1418 | elapsed=2.2 min | eta=8.0 min
[2026-07-24 16:31:25] INFO Epoch 024 | train batch=310/1418 | elapsed=2.2 min | eta=8.0 min
[2026-07-24 16:31:30] INFO Epoch 024 | train batch=320/1418 | elapsed=2.3 min | eta=7.9 min
[2026-07-24 16:31:34] INFO Epoch 024 | train batch=330/1418 | elapsed=2.4 min | eta=7.8 min
[2026-07-24 16:31:38] INFO Epoch 024 | train batch=340/1418 | elapsed=2.4 min | eta=7.7 min
[2026-07-24 16:31:42] INFO Epoch 024 | train batch=350/1418 | elapsed=2.5 min | eta=7.6 min
[2026-07-24 16:31:47] INFO Epoch 024 | train batch=360/1418 | elapsed=2.6 min | eta=7.6 min
[2026-07-24 16:31:51] INFO Epoch 024 | train batch=370/1418 | elapsed=2.7 min | eta=7.5 min
[2026-07-24 16:31:55] INFO Epoch 024 | train batch=380/1418 | elapsed=2.7 min | eta=7.4 min
[2026-07-24 16:32:00] INFO Epoch 024 | train batch=390/1418 | elapsed=2.8 min | eta=7.4 min
[2026-07-24 16:32:04] INFO Epoch 024 | train batch=400/1418 | elapsed=2.9 min | eta=7.3 min
[2026-07-24 16:32:08] INFO Epoch 024 | train batch=410/1418 | elapsed=2.9 min | eta=7.2 min
[2026-07-24 16:32:13] INFO Epoch 024 | train batch=420/1418 | elapsed=3.0 min | eta=7.2 min
[2026-07-24 16:32:17] INFO Epoch 024 | train batch=430/1418 | elapsed=3.1 min | eta=7.1 min
[2026-07-24 16:32:21] INFO Epoch 024 | train batch=440/1418 | elapsed=3.2 min | eta=7.0 min
[2026-07-24 16:32:26] INFO Epoch 024 | train batch=450/1418 | elapsed=3.2 min | eta=6.9 min
[2026-07-24 16:32:31] INFO Epoch 024 | train batch=460/1418 | elapsed=3.3 min | eta=6.9 min
[2026-07-24 16:32:35] INFO Epoch 024 | train batch=470/1418 | elapsed=3.4 min | eta=6.8 min
[2026-07-24 16:32:39] INFO Epoch 024 | train batch=480/1418 | elapsed=3.5 min | eta=6.8 min
[2026-07-24 16:32:44] INFO Epoch 024 | train batch=490/1418 | elapsed=3.5 min | eta=6.7 min
[2026-07-24 16:32:48] INFO Epoch 024 | train batch=500/1418 | elapsed=3.6 min | eta=6.6 min
[2026-07-24 16:32:52] INFO Epoch 024 | train batch=510/1418 | elapsed=3.7 min | eta=6.5 min
[2026-07-24 16:32:57] INFO Epoch 024 | train batch=520/1418 | elapsed=3.7 min | eta=6.5 min
[2026-07-24 16:33:01] INFO Epoch 024 | train batch=530/1418 | elapsed=3.8 min | eta=6.4 min
[2026-07-24 16:33:05] INFO Epoch 024 | train batch=540/1418 | elapsed=3.9 min | eta=6.3 min
[2026-07-24 16:33:09] INFO Epoch 024 | train batch=550/1418 | elapsed=4.0 min | eta=6.2 min
[2026-07-24 16:33:14] INFO Epoch 024 | train batch=560/1418 | elapsed=4.0 min | eta=6.2 min
[2026-07-24 16:33:18] INFO Epoch 024 | train batch=570/1418 | elapsed=4.1 min | eta=6.1 min
[2026-07-24 16:33:22] INFO Epoch 024 | train batch=580/1418 | elapsed=4.2 min | eta=6.0 min
[2026-07-24 16:33:27] INFO Epoch 024 | train batch=590/1418 | elapsed=4.2 min | eta=6.0 min
[2026-07-24 16:33:31] INFO Epoch 024 | train batch=600/1418 | elapsed=4.3 min | eta=5.9 min
[2026-07-24 16:33:36] INFO Epoch 024 | train batch=610/1418 | elapsed=4.4 min | eta=5.8 min
[2026-07-24 16:33:40] INFO Epoch 024 | train batch=620/1418 | elapsed=4.5 min | eta=5.7 min
[2026-07-24 16:33:44] INFO Epoch 024 | train batch=630/1418 | elapsed=4.5 min | eta=5.7 min
[2026-07-24 16:33:48] INFO Epoch 024 | train batch=640/1418 | elapsed=4.6 min | eta=5.6 min
[2026-07-24 16:33:53] INFO Epoch 024 | train batch=650/1418 | elapsed=4.7 min | eta=5.5 min
[2026-07-24 16:33:57] INFO Epoch 024 | train batch=660/1418 | elapsed=4.8 min | eta=5.5 min
[2026-07-24 16:34:01] INFO Epoch 024 | train batch=670/1418 | elapsed=4.8 min | eta=5.4 min
[2026-07-24 16:34:05] INFO Epoch 024 | train batch=680/1418 | elapsed=4.9 min | eta=5.3 min
[2026-07-24 16:34:10] INFO Epoch 024 | train batch=690/1418 | elapsed=5.0 min | eta=5.2 min
[2026-07-24 16:34:14] INFO Epoch 024 | train batch=700/1418 | elapsed=5.0 min | eta=5.2 min
[2026-07-24 16:34:18] INFO Epoch 024 | train batch=710/1418 | elapsed=5.1 min | eta=5.1 min
[2026-07-24 16:34:22] INFO Epoch 024 | train batch=720/1418 | elapsed=5.2 min | eta=5.0 min
[2026-07-24 16:34:27] INFO Epoch 024 | train batch=730/1418 | elapsed=5.2 min | eta=4.9 min
[2026-07-24 16:34:31] INFO Epoch 024 | train batch=740/1418 | elapsed=5.3 min | eta=4.9 min
[2026-07-24 16:34:35] INFO Epoch 024 | train batch=750/1418 | elapsed=5.4 min | eta=4.8 min
[2026-07-24 16:34:39] INFO Epoch 024 | train batch=760/1418 | elapsed=5.5 min | eta=4.7 min
[2026-07-24 16:34:44] INFO Epoch 024 | train batch=770/1418 | elapsed=5.5 min | eta=4.7 min
[2026-07-24 16:34:48] INFO Epoch 024 | train batch=780/1418 | elapsed=5.6 min | eta=4.6 min
[2026-07-24 16:34:52] INFO Epoch 024 | train batch=790/1418 | elapsed=5.7 min | eta=4.5 min
[2026-07-24 16:34:57] INFO Epoch 024 | train batch=800/1418 | elapsed=5.7 min | eta=4.4 min
[2026-07-24 16:35:01] INFO Epoch 024 | train batch=810/1418 | elapsed=5.8 min | eta=4.4 min
[2026-07-24 16:35:05] INFO Epoch 024 | train batch=820/1418 | elapsed=5.9 min | eta=4.3 min
[2026-07-24 16:35:10] INFO Epoch 024 | train batch=830/1418 | elapsed=6.0 min | eta=4.2 min
[2026-07-24 16:35:14] INFO Epoch 024 | train batch=840/1418 | elapsed=6.0 min | eta=4.2 min
[2026-07-24 16:35:18] INFO Epoch 024 | train batch=850/1418 | elapsed=6.1 min | eta=4.1 min
[2026-07-24 16:35:22] INFO Epoch 024 | train batch=860/1418 | elapsed=6.2 min | eta=4.0 min
[2026-07-24 16:35:27] INFO Epoch 024 | train batch=870/1418 | elapsed=6.2 min | eta=3.9 min
[2026-07-24 16:35:31] INFO Epoch 024 | train batch=880/1418 | elapsed=6.3 min | eta=3.9 min
[2026-07-24 16:35:35] INFO Epoch 024 | train batch=890/1418 | elapsed=6.4 min | eta=3.8 min
[2026-07-24 16:35:39] INFO Epoch 024 | train batch=900/1418 | elapsed=6.5 min | eta=3.7 min
[2026-07-24 16:35:44] INFO Epoch 024 | train batch=910/1418 | elapsed=6.5 min | eta=3.6 min
[2026-07-24 16:35:48] INFO Epoch 024 | train batch=920/1418 | elapsed=6.6 min | eta=3.6 min
[2026-07-24 16:35:52] INFO Epoch 024 | train batch=930/1418 | elapsed=6.7 min | eta=3.5 min
[2026-07-24 16:35:57] INFO Epoch 024 | train batch=940/1418 | elapsed=6.7 min | eta=3.4 min
[2026-07-24 16:36:01] INFO Epoch 024 | train batch=950/1418 | elapsed=6.8 min | eta=3.4 min
[2026-07-24 16:36:06] INFO Epoch 024 | train batch=960/1418 | elapsed=6.9 min | eta=3.3 min
[2026-07-24 16:36:10] INFO Epoch 024 | train batch=970/1418 | elapsed=7.0 min | eta=3.2 min
[2026-07-24 16:36:14] INFO Epoch 024 | train batch=980/1418 | elapsed=7.0 min | eta=3.1 min
[2026-07-24 16:36:18] INFO Epoch 024 | train batch=990/1418 | elapsed=7.1 min | eta=3.1 min
[2026-07-24 16:36:23] INFO Epoch 024 | train batch=1000/1418 | elapsed=7.2 min | eta=3.0 min
[2026-07-24 16:36:27] INFO Epoch 024 | train batch=1010/1418 | elapsed=7.3 min | eta=2.9 min
[2026-07-24 16:36:32] INFO Epoch 024 | train batch=1020/1418 | elapsed=7.3 min | eta=2.9 min
[2026-07-24 16:36:36] INFO Epoch 024 | train batch=1030/1418 | elapsed=7.4 min | eta=2.8 min
[2026-07-24 16:36:40] INFO Epoch 024 | train batch=1040/1418 | elapsed=7.5 min | eta=2.7 min
[2026-07-24 16:36:45] INFO Epoch 024 | train batch=1050/1418 | elapsed=7.5 min | eta=2.6 min
[2026-07-24 16:36:49] INFO Epoch 024 | train batch=1060/1418 | elapsed=7.6 min | eta=2.6 min
[2026-07-24 16:36:53] INFO Epoch 024 | train batch=1070/1418 | elapsed=7.7 min | eta=2.5 min
[2026-07-24 16:36:58] INFO Epoch 024 | train batch=1080/1418 | elapsed=7.8 min | eta=2.4 min
[2026-07-24 16:37:03] INFO Epoch 024 | train batch=1090/1418 | elapsed=7.8 min | eta=2.4 min
[2026-07-24 16:37:07] INFO Epoch 024 | train batch=1100/1418 | elapsed=7.9 min | eta=2.3 min
[2026-07-24 16:37:12] INFO Epoch 024 | train batch=1110/1418 | elapsed=8.0 min | eta=2.2 min
[2026-07-24 16:37:16] INFO Epoch 024 | train batch=1120/1418 | elapsed=8.1 min | eta=2.1 min
[2026-07-24 16:37:20] INFO Epoch 024 | train batch=1130/1418 | elapsed=8.1 min | eta=2.1 min
[2026-07-24 16:37:24] INFO Epoch 024 | train batch=1140/1418 | elapsed=8.2 min | eta=2.0 min
[2026-07-24 16:37:29] INFO Epoch 024 | train batch=1150/1418 | elapsed=8.3 min | eta=1.9 min
[2026-07-24 16:37:33] INFO Epoch 024 | train batch=1160/1418 | elapsed=8.3 min | eta=1.9 min
[2026-07-24 16:37:37] INFO Epoch 024 | train batch=1170/1418 | elapsed=8.4 min | eta=1.8 min
[2026-07-24 16:37:41] INFO Epoch 024 | train batch=1180/1418 | elapsed=8.5 min | eta=1.7 min
[2026-07-24 16:37:46] INFO Epoch 024 | train batch=1190/1418 | elapsed=8.6 min | eta=1.6 min
[2026-07-24 16:37:50] INFO Epoch 024 | train batch=1200/1418 | elapsed=8.6 min | eta=1.6 min
[2026-07-24 16:37:54] INFO Epoch 024 | train batch=1210/1418 | elapsed=8.7 min | eta=1.5 min
[2026-07-24 16:37:59] INFO Epoch 024 | train batch=1220/1418 | elapsed=8.8 min | eta=1.4 min
[2026-07-24 16:38:03] INFO Epoch 024 | train batch=1230/1418 | elapsed=8.9 min | eta=1.4 min
[2026-07-24 16:38:07] INFO Epoch 024 | train batch=1240/1418 | elapsed=8.9 min | eta=1.3 min
[2026-07-24 16:38:12] INFO Epoch 024 | train batch=1250/1418 | elapsed=9.0 min | eta=1.2 min
[2026-07-24 16:38:16] INFO Epoch 024 | train batch=1260/1418 | elapsed=9.1 min | eta=1.1 min
[2026-07-24 16:38:20] INFO Epoch 024 | train batch=1270/1418 | elapsed=9.1 min | eta=1.1 min
[2026-07-24 16:38:25] INFO Epoch 024 | train batch=1280/1418 | elapsed=9.2 min | eta=1.0 min
[2026-07-24 16:38:29] INFO Epoch 024 | train batch=1290/1418 | elapsed=9.3 min | eta=0.9 min
[2026-07-24 16:38:33] INFO Epoch 024 | train batch=1300/1418 | elapsed=9.4 min | eta=0.8 min
[2026-07-24 16:38:37] INFO Epoch 024 | train batch=1310/1418 | elapsed=9.4 min | eta=0.8 min
[2026-07-24 16:38:42] INFO Epoch 024 | train batch=1320/1418 | elapsed=9.5 min | eta=0.7 min
[2026-07-24 16:38:46] INFO Epoch 024 | train batch=1330/1418 | elapsed=9.6 min | eta=0.6 min
[2026-07-24 16:38:50] INFO Epoch 024 | train batch=1340/1418 | elapsed=9.6 min | eta=0.6 min
[2026-07-24 16:38:54] INFO Epoch 024 | train batch=1350/1418 | elapsed=9.7 min | eta=0.5 min
[2026-07-24 16:38:58] INFO Epoch 024 | train batch=1360/1418 | elapsed=9.8 min | eta=0.4 min
[2026-07-24 16:39:03] INFO Epoch 024 | train batch=1370/1418 | elapsed=9.8 min | eta=0.3 min
[2026-07-24 16:39:07] INFO Epoch 024 | train batch=1380/1418 | elapsed=9.9 min | eta=0.3 min
[2026-07-24 16:39:11] INFO Epoch 024 | train batch=1390/1418 | elapsed=10.0 min | eta=0.2 min
[2026-07-24 16:39:16] INFO Epoch 024 | train batch=1400/1418 | elapsed=10.1 min | eta=0.1 min
[2026-07-24 16:39:20] INFO Epoch 024 | train batch=1410/1418 | elapsed=10.1 min | eta=0.1 min
[2026-07-24 16:39:23] INFO Epoch 024 | train batch=1418/1418 | elapsed=10.2 min | eta=0.0 min
[2026-07-24 16:39:24] INFO Epoch 024 | val batch=1/188 | elapsed=0.0 min | eta=0.4 min
[2026-07-24 16:39:25] INFO Epoch 024 | val batch=10/188 | elapsed=0.0 min | eta=0.6 min
[2026-07-24 16:39:27] INFO Epoch 024 | val batch=20/188 | elapsed=0.1 min | eta=0.5 min
[2026-07-24 16:39:29] INFO Epoch 024 | val batch=30/188 | elapsed=0.1 min | eta=0.5 min
[2026-07-24 16:39:31] INFO Epoch 024 | val batch=40/188 | elapsed=0.1 min | eta=0.5 min
[2026-07-24 16:39:33] INFO Epoch 024 | val batch=50/188 | elapsed=0.2 min | eta=0.4 min
[2026-07-24 16:39:35] INFO Epoch 024 | val batch=60/188 | elapsed=0.2 min | eta=0.4 min
[2026-07-24 16:39:36] INFO Epoch 024 | val batch=70/188 | elapsed=0.2 min | eta=0.4 min
[2026-07-24 16:39:38] INFO Epoch 024 | val batch=80/188 | elapsed=0.2 min | eta=0.3 min
[2026-07-24 16:39:40] INFO Epoch 024 | val batch=90/188 | elapsed=0.3 min | eta=0.3 min
[2026-07-24 16:39:42] INFO Epoch 024 | val batch=100/188 | elapsed=0.3 min | eta=0.3 min
[2026-07-24 16:39:44] INFO Epoch 024 | val batch=110/188 | elapsed=0.3 min | eta=0.2 min
[2026-07-24 16:39:46] INFO Epoch 024 | val batch=120/188 | elapsed=0.4 min | eta=0.2 min
[2026-07-24 16:39:48] INFO Epoch 024 | val batch=130/188 | elapsed=0.4 min | eta=0.2 min
[2026-07-24 16:39:50] INFO Epoch 024 | val batch=140/188 | elapsed=0.4 min | eta=0.1 min
[2026-07-24 16:39:51] INFO Epoch 024 | val batch=150/188 | elapsed=0.5 min | eta=0.1 min
[2026-07-24 16:39:53] INFO Epoch 024 | val batch=160/188 | elapsed=0.5 min | eta=0.1 min
[2026-07-24 16:39:55] INFO Epoch 024 | val batch=170/188 | elapsed=0.5 min | eta=0.1 min
[2026-07-24 16:39:57] INFO Epoch 024 | val batch=180/188 | elapsed=0.6 min | eta=0.0 min
[2026-07-24 16:39:58] INFO Epoch 024 | val batch=188/188 | elapsed=0.6 min | eta=0.0 min
[2026-07-24 16:39:58] INFO Epoch 024 | train_total=0.433166 | val_total=0.428954 | val_mask=0.221587 | val_retrieval=2.073674 | val_anchors=611264 | val_positive_pairs=0 | val_hard_negatives=0 | val_relation_candidates=7439984 | val_teacher_keff=3.904 | val_student_keff=6.839 | val_masked_positions=42231109 | skipped(train/val)=0/0
[2026-07-24 16:39:58] INFO Epoch 025/050 started | train_batches=1418 | val_batches=188
[2026-07-24 16:39:59] INFO Epoch 025 | train batch=1/1418 | elapsed=0.0 min | eta=11.5 min
[2026-07-24 16:40:03] INFO Epoch 025 | train batch=10/1418 | elapsed=0.1 min | eta=9.9 min
[2026-07-24 16:40:07] INFO Epoch 025 | train batch=20/1418 | elapsed=0.1 min | eta=9.8 min
[2026-07-24 16:40:11] INFO Epoch 025 | train batch=30/1418 | elapsed=0.2 min | eta=9.7 min
[2026-07-24 16:40:15] INFO Epoch 025 | train batch=40/1418 | elapsed=0.3 min | eta=9.8 min
[2026-07-24 16:40:20] INFO Epoch 025 | train batch=50/1418 | elapsed=0.4 min | eta=9.8 min
[2026-07-24 16:40:24] INFO Epoch 025 | train batch=60/1418 | elapsed=0.4 min | eta=9.7 min
[2026-07-24 16:40:29] INFO Epoch 025 | train batch=70/1418 | elapsed=0.5 min | eta=9.7 min
[2026-07-24 16:40:33] INFO Epoch 025 | train batch=80/1418 | elapsed=0.6 min | eta=9.6 min
[2026-07-24 16:40:37] INFO Epoch 025 | train batch=90/1418 | elapsed=0.6 min | eta=9.5 min
[2026-07-24 16:40:41] INFO Epoch 025 | train batch=100/1418 | elapsed=0.7 min | eta=9.4 min
[2026-07-24 16:40:45] INFO Epoch 025 | train batch=110/1418 | elapsed=0.8 min | eta=9.3 min
[2026-07-24 16:40:50] INFO Epoch 025 | train batch=120/1418 | elapsed=0.9 min | eta=9.2 min
[2026-07-24 16:40:54] INFO Epoch 025 | train batch=130/1418 | elapsed=0.9 min | eta=9.2 min
[2026-07-24 16:40:58] INFO Epoch 025 | train batch=140/1418 | elapsed=1.0 min | eta=9.1 min
[2026-07-24 16:41:03] INFO Epoch 025 | train batch=150/1418 | elapsed=1.1 min | eta=9.1 min
[2026-07-24 16:41:07] INFO Epoch 025 | train batch=160/1418 | elapsed=1.1 min | eta=9.0 min
[2026-07-24 16:41:11] INFO Epoch 025 | train batch=170/1418 | elapsed=1.2 min | eta=8.9 min
[2026-07-24 16:41:15] INFO Epoch 025 | train batch=180/1418 | elapsed=1.3 min | eta=8.8 min
[2026-07-24 16:41:20] INFO Epoch 025 | train batch=190/1418 | elapsed=1.4 min | eta=8.8 min
[2026-07-24 16:41:24] INFO Epoch 025 | train batch=200/1418 | elapsed=1.4 min | eta=8.7 min
[2026-07-24 16:41:29] INFO Epoch 025 | train batch=210/1418 | elapsed=1.5 min | eta=8.6 min
[2026-07-24 16:41:33] INFO Epoch 025 | train batch=220/1418 | elapsed=1.6 min | eta=8.6 min
[2026-07-24 16:41:37] INFO Epoch 025 | train batch=230/1418 | elapsed=1.7 min | eta=8.5 min
[2026-07-24 16:41:42] INFO Epoch 025 | train batch=240/1418 | elapsed=1.7 min | eta=8.5 min
[2026-07-24 16:41:46] INFO Epoch 025 | train batch=250/1418 | elapsed=1.8 min | eta=8.4 min
[2026-07-24 16:41:50] INFO Epoch 025 | train batch=260/1418 | elapsed=1.9 min | eta=8.3 min
[2026-07-24 16:41:55] INFO Epoch 025 | train batch=270/1418 | elapsed=1.9 min | eta=8.2 min
[2026-07-24 16:41:59] INFO Epoch 025 | train batch=280/1418 | elapsed=2.0 min | eta=8.2 min
[2026-07-24 16:42:03] INFO Epoch 025 | train batch=290/1418 | elapsed=2.1 min | eta=8.1 min
[2026-07-24 16:42:08] INFO Epoch 025 | train batch=300/1418 | elapsed=2.2 min | eta=8.0 min
[2026-07-24 16:42:12] INFO Epoch 025 | train batch=310/1418 | elapsed=2.2 min | eta=8.0 min
[2026-07-24 16:42:17] INFO Epoch 025 | train batch=320/1418 | elapsed=2.3 min | eta=7.9 min
[2026-07-24 16:42:21] INFO Epoch 025 | train batch=330/1418 | elapsed=2.4 min | eta=7.8 min
[2026-07-24 16:42:25] INFO Epoch 025 | train batch=340/1418 | elapsed=2.4 min | eta=7.7 min
[2026-07-24 16:42:29] INFO Epoch 025 | train batch=350/1418 | elapsed=2.5 min | eta=7.7 min
[2026-07-24 16:42:34] INFO Epoch 025 | train batch=360/1418 | elapsed=2.6 min | eta=7.6 min
[2026-07-24 16:42:38] INFO Epoch 025 | train batch=370/1418 | elapsed=2.7 min | eta=7.5 min
[2026-07-24 16:42:42] INFO Epoch 025 | train batch=380/1418 | elapsed=2.7 min | eta=7.5 min
[2026-07-24 16:42:47] INFO Epoch 025 | train batch=390/1418 | elapsed=2.8 min | eta=7.4 min
[2026-07-24 16:42:51] INFO Epoch 025 | train batch=400/1418 | elapsed=2.9 min | eta=7.3 min
[2026-07-24 16:42:56] INFO Epoch 025 | train batch=410/1418 | elapsed=3.0 min | eta=7.3 min
[2026-07-24 16:43:00] INFO Epoch 025 | train batch=420/1418 | elapsed=3.0 min | eta=7.2 min
[2026-07-24 16:43:04] INFO Epoch 025 | train batch=430/1418 | elapsed=3.1 min | eta=7.1 min
[2026-07-24 16:43:08] INFO Epoch 025 | train batch=440/1418 | elapsed=3.2 min | eta=7.0 min
[2026-07-24 16:43:12] INFO Epoch 025 | train batch=450/1418 | elapsed=3.2 min | eta=7.0 min
[2026-07-24 16:43:17] INFO Epoch 025 | train batch=460/1418 | elapsed=3.3 min | eta=6.9 min
[2026-07-24 16:43:21] INFO Epoch 025 | train batch=470/1418 | elapsed=3.4 min | eta=6.8 min
[2026-07-24 16:43:26] INFO Epoch 025 | train batch=480/1418 | elapsed=3.5 min | eta=6.8 min
[2026-07-24 16:43:30] INFO Epoch 025 | train batch=490/1418 | elapsed=3.5 min | eta=6.7 min
[2026-07-24 16:43:34] INFO Epoch 025 | train batch=500/1418 | elapsed=3.6 min | eta=6.6 min
[2026-07-24 16:43:39] INFO Epoch 025 | train batch=510/1418 | elapsed=3.7 min | eta=6.5 min
[2026-07-24 16:43:43] INFO Epoch 025 | train batch=520/1418 | elapsed=3.7 min | eta=6.5 min
[2026-07-24 16:43:47] INFO Epoch 025 | train batch=530/1418 | elapsed=3.8 min | eta=6.4 min
[2026-07-24 16:43:51] INFO Epoch 025 | train batch=540/1418 | elapsed=3.9 min | eta=6.3 min
[2026-07-24 16:43:56] INFO Epoch 025 | train batch=550/1418 | elapsed=4.0 min | eta=6.2 min
[2026-07-24 16:44:00] INFO Epoch 025 | train batch=560/1418 | elapsed=4.0 min | eta=6.2 min
[2026-07-24 16:44:04] INFO Epoch 025 | train batch=570/1418 | elapsed=4.1 min | eta=6.1 min
[2026-07-24 16:44:08] INFO Epoch 025 | train batch=580/1418 | elapsed=4.2 min | eta=6.0 min
[2026-07-24 16:44:13] INFO Epoch 025 | train batch=590/1418 | elapsed=4.2 min | eta=6.0 min
[2026-07-24 16:44:17] INFO Epoch 025 | train batch=600/1418 | elapsed=4.3 min | eta=5.9 min
[2026-07-24 16:44:21] INFO Epoch 025 | train batch=610/1418 | elapsed=4.4 min | eta=5.8 min
[2026-07-24 16:44:26] INFO Epoch 025 | train batch=620/1418 | elapsed=4.5 min | eta=5.7 min
[2026-07-24 16:44:30] INFO Epoch 025 | train batch=630/1418 | elapsed=4.5 min | eta=5.7 min
[2026-07-24 16:44:34] INFO Epoch 025 | train batch=640/1418 | elapsed=4.6 min | eta=5.6 min
[2026-07-24 16:44:39] INFO Epoch 025 | train batch=650/1418 | elapsed=4.7 min | eta=5.5 min
[2026-07-24 16:44:43] INFO Epoch 025 | train batch=660/1418 | elapsed=4.7 min | eta=5.4 min
[2026-07-24 16:44:48] INFO Epoch 025 | train batch=670/1418 | elapsed=4.8 min | eta=5.4 min
[2026-07-24 16:44:52] INFO Epoch 025 | train batch=680/1418 | elapsed=4.9 min | eta=5.3 min
[2026-07-24 16:44:56] INFO Epoch 025 | train batch=690/1418 | elapsed=5.0 min | eta=5.2 min
[2026-07-24 16:45:01] INFO Epoch 025 | train batch=700/1418 | elapsed=5.0 min | eta=5.2 min
[2026-07-24 16:45:05] INFO Epoch 025 | train batch=710/1418 | elapsed=5.1 min | eta=5.1 min
[2026-07-24 16:45:10] INFO Epoch 025 | train batch=720/1418 | elapsed=5.2 min | eta=5.0 min
[2026-07-24 16:45:14] INFO Epoch 025 | train batch=730/1418 | elapsed=5.3 min | eta=5.0 min
[2026-07-24 16:45:18] INFO Epoch 025 | train batch=740/1418 | elapsed=5.3 min | eta=4.9 min
[2026-07-24 16:45:23] INFO Epoch 025 | train batch=750/1418 | elapsed=5.4 min | eta=4.8 min
[2026-07-24 16:45:27] INFO Epoch 025 | train batch=760/1418 | elapsed=5.5 min | eta=4.7 min
[2026-07-24 16:45:31] INFO Epoch 025 | train batch=770/1418 | elapsed=5.5 min | eta=4.7 min
[2026-07-24 16:45:35] INFO Epoch 025 | train batch=780/1418 | elapsed=5.6 min | eta=4.6 min
[2026-07-24 16:45:40] INFO Epoch 025 | train batch=790/1418 | elapsed=5.7 min | eta=4.5 min
[2026-07-24 16:45:44] INFO Epoch 025 | train batch=800/1418 | elapsed=5.8 min | eta=4.4 min
[2026-07-24 16:45:48] INFO Epoch 025 | train batch=810/1418 | elapsed=5.8 min | eta=4.4 min
[2026-07-24 16:45:52] INFO Epoch 025 | train batch=820/1418 | elapsed=5.9 min | eta=4.3 min
[2026-07-24 16:45:57] INFO Epoch 025 | train batch=830/1418 | elapsed=6.0 min | eta=4.2 min
[2026-07-24 16:46:01] INFO Epoch 025 | train batch=840/1418 | elapsed=6.0 min | eta=4.2 min
[2026-07-24 16:46:06] INFO Epoch 025 | train batch=850/1418 | elapsed=6.1 min | eta=4.1 min
[2026-07-24 16:46:10] INFO Epoch 025 | train batch=860/1418 | elapsed=6.2 min | eta=4.0 min
[2026-07-24 16:46:14] INFO Epoch 025 | train batch=870/1418 | elapsed=6.3 min | eta=3.9 min
[2026-07-24 16:46:18] INFO Epoch 025 | train batch=880/1418 | elapsed=6.3 min | eta=3.9 min
[2026-07-24 16:46:22] INFO Epoch 025 | train batch=890/1418 | elapsed=6.4 min | eta=3.8 min
[2026-07-24 16:46:27] INFO Epoch 025 | train batch=900/1418 | elapsed=6.5 min | eta=3.7 min
[2026-07-24 16:46:31] INFO Epoch 025 | train batch=910/1418 | elapsed=6.5 min | eta=3.7 min
[2026-07-24 16:46:35] INFO Epoch 025 | train batch=920/1418 | elapsed=6.6 min | eta=3.6 min
[2026-07-24 16:46:39] INFO Epoch 025 | train batch=930/1418 | elapsed=6.7 min | eta=3.5 min
[2026-07-24 16:46:44] INFO Epoch 025 | train batch=940/1418 | elapsed=6.8 min | eta=3.4 min
[2026-07-24 16:46:48] INFO Epoch 025 | train batch=950/1418 | elapsed=6.8 min | eta=3.4 min
[2026-07-24 16:46:52] INFO Epoch 025 | train batch=960/1418 | elapsed=6.9 min | eta=3.3 min
[2026-07-24 16:46:57] INFO Epoch 025 | train batch=970/1418 | elapsed=7.0 min | eta=3.2 min
[2026-07-24 16:47:01] INFO Epoch 025 | train batch=980/1418 | elapsed=7.0 min | eta=3.1 min
[2026-07-24 16:47:05] INFO Epoch 025 | train batch=990/1418 | elapsed=7.1 min | eta=3.1 min
[2026-07-24 16:47:10] INFO Epoch 025 | train batch=1000/1418 | elapsed=7.2 min | eta=3.0 min
[2026-07-24 16:47:14] INFO Epoch 025 | train batch=1010/1418 | elapsed=7.3 min | eta=2.9 min
[2026-07-24 16:47:18] INFO Epoch 025 | train batch=1020/1418 | elapsed=7.3 min | eta=2.9 min
[2026-07-24 16:47:23] INFO Epoch 025 | train batch=1030/1418 | elapsed=7.4 min | eta=2.8 min
[2026-07-24 16:47:27] INFO Epoch 025 | train batch=1040/1418 | elapsed=7.5 min | eta=2.7 min
[2026-07-24 16:47:31] INFO Epoch 025 | train batch=1050/1418 | elapsed=7.5 min | eta=2.6 min
[2026-07-24 16:47:35] INFO Epoch 025 | train batch=1060/1418 | elapsed=7.6 min | eta=2.6 min
[2026-07-24 16:47:39] INFO Epoch 025 | train batch=1070/1418 | elapsed=7.7 min | eta=2.5 min
[2026-07-24 16:47:44] INFO Epoch 025 | train batch=1080/1418 | elapsed=7.8 min | eta=2.4 min
[2026-07-24 16:47:48] INFO Epoch 025 | train batch=1090/1418 | elapsed=7.8 min | eta=2.4 min
[2026-07-24 16:47:52] INFO Epoch 025 | train batch=1100/1418 | elapsed=7.9 min | eta=2.3 min
[2026-07-24 16:47:57] INFO Epoch 025 | train batch=1110/1418 | elapsed=8.0 min | eta=2.2 min
[2026-07-24 16:48:01] INFO Epoch 025 | train batch=1120/1418 | elapsed=8.0 min | eta=2.1 min
[2026-07-24 16:48:05] INFO Epoch 025 | train batch=1130/1418 | elapsed=8.1 min | eta=2.1 min
[2026-07-24 16:48:10] INFO Epoch 025 | train batch=1140/1418 | elapsed=8.2 min | eta=2.0 min
[2026-07-24 16:48:14] INFO Epoch 025 | train batch=1150/1418 | elapsed=8.3 min | eta=1.9 min
[2026-07-24 16:48:18] INFO Epoch 025 | train batch=1160/1418 | elapsed=8.3 min | eta=1.9 min
[2026-07-24 16:48:22] INFO Epoch 025 | train batch=1170/1418 | elapsed=8.4 min | eta=1.8 min
[2026-07-24 16:48:26] INFO Epoch 025 | train batch=1180/1418 | elapsed=8.5 min | eta=1.7 min
[2026-07-24 16:48:31] INFO Epoch 025 | train batch=1190/1418 | elapsed=8.5 min | eta=1.6 min
[2026-07-24 16:48:35] INFO Epoch 025 | train batch=1200/1418 | elapsed=8.6 min | eta=1.6 min
[2026-07-24 16:48:40] INFO Epoch 025 | train batch=1210/1418 | elapsed=8.7 min | eta=1.5 min
[2026-07-24 16:48:44] INFO Epoch 025 | train batch=1220/1418 | elapsed=8.8 min | eta=1.4 min
[2026-07-24 16:48:48] INFO Epoch 025 | train batch=1230/1418 | elapsed=8.8 min | eta=1.3 min
[2026-07-24 16:48:53] INFO Epoch 025 | train batch=1240/1418 | elapsed=8.9 min | eta=1.3 min
[2026-07-24 16:48:57] INFO Epoch 025 | train batch=1250/1418 | elapsed=9.0 min | eta=1.2 min
[2026-07-24 16:49:01] INFO Epoch 025 | train batch=1260/1418 | elapsed=9.0 min | eta=1.1 min
[2026-07-24 16:49:06] INFO Epoch 025 | train batch=1270/1418 | elapsed=9.1 min | eta=1.1 min
[2026-07-24 16:49:10] INFO Epoch 025 | train batch=1280/1418 | elapsed=9.2 min | eta=1.0 min
[2026-07-24 16:49:15] INFO Epoch 025 | train batch=1290/1418 | elapsed=9.3 min | eta=0.9 min
[2026-07-24 16:49:19] INFO Epoch 025 | train batch=1300/1418 | elapsed=9.3 min | eta=0.8 min
[2026-07-24 16:49:23] INFO Epoch 025 | train batch=1310/1418 | elapsed=9.4 min | eta=0.8 min
[2026-07-24 16:49:28] INFO Epoch 025 | train batch=1320/1418 | elapsed=9.5 min | eta=0.7 min
[2026-07-24 16:49:32] INFO Epoch 025 | train batch=1330/1418 | elapsed=9.6 min | eta=0.6 min
[2026-07-24 16:49:36] INFO Epoch 025 | train batch=1340/1418 | elapsed=9.6 min | eta=0.6 min
[2026-07-24 16:49:41] INFO Epoch 025 | train batch=1350/1418 | elapsed=9.7 min | eta=0.5 min
[2026-07-24 16:49:45] INFO Epoch 025 | train batch=1360/1418 | elapsed=9.8 min | eta=0.4 min
[2026-07-24 16:49:49] INFO Epoch 025 | train batch=1370/1418 | elapsed=9.8 min | eta=0.3 min
[2026-07-24 16:49:54] INFO Epoch 025 | train batch=1380/1418 | elapsed=9.9 min | eta=0.3 min
[2026-07-24 16:49:58] INFO Epoch 025 | train batch=1390/1418 | elapsed=10.0 min | eta=0.2 min
[2026-07-24 16:50:03] INFO Epoch 025 | train batch=1400/1418 | elapsed=10.1 min | eta=0.1 min
[2026-07-24 16:50:07] INFO Epoch 025 | train batch=1410/1418 | elapsed=10.1 min | eta=0.1 min
[2026-07-24 16:50:10] INFO Epoch 025 | train batch=1418/1418 | elapsed=10.2 min | eta=0.0 min
[2026-07-24 16:50:10] INFO Epoch 025 | val batch=1/188 | elapsed=0.0 min | eta=0.4 min
[2026-07-24 16:50:12] INFO Epoch 025 | val batch=10/188 | elapsed=0.0 min | eta=0.6 min
[2026-07-24 16:50:14] INFO Epoch 025 | val batch=20/188 | elapsed=0.1 min | eta=0.5 min
[2026-07-24 16:50:16] INFO Epoch 025 | val batch=30/188 | elapsed=0.1 min | eta=0.5 min
[2026-07-24 16:50:18] INFO Epoch 025 | val batch=40/188 | elapsed=0.1 min | eta=0.5 min
[2026-07-24 16:50:20] INFO Epoch 025 | val batch=50/188 | elapsed=0.2 min | eta=0.4 min
[2026-07-24 16:50:22] INFO Epoch 025 | val batch=60/188 | elapsed=0.2 min | eta=0.4 min
[2026-07-24 16:50:23] INFO Epoch 025 | val batch=70/188 | elapsed=0.2 min | eta=0.4 min
[2026-07-24 16:50:25] INFO Epoch 025 | val batch=80/188 | elapsed=0.2 min | eta=0.3 min
[2026-07-24 16:50:27] INFO Epoch 025 | val batch=90/188 | elapsed=0.3 min | eta=0.3 min
[2026-07-24 16:50:29] INFO Epoch 025 | val batch=100/188 | elapsed=0.3 min | eta=0.3 min
[2026-07-24 16:50:31] INFO Epoch 025 | val batch=110/188 | elapsed=0.3 min | eta=0.2 min
[2026-07-24 16:50:33] INFO Epoch 025 | val batch=120/188 | elapsed=0.4 min | eta=0.2 min
[2026-07-24 16:50:35] INFO Epoch 025 | val batch=130/188 | elapsed=0.4 min | eta=0.2 min
[2026-07-24 16:50:36] INFO Epoch 025 | val batch=140/188 | elapsed=0.4 min | eta=0.1 min
[2026-07-24 16:50:38] INFO Epoch 025 | val batch=150/188 | elapsed=0.5 min | eta=0.1 min
[2026-07-24 16:50:40] INFO Epoch 025 | val batch=160/188 | elapsed=0.5 min | eta=0.1 min
[2026-07-24 16:50:42] INFO Epoch 025 | val batch=170/188 | elapsed=0.5 min | eta=0.1 min
[2026-07-24 16:50:44] INFO Epoch 025 | val batch=180/188 | elapsed=0.6 min | eta=0.0 min
[2026-07-24 16:50:45] INFO Epoch 025 | val batch=188/188 | elapsed=0.6 min | eta=0.0 min
[2026-07-24 16:50:45] INFO Epoch 025 | train_total=0.429453 | val_total=0.429712 | val_mask=0.222819 | val_retrieval=2.068938 | val_anchors=611264 | val_positive_pairs=0 | val_hard_negatives=0 | val_relation_candidates=7439984 | val_teacher_keff=3.904 | val_student_keff=6.941 | val_masked_positions=42160856 | skipped(train/val)=0/0
[2026-07-24 16:50:45] INFO Relation checkpoint updated | epoch=25 | best_val_relation=2.068938 | path=C:\Users\clw\projects\researchRep\STAnchor-BlockMemory\artifacts\metrla_e3_relation_seed42\pretrain_best_relation.pt
[2026-07-24 16:50:45] INFO Epoch 026/050 started | train_batches=1418 | val_batches=188
[2026-07-24 16:50:46] INFO Epoch 026 | train batch=1/1418 | elapsed=0.0 min | eta=11.5 min
[2026-07-24 16:50:49] INFO Epoch 026 | train batch=10/1418 | elapsed=0.1 min | eta=9.6 min
[2026-07-24 16:50:53] INFO Epoch 026 | train batch=20/1418 | elapsed=0.1 min | eta=9.5 min
[2026-07-24 16:50:58] INFO Epoch 026 | train batch=30/1418 | elapsed=0.2 min | eta=9.8 min
[2026-07-24 16:51:02] INFO Epoch 026 | train batch=40/1418 | elapsed=0.3 min | eta=9.8 min
[2026-07-24 16:51:07] INFO Epoch 026 | train batch=50/1418 | elapsed=0.4 min | eta=9.8 min
[2026-07-24 16:51:11] INFO Epoch 026 | train batch=60/1418 | elapsed=0.4 min | eta=9.8 min
[2026-07-24 16:51:16] INFO Epoch 026 | train batch=70/1418 | elapsed=0.5 min | eta=9.7 min
[2026-07-24 16:51:20] INFO Epoch 026 | train batch=80/1418 | elapsed=0.6 min | eta=9.6 min
[2026-07-24 16:51:24] INFO Epoch 026 | train batch=90/1418 | elapsed=0.7 min | eta=9.6 min
[2026-07-24 16:51:29] INFO Epoch 026 | train batch=100/1418 | elapsed=0.7 min | eta=9.5 min
[2026-07-24 16:51:33] INFO Epoch 026 | train batch=110/1418 | elapsed=0.8 min | eta=9.4 min
[2026-07-24 16:51:37] INFO Epoch 026 | train batch=120/1418 | elapsed=0.9 min | eta=9.4 min
[2026-07-24 16:51:42] INFO Epoch 026 | train batch=130/1418 | elapsed=0.9 min | eta=9.3 min
[2026-07-24 16:51:46] INFO Epoch 026 | train batch=140/1418 | elapsed=1.0 min | eta=9.2 min
[2026-07-24 16:51:51] INFO Epoch 026 | train batch=150/1418 | elapsed=1.1 min | eta=9.2 min
[2026-07-24 16:51:55] INFO Epoch 026 | train batch=160/1418 | elapsed=1.2 min | eta=9.1 min
[2026-07-24 16:51:59] INFO Epoch 026 | train batch=170/1418 | elapsed=1.2 min | eta=9.0 min
[2026-07-24 16:52:03] INFO Epoch 026 | train batch=180/1418 | elapsed=1.3 min | eta=8.9 min
[2026-07-24 16:52:07] INFO Epoch 026 | train batch=190/1418 | elapsed=1.4 min | eta=8.8 min
[2026-07-24 16:52:12] INFO Epoch 026 | train batch=200/1418 | elapsed=1.4 min | eta=8.8 min
[2026-07-24 16:52:16] INFO Epoch 026 | train batch=210/1418 | elapsed=1.5 min | eta=8.7 min
[2026-07-24 16:52:20] INFO Epoch 026 | train batch=220/1418 | elapsed=1.6 min | eta=8.6 min
[2026-07-24 16:52:25] INFO Epoch 026 | train batch=230/1418 | elapsed=1.7 min | eta=8.5 min
[2026-07-24 16:52:29] INFO Epoch 026 | train batch=240/1418 | elapsed=1.7 min | eta=8.5 min
[2026-07-24 16:52:33] INFO Epoch 026 | train batch=250/1418 | elapsed=1.8 min | eta=8.4 min
[2026-07-24 16:52:38] INFO Epoch 026 | train batch=260/1418 | elapsed=1.9 min | eta=8.3 min
[2026-07-24 16:52:42] INFO Epoch 026 | train batch=270/1418 | elapsed=1.9 min | eta=8.3 min
[2026-07-24 16:52:47] INFO Epoch 026 | train batch=280/1418 | elapsed=2.0 min | eta=8.2 min
[2026-07-24 16:52:51] INFO Epoch 026 | train batch=290/1418 | elapsed=2.1 min | eta=8.1 min
[2026-07-24 16:52:55] INFO Epoch 026 | train batch=300/1418 | elapsed=2.2 min | eta=8.1 min
[2026-07-24 16:52:59] INFO Epoch 026 | train batch=310/1418 | elapsed=2.2 min | eta=8.0 min
[2026-07-24 16:53:04] INFO Epoch 026 | train batch=320/1418 | elapsed=2.3 min | eta=7.9 min
[2026-07-24 16:53:08] INFO Epoch 026 | train batch=330/1418 | elapsed=2.4 min | eta=7.8 min
[2026-07-24 16:53:12] INFO Epoch 026 | train batch=340/1418 | elapsed=2.5 min | eta=7.8 min
[2026-07-24 16:53:17] INFO Epoch 026 | train batch=350/1418 | elapsed=2.5 min | eta=7.7 min
[2026-07-24 16:53:21] INFO Epoch 026 | train batch=360/1418 | elapsed=2.6 min | eta=7.6 min
[2026-07-24 16:53:26] INFO Epoch 026 | train batch=370/1418 | elapsed=2.7 min | eta=7.6 min
[2026-07-24 16:53:30] INFO Epoch 026 | train batch=380/1418 | elapsed=2.7 min | eta=7.5 min
[2026-07-24 16:53:34] INFO Epoch 026 | train batch=390/1418 | elapsed=2.8 min | eta=7.4 min
[2026-07-24 16:53:39] INFO Epoch 026 | train batch=400/1418 | elapsed=2.9 min | eta=7.3 min
[2026-07-24 16:53:43] INFO Epoch 026 | train batch=410/1418 | elapsed=3.0 min | eta=7.3 min
[2026-07-24 16:53:47] INFO Epoch 026 | train batch=420/1418 | elapsed=3.0 min | eta=7.2 min
[2026-07-24 16:53:51] INFO Epoch 026 | train batch=430/1418 | elapsed=3.1 min | eta=7.1 min
[2026-07-24 16:53:55] INFO Epoch 026 | train batch=440/1418 | elapsed=3.2 min | eta=7.0 min
[2026-07-24 16:54:00] INFO Epoch 026 | train batch=450/1418 | elapsed=3.2 min | eta=7.0 min
[2026-07-24 16:54:04] INFO Epoch 026 | train batch=460/1418 | elapsed=3.3 min | eta=6.9 min
[2026-07-24 16:54:08] INFO Epoch 026 | train batch=470/1418 | elapsed=3.4 min | eta=6.8 min
[2026-07-24 16:54:13] INFO Epoch 026 | train batch=480/1418 | elapsed=3.5 min | eta=6.8 min
[2026-07-24 16:54:17] INFO Epoch 026 | train batch=490/1418 | elapsed=3.5 min | eta=6.7 min
[2026-07-24 16:54:21] INFO Epoch 026 | train batch=500/1418 | elapsed=3.6 min | eta=6.6 min
[2026-07-24 16:54:26] INFO Epoch 026 | train batch=510/1418 | elapsed=3.7 min | eta=6.5 min
[2026-07-24 16:54:30] INFO Epoch 026 | train batch=520/1418 | elapsed=3.7 min | eta=6.5 min
[2026-07-24 16:54:34] INFO Epoch 026 | train batch=530/1418 | elapsed=3.8 min | eta=6.4 min
[2026-07-24 16:54:39] INFO Epoch 026 | train batch=540/1418 | elapsed=3.9 min | eta=6.3 min
[2026-07-24 16:54:43] INFO Epoch 026 | train batch=550/1418 | elapsed=4.0 min | eta=6.2 min
[2026-07-24 16:54:47] INFO Epoch 026 | train batch=560/1418 | elapsed=4.0 min | eta=6.2 min
[2026-07-24 16:54:51] INFO Epoch 026 | train batch=570/1418 | elapsed=4.1 min | eta=6.1 min
[2026-07-24 16:54:56] INFO Epoch 026 | train batch=580/1418 | elapsed=4.2 min | eta=6.0 min
[2026-07-24 16:55:00] INFO Epoch 026 | train batch=590/1418 | elapsed=4.2 min | eta=6.0 min
[2026-07-24 16:55:04] INFO Epoch 026 | train batch=600/1418 | elapsed=4.3 min | eta=5.9 min
[2026-07-24 16:55:08] INFO Epoch 026 | train batch=610/1418 | elapsed=4.4 min | eta=5.8 min
[2026-07-24 16:55:13] INFO Epoch 026 | train batch=620/1418 | elapsed=4.5 min | eta=5.7 min
[2026-07-24 16:55:17] INFO Epoch 026 | train batch=630/1418 | elapsed=4.5 min | eta=5.7 min
[2026-07-24 16:55:21] INFO Epoch 026 | train batch=640/1418 | elapsed=4.6 min | eta=5.6 min
[2026-07-24 16:55:25] INFO Epoch 026 | train batch=650/1418 | elapsed=4.7 min | eta=5.5 min
[2026-07-24 16:55:29] INFO Epoch 026 | train batch=660/1418 | elapsed=4.7 min | eta=5.4 min
[2026-07-24 16:55:34] INFO Epoch 026 | train batch=670/1418 | elapsed=4.8 min | eta=5.4 min
[2026-07-24 16:55:38] INFO Epoch 026 | train batch=680/1418 | elapsed=4.9 min | eta=5.3 min
[2026-07-24 16:55:42] INFO Epoch 026 | train batch=690/1418 | elapsed=4.9 min | eta=5.2 min
[2026-07-24 16:55:46] INFO Epoch 026 | train batch=700/1418 | elapsed=5.0 min | eta=5.1 min
[2026-07-24 16:55:51] INFO Epoch 026 | train batch=710/1418 | elapsed=5.1 min | eta=5.1 min
[2026-07-24 16:55:55] INFO Epoch 026 | train batch=720/1418 | elapsed=5.2 min | eta=5.0 min
[2026-07-24 16:56:00] INFO Epoch 026 | train batch=730/1418 | elapsed=5.2 min | eta=4.9 min
[2026-07-24 16:56:04] INFO Epoch 026 | train batch=740/1418 | elapsed=5.3 min | eta=4.9 min
[2026-07-24 16:56:08] INFO Epoch 026 | train batch=750/1418 | elapsed=5.4 min | eta=4.8 min
[2026-07-24 16:56:12] INFO Epoch 026 | train batch=760/1418 | elapsed=5.4 min | eta=4.7 min
[2026-07-24 16:56:16] INFO Epoch 026 | train batch=770/1418 | elapsed=5.5 min | eta=4.6 min
[2026-07-24 16:56:21] INFO Epoch 026 | train batch=780/1418 | elapsed=5.6 min | eta=4.6 min
[2026-07-24 16:56:25] INFO Epoch 026 | train batch=790/1418 | elapsed=5.7 min | eta=4.5 min
[2026-07-24 16:56:29] INFO Epoch 026 | train batch=800/1418 | elapsed=5.7 min | eta=4.4 min
[2026-07-24 16:56:34] INFO Epoch 026 | train batch=810/1418 | elapsed=5.8 min | eta=4.4 min
[2026-07-24 16:56:38] INFO Epoch 026 | train batch=820/1418 | elapsed=5.9 min | eta=4.3 min
[2026-07-24 16:56:43] INFO Epoch 026 | train batch=830/1418 | elapsed=6.0 min | eta=4.2 min
[2026-07-24 16:56:47] INFO Epoch 026 | train batch=840/1418 | elapsed=6.0 min | eta=4.2 min
[2026-07-24 16:56:52] INFO Epoch 026 | train batch=850/1418 | elapsed=6.1 min | eta=4.1 min
[2026-07-24 16:56:56] INFO Epoch 026 | train batch=860/1418 | elapsed=6.2 min | eta=4.0 min
[2026-07-24 16:57:00] INFO Epoch 026 | train batch=870/1418 | elapsed=6.2 min | eta=3.9 min
[2026-07-24 16:57:05] INFO Epoch 026 | train batch=880/1418 | elapsed=6.3 min | eta=3.9 min
[2026-07-24 16:57:09] INFO Epoch 026 | train batch=890/1418 | elapsed=6.4 min | eta=3.8 min
[2026-07-24 16:57:13] INFO Epoch 026 | train batch=900/1418 | elapsed=6.5 min | eta=3.7 min
[2026-07-24 16:57:18] INFO Epoch 026 | train batch=910/1418 | elapsed=6.5 min | eta=3.7 min
[2026-07-24 16:57:22] INFO Epoch 026 | train batch=920/1418 | elapsed=6.6 min | eta=3.6 min
[2026-07-24 16:57:26] INFO Epoch 026 | train batch=930/1418 | elapsed=6.7 min | eta=3.5 min
[2026-07-24 16:57:31] INFO Epoch 026 | train batch=940/1418 | elapsed=6.8 min | eta=3.4 min
[2026-07-24 16:57:35] INFO Epoch 026 | train batch=950/1418 | elapsed=6.8 min | eta=3.4 min
[2026-07-24 16:57:39] INFO Epoch 026 | train batch=960/1418 | elapsed=6.9 min | eta=3.3 min
[2026-07-24 16:57:44] INFO Epoch 026 | train batch=970/1418 | elapsed=7.0 min | eta=3.2 min
[2026-07-24 16:57:48] INFO Epoch 026 | train batch=980/1418 | elapsed=7.0 min | eta=3.1 min
[2026-07-24 16:57:52] INFO Epoch 026 | train batch=990/1418 | elapsed=7.1 min | eta=3.1 min
[2026-07-24 16:57:57] INFO Epoch 026 | train batch=1000/1418 | elapsed=7.2 min | eta=3.0 min
[2026-07-24 16:58:01] INFO Epoch 026 | train batch=1010/1418 | elapsed=7.3 min | eta=2.9 min
[2026-07-24 16:58:05] INFO Epoch 026 | train batch=1020/1418 | elapsed=7.3 min | eta=2.9 min
[2026-07-24 16:58:09] INFO Epoch 026 | train batch=1030/1418 | elapsed=7.4 min | eta=2.8 min
[2026-07-24 16:58:14] INFO Epoch 026 | train batch=1040/1418 | elapsed=7.5 min | eta=2.7 min
[2026-07-24 16:58:18] INFO Epoch 026 | train batch=1050/1418 | elapsed=7.5 min | eta=2.6 min
[2026-07-24 16:58:22] INFO Epoch 026 | train batch=1060/1418 | elapsed=7.6 min | eta=2.6 min
[2026-07-24 16:58:27] INFO Epoch 026 | train batch=1070/1418 | elapsed=7.7 min | eta=2.5 min
[2026-07-24 16:58:31] INFO Epoch 026 | train batch=1080/1418 | elapsed=7.8 min | eta=2.4 min
[2026-07-24 16:58:35] INFO Epoch 026 | train batch=1090/1418 | elapsed=7.8 min | eta=2.4 min
[2026-07-24 16:58:40] INFO Epoch 026 | train batch=1100/1418 | elapsed=7.9 min | eta=2.3 min
[2026-07-24 16:58:44] INFO Epoch 026 | train batch=1110/1418 | elapsed=8.0 min | eta=2.2 min
[2026-07-24 16:58:49] INFO Epoch 026 | train batch=1120/1418 | elapsed=8.1 min | eta=2.1 min
[2026-07-24 16:58:53] INFO Epoch 026 | train batch=1130/1418 | elapsed=8.1 min | eta=2.1 min
[2026-07-24 16:58:57] INFO Epoch 026 | train batch=1140/1418 | elapsed=8.2 min | eta=2.0 min
[2026-07-24 16:59:01] INFO Epoch 026 | train batch=1150/1418 | elapsed=8.3 min | eta=1.9 min
[2026-07-24 16:59:06] INFO Epoch 026 | train batch=1160/1418 | elapsed=8.3 min | eta=1.9 min
[2026-07-24 16:59:10] INFO Epoch 026 | train batch=1170/1418 | elapsed=8.4 min | eta=1.8 min
[2026-07-24 16:59:15] INFO Epoch 026 | train batch=1180/1418 | elapsed=8.5 min | eta=1.7 min
[2026-07-24 16:59:19] INFO Epoch 026 | train batch=1190/1418 | elapsed=8.6 min | eta=1.6 min
[2026-07-24 16:59:23] INFO Epoch 026 | train batch=1200/1418 | elapsed=8.6 min | eta=1.6 min
[2026-07-24 16:59:27] INFO Epoch 026 | train batch=1210/1418 | elapsed=8.7 min | eta=1.5 min
[2026-07-24 16:59:32] INFO Epoch 026 | train batch=1220/1418 | elapsed=8.8 min | eta=1.4 min
[2026-07-24 16:59:36] INFO Epoch 026 | train batch=1230/1418 | elapsed=8.8 min | eta=1.4 min
[2026-07-24 16:59:40] INFO Epoch 026 | train batch=1240/1418 | elapsed=8.9 min | eta=1.3 min
[2026-07-24 16:59:45] INFO Epoch 026 | train batch=1250/1418 | elapsed=9.0 min | eta=1.2 min
[2026-07-24 16:59:49] INFO Epoch 026 | train batch=1260/1418 | elapsed=9.1 min | eta=1.1 min
[2026-07-24 16:59:53] INFO Epoch 026 | train batch=1270/1418 | elapsed=9.1 min | eta=1.1 min
[2026-07-24 16:59:58] INFO Epoch 026 | train batch=1280/1418 | elapsed=9.2 min | eta=1.0 min
[2026-07-24 17:00:02] INFO Epoch 026 | train batch=1290/1418 | elapsed=9.3 min | eta=0.9 min
[2026-07-24 17:00:07] INFO Epoch 026 | train batch=1300/1418 | elapsed=9.4 min | eta=0.8 min
[2026-07-24 17:00:11] INFO Epoch 026 | train batch=1310/1418 | elapsed=9.4 min | eta=0.8 min
[2026-07-24 17:00:16] INFO Epoch 026 | train batch=1320/1418 | elapsed=9.5 min | eta=0.7 min
[2026-07-24 17:00:20] INFO Epoch 026 | train batch=1330/1418 | elapsed=9.6 min | eta=0.6 min
[2026-07-24 17:00:24] INFO Epoch 026 | train batch=1340/1418 | elapsed=9.7 min | eta=0.6 min
[2026-07-24 17:00:29] INFO Epoch 026 | train batch=1350/1418 | elapsed=9.7 min | eta=0.5 min
[2026-07-24 17:00:33] INFO Epoch 026 | train batch=1360/1418 | elapsed=9.8 min | eta=0.4 min
[2026-07-24 17:00:38] INFO Epoch 026 | train batch=1370/1418 | elapsed=9.9 min | eta=0.3 min
[2026-07-24 17:00:42] INFO Epoch 026 | train batch=1380/1418 | elapsed=9.9 min | eta=0.3 min
[2026-07-24 17:00:46] INFO Epoch 026 | train batch=1390/1418 | elapsed=10.0 min | eta=0.2 min
[2026-07-24 17:00:50] INFO Epoch 026 | train batch=1400/1418 | elapsed=10.1 min | eta=0.1 min
[2026-07-24 17:00:55] INFO Epoch 026 | train batch=1410/1418 | elapsed=10.2 min | eta=0.1 min
[2026-07-24 17:00:58] INFO Epoch 026 | train batch=1418/1418 | elapsed=10.2 min | eta=0.0 min
[2026-07-24 17:00:58] INFO Epoch 026 | val batch=1/188 | elapsed=0.0 min | eta=0.4 min
[2026-07-24 17:01:00] INFO Epoch 026 | val batch=10/188 | elapsed=0.0 min | eta=0.6 min
[2026-07-24 17:01:02] INFO Epoch 026 | val batch=20/188 | elapsed=0.1 min | eta=0.5 min
[2026-07-24 17:01:04] INFO Epoch 026 | val batch=30/188 | elapsed=0.1 min | eta=0.5 min
[2026-07-24 17:01:05] INFO Epoch 026 | val batch=40/188 | elapsed=0.1 min | eta=0.5 min
[2026-07-24 17:01:07] INFO Epoch 026 | val batch=50/188 | elapsed=0.2 min | eta=0.4 min
[2026-07-24 17:01:09] INFO Epoch 026 | val batch=60/188 | elapsed=0.2 min | eta=0.4 min
[2026-07-24 17:01:11] INFO Epoch 026 | val batch=70/188 | elapsed=0.2 min | eta=0.4 min
[2026-07-24 17:01:13] INFO Epoch 026 | val batch=80/188 | elapsed=0.3 min | eta=0.3 min
[2026-07-24 17:01:15] INFO Epoch 026 | val batch=90/188 | elapsed=0.3 min | eta=0.3 min
[2026-07-24 17:01:17] INFO Epoch 026 | val batch=100/188 | elapsed=0.3 min | eta=0.3 min
[2026-07-24 17:01:19] INFO Epoch 026 | val batch=110/188 | elapsed=0.3 min | eta=0.2 min
[2026-07-24 17:01:20] INFO Epoch 026 | val batch=120/188 | elapsed=0.4 min | eta=0.2 min
[2026-07-24 17:01:22] INFO Epoch 026 | val batch=130/188 | elapsed=0.4 min | eta=0.2 min
[2026-07-24 17:01:24] INFO Epoch 026 | val batch=140/188 | elapsed=0.4 min | eta=0.2 min
[2026-07-24 17:01:26] INFO Epoch 026 | val batch=150/188 | elapsed=0.5 min | eta=0.1 min
[2026-07-24 17:01:28] INFO Epoch 026 | val batch=160/188 | elapsed=0.5 min | eta=0.1 min
[2026-07-24 17:01:30] INFO Epoch 026 | val batch=170/188 | elapsed=0.5 min | eta=0.1 min
[2026-07-24 17:01:32] INFO Epoch 026 | val batch=180/188 | elapsed=0.6 min | eta=0.0 min
[2026-07-24 17:01:33] INFO Epoch 026 | val batch=188/188 | elapsed=0.6 min | eta=0.0 min
[2026-07-24 17:01:33] INFO Epoch 026 | train_total=0.430379 | val_total=0.432966 | val_mask=0.224731 | val_retrieval=2.082353 | val_anchors=611264 | val_positive_pairs=0 | val_hard_negatives=0 | val_relation_candidates=7439984 | val_teacher_keff=3.904 | val_student_keff=6.735 | val_masked_positions=42235576 | skipped(train/val)=0/0
[2026-07-24 17:01:33] INFO Epoch 027/050 started | train_batches=1418 | val_batches=188
[2026-07-24 17:01:33] INFO Epoch 027 | train batch=1/1418 | elapsed=0.0 min | eta=11.5 min
[2026-07-24 17:01:37] INFO Epoch 027 | train batch=10/1418 | elapsed=0.1 min | eta=10.4 min
[2026-07-24 17:01:42] INFO Epoch 027 | train batch=20/1418 | elapsed=0.1 min | eta=10.0 min
[2026-07-24 17:01:46] INFO Epoch 027 | train batch=30/1418 | elapsed=0.2 min | eta=9.9 min
[2026-07-24 17:01:50] INFO Epoch 027 | train batch=40/1418 | elapsed=0.3 min | eta=9.9 min
[2026-07-24 17:01:54] INFO Epoch 027 | train batch=50/1418 | elapsed=0.4 min | eta=9.8 min
[2026-07-24 17:01:59] INFO Epoch 027 | train batch=60/1418 | elapsed=0.4 min | eta=9.7 min
[2026-07-24 17:02:03] INFO Epoch 027 | train batch=70/1418 | elapsed=0.5 min | eta=9.7 min
[2026-07-24 17:02:08] INFO Epoch 027 | train batch=80/1418 | elapsed=0.6 min | eta=9.7 min
[2026-07-24 17:02:12] INFO Epoch 027 | train batch=90/1418 | elapsed=0.6 min | eta=9.6 min
[2026-07-24 17:02:16] INFO Epoch 027 | train batch=100/1418 | elapsed=0.7 min | eta=9.5 min
[2026-07-24 17:02:21] INFO Epoch 027 | train batch=110/1418 | elapsed=0.8 min | eta=9.5 min
[2026-07-24 17:02:25] INFO Epoch 027 | train batch=120/1418 | elapsed=0.9 min | eta=9.4 min
[2026-07-24 17:02:29] INFO Epoch 027 | train batch=130/1418 | elapsed=0.9 min | eta=9.3 min
[2026-07-24 17:02:34] INFO Epoch 027 | train batch=140/1418 | elapsed=1.0 min | eta=9.2 min
[2026-07-24 17:02:38] INFO Epoch 027 | train batch=150/1418 | elapsed=1.1 min | eta=9.1 min
[2026-07-24 17:02:42] INFO Epoch 027 | train batch=160/1418 | elapsed=1.1 min | eta=9.0 min
[2026-07-24 17:02:46] INFO Epoch 027 | train batch=170/1418 | elapsed=1.2 min | eta=8.9 min
[2026-07-24 17:02:50] INFO Epoch 027 | train batch=180/1418 | elapsed=1.3 min | eta=8.9 min
[2026-07-24 17:02:55] INFO Epoch 027 | train batch=190/1418 | elapsed=1.4 min | eta=8.8 min
[2026-07-24 17:02:59] INFO Epoch 027 | train batch=200/1418 | elapsed=1.4 min | eta=8.8 min
[2026-07-24 17:03:04] INFO Epoch 027 | train batch=210/1418 | elapsed=1.5 min | eta=8.7 min
[2026-07-24 17:03:08] INFO Epoch 027 | train batch=220/1418 | elapsed=1.6 min | eta=8.6 min
[2026-07-24 17:03:12] INFO Epoch 027 | train batch=230/1418 | elapsed=1.7 min | eta=8.5 min
[2026-07-24 17:03:16] INFO Epoch 027 | train batch=240/1418 | elapsed=1.7 min | eta=8.5 min
[2026-07-24 17:03:20] INFO Epoch 027 | train batch=250/1418 | elapsed=1.8 min | eta=8.4 min
[2026-07-24 17:03:25] INFO Epoch 027 | train batch=260/1418 | elapsed=1.9 min | eta=8.3 min
[2026-07-24 17:03:29] INFO Epoch 027 | train batch=270/1418 | elapsed=1.9 min | eta=8.2 min
[2026-07-24 17:03:33] INFO Epoch 027 | train batch=280/1418 | elapsed=2.0 min | eta=8.1 min
[2026-07-24 17:03:38] INFO Epoch 027 | train batch=290/1418 | elapsed=2.1 min | eta=8.1 min
[2026-07-24 17:03:42] INFO Epoch 027 | train batch=300/1418 | elapsed=2.1 min | eta=8.0 min
[2026-07-24 17:03:46] INFO Epoch 027 | train batch=310/1418 | elapsed=2.2 min | eta=7.9 min
[2026-07-24 17:03:50] INFO Epoch 027 | train batch=320/1418 | elapsed=2.3 min | eta=7.9 min
[2026-07-24 17:03:55] INFO Epoch 027 | train batch=330/1418 | elapsed=2.4 min | eta=7.8 min
[2026-07-24 17:03:59] INFO Epoch 027 | train batch=340/1418 | elapsed=2.4 min | eta=7.7 min
[2026-07-24 17:04:04] INFO Epoch 027 | train batch=350/1418 | elapsed=2.5 min | eta=7.7 min
[2026-07-24 17:04:08] INFO Epoch 027 | train batch=360/1418 | elapsed=2.6 min | eta=7.6 min
[2026-07-24 17:04:12] INFO Epoch 027 | train batch=370/1418 | elapsed=2.6 min | eta=7.5 min
[2026-07-24 17:04:16] INFO Epoch 027 | train batch=380/1418 | elapsed=2.7 min | eta=7.4 min
[2026-07-24 17:04:20] INFO Epoch 027 | train batch=390/1418 | elapsed=2.8 min | eta=7.3 min
[2026-07-24 17:04:24] INFO Epoch 027 | train batch=400/1418 | elapsed=2.9 min | eta=7.3 min
[2026-07-24 17:04:28] INFO Epoch 027 | train batch=410/1418 | elapsed=2.9 min | eta=7.2 min
[2026-07-24 17:04:32] INFO Epoch 027 | train batch=420/1418 | elapsed=3.0 min | eta=7.1 min
[2026-07-24 17:04:37] INFO Epoch 027 | train batch=430/1418 | elapsed=3.1 min | eta=7.0 min
[2026-07-24 17:04:41] INFO Epoch 027 | train batch=440/1418 | elapsed=3.1 min | eta=7.0 min
[2026-07-24 17:04:45] INFO Epoch 027 | train batch=450/1418 | elapsed=3.2 min | eta=6.9 min
[2026-07-24 17:04:50] INFO Epoch 027 | train batch=460/1418 | elapsed=3.3 min | eta=6.8 min
[2026-07-24 17:04:54] INFO Epoch 027 | train batch=470/1418 | elapsed=3.3 min | eta=6.8 min
[2026-07-24 17:04:58] INFO Epoch 027 | train batch=480/1418 | elapsed=3.4 min | eta=6.7 min
[2026-07-24 17:05:02] INFO Epoch 027 | train batch=490/1418 | elapsed=3.5 min | eta=6.6 min
[2026-07-24 17:05:07] INFO Epoch 027 | train batch=500/1418 | elapsed=3.6 min | eta=6.5 min
[2026-07-24 17:05:11] INFO Epoch 027 | train batch=510/1418 | elapsed=3.6 min | eta=6.5 min
[2026-07-24 17:05:15] INFO Epoch 027 | train batch=520/1418 | elapsed=3.7 min | eta=6.4 min
[2026-07-24 17:05:19] INFO Epoch 027 | train batch=530/1418 | elapsed=3.8 min | eta=6.3 min
[2026-07-24 17:05:24] INFO Epoch 027 | train batch=540/1418 | elapsed=3.8 min | eta=6.2 min
[2026-07-24 17:05:28] INFO Epoch 027 | train batch=550/1418 | elapsed=3.9 min | eta=6.2 min
[2026-07-24 17:05:32] INFO Epoch 027 | train batch=560/1418 | elapsed=4.0 min | eta=6.1 min
[2026-07-24 17:05:36] INFO Epoch 027 | train batch=570/1418 | elapsed=4.1 min | eta=6.0 min
[2026-07-24 17:05:41] INFO Epoch 027 | train batch=580/1418 | elapsed=4.1 min | eta=6.0 min
[2026-07-24 17:05:45] INFO Epoch 027 | train batch=590/1418 | elapsed=4.2 min | eta=5.9 min
[2026-07-24 17:05:49] INFO Epoch 027 | train batch=600/1418 | elapsed=4.3 min | eta=5.8 min
[2026-07-24 17:05:53] INFO Epoch 027 | train batch=610/1418 | elapsed=4.3 min | eta=5.7 min
[2026-07-24 17:05:57] INFO Epoch 027 | train batch=620/1418 | elapsed=4.4 min | eta=5.7 min
[2026-07-24 17:06:02] INFO Epoch 027 | train batch=630/1418 | elapsed=4.5 min | eta=5.6 min
[2026-07-24 17:06:06] INFO Epoch 027 | train batch=640/1418 | elapsed=4.6 min | eta=5.5 min
[2026-07-24 17:06:11] INFO Epoch 027 | train batch=650/1418 | elapsed=4.6 min | eta=5.5 min
[2026-07-24 17:06:15] INFO Epoch 027 | train batch=660/1418 | elapsed=4.7 min | eta=5.4 min
[2026-07-24 17:06:20] INFO Epoch 027 | train batch=670/1418 | elapsed=4.8 min | eta=5.3 min
[2026-07-24 17:06:24] INFO Epoch 027 | train batch=680/1418 | elapsed=4.8 min | eta=5.3 min
[2026-07-24 17:06:28] INFO Epoch 027 | train batch=690/1418 | elapsed=4.9 min | eta=5.2 min
[2026-07-24 17:06:32] INFO Epoch 027 | train batch=700/1418 | elapsed=5.0 min | eta=5.1 min
[2026-07-24 17:06:37] INFO Epoch 027 | train batch=710/1418 | elapsed=5.1 min | eta=5.0 min
[2026-07-24 17:06:41] INFO Epoch 027 | train batch=720/1418 | elapsed=5.1 min | eta=5.0 min
[2026-07-24 17:06:45] INFO Epoch 027 | train batch=730/1418 | elapsed=5.2 min | eta=4.9 min
[2026-07-24 17:06:49] INFO Epoch 027 | train batch=740/1418 | elapsed=5.3 min | eta=4.8 min
[2026-07-24 17:06:54] INFO Epoch 027 | train batch=750/1418 | elapsed=5.3 min | eta=4.8 min
[2026-07-24 17:06:58] INFO Epoch 027 | train batch=760/1418 | elapsed=5.4 min | eta=4.7 min
[2026-07-24 17:07:02] INFO Epoch 027 | train batch=770/1418 | elapsed=5.5 min | eta=4.6 min
[2026-07-24 17:07:06] INFO Epoch 027 | train batch=780/1418 | elapsed=5.6 min | eta=4.5 min
[2026-07-24 17:07:11] INFO Epoch 027 | train batch=790/1418 | elapsed=5.6 min | eta=4.5 min
[2026-07-24 17:07:15] INFO Epoch 027 | train batch=800/1418 | elapsed=5.7 min | eta=4.4 min
[2026-07-24 17:07:19] INFO Epoch 027 | train batch=810/1418 | elapsed=5.8 min | eta=4.3 min
[2026-07-24 17:07:23] INFO Epoch 027 | train batch=820/1418 | elapsed=5.8 min | eta=4.3 min
[2026-07-24 17:07:28] INFO Epoch 027 | train batch=830/1418 | elapsed=5.9 min | eta=4.2 min
[2026-07-24 17:07:32] INFO Epoch 027 | train batch=840/1418 | elapsed=6.0 min | eta=4.1 min
[2026-07-24 17:07:36] INFO Epoch 027 | train batch=850/1418 | elapsed=6.1 min | eta=4.0 min
[2026-07-24 17:07:41] INFO Epoch 027 | train batch=860/1418 | elapsed=6.1 min | eta=4.0 min
[2026-07-24 17:07:45] INFO Epoch 027 | train batch=870/1418 | elapsed=6.2 min | eta=3.9 min
[2026-07-24 17:07:50] INFO Epoch 027 | train batch=880/1418 | elapsed=6.3 min | eta=3.8 min
[2026-07-24 17:07:54] INFO Epoch 027 | train batch=890/1418 | elapsed=6.4 min | eta=3.8 min
[2026-07-24 17:07:59] INFO Epoch 027 | train batch=900/1418 | elapsed=6.4 min | eta=3.7 min
[2026-07-24 17:08:03] INFO Epoch 027 | train batch=910/1418 | elapsed=6.5 min | eta=3.6 min
[2026-07-24 17:08:07] INFO Epoch 027 | train batch=920/1418 | elapsed=6.6 min | eta=3.6 min
[2026-07-24 17:08:12] INFO Epoch 027 | train batch=930/1418 | elapsed=6.6 min | eta=3.5 min
[2026-07-24 17:08:16] INFO Epoch 027 | train batch=940/1418 | elapsed=6.7 min | eta=3.4 min
[2026-07-24 17:08:20] INFO Epoch 027 | train batch=950/1418 | elapsed=6.8 min | eta=3.3 min
[2026-07-24 17:08:24] INFO Epoch 027 | train batch=960/1418 | elapsed=6.8 min | eta=3.3 min
[2026-07-24 17:08:28] INFO Epoch 027 | train batch=970/1418 | elapsed=6.9 min | eta=3.2 min
[2026-07-24 17:08:33] INFO Epoch 027 | train batch=980/1418 | elapsed=7.0 min | eta=3.1 min
[2026-07-24 17:08:37] INFO Epoch 027 | train batch=990/1418 | elapsed=7.1 min | eta=3.1 min
[2026-07-24 17:08:42] INFO Epoch 027 | train batch=1000/1418 | elapsed=7.1 min | eta=3.0 min
[2026-07-24 17:08:46] INFO Epoch 027 | train batch=1010/1418 | elapsed=7.2 min | eta=2.9 min
[2026-07-24 17:08:50] INFO Epoch 027 | train batch=1020/1418 | elapsed=7.3 min | eta=2.8 min
[2026-07-24 17:08:54] INFO Epoch 027 | train batch=1030/1418 | elapsed=7.4 min | eta=2.8 min
[2026-07-24 17:08:58] INFO Epoch 027 | train batch=1040/1418 | elapsed=7.4 min | eta=2.7 min
[2026-07-24 17:09:03] INFO Epoch 027 | train batch=1050/1418 | elapsed=7.5 min | eta=2.6 min
[2026-07-24 17:09:07] INFO Epoch 027 | train batch=1060/1418 | elapsed=7.6 min | eta=2.6 min
[2026-07-24 17:09:11] INFO Epoch 027 | train batch=1070/1418 | elapsed=7.6 min | eta=2.5 min
[2026-07-24 17:09:15] INFO Epoch 027 | train batch=1080/1418 | elapsed=7.7 min | eta=2.4 min
[2026-07-24 17:09:20] INFO Epoch 027 | train batch=1090/1418 | elapsed=7.8 min | eta=2.3 min
[2026-07-24 17:09:24] INFO Epoch 027 | train batch=1100/1418 | elapsed=7.8 min | eta=2.3 min
[2026-07-24 17:09:28] INFO Epoch 027 | train batch=1110/1418 | elapsed=7.9 min | eta=2.2 min
[2026-07-24 17:09:32] INFO Epoch 027 | train batch=1120/1418 | elapsed=8.0 min | eta=2.1 min
[2026-07-24 17:09:37] INFO Epoch 027 | train batch=1130/1418 | elapsed=8.1 min | eta=2.1 min
[2026-07-24 17:09:41] INFO Epoch 027 | train batch=1140/1418 | elapsed=8.1 min | eta=2.0 min
[2026-07-24 17:09:45] INFO Epoch 027 | train batch=1150/1418 | elapsed=8.2 min | eta=1.9 min
[2026-07-24 17:09:50] INFO Epoch 027 | train batch=1160/1418 | elapsed=8.3 min | eta=1.8 min
[2026-07-24 17:09:54] INFO Epoch 027 | train batch=1170/1418 | elapsed=8.3 min | eta=1.8 min
[2026-07-24 17:09:58] INFO Epoch 027 | train batch=1180/1418 | elapsed=8.4 min | eta=1.7 min
[2026-07-24 17:10:02] INFO Epoch 027 | train batch=1190/1418 | elapsed=8.5 min | eta=1.6 min
[2026-07-24 17:10:07] INFO Epoch 027 | train batch=1200/1418 | elapsed=8.6 min | eta=1.6 min
[2026-07-24 17:10:11] INFO Epoch 027 | train batch=1210/1418 | elapsed=8.6 min | eta=1.5 min
[2026-07-24 17:10:15] INFO Epoch 027 | train batch=1220/1418 | elapsed=8.7 min | eta=1.4 min
[2026-07-24 17:10:19] INFO Epoch 027 | train batch=1230/1418 | elapsed=8.8 min | eta=1.3 min
[2026-07-24 17:10:24] INFO Epoch 027 | train batch=1240/1418 | elapsed=8.8 min | eta=1.3 min
[2026-07-24 17:10:29] INFO Epoch 027 | train batch=1250/1418 | elapsed=8.9 min | eta=1.2 min
[2026-07-24 17:10:33] INFO Epoch 027 | train batch=1260/1418 | elapsed=9.0 min | eta=1.1 min
[2026-07-24 17:10:37] INFO Epoch 027 | train batch=1270/1418 | elapsed=9.1 min | eta=1.1 min
[2026-07-24 17:10:42] INFO Epoch 027 | train batch=1280/1418 | elapsed=9.1 min | eta=1.0 min
[2026-07-24 17:10:46] INFO Epoch 027 | train batch=1290/1418 | elapsed=9.2 min | eta=0.9 min
[2026-07-24 17:10:51] INFO Epoch 027 | train batch=1300/1418 | elapsed=9.3 min | eta=0.8 min
[2026-07-24 17:10:55] INFO Epoch 027 | train batch=1310/1418 | elapsed=9.4 min | eta=0.8 min
[2026-07-24 17:10:59] INFO Epoch 027 | train batch=1320/1418 | elapsed=9.4 min | eta=0.7 min
[2026-07-24 17:11:04] INFO Epoch 027 | train batch=1330/1418 | elapsed=9.5 min | eta=0.6 min
[2026-07-24 17:11:08] INFO Epoch 027 | train batch=1340/1418 | elapsed=9.6 min | eta=0.6 min
[2026-07-24 17:11:12] INFO Epoch 027 | train batch=1350/1418 | elapsed=9.7 min | eta=0.5 min
[2026-07-24 17:11:16] INFO Epoch 027 | train batch=1360/1418 | elapsed=9.7 min | eta=0.4 min
[2026-07-24 17:11:20] INFO Epoch 027 | train batch=1370/1418 | elapsed=9.8 min | eta=0.3 min
[2026-07-24 17:11:25] INFO Epoch 027 | train batch=1380/1418 | elapsed=9.9 min | eta=0.3 min
[2026-07-24 17:11:29] INFO Epoch 027 | train batch=1390/1418 | elapsed=9.9 min | eta=0.2 min
[2026-07-24 17:11:33] INFO Epoch 027 | train batch=1400/1418 | elapsed=10.0 min | eta=0.1 min
[2026-07-24 17:11:37] INFO Epoch 027 | train batch=1410/1418 | elapsed=10.1 min | eta=0.1 min
[2026-07-24 17:11:41] INFO Epoch 027 | train batch=1418/1418 | elapsed=10.1 min | eta=0.0 min
[2026-07-24 17:11:41] INFO Epoch 027 | val batch=1/188 | elapsed=0.0 min | eta=0.4 min
[2026-07-24 17:11:43] INFO Epoch 027 | val batch=10/188 | elapsed=0.0 min | eta=0.6 min
[2026-07-24 17:11:44] INFO Epoch 027 | val batch=20/188 | elapsed=0.1 min | eta=0.5 min
[2026-07-24 17:11:46] INFO Epoch 027 | val batch=30/188 | elapsed=0.1 min | eta=0.5 min
[2026-07-24 17:11:48] INFO Epoch 027 | val batch=40/188 | elapsed=0.1 min | eta=0.5 min
[2026-07-24 17:11:50] INFO Epoch 027 | val batch=50/188 | elapsed=0.2 min | eta=0.4 min
[2026-07-24 17:11:52] INFO Epoch 027 | val batch=60/188 | elapsed=0.2 min | eta=0.4 min
[2026-07-24 17:11:54] INFO Epoch 027 | val batch=70/188 | elapsed=0.2 min | eta=0.4 min
[2026-07-24 17:11:56] INFO Epoch 027 | val batch=80/188 | elapsed=0.3 min | eta=0.3 min
[2026-07-24 17:11:58] INFO Epoch 027 | val batch=90/188 | elapsed=0.3 min | eta=0.3 min
[2026-07-24 17:11:59] INFO Epoch 027 | val batch=100/188 | elapsed=0.3 min | eta=0.3 min
[2026-07-24 17:12:01] INFO Epoch 027 | val batch=110/188 | elapsed=0.3 min | eta=0.2 min
[2026-07-24 17:12:03] INFO Epoch 027 | val batch=120/188 | elapsed=0.4 min | eta=0.2 min
[2026-07-24 17:12:05] INFO Epoch 027 | val batch=130/188 | elapsed=0.4 min | eta=0.2 min
[2026-07-24 17:12:07] INFO Epoch 027 | val batch=140/188 | elapsed=0.4 min | eta=0.2 min
[2026-07-24 17:12:09] INFO Epoch 027 | val batch=150/188 | elapsed=0.5 min | eta=0.1 min
[2026-07-24 17:12:11] INFO Epoch 027 | val batch=160/188 | elapsed=0.5 min | eta=0.1 min
[2026-07-24 17:12:13] INFO Epoch 027 | val batch=170/188 | elapsed=0.5 min | eta=0.1 min
[2026-07-24 17:12:15] INFO Epoch 027 | val batch=180/188 | elapsed=0.6 min | eta=0.0 min
[2026-07-24 17:12:16] INFO Epoch 027 | val batch=188/188 | elapsed=0.6 min | eta=0.0 min
[2026-07-24 17:12:16] INFO Epoch 027 | train_total=0.435811 | val_total=0.431244 | val_mask=0.224339 | val_retrieval=2.069044 | val_anchors=611264 | val_positive_pairs=0 | val_hard_negatives=0 | val_relation_candidates=7439984 | val_teacher_keff=3.904 | val_student_keff=6.876 | val_masked_positions=42192090 | skipped(train/val)=0/0
[2026-07-24 17:12:16] INFO Epoch 028/050 started | train_batches=1418 | val_batches=188
[2026-07-24 17:12:16] INFO Epoch 028 | train batch=1/1418 | elapsed=0.0 min | eta=9.0 min
[2026-07-24 17:12:20] INFO Epoch 028 | train batch=10/1418 | elapsed=0.1 min | eta=9.8 min
[2026-07-24 17:12:24] INFO Epoch 028 | train batch=20/1418 | elapsed=0.1 min | eta=10.1 min
[2026-07-24 17:12:29] INFO Epoch 028 | train batch=30/1418 | elapsed=0.2 min | eta=10.0 min
[2026-07-24 17:12:33] INFO Epoch 028 | train batch=40/1418 | elapsed=0.3 min | eta=9.8 min
[2026-07-24 17:12:37] INFO Epoch 028 | train batch=50/1418 | elapsed=0.4 min | eta=9.8 min
[2026-07-24 17:12:41] INFO Epoch 028 | train batch=60/1418 | elapsed=0.4 min | eta=9.7 min
[2026-07-24 17:12:46] INFO Epoch 028 | train batch=70/1418 | elapsed=0.5 min | eta=9.6 min
[2026-07-24 17:12:50] INFO Epoch 028 | train batch=80/1418 | elapsed=0.6 min | eta=9.5 min
[2026-07-24 17:12:54] INFO Epoch 028 | train batch=90/1418 | elapsed=0.6 min | eta=9.5 min
[2026-07-24 17:12:58] INFO Epoch 028 | train batch=100/1418 | elapsed=0.7 min | eta=9.4 min
[2026-07-24 17:13:03] INFO Epoch 028 | train batch=110/1418 | elapsed=0.8 min | eta=9.3 min
[2026-07-24 17:13:07] INFO Epoch 028 | train batch=120/1418 | elapsed=0.9 min | eta=9.3 min
[2026-07-24 17:13:11] INFO Epoch 028 | train batch=130/1418 | elapsed=0.9 min | eta=9.2 min
[2026-07-24 17:13:16] INFO Epoch 028 | train batch=140/1418 | elapsed=1.0 min | eta=9.1 min
[2026-07-24 17:13:20] INFO Epoch 028 | train batch=150/1418 | elapsed=1.1 min | eta=9.1 min
[2026-07-24 17:13:25] INFO Epoch 028 | train batch=160/1418 | elapsed=1.1 min | eta=9.0 min
[2026-07-24 17:13:29] INFO Epoch 028 | train batch=170/1418 | elapsed=1.2 min | eta=9.0 min
[2026-07-24 17:13:33] INFO Epoch 028 | train batch=180/1418 | elapsed=1.3 min | eta=8.9 min
[2026-07-24 17:13:38] INFO Epoch 028 | train batch=190/1418 | elapsed=1.4 min | eta=8.8 min
[2026-07-24 17:13:42] INFO Epoch 028 | train batch=200/1418 | elapsed=1.4 min | eta=8.8 min
[2026-07-24 17:13:47] INFO Epoch 028 | train batch=210/1418 | elapsed=1.5 min | eta=8.7 min
[2026-07-24 17:13:51] INFO Epoch 028 | train batch=220/1418 | elapsed=1.6 min | eta=8.6 min
[2026-07-24 17:13:55] INFO Epoch 028 | train batch=230/1418 | elapsed=1.7 min | eta=8.5 min
[2026-07-24 17:13:59] INFO Epoch 028 | train batch=240/1418 | elapsed=1.7 min | eta=8.5 min
[2026-07-24 17:14:03] INFO Epoch 028 | train batch=250/1418 | elapsed=1.8 min | eta=8.4 min
[2026-07-24 17:14:08] INFO Epoch 028 | train batch=260/1418 | elapsed=1.9 min | eta=8.3 min
[2026-07-24 17:14:12] INFO Epoch 028 | train batch=270/1418 | elapsed=1.9 min | eta=8.2 min
[2026-07-24 17:14:16] INFO Epoch 028 | train batch=280/1418 | elapsed=2.0 min | eta=8.1 min
[2026-07-24 17:14:20] INFO Epoch 028 | train batch=290/1418 | elapsed=2.1 min | eta=8.1 min
[2026-07-24 17:14:25] INFO Epoch 028 | train batch=300/1418 | elapsed=2.1 min | eta=8.0 min
[2026-07-24 17:14:29] INFO Epoch 028 | train batch=310/1418 | elapsed=2.2 min | eta=7.9 min
[2026-07-24 17:14:33] INFO Epoch 028 | train batch=320/1418 | elapsed=2.3 min | eta=7.9 min
[2026-07-24 17:14:38] INFO Epoch 028 | train batch=330/1418 | elapsed=2.4 min | eta=7.8 min
[2026-07-24 17:14:42] INFO Epoch 028 | train batch=340/1418 | elapsed=2.4 min | eta=7.7 min
[2026-07-24 17:14:46] INFO Epoch 028 | train batch=350/1418 | elapsed=2.5 min | eta=7.7 min
[2026-07-24 17:14:51] INFO Epoch 028 | train batch=360/1418 | elapsed=2.6 min | eta=7.6 min
[2026-07-24 17:14:55] INFO Epoch 028 | train batch=370/1418 | elapsed=2.7 min | eta=7.5 min
[2026-07-24 17:14:59] INFO Epoch 028 | train batch=380/1418 | elapsed=2.7 min | eta=7.4 min
[2026-07-24 17:15:04] INFO Epoch 028 | train batch=390/1418 | elapsed=2.8 min | eta=7.4 min
[2026-07-24 17:15:08] INFO Epoch 028 | train batch=400/1418 | elapsed=2.9 min | eta=7.3 min
[2026-07-24 17:15:12] INFO Epoch 028 | train batch=410/1418 | elapsed=2.9 min | eta=7.2 min
[2026-07-24 17:15:16] INFO Epoch 028 | train batch=420/1418 | elapsed=3.0 min | eta=7.1 min
[2026-07-24 17:15:20] INFO Epoch 028 | train batch=430/1418 | elapsed=3.1 min | eta=7.1 min
[2026-07-24 17:15:25] INFO Epoch 028 | train batch=440/1418 | elapsed=3.2 min | eta=7.0 min
[2026-07-24 17:15:29] INFO Epoch 028 | train batch=450/1418 | elapsed=3.2 min | eta=6.9 min
[2026-07-24 17:15:33] INFO Epoch 028 | train batch=460/1418 | elapsed=3.3 min | eta=6.9 min
[2026-07-24 17:15:38] INFO Epoch 028 | train batch=470/1418 | elapsed=3.4 min | eta=6.8 min
[2026-07-24 17:15:42] INFO Epoch 028 | train batch=480/1418 | elapsed=3.4 min | eta=6.7 min
[2026-07-24 17:15:46] INFO Epoch 028 | train batch=490/1418 | elapsed=3.5 min | eta=6.6 min
[2026-07-24 17:15:50] INFO Epoch 028 | train batch=500/1418 | elapsed=3.6 min | eta=6.6 min
[2026-07-24 17:15:55] INFO Epoch 028 | train batch=510/1418 | elapsed=3.7 min | eta=6.5 min
[2026-07-24 17:15:59] INFO Epoch 028 | train batch=520/1418 | elapsed=3.7 min | eta=6.4 min
[2026-07-24 17:16:03] INFO Epoch 028 | train batch=530/1418 | elapsed=3.8 min | eta=6.4 min
[2026-07-24 17:16:08] INFO Epoch 028 | train batch=540/1418 | elapsed=3.9 min | eta=6.3 min
[2026-07-24 17:16:12] INFO Epoch 028 | train batch=550/1418 | elapsed=3.9 min | eta=6.2 min
[2026-07-24 17:16:16] INFO Epoch 028 | train batch=560/1418 | elapsed=4.0 min | eta=6.1 min
[2026-07-24 17:16:20] INFO Epoch 028 | train batch=570/1418 | elapsed=4.1 min | eta=6.1 min
[2026-07-24 17:16:25] INFO Epoch 028 | train batch=580/1418 | elapsed=4.1 min | eta=6.0 min
[2026-07-24 17:16:29] INFO Epoch 028 | train batch=590/1418 | elapsed=4.2 min | eta=5.9 min
[2026-07-24 17:16:33] INFO Epoch 028 | train batch=600/1418 | elapsed=4.3 min | eta=5.9 min
[2026-07-24 17:16:37] INFO Epoch 028 | train batch=610/1418 | elapsed=4.4 min | eta=5.8 min
[2026-07-24 17:16:42] INFO Epoch 028 | train batch=620/1418 | elapsed=4.4 min | eta=5.7 min
[2026-07-24 17:16:46] INFO Epoch 028 | train batch=630/1418 | elapsed=4.5 min | eta=5.6 min
[2026-07-24 17:16:50] INFO Epoch 028 | train batch=640/1418 | elapsed=4.6 min | eta=5.6 min
[2026-07-24 17:16:54] INFO Epoch 028 | train batch=650/1418 | elapsed=4.6 min | eta=5.5 min
[2026-07-24 17:16:59] INFO Epoch 028 | train batch=660/1418 | elapsed=4.7 min | eta=5.4 min
[2026-07-24 17:17:03] INFO Epoch 028 | train batch=670/1418 | elapsed=4.8 min | eta=5.3 min
[2026-07-24 17:17:07] INFO Epoch 028 | train batch=680/1418 | elapsed=4.9 min | eta=5.3 min
[2026-07-24 17:17:12] INFO Epoch 028 | train batch=690/1418 | elapsed=4.9 min | eta=5.2 min
[2026-07-24 17:17:16] INFO Epoch 028 | train batch=700/1418 | elapsed=5.0 min | eta=5.1 min
[2026-07-24 17:17:20] INFO Epoch 028 | train batch=710/1418 | elapsed=5.1 min | eta=5.1 min
[2026-07-24 17:17:24] INFO Epoch 028 | train batch=720/1418 | elapsed=5.1 min | eta=5.0 min
[2026-07-24 17:17:28] INFO Epoch 028 | train batch=730/1418 | elapsed=5.2 min | eta=4.9 min
[2026-07-24 17:17:33] INFO Epoch 028 | train batch=740/1418 | elapsed=5.3 min | eta=4.8 min
[2026-07-24 17:17:37] INFO Epoch 028 | train batch=750/1418 | elapsed=5.4 min | eta=4.8 min
[2026-07-24 17:17:41] INFO Epoch 028 | train batch=760/1418 | elapsed=5.4 min | eta=4.7 min
[2026-07-24 17:17:45] INFO Epoch 028 | train batch=770/1418 | elapsed=5.5 min | eta=4.6 min
[2026-07-24 17:17:49] INFO Epoch 028 | train batch=780/1418 | elapsed=5.6 min | eta=4.5 min
[2026-07-24 17:17:54] INFO Epoch 028 | train batch=790/1418 | elapsed=5.6 min | eta=4.5 min
[2026-07-24 17:17:58] INFO Epoch 028 | train batch=800/1418 | elapsed=5.7 min | eta=4.4 min
[2026-07-24 17:18:02] INFO Epoch 028 | train batch=810/1418 | elapsed=5.8 min | eta=4.3 min
[2026-07-24 17:18:07] INFO Epoch 028 | train batch=820/1418 | elapsed=5.8 min | eta=4.3 min
[2026-07-24 17:18:11] INFO Epoch 028 | train batch=830/1418 | elapsed=5.9 min | eta=4.2 min
[2026-07-24 17:18:15] INFO Epoch 028 | train batch=840/1418 | elapsed=6.0 min | eta=4.1 min
[2026-07-24 17:18:19] INFO Epoch 028 | train batch=850/1418 | elapsed=6.1 min | eta=4.0 min
[2026-07-24 17:18:23] INFO Epoch 028 | train batch=860/1418 | elapsed=6.1 min | eta=4.0 min
[2026-07-24 17:18:28] INFO Epoch 028 | train batch=870/1418 | elapsed=6.2 min | eta=3.9 min
[2026-07-24 17:18:32] INFO Epoch 028 | train batch=880/1418 | elapsed=6.3 min | eta=3.8 min
[2026-07-24 17:18:36] INFO Epoch 028 | train batch=890/1418 | elapsed=6.3 min | eta=3.8 min
[2026-07-24 17:18:41] INFO Epoch 028 | train batch=900/1418 | elapsed=6.4 min | eta=3.7 min
[2026-07-24 17:18:45] INFO Epoch 028 | train batch=910/1418 | elapsed=6.5 min | eta=3.6 min
[2026-07-24 17:18:49] INFO Epoch 028 | train batch=920/1418 | elapsed=6.6 min | eta=3.5 min
[2026-07-24 17:18:54] INFO Epoch 028 | train batch=930/1418 | elapsed=6.6 min | eta=3.5 min
[2026-07-24 17:18:58] INFO Epoch 028 | train batch=940/1418 | elapsed=6.7 min | eta=3.4 min
[2026-07-24 17:19:02] INFO Epoch 028 | train batch=950/1418 | elapsed=6.8 min | eta=3.3 min
[2026-07-24 17:19:06] INFO Epoch 028 | train batch=960/1418 | elapsed=6.8 min | eta=3.3 min
[2026-07-24 17:19:11] INFO Epoch 028 | train batch=970/1418 | elapsed=6.9 min | eta=3.2 min
[2026-07-24 17:19:15] INFO Epoch 028 | train batch=980/1418 | elapsed=7.0 min | eta=3.1 min
[2026-07-24 17:19:20] INFO Epoch 028 | train batch=990/1418 | elapsed=7.1 min | eta=3.1 min
[2026-07-24 17:19:24] INFO Epoch 028 | train batch=1000/1418 | elapsed=7.1 min | eta=3.0 min
[2026-07-24 17:19:28] INFO Epoch 028 | train batch=1010/1418 | elapsed=7.2 min | eta=2.9 min
[2026-07-24 17:19:32] INFO Epoch 028 | train batch=1020/1418 | elapsed=7.3 min | eta=2.8 min
[2026-07-24 17:19:37] INFO Epoch 028 | train batch=1030/1418 | elapsed=7.4 min | eta=2.8 min
[2026-07-24 17:19:41] INFO Epoch 028 | train batch=1040/1418 | elapsed=7.4 min | eta=2.7 min
[2026-07-24 17:19:46] INFO Epoch 028 | train batch=1050/1418 | elapsed=7.5 min | eta=2.6 min
[2026-07-24 17:19:50] INFO Epoch 028 | train batch=1060/1418 | elapsed=7.6 min | eta=2.6 min
[2026-07-24 17:19:54] INFO Epoch 028 | train batch=1070/1418 | elapsed=7.6 min | eta=2.5 min
[2026-07-24 17:19:58] INFO Epoch 028 | train batch=1080/1418 | elapsed=7.7 min | eta=2.4 min
[2026-07-24 17:20:02] INFO Epoch 028 | train batch=1090/1418 | elapsed=7.8 min | eta=2.3 min
[2026-07-24 17:20:06] INFO Epoch 028 | train batch=1100/1418 | elapsed=7.8 min | eta=2.3 min
[2026-07-24 17:20:10] INFO Epoch 028 | train batch=1110/1418 | elapsed=7.9 min | eta=2.2 min
[2026-07-24 17:20:14] INFO Epoch 028 | train batch=1120/1418 | elapsed=8.0 min | eta=2.1 min
[2026-07-24 17:20:19] INFO Epoch 028 | train batch=1130/1418 | elapsed=8.1 min | eta=2.1 min
[2026-07-24 17:20:23] INFO Epoch 028 | train batch=1140/1418 | elapsed=8.1 min | eta=2.0 min
[2026-07-24 17:20:27] INFO Epoch 028 | train batch=1150/1418 | elapsed=8.2 min | eta=1.9 min
[2026-07-24 17:20:32] INFO Epoch 028 | train batch=1160/1418 | elapsed=8.3 min | eta=1.8 min
[2026-07-24 17:20:36] INFO Epoch 028 | train batch=1170/1418 | elapsed=8.3 min | eta=1.8 min
[2026-07-24 17:20:40] INFO Epoch 028 | train batch=1180/1418 | elapsed=8.4 min | eta=1.7 min
[2026-07-24 17:20:44] INFO Epoch 028 | train batch=1190/1418 | elapsed=8.5 min | eta=1.6 min
[2026-07-24 17:20:49] INFO Epoch 028 | train batch=1200/1418 | elapsed=8.6 min | eta=1.6 min
[2026-07-24 17:20:53] INFO Epoch 028 | train batch=1210/1418 | elapsed=8.6 min | eta=1.5 min
[2026-07-24 17:20:57] INFO Epoch 028 | train batch=1220/1418 | elapsed=8.7 min | eta=1.4 min
[2026-07-24 17:21:02] INFO Epoch 028 | train batch=1230/1418 | elapsed=8.8 min | eta=1.3 min
[2026-07-24 17:21:06] INFO Epoch 028 | train batch=1240/1418 | elapsed=8.8 min | eta=1.3 min
[2026-07-24 17:21:10] INFO Epoch 028 | train batch=1250/1418 | elapsed=8.9 min | eta=1.2 min
[2026-07-24 17:21:15] INFO Epoch 028 | train batch=1260/1418 | elapsed=9.0 min | eta=1.1 min
[2026-07-24 17:21:18] INFO Epoch 028 | train batch=1270/1418 | elapsed=9.0 min | eta=1.1 min
[2026-07-24 17:21:23] INFO Epoch 028 | train batch=1280/1418 | elapsed=9.1 min | eta=1.0 min
[2026-07-24 17:21:27] INFO Epoch 028 | train batch=1290/1418 | elapsed=9.2 min | eta=0.9 min
[2026-07-24 17:21:31] INFO Epoch 028 | train batch=1300/1418 | elapsed=9.3 min | eta=0.8 min
[2026-07-24 17:21:36] INFO Epoch 028 | train batch=1310/1418 | elapsed=9.3 min | eta=0.8 min
[2026-07-24 17:21:40] INFO Epoch 028 | train batch=1320/1418 | elapsed=9.4 min | eta=0.7 min
[2026-07-24 17:21:44] INFO Epoch 028 | train batch=1330/1418 | elapsed=9.5 min | eta=0.6 min
[2026-07-24 17:21:48] INFO Epoch 028 | train batch=1340/1418 | elapsed=9.5 min | eta=0.6 min
[2026-07-24 17:21:53] INFO Epoch 028 | train batch=1350/1418 | elapsed=9.6 min | eta=0.5 min
[2026-07-24 17:21:57] INFO Epoch 028 | train batch=1360/1418 | elapsed=9.7 min | eta=0.4 min
[2026-07-24 17:22:01] INFO Epoch 028 | train batch=1370/1418 | elapsed=9.8 min | eta=0.3 min
[2026-07-24 17:22:06] INFO Epoch 028 | train batch=1380/1418 | elapsed=9.8 min | eta=0.3 min
[2026-07-24 17:22:10] INFO Epoch 028 | train batch=1390/1418 | elapsed=9.9 min | eta=0.2 min
[2026-07-24 17:22:15] INFO Epoch 028 | train batch=1400/1418 | elapsed=10.0 min | eta=0.1 min
[2026-07-24 17:22:19] INFO Epoch 028 | train batch=1410/1418 | elapsed=10.0 min | eta=0.1 min
[2026-07-24 17:22:22] INFO Epoch 028 | train batch=1418/1418 | elapsed=10.1 min | eta=0.0 min
[2026-07-24 17:22:22] INFO Epoch 028 | val batch=1/188 | elapsed=0.0 min | eta=0.4 min
[2026-07-24 17:22:24] INFO Epoch 028 | val batch=10/188 | elapsed=0.0 min | eta=0.6 min
[2026-07-24 17:22:26] INFO Epoch 028 | val batch=20/188 | elapsed=0.1 min | eta=0.5 min
[2026-07-24 17:22:27] INFO Epoch 028 | val batch=30/188 | elapsed=0.1 min | eta=0.5 min
[2026-07-24 17:22:29] INFO Epoch 028 | val batch=40/188 | elapsed=0.1 min | eta=0.5 min
[2026-07-24 17:22:31] INFO Epoch 028 | val batch=50/188 | elapsed=0.2 min | eta=0.4 min
[2026-07-24 17:22:33] INFO Epoch 028 | val batch=60/188 | elapsed=0.2 min | eta=0.4 min
[2026-07-24 17:22:35] INFO Epoch 028 | val batch=70/188 | elapsed=0.2 min | eta=0.4 min
[2026-07-24 17:22:37] INFO Epoch 028 | val batch=80/188 | elapsed=0.3 min | eta=0.3 min
[2026-07-24 17:22:39] INFO Epoch 028 | val batch=90/188 | elapsed=0.3 min | eta=0.3 min
[2026-07-24 17:22:41] INFO Epoch 028 | val batch=100/188 | elapsed=0.3 min | eta=0.3 min
[2026-07-24 17:22:42] INFO Epoch 028 | val batch=110/188 | elapsed=0.3 min | eta=0.2 min
[2026-07-24 17:22:44] INFO Epoch 028 | val batch=120/188 | elapsed=0.4 min | eta=0.2 min
[2026-07-24 17:22:46] INFO Epoch 028 | val batch=130/188 | elapsed=0.4 min | eta=0.2 min
[2026-07-24 17:22:48] INFO Epoch 028 | val batch=140/188 | elapsed=0.4 min | eta=0.2 min
[2026-07-24 17:22:50] INFO Epoch 028 | val batch=150/188 | elapsed=0.5 min | eta=0.1 min
[2026-07-24 17:22:52] INFO Epoch 028 | val batch=160/188 | elapsed=0.5 min | eta=0.1 min
[2026-07-24 17:22:54] INFO Epoch 028 | val batch=170/188 | elapsed=0.5 min | eta=0.1 min
[2026-07-24 17:22:56] INFO Epoch 028 | val batch=180/188 | elapsed=0.6 min | eta=0.0 min
[2026-07-24 17:22:57] INFO Epoch 028 | val batch=188/188 | elapsed=0.6 min | eta=0.0 min
[2026-07-24 17:22:57] INFO Epoch 028 | train_total=0.434924 | val_total=0.430555 | val_mask=0.223155 | val_retrieval=2.074003 | val_anchors=611264 | val_positive_pairs=0 | val_hard_negatives=0 | val_relation_candidates=7439984 | val_teacher_keff=3.904 | val_student_keff=6.778 | val_masked_positions=42153866 | skipped(train/val)=0/0
[2026-07-24 17:22:57] INFO Epoch 029/050 started | train_batches=1418 | val_batches=188
[2026-07-24 17:22:57] INFO Epoch 029 | train batch=1/1418 | elapsed=0.0 min | eta=11.4 min
[2026-07-24 17:23:01] INFO Epoch 029 | train batch=10/1418 | elapsed=0.1 min | eta=9.6 min
[2026-07-24 17:23:05] INFO Epoch 029 | train batch=20/1418 | elapsed=0.1 min | eta=9.7 min
[2026-07-24 17:23:09] INFO Epoch 029 | train batch=30/1418 | elapsed=0.2 min | eta=9.6 min
[2026-07-24 17:23:14] INFO Epoch 029 | train batch=40/1418 | elapsed=0.3 min | eta=9.6 min
[2026-07-24 17:23:18] INFO Epoch 029 | train batch=50/1418 | elapsed=0.3 min | eta=9.6 min
[2026-07-24 17:23:22] INFO Epoch 029 | train batch=60/1418 | elapsed=0.4 min | eta=9.6 min
[2026-07-24 17:23:26] INFO Epoch 029 | train batch=70/1418 | elapsed=0.5 min | eta=9.5 min
[2026-07-24 17:23:31] INFO Epoch 029 | train batch=80/1418 | elapsed=0.6 min | eta=9.5 min
[2026-07-24 17:23:35] INFO Epoch 029 | train batch=90/1418 | elapsed=0.6 min | eta=9.4 min
[2026-07-24 17:23:39] INFO Epoch 029 | train batch=100/1418 | elapsed=0.7 min | eta=9.3 min
[2026-07-24 17:23:43] INFO Epoch 029 | train batch=110/1418 | elapsed=0.8 min | eta=9.2 min
[2026-07-24 17:23:47] INFO Epoch 029 | train batch=120/1418 | elapsed=0.8 min | eta=9.1 min
[2026-07-24 17:23:52] INFO Epoch 029 | train batch=130/1418 | elapsed=0.9 min | eta=9.0 min
[2026-07-24 17:23:56] INFO Epoch 029 | train batch=140/1418 | elapsed=1.0 min | eta=9.0 min
[2026-07-24 17:24:00] INFO Epoch 029 | train batch=150/1418 | elapsed=1.1 min | eta=8.9 min
[2026-07-24 17:24:05] INFO Epoch 029 | train batch=160/1418 | elapsed=1.1 min | eta=8.9 min
[2026-07-24 17:24:09] INFO Epoch 029 | train batch=170/1418 | elapsed=1.2 min | eta=8.8 min
[2026-07-24 17:24:14] INFO Epoch 029 | train batch=180/1418 | elapsed=1.3 min | eta=8.8 min
[2026-07-24 17:24:18] INFO Epoch 029 | train batch=190/1418 | elapsed=1.3 min | eta=8.7 min
[2026-07-24 17:24:22] INFO Epoch 029 | train batch=200/1418 | elapsed=1.4 min | eta=8.7 min
[2026-07-24 17:24:27] INFO Epoch 029 | train batch=210/1418 | elapsed=1.5 min | eta=8.6 min
[2026-07-24 17:24:31] INFO Epoch 029 | train batch=220/1418 | elapsed=1.6 min | eta=8.5 min
[2026-07-24 17:24:35] INFO Epoch 029 | train batch=230/1418 | elapsed=1.6 min | eta=8.5 min
[2026-07-24 17:24:40] INFO Epoch 029 | train batch=240/1418 | elapsed=1.7 min | eta=8.4 min
[2026-07-24 17:24:44] INFO Epoch 029 | train batch=250/1418 | elapsed=1.8 min | eta=8.3 min
[2026-07-24 17:24:48] INFO Epoch 029 | train batch=260/1418 | elapsed=1.9 min | eta=8.3 min
[2026-07-24 17:24:52] INFO Epoch 029 | train batch=270/1418 | elapsed=1.9 min | eta=8.2 min
[2026-07-24 17:24:57] INFO Epoch 029 | train batch=280/1418 | elapsed=2.0 min | eta=8.1 min
[2026-07-24 17:25:01] INFO Epoch 029 | train batch=290/1418 | elapsed=2.1 min | eta=8.0 min
[2026-07-24 17:25:05] INFO Epoch 029 | train batch=300/1418 | elapsed=2.1 min | eta=8.0 min
[2026-07-24 17:25:10] INFO Epoch 029 | train batch=310/1418 | elapsed=2.2 min | eta=7.9 min
[2026-07-24 17:25:14] INFO Epoch 029 | train batch=320/1418 | elapsed=2.3 min | eta=7.8 min
[2026-07-24 17:25:18] INFO Epoch 029 | train batch=330/1418 | elapsed=2.4 min | eta=7.8 min
[2026-07-24 17:25:22] INFO Epoch 029 | train batch=340/1418 | elapsed=2.4 min | eta=7.7 min
[2026-07-24 17:25:26] INFO Epoch 029 | train batch=350/1418 | elapsed=2.5 min | eta=7.6 min
[2026-07-24 17:25:31] INFO Epoch 029 | train batch=360/1418 | elapsed=2.6 min | eta=7.5 min
[2026-07-24 17:25:35] INFO Epoch 029 | train batch=370/1418 | elapsed=2.6 min | eta=7.5 min
[2026-07-24 17:25:39] INFO Epoch 029 | train batch=380/1418 | elapsed=2.7 min | eta=7.4 min
[2026-07-24 17:25:43] INFO Epoch 029 | train batch=390/1418 | elapsed=2.8 min | eta=7.3 min
[2026-07-24 17:25:48] INFO Epoch 029 | train batch=400/1418 | elapsed=2.8 min | eta=7.2 min
[2026-07-24 17:25:52] INFO Epoch 029 | train batch=410/1418 | elapsed=2.9 min | eta=7.2 min
[2026-07-24 17:25:56] INFO Epoch 029 | train batch=420/1418 | elapsed=3.0 min | eta=7.1 min
[2026-07-24 17:26:00] INFO Epoch 029 | train batch=430/1418 | elapsed=3.1 min | eta=7.0 min
[2026-07-24 17:26:04] INFO Epoch 029 | train batch=440/1418 | elapsed=3.1 min | eta=6.9 min
[2026-07-24 17:26:09] INFO Epoch 029 | train batch=450/1418 | elapsed=3.2 min | eta=6.9 min
[2026-07-24 17:26:13] INFO Epoch 029 | train batch=460/1418 | elapsed=3.3 min | eta=6.8 min
[2026-07-24 17:26:17] INFO Epoch 029 | train batch=470/1418 | elapsed=3.3 min | eta=6.7 min
[2026-07-24 17:26:22] INFO Epoch 029 | train batch=480/1418 | elapsed=3.4 min | eta=6.7 min
[2026-07-24 17:26:26] INFO Epoch 029 | train batch=490/1418 | elapsed=3.5 min | eta=6.6 min
[2026-07-24 17:26:30] INFO Epoch 029 | train batch=500/1418 | elapsed=3.6 min | eta=6.5 min
[2026-07-24 17:26:35] INFO Epoch 029 | train batch=510/1418 | elapsed=3.6 min | eta=6.5 min
[2026-07-24 17:26:38] INFO Epoch 029 | train batch=520/1418 | elapsed=3.7 min | eta=6.4 min
[2026-07-24 17:26:43] INFO Epoch 029 | train batch=530/1418 | elapsed=3.8 min | eta=6.3 min
[2026-07-24 17:26:47] INFO Epoch 029 | train batch=540/1418 | elapsed=3.8 min | eta=6.2 min
[2026-07-24 17:26:51] INFO Epoch 029 | train batch=550/1418 | elapsed=3.9 min | eta=6.2 min
[2026-07-24 17:26:56] INFO Epoch 029 | train batch=560/1418 | elapsed=4.0 min | eta=6.1 min
[2026-07-24 17:27:00] INFO Epoch 029 | train batch=570/1418 | elapsed=4.1 min | eta=6.0 min
[2026-07-24 17:27:04] INFO Epoch 029 | train batch=580/1418 | elapsed=4.1 min | eta=6.0 min
[2026-07-24 17:27:09] INFO Epoch 029 | train batch=590/1418 | elapsed=4.2 min | eta=5.9 min
[2026-07-24 17:27:13] INFO Epoch 029 | train batch=600/1418 | elapsed=4.3 min | eta=5.8 min
[2026-07-24 17:27:17] INFO Epoch 029 | train batch=610/1418 | elapsed=4.3 min | eta=5.7 min
[2026-07-24 17:27:21] INFO Epoch 029 | train batch=620/1418 | elapsed=4.4 min | eta=5.7 min
[2026-07-24 17:27:26] INFO Epoch 029 | train batch=630/1418 | elapsed=4.5 min | eta=5.6 min
[2026-07-24 17:27:30] INFO Epoch 029 | train batch=640/1418 | elapsed=4.5 min | eta=5.5 min
[2026-07-24 17:27:34] INFO Epoch 029 | train batch=650/1418 | elapsed=4.6 min | eta=5.5 min
[2026-07-24 17:27:38] INFO Epoch 029 | train batch=660/1418 | elapsed=4.7 min | eta=5.4 min
[2026-07-24 17:27:43] INFO Epoch 029 | train batch=670/1418 | elapsed=4.8 min | eta=5.3 min
[2026-07-24 17:27:47] INFO Epoch 029 | train batch=680/1418 | elapsed=4.8 min | eta=5.3 min
[2026-07-24 17:27:52] INFO Epoch 029 | train batch=690/1418 | elapsed=4.9 min | eta=5.2 min
[2026-07-24 17:27:56] INFO Epoch 029 | train batch=700/1418 | elapsed=5.0 min | eta=5.1 min
[2026-07-24 17:28:00] INFO Epoch 029 | train batch=710/1418 | elapsed=5.1 min | eta=5.0 min
[2026-07-24 17:28:05] INFO Epoch 029 | train batch=720/1418 | elapsed=5.1 min | eta=5.0 min
[2026-07-24 17:28:09] INFO Epoch 029 | train batch=730/1418 | elapsed=5.2 min | eta=4.9 min
[2026-07-24 17:28:13] INFO Epoch 029 | train batch=740/1418 | elapsed=5.3 min | eta=4.8 min
[2026-07-24 17:28:17] INFO Epoch 029 | train batch=750/1418 | elapsed=5.3 min | eta=4.8 min
[2026-07-24 17:28:22] INFO Epoch 029 | train batch=760/1418 | elapsed=5.4 min | eta=4.7 min
[2026-07-24 17:28:26] INFO Epoch 029 | train batch=770/1418 | elapsed=5.5 min | eta=4.6 min
[2026-07-24 17:28:30] INFO Epoch 029 | train batch=780/1418 | elapsed=5.6 min | eta=4.5 min
[2026-07-24 17:28:35] INFO Epoch 029 | train batch=790/1418 | elapsed=5.6 min | eta=4.5 min
[2026-07-24 17:28:39] INFO Epoch 029 | train batch=800/1418 | elapsed=5.7 min | eta=4.4 min
[2026-07-24 17:28:43] INFO Epoch 029 | train batch=810/1418 | elapsed=5.8 min | eta=4.3 min
[2026-07-24 17:28:47] INFO Epoch 029 | train batch=820/1418 | elapsed=5.8 min | eta=4.3 min
[2026-07-24 17:28:52] INFO Epoch 029 | train batch=830/1418 | elapsed=5.9 min | eta=4.2 min
[2026-07-24 17:28:56] INFO Epoch 029 | train batch=840/1418 | elapsed=6.0 min | eta=4.1 min
[2026-07-24 17:29:01] INFO Epoch 029 | train batch=850/1418 | elapsed=6.1 min | eta=4.1 min
[2026-07-24 17:29:05] INFO Epoch 029 | train batch=860/1418 | elapsed=6.1 min | eta=4.0 min
[2026-07-24 17:29:09] INFO Epoch 029 | train batch=870/1418 | elapsed=6.2 min | eta=3.9 min
[2026-07-24 17:29:14] INFO Epoch 029 | train batch=880/1418 | elapsed=6.3 min | eta=3.8 min
[2026-07-24 17:29:18] INFO Epoch 029 | train batch=890/1418 | elapsed=6.4 min | eta=3.8 min
[2026-07-24 17:29:22] INFO Epoch 029 | train batch=900/1418 | elapsed=6.4 min | eta=3.7 min
[2026-07-24 17:29:27] INFO Epoch 029 | train batch=910/1418 | elapsed=6.5 min | eta=3.6 min
[2026-07-24 17:29:31] INFO Epoch 029 | train batch=920/1418 | elapsed=6.6 min | eta=3.6 min
[2026-07-24 17:29:35] INFO Epoch 029 | train batch=930/1418 | elapsed=6.6 min | eta=3.5 min
[2026-07-24 17:29:40] INFO Epoch 029 | train batch=940/1418 | elapsed=6.7 min | eta=3.4 min
[2026-07-24 17:29:44] INFO Epoch 029 | train batch=950/1418 | elapsed=6.8 min | eta=3.3 min
[2026-07-24 17:29:48] INFO Epoch 029 | train batch=960/1418 | elapsed=6.9 min | eta=3.3 min
[2026-07-24 17:29:53] INFO Epoch 029 | train batch=970/1418 | elapsed=6.9 min | eta=3.2 min
[2026-07-24 17:29:57] INFO Epoch 029 | train batch=980/1418 | elapsed=7.0 min | eta=3.1 min
[2026-07-24 17:30:01] INFO Epoch 029 | train batch=990/1418 | elapsed=7.1 min | eta=3.1 min
[2026-07-24 17:30:05] INFO Epoch 029 | train batch=1000/1418 | elapsed=7.1 min | eta=3.0 min
[2026-07-24 17:30:10] INFO Epoch 029 | train batch=1010/1418 | elapsed=7.2 min | eta=2.9 min
[2026-07-24 17:30:14] INFO Epoch 029 | train batch=1020/1418 | elapsed=7.3 min | eta=2.8 min
[2026-07-24 17:30:18] INFO Epoch 029 | train batch=1030/1418 | elapsed=7.4 min | eta=2.8 min
[2026-07-24 17:30:23] INFO Epoch 029 | train batch=1040/1418 | elapsed=7.4 min | eta=2.7 min
[2026-07-24 17:30:27] INFO Epoch 029 | train batch=1050/1418 | elapsed=7.5 min | eta=2.6 min
[2026-07-24 17:30:31] INFO Epoch 029 | train batch=1060/1418 | elapsed=7.6 min | eta=2.6 min
[2026-07-24 17:30:35] INFO Epoch 029 | train batch=1070/1418 | elapsed=7.6 min | eta=2.5 min
[2026-07-24 17:30:40] INFO Epoch 029 | train batch=1080/1418 | elapsed=7.7 min | eta=2.4 min
[2026-07-24 17:30:44] INFO Epoch 029 | train batch=1090/1418 | elapsed=7.8 min | eta=2.3 min
[2026-07-24 17:30:48] INFO Epoch 029 | train batch=1100/1418 | elapsed=7.9 min | eta=2.3 min
[2026-07-24 17:30:52] INFO Epoch 029 | train batch=1110/1418 | elapsed=7.9 min | eta=2.2 min
[2026-07-24 17:30:57] INFO Epoch 029 | train batch=1120/1418 | elapsed=8.0 min | eta=2.1 min
[2026-07-24 17:31:01] INFO Epoch 029 | train batch=1130/1418 | elapsed=8.1 min | eta=2.1 min
[2026-07-24 17:31:05] INFO Epoch 029 | train batch=1140/1418 | elapsed=8.1 min | eta=2.0 min
[2026-07-24 17:31:09] INFO Epoch 029 | train batch=1150/1418 | elapsed=8.2 min | eta=1.9 min
[2026-07-24 17:31:13] INFO Epoch 029 | train batch=1160/1418 | elapsed=8.3 min | eta=1.8 min
[2026-07-24 17:31:18] INFO Epoch 029 | train batch=1170/1418 | elapsed=8.3 min | eta=1.8 min
[2026-07-24 17:31:22] INFO Epoch 029 | train batch=1180/1418 | elapsed=8.4 min | eta=1.7 min
[2026-07-24 17:31:27] INFO Epoch 029 | train batch=1190/1418 | elapsed=8.5 min | eta=1.6 min
[2026-07-24 17:31:31] INFO Epoch 029 | train batch=1200/1418 | elapsed=8.6 min | eta=1.6 min
[2026-07-24 17:31:35] INFO Epoch 029 | train batch=1210/1418 | elapsed=8.6 min | eta=1.5 min
[2026-07-24 17:31:39] INFO Epoch 029 | train batch=1220/1418 | elapsed=8.7 min | eta=1.4 min
[2026-07-24 17:31:43] INFO Epoch 029 | train batch=1230/1418 | elapsed=8.8 min | eta=1.3 min
[2026-07-24 17:31:48] INFO Epoch 029 | train batch=1240/1418 | elapsed=8.8 min | eta=1.3 min
[2026-07-24 17:31:52] INFO Epoch 029 | train batch=1250/1418 | elapsed=8.9 min | eta=1.2 min
[2026-07-24 17:31:56] INFO Epoch 029 | train batch=1260/1418 | elapsed=9.0 min | eta=1.1 min
[2026-07-24 17:32:00] INFO Epoch 029 | train batch=1270/1418 | elapsed=9.1 min | eta=1.1 min
[2026-07-24 17:32:04] INFO Epoch 029 | train batch=1280/1418 | elapsed=9.1 min | eta=1.0 min
[2026-07-24 17:32:09] INFO Epoch 029 | train batch=1290/1418 | elapsed=9.2 min | eta=0.9 min
[2026-07-24 17:32:13] INFO Epoch 029 | train batch=1300/1418 | elapsed=9.3 min | eta=0.8 min
[2026-07-24 17:32:18] INFO Epoch 029 | train batch=1310/1418 | elapsed=9.3 min | eta=0.8 min
[2026-07-24 17:32:22] INFO Epoch 029 | train batch=1320/1418 | elapsed=9.4 min | eta=0.7 min
[2026-07-24 17:32:26] INFO Epoch 029 | train batch=1330/1418 | elapsed=9.5 min | eta=0.6 min
[2026-07-24 17:32:31] INFO Epoch 029 | train batch=1340/1418 | elapsed=9.6 min | eta=0.6 min
[2026-07-24 17:32:35] INFO Epoch 029 | train batch=1350/1418 | elapsed=9.6 min | eta=0.5 min
[2026-07-24 17:32:40] INFO Epoch 029 | train batch=1360/1418 | elapsed=9.7 min | eta=0.4 min
[2026-07-24 17:32:44] INFO Epoch 029 | train batch=1370/1418 | elapsed=9.8 min | eta=0.3 min
[2026-07-24 17:32:48] INFO Epoch 029 | train batch=1380/1418 | elapsed=9.9 min | eta=0.3 min
[2026-07-24 17:32:53] INFO Epoch 029 | train batch=1390/1418 | elapsed=9.9 min | eta=0.2 min
[2026-07-24 17:32:57] INFO Epoch 029 | train batch=1400/1418 | elapsed=10.0 min | eta=0.1 min
[2026-07-24 17:33:02] INFO Epoch 029 | train batch=1410/1418 | elapsed=10.1 min | eta=0.1 min
[2026-07-24 17:33:05] INFO Epoch 029 | train batch=1418/1418 | elapsed=10.1 min | eta=0.0 min
[2026-07-24 17:33:05] INFO Epoch 029 | val batch=1/188 | elapsed=0.0 min | eta=0.4 min
[2026-07-24 17:33:07] INFO Epoch 029 | val batch=10/188 | elapsed=0.0 min | eta=0.6 min
[2026-07-24 17:33:09] INFO Epoch 029 | val batch=20/188 | elapsed=0.1 min | eta=0.5 min
[2026-07-24 17:33:11] INFO Epoch 029 | val batch=30/188 | elapsed=0.1 min | eta=0.5 min
[2026-07-24 17:33:13] INFO Epoch 029 | val batch=40/188 | elapsed=0.1 min | eta=0.5 min
[2026-07-24 17:33:14] INFO Epoch 029 | val batch=50/188 | elapsed=0.2 min | eta=0.4 min
[2026-07-24 17:33:16] INFO Epoch 029 | val batch=60/188 | elapsed=0.2 min | eta=0.4 min
[2026-07-24 17:33:18] INFO Epoch 029 | val batch=70/188 | elapsed=0.2 min | eta=0.4 min
[2026-07-24 17:33:20] INFO Epoch 029 | val batch=80/188 | elapsed=0.3 min | eta=0.3 min
[2026-07-24 17:33:22] INFO Epoch 029 | val batch=90/188 | elapsed=0.3 min | eta=0.3 min
[2026-07-24 17:33:24] INFO Epoch 029 | val batch=100/188 | elapsed=0.3 min | eta=0.3 min
[2026-07-24 17:33:26] INFO Epoch 029 | val batch=110/188 | elapsed=0.3 min | eta=0.2 min
[2026-07-24 17:33:28] INFO Epoch 029 | val batch=120/188 | elapsed=0.4 min | eta=0.2 min
[2026-07-24 17:33:29] INFO Epoch 029 | val batch=130/188 | elapsed=0.4 min | eta=0.2 min
[2026-07-24 17:33:31] INFO Epoch 029 | val batch=140/188 | elapsed=0.4 min | eta=0.2 min
[2026-07-24 17:33:33] INFO Epoch 029 | val batch=150/188 | elapsed=0.5 min | eta=0.1 min
[2026-07-24 17:33:35] INFO Epoch 029 | val batch=160/188 | elapsed=0.5 min | eta=0.1 min
[2026-07-24 17:33:37] INFO Epoch 029 | val batch=170/188 | elapsed=0.5 min | eta=0.1 min
[2026-07-24 17:33:39] INFO Epoch 029 | val batch=180/188 | elapsed=0.6 min | eta=0.0 min
[2026-07-24 17:33:40] INFO Epoch 029 | val batch=188/188 | elapsed=0.6 min | eta=0.0 min
[2026-07-24 17:33:40] INFO Epoch 029 | train_total=0.432740 | val_total=0.428123 | val_mask=0.220296 | val_retrieval=2.078270 | val_anchors=611264 | val_positive_pairs=0 | val_hard_negatives=0 | val_relation_candidates=7439984 | val_teacher_keff=3.904 | val_student_keff=6.778 | val_masked_positions=42128790 | skipped(train/val)=0/0
[2026-07-24 17:33:40] INFO Epoch 030/050 started | train_batches=1418 | val_batches=188
[2026-07-24 17:33:41] INFO Epoch 030 | train batch=1/1418 | elapsed=0.0 min | eta=11.8 min
[2026-07-24 17:33:45] INFO Epoch 030 | train batch=10/1418 | elapsed=0.1 min | eta=10.9 min
[2026-07-24 17:33:49] INFO Epoch 030 | train batch=20/1418 | elapsed=0.2 min | eta=10.6 min
[2026-07-24 17:33:54] INFO Epoch 030 | train batch=30/1418 | elapsed=0.2 min | eta=10.4 min
[2026-07-24 17:33:58] INFO Epoch 030 | train batch=40/1418 | elapsed=0.3 min | eta=10.2 min
[2026-07-24 17:34:02] INFO Epoch 030 | train batch=50/1418 | elapsed=0.4 min | eta=10.0 min
[2026-07-24 17:34:06] INFO Epoch 030 | train batch=60/1418 | elapsed=0.4 min | eta=9.9 min
[2026-07-24 17:34:11] INFO Epoch 030 | train batch=70/1418 | elapsed=0.5 min | eta=9.8 min
[2026-07-24 17:34:15] INFO Epoch 030 | train batch=80/1418 | elapsed=0.6 min | eta=9.7 min
[2026-07-24 17:34:19] INFO Epoch 030 | train batch=90/1418 | elapsed=0.7 min | eta=9.6 min
[2026-07-24 17:34:24] INFO Epoch 030 | train batch=100/1418 | elapsed=0.7 min | eta=9.5 min
[2026-07-24 17:34:28] INFO Epoch 030 | train batch=110/1418 | elapsed=0.8 min | eta=9.5 min
[2026-07-24 17:34:33] INFO Epoch 030 | train batch=120/1418 | elapsed=0.9 min | eta=9.5 min
[2026-07-24 17:34:37] INFO Epoch 030 | train batch=130/1418 | elapsed=0.9 min | eta=9.3 min
[2026-07-24 17:34:41] INFO Epoch 030 | train batch=140/1418 | elapsed=1.0 min | eta=9.3 min
[2026-07-24 17:34:46] INFO Epoch 030 | train batch=150/1418 | elapsed=1.1 min | eta=9.2 min
[2026-07-24 17:34:50] INFO Epoch 030 | train batch=160/1418 | elapsed=1.2 min | eta=9.1 min
[2026-07-24 17:34:54] INFO Epoch 030 | train batch=170/1418 | elapsed=1.2 min | eta=9.1 min
[2026-07-24 17:34:59] INFO Epoch 030 | train batch=180/1418 | elapsed=1.3 min | eta=9.0 min
[2026-07-24 17:35:03] INFO Epoch 030 | train batch=190/1418 | elapsed=1.4 min | eta=8.9 min
[2026-07-24 17:35:07] INFO Epoch 030 | train batch=200/1418 | elapsed=1.4 min | eta=8.8 min
[2026-07-24 17:35:11] INFO Epoch 030 | train batch=210/1418 | elapsed=1.5 min | eta=8.7 min
[2026-07-24 17:35:15] INFO Epoch 030 | train batch=220/1418 | elapsed=1.6 min | eta=8.6 min
[2026-07-24 17:35:20] INFO Epoch 030 | train batch=230/1418 | elapsed=1.7 min | eta=8.6 min
[2026-07-24 17:35:24] INFO Epoch 030 | train batch=240/1418 | elapsed=1.7 min | eta=8.5 min
[2026-07-24 17:35:28] INFO Epoch 030 | train batch=250/1418 | elapsed=1.8 min | eta=8.4 min
[2026-07-24 17:35:33] INFO Epoch 030 | train batch=260/1418 | elapsed=1.9 min | eta=8.4 min
[2026-07-24 17:35:37] INFO Epoch 030 | train batch=270/1418 | elapsed=1.9 min | eta=8.3 min
[2026-07-24 17:35:41] INFO Epoch 030 | train batch=280/1418 | elapsed=2.0 min | eta=8.2 min
[2026-07-24 17:35:45] INFO Epoch 030 | train batch=290/1418 | elapsed=2.1 min | eta=8.1 min
[2026-07-24 17:35:50] INFO Epoch 030 | train batch=300/1418 | elapsed=2.2 min | eta=8.0 min
[2026-07-24 17:35:54] INFO Epoch 030 | train batch=310/1418 | elapsed=2.2 min | eta=8.0 min
[2026-07-24 17:35:58] INFO Epoch 030 | train batch=320/1418 | elapsed=2.3 min | eta=7.9 min
[2026-07-24 17:36:03] INFO Epoch 030 | train batch=330/1418 | elapsed=2.4 min | eta=7.8 min
[2026-07-24 17:36:07] INFO Epoch 030 | train batch=340/1418 | elapsed=2.4 min | eta=7.7 min
[2026-07-24 17:36:11] INFO Epoch 030 | train batch=350/1418 | elapsed=2.5 min | eta=7.7 min
[2026-07-24 17:36:15] INFO Epoch 030 | train batch=360/1418 | elapsed=2.6 min | eta=7.6 min
[2026-07-24 17:36:19] INFO Epoch 030 | train batch=370/1418 | elapsed=2.7 min | eta=7.5 min
[2026-07-24 17:36:24] INFO Epoch 030 | train batch=380/1418 | elapsed=2.7 min | eta=7.4 min
[2026-07-24 17:36:28] INFO Epoch 030 | train batch=390/1418 | elapsed=2.8 min | eta=7.4 min
[2026-07-24 17:36:32] INFO Epoch 030 | train batch=400/1418 | elapsed=2.9 min | eta=7.3 min
[2026-07-24 17:36:36] INFO Epoch 030 | train batch=410/1418 | elapsed=2.9 min | eta=7.2 min
[2026-07-24 17:36:41] INFO Epoch 030 | train batch=420/1418 | elapsed=3.0 min | eta=7.2 min
[2026-07-24 17:36:45] INFO Epoch 030 | train batch=430/1418 | elapsed=3.1 min | eta=7.1 min
[2026-07-24 17:36:49] INFO Epoch 030 | train batch=440/1418 | elapsed=3.2 min | eta=7.0 min
[2026-07-24 17:36:54] INFO Epoch 030 | train batch=450/1418 | elapsed=3.2 min | eta=6.9 min
[2026-07-24 17:36:58] INFO Epoch 030 | train batch=460/1418 | elapsed=3.3 min | eta=6.9 min
[2026-07-24 17:37:02] INFO Epoch 030 | train batch=470/1418 | elapsed=3.4 min | eta=6.8 min
[2026-07-24 17:37:06] INFO Epoch 030 | train batch=480/1418 | elapsed=3.4 min | eta=6.7 min
[2026-07-24 17:37:11] INFO Epoch 030 | train batch=490/1418 | elapsed=3.5 min | eta=6.7 min
[2026-07-24 17:37:15] INFO Epoch 030 | train batch=500/1418 | elapsed=3.6 min | eta=6.6 min
[2026-07-24 17:37:19] INFO Epoch 030 | train batch=510/1418 | elapsed=3.7 min | eta=6.5 min
[2026-07-24 17:37:24] INFO Epoch 030 | train batch=520/1418 | elapsed=3.7 min | eta=6.4 min
[2026-07-24 17:37:28] INFO Epoch 030 | train batch=530/1418 | elapsed=3.8 min | eta=6.4 min
[2026-07-24 17:37:33] INFO Epoch 030 | train batch=540/1418 | elapsed=3.9 min | eta=6.3 min
[2026-07-24 17:37:37] INFO Epoch 030 | train batch=550/1418 | elapsed=4.0 min | eta=6.2 min
[2026-07-24 17:37:41] INFO Epoch 030 | train batch=560/1418 | elapsed=4.0 min | eta=6.2 min
[2026-07-24 17:37:46] INFO Epoch 030 | train batch=570/1418 | elapsed=4.1 min | eta=6.1 min
[2026-07-24 17:37:50] INFO Epoch 030 | train batch=580/1418 | elapsed=4.2 min | eta=6.0 min
[2026-07-24 17:37:54] INFO Epoch 030 | train batch=590/1418 | elapsed=4.2 min | eta=5.9 min
[2026-07-24 17:37:59] INFO Epoch 030 | train batch=600/1418 | elapsed=4.3 min | eta=5.9 min
[2026-07-24 17:38:03] INFO Epoch 030 | train batch=610/1418 | elapsed=4.4 min | eta=5.8 min
[2026-07-24 17:38:07] INFO Epoch 030 | train batch=620/1418 | elapsed=4.4 min | eta=5.7 min
[2026-07-24 17:38:11] INFO Epoch 030 | train batch=630/1418 | elapsed=4.5 min | eta=5.7 min
[2026-07-24 17:38:16] INFO Epoch 030 | train batch=640/1418 | elapsed=4.6 min | eta=5.6 min
[2026-07-24 17:38:20] INFO Epoch 030 | train batch=650/1418 | elapsed=4.7 min | eta=5.5 min
[2026-07-24 17:38:24] INFO Epoch 030 | train batch=660/1418 | elapsed=4.7 min | eta=5.4 min
[2026-07-24 17:38:28] INFO Epoch 030 | train batch=670/1418 | elapsed=4.8 min | eta=5.4 min
[2026-07-24 17:38:33] INFO Epoch 030 | train batch=680/1418 | elapsed=4.9 min | eta=5.3 min
[2026-07-24 17:38:37] INFO Epoch 030 | train batch=690/1418 | elapsed=4.9 min | eta=5.2 min
[2026-07-24 17:38:41] INFO Epoch 030 | train batch=700/1418 | elapsed=5.0 min | eta=5.1 min
[2026-07-24 17:38:45] INFO Epoch 030 | train batch=710/1418 | elapsed=5.1 min | eta=5.1 min
[2026-07-24 17:38:49] INFO Epoch 030 | train batch=720/1418 | elapsed=5.2 min | eta=5.0 min
[2026-07-24 17:38:54] INFO Epoch 030 | train batch=730/1418 | elapsed=5.2 min | eta=4.9 min
[2026-07-24 17:38:58] INFO Epoch 030 | train batch=740/1418 | elapsed=5.3 min | eta=4.9 min
[2026-07-24 17:39:03] INFO Epoch 030 | train batch=750/1418 | elapsed=5.4 min | eta=4.8 min
[2026-07-24 17:39:07] INFO Epoch 030 | train batch=760/1418 | elapsed=5.4 min | eta=4.7 min
[2026-07-24 17:39:11] INFO Epoch 030 | train batch=770/1418 | elapsed=5.5 min | eta=4.6 min
[2026-07-24 17:39:15] INFO Epoch 030 | train batch=780/1418 | elapsed=5.6 min | eta=4.6 min
[2026-07-24 17:39:20] INFO Epoch 030 | train batch=790/1418 | elapsed=5.7 min | eta=4.5 min
[2026-07-24 17:39:24] INFO Epoch 030 | train batch=800/1418 | elapsed=5.7 min | eta=4.4 min
[2026-07-24 17:39:28] INFO Epoch 030 | train batch=810/1418 | elapsed=5.8 min | eta=4.4 min
[2026-07-24 17:39:33] INFO Epoch 030 | train batch=820/1418 | elapsed=5.9 min | eta=4.3 min
[2026-07-24 17:39:37] INFO Epoch 030 | train batch=830/1418 | elapsed=5.9 min | eta=4.2 min
[2026-07-24 17:39:41] INFO Epoch 030 | train batch=840/1418 | elapsed=6.0 min | eta=4.1 min
[2026-07-24 17:39:46] INFO Epoch 030 | train batch=850/1418 | elapsed=6.1 min | eta=4.1 min
[2026-07-24 17:39:50] INFO Epoch 030 | train batch=860/1418 | elapsed=6.2 min | eta=4.0 min
[2026-07-24 17:39:54] INFO Epoch 030 | train batch=870/1418 | elapsed=6.2 min | eta=3.9 min
[2026-07-24 17:39:58] INFO Epoch 030 | train batch=880/1418 | elapsed=6.3 min | eta=3.9 min
[2026-07-24 17:40:03] INFO Epoch 030 | train batch=890/1418 | elapsed=6.4 min | eta=3.8 min
[2026-07-24 17:40:08] INFO Epoch 030 | train batch=900/1418 | elapsed=6.5 min | eta=3.7 min
[2026-07-24 17:40:12] INFO Epoch 030 | train batch=910/1418 | elapsed=6.5 min | eta=3.6 min
[2026-07-24 17:40:16] INFO Epoch 030 | train batch=920/1418 | elapsed=6.6 min | eta=3.6 min
[2026-07-24 17:40:20] INFO Epoch 030 | train batch=930/1418 | elapsed=6.7 min | eta=3.5 min
[2026-07-24 17:40:25] INFO Epoch 030 | train batch=940/1418 | elapsed=6.7 min | eta=3.4 min
[2026-07-24 17:40:29] INFO Epoch 030 | train batch=950/1418 | elapsed=6.8 min | eta=3.4 min
[2026-07-24 17:40:33] INFO Epoch 030 | train batch=960/1418 | elapsed=6.9 min | eta=3.3 min
[2026-07-24 17:40:38] INFO Epoch 030 | train batch=970/1418 | elapsed=7.0 min | eta=3.2 min
[2026-07-24 17:40:42] INFO Epoch 030 | train batch=980/1418 | elapsed=7.0 min | eta=3.1 min
[2026-07-24 17:40:46] INFO Epoch 030 | train batch=990/1418 | elapsed=7.1 min | eta=3.1 min
[2026-07-24 17:40:50] INFO Epoch 030 | train batch=1000/1418 | elapsed=7.2 min | eta=3.0 min
[2026-07-24 17:40:55] INFO Epoch 030 | train batch=1010/1418 | elapsed=7.2 min | eta=2.9 min
[2026-07-24 17:40:59] INFO Epoch 030 | train batch=1020/1418 | elapsed=7.3 min | eta=2.9 min
[2026-07-24 17:41:03] INFO Epoch 030 | train batch=1030/1418 | elapsed=7.4 min | eta=2.8 min
[2026-07-24 17:41:08] INFO Epoch 030 | train batch=1040/1418 | elapsed=7.5 min | eta=2.7 min
[2026-07-24 17:41:12] INFO Epoch 030 | train batch=1050/1418 | elapsed=7.5 min | eta=2.6 min
[2026-07-24 17:41:16] INFO Epoch 030 | train batch=1060/1418 | elapsed=7.6 min | eta=2.6 min
[2026-07-24 17:41:21] INFO Epoch 030 | train batch=1070/1418 | elapsed=7.7 min | eta=2.5 min
[2026-07-24 17:41:25] INFO Epoch 030 | train batch=1080/1418 | elapsed=7.8 min | eta=2.4 min
[2026-07-24 17:41:29] INFO Epoch 030 | train batch=1090/1418 | elapsed=7.8 min | eta=2.4 min
[2026-07-24 17:41:34] INFO Epoch 030 | train batch=1100/1418 | elapsed=7.9 min | eta=2.3 min
[2026-07-24 17:41:38] INFO Epoch 030 | train batch=1110/1418 | elapsed=8.0 min | eta=2.2 min
[2026-07-24 17:41:42] INFO Epoch 030 | train batch=1120/1418 | elapsed=8.0 min | eta=2.1 min
[2026-07-24 17:41:47] INFO Epoch 030 | train batch=1130/1418 | elapsed=8.1 min | eta=2.1 min
[2026-07-24 17:41:51] INFO Epoch 030 | train batch=1140/1418 | elapsed=8.2 min | eta=2.0 min
[2026-07-24 17:41:55] INFO Epoch 030 | train batch=1150/1418 | elapsed=8.2 min | eta=1.9 min
[2026-07-24 17:42:00] INFO Epoch 030 | train batch=1160/1418 | elapsed=8.3 min | eta=1.9 min
[2026-07-24 17:42:04] INFO Epoch 030 | train batch=1170/1418 | elapsed=8.4 min | eta=1.8 min
[2026-07-24 17:42:08] INFO Epoch 030 | train batch=1180/1418 | elapsed=8.5 min | eta=1.7 min
[2026-07-24 17:42:12] INFO Epoch 030 | train batch=1190/1418 | elapsed=8.5 min | eta=1.6 min
[2026-07-24 17:42:16] INFO Epoch 030 | train batch=1200/1418 | elapsed=8.6 min | eta=1.6 min
[2026-07-24 17:42:21] INFO Epoch 030 | train batch=1210/1418 | elapsed=8.7 min | eta=1.5 min
[2026-07-24 17:42:25] INFO Epoch 030 | train batch=1220/1418 | elapsed=8.8 min | eta=1.4 min
[2026-07-24 17:42:30] INFO Epoch 030 | train batch=1230/1418 | elapsed=8.8 min | eta=1.3 min
[2026-07-24 17:42:34] INFO Epoch 030 | train batch=1240/1418 | elapsed=8.9 min | eta=1.3 min
[2026-07-24 17:42:38] INFO Epoch 030 | train batch=1250/1418 | elapsed=9.0 min | eta=1.2 min
[2026-07-24 17:42:43] INFO Epoch 030 | train batch=1260/1418 | elapsed=9.0 min | eta=1.1 min
[2026-07-24 17:42:47] INFO Epoch 030 | train batch=1270/1418 | elapsed=9.1 min | eta=1.1 min
[2026-07-24 17:42:52] INFO Epoch 030 | train batch=1280/1418 | elapsed=9.2 min | eta=1.0 min
[2026-07-24 17:42:56] INFO Epoch 030 | train batch=1290/1418 | elapsed=9.3 min | eta=0.9 min
[2026-07-24 17:43:01] INFO Epoch 030 | train batch=1300/1418 | elapsed=9.3 min | eta=0.8 min
[2026-07-24 17:43:05] INFO Epoch 030 | train batch=1310/1418 | elapsed=9.4 min | eta=0.8 min
[2026-07-24 17:43:09] INFO Epoch 030 | train batch=1320/1418 | elapsed=9.5 min | eta=0.7 min
[2026-07-24 17:43:14] INFO Epoch 030 | train batch=1330/1418 | elapsed=9.6 min | eta=0.6 min
[2026-07-24 17:43:18] INFO Epoch 030 | train batch=1340/1418 | elapsed=9.6 min | eta=0.6 min
[2026-07-24 17:43:22] INFO Epoch 030 | train batch=1350/1418 | elapsed=9.7 min | eta=0.5 min
[2026-07-24 17:43:26] INFO Epoch 030 | train batch=1360/1418 | elapsed=9.8 min | eta=0.4 min
[2026-07-24 17:43:31] INFO Epoch 030 | train batch=1370/1418 | elapsed=9.8 min | eta=0.3 min
[2026-07-24 17:43:35] INFO Epoch 030 | train batch=1380/1418 | elapsed=9.9 min | eta=0.3 min
[2026-07-24 17:43:40] INFO Epoch 030 | train batch=1390/1418 | elapsed=10.0 min | eta=0.2 min
[2026-07-24 17:43:44] INFO Epoch 030 | train batch=1400/1418 | elapsed=10.1 min | eta=0.1 min
[2026-07-24 17:43:48] INFO Epoch 030 | train batch=1410/1418 | elapsed=10.1 min | eta=0.1 min
[2026-07-24 17:43:51] INFO Epoch 030 | train batch=1418/1418 | elapsed=10.2 min | eta=0.0 min
[2026-07-24 17:43:52] INFO Epoch 030 | val batch=1/188 | elapsed=0.0 min | eta=0.4 min
[2026-07-24 17:43:53] INFO Epoch 030 | val batch=10/188 | elapsed=0.0 min | eta=0.6 min
[2026-07-24 17:43:55] INFO Epoch 030 | val batch=20/188 | elapsed=0.1 min | eta=0.5 min
[2026-07-24 17:43:57] INFO Epoch 030 | val batch=30/188 | elapsed=0.1 min | eta=0.5 min
[2026-07-24 17:43:59] INFO Epoch 030 | val batch=40/188 | elapsed=0.1 min | eta=0.5 min
[2026-07-24 17:44:01] INFO Epoch 030 | val batch=50/188 | elapsed=0.2 min | eta=0.4 min
[2026-07-24 17:44:03] INFO Epoch 030 | val batch=60/188 | elapsed=0.2 min | eta=0.4 min
[2026-07-24 17:44:05] INFO Epoch 030 | val batch=70/188 | elapsed=0.2 min | eta=0.4 min
[2026-07-24 17:44:07] INFO Epoch 030 | val batch=80/188 | elapsed=0.3 min | eta=0.3 min
[2026-07-24 17:44:08] INFO Epoch 030 | val batch=90/188 | elapsed=0.3 min | eta=0.3 min
[2026-07-24 17:44:10] INFO Epoch 030 | val batch=100/188 | elapsed=0.3 min | eta=0.3 min
[2026-07-24 17:44:12] INFO Epoch 030 | val batch=110/188 | elapsed=0.3 min | eta=0.2 min
[2026-07-24 17:44:14] INFO Epoch 030 | val batch=120/188 | elapsed=0.4 min | eta=0.2 min
[2026-07-24 17:44:16] INFO Epoch 030 | val batch=130/188 | elapsed=0.4 min | eta=0.2 min
[2026-07-24 17:44:18] INFO Epoch 030 | val batch=140/188 | elapsed=0.4 min | eta=0.2 min
[2026-07-24 17:44:20] INFO Epoch 030 | val batch=150/188 | elapsed=0.5 min | eta=0.1 min
[2026-07-24 17:44:22] INFO Epoch 030 | val batch=160/188 | elapsed=0.5 min | eta=0.1 min
[2026-07-24 17:44:23] INFO Epoch 030 | val batch=170/188 | elapsed=0.5 min | eta=0.1 min
[2026-07-24 17:44:25] INFO Epoch 030 | val batch=180/188 | elapsed=0.6 min | eta=0.0 min
[2026-07-24 17:44:27] INFO Epoch 030 | val batch=188/188 | elapsed=0.6 min | eta=0.0 min
[2026-07-24 17:44:27] INFO Epoch 030 | train_total=0.431690 | val_total=0.432689 | val_mask=0.224678 | val_retrieval=2.080105 | val_anchors=611264 | val_positive_pairs=0 | val_hard_negatives=0 | val_relation_candidates=7439984 | val_teacher_keff=3.904 | val_student_keff=6.688 | val_masked_positions=42160514 | skipped(train/val)=0/0
[2026-07-24 17:44:27] INFO Epoch 031/050 started | train_batches=1418 | val_batches=188
[2026-07-24 17:44:27] INFO Epoch 031 | train batch=1/1418 | elapsed=0.0 min | eta=11.4 min
[2026-07-24 17:44:31] INFO Epoch 031 | train batch=10/1418 | elapsed=0.1 min | eta=10.1 min
[2026-07-24 17:44:35] INFO Epoch 031 | train batch=20/1418 | elapsed=0.1 min | eta=9.9 min
[2026-07-24 17:44:39] INFO Epoch 031 | train batch=30/1418 | elapsed=0.2 min | eta=9.8 min
[2026-07-24 17:44:44] INFO Epoch 031 | train batch=40/1418 | elapsed=0.3 min | eta=10.0 min
[2026-07-24 17:44:48] INFO Epoch 031 | train batch=50/1418 | elapsed=0.4 min | eta=9.8 min
[2026-07-24 17:44:52] INFO Epoch 031 | train batch=60/1418 | elapsed=0.4 min | eta=9.7 min
[2026-07-24 17:44:56] INFO Epoch 031 | train batch=70/1418 | elapsed=0.5 min | eta=9.5 min
[2026-07-24 17:45:01] INFO Epoch 031 | train batch=80/1418 | elapsed=0.6 min | eta=9.5 min
[2026-07-24 17:45:05] INFO Epoch 031 | train batch=90/1418 | elapsed=0.6 min | eta=9.5 min
[2026-07-24 17:45:09] INFO Epoch 031 | train batch=100/1418 | elapsed=0.7 min | eta=9.4 min
[2026-07-24 17:45:14] INFO Epoch 031 | train batch=110/1418 | elapsed=0.8 min | eta=9.3 min
[2026-07-24 17:45:18] INFO Epoch 031 | train batch=120/1418 | elapsed=0.9 min | eta=9.3 min
[2026-07-24 17:45:22] INFO Epoch 031 | train batch=130/1418 | elapsed=0.9 min | eta=9.2 min
[2026-07-24 17:45:27] INFO Epoch 031 | train batch=140/1418 | elapsed=1.0 min | eta=9.2 min
[2026-07-24 17:45:32] INFO Epoch 031 | train batch=150/1418 | elapsed=1.1 min | eta=9.2 min
[2026-07-24 17:45:36] INFO Epoch 031 | train batch=160/1418 | elapsed=1.2 min | eta=9.1 min
[2026-07-24 17:45:40] INFO Epoch 031 | train batch=170/1418 | elapsed=1.2 min | eta=9.0 min
[2026-07-24 17:45:44] INFO Epoch 031 | train batch=180/1418 | elapsed=1.3 min | eta=8.9 min
[2026-07-24 17:45:48] INFO Epoch 031 | train batch=190/1418 | elapsed=1.4 min | eta=8.8 min
[2026-07-24 17:45:53] INFO Epoch 031 | train batch=200/1418 | elapsed=1.4 min | eta=8.8 min
[2026-07-24 17:45:58] INFO Epoch 031 | train batch=210/1418 | elapsed=1.5 min | eta=8.7 min
[2026-07-24 17:46:02] INFO Epoch 031 | train batch=220/1418 | elapsed=1.6 min | eta=8.6 min
[2026-07-24 17:46:06] INFO Epoch 031 | train batch=230/1418 | elapsed=1.7 min | eta=8.5 min
[2026-07-24 17:46:10] INFO Epoch 031 | train batch=240/1418 | elapsed=1.7 min | eta=8.4 min
[2026-07-24 17:46:14] INFO Epoch 031 | train batch=250/1418 | elapsed=1.8 min | eta=8.4 min
[2026-07-24 17:46:18] INFO Epoch 031 | train batch=260/1418 | elapsed=1.9 min | eta=8.3 min
[2026-07-24 17:46:22] INFO Epoch 031 | train batch=270/1418 | elapsed=1.9 min | eta=8.2 min
[2026-07-24 17:46:27] INFO Epoch 031 | train batch=280/1418 | elapsed=2.0 min | eta=8.1 min
[2026-07-24 17:46:31] INFO Epoch 031 | train batch=290/1418 | elapsed=2.1 min | eta=8.1 min
[2026-07-24 17:46:36] INFO Epoch 031 | train batch=300/1418 | elapsed=2.1 min | eta=8.0 min
[2026-07-24 17:46:40] INFO Epoch 031 | train batch=310/1418 | elapsed=2.2 min | eta=7.9 min
[2026-07-24 17:46:45] INFO Epoch 031 | train batch=320/1418 | elapsed=2.3 min | eta=7.9 min
[2026-07-24 17:46:49] INFO Epoch 031 | train batch=330/1418 | elapsed=2.4 min | eta=7.8 min
[2026-07-24 17:46:53] INFO Epoch 031 | train batch=340/1418 | elapsed=2.4 min | eta=7.8 min
[2026-07-24 17:46:58] INFO Epoch 031 | train batch=350/1418 | elapsed=2.5 min | eta=7.7 min
[2026-07-24 17:47:02] INFO Epoch 031 | train batch=360/1418 | elapsed=2.6 min | eta=7.6 min
[2026-07-24 17:47:07] INFO Epoch 031 | train batch=370/1418 | elapsed=2.7 min | eta=7.5 min
[2026-07-24 17:47:11] INFO Epoch 031 | train batch=380/1418 | elapsed=2.7 min | eta=7.5 min
[2026-07-24 17:47:15] INFO Epoch 031 | train batch=390/1418 | elapsed=2.8 min | eta=7.4 min
[2026-07-24 17:47:20] INFO Epoch 031 | train batch=400/1418 | elapsed=2.9 min | eta=7.3 min
[2026-07-24 17:47:24] INFO Epoch 031 | train batch=410/1418 | elapsed=3.0 min | eta=7.3 min
[2026-07-24 17:47:28] INFO Epoch 031 | train batch=420/1418 | elapsed=3.0 min | eta=7.2 min
[2026-07-24 17:47:33] INFO Epoch 031 | train batch=430/1418 | elapsed=3.1 min | eta=7.1 min
[2026-07-24 17:47:37] INFO Epoch 031 | train batch=440/1418 | elapsed=3.2 min | eta=7.1 min
[2026-07-24 17:47:41] INFO Epoch 031 | train batch=450/1418 | elapsed=3.2 min | eta=7.0 min
[2026-07-24 17:47:45] INFO Epoch 031 | train batch=460/1418 | elapsed=3.3 min | eta=6.9 min
[2026-07-24 17:47:50] INFO Epoch 031 | train batch=470/1418 | elapsed=3.4 min | eta=6.8 min
[2026-07-24 17:47:54] INFO Epoch 031 | train batch=480/1418 | elapsed=3.5 min | eta=6.8 min
[2026-07-24 17:47:59] INFO Epoch 031 | train batch=490/1418 | elapsed=3.5 min | eta=6.7 min
[2026-07-24 17:48:03] INFO Epoch 031 | train batch=500/1418 | elapsed=3.6 min | eta=6.6 min
[2026-07-24 17:48:08] INFO Epoch 031 | train batch=510/1418 | elapsed=3.7 min | eta=6.6 min
[2026-07-24 17:48:12] INFO Epoch 031 | train batch=520/1418 | elapsed=3.8 min | eta=6.5 min
[2026-07-24 17:48:16] INFO Epoch 031 | train batch=530/1418 | elapsed=3.8 min | eta=6.4 min
[2026-07-24 17:48:20] INFO Epoch 031 | train batch=540/1418 | elapsed=3.9 min | eta=6.3 min
[2026-07-24 17:48:25] INFO Epoch 031 | train batch=550/1418 | elapsed=4.0 min | eta=6.3 min
[2026-07-24 17:48:29] INFO Epoch 031 | train batch=560/1418 | elapsed=4.0 min | eta=6.2 min
[2026-07-24 17:48:33] INFO Epoch 031 | train batch=570/1418 | elapsed=4.1 min | eta=6.1 min
[2026-07-24 17:48:37] INFO Epoch 031 | train batch=580/1418 | elapsed=4.2 min | eta=6.0 min
[2026-07-24 17:48:41] INFO Epoch 031 | train batch=590/1418 | elapsed=4.2 min | eta=6.0 min
[2026-07-24 17:48:45] INFO Epoch 031 | train batch=600/1418 | elapsed=4.3 min | eta=5.9 min
[2026-07-24 17:48:50] INFO Epoch 031 | train batch=610/1418 | elapsed=4.4 min | eta=5.8 min
[2026-07-24 17:48:54] INFO Epoch 031 | train batch=620/1418 | elapsed=4.5 min | eta=5.7 min
[2026-07-24 17:48:58] INFO Epoch 031 | train batch=630/1418 | elapsed=4.5 min | eta=5.7 min
[2026-07-24 17:49:03] INFO Epoch 031 | train batch=640/1418 | elapsed=4.6 min | eta=5.6 min
[2026-07-24 17:49:07] INFO Epoch 031 | train batch=650/1418 | elapsed=4.7 min | eta=5.5 min
[2026-07-24 17:49:12] INFO Epoch 031 | train batch=660/1418 | elapsed=4.7 min | eta=5.5 min
[2026-07-24 17:49:16] INFO Epoch 031 | train batch=670/1418 | elapsed=4.8 min | eta=5.4 min
[2026-07-24 17:49:20] INFO Epoch 031 | train batch=680/1418 | elapsed=4.9 min | eta=5.3 min
[2026-07-24 17:49:25] INFO Epoch 031 | train batch=690/1418 | elapsed=5.0 min | eta=5.2 min
[2026-07-24 17:49:29] INFO Epoch 031 | train batch=700/1418 | elapsed=5.0 min | eta=5.2 min
[2026-07-24 17:49:33] INFO Epoch 031 | train batch=710/1418 | elapsed=5.1 min | eta=5.1 min
[2026-07-24 17:49:38] INFO Epoch 031 | train batch=720/1418 | elapsed=5.2 min | eta=5.0 min
[2026-07-24 17:49:42] INFO Epoch 031 | train batch=730/1418 | elapsed=5.3 min | eta=4.9 min
[2026-07-24 17:49:46] INFO Epoch 031 | train batch=740/1418 | elapsed=5.3 min | eta=4.9 min
[2026-07-24 17:49:50] INFO Epoch 031 | train batch=750/1418 | elapsed=5.4 min | eta=4.8 min
[2026-07-24 17:49:54] INFO Epoch 031 | train batch=760/1418 | elapsed=5.5 min | eta=4.7 min
[2026-07-24 17:49:59] INFO Epoch 031 | train batch=770/1418 | elapsed=5.5 min | eta=4.7 min
[2026-07-24 17:50:03] INFO Epoch 031 | train batch=780/1418 | elapsed=5.6 min | eta=4.6 min
[2026-07-24 17:50:07] INFO Epoch 031 | train batch=790/1418 | elapsed=5.7 min | eta=4.5 min
[2026-07-24 17:50:12] INFO Epoch 031 | train batch=800/1418 | elapsed=5.8 min | eta=4.4 min
[2026-07-24 17:50:16] INFO Epoch 031 | train batch=810/1418 | elapsed=5.8 min | eta=4.4 min
[2026-07-24 17:50:21] INFO Epoch 031 | train batch=820/1418 | elapsed=5.9 min | eta=4.3 min
[2026-07-24 17:50:25] INFO Epoch 031 | train batch=830/1418 | elapsed=6.0 min | eta=4.2 min
[2026-07-24 17:50:29] INFO Epoch 031 | train batch=840/1418 | elapsed=6.0 min | eta=4.2 min
[2026-07-24 17:50:34] INFO Epoch 031 | train batch=850/1418 | elapsed=6.1 min | eta=4.1 min
[2026-07-24 17:50:38] INFO Epoch 031 | train batch=860/1418 | elapsed=6.2 min | eta=4.0 min
[2026-07-24 17:50:42] INFO Epoch 031 | train batch=870/1418 | elapsed=6.3 min | eta=3.9 min
[2026-07-24 17:50:46] INFO Epoch 031 | train batch=880/1418 | elapsed=6.3 min | eta=3.9 min
[2026-07-24 17:50:51] INFO Epoch 031 | train batch=890/1418 | elapsed=6.4 min | eta=3.8 min
[2026-07-24 17:50:55] INFO Epoch 031 | train batch=900/1418 | elapsed=6.5 min | eta=3.7 min
[2026-07-24 17:50:59] INFO Epoch 031 | train batch=910/1418 | elapsed=6.5 min | eta=3.7 min
[2026-07-24 17:51:04] INFO Epoch 031 | train batch=920/1418 | elapsed=6.6 min | eta=3.6 min
[2026-07-24 17:51:08] INFO Epoch 031 | train batch=930/1418 | elapsed=6.7 min | eta=3.5 min
[2026-07-24 17:51:12] INFO Epoch 031 | train batch=940/1418 | elapsed=6.8 min | eta=3.4 min
[2026-07-24 17:51:17] INFO Epoch 031 | train batch=950/1418 | elapsed=6.8 min | eta=3.4 min
[2026-07-24 17:51:21] INFO Epoch 031 | train batch=960/1418 | elapsed=6.9 min | eta=3.3 min
[2026-07-24 17:51:25] INFO Epoch 031 | train batch=970/1418 | elapsed=7.0 min | eta=3.2 min
[2026-07-24 17:51:29] INFO Epoch 031 | train batch=980/1418 | elapsed=7.0 min | eta=3.1 min
[2026-07-24 17:51:34] INFO Epoch 031 | train batch=990/1418 | elapsed=7.1 min | eta=3.1 min
[2026-07-24 17:51:38] INFO Epoch 031 | train batch=1000/1418 | elapsed=7.2 min | eta=3.0 min
[2026-07-24 17:51:43] INFO Epoch 031 | train batch=1010/1418 | elapsed=7.3 min | eta=2.9 min
[2026-07-24 17:51:47] INFO Epoch 031 | train batch=1020/1418 | elapsed=7.3 min | eta=2.9 min
[2026-07-24 17:51:51] INFO Epoch 031 | train batch=1030/1418 | elapsed=7.4 min | eta=2.8 min
[2026-07-24 17:51:55] INFO Epoch 031 | train batch=1040/1418 | elapsed=7.5 min | eta=2.7 min
[2026-07-24 17:52:00] INFO Epoch 031 | train batch=1050/1418 | elapsed=7.6 min | eta=2.6 min
[2026-07-24 17:52:04] INFO Epoch 031 | train batch=1060/1418 | elapsed=7.6 min | eta=2.6 min
[2026-07-24 17:52:08] INFO Epoch 031 | train batch=1070/1418 | elapsed=7.7 min | eta=2.5 min
[2026-07-24 17:52:12] INFO Epoch 031 | train batch=1080/1418 | elapsed=7.8 min | eta=2.4 min
[2026-07-24 17:52:16] INFO Epoch 031 | train batch=1090/1418 | elapsed=7.8 min | eta=2.4 min
[2026-07-24 17:52:21] INFO Epoch 031 | train batch=1100/1418 | elapsed=7.9 min | eta=2.3 min
[2026-07-24 17:52:25] INFO Epoch 031 | train batch=1110/1418 | elapsed=8.0 min | eta=2.2 min
[2026-07-24 17:52:29] INFO Epoch 031 | train batch=1120/1418 | elapsed=8.0 min | eta=2.1 min
[2026-07-24 17:52:33] INFO Epoch 031 | train batch=1130/1418 | elapsed=8.1 min | eta=2.1 min
[2026-07-24 17:52:38] INFO Epoch 031 | train batch=1140/1418 | elapsed=8.2 min | eta=2.0 min
[2026-07-24 17:52:42] INFO Epoch 031 | train batch=1150/1418 | elapsed=8.3 min | eta=1.9 min
[2026-07-24 17:52:47] INFO Epoch 031 | train batch=1160/1418 | elapsed=8.3 min | eta=1.9 min
[2026-07-24 17:52:51] INFO Epoch 031 | train batch=1170/1418 | elapsed=8.4 min | eta=1.8 min
[2026-07-24 17:52:55] INFO Epoch 031 | train batch=1180/1418 | elapsed=8.5 min | eta=1.7 min
[2026-07-24 17:53:00] INFO Epoch 031 | train batch=1190/1418 | elapsed=8.5 min | eta=1.6 min
[2026-07-24 17:53:04] INFO Epoch 031 | train batch=1200/1418 | elapsed=8.6 min | eta=1.6 min
[2026-07-24 17:53:08] INFO Epoch 031 | train batch=1210/1418 | elapsed=8.7 min | eta=1.5 min
[2026-07-24 17:53:13] INFO Epoch 031 | train batch=1220/1418 | elapsed=8.8 min | eta=1.4 min
[2026-07-24 17:53:17] INFO Epoch 031 | train batch=1230/1418 | elapsed=8.8 min | eta=1.4 min
[2026-07-24 17:53:21] INFO Epoch 031 | train batch=1240/1418 | elapsed=8.9 min | eta=1.3 min
[2026-07-24 17:53:25] INFO Epoch 031 | train batch=1250/1418 | elapsed=9.0 min | eta=1.2 min
[2026-07-24 17:53:29] INFO Epoch 031 | train batch=1260/1418 | elapsed=9.0 min | eta=1.1 min
[2026-07-24 17:53:34] INFO Epoch 031 | train batch=1270/1418 | elapsed=9.1 min | eta=1.1 min
[2026-07-24 17:53:38] INFO Epoch 031 | train batch=1280/1418 | elapsed=9.2 min | eta=1.0 min
[2026-07-24 17:53:43] INFO Epoch 031 | train batch=1290/1418 | elapsed=9.3 min | eta=0.9 min
[2026-07-24 17:53:47] INFO Epoch 031 | train batch=1300/1418 | elapsed=9.3 min | eta=0.8 min
[2026-07-24 17:53:51] INFO Epoch 031 | train batch=1310/1418 | elapsed=9.4 min | eta=0.8 min
[2026-07-24 17:53:56] INFO Epoch 031 | train batch=1320/1418 | elapsed=9.5 min | eta=0.7 min
[2026-07-24 17:54:00] INFO Epoch 031 | train batch=1330/1418 | elapsed=9.6 min | eta=0.6 min
[2026-07-24 17:54:04] INFO Epoch 031 | train batch=1340/1418 | elapsed=9.6 min | eta=0.6 min
[2026-07-24 17:54:09] INFO Epoch 031 | train batch=1350/1418 | elapsed=9.7 min | eta=0.5 min
[2026-07-24 17:54:13] INFO Epoch 031 | train batch=1360/1418 | elapsed=9.8 min | eta=0.4 min
[2026-07-24 17:54:17] INFO Epoch 031 | train batch=1370/1418 | elapsed=9.8 min | eta=0.3 min
[2026-07-24 17:54:22] INFO Epoch 031 | train batch=1380/1418 | elapsed=9.9 min | eta=0.3 min
[2026-07-24 17:54:26] INFO Epoch 031 | train batch=1390/1418 | elapsed=10.0 min | eta=0.2 min
[2026-07-24 17:54:30] INFO Epoch 031 | train batch=1400/1418 | elapsed=10.1 min | eta=0.1 min
[2026-07-24 17:54:35] INFO Epoch 031 | train batch=1410/1418 | elapsed=10.1 min | eta=0.1 min
[2026-07-24 17:54:38] INFO Epoch 031 | train batch=1418/1418 | elapsed=10.2 min | eta=0.0 min
[2026-07-24 17:54:38] INFO Epoch 031 | val batch=1/188 | elapsed=0.0 min | eta=0.4 min
[2026-07-24 17:54:40] INFO Epoch 031 | val batch=10/188 | elapsed=0.0 min | eta=0.6 min
[2026-07-24 17:54:42] INFO Epoch 031 | val batch=20/188 | elapsed=0.1 min | eta=0.5 min
[2026-07-24 17:54:43] INFO Epoch 031 | val batch=30/188 | elapsed=0.1 min | eta=0.5 min
[2026-07-24 17:54:45] INFO Epoch 031 | val batch=40/188 | elapsed=0.1 min | eta=0.5 min
[2026-07-24 17:54:47] INFO Epoch 031 | val batch=50/188 | elapsed=0.2 min | eta=0.4 min
[2026-07-24 17:54:49] INFO Epoch 031 | val batch=60/188 | elapsed=0.2 min | eta=0.4 min
[2026-07-24 17:54:51] INFO Epoch 031 | val batch=70/188 | elapsed=0.2 min | eta=0.4 min
[2026-07-24 17:54:53] INFO Epoch 031 | val batch=80/188 | elapsed=0.3 min | eta=0.3 min
[2026-07-24 17:54:55] INFO Epoch 031 | val batch=90/188 | elapsed=0.3 min | eta=0.3 min
[2026-07-24 17:54:57] INFO Epoch 031 | val batch=100/188 | elapsed=0.3 min | eta=0.3 min
[2026-07-24 17:54:58] INFO Epoch 031 | val batch=110/188 | elapsed=0.3 min | eta=0.2 min
[2026-07-24 17:55:00] INFO Epoch 031 | val batch=120/188 | elapsed=0.4 min | eta=0.2 min
[2026-07-24 17:55:02] INFO Epoch 031 | val batch=130/188 | elapsed=0.4 min | eta=0.2 min
[2026-07-24 17:55:04] INFO Epoch 031 | val batch=140/188 | elapsed=0.4 min | eta=0.2 min
[2026-07-24 17:55:06] INFO Epoch 031 | val batch=150/188 | elapsed=0.5 min | eta=0.1 min
[2026-07-24 17:55:08] INFO Epoch 031 | val batch=160/188 | elapsed=0.5 min | eta=0.1 min
[2026-07-24 17:55:10] INFO Epoch 031 | val batch=170/188 | elapsed=0.5 min | eta=0.1 min
[2026-07-24 17:55:12] INFO Epoch 031 | val batch=180/188 | elapsed=0.6 min | eta=0.0 min
[2026-07-24 17:55:13] INFO Epoch 031 | val batch=188/188 | elapsed=0.6 min | eta=0.0 min
[2026-07-24 17:55:13] INFO Epoch 031 | train_total=0.437295 | val_total=0.426946 | val_mask=0.220204 | val_retrieval=2.067419 | val_anchors=611264 | val_positive_pairs=0 | val_hard_negatives=0 | val_relation_candidates=7439984 | val_teacher_keff=3.904 | val_student_keff=6.881 | val_masked_positions=42209009 | skipped(train/val)=0/0
[2026-07-24 17:55:13] INFO Checkpoint updated | epoch=31 | best_val=0.426946 | path=C:\Users\clw\projects\researchRep\STAnchor-BlockMemory\artifacts\metrla_e3_relation_seed42\pretrain_best.pt
[2026-07-24 17:55:13] INFO Relation checkpoint updated | epoch=31 | best_val_relation=2.067419 | path=C:\Users\clw\projects\researchRep\STAnchor-BlockMemory\artifacts\metrla_e3_relation_seed42\pretrain_best_relation.pt
[2026-07-24 17:55:13] INFO Epoch 032/050 started | train_batches=1418 | val_batches=188
[2026-07-24 17:55:13] INFO Epoch 032 | train batch=1/1418 | elapsed=0.0 min | eta=11.4 min
[2026-07-24 17:55:18] INFO Epoch 032 | train batch=10/1418 | elapsed=0.1 min | eta=11.1 min
[2026-07-24 17:55:22] INFO Epoch 032 | train batch=20/1418 | elapsed=0.2 min | eta=10.7 min
[2026-07-24 17:55:26] INFO Epoch 032 | train batch=30/1418 | elapsed=0.2 min | eta=10.4 min
[2026-07-24 17:55:31] INFO Epoch 032 | train batch=40/1418 | elapsed=0.3 min | eta=10.4 min
[2026-07-24 17:55:35] INFO Epoch 032 | train batch=50/1418 | elapsed=0.4 min | eta=10.1 min
[2026-07-24 17:55:40] INFO Epoch 032 | train batch=60/1418 | elapsed=0.4 min | eta=10.1 min
[2026-07-24 17:55:44] INFO Epoch 032 | train batch=70/1418 | elapsed=0.5 min | eta=9.9 min
[2026-07-24 17:55:48] INFO Epoch 032 | train batch=80/1418 | elapsed=0.6 min | eta=9.9 min
[2026-07-24 17:55:53] INFO Epoch 032 | train batch=90/1418 | elapsed=0.7 min | eta=9.7 min
[2026-07-24 17:55:57] INFO Epoch 032 | train batch=100/1418 | elapsed=0.7 min | eta=9.6 min
[2026-07-24 17:56:01] INFO Epoch 032 | train batch=110/1418 | elapsed=0.8 min | eta=9.6 min
[2026-07-24 17:56:06] INFO Epoch 032 | train batch=120/1418 | elapsed=0.9 min | eta=9.5 min
[2026-07-24 17:56:10] INFO Epoch 032 | train batch=130/1418 | elapsed=1.0 min | eta=9.4 min
[2026-07-24 17:56:15] INFO Epoch 032 | train batch=140/1418 | elapsed=1.0 min | eta=9.4 min
[2026-07-24 17:56:19] INFO Epoch 032 | train batch=150/1418 | elapsed=1.1 min | eta=9.3 min
[2026-07-24 17:56:23] INFO Epoch 032 | train batch=160/1418 | elapsed=1.2 min | eta=9.2 min
[2026-07-24 17:56:28] INFO Epoch 032 | train batch=170/1418 | elapsed=1.2 min | eta=9.1 min
[2026-07-24 17:56:32] INFO Epoch 032 | train batch=180/1418 | elapsed=1.3 min | eta=9.0 min
[2026-07-24 17:56:36] INFO Epoch 032 | train batch=190/1418 | elapsed=1.4 min | eta=8.9 min
[2026-07-24 17:56:40] INFO Epoch 032 | train batch=200/1418 | elapsed=1.5 min | eta=8.9 min
[2026-07-24 17:56:44] INFO Epoch 032 | train batch=210/1418 | elapsed=1.5 min | eta=8.8 min
[2026-07-24 17:56:49] INFO Epoch 032 | train batch=220/1418 | elapsed=1.6 min | eta=8.7 min
[2026-07-24 17:56:53] INFO Epoch 032 | train batch=230/1418 | elapsed=1.7 min | eta=8.6 min
[2026-07-24 17:56:58] INFO Epoch 032 | train batch=240/1418 | elapsed=1.7 min | eta=8.6 min
[2026-07-24 17:57:02] INFO Epoch 032 | train batch=250/1418 | elapsed=1.8 min | eta=8.5 min
[2026-07-24 17:57:07] INFO Epoch 032 | train batch=260/1418 | elapsed=1.9 min | eta=8.5 min
[2026-07-24 17:57:11] INFO Epoch 032 | train batch=270/1418 | elapsed=2.0 min | eta=8.4 min
[2026-07-24 17:57:16] INFO Epoch 032 | train batch=280/1418 | elapsed=2.0 min | eta=8.3 min
[2026-07-24 17:57:20] INFO Epoch 032 | train batch=290/1418 | elapsed=2.1 min | eta=8.2 min
[2026-07-24 17:57:24] INFO Epoch 032 | train batch=300/1418 | elapsed=2.2 min | eta=8.2 min
[2026-07-24 17:57:28] INFO Epoch 032 | train batch=310/1418 | elapsed=2.3 min | eta=8.1 min
[2026-07-24 17:57:33] INFO Epoch 032 | train batch=320/1418 | elapsed=2.3 min | eta=8.0 min
[2026-07-24 17:57:37] INFO Epoch 032 | train batch=330/1418 | elapsed=2.4 min | eta=7.9 min
[2026-07-24 17:57:42] INFO Epoch 032 | train batch=340/1418 | elapsed=2.5 min | eta=7.9 min
[2026-07-24 17:57:46] INFO Epoch 032 | train batch=350/1418 | elapsed=2.5 min | eta=7.8 min
[2026-07-24 17:57:50] INFO Epoch 032 | train batch=360/1418 | elapsed=2.6 min | eta=7.7 min
[2026-07-24 17:57:55] INFO Epoch 032 | train batch=370/1418 | elapsed=2.7 min | eta=7.6 min
[2026-07-24 17:57:59] INFO Epoch 032 | train batch=380/1418 | elapsed=2.8 min | eta=7.6 min
[2026-07-24 17:58:03] INFO Epoch 032 | train batch=390/1418 | elapsed=2.8 min | eta=7.5 min
[2026-07-24 17:58:08] INFO Epoch 032 | train batch=400/1418 | elapsed=2.9 min | eta=7.4 min
[2026-07-24 17:58:12] INFO Epoch 032 | train batch=410/1418 | elapsed=3.0 min | eta=7.3 min
[2026-07-24 17:58:17] INFO Epoch 032 | train batch=420/1418 | elapsed=3.1 min | eta=7.3 min
[2026-07-24 17:58:21] INFO Epoch 032 | train batch=430/1418 | elapsed=3.1 min | eta=7.2 min
[2026-07-24 17:58:25] INFO Epoch 032 | train batch=440/1418 | elapsed=3.2 min | eta=7.1 min
[2026-07-24 17:58:29] INFO Epoch 032 | train batch=450/1418 | elapsed=3.3 min | eta=7.0 min
[2026-07-24 17:58:34] INFO Epoch 032 | train batch=460/1418 | elapsed=3.3 min | eta=7.0 min
[2026-07-24 17:58:38] INFO Epoch 032 | train batch=470/1418 | elapsed=3.4 min | eta=6.9 min
[2026-07-24 17:58:42] INFO Epoch 032 | train batch=480/1418 | elapsed=3.5 min | eta=6.8 min
[2026-07-24 17:58:47] INFO Epoch 032 | train batch=490/1418 | elapsed=3.6 min | eta=6.7 min
[2026-07-24 17:58:51] INFO Epoch 032 | train batch=500/1418 | elapsed=3.6 min | eta=6.7 min
[2026-07-24 17:58:56] INFO Epoch 032 | train batch=510/1418 | elapsed=3.7 min | eta=6.6 min
[2026-07-24 17:59:00] INFO Epoch 032 | train batch=520/1418 | elapsed=3.8 min | eta=6.5 min
[2026-07-24 17:59:04] INFO Epoch 032 | train batch=530/1418 | elapsed=3.9 min | eta=6.5 min
[2026-07-24 17:59:08] INFO Epoch 032 | train batch=540/1418 | elapsed=3.9 min | eta=6.4 min
[2026-07-24 17:59:12] INFO Epoch 032 | train batch=550/1418 | elapsed=4.0 min | eta=6.3 min
[2026-07-24 17:59:17] INFO Epoch 032 | train batch=560/1418 | elapsed=4.1 min | eta=6.2 min
[2026-07-24 17:59:22] INFO Epoch 032 | train batch=570/1418 | elapsed=4.1 min | eta=6.2 min
[2026-07-24 17:59:26] INFO Epoch 032 | train batch=580/1418 | elapsed=4.2 min | eta=6.1 min
[2026-07-24 17:59:30] INFO Epoch 032 | train batch=590/1418 | elapsed=4.3 min | eta=6.0 min
[2026-07-24 17:59:35] INFO Epoch 032 | train batch=600/1418 | elapsed=4.4 min | eta=5.9 min
[2026-07-24 17:59:39] INFO Epoch 032 | train batch=610/1418 | elapsed=4.4 min | eta=5.9 min
[2026-07-24 17:59:43] INFO Epoch 032 | train batch=620/1418 | elapsed=4.5 min | eta=5.8 min
[2026-07-24 17:59:48] INFO Epoch 032 | train batch=630/1418 | elapsed=4.6 min | eta=5.7 min
[2026-07-24 17:59:52] INFO Epoch 032 | train batch=640/1418 | elapsed=4.7 min | eta=5.7 min
[2026-07-24 17:59:56] INFO Epoch 032 | train batch=650/1418 | elapsed=4.7 min | eta=5.6 min
[2026-07-24 18:00:01] INFO Epoch 032 | train batch=660/1418 | elapsed=4.8 min | eta=5.5 min
[2026-07-24 18:00:05] INFO Epoch 032 | train batch=670/1418 | elapsed=4.9 min | eta=5.4 min
[2026-07-24 18:00:10] INFO Epoch 032 | train batch=680/1418 | elapsed=4.9 min | eta=5.4 min
[2026-07-24 18:00:14] INFO Epoch 032 | train batch=690/1418 | elapsed=5.0 min | eta=5.3 min
[2026-07-24 18:00:18] INFO Epoch 032 | train batch=700/1418 | elapsed=5.1 min | eta=5.2 min
[2026-07-24 18:00:22] INFO Epoch 032 | train batch=710/1418 | elapsed=5.2 min | eta=5.1 min
[2026-07-24 18:00:27] INFO Epoch 032 | train batch=720/1418 | elapsed=5.2 min | eta=5.1 min
[2026-07-24 18:00:31] INFO Epoch 032 | train batch=730/1418 | elapsed=5.3 min | eta=5.0 min
[2026-07-24 18:00:35] INFO Epoch 032 | train batch=740/1418 | elapsed=5.4 min | eta=4.9 min
[2026-07-24 18:00:40] INFO Epoch 032 | train batch=750/1418 | elapsed=5.4 min | eta=4.8 min
[2026-07-24 18:00:44] INFO Epoch 032 | train batch=760/1418 | elapsed=5.5 min | eta=4.8 min
[2026-07-24 18:00:48] INFO Epoch 032 | train batch=770/1418 | elapsed=5.6 min | eta=4.7 min
[2026-07-24 18:00:53] INFO Epoch 032 | train batch=780/1418 | elapsed=5.7 min | eta=4.6 min
[2026-07-24 18:00:57] INFO Epoch 032 | train batch=790/1418 | elapsed=5.7 min | eta=4.6 min
[2026-07-24 18:01:01] INFO Epoch 032 | train batch=800/1418 | elapsed=5.8 min | eta=4.5 min
[2026-07-24 18:01:06] INFO Epoch 032 | train batch=810/1418 | elapsed=5.9 min | eta=4.4 min
[2026-07-24 18:01:10] INFO Epoch 032 | train batch=820/1418 | elapsed=6.0 min | eta=4.3 min
[2026-07-24 18:01:14] INFO Epoch 032 | train batch=830/1418 | elapsed=6.0 min | eta=4.3 min
[2026-07-24 18:01:19] INFO Epoch 032 | train batch=840/1418 | elapsed=6.1 min | eta=4.2 min
[2026-07-24 18:01:23] INFO Epoch 032 | train batch=850/1418 | elapsed=6.2 min | eta=4.1 min
[2026-07-24 18:01:27] INFO Epoch 032 | train batch=860/1418 | elapsed=6.2 min | eta=4.0 min
[2026-07-24 18:01:31] INFO Epoch 032 | train batch=870/1418 | elapsed=6.3 min | eta=4.0 min
[2026-07-24 18:01:35] INFO Epoch 032 | train batch=880/1418 | elapsed=6.4 min | eta=3.9 min
[2026-07-24 18:01:40] INFO Epoch 032 | train batch=890/1418 | elapsed=6.4 min | eta=3.8 min
[2026-07-24 18:01:44] INFO Epoch 032 | train batch=900/1418 | elapsed=6.5 min | eta=3.7 min
[2026-07-24 18:01:48] INFO Epoch 032 | train batch=910/1418 | elapsed=6.6 min | eta=3.7 min
[2026-07-24 18:01:52] INFO Epoch 032 | train batch=920/1418 | elapsed=6.7 min | eta=3.6 min
[2026-07-24 18:01:57] INFO Epoch 032 | train batch=930/1418 | elapsed=6.7 min | eta=3.5 min
[2026-07-24 18:02:01] INFO Epoch 032 | train batch=940/1418 | elapsed=6.8 min | eta=3.5 min
[2026-07-24 18:02:06] INFO Epoch 032 | train batch=950/1418 | elapsed=6.9 min | eta=3.4 min
[2026-07-24 18:02:10] INFO Epoch 032 | train batch=960/1418 | elapsed=6.9 min | eta=3.3 min
[2026-07-24 18:02:14] INFO Epoch 032 | train batch=970/1418 | elapsed=7.0 min | eta=3.2 min
[2026-07-24 18:02:19] INFO Epoch 032 | train batch=980/1418 | elapsed=7.1 min | eta=3.2 min
[2026-07-24 18:02:23] INFO Epoch 032 | train batch=990/1418 | elapsed=7.2 min | eta=3.1 min
[2026-07-24 18:02:28] INFO Epoch 032 | train batch=1000/1418 | elapsed=7.2 min | eta=3.0 min
[2026-07-24 18:02:32] INFO Epoch 032 | train batch=1010/1418 | elapsed=7.3 min | eta=3.0 min
[2026-07-24 18:02:36] INFO Epoch 032 | train batch=1020/1418 | elapsed=7.4 min | eta=2.9 min
[2026-07-24 18:02:41] INFO Epoch 032 | train batch=1030/1418 | elapsed=7.5 min | eta=2.8 min
[2026-07-24 18:02:46] INFO Epoch 032 | train batch=1040/1418 | elapsed=7.5 min | eta=2.7 min
[2026-07-24 18:02:50] INFO Epoch 032 | train batch=1050/1418 | elapsed=7.6 min | eta=2.7 min
[2026-07-24 18:02:55] INFO Epoch 032 | train batch=1060/1418 | elapsed=7.7 min | eta=2.6 min
[2026-07-24 18:02:59] INFO Epoch 032 | train batch=1070/1418 | elapsed=7.8 min | eta=2.5 min
[2026-07-24 18:03:04] INFO Epoch 032 | train batch=1080/1418 | elapsed=7.8 min | eta=2.5 min
[2026-07-24 18:03:08] INFO Epoch 032 | train batch=1090/1418 | elapsed=7.9 min | eta=2.4 min
[2026-07-24 18:03:12] INFO Epoch 032 | train batch=1100/1418 | elapsed=8.0 min | eta=2.3 min
[2026-07-24 18:03:16] INFO Epoch 032 | train batch=1110/1418 | elapsed=8.1 min | eta=2.2 min
[2026-07-24 18:03:20] INFO Epoch 032 | train batch=1120/1418 | elapsed=8.1 min | eta=2.2 min
[2026-07-24 18:03:24] INFO Epoch 032 | train batch=1130/1418 | elapsed=8.2 min | eta=2.1 min
[2026-07-24 18:03:29] INFO Epoch 032 | train batch=1140/1418 | elapsed=8.3 min | eta=2.0 min
[2026-07-24 18:03:33] INFO Epoch 032 | train batch=1150/1418 | elapsed=8.3 min | eta=1.9 min
[2026-07-24 18:03:37] INFO Epoch 032 | train batch=1160/1418 | elapsed=8.4 min | eta=1.9 min
[2026-07-24 18:03:42] INFO Epoch 032 | train batch=1170/1418 | elapsed=8.5 min | eta=1.8 min
[2026-07-24 18:03:46] INFO Epoch 032 | train batch=1180/1418 | elapsed=8.6 min | eta=1.7 min
[2026-07-24 18:03:50] INFO Epoch 032 | train batch=1190/1418 | elapsed=8.6 min | eta=1.7 min
[2026-07-24 18:03:54] INFO Epoch 032 | train batch=1200/1418 | elapsed=8.7 min | eta=1.6 min
[2026-07-24 18:03:59] INFO Epoch 032 | train batch=1210/1418 | elapsed=8.8 min | eta=1.5 min
[2026-07-24 18:04:03] INFO Epoch 032 | train batch=1220/1418 | elapsed=8.8 min | eta=1.4 min
[2026-07-24 18:04:08] INFO Epoch 032 | train batch=1230/1418 | elapsed=8.9 min | eta=1.4 min
[2026-07-24 18:04:12] INFO Epoch 032 | train batch=1240/1418 | elapsed=9.0 min | eta=1.3 min
[2026-07-24 18:04:16] INFO Epoch 032 | train batch=1250/1418 | elapsed=9.1 min | eta=1.2 min
[2026-07-24 18:04:21] INFO Epoch 032 | train batch=1260/1418 | elapsed=9.1 min | eta=1.1 min
[2026-07-24 18:04:25] INFO Epoch 032 | train batch=1270/1418 | elapsed=9.2 min | eta=1.1 min
[2026-07-24 18:04:29] INFO Epoch 032 | train batch=1280/1418 | elapsed=9.3 min | eta=1.0 min
[2026-07-24 18:04:33] INFO Epoch 032 | train batch=1290/1418 | elapsed=9.3 min | eta=0.9 min
[2026-07-24 18:04:38] INFO Epoch 032 | train batch=1300/1418 | elapsed=9.4 min | eta=0.9 min
[2026-07-24 18:04:42] INFO Epoch 032 | train batch=1310/1418 | elapsed=9.5 min | eta=0.8 min
[2026-07-24 18:04:46] INFO Epoch 032 | train batch=1320/1418 | elapsed=9.6 min | eta=0.7 min
[2026-07-24 18:04:50] INFO Epoch 032 | train batch=1330/1418 | elapsed=9.6 min | eta=0.6 min
[2026-07-24 18:04:55] INFO Epoch 032 | train batch=1340/1418 | elapsed=9.7 min | eta=0.6 min
[2026-07-24 18:04:59] INFO Epoch 032 | train batch=1350/1418 | elapsed=9.8 min | eta=0.5 min
[2026-07-24 18:05:03] INFO Epoch 032 | train batch=1360/1418 | elapsed=9.8 min | eta=0.4 min
[2026-07-24 18:05:07] INFO Epoch 032 | train batch=1370/1418 | elapsed=9.9 min | eta=0.3 min
[2026-07-24 18:05:11] INFO Epoch 032 | train batch=1380/1418 | elapsed=10.0 min | eta=0.3 min
[2026-07-24 18:05:16] INFO Epoch 032 | train batch=1390/1418 | elapsed=10.0 min | eta=0.2 min
[2026-07-24 18:05:20] INFO Epoch 032 | train batch=1400/1418 | elapsed=10.1 min | eta=0.1 min
[2026-07-24 18:05:25] INFO Epoch 032 | train batch=1410/1418 | elapsed=10.2 min | eta=0.1 min
[2026-07-24 18:05:28] INFO Epoch 032 | train batch=1418/1418 | elapsed=10.2 min | eta=0.0 min
[2026-07-24 18:05:28] INFO Epoch 032 | val batch=1/188 | elapsed=0.0 min | eta=0.4 min
[2026-07-24 18:05:30] INFO Epoch 032 | val batch=10/188 | elapsed=0.0 min | eta=0.6 min
[2026-07-24 18:05:32] INFO Epoch 032 | val batch=20/188 | elapsed=0.1 min | eta=0.5 min
[2026-07-24 18:05:33] INFO Epoch 032 | val batch=30/188 | elapsed=0.1 min | eta=0.5 min
[2026-07-24 18:05:35] INFO Epoch 032 | val batch=40/188 | elapsed=0.1 min | eta=0.5 min
[2026-07-24 18:05:37] INFO Epoch 032 | val batch=50/188 | elapsed=0.2 min | eta=0.4 min
[2026-07-24 18:05:39] INFO Epoch 032 | val batch=60/188 | elapsed=0.2 min | eta=0.4 min
[2026-07-24 18:05:41] INFO Epoch 032 | val batch=70/188 | elapsed=0.2 min | eta=0.4 min
[2026-07-24 18:05:43] INFO Epoch 032 | val batch=80/188 | elapsed=0.3 min | eta=0.3 min
[2026-07-24 18:05:45] INFO Epoch 032 | val batch=90/188 | elapsed=0.3 min | eta=0.3 min
[2026-07-24 18:05:47] INFO Epoch 032 | val batch=100/188 | elapsed=0.3 min | eta=0.3 min
[2026-07-24 18:05:49] INFO Epoch 032 | val batch=110/188 | elapsed=0.3 min | eta=0.2 min
[2026-07-24 18:05:50] INFO Epoch 032 | val batch=120/188 | elapsed=0.4 min | eta=0.2 min
[2026-07-24 18:05:52] INFO Epoch 032 | val batch=130/188 | elapsed=0.4 min | eta=0.2 min
[2026-07-24 18:05:54] INFO Epoch 032 | val batch=140/188 | elapsed=0.4 min | eta=0.2 min
[2026-07-24 18:05:56] INFO Epoch 032 | val batch=150/188 | elapsed=0.5 min | eta=0.1 min
[2026-07-24 18:05:58] INFO Epoch 032 | val batch=160/188 | elapsed=0.5 min | eta=0.1 min
[2026-07-24 18:06:00] INFO Epoch 032 | val batch=170/188 | elapsed=0.5 min | eta=0.1 min
[2026-07-24 18:06:02] INFO Epoch 032 | val batch=180/188 | elapsed=0.6 min | eta=0.0 min
[2026-07-24 18:06:03] INFO Epoch 032 | val batch=188/188 | elapsed=0.6 min | eta=0.0 min
[2026-07-24 18:06:03] INFO Epoch 032 | train_total=0.434800 | val_total=0.422989 | val_mask=0.215423 | val_retrieval=2.075663 | val_anchors=611264 | val_positive_pairs=0 | val_hard_negatives=0 | val_relation_candidates=7439984 | val_teacher_keff=3.904 | val_student_keff=6.700 | val_masked_positions=42146735 | skipped(train/val)=0/0
[2026-07-24 18:06:03] INFO Checkpoint updated | epoch=32 | best_val=0.422989 | path=C:\Users\clw\projects\researchRep\STAnchor-BlockMemory\artifacts\metrla_e3_relation_seed42\pretrain_best.pt
[2026-07-24 18:06:03] INFO Epoch 033/050 started | train_batches=1418 | val_batches=188
[2026-07-24 18:06:04] INFO Epoch 033 | train batch=1/1418 | elapsed=0.0 min | eta=11.6 min
[2026-07-24 18:06:07] INFO Epoch 033 | train batch=10/1418 | elapsed=0.1 min | eta=10.4 min
[2026-07-24 18:06:12] INFO Epoch 033 | train batch=20/1418 | elapsed=0.1 min | eta=10.1 min
[2026-07-24 18:06:16] INFO Epoch 033 | train batch=30/1418 | elapsed=0.2 min | eta=10.0 min
[2026-07-24 18:06:20] INFO Epoch 033 | train batch=40/1418 | elapsed=0.3 min | eta=9.7 min
[2026-07-24 18:06:24] INFO Epoch 033 | train batch=50/1418 | elapsed=0.4 min | eta=9.8 min
[2026-07-24 18:06:29] INFO Epoch 033 | train batch=60/1418 | elapsed=0.4 min | eta=9.8 min
[2026-07-24 18:06:34] INFO Epoch 033 | train batch=70/1418 | elapsed=0.5 min | eta=9.8 min
[2026-07-24 18:06:38] INFO Epoch 033 | train batch=80/1418 | elapsed=0.6 min | eta=9.6 min
[2026-07-24 18:06:42] INFO Epoch 033 | train batch=90/1418 | elapsed=0.6 min | eta=9.5 min
[2026-07-24 18:06:46] INFO Epoch 033 | train batch=100/1418 | elapsed=0.7 min | eta=9.4 min
[2026-07-24 18:06:51] INFO Epoch 033 | train batch=110/1418 | elapsed=0.8 min | eta=9.5 min
[2026-07-24 18:06:55] INFO Epoch 033 | train batch=120/1418 | elapsed=0.9 min | eta=9.4 min
[2026-07-24 18:06:59] INFO Epoch 033 | train batch=130/1418 | elapsed=0.9 min | eta=9.3 min
[2026-07-24 18:07:04] INFO Epoch 033 | train batch=140/1418 | elapsed=1.0 min | eta=9.2 min
[2026-07-24 18:07:08] INFO Epoch 033 | train batch=150/1418 | elapsed=1.1 min | eta=9.1 min
[2026-07-24 18:07:12] INFO Epoch 033 | train batch=160/1418 | elapsed=1.2 min | eta=9.1 min
[2026-07-24 18:07:17] INFO Epoch 033 | train batch=170/1418 | elapsed=1.2 min | eta=9.1 min
[2026-07-24 18:07:21] INFO Epoch 033 | train batch=180/1418 | elapsed=1.3 min | eta=9.0 min
[2026-07-24 18:07:25] INFO Epoch 033 | train batch=190/1418 | elapsed=1.4 min | eta=8.9 min
[2026-07-24 18:07:29] INFO Epoch 033 | train batch=200/1418 | elapsed=1.4 min | eta=8.8 min
[2026-07-24 18:07:34] INFO Epoch 033 | train batch=210/1418 | elapsed=1.5 min | eta=8.7 min
[2026-07-24 18:07:38] INFO Epoch 033 | train batch=220/1418 | elapsed=1.6 min | eta=8.6 min
[2026-07-24 18:07:42] INFO Epoch 033 | train batch=230/1418 | elapsed=1.7 min | eta=8.5 min
[2026-07-24 18:07:46] INFO Epoch 033 | train batch=240/1418 | elapsed=1.7 min | eta=8.4 min
[2026-07-24 18:07:50] INFO Epoch 033 | train batch=250/1418 | elapsed=1.8 min | eta=8.3 min
[2026-07-24 18:07:55] INFO Epoch 033 | train batch=260/1418 | elapsed=1.9 min | eta=8.3 min
[2026-07-24 18:07:59] INFO Epoch 033 | train batch=270/1418 | elapsed=1.9 min | eta=8.2 min
[2026-07-24 18:08:03] INFO Epoch 033 | train batch=280/1418 | elapsed=2.0 min | eta=8.2 min
[2026-07-24 18:08:08] INFO Epoch 033 | train batch=290/1418 | elapsed=2.1 min | eta=8.1 min
[2026-07-24 18:08:12] INFO Epoch 033 | train batch=300/1418 | elapsed=2.2 min | eta=8.0 min
[2026-07-24 18:08:16] INFO Epoch 033 | train batch=310/1418 | elapsed=2.2 min | eta=7.9 min
[2026-07-24 18:08:20] INFO Epoch 033 | train batch=320/1418 | elapsed=2.3 min | eta=7.9 min
[2026-07-24 18:08:25] INFO Epoch 033 | train batch=330/1418 | elapsed=2.4 min | eta=7.8 min
[2026-07-24 18:08:30] INFO Epoch 033 | train batch=340/1418 | elapsed=2.4 min | eta=7.7 min
[2026-07-24 18:08:34] INFO Epoch 033 | train batch=350/1418 | elapsed=2.5 min | eta=7.7 min
[2026-07-24 18:08:38] INFO Epoch 033 | train batch=360/1418 | elapsed=2.6 min | eta=7.6 min
[2026-07-24 18:08:43] INFO Epoch 033 | train batch=370/1418 | elapsed=2.7 min | eta=7.5 min
[2026-07-24 18:08:47] INFO Epoch 033 | train batch=380/1418 | elapsed=2.7 min | eta=7.5 min
[2026-07-24 18:08:51] INFO Epoch 033 | train batch=390/1418 | elapsed=2.8 min | eta=7.4 min
[2026-07-24 18:08:56] INFO Epoch 033 | train batch=400/1418 | elapsed=2.9 min | eta=7.3 min
[2026-07-24 18:09:00] INFO Epoch 033 | train batch=410/1418 | elapsed=2.9 min | eta=7.2 min
[2026-07-24 18:09:04] INFO Epoch 033 | train batch=420/1418 | elapsed=3.0 min | eta=7.2 min
[2026-07-24 18:09:09] INFO Epoch 033 | train batch=430/1418 | elapsed=3.1 min | eta=7.1 min
[2026-07-24 18:09:13] INFO Epoch 033 | train batch=440/1418 | elapsed=3.2 min | eta=7.0 min
[2026-07-24 18:09:17] INFO Epoch 033 | train batch=450/1418 | elapsed=3.2 min | eta=6.9 min
[2026-07-24 18:09:21] INFO Epoch 033 | train batch=460/1418 | elapsed=3.3 min | eta=6.9 min
[2026-07-24 18:09:25] INFO Epoch 033 | train batch=470/1418 | elapsed=3.4 min | eta=6.8 min
[2026-07-24 18:09:30] INFO Epoch 033 | train batch=480/1418 | elapsed=3.4 min | eta=6.7 min
[2026-07-24 18:09:34] INFO Epoch 033 | train batch=490/1418 | elapsed=3.5 min | eta=6.7 min
[2026-07-24 18:09:38] INFO Epoch 033 | train batch=500/1418 | elapsed=3.6 min | eta=6.6 min
[2026-07-24 18:09:43] INFO Epoch 033 | train batch=510/1418 | elapsed=3.7 min | eta=6.5 min
[2026-07-24 18:09:47] INFO Epoch 033 | train batch=520/1418 | elapsed=3.7 min | eta=6.4 min
[2026-07-24 18:09:51] INFO Epoch 033 | train batch=530/1418 | elapsed=3.8 min | eta=6.4 min
[2026-07-24 18:09:56] INFO Epoch 033 | train batch=540/1418 | elapsed=3.9 min | eta=6.3 min
[2026-07-24 18:10:00] INFO Epoch 033 | train batch=550/1418 | elapsed=3.9 min | eta=6.2 min
[2026-07-24 18:10:04] INFO Epoch 033 | train batch=560/1418 | elapsed=4.0 min | eta=6.2 min
[2026-07-24 18:10:09] INFO Epoch 033 | train batch=570/1418 | elapsed=4.1 min | eta=6.1 min
[2026-07-24 18:10:13] INFO Epoch 033 | train batch=580/1418 | elapsed=4.2 min | eta=6.0 min
[2026-07-24 18:10:17] INFO Epoch 033 | train batch=590/1418 | elapsed=4.2 min | eta=5.9 min
[2026-07-24 18:10:22] INFO Epoch 033 | train batch=600/1418 | elapsed=4.3 min | eta=5.9 min
[2026-07-24 18:10:26] INFO Epoch 033 | train batch=610/1418 | elapsed=4.4 min | eta=5.8 min
[2026-07-24 18:10:30] INFO Epoch 033 | train batch=620/1418 | elapsed=4.5 min | eta=5.7 min
[2026-07-24 18:10:35] INFO Epoch 033 | train batch=630/1418 | elapsed=4.5 min | eta=5.7 min
[2026-07-24 18:10:39] INFO Epoch 033 | train batch=640/1418 | elapsed=4.6 min | eta=5.6 min
[2026-07-24 18:10:43] INFO Epoch 033 | train batch=650/1418 | elapsed=4.7 min | eta=5.5 min
[2026-07-24 18:10:47] INFO Epoch 033 | train batch=660/1418 | elapsed=4.7 min | eta=5.4 min
[2026-07-24 18:10:52] INFO Epoch 033 | train batch=670/1418 | elapsed=4.8 min | eta=5.4 min
[2026-07-24 18:10:56] INFO Epoch 033 | train batch=680/1418 | elapsed=4.9 min | eta=5.3 min
[2026-07-24 18:11:00] INFO Epoch 033 | train batch=690/1418 | elapsed=4.9 min | eta=5.2 min
[2026-07-24 18:11:04] INFO Epoch 033 | train batch=700/1418 | elapsed=5.0 min | eta=5.1 min
[2026-07-24 18:11:08] INFO Epoch 033 | train batch=710/1418 | elapsed=5.1 min | eta=5.1 min
[2026-07-24 18:11:13] INFO Epoch 033 | train batch=720/1418 | elapsed=5.2 min | eta=5.0 min
[2026-07-24 18:11:17] INFO Epoch 033 | train batch=730/1418 | elapsed=5.2 min | eta=4.9 min
[2026-07-24 18:11:21] INFO Epoch 033 | train batch=740/1418 | elapsed=5.3 min | eta=4.9 min
[2026-07-24 18:11:25] INFO Epoch 033 | train batch=750/1418 | elapsed=5.4 min | eta=4.8 min
[2026-07-24 18:11:30] INFO Epoch 033 | train batch=760/1418 | elapsed=5.4 min | eta=4.7 min
[2026-07-24 18:11:34] INFO Epoch 033 | train batch=770/1418 | elapsed=5.5 min | eta=4.6 min
[2026-07-24 18:11:38] INFO Epoch 033 | train batch=780/1418 | elapsed=5.6 min | eta=4.6 min
[2026-07-24 18:11:42] INFO Epoch 033 | train batch=790/1418 | elapsed=5.7 min | eta=4.5 min
[2026-07-24 18:11:47] INFO Epoch 033 | train batch=800/1418 | elapsed=5.7 min | eta=4.4 min
[2026-07-24 18:11:51] INFO Epoch 033 | train batch=810/1418 | elapsed=5.8 min | eta=4.4 min
[2026-07-24 18:11:55] INFO Epoch 033 | train batch=820/1418 | elapsed=5.9 min | eta=4.3 min
[2026-07-24 18:11:59] INFO Epoch 033 | train batch=830/1418 | elapsed=5.9 min | eta=4.2 min
[2026-07-24 18:12:04] INFO Epoch 033 | train batch=840/1418 | elapsed=6.0 min | eta=4.1 min
[2026-07-24 18:12:08] INFO Epoch 033 | train batch=850/1418 | elapsed=6.1 min | eta=4.1 min
[2026-07-24 18:12:12] INFO Epoch 033 | train batch=860/1418 | elapsed=6.2 min | eta=4.0 min
[2026-07-24 18:12:17] INFO Epoch 033 | train batch=870/1418 | elapsed=6.2 min | eta=3.9 min
[2026-07-24 18:12:21] INFO Epoch 033 | train batch=880/1418 | elapsed=6.3 min | eta=3.9 min
[2026-07-24 18:12:25] INFO Epoch 033 | train batch=890/1418 | elapsed=6.4 min | eta=3.8 min
[2026-07-24 18:12:30] INFO Epoch 033 | train batch=900/1418 | elapsed=6.4 min | eta=3.7 min
[2026-07-24 18:12:34] INFO Epoch 033 | train batch=910/1418 | elapsed=6.5 min | eta=3.6 min
[2026-07-24 18:12:38] INFO Epoch 033 | train batch=920/1418 | elapsed=6.6 min | eta=3.6 min
[2026-07-24 18:12:42] INFO Epoch 033 | train batch=930/1418 | elapsed=6.6 min | eta=3.5 min
[2026-07-24 18:12:46] INFO Epoch 033 | train batch=940/1418 | elapsed=6.7 min | eta=3.4 min
[2026-07-24 18:12:50] INFO Epoch 033 | train batch=950/1418 | elapsed=6.8 min | eta=3.3 min
[2026-07-24 18:12:55] INFO Epoch 033 | train batch=960/1418 | elapsed=6.9 min | eta=3.3 min
[2026-07-24 18:12:59] INFO Epoch 033 | train batch=970/1418 | elapsed=6.9 min | eta=3.2 min
[2026-07-24 18:13:04] INFO Epoch 033 | train batch=980/1418 | elapsed=7.0 min | eta=3.1 min
[2026-07-24 18:13:08] INFO Epoch 033 | train batch=990/1418 | elapsed=7.1 min | eta=3.1 min
[2026-07-24 18:13:12] INFO Epoch 033 | train batch=1000/1418 | elapsed=7.2 min | eta=3.0 min
[2026-07-24 18:13:17] INFO Epoch 033 | train batch=1010/1418 | elapsed=7.2 min | eta=2.9 min
[2026-07-24 18:13:21] INFO Epoch 033 | train batch=1020/1418 | elapsed=7.3 min | eta=2.8 min
[2026-07-24 18:13:25] INFO Epoch 033 | train batch=1030/1418 | elapsed=7.4 min | eta=2.8 min
[2026-07-24 18:13:29] INFO Epoch 033 | train batch=1040/1418 | elapsed=7.4 min | eta=2.7 min
[2026-07-24 18:13:34] INFO Epoch 033 | train batch=1050/1418 | elapsed=7.5 min | eta=2.6 min
[2026-07-24 18:13:38] INFO Epoch 033 | train batch=1060/1418 | elapsed=7.6 min | eta=2.6 min
[2026-07-24 18:13:42] INFO Epoch 033 | train batch=1070/1418 | elapsed=7.7 min | eta=2.5 min
[2026-07-24 18:13:46] INFO Epoch 033 | train batch=1080/1418 | elapsed=7.7 min | eta=2.4 min
[2026-07-24 18:13:51] INFO Epoch 033 | train batch=1090/1418 | elapsed=7.8 min | eta=2.3 min
[2026-07-24 18:13:55] INFO Epoch 033 | train batch=1100/1418 | elapsed=7.9 min | eta=2.3 min
[2026-07-24 18:13:59] INFO Epoch 033 | train batch=1110/1418 | elapsed=7.9 min | eta=2.2 min
[2026-07-24 18:14:04] INFO Epoch 033 | train batch=1120/1418 | elapsed=8.0 min | eta=2.1 min
[2026-07-24 18:14:08] INFO Epoch 033 | train batch=1130/1418 | elapsed=8.1 min | eta=2.1 min
[2026-07-24 18:14:13] INFO Epoch 033 | train batch=1140/1418 | elapsed=8.2 min | eta=2.0 min
[2026-07-24 18:14:17] INFO Epoch 033 | train batch=1150/1418 | elapsed=8.2 min | eta=1.9 min
[2026-07-24 18:14:21] INFO Epoch 033 | train batch=1160/1418 | elapsed=8.3 min | eta=1.8 min
[2026-07-24 18:14:26] INFO Epoch 033 | train batch=1170/1418 | elapsed=8.4 min | eta=1.8 min
[2026-07-24 18:14:30] INFO Epoch 033 | train batch=1180/1418 | elapsed=8.5 min | eta=1.7 min
[2026-07-24 18:14:34] INFO Epoch 033 | train batch=1190/1418 | elapsed=8.5 min | eta=1.6 min
[2026-07-24 18:14:39] INFO Epoch 033 | train batch=1200/1418 | elapsed=8.6 min | eta=1.6 min
[2026-07-24 18:14:43] INFO Epoch 033 | train batch=1210/1418 | elapsed=8.7 min | eta=1.5 min
[2026-07-24 18:14:47] INFO Epoch 033 | train batch=1220/1418 | elapsed=8.7 min | eta=1.4 min
[2026-07-24 18:14:52] INFO Epoch 033 | train batch=1230/1418 | elapsed=8.8 min | eta=1.3 min
[2026-07-24 18:14:56] INFO Epoch 033 | train batch=1240/1418 | elapsed=8.9 min | eta=1.3 min
[2026-07-24 18:15:00] INFO Epoch 033 | train batch=1250/1418 | elapsed=9.0 min | eta=1.2 min
[2026-07-24 18:15:04] INFO Epoch 033 | train batch=1260/1418 | elapsed=9.0 min | eta=1.1 min
[2026-07-24 18:15:09] INFO Epoch 033 | train batch=1270/1418 | elapsed=9.1 min | eta=1.1 min
[2026-07-24 18:15:13] INFO Epoch 033 | train batch=1280/1418 | elapsed=9.2 min | eta=1.0 min
[2026-07-24 18:15:17] INFO Epoch 033 | train batch=1290/1418 | elapsed=9.2 min | eta=0.9 min
[2026-07-24 18:15:21] INFO Epoch 033 | train batch=1300/1418 | elapsed=9.3 min | eta=0.8 min
[2026-07-24 18:15:25] INFO Epoch 033 | train batch=1310/1418 | elapsed=9.4 min | eta=0.8 min
[2026-07-24 18:15:29] INFO Epoch 033 | train batch=1320/1418 | elapsed=9.4 min | eta=0.7 min
[2026-07-24 18:15:34] INFO Epoch 033 | train batch=1330/1418 | elapsed=9.5 min | eta=0.6 min
[2026-07-24 18:15:38] INFO Epoch 033 | train batch=1340/1418 | elapsed=9.6 min | eta=0.6 min
[2026-07-24 18:15:43] INFO Epoch 033 | train batch=1350/1418 | elapsed=9.7 min | eta=0.5 min
[2026-07-24 18:15:47] INFO Epoch 033 | train batch=1360/1418 | elapsed=9.7 min | eta=0.4 min
[2026-07-24 18:15:51] INFO Epoch 033 | train batch=1370/1418 | elapsed=9.8 min | eta=0.3 min
[2026-07-24 18:15:55] INFO Epoch 033 | train batch=1380/1418 | elapsed=9.9 min | eta=0.3 min
[2026-07-24 18:16:00] INFO Epoch 033 | train batch=1390/1418 | elapsed=9.9 min | eta=0.2 min
[2026-07-24 18:16:04] INFO Epoch 033 | train batch=1400/1418 | elapsed=10.0 min | eta=0.1 min
[2026-07-24 18:16:08] INFO Epoch 033 | train batch=1410/1418 | elapsed=10.1 min | eta=0.1 min
[2026-07-24 18:16:12] INFO Epoch 033 | train batch=1418/1418 | elapsed=10.1 min | eta=0.0 min
[2026-07-24 18:16:12] INFO Epoch 033 | val batch=1/188 | elapsed=0.0 min | eta=0.4 min
[2026-07-24 18:16:14] INFO Epoch 033 | val batch=10/188 | elapsed=0.0 min | eta=0.6 min
[2026-07-24 18:16:15] INFO Epoch 033 | val batch=20/188 | elapsed=0.1 min | eta=0.5 min
[2026-07-24 18:16:17] INFO Epoch 033 | val batch=30/188 | elapsed=0.1 min | eta=0.5 min
[2026-07-24 18:16:19] INFO Epoch 033 | val batch=40/188 | elapsed=0.1 min | eta=0.5 min
[2026-07-24 18:16:21] INFO Epoch 033 | val batch=50/188 | elapsed=0.2 min | eta=0.4 min
[2026-07-24 18:16:23] INFO Epoch 033 | val batch=60/188 | elapsed=0.2 min | eta=0.4 min
[2026-07-24 18:16:25] INFO Epoch 033 | val batch=70/188 | elapsed=0.2 min | eta=0.4 min
[2026-07-24 18:16:27] INFO Epoch 033 | val batch=80/188 | elapsed=0.3 min | eta=0.3 min
[2026-07-24 18:16:29] INFO Epoch 033 | val batch=90/188 | elapsed=0.3 min | eta=0.3 min
[2026-07-24 18:16:31] INFO Epoch 033 | val batch=100/188 | elapsed=0.3 min | eta=0.3 min
[2026-07-24 18:16:32] INFO Epoch 033 | val batch=110/188 | elapsed=0.3 min | eta=0.2 min
[2026-07-24 18:16:34] INFO Epoch 033 | val batch=120/188 | elapsed=0.4 min | eta=0.2 min
[2026-07-24 18:16:36] INFO Epoch 033 | val batch=130/188 | elapsed=0.4 min | eta=0.2 min
[2026-07-24 18:16:38] INFO Epoch 033 | val batch=140/188 | elapsed=0.4 min | eta=0.2 min
[2026-07-24 18:16:40] INFO Epoch 033 | val batch=150/188 | elapsed=0.5 min | eta=0.1 min
[2026-07-24 18:16:42] INFO Epoch 033 | val batch=160/188 | elapsed=0.5 min | eta=0.1 min
[2026-07-24 18:16:44] INFO Epoch 033 | val batch=170/188 | elapsed=0.5 min | eta=0.1 min
[2026-07-24 18:16:46] INFO Epoch 033 | val batch=180/188 | elapsed=0.6 min | eta=0.0 min
[2026-07-24 18:16:47] INFO Epoch 033 | val batch=188/188 | elapsed=0.6 min | eta=0.0 min
[2026-07-24 18:16:47] INFO Epoch 033 | train_total=0.429914 | val_total=0.429443 | val_mask=0.221336 | val_retrieval=2.081063 | val_anchors=611264 | val_positive_pairs=0 | val_hard_negatives=0 | val_relation_candidates=7439984 | val_teacher_keff=3.904 | val_student_keff=6.692 | val_masked_positions=42200053 | skipped(train/val)=0/0
[2026-07-24 18:16:47] INFO Epoch 034/050 started | train_batches=1418 | val_batches=188
[2026-07-24 18:16:47] INFO Epoch 034 | train batch=1/1418 | elapsed=0.0 min | eta=8.9 min
[2026-07-24 18:16:51] INFO Epoch 034 | train batch=10/1418 | elapsed=0.1 min | eta=10.7 min
[2026-07-24 18:16:56] INFO Epoch 034 | train batch=20/1418 | elapsed=0.1 min | eta=10.2 min
[2026-07-24 18:17:00] INFO Epoch 034 | train batch=30/1418 | elapsed=0.2 min | eta=10.1 min
[2026-07-24 18:17:04] INFO Epoch 034 | train batch=40/1418 | elapsed=0.3 min | eta=9.9 min
[2026-07-24 18:17:09] INFO Epoch 034 | train batch=50/1418 | elapsed=0.4 min | eta=9.9 min
[2026-07-24 18:17:13] INFO Epoch 034 | train batch=60/1418 | elapsed=0.4 min | eta=9.8 min
[2026-07-24 18:17:17] INFO Epoch 034 | train batch=70/1418 | elapsed=0.5 min | eta=9.8 min
[2026-07-24 18:17:21] INFO Epoch 034 | train batch=80/1418 | elapsed=0.6 min | eta=9.7 min
[2026-07-24 18:17:26] INFO Epoch 034 | train batch=90/1418 | elapsed=0.7 min | eta=9.6 min
[2026-07-24 18:17:31] INFO Epoch 034 | train batch=100/1418 | elapsed=0.7 min | eta=9.6 min
[2026-07-24 18:17:35] INFO Epoch 034 | train batch=110/1418 | elapsed=0.8 min | eta=9.5 min
[2026-07-24 18:17:39] INFO Epoch 034 | train batch=120/1418 | elapsed=0.9 min | eta=9.4 min
[2026-07-24 18:17:44] INFO Epoch 034 | train batch=130/1418 | elapsed=0.9 min | eta=9.4 min
[2026-07-24 18:17:48] INFO Epoch 034 | train batch=140/1418 | elapsed=1.0 min | eta=9.3 min
[2026-07-24 18:17:52] INFO Epoch 034 | train batch=150/1418 | elapsed=1.1 min | eta=9.2 min
[2026-07-24 18:17:57] INFO Epoch 034 | train batch=160/1418 | elapsed=1.2 min | eta=9.2 min
[2026-07-24 18:18:01] INFO Epoch 034 | train batch=170/1418 | elapsed=1.2 min | eta=9.1 min
[2026-07-24 18:18:06] INFO Epoch 034 | train batch=180/1418 | elapsed=1.3 min | eta=9.1 min
[2026-07-24 18:18:10] INFO Epoch 034 | train batch=190/1418 | elapsed=1.4 min | eta=9.0 min
[2026-07-24 18:18:15] INFO Epoch 034 | train batch=200/1418 | elapsed=1.5 min | eta=8.9 min
[2026-07-24 18:18:19] INFO Epoch 034 | train batch=210/1418 | elapsed=1.5 min | eta=8.8 min
[2026-07-24 18:18:23] INFO Epoch 034 | train batch=220/1418 | elapsed=1.6 min | eta=8.8 min
[2026-07-24 18:18:28] INFO Epoch 034 | train batch=230/1418 | elapsed=1.7 min | eta=8.7 min
[2026-07-24 18:18:32] INFO Epoch 034 | train batch=240/1418 | elapsed=1.8 min | eta=8.6 min
[2026-07-24 18:18:36] INFO Epoch 034 | train batch=250/1418 | elapsed=1.8 min | eta=8.5 min
[2026-07-24 18:18:41] INFO Epoch 034 | train batch=260/1418 | elapsed=1.9 min | eta=8.4 min
[2026-07-24 18:18:45] INFO Epoch 034 | train batch=270/1418 | elapsed=2.0 min | eta=8.4 min
[2026-07-24 18:18:49] INFO Epoch 034 | train batch=280/1418 | elapsed=2.0 min | eta=8.3 min
[2026-07-24 18:18:54] INFO Epoch 034 | train batch=290/1418 | elapsed=2.1 min | eta=8.2 min
[2026-07-24 18:18:58] INFO Epoch 034 | train batch=300/1418 | elapsed=2.2 min | eta=8.1 min
[2026-07-24 18:19:02] INFO Epoch 034 | train batch=310/1418 | elapsed=2.3 min | eta=8.0 min
[2026-07-24 18:19:06] INFO Epoch 034 | train batch=320/1418 | elapsed=2.3 min | eta=8.0 min
[2026-07-24 18:19:11] INFO Epoch 034 | train batch=330/1418 | elapsed=2.4 min | eta=7.9 min
[2026-07-24 18:19:15] INFO Epoch 034 | train batch=340/1418 | elapsed=2.5 min | eta=7.9 min
[2026-07-24 18:19:20] INFO Epoch 034 | train batch=350/1418 | elapsed=2.6 min | eta=7.8 min
[2026-07-24 18:19:24] INFO Epoch 034 | train batch=360/1418 | elapsed=2.6 min | eta=7.7 min
[2026-07-24 18:19:28] INFO Epoch 034 | train batch=370/1418 | elapsed=2.7 min | eta=7.6 min
[2026-07-24 18:19:33] INFO Epoch 034 | train batch=380/1418 | elapsed=2.8 min | eta=7.6 min
[2026-07-24 18:19:37] INFO Epoch 034 | train batch=390/1418 | elapsed=2.8 min | eta=7.5 min
[2026-07-24 18:19:42] INFO Epoch 034 | train batch=400/1418 | elapsed=2.9 min | eta=7.4 min
[2026-07-24 18:19:46] INFO Epoch 034 | train batch=410/1418 | elapsed=3.0 min | eta=7.3 min
[2026-07-24 18:19:50] INFO Epoch 034 | train batch=420/1418 | elapsed=3.1 min | eta=7.3 min
[2026-07-24 18:19:55] INFO Epoch 034 | train batch=430/1418 | elapsed=3.1 min | eta=7.2 min
[2026-07-24 18:19:59] INFO Epoch 034 | train batch=440/1418 | elapsed=3.2 min | eta=7.1 min
[2026-07-24 18:20:03] INFO Epoch 034 | train batch=450/1418 | elapsed=3.3 min | eta=7.0 min
[2026-07-24 18:20:08] INFO Epoch 034 | train batch=460/1418 | elapsed=3.3 min | eta=7.0 min
[2026-07-24 18:20:12] INFO Epoch 034 | train batch=470/1418 | elapsed=3.4 min | eta=6.9 min
[2026-07-24 18:20:16] INFO Epoch 034 | train batch=480/1418 | elapsed=3.5 min | eta=6.8 min
[2026-07-24 18:20:21] INFO Epoch 034 | train batch=490/1418 | elapsed=3.6 min | eta=6.8 min
[2026-07-24 18:20:25] INFO Epoch 034 | train batch=500/1418 | elapsed=3.6 min | eta=6.7 min
[2026-07-24 18:20:30] INFO Epoch 034 | train batch=510/1418 | elapsed=3.7 min | eta=6.6 min
[2026-07-24 18:20:34] INFO Epoch 034 | train batch=520/1418 | elapsed=3.8 min | eta=6.5 min
[2026-07-24 18:20:39] INFO Epoch 034 | train batch=530/1418 | elapsed=3.9 min | eta=6.5 min
[2026-07-24 18:20:43] INFO Epoch 034 | train batch=540/1418 | elapsed=3.9 min | eta=6.4 min
[2026-07-24 18:20:47] INFO Epoch 034 | train batch=550/1418 | elapsed=4.0 min | eta=6.3 min
[2026-07-24 18:20:52] INFO Epoch 034 | train batch=560/1418 | elapsed=4.1 min | eta=6.3 min
[2026-07-24 18:20:56] INFO Epoch 034 | train batch=570/1418 | elapsed=4.2 min | eta=6.2 min
[2026-07-24 18:21:00] INFO Epoch 034 | train batch=580/1418 | elapsed=4.2 min | eta=6.1 min
[2026-07-24 18:21:05] INFO Epoch 034 | train batch=590/1418 | elapsed=4.3 min | eta=6.0 min
[2026-07-24 18:21:09] INFO Epoch 034 | train batch=600/1418 | elapsed=4.4 min | eta=6.0 min
[2026-07-24 18:21:13] INFO Epoch 034 | train batch=610/1418 | elapsed=4.4 min | eta=5.9 min
[2026-07-24 18:21:17] INFO Epoch 034 | train batch=620/1418 | elapsed=4.5 min | eta=5.8 min
[2026-07-24 18:21:22] INFO Epoch 034 | train batch=630/1418 | elapsed=4.6 min | eta=5.7 min
[2026-07-24 18:21:26] INFO Epoch 034 | train batch=640/1418 | elapsed=4.7 min | eta=5.7 min
[2026-07-24 18:21:30] INFO Epoch 034 | train batch=650/1418 | elapsed=4.7 min | eta=5.6 min
[2026-07-24 18:21:35] INFO Epoch 034 | train batch=660/1418 | elapsed=4.8 min | eta=5.5 min
[2026-07-24 18:21:39] INFO Epoch 034 | train batch=670/1418 | elapsed=4.9 min | eta=5.4 min
[2026-07-24 18:21:43] INFO Epoch 034 | train batch=680/1418 | elapsed=4.9 min | eta=5.4 min
[2026-07-24 18:21:47] INFO Epoch 034 | train batch=690/1418 | elapsed=5.0 min | eta=5.3 min
[2026-07-24 18:21:52] INFO Epoch 034 | train batch=700/1418 | elapsed=5.1 min | eta=5.2 min
[2026-07-24 18:21:56] INFO Epoch 034 | train batch=710/1418 | elapsed=5.2 min | eta=5.1 min
[2026-07-24 18:22:01] INFO Epoch 034 | train batch=720/1418 | elapsed=5.2 min | eta=5.1 min
[2026-07-24 18:22:05] INFO Epoch 034 | train batch=730/1418 | elapsed=5.3 min | eta=5.0 min
[2026-07-24 18:22:10] INFO Epoch 034 | train batch=740/1418 | elapsed=5.4 min | eta=4.9 min
[2026-07-24 18:22:14] INFO Epoch 034 | train batch=750/1418 | elapsed=5.4 min | eta=4.9 min
[2026-07-24 18:22:18] INFO Epoch 034 | train batch=760/1418 | elapsed=5.5 min | eta=4.8 min
[2026-07-24 18:22:22] INFO Epoch 034 | train batch=770/1418 | elapsed=5.6 min | eta=4.7 min
[2026-07-24 18:22:27] INFO Epoch 034 | train batch=780/1418 | elapsed=5.7 min | eta=4.6 min
[2026-07-24 18:22:31] INFO Epoch 034 | train batch=790/1418 | elapsed=5.7 min | eta=4.6 min
[2026-07-24 18:22:36] INFO Epoch 034 | train batch=800/1418 | elapsed=5.8 min | eta=4.5 min
[2026-07-24 18:22:40] INFO Epoch 034 | train batch=810/1418 | elapsed=5.9 min | eta=4.4 min
[2026-07-24 18:22:44] INFO Epoch 034 | train batch=820/1418 | elapsed=6.0 min | eta=4.3 min
[2026-07-24 18:22:48] INFO Epoch 034 | train batch=830/1418 | elapsed=6.0 min | eta=4.3 min
[2026-07-24 18:22:53] INFO Epoch 034 | train batch=840/1418 | elapsed=6.1 min | eta=4.2 min
[2026-07-24 18:22:57] INFO Epoch 034 | train batch=850/1418 | elapsed=6.2 min | eta=4.1 min
[2026-07-24 18:23:01] INFO Epoch 034 | train batch=860/1418 | elapsed=6.2 min | eta=4.0 min
[2026-07-24 18:23:06] INFO Epoch 034 | train batch=870/1418 | elapsed=6.3 min | eta=4.0 min
[2026-07-24 18:23:10] INFO Epoch 034 | train batch=880/1418 | elapsed=6.4 min | eta=3.9 min
[2026-07-24 18:23:14] INFO Epoch 034 | train batch=890/1418 | elapsed=6.5 min | eta=3.8 min
[2026-07-24 18:23:18] INFO Epoch 034 | train batch=900/1418 | elapsed=6.5 min | eta=3.8 min
[2026-07-24 18:23:23] INFO Epoch 034 | train batch=910/1418 | elapsed=6.6 min | eta=3.7 min
[2026-07-24 18:23:27] INFO Epoch 034 | train batch=920/1418 | elapsed=6.7 min | eta=3.6 min
[2026-07-24 18:23:31] INFO Epoch 034 | train batch=930/1418 | elapsed=6.7 min | eta=3.5 min
[2026-07-24 18:23:36] INFO Epoch 034 | train batch=940/1418 | elapsed=6.8 min | eta=3.5 min
[2026-07-24 18:23:40] INFO Epoch 034 | train batch=950/1418 | elapsed=6.9 min | eta=3.4 min
[2026-07-24 18:23:44] INFO Epoch 034 | train batch=960/1418 | elapsed=7.0 min | eta=3.3 min
[2026-07-24 18:23:48] INFO Epoch 034 | train batch=970/1418 | elapsed=7.0 min | eta=3.2 min
[2026-07-24 18:23:53] INFO Epoch 034 | train batch=980/1418 | elapsed=7.1 min | eta=3.2 min
[2026-07-24 18:23:57] INFO Epoch 034 | train batch=990/1418 | elapsed=7.2 min | eta=3.1 min
[2026-07-24 18:24:01] INFO Epoch 034 | train batch=1000/1418 | elapsed=7.2 min | eta=3.0 min
[2026-07-24 18:24:06] INFO Epoch 034 | train batch=1010/1418 | elapsed=7.3 min | eta=3.0 min
[2026-07-24 18:24:10] INFO Epoch 034 | train batch=1020/1418 | elapsed=7.4 min | eta=2.9 min
[2026-07-24 18:24:15] INFO Epoch 034 | train batch=1030/1418 | elapsed=7.5 min | eta=2.8 min
[2026-07-24 18:24:19] INFO Epoch 034 | train batch=1040/1418 | elapsed=7.5 min | eta=2.7 min
[2026-07-24 18:24:23] INFO Epoch 034 | train batch=1050/1418 | elapsed=7.6 min | eta=2.7 min
[2026-07-24 18:24:27] INFO Epoch 034 | train batch=1060/1418 | elapsed=7.7 min | eta=2.6 min
[2026-07-24 18:24:32] INFO Epoch 034 | train batch=1070/1418 | elapsed=7.7 min | eta=2.5 min
[2026-07-24 18:24:36] INFO Epoch 034 | train batch=1080/1418 | elapsed=7.8 min | eta=2.4 min
[2026-07-24 18:24:40] INFO Epoch 034 | train batch=1090/1418 | elapsed=7.9 min | eta=2.4 min
[2026-07-24 18:24:44] INFO Epoch 034 | train batch=1100/1418 | elapsed=8.0 min | eta=2.3 min
[2026-07-24 18:24:49] INFO Epoch 034 | train batch=1110/1418 | elapsed=8.0 min | eta=2.2 min
[2026-07-24 18:24:53] INFO Epoch 034 | train batch=1120/1418 | elapsed=8.1 min | eta=2.2 min
[2026-07-24 18:24:58] INFO Epoch 034 | train batch=1130/1418 | elapsed=8.2 min | eta=2.1 min
[2026-07-24 18:25:02] INFO Epoch 034 | train batch=1140/1418 | elapsed=8.3 min | eta=2.0 min
[2026-07-24 18:25:06] INFO Epoch 034 | train batch=1150/1418 | elapsed=8.3 min | eta=1.9 min
[2026-07-24 18:25:11] INFO Epoch 034 | train batch=1160/1418 | elapsed=8.4 min | eta=1.9 min
[2026-07-24 18:25:15] INFO Epoch 034 | train batch=1170/1418 | elapsed=8.5 min | eta=1.8 min
[2026-07-24 18:25:19] INFO Epoch 034 | train batch=1180/1418 | elapsed=8.5 min | eta=1.7 min
[2026-07-24 18:25:24] INFO Epoch 034 | train batch=1190/1418 | elapsed=8.6 min | eta=1.7 min
[2026-07-24 18:25:28] INFO Epoch 034 | train batch=1200/1418 | elapsed=8.7 min | eta=1.6 min
[2026-07-24 18:25:32] INFO Epoch 034 | train batch=1210/1418 | elapsed=8.8 min | eta=1.5 min
[2026-07-24 18:25:36] INFO Epoch 034 | train batch=1220/1418 | elapsed=8.8 min | eta=1.4 min
[2026-07-24 18:25:40] INFO Epoch 034 | train batch=1230/1418 | elapsed=8.9 min | eta=1.4 min
[2026-07-24 18:25:45] INFO Epoch 034 | train batch=1240/1418 | elapsed=9.0 min | eta=1.3 min
[2026-07-24 18:25:49] INFO Epoch 034 | train batch=1250/1418 | elapsed=9.0 min | eta=1.2 min
[2026-07-24 18:25:53] INFO Epoch 034 | train batch=1260/1418 | elapsed=9.1 min | eta=1.1 min
[2026-07-24 18:25:58] INFO Epoch 034 | train batch=1270/1418 | elapsed=9.2 min | eta=1.1 min
[2026-07-24 18:26:02] INFO Epoch 034 | train batch=1280/1418 | elapsed=9.3 min | eta=1.0 min
[2026-07-24 18:26:06] INFO Epoch 034 | train batch=1290/1418 | elapsed=9.3 min | eta=0.9 min
[2026-07-24 18:26:11] INFO Epoch 034 | train batch=1300/1418 | elapsed=9.4 min | eta=0.9 min
[2026-07-24 18:26:15] INFO Epoch 034 | train batch=1310/1418 | elapsed=9.5 min | eta=0.8 min
[2026-07-24 18:26:19] INFO Epoch 034 | train batch=1320/1418 | elapsed=9.5 min | eta=0.7 min
[2026-07-24 18:26:24] INFO Epoch 034 | train batch=1330/1418 | elapsed=9.6 min | eta=0.6 min
[2026-07-24 18:26:28] INFO Epoch 034 | train batch=1340/1418 | elapsed=9.7 min | eta=0.6 min
[2026-07-24 18:26:32] INFO Epoch 034 | train batch=1350/1418 | elapsed=9.8 min | eta=0.5 min
[2026-07-24 18:26:37] INFO Epoch 034 | train batch=1360/1418 | elapsed=9.8 min | eta=0.4 min
[2026-07-24 18:26:42] INFO Epoch 034 | train batch=1370/1418 | elapsed=9.9 min | eta=0.3 min
[2026-07-24 18:26:46] INFO Epoch 034 | train batch=1380/1418 | elapsed=10.0 min | eta=0.3 min
[2026-07-24 18:26:51] INFO Epoch 034 | train batch=1390/1418 | elapsed=10.1 min | eta=0.2 min
[2026-07-24 18:26:55] INFO Epoch 034 | train batch=1400/1418 | elapsed=10.1 min | eta=0.1 min
[2026-07-24 18:26:59] INFO Epoch 034 | train batch=1410/1418 | elapsed=10.2 min | eta=0.1 min
[2026-07-24 18:27:02] INFO Epoch 034 | train batch=1418/1418 | elapsed=10.3 min | eta=0.0 min
[2026-07-24 18:27:03] INFO Epoch 034 | val batch=1/188 | elapsed=0.0 min | eta=0.5 min
[2026-07-24 18:27:04] INFO Epoch 034 | val batch=10/188 | elapsed=0.0 min | eta=0.6 min
[2026-07-24 18:27:06] INFO Epoch 034 | val batch=20/188 | elapsed=0.1 min | eta=0.5 min
[2026-07-24 18:27:08] INFO Epoch 034 | val batch=30/188 | elapsed=0.1 min | eta=0.5 min
[2026-07-24 18:27:10] INFO Epoch 034 | val batch=40/188 | elapsed=0.1 min | eta=0.5 min
[2026-07-24 18:27:12] INFO Epoch 034 | val batch=50/188 | elapsed=0.2 min | eta=0.4 min
[2026-07-24 18:27:14] INFO Epoch 034 | val batch=60/188 | elapsed=0.2 min | eta=0.4 min
[2026-07-24 18:27:16] INFO Epoch 034 | val batch=70/188 | elapsed=0.2 min | eta=0.4 min
[2026-07-24 18:27:18] INFO Epoch 034 | val batch=80/188 | elapsed=0.3 min | eta=0.3 min
[2026-07-24 18:27:20] INFO Epoch 034 | val batch=90/188 | elapsed=0.3 min | eta=0.3 min
[2026-07-24 18:27:21] INFO Epoch 034 | val batch=100/188 | elapsed=0.3 min | eta=0.3 min
[2026-07-24 18:27:23] INFO Epoch 034 | val batch=110/188 | elapsed=0.3 min | eta=0.2 min
[2026-07-24 18:27:25] INFO Epoch 034 | val batch=120/188 | elapsed=0.4 min | eta=0.2 min
[2026-07-24 18:27:27] INFO Epoch 034 | val batch=130/188 | elapsed=0.4 min | eta=0.2 min
[2026-07-24 18:27:29] INFO Epoch 034 | val batch=140/188 | elapsed=0.4 min | eta=0.2 min
[2026-07-24 18:27:31] INFO Epoch 034 | val batch=150/188 | elapsed=0.5 min | eta=0.1 min
[2026-07-24 18:27:33] INFO Epoch 034 | val batch=160/188 | elapsed=0.5 min | eta=0.1 min
[2026-07-24 18:27:35] INFO Epoch 034 | val batch=170/188 | elapsed=0.5 min | eta=0.1 min
[2026-07-24 18:27:36] INFO Epoch 034 | val batch=180/188 | elapsed=0.6 min | eta=0.0 min
[2026-07-24 18:27:38] INFO Epoch 034 | val batch=188/188 | elapsed=0.6 min | eta=0.0 min
[2026-07-24 18:27:38] INFO Epoch 034 | train_total=0.426163 | val_total=0.429102 | val_mask=0.221423 | val_retrieval=2.076788 | val_anchors=611264 | val_positive_pairs=0 | val_hard_negatives=0 | val_relation_candidates=7439984 | val_teacher_keff=3.904 | val_student_keff=6.565 | val_masked_positions=42211306 | skipped(train/val)=0/0
[2026-07-24 18:27:38] INFO Epoch 035/050 started | train_batches=1418 | val_batches=188
[2026-07-24 18:27:38] INFO Epoch 035 | train batch=1/1418 | elapsed=0.0 min | eta=9.1 min
[2026-07-24 18:27:42] INFO Epoch 035 | train batch=10/1418 | elapsed=0.1 min | eta=10.1 min
[2026-07-24 18:27:46] INFO Epoch 035 | train batch=20/1418 | elapsed=0.1 min | eta=10.1 min
[2026-07-24 18:27:51] INFO Epoch 035 | train batch=30/1418 | elapsed=0.2 min | eta=9.9 min
[2026-07-24 18:27:55] INFO Epoch 035 | train batch=40/1418 | elapsed=0.3 min | eta=9.9 min
[2026-07-24 18:27:59] INFO Epoch 035 | train batch=50/1418 | elapsed=0.4 min | eta=9.8 min
[2026-07-24 18:28:03] INFO Epoch 035 | train batch=60/1418 | elapsed=0.4 min | eta=9.7 min
[2026-07-24 18:28:08] INFO Epoch 035 | train batch=70/1418 | elapsed=0.5 min | eta=9.6 min
[2026-07-24 18:28:12] INFO Epoch 035 | train batch=80/1418 | elapsed=0.6 min | eta=9.5 min
[2026-07-24 18:28:16] INFO Epoch 035 | train batch=90/1418 | elapsed=0.6 min | eta=9.5 min
[2026-07-24 18:28:20] INFO Epoch 035 | train batch=100/1418 | elapsed=0.7 min | eta=9.4 min
[2026-07-24 18:28:25] INFO Epoch 035 | train batch=110/1418 | elapsed=0.8 min | eta=9.3 min
[2026-07-24 18:28:28] INFO Epoch 035 | train batch=120/1418 | elapsed=0.8 min | eta=9.2 min
[2026-07-24 18:28:33] INFO Epoch 035 | train batch=130/1418 | elapsed=0.9 min | eta=9.1 min
[2026-07-24 18:28:37] INFO Epoch 035 | train batch=140/1418 | elapsed=1.0 min | eta=9.0 min
[2026-07-24 18:28:41] INFO Epoch 035 | train batch=150/1418 | elapsed=1.1 min | eta=8.9 min
[2026-07-24 18:28:46] INFO Epoch 035 | train batch=160/1418 | elapsed=1.1 min | eta=8.9 min
[2026-07-24 18:28:50] INFO Epoch 035 | train batch=170/1418 | elapsed=1.2 min | eta=8.8 min
[2026-07-24 18:28:54] INFO Epoch 035 | train batch=180/1418 | elapsed=1.3 min | eta=8.8 min
[2026-07-24 18:28:59] INFO Epoch 035 | train batch=190/1418 | elapsed=1.4 min | eta=8.7 min
[2026-07-24 18:29:03] INFO Epoch 035 | train batch=200/1418 | elapsed=1.4 min | eta=8.7 min
[2026-07-24 18:29:07] INFO Epoch 035 | train batch=210/1418 | elapsed=1.5 min | eta=8.6 min
[2026-07-24 18:29:12] INFO Epoch 035 | train batch=220/1418 | elapsed=1.6 min | eta=8.5 min
[2026-07-24 18:29:16] INFO Epoch 035 | train batch=230/1418 | elapsed=1.6 min | eta=8.5 min
[2026-07-24 18:29:20] INFO Epoch 035 | train batch=240/1418 | elapsed=1.7 min | eta=8.4 min
[2026-07-24 18:29:25] INFO Epoch 035 | train batch=250/1418 | elapsed=1.8 min | eta=8.3 min
[2026-07-24 18:29:29] INFO Epoch 035 | train batch=260/1418 | elapsed=1.9 min | eta=8.2 min
[2026-07-24 18:29:33] INFO Epoch 035 | train batch=270/1418 | elapsed=1.9 min | eta=8.2 min
[2026-07-24 18:29:37] INFO Epoch 035 | train batch=280/1418 | elapsed=2.0 min | eta=8.1 min
[2026-07-24 18:29:42] INFO Epoch 035 | train batch=290/1418 | elapsed=2.1 min | eta=8.0 min
[2026-07-24 18:29:46] INFO Epoch 035 | train batch=300/1418 | elapsed=2.1 min | eta=8.0 min
[2026-07-24 18:29:50] INFO Epoch 035 | train batch=310/1418 | elapsed=2.2 min | eta=7.9 min
[2026-07-24 18:29:55] INFO Epoch 035 | train batch=320/1418 | elapsed=2.3 min | eta=7.8 min
[2026-07-24 18:29:59] INFO Epoch 035 | train batch=330/1418 | elapsed=2.4 min | eta=7.8 min
[2026-07-24 18:30:03] INFO Epoch 035 | train batch=340/1418 | elapsed=2.4 min | eta=7.7 min
[2026-07-24 18:30:08] INFO Epoch 035 | train batch=350/1418 | elapsed=2.5 min | eta=7.6 min
[2026-07-24 18:30:12] INFO Epoch 035 | train batch=360/1418 | elapsed=2.6 min | eta=7.5 min
[2026-07-24 18:30:16] INFO Epoch 035 | train batch=370/1418 | elapsed=2.6 min | eta=7.5 min
[2026-07-24 18:30:21] INFO Epoch 035 | train batch=380/1418 | elapsed=2.7 min | eta=7.4 min
[2026-07-24 18:30:25] INFO Epoch 035 | train batch=390/1418 | elapsed=2.8 min | eta=7.3 min
[2026-07-24 18:30:29] INFO Epoch 035 | train batch=400/1418 | elapsed=2.9 min | eta=7.3 min
[2026-07-24 18:30:33] INFO Epoch 035 | train batch=410/1418 | elapsed=2.9 min | eta=7.2 min
[2026-07-24 18:30:38] INFO Epoch 035 | train batch=420/1418 | elapsed=3.0 min | eta=7.1 min
[2026-07-24 18:30:42] INFO Epoch 035 | train batch=430/1418 | elapsed=3.1 min | eta=7.1 min
[2026-07-24 18:30:46] INFO Epoch 035 | train batch=440/1418 | elapsed=3.1 min | eta=7.0 min
[2026-07-24 18:30:50] INFO Epoch 035 | train batch=450/1418 | elapsed=3.2 min | eta=6.9 min
[2026-07-24 18:30:55] INFO Epoch 035 | train batch=460/1418 | elapsed=3.3 min | eta=6.8 min
[2026-07-24 18:30:59] INFO Epoch 035 | train batch=470/1418 | elapsed=3.4 min | eta=6.8 min
[2026-07-24 18:31:03] INFO Epoch 035 | train batch=480/1418 | elapsed=3.4 min | eta=6.7 min
[2026-07-24 18:31:07] INFO Epoch 035 | train batch=490/1418 | elapsed=3.5 min | eta=6.6 min
[2026-07-24 18:31:11] INFO Epoch 035 | train batch=500/1418 | elapsed=3.6 min | eta=6.5 min
[2026-07-24 18:31:16] INFO Epoch 035 | train batch=510/1418 | elapsed=3.6 min | eta=6.5 min
[2026-07-24 18:31:20] INFO Epoch 035 | train batch=520/1418 | elapsed=3.7 min | eta=6.4 min
[2026-07-24 18:31:24] INFO Epoch 035 | train batch=530/1418 | elapsed=3.8 min | eta=6.3 min
[2026-07-24 18:31:29] INFO Epoch 035 | train batch=540/1418 | elapsed=3.8 min | eta=6.3 min
[2026-07-24 18:31:33] INFO Epoch 035 | train batch=550/1418 | elapsed=3.9 min | eta=6.2 min
[2026-07-24 18:31:37] INFO Epoch 035 | train batch=560/1418 | elapsed=4.0 min | eta=6.1 min
[2026-07-24 18:31:41] INFO Epoch 035 | train batch=570/1418 | elapsed=4.1 min | eta=6.0 min
[2026-07-24 18:31:45] INFO Epoch 035 | train batch=580/1418 | elapsed=4.1 min | eta=6.0 min
[2026-07-24 18:31:50] INFO Epoch 035 | train batch=590/1418 | elapsed=4.2 min | eta=5.9 min
[2026-07-24 18:31:54] INFO Epoch 035 | train batch=600/1418 | elapsed=4.3 min | eta=5.8 min
[2026-07-24 18:31:58] INFO Epoch 035 | train batch=610/1418 | elapsed=4.3 min | eta=5.8 min
[2026-07-24 18:32:03] INFO Epoch 035 | train batch=620/1418 | elapsed=4.4 min | eta=5.7 min
[2026-07-24 18:32:07] INFO Epoch 035 | train batch=630/1418 | elapsed=4.5 min | eta=5.6 min
[2026-07-24 18:32:11] INFO Epoch 035 | train batch=640/1418 | elapsed=4.6 min | eta=5.5 min
[2026-07-24 18:32:16] INFO Epoch 035 | train batch=650/1418 | elapsed=4.6 min | eta=5.5 min
[2026-07-24 18:32:19] INFO Epoch 035 | train batch=660/1418 | elapsed=4.7 min | eta=5.4 min
[2026-07-24 18:32:23] INFO Epoch 035 | train batch=670/1418 | elapsed=4.8 min | eta=5.3 min
[2026-07-24 18:32:28] INFO Epoch 035 | train batch=680/1418 | elapsed=4.8 min | eta=5.2 min
[2026-07-24 18:32:32] INFO Epoch 035 | train batch=690/1418 | elapsed=4.9 min | eta=5.2 min
[2026-07-24 18:32:36] INFO Epoch 035 | train batch=700/1418 | elapsed=5.0 min | eta=5.1 min
[2026-07-24 18:32:41] INFO Epoch 035 | train batch=710/1418 | elapsed=5.0 min | eta=5.0 min
[2026-07-24 18:32:45] INFO Epoch 035 | train batch=720/1418 | elapsed=5.1 min | eta=5.0 min
[2026-07-24 18:32:49] INFO Epoch 035 | train batch=730/1418 | elapsed=5.2 min | eta=4.9 min
[2026-07-24 18:32:54] INFO Epoch 035 | train batch=740/1418 | elapsed=5.3 min | eta=4.8 min
[2026-07-24 18:32:58] INFO Epoch 035 | train batch=750/1418 | elapsed=5.3 min | eta=4.8 min
[2026-07-24 18:33:03] INFO Epoch 035 | train batch=760/1418 | elapsed=5.4 min | eta=4.7 min
[2026-07-24 18:33:07] INFO Epoch 035 | train batch=770/1418 | elapsed=5.5 min | eta=4.6 min
[2026-07-24 18:33:11] INFO Epoch 035 | train batch=780/1418 | elapsed=5.6 min | eta=4.5 min
[2026-07-24 18:33:15] INFO Epoch 035 | train batch=790/1418 | elapsed=5.6 min | eta=4.5 min
[2026-07-24 18:33:20] INFO Epoch 035 | train batch=800/1418 | elapsed=5.7 min | eta=4.4 min
[2026-07-24 18:33:24] INFO Epoch 035 | train batch=810/1418 | elapsed=5.8 min | eta=4.3 min
[2026-07-24 18:33:28] INFO Epoch 035 | train batch=820/1418 | elapsed=5.8 min | eta=4.3 min
[2026-07-24 18:33:33] INFO Epoch 035 | train batch=830/1418 | elapsed=5.9 min | eta=4.2 min
[2026-07-24 18:33:37] INFO Epoch 035 | train batch=840/1418 | elapsed=6.0 min | eta=4.1 min
[2026-07-24 18:33:42] INFO Epoch 035 | train batch=850/1418 | elapsed=6.1 min | eta=4.1 min
[2026-07-24 18:33:46] INFO Epoch 035 | train batch=860/1418 | elapsed=6.1 min | eta=4.0 min
[2026-07-24 18:33:51] INFO Epoch 035 | train batch=870/1418 | elapsed=6.2 min | eta=3.9 min
[2026-07-24 18:33:55] INFO Epoch 035 | train batch=880/1418 | elapsed=6.3 min | eta=3.8 min
[2026-07-24 18:34:00] INFO Epoch 035 | train batch=890/1418 | elapsed=6.4 min | eta=3.8 min
[2026-07-24 18:34:04] INFO Epoch 035 | train batch=900/1418 | elapsed=6.4 min | eta=3.7 min
[2026-07-24 18:34:08] INFO Epoch 035 | train batch=910/1418 | elapsed=6.5 min | eta=3.6 min
[2026-07-24 18:34:12] INFO Epoch 035 | train batch=920/1418 | elapsed=6.6 min | eta=3.6 min
[2026-07-24 18:34:17] INFO Epoch 035 | train batch=930/1418 | elapsed=6.6 min | eta=3.5 min
[2026-07-24 18:34:21] INFO Epoch 035 | train batch=940/1418 | elapsed=6.7 min | eta=3.4 min
[2026-07-24 18:34:25] INFO Epoch 035 | train batch=950/1418 | elapsed=6.8 min | eta=3.3 min
[2026-07-24 18:34:29] INFO Epoch 035 | train batch=960/1418 | elapsed=6.9 min | eta=3.3 min
[2026-07-24 18:34:34] INFO Epoch 035 | train batch=970/1418 | elapsed=6.9 min | eta=3.2 min
[2026-07-24 18:34:38] INFO Epoch 035 | train batch=980/1418 | elapsed=7.0 min | eta=3.1 min
[2026-07-24 18:34:42] INFO Epoch 035 | train batch=990/1418 | elapsed=7.1 min | eta=3.1 min
[2026-07-24 18:34:47] INFO Epoch 035 | train batch=1000/1418 | elapsed=7.2 min | eta=3.0 min
[2026-07-24 18:34:51] INFO Epoch 035 | train batch=1010/1418 | elapsed=7.2 min | eta=2.9 min
[2026-07-24 18:34:55] INFO Epoch 035 | train batch=1020/1418 | elapsed=7.3 min | eta=2.8 min
[2026-07-24 18:34:59] INFO Epoch 035 | train batch=1030/1418 | elapsed=7.4 min | eta=2.8 min
[2026-07-24 18:35:04] INFO Epoch 035 | train batch=1040/1418 | elapsed=7.4 min | eta=2.7 min
[2026-07-24 18:35:08] INFO Epoch 035 | train batch=1050/1418 | elapsed=7.5 min | eta=2.6 min
[2026-07-24 18:35:13] INFO Epoch 035 | train batch=1060/1418 | elapsed=7.6 min | eta=2.6 min
[2026-07-24 18:35:17] INFO Epoch 035 | train batch=1070/1418 | elapsed=7.6 min | eta=2.5 min
[2026-07-24 18:35:21] INFO Epoch 035 | train batch=1080/1418 | elapsed=7.7 min | eta=2.4 min
[2026-07-24 18:35:25] INFO Epoch 035 | train batch=1090/1418 | elapsed=7.8 min | eta=2.3 min
[2026-07-24 18:35:30] INFO Epoch 035 | train batch=1100/1418 | elapsed=7.9 min | eta=2.3 min
[2026-07-24 18:35:34] INFO Epoch 035 | train batch=1110/1418 | elapsed=7.9 min | eta=2.2 min
[2026-07-24 18:35:38] INFO Epoch 035 | train batch=1120/1418 | elapsed=8.0 min | eta=2.1 min
[2026-07-24 18:35:43] INFO Epoch 035 | train batch=1130/1418 | elapsed=8.1 min | eta=2.1 min
[2026-07-24 18:35:47] INFO Epoch 035 | train batch=1140/1418 | elapsed=8.2 min | eta=2.0 min
[2026-07-24 18:35:51] INFO Epoch 035 | train batch=1150/1418 | elapsed=8.2 min | eta=1.9 min
[2026-07-24 18:35:55] INFO Epoch 035 | train batch=1160/1418 | elapsed=8.3 min | eta=1.8 min
[2026-07-24 18:36:00] INFO Epoch 035 | train batch=1170/1418 | elapsed=8.4 min | eta=1.8 min
[2026-07-24 18:36:04] INFO Epoch 035 | train batch=1180/1418 | elapsed=8.4 min | eta=1.7 min
[2026-07-24 18:36:08] INFO Epoch 035 | train batch=1190/1418 | elapsed=8.5 min | eta=1.6 min
[2026-07-24 18:36:13] INFO Epoch 035 | train batch=1200/1418 | elapsed=8.6 min | eta=1.6 min
[2026-07-24 18:36:17] INFO Epoch 035 | train batch=1210/1418 | elapsed=8.7 min | eta=1.5 min
[2026-07-24 18:36:21] INFO Epoch 035 | train batch=1220/1418 | elapsed=8.7 min | eta=1.4 min
[2026-07-24 18:36:26] INFO Epoch 035 | train batch=1230/1418 | elapsed=8.8 min | eta=1.3 min
[2026-07-24 18:36:30] INFO Epoch 035 | train batch=1240/1418 | elapsed=8.9 min | eta=1.3 min
[2026-07-24 18:36:35] INFO Epoch 035 | train batch=1250/1418 | elapsed=9.0 min | eta=1.2 min
[2026-07-24 18:36:39] INFO Epoch 035 | train batch=1260/1418 | elapsed=9.0 min | eta=1.1 min
[2026-07-24 18:36:44] INFO Epoch 035 | train batch=1270/1418 | elapsed=9.1 min | eta=1.1 min
[2026-07-24 18:36:48] INFO Epoch 035 | train batch=1280/1418 | elapsed=9.2 min | eta=1.0 min
[2026-07-24 18:36:52] INFO Epoch 035 | train batch=1290/1418 | elapsed=9.2 min | eta=0.9 min
[2026-07-24 18:36:56] INFO Epoch 035 | train batch=1300/1418 | elapsed=9.3 min | eta=0.8 min
[2026-07-24 18:37:00] INFO Epoch 035 | train batch=1310/1418 | elapsed=9.4 min | eta=0.8 min
[2026-07-24 18:37:05] INFO Epoch 035 | train batch=1320/1418 | elapsed=9.4 min | eta=0.7 min
[2026-07-24 18:37:09] INFO Epoch 035 | train batch=1330/1418 | elapsed=9.5 min | eta=0.6 min
[2026-07-24 18:37:13] INFO Epoch 035 | train batch=1340/1418 | elapsed=9.6 min | eta=0.6 min
[2026-07-24 18:37:18] INFO Epoch 035 | train batch=1350/1418 | elapsed=9.7 min | eta=0.5 min
[2026-07-24 18:37:22] INFO Epoch 035 | train batch=1360/1418 | elapsed=9.7 min | eta=0.4 min
[2026-07-24 18:37:26] INFO Epoch 035 | train batch=1370/1418 | elapsed=9.8 min | eta=0.3 min
[2026-07-24 18:37:30] INFO Epoch 035 | train batch=1380/1418 | elapsed=9.9 min | eta=0.3 min
[2026-07-24 18:37:35] INFO Epoch 035 | train batch=1390/1418 | elapsed=10.0 min | eta=0.2 min
[2026-07-24 18:37:39] INFO Epoch 035 | train batch=1400/1418 | elapsed=10.0 min | eta=0.1 min
[2026-07-24 18:37:44] INFO Epoch 035 | train batch=1410/1418 | elapsed=10.1 min | eta=0.1 min
[2026-07-24 18:37:47] INFO Epoch 035 | train batch=1418/1418 | elapsed=10.2 min | eta=0.0 min
[2026-07-24 18:37:47] INFO Epoch 035 | val batch=1/188 | elapsed=0.0 min | eta=0.4 min
[2026-07-24 18:37:49] INFO Epoch 035 | val batch=10/188 | elapsed=0.0 min | eta=0.6 min
[2026-07-24 18:37:51] INFO Epoch 035 | val batch=20/188 | elapsed=0.1 min | eta=0.5 min
[2026-07-24 18:37:52] INFO Epoch 035 | val batch=30/188 | elapsed=0.1 min | eta=0.5 min
[2026-07-24 18:37:54] INFO Epoch 035 | val batch=40/188 | elapsed=0.1 min | eta=0.5 min
[2026-07-24 18:37:56] INFO Epoch 035 | val batch=50/188 | elapsed=0.2 min | eta=0.4 min
[2026-07-24 18:37:58] INFO Epoch 035 | val batch=60/188 | elapsed=0.2 min | eta=0.4 min
[2026-07-24 18:38:00] INFO Epoch 035 | val batch=70/188 | elapsed=0.2 min | eta=0.4 min
[2026-07-24 18:38:02] INFO Epoch 035 | val batch=80/188 | elapsed=0.3 min | eta=0.3 min
[2026-07-24 18:38:04] INFO Epoch 035 | val batch=90/188 | elapsed=0.3 min | eta=0.3 min
[2026-07-24 18:38:06] INFO Epoch 035 | val batch=100/188 | elapsed=0.3 min | eta=0.3 min
[2026-07-24 18:38:08] INFO Epoch 035 | val batch=110/188 | elapsed=0.3 min | eta=0.2 min
[2026-07-24 18:38:09] INFO Epoch 035 | val batch=120/188 | elapsed=0.4 min | eta=0.2 min
[2026-07-24 18:38:11] INFO Epoch 035 | val batch=130/188 | elapsed=0.4 min | eta=0.2 min
[2026-07-24 18:38:13] INFO Epoch 035 | val batch=140/188 | elapsed=0.4 min | eta=0.2 min
[2026-07-24 18:38:15] INFO Epoch 035 | val batch=150/188 | elapsed=0.5 min | eta=0.1 min
[2026-07-24 18:38:17] INFO Epoch 035 | val batch=160/188 | elapsed=0.5 min | eta=0.1 min
[2026-07-24 18:38:19] INFO Epoch 035 | val batch=170/188 | elapsed=0.5 min | eta=0.1 min
[2026-07-24 18:38:21] INFO Epoch 035 | val batch=180/188 | elapsed=0.6 min | eta=0.0 min
[2026-07-24 18:38:22] INFO Epoch 035 | val batch=188/188 | elapsed=0.6 min | eta=0.0 min
[2026-07-24 18:38:22] INFO Epoch 035 | train_total=0.432878 | val_total=0.430309 | val_mask=0.223027 | val_retrieval=2.072817 | val_anchors=611264 | val_positive_pairs=0 | val_hard_negatives=0 | val_relation_candidates=7439984 | val_teacher_keff=3.904 | val_student_keff=6.878 | val_masked_positions=42212770 | skipped(train/val)=0/0
[2026-07-24 18:38:22] INFO Epoch 036/050 started | train_batches=1418 | val_batches=188
[2026-07-24 18:38:22] INFO Epoch 036 | train batch=1/1418 | elapsed=0.0 min | eta=9.0 min
[2026-07-24 18:38:26] INFO Epoch 036 | train batch=10/1418 | elapsed=0.1 min | eta=9.3 min
[2026-07-24 18:38:30] INFO Epoch 036 | train batch=20/1418 | elapsed=0.1 min | eta=9.4 min
[2026-07-24 18:38:34] INFO Epoch 036 | train batch=30/1418 | elapsed=0.2 min | eta=9.4 min
[2026-07-24 18:38:39] INFO Epoch 036 | train batch=40/1418 | elapsed=0.3 min | eta=9.6 min
[2026-07-24 18:38:43] INFO Epoch 036 | train batch=50/1418 | elapsed=0.4 min | eta=9.8 min
[2026-07-24 18:38:48] INFO Epoch 036 | train batch=60/1418 | elapsed=0.4 min | eta=9.7 min
[2026-07-24 18:38:52] INFO Epoch 036 | train batch=70/1418 | elapsed=0.5 min | eta=9.6 min
[2026-07-24 18:38:56] INFO Epoch 036 | train batch=80/1418 | elapsed=0.6 min | eta=9.5 min
[2026-07-24 18:39:00] INFO Epoch 036 | train batch=90/1418 | elapsed=0.6 min | eta=9.4 min
[2026-07-24 18:39:05] INFO Epoch 036 | train batch=100/1418 | elapsed=0.7 min | eta=9.4 min
[2026-07-24 18:39:09] INFO Epoch 036 | train batch=110/1418 | elapsed=0.8 min | eta=9.3 min
[2026-07-24 18:39:13] INFO Epoch 036 | train batch=120/1418 | elapsed=0.9 min | eta=9.3 min
[2026-07-24 18:39:18] INFO Epoch 036 | train batch=130/1418 | elapsed=0.9 min | eta=9.2 min
[2026-07-24 18:39:22] INFO Epoch 036 | train batch=140/1418 | elapsed=1.0 min | eta=9.1 min
[2026-07-24 18:39:26] INFO Epoch 036 | train batch=150/1418 | elapsed=1.1 min | eta=9.0 min
[2026-07-24 18:39:30] INFO Epoch 036 | train batch=160/1418 | elapsed=1.1 min | eta=9.0 min
[2026-07-24 18:39:35] INFO Epoch 036 | train batch=170/1418 | elapsed=1.2 min | eta=8.9 min
[2026-07-24 18:39:39] INFO Epoch 036 | train batch=180/1418 | elapsed=1.3 min | eta=8.8 min
[2026-07-24 18:39:43] INFO Epoch 036 | train batch=190/1418 | elapsed=1.4 min | eta=8.8 min
[2026-07-24 18:39:47] INFO Epoch 036 | train batch=200/1418 | elapsed=1.4 min | eta=8.7 min
[2026-07-24 18:39:52] INFO Epoch 036 | train batch=210/1418 | elapsed=1.5 min | eta=8.6 min
[2026-07-24 18:39:56] INFO Epoch 036 | train batch=220/1418 | elapsed=1.6 min | eta=8.5 min
[2026-07-24 18:40:00] INFO Epoch 036 | train batch=230/1418 | elapsed=1.6 min | eta=8.5 min
[2026-07-24 18:40:05] INFO Epoch 036 | train batch=240/1418 | elapsed=1.7 min | eta=8.4 min
[2026-07-24 18:40:09] INFO Epoch 036 | train batch=250/1418 | elapsed=1.8 min | eta=8.3 min
[2026-07-24 18:40:13] INFO Epoch 036 | train batch=260/1418 | elapsed=1.9 min | eta=8.3 min
[2026-07-24 18:40:18] INFO Epoch 036 | train batch=270/1418 | elapsed=1.9 min | eta=8.2 min
[2026-07-24 18:40:22] INFO Epoch 036 | train batch=280/1418 | elapsed=2.0 min | eta=8.1 min
[2026-07-24 18:40:26] INFO Epoch 036 | train batch=290/1418 | elapsed=2.1 min | eta=8.1 min
[2026-07-24 18:40:31] INFO Epoch 036 | train batch=300/1418 | elapsed=2.1 min | eta=8.0 min
[2026-07-24 18:40:35] INFO Epoch 036 | train batch=310/1418 | elapsed=2.2 min | eta=7.9 min
[2026-07-24 18:40:39] INFO Epoch 036 | train batch=320/1418 | elapsed=2.3 min | eta=7.8 min
[2026-07-24 18:40:44] INFO Epoch 036 | train batch=330/1418 | elapsed=2.4 min | eta=7.8 min
[2026-07-24 18:40:48] INFO Epoch 036 | train batch=340/1418 | elapsed=2.4 min | eta=7.7 min
[2026-07-24 18:40:52] INFO Epoch 036 | train batch=350/1418 | elapsed=2.5 min | eta=7.7 min
[2026-07-24 18:40:57] INFO Epoch 036 | train batch=360/1418 | elapsed=2.6 min | eta=7.6 min
[2026-07-24 18:41:01] INFO Epoch 036 | train batch=370/1418 | elapsed=2.6 min | eta=7.5 min
[2026-07-24 18:41:05] INFO Epoch 036 | train batch=380/1418 | elapsed=2.7 min | eta=7.4 min
[2026-07-24 18:41:09] INFO Epoch 036 | train batch=390/1418 | elapsed=2.8 min | eta=7.3 min
[2026-07-24 18:41:13] INFO Epoch 036 | train batch=400/1418 | elapsed=2.9 min | eta=7.3 min
[2026-07-24 18:41:18] INFO Epoch 036 | train batch=410/1418 | elapsed=2.9 min | eta=7.2 min
[2026-07-24 18:41:22] INFO Epoch 036 | train batch=420/1418 | elapsed=3.0 min | eta=7.1 min
[2026-07-24 18:41:26] INFO Epoch 036 | train batch=430/1418 | elapsed=3.1 min | eta=7.0 min
[2026-07-24 18:41:30] INFO Epoch 036 | train batch=440/1418 | elapsed=3.1 min | eta=7.0 min
[2026-07-24 18:41:34] INFO Epoch 036 | train batch=450/1418 | elapsed=3.2 min | eta=6.9 min
[2026-07-24 18:41:39] INFO Epoch 036 | train batch=460/1418 | elapsed=3.3 min | eta=6.8 min
[2026-07-24 18:41:43] INFO Epoch 036 | train batch=470/1418 | elapsed=3.4 min | eta=6.8 min
[2026-07-24 18:41:47] INFO Epoch 036 | train batch=480/1418 | elapsed=3.4 min | eta=6.7 min
[2026-07-24 18:41:52] INFO Epoch 036 | train batch=490/1418 | elapsed=3.5 min | eta=6.6 min
[2026-07-24 18:41:56] INFO Epoch 036 | train batch=500/1418 | elapsed=3.6 min | eta=6.6 min
[2026-07-24 18:42:01] INFO Epoch 036 | train batch=510/1418 | elapsed=3.6 min | eta=6.5 min
[2026-07-24 18:42:05] INFO Epoch 036 | train batch=520/1418 | elapsed=3.7 min | eta=6.4 min
[2026-07-24 18:42:09] INFO Epoch 036 | train batch=530/1418 | elapsed=3.8 min | eta=6.3 min
[2026-07-24 18:42:14] INFO Epoch 036 | train batch=540/1418 | elapsed=3.9 min | eta=6.3 min
[2026-07-24 18:42:18] INFO Epoch 036 | train batch=550/1418 | elapsed=3.9 min | eta=6.2 min
[2026-07-24 18:42:22] INFO Epoch 036 | train batch=560/1418 | elapsed=4.0 min | eta=6.1 min
[2026-07-24 18:42:27] INFO Epoch 036 | train batch=570/1418 | elapsed=4.1 min | eta=6.1 min
[2026-07-24 18:42:31] INFO Epoch 036 | train batch=580/1418 | elapsed=4.2 min | eta=6.0 min
[2026-07-24 18:42:35] INFO Epoch 036 | train batch=590/1418 | elapsed=4.2 min | eta=5.9 min
[2026-07-24 18:42:39] INFO Epoch 036 | train batch=600/1418 | elapsed=4.3 min | eta=5.8 min
[2026-07-24 18:42:44] INFO Epoch 036 | train batch=610/1418 | elapsed=4.4 min | eta=5.8 min
[2026-07-24 18:42:48] INFO Epoch 036 | train batch=620/1418 | elapsed=4.4 min | eta=5.7 min
[2026-07-24 18:42:52] INFO Epoch 036 | train batch=630/1418 | elapsed=4.5 min | eta=5.6 min
[2026-07-24 18:42:56] INFO Epoch 036 | train batch=640/1418 | elapsed=4.6 min | eta=5.6 min
[2026-07-24 18:43:00] INFO Epoch 036 | train batch=650/1418 | elapsed=4.6 min | eta=5.5 min
[2026-07-24 18:43:05] INFO Epoch 036 | train batch=660/1418 | elapsed=4.7 min | eta=5.4 min
[2026-07-24 18:43:09] INFO Epoch 036 | train batch=670/1418 | elapsed=4.8 min | eta=5.3 min
[2026-07-24 18:43:13] INFO Epoch 036 | train batch=680/1418 | elapsed=4.8 min | eta=5.3 min
[2026-07-24 18:43:17] INFO Epoch 036 | train batch=690/1418 | elapsed=4.9 min | eta=5.2 min
[2026-07-24 18:43:21] INFO Epoch 036 | train batch=700/1418 | elapsed=5.0 min | eta=5.1 min
[2026-07-24 18:43:26] INFO Epoch 036 | train batch=710/1418 | elapsed=5.1 min | eta=5.0 min
[2026-07-24 18:43:30] INFO Epoch 036 | train batch=720/1418 | elapsed=5.1 min | eta=5.0 min
[2026-07-24 18:43:35] INFO Epoch 036 | train batch=730/1418 | elapsed=5.2 min | eta=4.9 min
[2026-07-24 18:43:39] INFO Epoch 036 | train batch=740/1418 | elapsed=5.3 min | eta=4.8 min
[2026-07-24 18:43:43] INFO Epoch 036 | train batch=750/1418 | elapsed=5.4 min | eta=4.8 min
[2026-07-24 18:43:47] INFO Epoch 036 | train batch=760/1418 | elapsed=5.4 min | eta=4.7 min
[2026-07-24 18:43:52] INFO Epoch 036 | train batch=770/1418 | elapsed=5.5 min | eta=4.6 min
[2026-07-24 18:43:56] INFO Epoch 036 | train batch=780/1418 | elapsed=5.6 min | eta=4.6 min
[2026-07-24 18:44:00] INFO Epoch 036 | train batch=790/1418 | elapsed=5.6 min | eta=4.5 min
[2026-07-24 18:44:04] INFO Epoch 036 | train batch=800/1418 | elapsed=5.7 min | eta=4.4 min
[2026-07-24 18:44:09] INFO Epoch 036 | train batch=810/1418 | elapsed=5.8 min | eta=4.3 min
[2026-07-24 18:44:13] INFO Epoch 036 | train batch=820/1418 | elapsed=5.9 min | eta=4.3 min
[2026-07-24 18:44:18] INFO Epoch 036 | train batch=830/1418 | elapsed=5.9 min | eta=4.2 min
[2026-07-24 18:44:22] INFO Epoch 036 | train batch=840/1418 | elapsed=6.0 min | eta=4.1 min
[2026-07-24 18:44:27] INFO Epoch 036 | train batch=850/1418 | elapsed=6.1 min | eta=4.1 min
[2026-07-24 18:44:31] INFO Epoch 036 | train batch=860/1418 | elapsed=6.2 min | eta=4.0 min
[2026-07-24 18:44:35] INFO Epoch 036 | train batch=870/1418 | elapsed=6.2 min | eta=3.9 min
[2026-07-24 18:44:40] INFO Epoch 036 | train batch=880/1418 | elapsed=6.3 min | eta=3.8 min
[2026-07-24 18:44:44] INFO Epoch 036 | train batch=890/1418 | elapsed=6.4 min | eta=3.8 min
[2026-07-24 18:44:48] INFO Epoch 036 | train batch=900/1418 | elapsed=6.4 min | eta=3.7 min
[2026-07-24 18:44:52] INFO Epoch 036 | train batch=910/1418 | elapsed=6.5 min | eta=3.6 min
[2026-07-24 18:44:57] INFO Epoch 036 | train batch=920/1418 | elapsed=6.6 min | eta=3.6 min
[2026-07-24 18:45:01] INFO Epoch 036 | train batch=930/1418 | elapsed=6.7 min | eta=3.5 min
[2026-07-24 18:45:05] INFO Epoch 036 | train batch=940/1418 | elapsed=6.7 min | eta=3.4 min
[2026-07-24 18:45:09] INFO Epoch 036 | train batch=950/1418 | elapsed=6.8 min | eta=3.3 min
[2026-07-24 18:45:14] INFO Epoch 036 | train batch=960/1418 | elapsed=6.9 min | eta=3.3 min
[2026-07-24 18:45:18] INFO Epoch 036 | train batch=970/1418 | elapsed=6.9 min | eta=3.2 min
[2026-07-24 18:45:22] INFO Epoch 036 | train batch=980/1418 | elapsed=7.0 min | eta=3.1 min
[2026-07-24 18:45:27] INFO Epoch 036 | train batch=990/1418 | elapsed=7.1 min | eta=3.1 min
[2026-07-24 18:45:31] INFO Epoch 036 | train batch=1000/1418 | elapsed=7.2 min | eta=3.0 min
[2026-07-24 18:45:36] INFO Epoch 036 | train batch=1010/1418 | elapsed=7.2 min | eta=2.9 min
[2026-07-24 18:45:40] INFO Epoch 036 | train batch=1020/1418 | elapsed=7.3 min | eta=2.9 min
[2026-07-24 18:45:45] INFO Epoch 036 | train batch=1030/1418 | elapsed=7.4 min | eta=2.8 min
[2026-07-24 18:45:49] INFO Epoch 036 | train batch=1040/1418 | elapsed=7.4 min | eta=2.7 min
[2026-07-24 18:45:53] INFO Epoch 036 | train batch=1050/1418 | elapsed=7.5 min | eta=2.6 min
[2026-07-24 18:45:58] INFO Epoch 036 | train batch=1060/1418 | elapsed=7.6 min | eta=2.6 min
[2026-07-24 18:46:02] INFO Epoch 036 | train batch=1070/1418 | elapsed=7.7 min | eta=2.5 min
[2026-07-24 18:46:06] INFO Epoch 036 | train batch=1080/1418 | elapsed=7.7 min | eta=2.4 min
[2026-07-24 18:46:11] INFO Epoch 036 | train batch=1090/1418 | elapsed=7.8 min | eta=2.4 min
[2026-07-24 18:46:15] INFO Epoch 036 | train batch=1100/1418 | elapsed=7.9 min | eta=2.3 min
[2026-07-24 18:46:19] INFO Epoch 036 | train batch=1110/1418 | elapsed=8.0 min | eta=2.2 min
[2026-07-24 18:46:24] INFO Epoch 036 | train batch=1120/1418 | elapsed=8.0 min | eta=2.1 min
[2026-07-24 18:46:29] INFO Epoch 036 | train batch=1130/1418 | elapsed=8.1 min | eta=2.1 min
[2026-07-24 18:46:33] INFO Epoch 036 | train batch=1140/1418 | elapsed=8.2 min | eta=2.0 min
[2026-07-24 18:46:37] INFO Epoch 036 | train batch=1150/1418 | elapsed=8.3 min | eta=1.9 min
[2026-07-24 18:46:42] INFO Epoch 036 | train batch=1160/1418 | elapsed=8.3 min | eta=1.9 min
[2026-07-24 18:46:46] INFO Epoch 036 | train batch=1170/1418 | elapsed=8.4 min | eta=1.8 min
[2026-07-24 18:46:50] INFO Epoch 036 | train batch=1180/1418 | elapsed=8.5 min | eta=1.7 min
[2026-07-24 18:46:54] INFO Epoch 036 | train batch=1190/1418 | elapsed=8.5 min | eta=1.6 min
[2026-07-24 18:46:59] INFO Epoch 036 | train batch=1200/1418 | elapsed=8.6 min | eta=1.6 min
[2026-07-24 18:47:03] INFO Epoch 036 | train batch=1210/1418 | elapsed=8.7 min | eta=1.5 min
[2026-07-24 18:47:08] INFO Epoch 036 | train batch=1220/1418 | elapsed=8.8 min | eta=1.4 min
[2026-07-24 18:47:12] INFO Epoch 036 | train batch=1230/1418 | elapsed=8.8 min | eta=1.4 min
[2026-07-24 18:47:17] INFO Epoch 036 | train batch=1240/1418 | elapsed=8.9 min | eta=1.3 min
[2026-07-24 18:47:21] INFO Epoch 036 | train batch=1250/1418 | elapsed=9.0 min | eta=1.2 min
[2026-07-24 18:47:25] INFO Epoch 036 | train batch=1260/1418 | elapsed=9.1 min | eta=1.1 min
[2026-07-24 18:47:30] INFO Epoch 036 | train batch=1270/1418 | elapsed=9.1 min | eta=1.1 min
[2026-07-24 18:47:34] INFO Epoch 036 | train batch=1280/1418 | elapsed=9.2 min | eta=1.0 min
[2026-07-24 18:47:38] INFO Epoch 036 | train batch=1290/1418 | elapsed=9.3 min | eta=0.9 min
[2026-07-24 18:47:43] INFO Epoch 036 | train batch=1300/1418 | elapsed=9.3 min | eta=0.8 min
[2026-07-24 18:47:47] INFO Epoch 036 | train batch=1310/1418 | elapsed=9.4 min | eta=0.8 min
[2026-07-24 18:47:52] INFO Epoch 036 | train batch=1320/1418 | elapsed=9.5 min | eta=0.7 min
[2026-07-24 18:47:56] INFO Epoch 036 | train batch=1330/1418 | elapsed=9.6 min | eta=0.6 min
[2026-07-24 18:48:01] INFO Epoch 036 | train batch=1340/1418 | elapsed=9.6 min | eta=0.6 min
[2026-07-24 18:48:05] INFO Epoch 036 | train batch=1350/1418 | elapsed=9.7 min | eta=0.5 min
[2026-07-24 18:48:09] INFO Epoch 036 | train batch=1360/1418 | elapsed=9.8 min | eta=0.4 min
[2026-07-24 18:48:13] INFO Epoch 036 | train batch=1370/1418 | elapsed=9.9 min | eta=0.3 min
[2026-07-24 18:48:17] INFO Epoch 036 | train batch=1380/1418 | elapsed=9.9 min | eta=0.3 min
[2026-07-24 18:48:22] INFO Epoch 036 | train batch=1390/1418 | elapsed=10.0 min | eta=0.2 min
[2026-07-24 18:48:26] INFO Epoch 036 | train batch=1400/1418 | elapsed=10.1 min | eta=0.1 min
[2026-07-24 18:48:30] INFO Epoch 036 | train batch=1410/1418 | elapsed=10.1 min | eta=0.1 min
[2026-07-24 18:48:34] INFO Epoch 036 | train batch=1418/1418 | elapsed=10.2 min | eta=0.0 min
[2026-07-24 18:48:34] INFO Epoch 036 | val batch=1/188 | elapsed=0.0 min | eta=0.4 min
[2026-07-24 18:48:36] INFO Epoch 036 | val batch=10/188 | elapsed=0.0 min | eta=0.6 min
[2026-07-24 18:48:38] INFO Epoch 036 | val batch=20/188 | elapsed=0.1 min | eta=0.5 min
[2026-07-24 18:48:40] INFO Epoch 036 | val batch=30/188 | elapsed=0.1 min | eta=0.5 min
[2026-07-24 18:48:41] INFO Epoch 036 | val batch=40/188 | elapsed=0.1 min | eta=0.5 min
[2026-07-24 18:48:43] INFO Epoch 036 | val batch=50/188 | elapsed=0.2 min | eta=0.4 min
[2026-07-24 18:48:45] INFO Epoch 036 | val batch=60/188 | elapsed=0.2 min | eta=0.4 min
[2026-07-24 18:48:47] INFO Epoch 036 | val batch=70/188 | elapsed=0.2 min | eta=0.4 min
[2026-07-24 18:48:49] INFO Epoch 036 | val batch=80/188 | elapsed=0.2 min | eta=0.3 min
[2026-07-24 18:48:51] INFO Epoch 036 | val batch=90/188 | elapsed=0.3 min | eta=0.3 min
[2026-07-24 18:48:53] INFO Epoch 036 | val batch=100/188 | elapsed=0.3 min | eta=0.3 min
[2026-07-24 18:48:55] INFO Epoch 036 | val batch=110/188 | elapsed=0.3 min | eta=0.2 min
[2026-07-24 18:48:56] INFO Epoch 036 | val batch=120/188 | elapsed=0.4 min | eta=0.2 min
[2026-07-24 18:48:58] INFO Epoch 036 | val batch=130/188 | elapsed=0.4 min | eta=0.2 min
[2026-07-24 18:49:00] INFO Epoch 036 | val batch=140/188 | elapsed=0.4 min | eta=0.2 min
[2026-07-24 18:49:02] INFO Epoch 036 | val batch=150/188 | elapsed=0.5 min | eta=0.1 min
[2026-07-24 18:49:04] INFO Epoch 036 | val batch=160/188 | elapsed=0.5 min | eta=0.1 min
[2026-07-24 18:49:06] INFO Epoch 036 | val batch=170/188 | elapsed=0.5 min | eta=0.1 min
[2026-07-24 18:49:08] INFO Epoch 036 | val batch=180/188 | elapsed=0.6 min | eta=0.0 min
[2026-07-24 18:49:09] INFO Epoch 036 | val batch=188/188 | elapsed=0.6 min | eta=0.0 min
[2026-07-24 18:49:09] INFO Epoch 036 | train_total=0.425189 | val_total=0.430532 | val_mask=0.223022 | val_retrieval=2.075101 | val_anchors=611264 | val_positive_pairs=0 | val_hard_negatives=0 | val_relation_candidates=7439984 | val_teacher_keff=3.904 | val_student_keff=6.659 | val_masked_positions=42193191 | skipped(train/val)=0/0
[2026-07-24 18:49:09] INFO Epoch 037/050 started | train_batches=1418 | val_batches=188
[2026-07-24 18:49:09] INFO Epoch 037 | train batch=1/1418 | elapsed=0.0 min | eta=9.1 min
[2026-07-24 18:49:13] INFO Epoch 037 | train batch=10/1418 | elapsed=0.1 min | eta=10.4 min
[2026-07-24 18:49:18] INFO Epoch 037 | train batch=20/1418 | elapsed=0.1 min | eta=10.2 min
[2026-07-24 18:49:22] INFO Epoch 037 | train batch=30/1418 | elapsed=0.2 min | eta=10.0 min
[2026-07-24 18:49:26] INFO Epoch 037 | train batch=40/1418 | elapsed=0.3 min | eta=9.8 min
[2026-07-24 18:49:30] INFO Epoch 037 | train batch=50/1418 | elapsed=0.4 min | eta=9.7 min
[2026-07-24 18:49:35] INFO Epoch 037 | train batch=60/1418 | elapsed=0.4 min | eta=9.7 min
[2026-07-24 18:49:39] INFO Epoch 037 | train batch=70/1418 | elapsed=0.5 min | eta=9.6 min
[2026-07-24 18:49:43] INFO Epoch 037 | train batch=80/1418 | elapsed=0.6 min | eta=9.6 min
[2026-07-24 18:49:48] INFO Epoch 037 | train batch=90/1418 | elapsed=0.6 min | eta=9.5 min
[2026-07-24 18:49:52] INFO Epoch 037 | train batch=100/1418 | elapsed=0.7 min | eta=9.5 min
[2026-07-24 18:49:57] INFO Epoch 037 | train batch=110/1418 | elapsed=0.8 min | eta=9.4 min
[2026-07-24 18:50:01] INFO Epoch 037 | train batch=120/1418 | elapsed=0.9 min | eta=9.4 min
[2026-07-24 18:50:05] INFO Epoch 037 | train batch=130/1418 | elapsed=0.9 min | eta=9.3 min
[2026-07-24 18:50:09] INFO Epoch 037 | train batch=140/1418 | elapsed=1.0 min | eta=9.2 min
[2026-07-24 18:50:14] INFO Epoch 037 | train batch=150/1418 | elapsed=1.1 min | eta=9.1 min
[2026-07-24 18:50:18] INFO Epoch 037 | train batch=160/1418 | elapsed=1.1 min | eta=9.0 min
[2026-07-24 18:50:22] INFO Epoch 037 | train batch=170/1418 | elapsed=1.2 min | eta=9.0 min
[2026-07-24 18:50:26] INFO Epoch 037 | train batch=180/1418 | elapsed=1.3 min | eta=8.9 min
[2026-07-24 18:50:31] INFO Epoch 037 | train batch=190/1418 | elapsed=1.4 min | eta=8.8 min
[2026-07-24 18:50:35] INFO Epoch 037 | train batch=200/1418 | elapsed=1.4 min | eta=8.7 min
[2026-07-24 18:50:39] INFO Epoch 037 | train batch=210/1418 | elapsed=1.5 min | eta=8.7 min
[2026-07-24 18:50:44] INFO Epoch 037 | train batch=220/1418 | elapsed=1.6 min | eta=8.6 min
[2026-07-24 18:50:48] INFO Epoch 037 | train batch=230/1418 | elapsed=1.7 min | eta=8.5 min
[2026-07-24 18:50:52] INFO Epoch 037 | train batch=240/1418 | elapsed=1.7 min | eta=8.5 min
[2026-07-24 18:50:57] INFO Epoch 037 | train batch=250/1418 | elapsed=1.8 min | eta=8.4 min
[2026-07-24 18:51:01] INFO Epoch 037 | train batch=260/1418 | elapsed=1.9 min | eta=8.3 min
[2026-07-24 18:51:05] INFO Epoch 037 | train batch=270/1418 | elapsed=1.9 min | eta=8.3 min
[2026-07-24 18:51:10] INFO Epoch 037 | train batch=280/1418 | elapsed=2.0 min | eta=8.2 min
[2026-07-24 18:51:14] INFO Epoch 037 | train batch=290/1418 | elapsed=2.1 min | eta=8.1 min
[2026-07-24 18:51:18] INFO Epoch 037 | train batch=300/1418 | elapsed=2.1 min | eta=8.0 min
[2026-07-24 18:51:22] INFO Epoch 037 | train batch=310/1418 | elapsed=2.2 min | eta=7.9 min
[2026-07-24 18:51:25] INFO Epoch 037 | train batch=320/1418 | elapsed=2.3 min | eta=7.8 min
[2026-07-24 18:51:30] INFO Epoch 037 | train batch=330/1418 | elapsed=2.3 min | eta=7.7 min
[2026-07-24 18:51:34] INFO Epoch 037 | train batch=340/1418 | elapsed=2.4 min | eta=7.7 min
[2026-07-24 18:51:39] INFO Epoch 037 | train batch=350/1418 | elapsed=2.5 min | eta=7.6 min
[2026-07-24 18:51:43] INFO Epoch 037 | train batch=360/1418 | elapsed=2.6 min | eta=7.5 min
[2026-07-24 18:51:48] INFO Epoch 037 | train batch=370/1418 | elapsed=2.6 min | eta=7.5 min
[2026-07-24 18:51:52] INFO Epoch 037 | train batch=380/1418 | elapsed=2.7 min | eta=7.4 min
[2026-07-24 18:51:56] INFO Epoch 037 | train batch=390/1418 | elapsed=2.8 min | eta=7.4 min
[2026-07-24 18:52:01] INFO Epoch 037 | train batch=400/1418 | elapsed=2.9 min | eta=7.3 min
[2026-07-24 18:52:05] INFO Epoch 037 | train batch=410/1418 | elapsed=2.9 min | eta=7.2 min
[2026-07-24 18:52:09] INFO Epoch 037 | train batch=420/1418 | elapsed=3.0 min | eta=7.1 min
[2026-07-24 18:52:13] INFO Epoch 037 | train batch=430/1418 | elapsed=3.1 min | eta=7.1 min
[2026-07-24 18:52:18] INFO Epoch 037 | train batch=440/1418 | elapsed=3.2 min | eta=7.0 min
[2026-07-24 18:52:22] INFO Epoch 037 | train batch=450/1418 | elapsed=3.2 min | eta=6.9 min
[2026-07-24 18:52:26] INFO Epoch 037 | train batch=460/1418 | elapsed=3.3 min | eta=6.8 min
[2026-07-24 18:52:31] INFO Epoch 037 | train batch=470/1418 | elapsed=3.4 min | eta=6.8 min
[2026-07-24 18:52:35] INFO Epoch 037 | train batch=480/1418 | elapsed=3.4 min | eta=6.7 min
[2026-07-24 18:52:39] INFO Epoch 037 | train batch=490/1418 | elapsed=3.5 min | eta=6.6 min
[2026-07-24 18:52:44] INFO Epoch 037 | train batch=500/1418 | elapsed=3.6 min | eta=6.6 min
[2026-07-24 18:52:48] INFO Epoch 037 | train batch=510/1418 | elapsed=3.7 min | eta=6.5 min
[2026-07-24 18:52:52] INFO Epoch 037 | train batch=520/1418 | elapsed=3.7 min | eta=6.4 min
[2026-07-24 18:52:57] INFO Epoch 037 | train batch=530/1418 | elapsed=3.8 min | eta=6.4 min
[2026-07-24 18:53:01] INFO Epoch 037 | train batch=540/1418 | elapsed=3.9 min | eta=6.3 min
[2026-07-24 18:53:06] INFO Epoch 037 | train batch=550/1418 | elapsed=3.9 min | eta=6.2 min
[2026-07-24 18:53:10] INFO Epoch 037 | train batch=560/1418 | elapsed=4.0 min | eta=6.2 min
[2026-07-24 18:53:14] INFO Epoch 037 | train batch=570/1418 | elapsed=4.1 min | eta=6.1 min
[2026-07-24 18:53:18] INFO Epoch 037 | train batch=580/1418 | elapsed=4.2 min | eta=6.0 min
[2026-07-24 18:53:23] INFO Epoch 037 | train batch=590/1418 | elapsed=4.2 min | eta=5.9 min
[2026-07-24 18:53:27] INFO Epoch 037 | train batch=600/1418 | elapsed=4.3 min | eta=5.9 min
[2026-07-24 18:53:32] INFO Epoch 037 | train batch=610/1418 | elapsed=4.4 min | eta=5.8 min
[2026-07-24 18:53:36] INFO Epoch 037 | train batch=620/1418 | elapsed=4.4 min | eta=5.7 min
[2026-07-24 18:53:40] INFO Epoch 037 | train batch=630/1418 | elapsed=4.5 min | eta=5.6 min
[2026-07-24 18:53:44] INFO Epoch 037 | train batch=640/1418 | elapsed=4.6 min | eta=5.6 min
[2026-07-24 18:53:48] INFO Epoch 037 | train batch=650/1418 | elapsed=4.7 min | eta=5.5 min
[2026-07-24 18:53:53] INFO Epoch 037 | train batch=660/1418 | elapsed=4.7 min | eta=5.4 min
[2026-07-24 18:53:57] INFO Epoch 037 | train batch=670/1418 | elapsed=4.8 min | eta=5.4 min
[2026-07-24 18:54:02] INFO Epoch 037 | train batch=680/1418 | elapsed=4.9 min | eta=5.3 min
[2026-07-24 18:54:06] INFO Epoch 037 | train batch=690/1418 | elapsed=5.0 min | eta=5.2 min
[2026-07-24 18:54:10] INFO Epoch 037 | train batch=700/1418 | elapsed=5.0 min | eta=5.2 min
[2026-07-24 18:54:15] INFO Epoch 037 | train batch=710/1418 | elapsed=5.1 min | eta=5.1 min
[2026-07-24 18:54:19] INFO Epoch 037 | train batch=720/1418 | elapsed=5.2 min | eta=5.0 min
[2026-07-24 18:54:23] INFO Epoch 037 | train batch=730/1418 | elapsed=5.2 min | eta=4.9 min
[2026-07-24 18:54:28] INFO Epoch 037 | train batch=740/1418 | elapsed=5.3 min | eta=4.9 min
[2026-07-24 18:54:32] INFO Epoch 037 | train batch=750/1418 | elapsed=5.4 min | eta=4.8 min
[2026-07-24 18:54:37] INFO Epoch 037 | train batch=760/1418 | elapsed=5.5 min | eta=4.7 min
[2026-07-24 18:54:41] INFO Epoch 037 | train batch=770/1418 | elapsed=5.5 min | eta=4.7 min
[2026-07-24 18:54:45] INFO Epoch 037 | train batch=780/1418 | elapsed=5.6 min | eta=4.6 min
[2026-07-24 18:54:49] INFO Epoch 037 | train batch=790/1418 | elapsed=5.7 min | eta=4.5 min
[2026-07-24 18:54:54] INFO Epoch 037 | train batch=800/1418 | elapsed=5.7 min | eta=4.4 min
[2026-07-24 18:54:58] INFO Epoch 037 | train batch=810/1418 | elapsed=5.8 min | eta=4.4 min
[2026-07-24 18:55:02] INFO Epoch 037 | train batch=820/1418 | elapsed=5.9 min | eta=4.3 min
[2026-07-24 18:55:06] INFO Epoch 037 | train batch=830/1418 | elapsed=6.0 min | eta=4.2 min
[2026-07-24 18:55:11] INFO Epoch 037 | train batch=840/1418 | elapsed=6.0 min | eta=4.1 min
[2026-07-24 18:55:15] INFO Epoch 037 | train batch=850/1418 | elapsed=6.1 min | eta=4.1 min
[2026-07-24 18:55:19] INFO Epoch 037 | train batch=860/1418 | elapsed=6.2 min | eta=4.0 min
[2026-07-24 18:55:23] INFO Epoch 037 | train batch=870/1418 | elapsed=6.2 min | eta=3.9 min
[2026-07-24 18:55:28] INFO Epoch 037 | train batch=880/1418 | elapsed=6.3 min | eta=3.9 min
[2026-07-24 18:55:32] INFO Epoch 037 | train batch=890/1418 | elapsed=6.4 min | eta=3.8 min
[2026-07-24 18:55:37] INFO Epoch 037 | train batch=900/1418 | elapsed=6.5 min | eta=3.7 min
[2026-07-24 18:55:41] INFO Epoch 037 | train batch=910/1418 | elapsed=6.5 min | eta=3.6 min
[2026-07-24 18:55:45] INFO Epoch 037 | train batch=920/1418 | elapsed=6.6 min | eta=3.6 min
[2026-07-24 18:55:49] INFO Epoch 037 | train batch=930/1418 | elapsed=6.7 min | eta=3.5 min
[2026-07-24 18:55:54] INFO Epoch 037 | train batch=940/1418 | elapsed=6.7 min | eta=3.4 min
[2026-07-24 18:55:58] INFO Epoch 037 | train batch=950/1418 | elapsed=6.8 min | eta=3.4 min
[2026-07-24 18:56:03] INFO Epoch 037 | train batch=960/1418 | elapsed=6.9 min | eta=3.3 min
[2026-07-24 18:56:07] INFO Epoch 037 | train batch=970/1418 | elapsed=7.0 min | eta=3.2 min
[2026-07-24 18:56:11] INFO Epoch 037 | train batch=980/1418 | elapsed=7.0 min | eta=3.1 min
[2026-07-24 18:56:16] INFO Epoch 037 | train batch=990/1418 | elapsed=7.1 min | eta=3.1 min
[2026-07-24 18:56:20] INFO Epoch 037 | train batch=1000/1418 | elapsed=7.2 min | eta=3.0 min
[2026-07-24 18:56:24] INFO Epoch 037 | train batch=1010/1418 | elapsed=7.3 min | eta=2.9 min
[2026-07-24 18:56:29] INFO Epoch 037 | train batch=1020/1418 | elapsed=7.3 min | eta=2.9 min
[2026-07-24 18:56:33] INFO Epoch 037 | train batch=1030/1418 | elapsed=7.4 min | eta=2.8 min
[2026-07-24 18:56:38] INFO Epoch 037 | train batch=1040/1418 | elapsed=7.5 min | eta=2.7 min
[2026-07-24 18:56:42] INFO Epoch 037 | train batch=1050/1418 | elapsed=7.5 min | eta=2.6 min
[2026-07-24 18:56:46] INFO Epoch 037 | train batch=1060/1418 | elapsed=7.6 min | eta=2.6 min
[2026-07-24 18:56:51] INFO Epoch 037 | train batch=1070/1418 | elapsed=7.7 min | eta=2.5 min
[2026-07-24 18:56:55] INFO Epoch 037 | train batch=1080/1418 | elapsed=7.8 min | eta=2.4 min
[2026-07-24 18:56:59] INFO Epoch 037 | train batch=1090/1418 | elapsed=7.8 min | eta=2.4 min
[2026-07-24 18:57:04] INFO Epoch 037 | train batch=1100/1418 | elapsed=7.9 min | eta=2.3 min
[2026-07-24 18:57:08] INFO Epoch 037 | train batch=1110/1418 | elapsed=8.0 min | eta=2.2 min
[2026-07-24 18:57:13] INFO Epoch 037 | train batch=1120/1418 | elapsed=8.1 min | eta=2.1 min
[2026-07-24 18:57:17] INFO Epoch 037 | train batch=1130/1418 | elapsed=8.1 min | eta=2.1 min
[2026-07-24 18:57:21] INFO Epoch 037 | train batch=1140/1418 | elapsed=8.2 min | eta=2.0 min
[2026-07-24 18:57:26] INFO Epoch 037 | train batch=1150/1418 | elapsed=8.3 min | eta=1.9 min
[2026-07-24 18:57:30] INFO Epoch 037 | train batch=1160/1418 | elapsed=8.4 min | eta=1.9 min
[2026-07-24 18:57:34] INFO Epoch 037 | train batch=1170/1418 | elapsed=8.4 min | eta=1.8 min
[2026-07-24 18:57:39] INFO Epoch 037 | train batch=1180/1418 | elapsed=8.5 min | eta=1.7 min
[2026-07-24 18:57:43] INFO Epoch 037 | train batch=1190/1418 | elapsed=8.6 min | eta=1.6 min
[2026-07-24 18:57:48] INFO Epoch 037 | train batch=1200/1418 | elapsed=8.7 min | eta=1.6 min
[2026-07-24 18:57:52] INFO Epoch 037 | train batch=1210/1418 | elapsed=8.7 min | eta=1.5 min
[2026-07-24 18:57:56] INFO Epoch 037 | train batch=1220/1418 | elapsed=8.8 min | eta=1.4 min
[2026-07-24 18:58:01] INFO Epoch 037 | train batch=1230/1418 | elapsed=8.9 min | eta=1.4 min
[2026-07-24 18:58:05] INFO Epoch 037 | train batch=1240/1418 | elapsed=8.9 min | eta=1.3 min
[2026-07-24 18:58:09] INFO Epoch 037 | train batch=1250/1418 | elapsed=9.0 min | eta=1.2 min
[2026-07-24 18:58:14] INFO Epoch 037 | train batch=1260/1418 | elapsed=9.1 min | eta=1.1 min
[2026-07-24 18:58:18] INFO Epoch 037 | train batch=1270/1418 | elapsed=9.2 min | eta=1.1 min
[2026-07-24 18:58:22] INFO Epoch 037 | train batch=1280/1418 | elapsed=9.2 min | eta=1.0 min
[2026-07-24 18:58:27] INFO Epoch 037 | train batch=1290/1418 | elapsed=9.3 min | eta=0.9 min
[2026-07-24 18:58:31] INFO Epoch 037 | train batch=1300/1418 | elapsed=9.4 min | eta=0.9 min
[2026-07-24 18:58:35] INFO Epoch 037 | train batch=1310/1418 | elapsed=9.4 min | eta=0.8 min
[2026-07-24 18:58:40] INFO Epoch 037 | train batch=1320/1418 | elapsed=9.5 min | eta=0.7 min
[2026-07-24 18:58:44] INFO Epoch 037 | train batch=1330/1418 | elapsed=9.6 min | eta=0.6 min
[2026-07-24 18:58:49] INFO Epoch 037 | train batch=1340/1418 | elapsed=9.7 min | eta=0.6 min
[2026-07-24 18:58:53] INFO Epoch 037 | train batch=1350/1418 | elapsed=9.7 min | eta=0.5 min
[2026-07-24 18:58:57] INFO Epoch 037 | train batch=1360/1418 | elapsed=9.8 min | eta=0.4 min
[2026-07-24 18:59:02] INFO Epoch 037 | train batch=1370/1418 | elapsed=9.9 min | eta=0.3 min
[2026-07-24 18:59:06] INFO Epoch 037 | train batch=1380/1418 | elapsed=10.0 min | eta=0.3 min
[2026-07-24 18:59:11] INFO Epoch 037 | train batch=1390/1418 | elapsed=10.0 min | eta=0.2 min
[2026-07-24 18:59:15] INFO Epoch 037 | train batch=1400/1418 | elapsed=10.1 min | eta=0.1 min
[2026-07-24 18:59:19] INFO Epoch 037 | train batch=1410/1418 | elapsed=10.2 min | eta=0.1 min
[2026-07-24 18:59:22] INFO Epoch 037 | train batch=1418/1418 | elapsed=10.2 min | eta=0.0 min
[2026-07-24 18:59:22] INFO Epoch 037 | val batch=1/188 | elapsed=0.0 min | eta=0.4 min
[2026-07-24 18:59:24] INFO Epoch 037 | val batch=10/188 | elapsed=0.0 min | eta=0.6 min
[2026-07-24 18:59:26] INFO Epoch 037 | val batch=20/188 | elapsed=0.1 min | eta=0.5 min
[2026-07-24 18:59:28] INFO Epoch 037 | val batch=30/188 | elapsed=0.1 min | eta=0.5 min
[2026-07-24 18:59:30] INFO Epoch 037 | val batch=40/188 | elapsed=0.1 min | eta=0.5 min
[2026-07-24 18:59:31] INFO Epoch 037 | val batch=50/188 | elapsed=0.2 min | eta=0.4 min
[2026-07-24 18:59:33] INFO Epoch 037 | val batch=60/188 | elapsed=0.2 min | eta=0.4 min
[2026-07-24 18:59:35] INFO Epoch 037 | val batch=70/188 | elapsed=0.2 min | eta=0.4 min
[2026-07-24 18:59:37] INFO Epoch 037 | val batch=80/188 | elapsed=0.3 min | eta=0.3 min
[2026-07-24 18:59:39] INFO Epoch 037 | val batch=90/188 | elapsed=0.3 min | eta=0.3 min
[2026-07-24 18:59:41] INFO Epoch 037 | val batch=100/188 | elapsed=0.3 min | eta=0.3 min
[2026-07-24 18:59:43] INFO Epoch 037 | val batch=110/188 | elapsed=0.3 min | eta=0.2 min
[2026-07-24 18:59:45] INFO Epoch 037 | val batch=120/188 | elapsed=0.4 min | eta=0.2 min
[2026-07-24 18:59:47] INFO Epoch 037 | val batch=130/188 | elapsed=0.4 min | eta=0.2 min
[2026-07-24 18:59:48] INFO Epoch 037 | val batch=140/188 | elapsed=0.4 min | eta=0.2 min
[2026-07-24 18:59:50] INFO Epoch 037 | val batch=150/188 | elapsed=0.5 min | eta=0.1 min
[2026-07-24 18:59:52] INFO Epoch 037 | val batch=160/188 | elapsed=0.5 min | eta=0.1 min
[2026-07-24 18:59:54] INFO Epoch 037 | val batch=170/188 | elapsed=0.5 min | eta=0.1 min
[2026-07-24 18:59:56] INFO Epoch 037 | val batch=180/188 | elapsed=0.6 min | eta=0.0 min
[2026-07-24 18:59:57] INFO Epoch 037 | val batch=188/188 | elapsed=0.6 min | eta=0.0 min
[2026-07-24 18:59:57] INFO Epoch 037 | train_total=0.432436 | val_total=0.430295 | val_mask=0.223252 | val_retrieval=2.070435 | val_anchors=611264 | val_positive_pairs=0 | val_hard_negatives=0 | val_relation_candidates=7439984 | val_teacher_keff=3.904 | val_student_keff=6.952 | val_masked_positions=42152998 | skipped(train/val)=0/0
[2026-07-24 18:59:57] INFO Epoch 038/050 started | train_batches=1418 | val_batches=188
[2026-07-24 18:59:58] INFO Epoch 038 | train batch=1/1418 | elapsed=0.0 min | eta=11.3 min
[2026-07-24 19:00:02] INFO Epoch 038 | train batch=10/1418 | elapsed=0.1 min | eta=10.3 min
[2026-07-24 19:00:06] INFO Epoch 038 | train batch=20/1418 | elapsed=0.1 min | eta=10.4 min
[2026-07-24 19:00:11] INFO Epoch 038 | train batch=30/1418 | elapsed=0.2 min | eta=10.4 min
[2026-07-24 19:00:15] INFO Epoch 038 | train batch=40/1418 | elapsed=0.3 min | eta=10.2 min
[2026-07-24 19:00:20] INFO Epoch 038 | train batch=50/1418 | elapsed=0.4 min | eta=10.2 min
[2026-07-24 19:00:24] INFO Epoch 038 | train batch=60/1418 | elapsed=0.4 min | eta=10.0 min
[2026-07-24 19:00:28] INFO Epoch 038 | train batch=70/1418 | elapsed=0.5 min | eta=9.9 min
[2026-07-24 19:00:32] INFO Epoch 038 | train batch=80/1418 | elapsed=0.6 min | eta=9.7 min
[2026-07-24 19:00:36] INFO Epoch 038 | train batch=90/1418 | elapsed=0.7 min | eta=9.6 min
[2026-07-24 19:00:41] INFO Epoch 038 | train batch=100/1418 | elapsed=0.7 min | eta=9.5 min
[2026-07-24 19:00:45] INFO Epoch 038 | train batch=110/1418 | elapsed=0.8 min | eta=9.5 min
[2026-07-24 19:00:49] INFO Epoch 038 | train batch=120/1418 | elapsed=0.9 min | eta=9.4 min
[2026-07-24 19:00:54] INFO Epoch 038 | train batch=130/1418 | elapsed=0.9 min | eta=9.3 min
[2026-07-24 19:00:58] INFO Epoch 038 | train batch=140/1418 | elapsed=1.0 min | eta=9.3 min
[2026-07-24 19:01:03] INFO Epoch 038 | train batch=150/1418 | elapsed=1.1 min | eta=9.3 min
[2026-07-24 19:01:07] INFO Epoch 038 | train batch=160/1418 | elapsed=1.2 min | eta=9.2 min
[2026-07-24 19:01:11] INFO Epoch 038 | train batch=170/1418 | elapsed=1.2 min | eta=9.1 min
[2026-07-24 19:01:16] INFO Epoch 038 | train batch=180/1418 | elapsed=1.3 min | eta=9.0 min
[2026-07-24 19:01:20] INFO Epoch 038 | train batch=190/1418 | elapsed=1.4 min | eta=8.9 min
[2026-07-24 19:01:24] INFO Epoch 038 | train batch=200/1418 | elapsed=1.4 min | eta=8.8 min
[2026-07-24 19:01:28] INFO Epoch 038 | train batch=210/1418 | elapsed=1.5 min | eta=8.7 min
[2026-07-24 19:01:33] INFO Epoch 038 | train batch=220/1418 | elapsed=1.6 min | eta=8.7 min
[2026-07-24 19:01:37] INFO Epoch 038 | train batch=230/1418 | elapsed=1.7 min | eta=8.6 min
[2026-07-24 19:01:41] INFO Epoch 038 | train batch=240/1418 | elapsed=1.7 min | eta=8.5 min
[2026-07-24 19:01:46] INFO Epoch 038 | train batch=250/1418 | elapsed=1.8 min | eta=8.5 min
[2026-07-24 19:01:50] INFO Epoch 038 | train batch=260/1418 | elapsed=1.9 min | eta=8.4 min
[2026-07-24 19:01:54] INFO Epoch 038 | train batch=270/1418 | elapsed=2.0 min | eta=8.3 min
[2026-07-24 19:01:59] INFO Epoch 038 | train batch=280/1418 | elapsed=2.0 min | eta=8.2 min
[2026-07-24 19:02:03] INFO Epoch 038 | train batch=290/1418 | elapsed=2.1 min | eta=8.2 min
[2026-07-24 19:02:07] INFO Epoch 038 | train batch=300/1418 | elapsed=2.2 min | eta=8.1 min
[2026-07-24 19:02:11] INFO Epoch 038 | train batch=310/1418 | elapsed=2.2 min | eta=8.0 min
[2026-07-24 19:02:16] INFO Epoch 038 | train batch=320/1418 | elapsed=2.3 min | eta=7.9 min
[2026-07-24 19:02:20] INFO Epoch 038 | train batch=330/1418 | elapsed=2.4 min | eta=7.9 min
[2026-07-24 19:02:25] INFO Epoch 038 | train batch=340/1418 | elapsed=2.5 min | eta=7.8 min
[2026-07-24 19:02:29] INFO Epoch 038 | train batch=350/1418 | elapsed=2.5 min | eta=7.7 min
[2026-07-24 19:02:33] INFO Epoch 038 | train batch=360/1418 | elapsed=2.6 min | eta=7.6 min
[2026-07-24 19:02:38] INFO Epoch 038 | train batch=370/1418 | elapsed=2.7 min | eta=7.6 min
[2026-07-24 19:02:42] INFO Epoch 038 | train batch=380/1418 | elapsed=2.7 min | eta=7.5 min
[2026-07-24 19:02:46] INFO Epoch 038 | train batch=390/1418 | elapsed=2.8 min | eta=7.4 min
[2026-07-24 19:02:51] INFO Epoch 038 | train batch=400/1418 | elapsed=2.9 min | eta=7.4 min
[2026-07-24 19:02:55] INFO Epoch 038 | train batch=410/1418 | elapsed=3.0 min | eta=7.3 min
[2026-07-24 19:02:59] INFO Epoch 038 | train batch=420/1418 | elapsed=3.0 min | eta=7.2 min
[2026-07-24 19:03:03] INFO Epoch 038 | train batch=430/1418 | elapsed=3.1 min | eta=7.1 min
[2026-07-24 19:03:08] INFO Epoch 038 | train batch=440/1418 | elapsed=3.2 min | eta=7.1 min
[2026-07-24 19:03:12] INFO Epoch 038 | train batch=450/1418 | elapsed=3.2 min | eta=7.0 min
[2026-07-24 19:03:16] INFO Epoch 038 | train batch=460/1418 | elapsed=3.3 min | eta=6.9 min
[2026-07-24 19:03:20] INFO Epoch 038 | train batch=470/1418 | elapsed=3.4 min | eta=6.8 min
[2026-07-24 19:03:25] INFO Epoch 038 | train batch=480/1418 | elapsed=3.5 min | eta=6.8 min
[2026-07-24 19:03:29] INFO Epoch 038 | train batch=490/1418 | elapsed=3.5 min | eta=6.7 min
[2026-07-24 19:03:33] INFO Epoch 038 | train batch=500/1418 | elapsed=3.6 min | eta=6.6 min
[2026-07-24 19:03:37] INFO Epoch 038 | train batch=510/1418 | elapsed=3.7 min | eta=6.5 min
[2026-07-24 19:03:42] INFO Epoch 038 | train batch=520/1418 | elapsed=3.7 min | eta=6.5 min
[2026-07-24 19:03:46] INFO Epoch 038 | train batch=530/1418 | elapsed=3.8 min | eta=6.4 min
[2026-07-24 19:03:50] INFO Epoch 038 | train batch=540/1418 | elapsed=3.9 min | eta=6.3 min
[2026-07-24 19:03:54] INFO Epoch 038 | train batch=550/1418 | elapsed=4.0 min | eta=6.2 min
[2026-07-24 19:03:58] INFO Epoch 038 | train batch=560/1418 | elapsed=4.0 min | eta=6.2 min
[2026-07-24 19:04:03] INFO Epoch 038 | train batch=570/1418 | elapsed=4.1 min | eta=6.1 min
[2026-07-24 19:04:07] INFO Epoch 038 | train batch=580/1418 | elapsed=4.2 min | eta=6.0 min
[2026-07-24 19:04:11] INFO Epoch 038 | train batch=590/1418 | elapsed=4.2 min | eta=5.9 min
[2026-07-24 19:04:16] INFO Epoch 038 | train batch=600/1418 | elapsed=4.3 min | eta=5.9 min
[2026-07-24 19:04:20] INFO Epoch 038 | train batch=610/1418 | elapsed=4.4 min | eta=5.8 min
[2026-07-24 19:04:24] INFO Epoch 038 | train batch=620/1418 | elapsed=4.5 min | eta=5.7 min
[2026-07-24 19:04:29] INFO Epoch 038 | train batch=630/1418 | elapsed=4.5 min | eta=5.7 min
[2026-07-24 19:04:33] INFO Epoch 038 | train batch=640/1418 | elapsed=4.6 min | eta=5.6 min
[2026-07-24 19:04:37] INFO Epoch 038 | train batch=650/1418 | elapsed=4.7 min | eta=5.5 min
[2026-07-24 19:04:42] INFO Epoch 038 | train batch=660/1418 | elapsed=4.7 min | eta=5.4 min
[2026-07-24 19:04:46] INFO Epoch 038 | train batch=670/1418 | elapsed=4.8 min | eta=5.4 min
[2026-07-24 19:04:50] INFO Epoch 038 | train batch=680/1418 | elapsed=4.9 min | eta=5.3 min
[2026-07-24 19:04:55] INFO Epoch 038 | train batch=690/1418 | elapsed=5.0 min | eta=5.2 min
[2026-07-24 19:04:59] INFO Epoch 038 | train batch=700/1418 | elapsed=5.0 min | eta=5.2 min
[2026-07-24 19:05:03] INFO Epoch 038 | train batch=710/1418 | elapsed=5.1 min | eta=5.1 min
[2026-07-24 19:05:07] INFO Epoch 038 | train batch=720/1418 | elapsed=5.2 min | eta=5.0 min
[2026-07-24 19:05:11] INFO Epoch 038 | train batch=730/1418 | elapsed=5.2 min | eta=4.9 min
[2026-07-24 19:05:16] INFO Epoch 038 | train batch=740/1418 | elapsed=5.3 min | eta=4.9 min
[2026-07-24 19:05:20] INFO Epoch 038 | train batch=750/1418 | elapsed=5.4 min | eta=4.8 min
[2026-07-24 19:05:25] INFO Epoch 038 | train batch=760/1418 | elapsed=5.5 min | eta=4.7 min
[2026-07-24 19:05:29] INFO Epoch 038 | train batch=770/1418 | elapsed=5.5 min | eta=4.7 min
[2026-07-24 19:05:33] INFO Epoch 038 | train batch=780/1418 | elapsed=5.6 min | eta=4.6 min
[2026-07-24 19:05:38] INFO Epoch 038 | train batch=790/1418 | elapsed=5.7 min | eta=4.5 min
[2026-07-24 19:05:43] INFO Epoch 038 | train batch=800/1418 | elapsed=5.8 min | eta=4.4 min
[2026-07-24 19:05:47] INFO Epoch 038 | train batch=810/1418 | elapsed=5.8 min | eta=4.4 min
[2026-07-24 19:05:51] INFO Epoch 038 | train batch=820/1418 | elapsed=5.9 min | eta=4.3 min
[2026-07-24 19:05:55] INFO Epoch 038 | train batch=830/1418 | elapsed=6.0 min | eta=4.2 min
[2026-07-24 19:06:00] INFO Epoch 038 | train batch=840/1418 | elapsed=6.0 min | eta=4.2 min
[2026-07-24 19:06:04] INFO Epoch 038 | train batch=850/1418 | elapsed=6.1 min | eta=4.1 min
[2026-07-24 19:06:08] INFO Epoch 038 | train batch=860/1418 | elapsed=6.2 min | eta=4.0 min
[2026-07-24 19:06:12] INFO Epoch 038 | train batch=870/1418 | elapsed=6.3 min | eta=3.9 min
[2026-07-24 19:06:17] INFO Epoch 038 | train batch=880/1418 | elapsed=6.3 min | eta=3.9 min
[2026-07-24 19:06:21] INFO Epoch 038 | train batch=890/1418 | elapsed=6.4 min | eta=3.8 min
[2026-07-24 19:06:25] INFO Epoch 038 | train batch=900/1418 | elapsed=6.5 min | eta=3.7 min
[2026-07-24 19:06:30] INFO Epoch 038 | train batch=910/1418 | elapsed=6.5 min | eta=3.7 min
[2026-07-24 19:06:34] INFO Epoch 038 | train batch=920/1418 | elapsed=6.6 min | eta=3.6 min
[2026-07-24 19:06:38] INFO Epoch 038 | train batch=930/1418 | elapsed=6.7 min | eta=3.5 min
[2026-07-24 19:06:42] INFO Epoch 038 | train batch=940/1418 | elapsed=6.8 min | eta=3.4 min
[2026-07-24 19:06:47] INFO Epoch 038 | train batch=950/1418 | elapsed=6.8 min | eta=3.4 min
[2026-07-24 19:06:51] INFO Epoch 038 | train batch=960/1418 | elapsed=6.9 min | eta=3.3 min
[2026-07-24 19:06:55] INFO Epoch 038 | train batch=970/1418 | elapsed=7.0 min | eta=3.2 min
[2026-07-24 19:06:59] INFO Epoch 038 | train batch=980/1418 | elapsed=7.0 min | eta=3.1 min
[2026-07-24 19:07:03] INFO Epoch 038 | train batch=990/1418 | elapsed=7.1 min | eta=3.1 min
[2026-07-24 19:07:07] INFO Epoch 038 | train batch=1000/1418 | elapsed=7.2 min | eta=3.0 min
[2026-07-24 19:07:12] INFO Epoch 038 | train batch=1010/1418 | elapsed=7.2 min | eta=2.9 min
[2026-07-24 19:07:16] INFO Epoch 038 | train batch=1020/1418 | elapsed=7.3 min | eta=2.9 min
[2026-07-24 19:07:20] INFO Epoch 038 | train batch=1030/1418 | elapsed=7.4 min | eta=2.8 min
[2026-07-24 19:07:25] INFO Epoch 038 | train batch=1040/1418 | elapsed=7.5 min | eta=2.7 min
[2026-07-24 19:07:29] INFO Epoch 038 | train batch=1050/1418 | elapsed=7.5 min | eta=2.6 min
[2026-07-24 19:07:33] INFO Epoch 038 | train batch=1060/1418 | elapsed=7.6 min | eta=2.6 min
[2026-07-24 19:07:38] INFO Epoch 038 | train batch=1070/1418 | elapsed=7.7 min | eta=2.5 min
[2026-07-24 19:07:42] INFO Epoch 038 | train batch=1080/1418 | elapsed=7.7 min | eta=2.4 min
[2026-07-24 19:07:46] INFO Epoch 038 | train batch=1090/1418 | elapsed=7.8 min | eta=2.4 min
[2026-07-24 19:07:51] INFO Epoch 038 | train batch=1100/1418 | elapsed=7.9 min | eta=2.3 min
[2026-07-24 19:07:55] INFO Epoch 038 | train batch=1110/1418 | elapsed=8.0 min | eta=2.2 min
[2026-07-24 19:07:59] INFO Epoch 038 | train batch=1120/1418 | elapsed=8.0 min | eta=2.1 min
[2026-07-24 19:08:03] INFO Epoch 038 | train batch=1130/1418 | elapsed=8.1 min | eta=2.1 min
[2026-07-24 19:08:08] INFO Epoch 038 | train batch=1140/1418 | elapsed=8.2 min | eta=2.0 min
[2026-07-24 19:08:12] INFO Epoch 038 | train batch=1150/1418 | elapsed=8.2 min | eta=1.9 min
[2026-07-24 19:08:16] INFO Epoch 038 | train batch=1160/1418 | elapsed=8.3 min | eta=1.8 min
[2026-07-24 19:08:21] INFO Epoch 038 | train batch=1170/1418 | elapsed=8.4 min | eta=1.8 min
[2026-07-24 19:08:25] INFO Epoch 038 | train batch=1180/1418 | elapsed=8.5 min | eta=1.7 min
[2026-07-24 19:08:29] INFO Epoch 038 | train batch=1190/1418 | elapsed=8.5 min | eta=1.6 min
[2026-07-24 19:08:34] INFO Epoch 038 | train batch=1200/1418 | elapsed=8.6 min | eta=1.6 min
[2026-07-24 19:08:38] INFO Epoch 038 | train batch=1210/1418 | elapsed=8.7 min | eta=1.5 min
[2026-07-24 19:08:42] INFO Epoch 038 | train batch=1220/1418 | elapsed=8.8 min | eta=1.4 min
[2026-07-24 19:08:47] INFO Epoch 038 | train batch=1230/1418 | elapsed=8.8 min | eta=1.3 min
[2026-07-24 19:08:51] INFO Epoch 038 | train batch=1240/1418 | elapsed=8.9 min | eta=1.3 min
[2026-07-24 19:08:55] INFO Epoch 038 | train batch=1250/1418 | elapsed=9.0 min | eta=1.2 min
[2026-07-24 19:09:00] INFO Epoch 038 | train batch=1260/1418 | elapsed=9.0 min | eta=1.1 min
[2026-07-24 19:09:04] INFO Epoch 038 | train batch=1270/1418 | elapsed=9.1 min | eta=1.1 min
[2026-07-24 19:09:09] INFO Epoch 038 | train batch=1280/1418 | elapsed=9.2 min | eta=1.0 min
[2026-07-24 19:09:13] INFO Epoch 038 | train batch=1290/1418 | elapsed=9.3 min | eta=0.9 min
[2026-07-24 19:09:17] INFO Epoch 038 | train batch=1300/1418 | elapsed=9.3 min | eta=0.8 min
[2026-07-24 19:09:22] INFO Epoch 038 | train batch=1310/1418 | elapsed=9.4 min | eta=0.8 min
[2026-07-24 19:09:26] INFO Epoch 038 | train batch=1320/1418 | elapsed=9.5 min | eta=0.7 min
[2026-07-24 19:09:30] INFO Epoch 038 | train batch=1330/1418 | elapsed=9.6 min | eta=0.6 min
[2026-07-24 19:09:35] INFO Epoch 038 | train batch=1340/1418 | elapsed=9.6 min | eta=0.6 min
[2026-07-24 19:09:39] INFO Epoch 038 | train batch=1350/1418 | elapsed=9.7 min | eta=0.5 min
[2026-07-24 19:09:43] INFO Epoch 038 | train batch=1360/1418 | elapsed=9.8 min | eta=0.4 min
[2026-07-24 19:09:48] INFO Epoch 038 | train batch=1370/1418 | elapsed=9.8 min | eta=0.3 min
[2026-07-24 19:09:52] INFO Epoch 038 | train batch=1380/1418 | elapsed=9.9 min | eta=0.3 min
[2026-07-24 19:09:56] INFO Epoch 038 | train batch=1390/1418 | elapsed=10.0 min | eta=0.2 min
[2026-07-24 19:10:00] INFO Epoch 038 | train batch=1400/1418 | elapsed=10.1 min | eta=0.1 min
[2026-07-24 19:10:05] INFO Epoch 038 | train batch=1410/1418 | elapsed=10.1 min | eta=0.1 min
[2026-07-24 19:10:08] INFO Epoch 038 | train batch=1418/1418 | elapsed=10.2 min | eta=0.0 min
[2026-07-24 19:10:08] INFO Epoch 038 | val batch=1/188 | elapsed=0.0 min | eta=0.4 min
[2026-07-24 19:10:10] INFO Epoch 038 | val batch=10/188 | elapsed=0.0 min | eta=0.6 min
[2026-07-24 19:10:12] INFO Epoch 038 | val batch=20/188 | elapsed=0.1 min | eta=0.5 min
[2026-07-24 19:10:14] INFO Epoch 038 | val batch=30/188 | elapsed=0.1 min | eta=0.5 min
[2026-07-24 19:10:15] INFO Epoch 038 | val batch=40/188 | elapsed=0.1 min | eta=0.5 min
[2026-07-24 19:10:17] INFO Epoch 038 | val batch=50/188 | elapsed=0.2 min | eta=0.4 min
[2026-07-24 19:10:19] INFO Epoch 038 | val batch=60/188 | elapsed=0.2 min | eta=0.4 min
[2026-07-24 19:10:21] INFO Epoch 038 | val batch=70/188 | elapsed=0.2 min | eta=0.4 min
[2026-07-24 19:10:23] INFO Epoch 038 | val batch=80/188 | elapsed=0.2 min | eta=0.3 min
[2026-07-24 19:10:25] INFO Epoch 038 | val batch=90/188 | elapsed=0.3 min | eta=0.3 min
[2026-07-24 19:10:27] INFO Epoch 038 | val batch=100/188 | elapsed=0.3 min | eta=0.3 min
[2026-07-24 19:10:29] INFO Epoch 038 | val batch=110/188 | elapsed=0.3 min | eta=0.2 min
[2026-07-24 19:10:31] INFO Epoch 038 | val batch=120/188 | elapsed=0.4 min | eta=0.2 min
[2026-07-24 19:10:32] INFO Epoch 038 | val batch=130/188 | elapsed=0.4 min | eta=0.2 min
[2026-07-24 19:10:34] INFO Epoch 038 | val batch=140/188 | elapsed=0.4 min | eta=0.2 min
[2026-07-24 19:10:36] INFO Epoch 038 | val batch=150/188 | elapsed=0.5 min | eta=0.1 min
[2026-07-24 19:10:38] INFO Epoch 038 | val batch=160/188 | elapsed=0.5 min | eta=0.1 min
[2026-07-24 19:10:40] INFO Epoch 038 | val batch=170/188 | elapsed=0.5 min | eta=0.1 min
[2026-07-24 19:10:42] INFO Epoch 038 | val batch=180/188 | elapsed=0.6 min | eta=0.0 min
[2026-07-24 19:10:43] INFO Epoch 038 | val batch=188/188 | elapsed=0.6 min | eta=0.0 min
[2026-07-24 19:10:43] INFO Epoch 038 | train_total=0.424283 | val_total=0.434728 | val_mask=0.226133 | val_retrieval=2.085950 | val_anchors=611264 | val_positive_pairs=0 | val_hard_negatives=0 | val_relation_candidates=7439984 | val_teacher_keff=3.904 | val_student_keff=6.643 | val_masked_positions=42135768 | skipped(train/val)=0/0
[2026-07-24 19:10:43] INFO Epoch 039/050 started | train_batches=1418 | val_batches=188
[2026-07-24 19:10:43] INFO Epoch 039 | train batch=1/1418 | elapsed=0.0 min | eta=9.0 min
[2026-07-24 19:10:47] INFO Epoch 039 | train batch=10/1418 | elapsed=0.1 min | eta=9.9 min
[2026-07-24 19:10:52] INFO Epoch 039 | train batch=20/1418 | elapsed=0.1 min | eta=10.0 min
[2026-07-24 19:10:56] INFO Epoch 039 | train batch=30/1418 | elapsed=0.2 min | eta=10.1 min
[2026-07-24 19:11:01] INFO Epoch 039 | train batch=40/1418 | elapsed=0.3 min | eta=10.0 min
[2026-07-24 19:11:05] INFO Epoch 039 | train batch=50/1418 | elapsed=0.4 min | eta=10.0 min
[2026-07-24 19:11:09] INFO Epoch 039 | train batch=60/1418 | elapsed=0.4 min | eta=10.0 min
[2026-07-24 19:11:14] INFO Epoch 039 | train batch=70/1418 | elapsed=0.5 min | eta=10.0 min
[2026-07-24 19:11:19] INFO Epoch 039 | train batch=80/1418 | elapsed=0.6 min | eta=9.9 min
[2026-07-24 19:11:23] INFO Epoch 039 | train batch=90/1418 | elapsed=0.7 min | eta=9.8 min
[2026-07-24 19:11:27] INFO Epoch 039 | train batch=100/1418 | elapsed=0.7 min | eta=9.8 min
[2026-07-24 19:11:32] INFO Epoch 039 | train batch=110/1418 | elapsed=0.8 min | eta=9.6 min
[2026-07-24 19:11:36] INFO Epoch 039 | train batch=120/1418 | elapsed=0.9 min | eta=9.5 min
[2026-07-24 19:11:40] INFO Epoch 039 | train batch=130/1418 | elapsed=1.0 min | eta=9.4 min
[2026-07-24 19:11:44] INFO Epoch 039 | train batch=140/1418 | elapsed=1.0 min | eta=9.3 min
[2026-07-24 19:11:49] INFO Epoch 039 | train batch=150/1418 | elapsed=1.1 min | eta=9.3 min
[2026-07-24 19:11:53] INFO Epoch 039 | train batch=160/1418 | elapsed=1.2 min | eta=9.2 min
[2026-07-24 19:11:57] INFO Epoch 039 | train batch=170/1418 | elapsed=1.2 min | eta=9.1 min
[2026-07-24 19:12:02] INFO Epoch 039 | train batch=180/1418 | elapsed=1.3 min | eta=9.0 min
[2026-07-24 19:12:06] INFO Epoch 039 | train batch=190/1418 | elapsed=1.4 min | eta=8.9 min
[2026-07-24 19:12:11] INFO Epoch 039 | train batch=200/1418 | elapsed=1.5 min | eta=8.9 min
[2026-07-24 19:12:15] INFO Epoch 039 | train batch=210/1418 | elapsed=1.5 min | eta=8.8 min
[2026-07-24 19:12:19] INFO Epoch 039 | train batch=220/1418 | elapsed=1.6 min | eta=8.7 min
[2026-07-24 19:12:23] INFO Epoch 039 | train batch=230/1418 | elapsed=1.7 min | eta=8.6 min
[2026-07-24 19:12:27] INFO Epoch 039 | train batch=240/1418 | elapsed=1.7 min | eta=8.5 min
[2026-07-24 19:12:32] INFO Epoch 039 | train batch=250/1418 | elapsed=1.8 min | eta=8.5 min
[2026-07-24 19:12:36] INFO Epoch 039 | train batch=260/1418 | elapsed=1.9 min | eta=8.4 min
[2026-07-24 19:12:40] INFO Epoch 039 | train batch=270/1418 | elapsed=2.0 min | eta=8.3 min
[2026-07-24 19:12:45] INFO Epoch 039 | train batch=280/1418 | elapsed=2.0 min | eta=8.2 min
[2026-07-24 19:12:49] INFO Epoch 039 | train batch=290/1418 | elapsed=2.1 min | eta=8.2 min
[2026-07-24 19:12:53] INFO Epoch 039 | train batch=300/1418 | elapsed=2.2 min | eta=8.1 min
[2026-07-24 19:12:58] INFO Epoch 039 | train batch=310/1418 | elapsed=2.2 min | eta=8.0 min
[2026-07-24 19:13:02] INFO Epoch 039 | train batch=320/1418 | elapsed=2.3 min | eta=7.9 min
[2026-07-24 19:13:06] INFO Epoch 039 | train batch=330/1418 | elapsed=2.4 min | eta=7.9 min
[2026-07-24 19:13:11] INFO Epoch 039 | train batch=340/1418 | elapsed=2.5 min | eta=7.8 min
[2026-07-24 19:13:15] INFO Epoch 039 | train batch=350/1418 | elapsed=2.5 min | eta=7.7 min
[2026-07-24 19:13:20] INFO Epoch 039 | train batch=360/1418 | elapsed=2.6 min | eta=7.7 min
[2026-07-24 19:13:24] INFO Epoch 039 | train batch=370/1418 | elapsed=2.7 min | eta=7.6 min
[2026-07-24 19:13:29] INFO Epoch 039 | train batch=380/1418 | elapsed=2.8 min | eta=7.6 min
[2026-07-24 19:13:33] INFO Epoch 039 | train batch=390/1418 | elapsed=2.8 min | eta=7.5 min
[2026-07-24 19:13:38] INFO Epoch 039 | train batch=400/1418 | elapsed=2.9 min | eta=7.4 min
[2026-07-24 19:13:42] INFO Epoch 039 | train batch=410/1418 | elapsed=3.0 min | eta=7.3 min
[2026-07-24 19:13:46] INFO Epoch 039 | train batch=420/1418 | elapsed=3.1 min | eta=7.3 min
[2026-07-24 19:13:51] INFO Epoch 039 | train batch=430/1418 | elapsed=3.1 min | eta=7.2 min
[2026-07-24 19:13:55] INFO Epoch 039 | train batch=440/1418 | elapsed=3.2 min | eta=7.1 min
[2026-07-24 19:13:59] INFO Epoch 039 | train batch=450/1418 | elapsed=3.3 min | eta=7.0 min
[2026-07-24 19:14:04] INFO Epoch 039 | train batch=460/1418 | elapsed=3.3 min | eta=7.0 min
[2026-07-24 19:14:08] INFO Epoch 039 | train batch=470/1418 | elapsed=3.4 min | eta=6.9 min
[2026-07-24 19:14:12] INFO Epoch 039 | train batch=480/1418 | elapsed=3.5 min | eta=6.8 min
[2026-07-24 19:14:17] INFO Epoch 039 | train batch=490/1418 | elapsed=3.6 min | eta=6.7 min
[2026-07-24 19:14:21] INFO Epoch 039 | train batch=500/1418 | elapsed=3.6 min | eta=6.7 min
[2026-07-24 19:14:25] INFO Epoch 039 | train batch=510/1418 | elapsed=3.7 min | eta=6.6 min
[2026-07-24 19:14:30] INFO Epoch 039 | train batch=520/1418 | elapsed=3.8 min | eta=6.5 min
[2026-07-24 19:14:34] INFO Epoch 039 | train batch=530/1418 | elapsed=3.8 min | eta=6.4 min
[2026-07-24 19:14:38] INFO Epoch 039 | train batch=540/1418 | elapsed=3.9 min | eta=6.4 min
[2026-07-24 19:14:42] INFO Epoch 039 | train batch=550/1418 | elapsed=4.0 min | eta=6.3 min
[2026-07-24 19:14:47] INFO Epoch 039 | train batch=560/1418 | elapsed=4.1 min | eta=6.2 min
[2026-07-24 19:14:51] INFO Epoch 039 | train batch=570/1418 | elapsed=4.1 min | eta=6.1 min
[2026-07-24 19:14:55] INFO Epoch 039 | train batch=580/1418 | elapsed=4.2 min | eta=6.1 min
[2026-07-24 19:14:59] INFO Epoch 039 | train batch=590/1418 | elapsed=4.3 min | eta=6.0 min
[2026-07-24 19:15:04] INFO Epoch 039 | train batch=600/1418 | elapsed=4.3 min | eta=5.9 min
[2026-07-24 19:15:09] INFO Epoch 039 | train batch=610/1418 | elapsed=4.4 min | eta=5.9 min
[2026-07-24 19:15:13] INFO Epoch 039 | train batch=620/1418 | elapsed=4.5 min | eta=5.8 min
[2026-07-24 19:15:17] INFO Epoch 039 | train batch=630/1418 | elapsed=4.6 min | eta=5.7 min
[2026-07-24 19:15:21] INFO Epoch 039 | train batch=640/1418 | elapsed=4.6 min | eta=5.6 min
[2026-07-24 19:15:25] INFO Epoch 039 | train batch=650/1418 | elapsed=4.7 min | eta=5.6 min
[2026-07-24 19:15:30] INFO Epoch 039 | train batch=660/1418 | elapsed=4.8 min | eta=5.5 min
[2026-07-24 19:15:34] INFO Epoch 039 | train batch=670/1418 | elapsed=4.8 min | eta=5.4 min
[2026-07-24 19:15:38] INFO Epoch 039 | train batch=680/1418 | elapsed=4.9 min | eta=5.3 min
[2026-07-24 19:15:43] INFO Epoch 039 | train batch=690/1418 | elapsed=5.0 min | eta=5.3 min
[2026-07-24 19:15:47] INFO Epoch 039 | train batch=700/1418 | elapsed=5.1 min | eta=5.2 min
[2026-07-24 19:15:51] INFO Epoch 039 | train batch=710/1418 | elapsed=5.1 min | eta=5.1 min
[2026-07-24 19:15:55] INFO Epoch 039 | train batch=720/1418 | elapsed=5.2 min | eta=5.0 min
[2026-07-24 19:16:00] INFO Epoch 039 | train batch=730/1418 | elapsed=5.3 min | eta=5.0 min
[2026-07-24 19:16:04] INFO Epoch 039 | train batch=740/1418 | elapsed=5.4 min | eta=4.9 min
[2026-07-24 19:16:09] INFO Epoch 039 | train batch=750/1418 | elapsed=5.4 min | eta=4.8 min
[2026-07-24 19:16:13] INFO Epoch 039 | train batch=760/1418 | elapsed=5.5 min | eta=4.8 min
[2026-07-24 19:16:17] INFO Epoch 039 | train batch=770/1418 | elapsed=5.6 min | eta=4.7 min
[2026-07-24 19:16:22] INFO Epoch 039 | train batch=780/1418 | elapsed=5.6 min | eta=4.6 min
[2026-07-24 19:16:26] INFO Epoch 039 | train batch=790/1418 | elapsed=5.7 min | eta=4.5 min
[2026-07-24 19:16:31] INFO Epoch 039 | train batch=800/1418 | elapsed=5.8 min | eta=4.5 min
[2026-07-24 19:16:34] INFO Epoch 039 | train batch=810/1418 | elapsed=5.9 min | eta=4.4 min
[2026-07-24 19:16:39] INFO Epoch 039 | train batch=820/1418 | elapsed=5.9 min | eta=4.3 min
[2026-07-24 19:16:43] INFO Epoch 039 | train batch=830/1418 | elapsed=6.0 min | eta=4.3 min
[2026-07-24 19:16:47] INFO Epoch 039 | train batch=840/1418 | elapsed=6.1 min | eta=4.2 min
[2026-07-24 19:16:52] INFO Epoch 039 | train batch=850/1418 | elapsed=6.1 min | eta=4.1 min
[2026-07-24 19:16:56] INFO Epoch 039 | train batch=860/1418 | elapsed=6.2 min | eta=4.0 min
[2026-07-24 19:17:00] INFO Epoch 039 | train batch=870/1418 | elapsed=6.3 min | eta=4.0 min
[2026-07-24 19:17:04] INFO Epoch 039 | train batch=880/1418 | elapsed=6.4 min | eta=3.9 min
[2026-07-24 19:17:09] INFO Epoch 039 | train batch=890/1418 | elapsed=6.4 min | eta=3.8 min
[2026-07-24 19:17:13] INFO Epoch 039 | train batch=900/1418 | elapsed=6.5 min | eta=3.7 min
[2026-07-24 19:17:17] INFO Epoch 039 | train batch=910/1418 | elapsed=6.6 min | eta=3.7 min
[2026-07-24 19:17:22] INFO Epoch 039 | train batch=920/1418 | elapsed=6.6 min | eta=3.6 min
[2026-07-24 19:17:26] INFO Epoch 039 | train batch=930/1418 | elapsed=6.7 min | eta=3.5 min
[2026-07-24 19:17:31] INFO Epoch 039 | train batch=940/1418 | elapsed=6.8 min | eta=3.5 min
[2026-07-24 19:17:35] INFO Epoch 039 | train batch=950/1418 | elapsed=6.9 min | eta=3.4 min
[2026-07-24 19:17:39] INFO Epoch 039 | train batch=960/1418 | elapsed=6.9 min | eta=3.3 min
[2026-07-24 19:17:44] INFO Epoch 039 | train batch=970/1418 | elapsed=7.0 min | eta=3.2 min
[2026-07-24 19:17:48] INFO Epoch 039 | train batch=980/1418 | elapsed=7.1 min | eta=3.2 min
[2026-07-24 19:17:53] INFO Epoch 039 | train batch=990/1418 | elapsed=7.2 min | eta=3.1 min
[2026-07-24 19:17:57] INFO Epoch 039 | train batch=1000/1418 | elapsed=7.2 min | eta=3.0 min
[2026-07-24 19:18:01] INFO Epoch 039 | train batch=1010/1418 | elapsed=7.3 min | eta=2.9 min
[2026-07-24 19:18:05] INFO Epoch 039 | train batch=1020/1418 | elapsed=7.4 min | eta=2.9 min
[2026-07-24 19:18:10] INFO Epoch 039 | train batch=1030/1418 | elapsed=7.4 min | eta=2.8 min
[2026-07-24 19:18:14] INFO Epoch 039 | train batch=1040/1418 | elapsed=7.5 min | eta=2.7 min
[2026-07-24 19:18:19] INFO Epoch 039 | train batch=1050/1418 | elapsed=7.6 min | eta=2.7 min
[2026-07-24 19:18:23] INFO Epoch 039 | train batch=1060/1418 | elapsed=7.7 min | eta=2.6 min
[2026-07-24 19:18:27] INFO Epoch 039 | train batch=1070/1418 | elapsed=7.7 min | eta=2.5 min
[2026-07-24 19:18:31] INFO Epoch 039 | train batch=1080/1418 | elapsed=7.8 min | eta=2.4 min
[2026-07-24 19:18:36] INFO Epoch 039 | train batch=1090/1418 | elapsed=7.9 min | eta=2.4 min
[2026-07-24 19:18:40] INFO Epoch 039 | train batch=1100/1418 | elapsed=7.9 min | eta=2.3 min
[2026-07-24 19:18:45] INFO Epoch 039 | train batch=1110/1418 | elapsed=8.0 min | eta=2.2 min
[2026-07-24 19:18:49] INFO Epoch 039 | train batch=1120/1418 | elapsed=8.1 min | eta=2.2 min
[2026-07-24 19:18:54] INFO Epoch 039 | train batch=1130/1418 | elapsed=8.2 min | eta=2.1 min
[2026-07-24 19:18:58] INFO Epoch 039 | train batch=1140/1418 | elapsed=8.3 min | eta=2.0 min
[2026-07-24 19:19:03] INFO Epoch 039 | train batch=1150/1418 | elapsed=8.3 min | eta=1.9 min
[2026-07-24 19:19:07] INFO Epoch 039 | train batch=1160/1418 | elapsed=8.4 min | eta=1.9 min
[2026-07-24 19:19:12] INFO Epoch 039 | train batch=1170/1418 | elapsed=8.5 min | eta=1.8 min
[2026-07-24 19:19:16] INFO Epoch 039 | train batch=1180/1418 | elapsed=8.6 min | eta=1.7 min
[2026-07-24 19:19:21] INFO Epoch 039 | train batch=1190/1418 | elapsed=8.6 min | eta=1.7 min
[2026-07-24 19:19:25] INFO Epoch 039 | train batch=1200/1418 | elapsed=8.7 min | eta=1.6 min
[2026-07-24 19:19:30] INFO Epoch 039 | train batch=1210/1418 | elapsed=8.8 min | eta=1.5 min
[2026-07-24 19:19:34] INFO Epoch 039 | train batch=1220/1418 | elapsed=8.9 min | eta=1.4 min
[2026-07-24 19:19:39] INFO Epoch 039 | train batch=1230/1418 | elapsed=8.9 min | eta=1.4 min
[2026-07-24 19:19:44] INFO Epoch 039 | train batch=1240/1418 | elapsed=9.0 min | eta=1.3 min
[2026-07-24 19:19:48] INFO Epoch 039 | train batch=1250/1418 | elapsed=9.1 min | eta=1.2 min
[2026-07-24 19:19:52] INFO Epoch 039 | train batch=1260/1418 | elapsed=9.2 min | eta=1.1 min
[2026-07-24 19:19:57] INFO Epoch 039 | train batch=1270/1418 | elapsed=9.2 min | eta=1.1 min
[2026-07-24 19:20:01] INFO Epoch 039 | train batch=1280/1418 | elapsed=9.3 min | eta=1.0 min
[2026-07-24 19:20:06] INFO Epoch 039 | train batch=1290/1418 | elapsed=9.4 min | eta=0.9 min
[2026-07-24 19:20:10] INFO Epoch 039 | train batch=1300/1418 | elapsed=9.4 min | eta=0.9 min
[2026-07-24 19:20:14] INFO Epoch 039 | train batch=1310/1418 | elapsed=9.5 min | eta=0.8 min
[2026-07-24 19:20:19] INFO Epoch 039 | train batch=1320/1418 | elapsed=9.6 min | eta=0.7 min
[2026-07-24 19:20:23] INFO Epoch 039 | train batch=1330/1418 | elapsed=9.7 min | eta=0.6 min
[2026-07-24 19:20:27] INFO Epoch 039 | train batch=1340/1418 | elapsed=9.7 min | eta=0.6 min
[2026-07-24 19:20:32] INFO Epoch 039 | train batch=1350/1418 | elapsed=9.8 min | eta=0.5 min
[2026-07-24 19:20:36] INFO Epoch 039 | train batch=1360/1418 | elapsed=9.9 min | eta=0.4 min
[2026-07-24 19:20:40] INFO Epoch 039 | train batch=1370/1418 | elapsed=10.0 min | eta=0.3 min
[2026-07-24 19:20:44] INFO Epoch 039 | train batch=1380/1418 | elapsed=10.0 min | eta=0.3 min
[2026-07-24 19:20:49] INFO Epoch 039 | train batch=1390/1418 | elapsed=10.1 min | eta=0.2 min
[2026-07-24 19:20:53] INFO Epoch 039 | train batch=1400/1418 | elapsed=10.2 min | eta=0.1 min
[2026-07-24 19:20:57] INFO Epoch 039 | train batch=1410/1418 | elapsed=10.2 min | eta=0.1 min
[2026-07-24 19:21:01] INFO Epoch 039 | train batch=1418/1418 | elapsed=10.3 min | eta=0.0 min
[2026-07-24 19:21:01] INFO Epoch 039 | val batch=1/188 | elapsed=0.0 min | eta=0.4 min
[2026-07-24 19:21:03] INFO Epoch 039 | val batch=10/188 | elapsed=0.0 min | eta=0.6 min
[2026-07-24 19:21:04] INFO Epoch 039 | val batch=20/188 | elapsed=0.1 min | eta=0.5 min
[2026-07-24 19:21:06] INFO Epoch 039 | val batch=30/188 | elapsed=0.1 min | eta=0.5 min
[2026-07-24 19:21:08] INFO Epoch 039 | val batch=40/188 | elapsed=0.1 min | eta=0.5 min
[2026-07-24 19:21:10] INFO Epoch 039 | val batch=50/188 | elapsed=0.2 min | eta=0.4 min
[2026-07-24 19:21:12] INFO Epoch 039 | val batch=60/188 | elapsed=0.2 min | eta=0.4 min
[2026-07-24 19:21:14] INFO Epoch 039 | val batch=70/188 | elapsed=0.2 min | eta=0.4 min
[2026-07-24 19:21:16] INFO Epoch 039 | val batch=80/188 | elapsed=0.3 min | eta=0.3 min
[2026-07-24 19:21:18] INFO Epoch 039 | val batch=90/188 | elapsed=0.3 min | eta=0.3 min
[2026-07-24 19:21:20] INFO Epoch 039 | val batch=100/188 | elapsed=0.3 min | eta=0.3 min
[2026-07-24 19:21:21] INFO Epoch 039 | val batch=110/188 | elapsed=0.3 min | eta=0.2 min
[2026-07-24 19:21:23] INFO Epoch 039 | val batch=120/188 | elapsed=0.4 min | eta=0.2 min
[2026-07-24 19:21:25] INFO Epoch 039 | val batch=130/188 | elapsed=0.4 min | eta=0.2 min
[2026-07-24 19:21:27] INFO Epoch 039 | val batch=140/188 | elapsed=0.4 min | eta=0.2 min
[2026-07-24 19:21:29] INFO Epoch 039 | val batch=150/188 | elapsed=0.5 min | eta=0.1 min
[2026-07-24 19:21:31] INFO Epoch 039 | val batch=160/188 | elapsed=0.5 min | eta=0.1 min
[2026-07-24 19:21:33] INFO Epoch 039 | val batch=170/188 | elapsed=0.5 min | eta=0.1 min
[2026-07-24 19:21:35] INFO Epoch 039 | val batch=180/188 | elapsed=0.6 min | eta=0.0 min
[2026-07-24 19:21:36] INFO Epoch 039 | val batch=188/188 | elapsed=0.6 min | eta=0.0 min
[2026-07-24 19:21:36] INFO Epoch 039 | train_total=0.423128 | val_total=0.432386 | val_mask=0.224801 | val_retrieval=2.075855 | val_anchors=611264 | val_positive_pairs=0 | val_hard_negatives=0 | val_relation_candidates=7439984 | val_teacher_keff=3.904 | val_student_keff=6.761 | val_masked_positions=42166634 | skipped(train/val)=0/0
[2026-07-24 19:21:36] INFO Epoch 040/050 started | train_batches=1418 | val_batches=188
[2026-07-24 19:21:36] INFO Epoch 040 | train batch=1/1418 | elapsed=0.0 min | eta=9.0 min
[2026-07-24 19:21:40] INFO Epoch 040 | train batch=10/1418 | elapsed=0.1 min | eta=9.9 min
[2026-07-24 19:21:44] INFO Epoch 040 | train batch=20/1418 | elapsed=0.1 min | eta=9.9 min
[2026-07-24 19:21:49] INFO Epoch 040 | train batch=30/1418 | elapsed=0.2 min | eta=10.0 min
[2026-07-24 19:21:53] INFO Epoch 040 | train batch=40/1418 | elapsed=0.3 min | eta=9.8 min
[2026-07-24 19:21:58] INFO Epoch 040 | train batch=50/1418 | elapsed=0.4 min | eta=9.9 min
[2026-07-24 19:22:02] INFO Epoch 040 | train batch=60/1418 | elapsed=0.4 min | eta=9.9 min
[2026-07-24 19:22:06] INFO Epoch 040 | train batch=70/1418 | elapsed=0.5 min | eta=9.8 min
[2026-07-24 19:22:11] INFO Epoch 040 | train batch=80/1418 | elapsed=0.6 min | eta=9.7 min
[2026-07-24 19:22:15] INFO Epoch 040 | train batch=90/1418 | elapsed=0.7 min | eta=9.7 min
[2026-07-24 19:22:20] INFO Epoch 040 | train batch=100/1418 | elapsed=0.7 min | eta=9.7 min
[2026-07-24 19:22:24] INFO Epoch 040 | train batch=110/1418 | elapsed=0.8 min | eta=9.6 min
[2026-07-24 19:22:29] INFO Epoch 040 | train batch=120/1418 | elapsed=0.9 min | eta=9.6 min
[2026-07-24 19:22:33] INFO Epoch 040 | train batch=130/1418 | elapsed=1.0 min | eta=9.5 min
[2026-07-24 19:22:38] INFO Epoch 040 | train batch=140/1418 | elapsed=1.0 min | eta=9.4 min
[2026-07-24 19:22:42] INFO Epoch 040 | train batch=150/1418 | elapsed=1.1 min | eta=9.3 min
[2026-07-24 19:22:46] INFO Epoch 040 | train batch=160/1418 | elapsed=1.2 min | eta=9.2 min
[2026-07-24 19:22:50] INFO Epoch 040 | train batch=170/1418 | elapsed=1.2 min | eta=9.1 min
[2026-07-24 19:22:55] INFO Epoch 040 | train batch=180/1418 | elapsed=1.3 min | eta=9.1 min
[2026-07-24 19:22:59] INFO Epoch 040 | train batch=190/1418 | elapsed=1.4 min | eta=9.0 min
[2026-07-24 19:23:04] INFO Epoch 040 | train batch=200/1418 | elapsed=1.5 min | eta=8.9 min
[2026-07-24 19:23:08] INFO Epoch 040 | train batch=210/1418 | elapsed=1.5 min | eta=8.8 min
[2026-07-24 19:23:13] INFO Epoch 040 | train batch=220/1418 | elapsed=1.6 min | eta=8.8 min
[2026-07-24 19:23:17] INFO Epoch 040 | train batch=230/1418 | elapsed=1.7 min | eta=8.7 min
[2026-07-24 19:23:21] INFO Epoch 040 | train batch=240/1418 | elapsed=1.8 min | eta=8.6 min
[2026-07-24 19:23:26] INFO Epoch 040 | train batch=250/1418 | elapsed=1.8 min | eta=8.5 min
[2026-07-24 19:23:30] INFO Epoch 040 | train batch=260/1418 | elapsed=1.9 min | eta=8.5 min
[2026-07-24 19:23:35] INFO Epoch 040 | train batch=270/1418 | elapsed=2.0 min | eta=8.4 min
[2026-07-24 19:23:39] INFO Epoch 040 | train batch=280/1418 | elapsed=2.0 min | eta=8.3 min
[2026-07-24 19:23:43] INFO Epoch 040 | train batch=290/1418 | elapsed=2.1 min | eta=8.3 min
[2026-07-24 19:23:48] INFO Epoch 040 | train batch=300/1418 | elapsed=2.2 min | eta=8.2 min
[2026-07-24 19:23:52] INFO Epoch 040 | train batch=310/1418 | elapsed=2.3 min | eta=8.1 min
[2026-07-24 19:23:57] INFO Epoch 040 | train batch=320/1418 | elapsed=2.3 min | eta=8.1 min
[2026-07-24 19:24:01] INFO Epoch 040 | train batch=330/1418 | elapsed=2.4 min | eta=8.0 min
[2026-07-24 19:24:05] INFO Epoch 040 | train batch=340/1418 | elapsed=2.5 min | eta=7.9 min
[2026-07-24 19:24:10] INFO Epoch 040 | train batch=350/1418 | elapsed=2.6 min | eta=7.8 min
[2026-07-24 19:24:14] INFO Epoch 040 | train batch=360/1418 | elapsed=2.6 min | eta=7.7 min
[2026-07-24 19:24:18] INFO Epoch 040 | train batch=370/1418 | elapsed=2.7 min | eta=7.7 min
[2026-07-24 19:24:23] INFO Epoch 040 | train batch=380/1418 | elapsed=2.8 min | eta=7.6 min
[2026-07-24 19:24:27] INFO Epoch 040 | train batch=390/1418 | elapsed=2.9 min | eta=7.5 min
[2026-07-24 19:24:31] INFO Epoch 040 | train batch=400/1418 | elapsed=2.9 min | eta=7.4 min
[2026-07-24 19:24:35] INFO Epoch 040 | train batch=410/1418 | elapsed=3.0 min | eta=7.4 min
[2026-07-24 19:24:40] INFO Epoch 040 | train batch=420/1418 | elapsed=3.1 min | eta=7.3 min
[2026-07-24 19:24:44] INFO Epoch 040 | train batch=430/1418 | elapsed=3.1 min | eta=7.2 min
[2026-07-24 19:24:48] INFO Epoch 040 | train batch=440/1418 | elapsed=3.2 min | eta=7.1 min
[2026-07-24 19:24:52] INFO Epoch 040 | train batch=450/1418 | elapsed=3.3 min | eta=7.0 min
[2026-07-24 19:24:56] INFO Epoch 040 | train batch=460/1418 | elapsed=3.3 min | eta=7.0 min
[2026-07-24 19:25:01] INFO Epoch 040 | train batch=470/1418 | elapsed=3.4 min | eta=6.9 min
[2026-07-24 19:25:06] INFO Epoch 040 | train batch=480/1418 | elapsed=3.5 min | eta=6.8 min
[2026-07-24 19:25:10] INFO Epoch 040 | train batch=490/1418 | elapsed=3.6 min | eta=6.8 min
[2026-07-24 19:25:15] INFO Epoch 040 | train batch=500/1418 | elapsed=3.6 min | eta=6.7 min
[2026-07-24 19:25:19] INFO Epoch 040 | train batch=510/1418 | elapsed=3.7 min | eta=6.6 min
[2026-07-24 19:25:24] INFO Epoch 040 | train batch=520/1418 | elapsed=3.8 min | eta=6.6 min
[2026-07-24 19:25:28] INFO Epoch 040 | train batch=530/1418 | elapsed=3.9 min | eta=6.5 min
[2026-07-24 19:25:32] INFO Epoch 040 | train batch=540/1418 | elapsed=3.9 min | eta=6.4 min
[2026-07-24 19:25:37] INFO Epoch 040 | train batch=550/1418 | elapsed=4.0 min | eta=6.3 min
[2026-07-24 19:25:41] INFO Epoch 040 | train batch=560/1418 | elapsed=4.1 min | eta=6.3 min
[2026-07-24 19:25:45] INFO Epoch 040 | train batch=570/1418 | elapsed=4.2 min | eta=6.2 min
[2026-07-24 19:25:49] INFO Epoch 040 | train batch=580/1418 | elapsed=4.2 min | eta=6.1 min
[2026-07-24 19:25:53] INFO Epoch 040 | train batch=590/1418 | elapsed=4.3 min | eta=6.0 min
[2026-07-24 19:25:58] INFO Epoch 040 | train batch=600/1418 | elapsed=4.4 min | eta=5.9 min
[2026-07-24 19:26:02] INFO Epoch 040 | train batch=610/1418 | elapsed=4.4 min | eta=5.9 min
[2026-07-24 19:26:06] INFO Epoch 040 | train batch=620/1418 | elapsed=4.5 min | eta=5.8 min
[2026-07-24 19:26:11] INFO Epoch 040 | train batch=630/1418 | elapsed=4.6 min | eta=5.7 min
[2026-07-24 19:26:15] INFO Epoch 040 | train batch=640/1418 | elapsed=4.7 min | eta=5.7 min
[2026-07-24 19:26:20] INFO Epoch 040 | train batch=650/1418 | elapsed=4.7 min | eta=5.6 min
[2026-07-24 19:26:24] INFO Epoch 040 | train batch=660/1418 | elapsed=4.8 min | eta=5.5 min
[2026-07-24 19:26:29] INFO Epoch 040 | train batch=670/1418 | elapsed=4.9 min | eta=5.4 min
[2026-07-24 19:26:33] INFO Epoch 040 | train batch=680/1418 | elapsed=5.0 min | eta=5.4 min
[2026-07-24 19:26:37] INFO Epoch 040 | train batch=690/1418 | elapsed=5.0 min | eta=5.3 min
[2026-07-24 19:26:41] INFO Epoch 040 | train batch=700/1418 | elapsed=5.1 min | eta=5.2 min
[2026-07-24 19:26:46] INFO Epoch 040 | train batch=710/1418 | elapsed=5.2 min | eta=5.1 min
[2026-07-24 19:26:50] INFO Epoch 040 | train batch=720/1418 | elapsed=5.2 min | eta=5.1 min
[2026-07-24 19:26:54] INFO Epoch 040 | train batch=730/1418 | elapsed=5.3 min | eta=5.0 min
[2026-07-24 19:26:58] INFO Epoch 040 | train batch=740/1418 | elapsed=5.4 min | eta=4.9 min
[2026-07-24 19:27:03] INFO Epoch 040 | train batch=750/1418 | elapsed=5.5 min | eta=4.9 min
[2026-07-24 19:27:07] INFO Epoch 040 | train batch=760/1418 | elapsed=5.5 min | eta=4.8 min
[2026-07-24 19:27:11] INFO Epoch 040 | train batch=770/1418 | elapsed=5.6 min | eta=4.7 min
[2026-07-24 19:27:16] INFO Epoch 040 | train batch=780/1418 | elapsed=5.7 min | eta=4.6 min
[2026-07-24 19:27:20] INFO Epoch 040 | train batch=790/1418 | elapsed=5.7 min | eta=4.6 min
[2026-07-24 19:27:25] INFO Epoch 040 | train batch=800/1418 | elapsed=5.8 min | eta=4.5 min
[2026-07-24 19:27:30] INFO Epoch 040 | train batch=810/1418 | elapsed=5.9 min | eta=4.4 min
[2026-07-24 19:27:34] INFO Epoch 040 | train batch=820/1418 | elapsed=6.0 min | eta=4.4 min
[2026-07-24 19:27:38] INFO Epoch 040 | train batch=830/1418 | elapsed=6.0 min | eta=4.3 min
[2026-07-24 19:27:43] INFO Epoch 040 | train batch=840/1418 | elapsed=6.1 min | eta=4.2 min
[2026-07-24 19:27:47] INFO Epoch 040 | train batch=850/1418 | elapsed=6.2 min | eta=4.1 min
[2026-07-24 19:27:51] INFO Epoch 040 | train batch=860/1418 | elapsed=6.3 min | eta=4.1 min
[2026-07-24 19:27:56] INFO Epoch 040 | train batch=870/1418 | elapsed=6.3 min | eta=4.0 min
[2026-07-24 19:28:00] INFO Epoch 040 | train batch=880/1418 | elapsed=6.4 min | eta=3.9 min
[2026-07-24 19:28:05] INFO Epoch 040 | train batch=890/1418 | elapsed=6.5 min | eta=3.8 min
[2026-07-24 19:28:09] INFO Epoch 040 | train batch=900/1418 | elapsed=6.6 min | eta=3.8 min
[2026-07-24 19:28:14] INFO Epoch 040 | train batch=910/1418 | elapsed=6.6 min | eta=3.7 min
[2026-07-24 19:28:18] INFO Epoch 040 | train batch=920/1418 | elapsed=6.7 min | eta=3.6 min
[2026-07-24 19:28:22] INFO Epoch 040 | train batch=930/1418 | elapsed=6.8 min | eta=3.6 min
[2026-07-24 19:28:26] INFO Epoch 040 | train batch=940/1418 | elapsed=6.8 min | eta=3.5 min
[2026-07-24 19:28:30] INFO Epoch 040 | train batch=950/1418 | elapsed=6.9 min | eta=3.4 min
[2026-07-24 19:28:35] INFO Epoch 040 | train batch=960/1418 | elapsed=7.0 min | eta=3.3 min
[2026-07-24 19:28:39] INFO Epoch 040 | train batch=970/1418 | elapsed=7.1 min | eta=3.3 min
[2026-07-24 19:28:43] INFO Epoch 040 | train batch=980/1418 | elapsed=7.1 min | eta=3.2 min
[2026-07-24 19:28:47] INFO Epoch 040 | train batch=990/1418 | elapsed=7.2 min | eta=3.1 min
[2026-07-24 19:28:52] INFO Epoch 040 | train batch=1000/1418 | elapsed=7.3 min | eta=3.0 min
[2026-07-24 19:28:56] INFO Epoch 040 | train batch=1010/1418 | elapsed=7.3 min | eta=3.0 min
[2026-07-24 19:29:00] INFO Epoch 040 | train batch=1020/1418 | elapsed=7.4 min | eta=2.9 min
[2026-07-24 19:29:05] INFO Epoch 040 | train batch=1030/1418 | elapsed=7.5 min | eta=2.8 min
[2026-07-24 19:29:09] INFO Epoch 040 | train batch=1040/1418 | elapsed=7.6 min | eta=2.7 min
[2026-07-24 19:29:13] INFO Epoch 040 | train batch=1050/1418 | elapsed=7.6 min | eta=2.7 min
[2026-07-24 19:29:18] INFO Epoch 040 | train batch=1060/1418 | elapsed=7.7 min | eta=2.6 min
[2026-07-24 19:29:22] INFO Epoch 040 | train batch=1070/1418 | elapsed=7.8 min | eta=2.5 min
[2026-07-24 19:29:26] INFO Epoch 040 | train batch=1080/1418 | elapsed=7.8 min | eta=2.5 min
[2026-07-24 19:29:31] INFO Epoch 040 | train batch=1090/1418 | elapsed=7.9 min | eta=2.4 min
[2026-07-24 19:29:35] INFO Epoch 040 | train batch=1100/1418 | elapsed=8.0 min | eta=2.3 min
[2026-07-24 19:29:39] INFO Epoch 040 | train batch=1110/1418 | elapsed=8.1 min | eta=2.2 min
[2026-07-24 19:29:44] INFO Epoch 040 | train batch=1120/1418 | elapsed=8.1 min | eta=2.2 min
[2026-07-24 19:29:48] INFO Epoch 040 | train batch=1130/1418 | elapsed=8.2 min | eta=2.1 min
[2026-07-24 19:29:52] INFO Epoch 040 | train batch=1140/1418 | elapsed=8.3 min | eta=2.0 min
[2026-07-24 19:29:57] INFO Epoch 040 | train batch=1150/1418 | elapsed=8.3 min | eta=1.9 min
[2026-07-24 19:30:01] INFO Epoch 040 | train batch=1160/1418 | elapsed=8.4 min | eta=1.9 min
[2026-07-24 19:30:05] INFO Epoch 040 | train batch=1170/1418 | elapsed=8.5 min | eta=1.8 min
[2026-07-24 19:30:10] INFO Epoch 040 | train batch=1180/1418 | elapsed=8.6 min | eta=1.7 min
[2026-07-24 19:30:14] INFO Epoch 040 | train batch=1190/1418 | elapsed=8.6 min | eta=1.7 min
[2026-07-24 19:30:18] INFO Epoch 040 | train batch=1200/1418 | elapsed=8.7 min | eta=1.6 min
[2026-07-24 19:30:23] INFO Epoch 040 | train batch=1210/1418 | elapsed=8.8 min | eta=1.5 min
[2026-07-24 19:30:27] INFO Epoch 040 | train batch=1220/1418 | elapsed=8.8 min | eta=1.4 min
[2026-07-24 19:30:31] INFO Epoch 040 | train batch=1230/1418 | elapsed=8.9 min | eta=1.4 min
[2026-07-24 19:30:35] INFO Epoch 040 | train batch=1240/1418 | elapsed=9.0 min | eta=1.3 min
[2026-07-24 19:30:40] INFO Epoch 040 | train batch=1250/1418 | elapsed=9.1 min | eta=1.2 min
[2026-07-24 19:30:44] INFO Epoch 040 | train batch=1260/1418 | elapsed=9.1 min | eta=1.1 min
[2026-07-24 19:30:48] INFO Epoch 040 | train batch=1270/1418 | elapsed=9.2 min | eta=1.1 min
[2026-07-24 19:30:53] INFO Epoch 040 | train batch=1280/1418 | elapsed=9.3 min | eta=1.0 min
[2026-07-24 19:30:57] INFO Epoch 040 | train batch=1290/1418 | elapsed=9.4 min | eta=0.9 min
[2026-07-24 19:31:01] INFO Epoch 040 | train batch=1300/1418 | elapsed=9.4 min | eta=0.9 min
[2026-07-24 19:31:05] INFO Epoch 040 | train batch=1310/1418 | elapsed=9.5 min | eta=0.8 min
[2026-07-24 19:31:10] INFO Epoch 040 | train batch=1320/1418 | elapsed=9.6 min | eta=0.7 min
[2026-07-24 19:31:14] INFO Epoch 040 | train batch=1330/1418 | elapsed=9.6 min | eta=0.6 min
[2026-07-24 19:31:19] INFO Epoch 040 | train batch=1340/1418 | elapsed=9.7 min | eta=0.6 min
[2026-07-24 19:31:23] INFO Epoch 040 | train batch=1350/1418 | elapsed=9.8 min | eta=0.5 min
[2026-07-24 19:31:28] INFO Epoch 040 | train batch=1360/1418 | elapsed=9.9 min | eta=0.4 min
[2026-07-24 19:31:32] INFO Epoch 040 | train batch=1370/1418 | elapsed=9.9 min | eta=0.3 min
[2026-07-24 19:31:37] INFO Epoch 040 | train batch=1380/1418 | elapsed=10.0 min | eta=0.3 min
[2026-07-24 19:31:41] INFO Epoch 040 | train batch=1390/1418 | elapsed=10.1 min | eta=0.2 min
[2026-07-24 19:31:45] INFO Epoch 040 | train batch=1400/1418 | elapsed=10.2 min | eta=0.1 min
[2026-07-24 19:31:50] INFO Epoch 040 | train batch=1410/1418 | elapsed=10.2 min | eta=0.1 min
[2026-07-24 19:31:53] INFO Epoch 040 | train batch=1418/1418 | elapsed=10.3 min | eta=0.0 min
[2026-07-24 19:31:53] INFO Epoch 040 | val batch=1/188 | elapsed=0.0 min | eta=0.4 min
[2026-07-24 19:31:55] INFO Epoch 040 | val batch=10/188 | elapsed=0.0 min | eta=0.6 min
[2026-07-24 19:31:57] INFO Epoch 040 | val batch=20/188 | elapsed=0.1 min | eta=0.5 min
[2026-07-24 19:31:59] INFO Epoch 040 | val batch=30/188 | elapsed=0.1 min | eta=0.5 min
[2026-07-24 19:32:00] INFO Epoch 040 | val batch=40/188 | elapsed=0.1 min | eta=0.5 min
[2026-07-24 19:32:02] INFO Epoch 040 | val batch=50/188 | elapsed=0.2 min | eta=0.4 min
[2026-07-24 19:32:04] INFO Epoch 040 | val batch=60/188 | elapsed=0.2 min | eta=0.4 min
[2026-07-24 19:32:06] INFO Epoch 040 | val batch=70/188 | elapsed=0.2 min | eta=0.4 min
[2026-07-24 19:32:08] INFO Epoch 040 | val batch=80/188 | elapsed=0.3 min | eta=0.3 min
[2026-07-24 19:32:10] INFO Epoch 040 | val batch=90/188 | elapsed=0.3 min | eta=0.3 min
[2026-07-24 19:32:12] INFO Epoch 040 | val batch=100/188 | elapsed=0.3 min | eta=0.3 min
[2026-07-24 19:32:14] INFO Epoch 040 | val batch=110/188 | elapsed=0.3 min | eta=0.2 min
[2026-07-24 19:32:16] INFO Epoch 040 | val batch=120/188 | elapsed=0.4 min | eta=0.2 min
[2026-07-24 19:32:17] INFO Epoch 040 | val batch=130/188 | elapsed=0.4 min | eta=0.2 min
[2026-07-24 19:32:19] INFO Epoch 040 | val batch=140/188 | elapsed=0.4 min | eta=0.2 min
[2026-07-24 19:32:21] INFO Epoch 040 | val batch=150/188 | elapsed=0.5 min | eta=0.1 min
[2026-07-24 19:32:23] INFO Epoch 040 | val batch=160/188 | elapsed=0.5 min | eta=0.1 min
[2026-07-24 19:32:25] INFO Epoch 040 | val batch=170/188 | elapsed=0.5 min | eta=0.1 min
[2026-07-24 19:32:27] INFO Epoch 040 | val batch=180/188 | elapsed=0.6 min | eta=0.0 min
[2026-07-24 19:32:28] INFO Epoch 040 | val batch=188/188 | elapsed=0.6 min | eta=0.0 min
[2026-07-24 19:32:28] INFO Epoch 040 | train_total=0.419004 | val_total=0.429440 | val_mask=0.221423 | val_retrieval=2.080171 | val_anchors=611264 | val_positive_pairs=0 | val_hard_negatives=0 | val_relation_candidates=7439984 | val_teacher_keff=3.904 | val_student_keff=6.792 | val_masked_positions=42166861 | skipped(train/val)=0/0
[2026-07-24 19:32:28] INFO Epoch 041/050 started | train_batches=1418 | val_batches=188
[2026-07-24 19:32:29] INFO Epoch 041 | train batch=1/1418 | elapsed=0.0 min | eta=13.3 min
[2026-07-24 19:32:33] INFO Epoch 041 | train batch=10/1418 | elapsed=0.1 min | eta=11.6 min
[2026-07-24 19:32:37] INFO Epoch 041 | train batch=20/1418 | elapsed=0.2 min | eta=10.6 min
[2026-07-24 19:32:42] INFO Epoch 041 | train batch=30/1418 | elapsed=0.2 min | eta=10.3 min
[2026-07-24 19:32:46] INFO Epoch 041 | train batch=40/1418 | elapsed=0.3 min | eta=10.1 min
[2026-07-24 19:32:50] INFO Epoch 041 | train batch=50/1418 | elapsed=0.4 min | eta=10.1 min
[2026-07-24 19:32:55] INFO Epoch 041 | train batch=60/1418 | elapsed=0.4 min | eta=10.0 min
[2026-07-24 19:32:59] INFO Epoch 041 | train batch=70/1418 | elapsed=0.5 min | eta=9.9 min
[2026-07-24 19:33:03] INFO Epoch 041 | train batch=80/1418 | elapsed=0.6 min | eta=9.8 min
[2026-07-24 19:33:08] INFO Epoch 041 | train batch=90/1418 | elapsed=0.7 min | eta=9.7 min
[2026-07-24 19:33:12] INFO Epoch 041 | train batch=100/1418 | elapsed=0.7 min | eta=9.6 min
[2026-07-24 19:33:16] INFO Epoch 041 | train batch=110/1418 | elapsed=0.8 min | eta=9.5 min
[2026-07-24 19:33:21] INFO Epoch 041 | train batch=120/1418 | elapsed=0.9 min | eta=9.4 min
[2026-07-24 19:33:25] INFO Epoch 041 | train batch=130/1418 | elapsed=0.9 min | eta=9.4 min
[2026-07-24 19:33:29] INFO Epoch 041 | train batch=140/1418 | elapsed=1.0 min | eta=9.2 min
[2026-07-24 19:33:33] INFO Epoch 041 | train batch=150/1418 | elapsed=1.1 min | eta=9.1 min
[2026-07-24 19:33:38] INFO Epoch 041 | train batch=160/1418 | elapsed=1.2 min | eta=9.1 min
[2026-07-24 19:33:42] INFO Epoch 041 | train batch=170/1418 | elapsed=1.2 min | eta=9.1 min
[2026-07-24 19:33:46] INFO Epoch 041 | train batch=180/1418 | elapsed=1.3 min | eta=9.0 min
[2026-07-24 19:33:51] INFO Epoch 041 | train batch=190/1418 | elapsed=1.4 min | eta=8.9 min
[2026-07-24 19:33:55] INFO Epoch 041 | train batch=200/1418 | elapsed=1.4 min | eta=8.8 min
[2026-07-24 19:33:59] INFO Epoch 041 | train batch=210/1418 | elapsed=1.5 min | eta=8.7 min
[2026-07-24 19:34:04] INFO Epoch 041 | train batch=220/1418 | elapsed=1.6 min | eta=8.7 min
[2026-07-24 19:34:08] INFO Epoch 041 | train batch=230/1418 | elapsed=1.7 min | eta=8.6 min
[2026-07-24 19:34:13] INFO Epoch 041 | train batch=240/1418 | elapsed=1.7 min | eta=8.5 min
[2026-07-24 19:34:17] INFO Epoch 041 | train batch=250/1418 | elapsed=1.8 min | eta=8.5 min
[2026-07-24 19:34:21] INFO Epoch 041 | train batch=260/1418 | elapsed=1.9 min | eta=8.4 min
[2026-07-24 19:34:26] INFO Epoch 041 | train batch=270/1418 | elapsed=2.0 min | eta=8.3 min
[2026-07-24 19:34:30] INFO Epoch 041 | train batch=280/1418 | elapsed=2.0 min | eta=8.3 min
[2026-07-24 19:34:35] INFO Epoch 041 | train batch=290/1418 | elapsed=2.1 min | eta=8.2 min
[2026-07-24 19:34:39] INFO Epoch 041 | train batch=300/1418 | elapsed=2.2 min | eta=8.1 min
[2026-07-24 19:34:43] INFO Epoch 041 | train batch=310/1418 | elapsed=2.2 min | eta=8.0 min
[2026-07-24 19:34:47] INFO Epoch 041 | train batch=320/1418 | elapsed=2.3 min | eta=8.0 min
[2026-07-24 19:34:52] INFO Epoch 041 | train batch=330/1418 | elapsed=2.4 min | eta=7.9 min
[2026-07-24 19:34:56] INFO Epoch 041 | train batch=340/1418 | elapsed=2.5 min | eta=7.8 min
[2026-07-24 19:35:01] INFO Epoch 041 | train batch=350/1418 | elapsed=2.5 min | eta=7.7 min
[2026-07-24 19:35:05] INFO Epoch 041 | train batch=360/1418 | elapsed=2.6 min | eta=7.7 min
[2026-07-24 19:35:09] INFO Epoch 041 | train batch=370/1418 | elapsed=2.7 min | eta=7.6 min
[2026-07-24 19:35:14] INFO Epoch 041 | train batch=380/1418 | elapsed=2.8 min | eta=7.5 min
[2026-07-24 19:35:18] INFO Epoch 041 | train batch=390/1418 | elapsed=2.8 min | eta=7.4 min
[2026-07-24 19:35:22] INFO Epoch 041 | train batch=400/1418 | elapsed=2.9 min | eta=7.4 min
[2026-07-24 19:35:26] INFO Epoch 041 | train batch=410/1418 | elapsed=3.0 min | eta=7.3 min
[2026-07-24 19:35:31] INFO Epoch 041 | train batch=420/1418 | elapsed=3.0 min | eta=7.2 min
[2026-07-24 19:35:35] INFO Epoch 041 | train batch=430/1418 | elapsed=3.1 min | eta=7.1 min
[2026-07-24 19:35:39] INFO Epoch 041 | train batch=440/1418 | elapsed=3.2 min | eta=7.1 min
[2026-07-24 19:35:44] INFO Epoch 041 | train batch=450/1418 | elapsed=3.3 min | eta=7.0 min
[2026-07-24 19:35:48] INFO Epoch 041 | train batch=460/1418 | elapsed=3.3 min | eta=6.9 min
[2026-07-24 19:35:52] INFO Epoch 041 | train batch=470/1418 | elapsed=3.4 min | eta=6.9 min
[2026-07-24 19:35:57] INFO Epoch 041 | train batch=480/1418 | elapsed=3.5 min | eta=6.8 min
[2026-07-24 19:36:01] INFO Epoch 041 | train batch=490/1418 | elapsed=3.5 min | eta=6.7 min
[2026-07-24 19:36:05] INFO Epoch 041 | train batch=500/1418 | elapsed=3.6 min | eta=6.6 min
[2026-07-24 19:36:10] INFO Epoch 041 | train batch=510/1418 | elapsed=3.7 min | eta=6.6 min
[2026-07-24 19:36:14] INFO Epoch 041 | train batch=520/1418 | elapsed=3.8 min | eta=6.5 min
[2026-07-24 19:36:19] INFO Epoch 041 | train batch=530/1418 | elapsed=3.8 min | eta=6.4 min
[2026-07-24 19:36:23] INFO Epoch 041 | train batch=540/1418 | elapsed=3.9 min | eta=6.4 min
[2026-07-24 19:36:27] INFO Epoch 041 | train batch=550/1418 | elapsed=4.0 min | eta=6.3 min
[2026-07-24 19:36:32] INFO Epoch 041 | train batch=560/1418 | elapsed=4.1 min | eta=6.2 min
[2026-07-24 19:36:36] INFO Epoch 041 | train batch=570/1418 | elapsed=4.1 min | eta=6.1 min
[2026-07-24 19:36:40] INFO Epoch 041 | train batch=580/1418 | elapsed=4.2 min | eta=6.1 min
[2026-07-24 19:36:44] INFO Epoch 041 | train batch=590/1418 | elapsed=4.3 min | eta=6.0 min
[2026-07-24 19:36:48] INFO Epoch 041 | train batch=600/1418 | elapsed=4.3 min | eta=5.9 min
[2026-07-24 19:36:53] INFO Epoch 041 | train batch=610/1418 | elapsed=4.4 min | eta=5.8 min
[2026-07-24 19:36:57] INFO Epoch 041 | train batch=620/1418 | elapsed=4.5 min | eta=5.8 min
[2026-07-24 19:37:02] INFO Epoch 041 | train batch=630/1418 | elapsed=4.6 min | eta=5.7 min
[2026-07-24 19:37:06] INFO Epoch 041 | train batch=640/1418 | elapsed=4.6 min | eta=5.6 min
[2026-07-24 19:37:10] INFO Epoch 041 | train batch=650/1418 | elapsed=4.7 min | eta=5.6 min
[2026-07-24 19:37:14] INFO Epoch 041 | train batch=660/1418 | elapsed=4.8 min | eta=5.5 min
[2026-07-24 19:37:19] INFO Epoch 041 | train batch=670/1418 | elapsed=4.8 min | eta=5.4 min
[2026-07-24 19:37:23] INFO Epoch 041 | train batch=680/1418 | elapsed=4.9 min | eta=5.3 min
[2026-07-24 19:37:27] INFO Epoch 041 | train batch=690/1418 | elapsed=5.0 min | eta=5.3 min
[2026-07-24 19:37:31] INFO Epoch 041 | train batch=700/1418 | elapsed=5.0 min | eta=5.2 min
[2026-07-24 19:37:35] INFO Epoch 041 | train batch=710/1418 | elapsed=5.1 min | eta=5.1 min
[2026-07-24 19:37:40] INFO Epoch 041 | train batch=720/1418 | elapsed=5.2 min | eta=5.0 min
[2026-07-24 19:37:44] INFO Epoch 041 | train batch=730/1418 | elapsed=5.3 min | eta=5.0 min
[2026-07-24 19:37:48] INFO Epoch 041 | train batch=740/1418 | elapsed=5.3 min | eta=4.9 min
[2026-07-24 19:37:52] INFO Epoch 041 | train batch=750/1418 | elapsed=5.4 min | eta=4.8 min
[2026-07-24 19:37:57] INFO Epoch 041 | train batch=760/1418 | elapsed=5.5 min | eta=4.7 min
[2026-07-24 19:38:01] INFO Epoch 041 | train batch=770/1418 | elapsed=5.5 min | eta=4.7 min
[2026-07-24 19:38:06] INFO Epoch 041 | train batch=780/1418 | elapsed=5.6 min | eta=4.6 min
[2026-07-24 19:38:10] INFO Epoch 041 | train batch=790/1418 | elapsed=5.7 min | eta=4.5 min
[2026-07-24 19:38:14] INFO Epoch 041 | train batch=800/1418 | elapsed=5.8 min | eta=4.5 min
[2026-07-24 19:38:18] INFO Epoch 041 | train batch=810/1418 | elapsed=5.8 min | eta=4.4 min
[2026-07-24 19:38:23] INFO Epoch 041 | train batch=820/1418 | elapsed=5.9 min | eta=4.3 min
[2026-07-24 19:38:27] INFO Epoch 041 | train batch=830/1418 | elapsed=6.0 min | eta=4.2 min
[2026-07-24 19:38:31] INFO Epoch 041 | train batch=840/1418 | elapsed=6.1 min | eta=4.2 min
[2026-07-24 19:38:36] INFO Epoch 041 | train batch=850/1418 | elapsed=6.1 min | eta=4.1 min
[2026-07-24 19:38:40] INFO Epoch 041 | train batch=860/1418 | elapsed=6.2 min | eta=4.0 min
[2026-07-24 19:38:44] INFO Epoch 041 | train batch=870/1418 | elapsed=6.3 min | eta=3.9 min
[2026-07-24 19:38:48] INFO Epoch 041 | train batch=880/1418 | elapsed=6.3 min | eta=3.9 min
[2026-07-24 19:38:53] INFO Epoch 041 | train batch=890/1418 | elapsed=6.4 min | eta=3.8 min
[2026-07-24 19:38:57] INFO Epoch 041 | train batch=900/1418 | elapsed=6.5 min | eta=3.7 min
[2026-07-24 19:39:01] INFO Epoch 041 | train batch=910/1418 | elapsed=6.5 min | eta=3.7 min
[2026-07-24 19:39:05] INFO Epoch 041 | train batch=920/1418 | elapsed=6.6 min | eta=3.6 min
[2026-07-24 19:39:10] INFO Epoch 041 | train batch=930/1418 | elapsed=6.7 min | eta=3.5 min
[2026-07-24 19:39:14] INFO Epoch 041 | train batch=940/1418 | elapsed=6.8 min | eta=3.4 min
[2026-07-24 19:39:19] INFO Epoch 041 | train batch=950/1418 | elapsed=6.8 min | eta=3.4 min
[2026-07-24 19:39:23] INFO Epoch 041 | train batch=960/1418 | elapsed=6.9 min | eta=3.3 min
[2026-07-24 19:39:27] INFO Epoch 041 | train batch=970/1418 | elapsed=7.0 min | eta=3.2 min
[2026-07-24 19:39:31] INFO Epoch 041 | train batch=980/1418 | elapsed=7.1 min | eta=3.2 min
[2026-07-24 19:39:36] INFO Epoch 041 | train batch=990/1418 | elapsed=7.1 min | eta=3.1 min
[2026-07-24 19:39:41] INFO Epoch 041 | train batch=1000/1418 | elapsed=7.2 min | eta=3.0 min
[2026-07-24 19:39:45] INFO Epoch 041 | train batch=1010/1418 | elapsed=7.3 min | eta=2.9 min
[2026-07-24 19:39:49] INFO Epoch 041 | train batch=1020/1418 | elapsed=7.3 min | eta=2.9 min
[2026-07-24 19:39:53] INFO Epoch 041 | train batch=1030/1418 | elapsed=7.4 min | eta=2.8 min
[2026-07-24 19:39:58] INFO Epoch 041 | train batch=1040/1418 | elapsed=7.5 min | eta=2.7 min
[2026-07-24 19:40:02] INFO Epoch 041 | train batch=1050/1418 | elapsed=7.6 min | eta=2.7 min
[2026-07-24 19:40:06] INFO Epoch 041 | train batch=1060/1418 | elapsed=7.6 min | eta=2.6 min
[2026-07-24 19:40:11] INFO Epoch 041 | train batch=1070/1418 | elapsed=7.7 min | eta=2.5 min
[2026-07-24 19:40:15] INFO Epoch 041 | train batch=1080/1418 | elapsed=7.8 min | eta=2.4 min
[2026-07-24 19:40:19] INFO Epoch 041 | train batch=1090/1418 | elapsed=7.9 min | eta=2.4 min
[2026-07-24 19:40:24] INFO Epoch 041 | train batch=1100/1418 | elapsed=7.9 min | eta=2.3 min
[2026-07-24 19:40:28] INFO Epoch 041 | train batch=1110/1418 | elapsed=8.0 min | eta=2.2 min
[2026-07-24 19:40:33] INFO Epoch 041 | train batch=1120/1418 | elapsed=8.1 min | eta=2.1 min
[2026-07-24 19:40:37] INFO Epoch 041 | train batch=1130/1418 | elapsed=8.1 min | eta=2.1 min
[2026-07-24 19:40:41] INFO Epoch 041 | train batch=1140/1418 | elapsed=8.2 min | eta=2.0 min
[2026-07-24 19:40:45] INFO Epoch 041 | train batch=1150/1418 | elapsed=8.3 min | eta=1.9 min
[2026-07-24 19:40:49] INFO Epoch 041 | train batch=1160/1418 | elapsed=8.4 min | eta=1.9 min
[2026-07-24 19:40:54] INFO Epoch 041 | train batch=1170/1418 | elapsed=8.4 min | eta=1.8 min
[2026-07-24 19:40:58] INFO Epoch 041 | train batch=1180/1418 | elapsed=8.5 min | eta=1.7 min
[2026-07-24 19:41:03] INFO Epoch 041 | train batch=1190/1418 | elapsed=8.6 min | eta=1.6 min
[2026-07-24 19:41:07] INFO Epoch 041 | train batch=1200/1418 | elapsed=8.6 min | eta=1.6 min
[2026-07-24 19:41:11] INFO Epoch 041 | train batch=1210/1418 | elapsed=8.7 min | eta=1.5 min
[2026-07-24 19:41:15] INFO Epoch 041 | train batch=1220/1418 | elapsed=8.8 min | eta=1.4 min
[2026-07-24 19:41:20] INFO Epoch 041 | train batch=1230/1418 | elapsed=8.9 min | eta=1.4 min
[2026-07-24 19:41:24] INFO Epoch 041 | train batch=1240/1418 | elapsed=8.9 min | eta=1.3 min
[2026-07-24 19:41:28] INFO Epoch 041 | train batch=1250/1418 | elapsed=9.0 min | eta=1.2 min
[2026-07-24 19:41:33] INFO Epoch 041 | train batch=1260/1418 | elapsed=9.1 min | eta=1.1 min
[2026-07-24 19:41:37] INFO Epoch 041 | train batch=1270/1418 | elapsed=9.1 min | eta=1.1 min
[2026-07-24 19:41:41] INFO Epoch 041 | train batch=1280/1418 | elapsed=9.2 min | eta=1.0 min
[2026-07-24 19:41:45] INFO Epoch 041 | train batch=1290/1418 | elapsed=9.3 min | eta=0.9 min
[2026-07-24 19:41:50] INFO Epoch 041 | train batch=1300/1418 | elapsed=9.4 min | eta=0.8 min
[2026-07-24 19:41:54] INFO Epoch 041 | train batch=1310/1418 | elapsed=9.4 min | eta=0.8 min
[2026-07-24 19:41:58] INFO Epoch 041 | train batch=1320/1418 | elapsed=9.5 min | eta=0.7 min
[2026-07-24 19:42:03] INFO Epoch 041 | train batch=1330/1418 | elapsed=9.6 min | eta=0.6 min
[2026-07-24 19:42:07] INFO Epoch 041 | train batch=1340/1418 | elapsed=9.7 min | eta=0.6 min
[2026-07-24 19:42:11] INFO Epoch 041 | train batch=1350/1418 | elapsed=9.7 min | eta=0.5 min
[2026-07-24 19:42:16] INFO Epoch 041 | train batch=1360/1418 | elapsed=9.8 min | eta=0.4 min
[2026-07-24 19:42:20] INFO Epoch 041 | train batch=1370/1418 | elapsed=9.9 min | eta=0.3 min
[2026-07-24 19:42:24] INFO Epoch 041 | train batch=1380/1418 | elapsed=9.9 min | eta=0.3 min
[2026-07-24 19:42:28] INFO Epoch 041 | train batch=1390/1418 | elapsed=10.0 min | eta=0.2 min
[2026-07-24 19:42:33] INFO Epoch 041 | train batch=1400/1418 | elapsed=10.1 min | eta=0.1 min
[2026-07-24 19:42:37] INFO Epoch 041 | train batch=1410/1418 | elapsed=10.1 min | eta=0.1 min
[2026-07-24 19:42:41] INFO Epoch 041 | train batch=1418/1418 | elapsed=10.2 min | eta=0.0 min
[2026-07-24 19:42:41] INFO Epoch 041 | val batch=1/188 | elapsed=0.0 min | eta=0.4 min
[2026-07-24 19:42:42] INFO Epoch 041 | val batch=10/188 | elapsed=0.0 min | eta=0.6 min
[2026-07-24 19:42:44] INFO Epoch 041 | val batch=20/188 | elapsed=0.1 min | eta=0.5 min
[2026-07-24 19:42:46] INFO Epoch 041 | val batch=30/188 | elapsed=0.1 min | eta=0.5 min
[2026-07-24 19:42:48] INFO Epoch 041 | val batch=40/188 | elapsed=0.1 min | eta=0.5 min
[2026-07-24 19:42:50] INFO Epoch 041 | val batch=50/188 | elapsed=0.2 min | eta=0.4 min
[2026-07-24 19:42:52] INFO Epoch 041 | val batch=60/188 | elapsed=0.2 min | eta=0.4 min
[2026-07-24 19:42:54] INFO Epoch 041 | val batch=70/188 | elapsed=0.2 min | eta=0.4 min
[2026-07-24 19:42:56] INFO Epoch 041 | val batch=80/188 | elapsed=0.2 min | eta=0.3 min
[2026-07-24 19:42:57] INFO Epoch 041 | val batch=90/188 | elapsed=0.3 min | eta=0.3 min
[2026-07-24 19:42:59] INFO Epoch 041 | val batch=100/188 | elapsed=0.3 min | eta=0.3 min
[2026-07-24 19:43:01] INFO Epoch 041 | val batch=110/188 | elapsed=0.3 min | eta=0.2 min
[2026-07-24 19:43:03] INFO Epoch 041 | val batch=120/188 | elapsed=0.4 min | eta=0.2 min
[2026-07-24 19:43:05] INFO Epoch 041 | val batch=130/188 | elapsed=0.4 min | eta=0.2 min
[2026-07-24 19:43:07] INFO Epoch 041 | val batch=140/188 | elapsed=0.4 min | eta=0.1 min
[2026-07-24 19:43:09] INFO Epoch 041 | val batch=150/188 | elapsed=0.5 min | eta=0.1 min
[2026-07-24 19:43:10] INFO Epoch 041 | val batch=160/188 | elapsed=0.5 min | eta=0.1 min
[2026-07-24 19:43:12] INFO Epoch 041 | val batch=170/188 | elapsed=0.5 min | eta=0.1 min
[2026-07-24 19:43:14] INFO Epoch 041 | val batch=180/188 | elapsed=0.6 min | eta=0.0 min
[2026-07-24 19:43:16] INFO Epoch 041 | val batch=188/188 | elapsed=0.6 min | eta=0.0 min
[2026-07-24 19:43:16] INFO Epoch 041 | train_total=0.420295 | val_total=0.429537 | val_mask=0.222069 | val_retrieval=2.074688 | val_anchors=611264 | val_positive_pairs=0 | val_hard_negatives=0 | val_relation_candidates=7439984 | val_teacher_keff=3.904 | val_student_keff=6.849 | val_masked_positions=42267274 | skipped(train/val)=0/0
[2026-07-24 19:43:16] INFO Epoch 042/050 started | train_batches=1418 | val_batches=188
[2026-07-24 19:43:16] INFO Epoch 042 | train batch=1/1418 | elapsed=0.0 min | eta=8.9 min
[2026-07-24 19:43:20] INFO Epoch 042 | train batch=10/1418 | elapsed=0.1 min | eta=9.8 min
[2026-07-24 19:43:24] INFO Epoch 042 | train batch=20/1418 | elapsed=0.1 min | eta=9.9 min
[2026-07-24 19:43:28] INFO Epoch 042 | train batch=30/1418 | elapsed=0.2 min | eta=9.8 min
[2026-07-24 19:43:32] INFO Epoch 042 | train batch=40/1418 | elapsed=0.3 min | eta=9.6 min
[2026-07-24 19:43:37] INFO Epoch 042 | train batch=50/1418 | elapsed=0.3 min | eta=9.6 min
[2026-07-24 19:43:41] INFO Epoch 042 | train batch=60/1418 | elapsed=0.4 min | eta=9.5 min
[2026-07-24 19:43:45] INFO Epoch 042 | train batch=70/1418 | elapsed=0.5 min | eta=9.4 min
[2026-07-24 19:43:49] INFO Epoch 042 | train batch=80/1418 | elapsed=0.6 min | eta=9.3 min
[2026-07-24 19:43:53] INFO Epoch 042 | train batch=90/1418 | elapsed=0.6 min | eta=9.3 min
[2026-07-24 19:43:58] INFO Epoch 042 | train batch=100/1418 | elapsed=0.7 min | eta=9.2 min
[2026-07-24 19:44:02] INFO Epoch 042 | train batch=110/1418 | elapsed=0.8 min | eta=9.2 min
[2026-07-24 19:44:06] INFO Epoch 042 | train batch=120/1418 | elapsed=0.8 min | eta=9.2 min
[2026-07-24 19:44:11] INFO Epoch 042 | train batch=130/1418 | elapsed=0.9 min | eta=9.1 min
[2026-07-24 19:44:15] INFO Epoch 042 | train batch=140/1418 | elapsed=1.0 min | eta=9.0 min
[2026-07-24 19:44:19] INFO Epoch 042 | train batch=150/1418 | elapsed=1.1 min | eta=8.9 min
[2026-07-24 19:44:23] INFO Epoch 042 | train batch=160/1418 | elapsed=1.1 min | eta=8.9 min
[2026-07-24 19:44:27] INFO Epoch 042 | train batch=170/1418 | elapsed=1.2 min | eta=8.8 min
[2026-07-24 19:44:32] INFO Epoch 042 | train batch=180/1418 | elapsed=1.3 min | eta=8.7 min
[2026-07-24 19:44:36] INFO Epoch 042 | train batch=190/1418 | elapsed=1.3 min | eta=8.7 min
[2026-07-24 19:44:40] INFO Epoch 042 | train batch=200/1418 | elapsed=1.4 min | eta=8.6 min
[2026-07-24 19:44:45] INFO Epoch 042 | train batch=210/1418 | elapsed=1.5 min | eta=8.5 min
[2026-07-24 19:44:49] INFO Epoch 042 | train batch=220/1418 | elapsed=1.6 min | eta=8.5 min
[2026-07-24 19:44:53] INFO Epoch 042 | train batch=230/1418 | elapsed=1.6 min | eta=8.4 min
[2026-07-24 19:44:58] INFO Epoch 042 | train batch=240/1418 | elapsed=1.7 min | eta=8.4 min
[2026-07-24 19:45:02] INFO Epoch 042 | train batch=250/1418 | elapsed=1.8 min | eta=8.3 min
[2026-07-24 19:45:06] INFO Epoch 042 | train batch=260/1418 | elapsed=1.8 min | eta=8.2 min
[2026-07-24 19:45:11] INFO Epoch 042 | train batch=270/1418 | elapsed=1.9 min | eta=8.2 min
[2026-07-24 19:45:15] INFO Epoch 042 | train batch=280/1418 | elapsed=2.0 min | eta=8.1 min
[2026-07-24 19:45:20] INFO Epoch 042 | train batch=290/1418 | elapsed=2.1 min | eta=8.0 min
[2026-07-24 19:45:24] INFO Epoch 042 | train batch=300/1418 | elapsed=2.1 min | eta=8.0 min
[2026-07-24 19:45:28] INFO Epoch 042 | train batch=310/1418 | elapsed=2.2 min | eta=7.9 min
[2026-07-24 19:45:32] INFO Epoch 042 | train batch=320/1418 | elapsed=2.3 min | eta=7.8 min
[2026-07-24 19:45:36] INFO Epoch 042 | train batch=330/1418 | elapsed=2.3 min | eta=7.7 min
[2026-07-24 19:45:41] INFO Epoch 042 | train batch=340/1418 | elapsed=2.4 min | eta=7.7 min
[2026-07-24 19:45:45] INFO Epoch 042 | train batch=350/1418 | elapsed=2.5 min | eta=7.6 min
[2026-07-24 19:45:49] INFO Epoch 042 | train batch=360/1418 | elapsed=2.6 min | eta=7.5 min
[2026-07-24 19:45:54] INFO Epoch 042 | train batch=370/1418 | elapsed=2.6 min | eta=7.5 min
[2026-07-24 19:45:58] INFO Epoch 042 | train batch=380/1418 | elapsed=2.7 min | eta=7.4 min
[2026-07-24 19:46:02] INFO Epoch 042 | train batch=390/1418 | elapsed=2.8 min | eta=7.3 min
[2026-07-24 19:46:06] INFO Epoch 042 | train batch=400/1418 | elapsed=2.8 min | eta=7.2 min
[2026-07-24 19:46:10] INFO Epoch 042 | train batch=410/1418 | elapsed=2.9 min | eta=7.2 min
[2026-07-24 19:46:15] INFO Epoch 042 | train batch=420/1418 | elapsed=3.0 min | eta=7.1 min
[2026-07-24 19:46:20] INFO Epoch 042 | train batch=430/1418 | elapsed=3.1 min | eta=7.0 min
[2026-07-24 19:46:24] INFO Epoch 042 | train batch=440/1418 | elapsed=3.1 min | eta=7.0 min
[2026-07-24 19:46:28] INFO Epoch 042 | train batch=450/1418 | elapsed=3.2 min | eta=6.9 min
[2026-07-24 19:46:32] INFO Epoch 042 | train batch=460/1418 | elapsed=3.3 min | eta=6.8 min
[2026-07-24 19:46:36] INFO Epoch 042 | train batch=470/1418 | elapsed=3.3 min | eta=6.7 min
[2026-07-24 19:46:41] INFO Epoch 042 | train batch=480/1418 | elapsed=3.4 min | eta=6.7 min
[2026-07-24 19:46:45] INFO Epoch 042 | train batch=490/1418 | elapsed=3.5 min | eta=6.6 min
[2026-07-24 19:46:49] INFO Epoch 042 | train batch=500/1418 | elapsed=3.6 min | eta=6.5 min
[2026-07-24 19:46:53] INFO Epoch 042 | train batch=510/1418 | elapsed=3.6 min | eta=6.5 min
[2026-07-24 19:46:58] INFO Epoch 042 | train batch=520/1418 | elapsed=3.7 min | eta=6.4 min
[2026-07-24 19:47:02] INFO Epoch 042 | train batch=530/1418 | elapsed=3.8 min | eta=6.3 min
[2026-07-24 19:47:06] INFO Epoch 042 | train batch=540/1418 | elapsed=3.8 min | eta=6.2 min
[2026-07-24 19:47:10] INFO Epoch 042 | train batch=550/1418 | elapsed=3.9 min | eta=6.2 min
[2026-07-24 19:47:15] INFO Epoch 042 | train batch=560/1418 | elapsed=4.0 min | eta=6.1 min
[2026-07-24 19:47:19] INFO Epoch 042 | train batch=570/1418 | elapsed=4.1 min | eta=6.0 min
[2026-07-24 19:47:23] INFO Epoch 042 | train batch=580/1418 | elapsed=4.1 min | eta=6.0 min
[2026-07-24 19:47:28] INFO Epoch 042 | train batch=590/1418 | elapsed=4.2 min | eta=5.9 min
[2026-07-24 19:47:32] INFO Epoch 042 | train batch=600/1418 | elapsed=4.3 min | eta=5.8 min
[2026-07-24 19:47:37] INFO Epoch 042 | train batch=610/1418 | elapsed=4.4 min | eta=5.8 min
[2026-07-24 19:47:41] INFO Epoch 042 | train batch=620/1418 | elapsed=4.4 min | eta=5.7 min
[2026-07-24 19:47:46] INFO Epoch 042 | train batch=630/1418 | elapsed=4.5 min | eta=5.6 min
[2026-07-24 19:47:50] INFO Epoch 042 | train batch=640/1418 | elapsed=4.6 min | eta=5.6 min
[2026-07-24 19:47:55] INFO Epoch 042 | train batch=650/1418 | elapsed=4.7 min | eta=5.5 min
[2026-07-24 19:47:59] INFO Epoch 042 | train batch=660/1418 | elapsed=4.7 min | eta=5.4 min
[2026-07-24 19:48:03] INFO Epoch 042 | train batch=670/1418 | elapsed=4.8 min | eta=5.4 min
[2026-07-24 19:48:08] INFO Epoch 042 | train batch=680/1418 | elapsed=4.9 min | eta=5.3 min
[2026-07-24 19:48:12] INFO Epoch 042 | train batch=690/1418 | elapsed=4.9 min | eta=5.2 min
[2026-07-24 19:48:16] INFO Epoch 042 | train batch=700/1418 | elapsed=5.0 min | eta=5.1 min
[2026-07-24 19:48:21] INFO Epoch 042 | train batch=710/1418 | elapsed=5.1 min | eta=5.1 min
[2026-07-24 19:48:25] INFO Epoch 042 | train batch=720/1418 | elapsed=5.2 min | eta=5.0 min
[2026-07-24 19:48:29] INFO Epoch 042 | train batch=730/1418 | elapsed=5.2 min | eta=4.9 min
[2026-07-24 19:48:34] INFO Epoch 042 | train batch=740/1418 | elapsed=5.3 min | eta=4.9 min
[2026-07-24 19:48:38] INFO Epoch 042 | train batch=750/1418 | elapsed=5.4 min | eta=4.8 min
[2026-07-24 19:48:42] INFO Epoch 042 | train batch=760/1418 | elapsed=5.4 min | eta=4.7 min
[2026-07-24 19:48:47] INFO Epoch 042 | train batch=770/1418 | elapsed=5.5 min | eta=4.6 min
[2026-07-24 19:48:51] INFO Epoch 042 | train batch=780/1418 | elapsed=5.6 min | eta=4.6 min
[2026-07-24 19:48:55] INFO Epoch 042 | train batch=790/1418 | elapsed=5.7 min | eta=4.5 min
[2026-07-24 19:49:00] INFO Epoch 042 | train batch=800/1418 | elapsed=5.7 min | eta=4.4 min
[2026-07-24 19:49:04] INFO Epoch 042 | train batch=810/1418 | elapsed=5.8 min | eta=4.4 min
[2026-07-24 19:49:08] INFO Epoch 042 | train batch=820/1418 | elapsed=5.9 min | eta=4.3 min
[2026-07-24 19:49:12] INFO Epoch 042 | train batch=830/1418 | elapsed=5.9 min | eta=4.2 min
[2026-07-24 19:49:16] INFO Epoch 042 | train batch=840/1418 | elapsed=6.0 min | eta=4.1 min
[2026-07-24 19:49:21] INFO Epoch 042 | train batch=850/1418 | elapsed=6.1 min | eta=4.1 min
[2026-07-24 19:49:25] INFO Epoch 042 | train batch=860/1418 | elapsed=6.2 min | eta=4.0 min
[2026-07-24 19:49:29] INFO Epoch 042 | train batch=870/1418 | elapsed=6.2 min | eta=3.9 min
[2026-07-24 19:49:33] INFO Epoch 042 | train batch=880/1418 | elapsed=6.3 min | eta=3.9 min
[2026-07-24 19:49:38] INFO Epoch 042 | train batch=890/1418 | elapsed=6.4 min | eta=3.8 min
[2026-07-24 19:49:42] INFO Epoch 042 | train batch=900/1418 | elapsed=6.4 min | eta=3.7 min
[2026-07-24 19:49:46] INFO Epoch 042 | train batch=910/1418 | elapsed=6.5 min | eta=3.6 min
[2026-07-24 19:49:51] INFO Epoch 042 | train batch=920/1418 | elapsed=6.6 min | eta=3.6 min
[2026-07-24 19:49:55] INFO Epoch 042 | train batch=930/1418 | elapsed=6.7 min | eta=3.5 min
[2026-07-24 19:49:59] INFO Epoch 042 | train batch=940/1418 | elapsed=6.7 min | eta=3.4 min
[2026-07-24 19:50:03] INFO Epoch 042 | train batch=950/1418 | elapsed=6.8 min | eta=3.3 min
[2026-07-24 19:50:07] INFO Epoch 042 | train batch=960/1418 | elapsed=6.9 min | eta=3.3 min
[2026-07-24 19:50:12] INFO Epoch 042 | train batch=970/1418 | elapsed=6.9 min | eta=3.2 min
[2026-07-24 19:50:16] INFO Epoch 042 | train batch=980/1418 | elapsed=7.0 min | eta=3.1 min
[2026-07-24 19:50:21] INFO Epoch 042 | train batch=990/1418 | elapsed=7.1 min | eta=3.1 min
[2026-07-24 19:50:25] INFO Epoch 042 | train batch=1000/1418 | elapsed=7.2 min | eta=3.0 min
[2026-07-24 19:50:29] INFO Epoch 042 | train batch=1010/1418 | elapsed=7.2 min | eta=2.9 min
[2026-07-24 19:50:34] INFO Epoch 042 | train batch=1020/1418 | elapsed=7.3 min | eta=2.8 min
[2026-07-24 19:50:38] INFO Epoch 042 | train batch=1030/1418 | elapsed=7.4 min | eta=2.8 min
[2026-07-24 19:50:42] INFO Epoch 042 | train batch=1040/1418 | elapsed=7.4 min | eta=2.7 min
[2026-07-24 19:50:47] INFO Epoch 042 | train batch=1050/1418 | elapsed=7.5 min | eta=2.6 min
[2026-07-24 19:50:51] INFO Epoch 042 | train batch=1060/1418 | elapsed=7.6 min | eta=2.6 min
[2026-07-24 19:50:55] INFO Epoch 042 | train batch=1070/1418 | elapsed=7.7 min | eta=2.5 min
[2026-07-24 19:51:00] INFO Epoch 042 | train batch=1080/1418 | elapsed=7.7 min | eta=2.4 min
[2026-07-24 19:51:04] INFO Epoch 042 | train batch=1090/1418 | elapsed=7.8 min | eta=2.3 min
[2026-07-24 19:51:08] INFO Epoch 042 | train batch=1100/1418 | elapsed=7.9 min | eta=2.3 min
[2026-07-24 19:51:12] INFO Epoch 042 | train batch=1110/1418 | elapsed=7.9 min | eta=2.2 min
[2026-07-24 19:51:17] INFO Epoch 042 | train batch=1120/1418 | elapsed=8.0 min | eta=2.1 min
[2026-07-24 19:51:21] INFO Epoch 042 | train batch=1130/1418 | elapsed=8.1 min | eta=2.1 min
[2026-07-24 19:51:25] INFO Epoch 042 | train batch=1140/1418 | elapsed=8.2 min | eta=2.0 min
[2026-07-24 19:51:29] INFO Epoch 042 | train batch=1150/1418 | elapsed=8.2 min | eta=1.9 min
[2026-07-24 19:51:33] INFO Epoch 042 | train batch=1160/1418 | elapsed=8.3 min | eta=1.8 min
[2026-07-24 19:51:38] INFO Epoch 042 | train batch=1170/1418 | elapsed=8.4 min | eta=1.8 min
[2026-07-24 19:51:42] INFO Epoch 042 | train batch=1180/1418 | elapsed=8.4 min | eta=1.7 min
[2026-07-24 19:51:46] INFO Epoch 042 | train batch=1190/1418 | elapsed=8.5 min | eta=1.6 min
[2026-07-24 19:51:51] INFO Epoch 042 | train batch=1200/1418 | elapsed=8.6 min | eta=1.6 min
[2026-07-24 19:51:55] INFO Epoch 042 | train batch=1210/1418 | elapsed=8.7 min | eta=1.5 min
[2026-07-24 19:51:59] INFO Epoch 042 | train batch=1220/1418 | elapsed=8.7 min | eta=1.4 min
[2026-07-24 19:52:03] INFO Epoch 042 | train batch=1230/1418 | elapsed=8.8 min | eta=1.3 min
[2026-07-24 19:52:08] INFO Epoch 042 | train batch=1240/1418 | elapsed=8.9 min | eta=1.3 min
[2026-07-24 19:52:12] INFO Epoch 042 | train batch=1250/1418 | elapsed=8.9 min | eta=1.2 min
[2026-07-24 19:52:16] INFO Epoch 042 | train batch=1260/1418 | elapsed=9.0 min | eta=1.1 min
[2026-07-24 19:52:20] INFO Epoch 042 | train batch=1270/1418 | elapsed=9.1 min | eta=1.1 min
[2026-07-24 19:52:24] INFO Epoch 042 | train batch=1280/1418 | elapsed=9.1 min | eta=1.0 min
[2026-07-24 19:52:29] INFO Epoch 042 | train batch=1290/1418 | elapsed=9.2 min | eta=0.9 min
[2026-07-24 19:52:33] INFO Epoch 042 | train batch=1300/1418 | elapsed=9.3 min | eta=0.8 min
[2026-07-24 19:52:37] INFO Epoch 042 | train batch=1310/1418 | elapsed=9.4 min | eta=0.8 min
[2026-07-24 19:52:41] INFO Epoch 042 | train batch=1320/1418 | elapsed=9.4 min | eta=0.7 min
[2026-07-24 19:52:46] INFO Epoch 042 | train batch=1330/1418 | elapsed=9.5 min | eta=0.6 min
[2026-07-24 19:52:50] INFO Epoch 042 | train batch=1340/1418 | elapsed=9.6 min | eta=0.6 min
[2026-07-24 19:52:54] INFO Epoch 042 | train batch=1350/1418 | elapsed=9.6 min | eta=0.5 min
[2026-07-24 19:52:59] INFO Epoch 042 | train batch=1360/1418 | elapsed=9.7 min | eta=0.4 min
[2026-07-24 19:53:03] INFO Epoch 042 | train batch=1370/1418 | elapsed=9.8 min | eta=0.3 min
[2026-07-24 19:53:07] INFO Epoch 042 | train batch=1380/1418 | elapsed=9.9 min | eta=0.3 min
[2026-07-24 19:53:11] INFO Epoch 042 | train batch=1390/1418 | elapsed=9.9 min | eta=0.2 min
[2026-07-24 19:53:16] INFO Epoch 042 | train batch=1400/1418 | elapsed=10.0 min | eta=0.1 min
[2026-07-24 19:53:20] INFO Epoch 042 | train batch=1410/1418 | elapsed=10.1 min | eta=0.1 min
[2026-07-24 19:53:23] INFO Epoch 042 | train batch=1418/1418 | elapsed=10.1 min | eta=0.0 min
[2026-07-24 19:53:23] INFO Epoch 042 | val batch=1/188 | elapsed=0.0 min | eta=0.4 min
[2026-07-24 19:53:25] INFO Epoch 042 | val batch=10/188 | elapsed=0.0 min | eta=0.6 min
[2026-07-24 19:53:27] INFO Epoch 042 | val batch=20/188 | elapsed=0.1 min | eta=0.5 min
[2026-07-24 19:53:29] INFO Epoch 042 | val batch=30/188 | elapsed=0.1 min | eta=0.5 min
[2026-07-24 19:53:30] INFO Epoch 042 | val batch=40/188 | elapsed=0.1 min | eta=0.5 min
[2026-07-24 19:53:32] INFO Epoch 042 | val batch=50/188 | elapsed=0.2 min | eta=0.4 min
[2026-07-24 19:53:34] INFO Epoch 042 | val batch=60/188 | elapsed=0.2 min | eta=0.4 min
[2026-07-24 19:53:36] INFO Epoch 042 | val batch=70/188 | elapsed=0.2 min | eta=0.4 min
[2026-07-24 19:53:38] INFO Epoch 042 | val batch=80/188 | elapsed=0.2 min | eta=0.3 min
[2026-07-24 19:53:40] INFO Epoch 042 | val batch=90/188 | elapsed=0.3 min | eta=0.3 min
[2026-07-24 19:53:42] INFO Epoch 042 | val batch=100/188 | elapsed=0.3 min | eta=0.3 min
[2026-07-24 19:53:44] INFO Epoch 042 | val batch=110/188 | elapsed=0.3 min | eta=0.2 min
[2026-07-24 19:53:45] INFO Epoch 042 | val batch=120/188 | elapsed=0.4 min | eta=0.2 min
[2026-07-24 19:53:47] INFO Epoch 042 | val batch=130/188 | elapsed=0.4 min | eta=0.2 min
[2026-07-24 19:53:49] INFO Epoch 042 | val batch=140/188 | elapsed=0.4 min | eta=0.1 min
[2026-07-24 19:53:51] INFO Epoch 042 | val batch=150/188 | elapsed=0.5 min | eta=0.1 min
[2026-07-24 19:53:53] INFO Epoch 042 | val batch=160/188 | elapsed=0.5 min | eta=0.1 min
[2026-07-24 19:53:55] INFO Epoch 042 | val batch=170/188 | elapsed=0.5 min | eta=0.1 min
[2026-07-24 19:53:57] INFO Epoch 042 | val batch=180/188 | elapsed=0.6 min | eta=0.0 min
[2026-07-24 19:53:58] INFO Epoch 042 | val batch=188/188 | elapsed=0.6 min | eta=0.0 min
[2026-07-24 19:53:58] INFO Epoch 042 | train_total=0.423831 | val_total=0.431984 | val_mask=0.223763 | val_retrieval=2.082205 | val_anchors=611264 | val_positive_pairs=0 | val_hard_negatives=0 | val_relation_candidates=7439984 | val_teacher_keff=3.904 | val_student_keff=6.695 | val_masked_positions=42205966 | skipped(train/val)=0/0
[2026-07-24 19:53:58] INFO Early stopping | epoch=42 | stale_epochs=10 | best_val=0.422989
[2026-07-24 19:53:58] INFO Pretraining finished | best_val=0.422989 | best_val_relation=2.067419 | checkpoint=C:\Users\clw\projects\researchRep\STAnchor-BlockMemory\artifacts\metrla_e3_relation_seed42\pretrain_best.pt | relation_checkpoint=C:\Users\clw\projects\researchRep\STAnchor-BlockMemory\artifacts\metrla_e3_relation_seed42\pretrain_best_relation.pt
