[2026-09-07 15:35:45] INFO T1 retrieval adaptation start | run=cross_dataset_t1/pemsbay_head_adapter_seed42 | device=cuda:0 (requested=cuda:0) | seed=42 | output=C:\Users\clw\projects\researchRep\STAnchor-BlockMemory\artifacts\cross_dataset_t1\pemsbay_head_adapter_seed42
[2026-09-07 15:35:45] INFO Data | steps=52116 | nodes=325 | channels=1 | train/val/test=36182/4912/10125
[2026-09-07 15:35:45] INFO Transfer | stage=t1_head_adapter | source=C:\Users\clw\projects\researchRep\STAnchor-BlockMemory\artifacts\metrla_e5_tgge_hn_offset_decay_v2_transfer_hidden128_ffn2_b16_seed42\pretrain_best.pt | source_fingerprint=7f34ac9201d35bc36e99778540e8b27cfccbffd6c4096fb79bb0fdfa6c93da74 | graph_fingerprint=e4774416a2be331d44d76a98399fb95689b724f06d65d8e24f601a3a40178db0
[2026-09-07 15:35:45] INFO Parameters | total=958,704 | trainable=66,208 | trainable_tensors=11 | prefixes=retrieval_head.pool_projection.,retrieval_head.pool_score.,retrieval_head.key_mlp.,retrieval_head.domain_adapter.
[2026-09-07 15:35:45] INFO Optimization | epochs=8 | batch_size=16 | lr=0.0003 | weight_decay=0.0001 | relation_weight=1.000 | distill_weight=0.050 | reconstruction_weight=0
[2026-09-07 15:35:45] INFO Epoch 001/008 started | train_batches=2262 | val_batches=307
[2026-09-07 15:35:45] INFO Epoch 001 | train batch=1/2262 | elapsed=0.0 min | eta=29.3 min
[2026-09-07 15:35:47] INFO Epoch 001 | train batch=10/2262 | elapsed=0.0 min | eta=9.7 min
[2026-09-07 15:35:49] INFO Epoch 001 | train batch=20/2262 | elapsed=0.1 min | eta=8.6 min
[2026-09-07 15:35:51] INFO Epoch 001 | train batch=30/2262 | elapsed=0.1 min | eta=8.2 min
[2026-09-07 15:35:53] INFO Epoch 001 | train batch=40/2262 | elapsed=0.1 min | eta=8.0 min
[2026-09-07 15:35:56] INFO Epoch 001 | train batch=50/2262 | elapsed=0.2 min | eta=8.0 min
[2026-09-07 15:35:58] INFO Epoch 001 | train batch=60/2262 | elapsed=0.2 min | eta=7.9 min
[2026-09-07 15:36:00] INFO Epoch 001 | train batch=70/2262 | elapsed=0.2 min | eta=7.8 min
[2026-09-07 15:36:02] INFO Epoch 001 | train batch=80/2262 | elapsed=0.3 min | eta=7.8 min
[2026-09-07 15:36:04] INFO Epoch 001 | train batch=90/2262 | elapsed=0.3 min | eta=7.7 min
[2026-09-07 15:36:06] INFO Epoch 001 | train batch=100/2262 | elapsed=0.4 min | eta=7.7 min
[2026-09-07 15:36:08] INFO Epoch 001 | train batch=110/2262 | elapsed=0.4 min | eta=7.6 min
[2026-09-07 15:36:10] INFO Epoch 001 | train batch=120/2262 | elapsed=0.4 min | eta=7.6 min
[2026-09-07 15:36:12] INFO Epoch 001 | train batch=130/2262 | elapsed=0.5 min | eta=7.5 min
[2026-09-07 15:36:14] INFO Epoch 001 | train batch=140/2262 | elapsed=0.5 min | eta=7.5 min
[2026-09-07 15:36:16] INFO Epoch 001 | train batch=150/2262 | elapsed=0.5 min | eta=7.4 min
[2026-09-07 15:36:18] INFO Epoch 001 | train batch=160/2262 | elapsed=0.6 min | eta=7.4 min
[2026-09-07 15:36:20] INFO Epoch 001 | train batch=170/2262 | elapsed=0.6 min | eta=7.3 min
[2026-09-07 15:36:23] INFO Epoch 001 | train batch=180/2262 | elapsed=0.6 min | eta=7.3 min
[2026-09-07 15:36:25] INFO Epoch 001 | train batch=190/2262 | elapsed=0.7 min | eta=7.2 min
[2026-09-07 15:36:27] INFO Epoch 001 | train batch=200/2262 | elapsed=0.7 min | eta=7.2 min
[2026-09-07 15:36:29] INFO Epoch 001 | train batch=210/2262 | elapsed=0.7 min | eta=7.1 min
[2026-09-07 15:36:31] INFO Epoch 001 | train batch=220/2262 | elapsed=0.8 min | eta=7.1 min
[2026-09-07 15:36:33] INFO Epoch 001 | train batch=230/2262 | elapsed=0.8 min | eta=7.0 min
[2026-09-07 15:36:35] INFO Epoch 001 | train batch=240/2262 | elapsed=0.8 min | eta=7.0 min
[2026-09-07 15:36:37] INFO Epoch 001 | train batch=250/2262 | elapsed=0.9 min | eta=7.0 min
[2026-09-07 15:36:39] INFO Epoch 001 | train batch=260/2262 | elapsed=0.9 min | eta=6.9 min
[2026-09-07 15:36:41] INFO Epoch 001 | train batch=270/2262 | elapsed=0.9 min | eta=6.9 min
[2026-09-07 15:36:43] INFO Epoch 001 | train batch=280/2262 | elapsed=1.0 min | eta=6.8 min
[2026-09-07 15:36:45] INFO Epoch 001 | train batch=290/2262 | elapsed=1.0 min | eta=6.8 min
[2026-09-07 15:36:47] INFO Epoch 001 | train batch=300/2262 | elapsed=1.0 min | eta=6.7 min
[2026-09-07 15:36:49] INFO Epoch 001 | train batch=310/2262 | elapsed=1.1 min | eta=6.7 min
[2026-09-07 15:36:51] INFO Epoch 001 | train batch=320/2262 | elapsed=1.1 min | eta=6.7 min
[2026-09-07 15:36:53] INFO Epoch 001 | train batch=330/2262 | elapsed=1.1 min | eta=6.6 min
[2026-09-07 15:36:55] INFO Epoch 001 | train batch=340/2262 | elapsed=1.2 min | eta=6.6 min
[2026-09-07 15:36:57] INFO Epoch 001 | train batch=350/2262 | elapsed=1.2 min | eta=6.5 min
[2026-09-07 15:36:59] INFO Epoch 001 | train batch=360/2262 | elapsed=1.2 min | eta=6.5 min
[2026-09-07 15:37:01] INFO Epoch 001 | train batch=370/2262 | elapsed=1.3 min | eta=6.5 min
[2026-09-07 15:37:03] INFO Epoch 001 | train batch=380/2262 | elapsed=1.3 min | eta=6.4 min
[2026-09-07 15:37:05] INFO Epoch 001 | train batch=390/2262 | elapsed=1.3 min | eta=6.4 min
[2026-09-07 15:37:07] INFO Epoch 001 | train batch=400/2262 | elapsed=1.4 min | eta=6.4 min
[2026-09-07 15:37:09] INFO Epoch 001 | train batch=410/2262 | elapsed=1.4 min | eta=6.3 min
[2026-09-07 15:37:11] INFO Epoch 001 | train batch=420/2262 | elapsed=1.4 min | eta=6.3 min
[2026-09-07 15:37:13] INFO Epoch 001 | train batch=430/2262 | elapsed=1.5 min | eta=6.2 min
[2026-09-07 15:37:15] INFO Epoch 001 | train batch=440/2262 | elapsed=1.5 min | eta=6.2 min
[2026-09-07 15:37:17] INFO Epoch 001 | train batch=450/2262 | elapsed=1.5 min | eta=6.2 min
[2026-09-07 15:37:19] INFO Epoch 001 | train batch=460/2262 | elapsed=1.6 min | eta=6.1 min
[2026-09-07 15:37:21] INFO Epoch 001 | train batch=470/2262 | elapsed=1.6 min | eta=6.1 min
[2026-09-07 15:37:23] INFO Epoch 001 | train batch=480/2262 | elapsed=1.6 min | eta=6.1 min
[2026-09-07 15:37:25] INFO Epoch 001 | train batch=490/2262 | elapsed=1.7 min | eta=6.0 min
[2026-09-07 15:37:27] INFO Epoch 001 | train batch=500/2262 | elapsed=1.7 min | eta=6.0 min
[2026-09-07 15:37:29] INFO Epoch 001 | train batch=510/2262 | elapsed=1.7 min | eta=6.0 min
[2026-09-07 15:37:31] INFO Epoch 001 | train batch=520/2262 | elapsed=1.8 min | eta=5.9 min
[2026-09-07 15:37:33] INFO Epoch 001 | train batch=530/2262 | elapsed=1.8 min | eta=5.9 min
[2026-09-07 15:37:35] INFO Epoch 001 | train batch=540/2262 | elapsed=1.8 min | eta=5.9 min
[2026-09-07 15:37:37] INFO Epoch 001 | train batch=550/2262 | elapsed=1.9 min | eta=5.8 min
[2026-09-07 15:37:39] INFO Epoch 001 | train batch=560/2262 | elapsed=1.9 min | eta=5.8 min
[2026-09-07 15:37:41] INFO Epoch 001 | train batch=570/2262 | elapsed=1.9 min | eta=5.8 min
[2026-09-07 15:37:43] INFO Epoch 001 | train batch=580/2262 | elapsed=2.0 min | eta=5.7 min
[2026-09-07 15:37:45] INFO Epoch 001 | train batch=590/2262 | elapsed=2.0 min | eta=5.7 min
[2026-09-07 15:37:47] INFO Epoch 001 | train batch=600/2262 | elapsed=2.0 min | eta=5.6 min
[2026-09-07 15:37:49] INFO Epoch 001 | train batch=610/2262 | elapsed=2.1 min | eta=5.6 min
[2026-09-07 15:37:51] INFO Epoch 001 | train batch=620/2262 | elapsed=2.1 min | eta=5.6 min
[2026-09-07 15:37:53] INFO Epoch 001 | train batch=630/2262 | elapsed=2.1 min | eta=5.5 min
[2026-09-07 15:37:55] INFO Epoch 001 | train batch=640/2262 | elapsed=2.2 min | eta=5.5 min
[2026-09-07 15:37:57] INFO Epoch 001 | train batch=650/2262 | elapsed=2.2 min | eta=5.5 min
[2026-09-07 15:37:59] INFO Epoch 001 | train batch=660/2262 | elapsed=2.2 min | eta=5.4 min
[2026-09-07 15:38:01] INFO Epoch 001 | train batch=670/2262 | elapsed=2.3 min | eta=5.4 min
[2026-09-07 15:38:03] INFO Epoch 001 | train batch=680/2262 | elapsed=2.3 min | eta=5.4 min
[2026-09-07 15:38:05] INFO Epoch 001 | train batch=690/2262 | elapsed=2.3 min | eta=5.3 min
[2026-09-07 15:38:07] INFO Epoch 001 | train batch=700/2262 | elapsed=2.4 min | eta=5.3 min
[2026-09-07 15:38:09] INFO Epoch 001 | train batch=710/2262 | elapsed=2.4 min | eta=5.3 min
[2026-09-07 15:38:11] INFO Epoch 001 | train batch=720/2262 | elapsed=2.4 min | eta=5.2 min
[2026-09-07 15:38:13] INFO Epoch 001 | train batch=730/2262 | elapsed=2.5 min | eta=5.2 min
[2026-09-07 15:38:15] INFO Epoch 001 | train batch=740/2262 | elapsed=2.5 min | eta=5.2 min
[2026-09-07 15:38:17] INFO Epoch 001 | train batch=750/2262 | elapsed=2.5 min | eta=5.1 min
[2026-09-07 15:38:19] INFO Epoch 001 | train batch=760/2262 | elapsed=2.6 min | eta=5.1 min
[2026-09-07 15:38:21] INFO Epoch 001 | train batch=770/2262 | elapsed=2.6 min | eta=5.1 min
[2026-09-07 15:38:23] INFO Epoch 001 | train batch=780/2262 | elapsed=2.6 min | eta=5.0 min
[2026-09-07 15:38:25] INFO Epoch 001 | train batch=790/2262 | elapsed=2.7 min | eta=5.0 min
[2026-09-07 15:38:27] INFO Epoch 001 | train batch=800/2262 | elapsed=2.7 min | eta=5.0 min
[2026-09-07 15:38:29] INFO Epoch 001 | train batch=810/2262 | elapsed=2.7 min | eta=4.9 min
[2026-09-07 15:38:31] INFO Epoch 001 | train batch=820/2262 | elapsed=2.8 min | eta=4.9 min
[2026-09-07 15:38:33] INFO Epoch 001 | train batch=830/2262 | elapsed=2.8 min | eta=4.9 min
[2026-09-07 15:38:35] INFO Epoch 001 | train batch=840/2262 | elapsed=2.8 min | eta=4.8 min
[2026-09-07 15:38:37] INFO Epoch 001 | train batch=850/2262 | elapsed=2.9 min | eta=4.8 min
[2026-09-07 15:38:39] INFO Epoch 001 | train batch=860/2262 | elapsed=2.9 min | eta=4.7 min
[2026-09-07 15:38:42] INFO Epoch 001 | train batch=870/2262 | elapsed=2.9 min | eta=4.7 min
[2026-09-07 15:38:44] INFO Epoch 001 | train batch=880/2262 | elapsed=3.0 min | eta=4.7 min
[2026-09-07 15:38:46] INFO Epoch 001 | train batch=890/2262 | elapsed=3.0 min | eta=4.6 min
[2026-09-07 15:38:48] INFO Epoch 001 | train batch=900/2262 | elapsed=3.0 min | eta=4.6 min
[2026-09-07 15:38:50] INFO Epoch 001 | train batch=910/2262 | elapsed=3.1 min | eta=4.6 min
[2026-09-07 15:38:52] INFO Epoch 001 | train batch=920/2262 | elapsed=3.1 min | eta=4.5 min
[2026-09-07 15:38:54] INFO Epoch 001 | train batch=930/2262 | elapsed=3.1 min | eta=4.5 min
[2026-09-07 15:38:56] INFO Epoch 001 | train batch=940/2262 | elapsed=3.2 min | eta=4.5 min
[2026-09-07 15:38:58] INFO Epoch 001 | train batch=950/2262 | elapsed=3.2 min | eta=4.4 min
[2026-09-07 15:39:00] INFO Epoch 001 | train batch=960/2262 | elapsed=3.3 min | eta=4.4 min
[2026-09-07 15:39:02] INFO Epoch 001 | train batch=970/2262 | elapsed=3.3 min | eta=4.4 min
[2026-09-07 15:39:04] INFO Epoch 001 | train batch=980/2262 | elapsed=3.3 min | eta=4.3 min
[2026-09-07 15:39:06] INFO Epoch 001 | train batch=990/2262 | elapsed=3.4 min | eta=4.3 min
[2026-09-07 15:39:08] INFO Epoch 001 | train batch=1000/2262 | elapsed=3.4 min | eta=4.3 min
[2026-09-07 15:39:10] INFO Epoch 001 | train batch=1010/2262 | elapsed=3.4 min | eta=4.2 min
[2026-09-07 15:39:12] INFO Epoch 001 | train batch=1020/2262 | elapsed=3.5 min | eta=4.2 min
[2026-09-07 15:39:14] INFO Epoch 001 | train batch=1030/2262 | elapsed=3.5 min | eta=4.2 min
[2026-09-07 15:39:16] INFO Epoch 001 | train batch=1040/2262 | elapsed=3.5 min | eta=4.1 min
[2026-09-07 15:39:18] INFO Epoch 001 | train batch=1050/2262 | elapsed=3.6 min | eta=4.1 min
[2026-09-07 15:39:20] INFO Epoch 001 | train batch=1060/2262 | elapsed=3.6 min | eta=4.1 min
[2026-09-07 15:39:22] INFO Epoch 001 | train batch=1070/2262 | elapsed=3.6 min | eta=4.0 min
[2026-09-07 15:39:24] INFO Epoch 001 | train batch=1080/2262 | elapsed=3.7 min | eta=4.0 min
[2026-09-07 15:39:26] INFO Epoch 001 | train batch=1090/2262 | elapsed=3.7 min | eta=4.0 min
[2026-09-07 15:39:28] INFO Epoch 001 | train batch=1100/2262 | elapsed=3.7 min | eta=3.9 min
[2026-09-07 15:39:30] INFO Epoch 001 | train batch=1110/2262 | elapsed=3.8 min | eta=3.9 min
[2026-09-07 15:39:32] INFO Epoch 001 | train batch=1120/2262 | elapsed=3.8 min | eta=3.9 min
[2026-09-07 15:39:34] INFO Epoch 001 | train batch=1130/2262 | elapsed=3.8 min | eta=3.8 min
[2026-09-07 15:39:36] INFO Epoch 001 | train batch=1140/2262 | elapsed=3.9 min | eta=3.8 min
[2026-09-07 15:39:38] INFO Epoch 001 | train batch=1150/2262 | elapsed=3.9 min | eta=3.8 min
[2026-09-07 15:39:40] INFO Epoch 001 | train batch=1160/2262 | elapsed=3.9 min | eta=3.7 min
[2026-09-07 15:39:42] INFO Epoch 001 | train batch=1170/2262 | elapsed=4.0 min | eta=3.7 min
[2026-09-07 15:39:44] INFO Epoch 001 | train batch=1180/2262 | elapsed=4.0 min | eta=3.7 min
[2026-09-07 15:39:46] INFO Epoch 001 | train batch=1190/2262 | elapsed=4.0 min | eta=3.6 min
[2026-09-07 15:39:48] INFO Epoch 001 | train batch=1200/2262 | elapsed=4.1 min | eta=3.6 min
[2026-09-07 15:39:50] INFO Epoch 001 | train batch=1210/2262 | elapsed=4.1 min | eta=3.6 min
[2026-09-07 15:39:52] INFO Epoch 001 | train batch=1220/2262 | elapsed=4.1 min | eta=3.5 min
[2026-09-07 15:39:54] INFO Epoch 001 | train batch=1230/2262 | elapsed=4.2 min | eta=3.5 min
[2026-09-07 15:39:56] INFO Epoch 001 | train batch=1240/2262 | elapsed=4.2 min | eta=3.5 min
[2026-09-07 15:39:58] INFO Epoch 001 | train batch=1250/2262 | elapsed=4.2 min | eta=3.4 min
[2026-09-07 15:40:00] INFO Epoch 001 | train batch=1260/2262 | elapsed=4.3 min | eta=3.4 min
[2026-09-07 15:40:02] INFO Epoch 001 | train batch=1270/2262 | elapsed=4.3 min | eta=3.4 min
[2026-09-07 15:40:04] INFO Epoch 001 | train batch=1280/2262 | elapsed=4.3 min | eta=3.3 min
[2026-09-07 15:40:06] INFO Epoch 001 | train batch=1290/2262 | elapsed=4.4 min | eta=3.3 min
[2026-09-07 15:40:08] INFO Epoch 001 | train batch=1300/2262 | elapsed=4.4 min | eta=3.3 min
[2026-09-07 15:40:11] INFO Epoch 001 | train batch=1310/2262 | elapsed=4.4 min | eta=3.2 min
[2026-09-07 15:40:13] INFO Epoch 001 | train batch=1320/2262 | elapsed=4.5 min | eta=3.2 min
[2026-09-07 15:40:15] INFO Epoch 001 | train batch=1330/2262 | elapsed=4.5 min | eta=3.2 min
[2026-09-07 15:40:17] INFO Epoch 001 | train batch=1340/2262 | elapsed=4.5 min | eta=3.1 min
[2026-09-07 15:40:19] INFO Epoch 001 | train batch=1350/2262 | elapsed=4.6 min | eta=3.1 min
[2026-09-07 15:40:21] INFO Epoch 001 | train batch=1360/2262 | elapsed=4.6 min | eta=3.1 min
[2026-09-07 15:40:23] INFO Epoch 001 | train batch=1370/2262 | elapsed=4.6 min | eta=3.0 min
[2026-09-07 15:40:25] INFO Epoch 001 | train batch=1380/2262 | elapsed=4.7 min | eta=3.0 min
[2026-09-07 15:40:27] INFO Epoch 001 | train batch=1390/2262 | elapsed=4.7 min | eta=2.9 min
[2026-09-07 15:40:29] INFO Epoch 001 | train batch=1400/2262 | elapsed=4.7 min | eta=2.9 min
[2026-09-07 15:40:31] INFO Epoch 001 | train batch=1410/2262 | elapsed=4.8 min | eta=2.9 min
[2026-09-07 15:40:33] INFO Epoch 001 | train batch=1420/2262 | elapsed=4.8 min | eta=2.8 min
[2026-09-07 15:40:35] INFO Epoch 001 | train batch=1430/2262 | elapsed=4.8 min | eta=2.8 min
[2026-09-07 15:40:37] INFO Epoch 001 | train batch=1440/2262 | elapsed=4.9 min | eta=2.8 min
[2026-09-07 15:40:39] INFO Epoch 001 | train batch=1450/2262 | elapsed=4.9 min | eta=2.7 min
[2026-09-07 15:40:41] INFO Epoch 001 | train batch=1460/2262 | elapsed=4.9 min | eta=2.7 min
[2026-09-07 15:40:43] INFO Epoch 001 | train batch=1470/2262 | elapsed=5.0 min | eta=2.7 min
[2026-09-07 15:40:45] INFO Epoch 001 | train batch=1480/2262 | elapsed=5.0 min | eta=2.6 min
[2026-09-07 15:40:47] INFO Epoch 001 | train batch=1490/2262 | elapsed=5.0 min | eta=2.6 min
[2026-09-07 15:40:49] INFO Epoch 001 | train batch=1500/2262 | elapsed=5.1 min | eta=2.6 min
[2026-09-07 15:40:51] INFO Epoch 001 | train batch=1510/2262 | elapsed=5.1 min | eta=2.5 min
[2026-09-07 15:40:53] INFO Epoch 001 | train batch=1520/2262 | elapsed=5.1 min | eta=2.5 min
[2026-09-07 15:40:55] INFO Epoch 001 | train batch=1530/2262 | elapsed=5.2 min | eta=2.5 min
[2026-09-07 15:40:57] INFO Epoch 001 | train batch=1540/2262 | elapsed=5.2 min | eta=2.4 min
[2026-09-07 15:40:59] INFO Epoch 001 | train batch=1550/2262 | elapsed=5.2 min | eta=2.4 min
[2026-09-07 15:41:01] INFO Epoch 001 | train batch=1560/2262 | elapsed=5.3 min | eta=2.4 min
[2026-09-07 15:41:03] INFO Epoch 001 | train batch=1570/2262 | elapsed=5.3 min | eta=2.3 min
[2026-09-07 15:41:05] INFO Epoch 001 | train batch=1580/2262 | elapsed=5.3 min | eta=2.3 min
[2026-09-07 15:41:07] INFO Epoch 001 | train batch=1590/2262 | elapsed=5.4 min | eta=2.3 min
[2026-09-07 15:41:09] INFO Epoch 001 | train batch=1600/2262 | elapsed=5.4 min | eta=2.2 min
[2026-09-07 15:41:11] INFO Epoch 001 | train batch=1610/2262 | elapsed=5.4 min | eta=2.2 min
[2026-09-07 15:41:13] INFO Epoch 001 | train batch=1620/2262 | elapsed=5.5 min | eta=2.2 min
[2026-09-07 15:41:15] INFO Epoch 001 | train batch=1630/2262 | elapsed=5.5 min | eta=2.1 min
[2026-09-07 15:41:17] INFO Epoch 001 | train batch=1640/2262 | elapsed=5.5 min | eta=2.1 min
[2026-09-07 15:41:19] INFO Epoch 001 | train batch=1650/2262 | elapsed=5.6 min | eta=2.1 min
[2026-09-07 15:41:21] INFO Epoch 001 | train batch=1660/2262 | elapsed=5.6 min | eta=2.0 min
[2026-09-07 15:41:23] INFO Epoch 001 | train batch=1670/2262 | elapsed=5.6 min | eta=2.0 min
[2026-09-07 15:41:25] INFO Epoch 001 | train batch=1680/2262 | elapsed=5.7 min | eta=2.0 min
[2026-09-07 15:41:27] INFO Epoch 001 | train batch=1690/2262 | elapsed=5.7 min | eta=1.9 min
[2026-09-07 15:41:29] INFO Epoch 001 | train batch=1700/2262 | elapsed=5.7 min | eta=1.9 min
[2026-09-07 15:41:31] INFO Epoch 001 | train batch=1710/2262 | elapsed=5.8 min | eta=1.9 min
[2026-09-07 15:41:33] INFO Epoch 001 | train batch=1720/2262 | elapsed=5.8 min | eta=1.8 min
[2026-09-07 15:41:35] INFO Epoch 001 | train batch=1730/2262 | elapsed=5.8 min | eta=1.8 min
[2026-09-07 15:41:38] INFO Epoch 001 | train batch=1740/2262 | elapsed=5.9 min | eta=1.8 min
[2026-09-07 15:41:40] INFO Epoch 001 | train batch=1750/2262 | elapsed=5.9 min | eta=1.7 min
[2026-09-07 15:41:42] INFO Epoch 001 | train batch=1760/2262 | elapsed=5.9 min | eta=1.7 min
[2026-09-07 15:41:44] INFO Epoch 001 | train batch=1770/2262 | elapsed=6.0 min | eta=1.7 min
[2026-09-07 15:41:46] INFO Epoch 001 | train batch=1780/2262 | elapsed=6.0 min | eta=1.6 min
[2026-09-07 15:41:48] INFO Epoch 001 | train batch=1790/2262 | elapsed=6.0 min | eta=1.6 min
[2026-09-07 15:41:50] INFO Epoch 001 | train batch=1800/2262 | elapsed=6.1 min | eta=1.6 min
[2026-09-07 15:41:52] INFO Epoch 001 | train batch=1810/2262 | elapsed=6.1 min | eta=1.5 min
[2026-09-07 15:41:54] INFO Epoch 001 | train batch=1820/2262 | elapsed=6.2 min | eta=1.5 min
[2026-09-07 15:41:56] INFO Epoch 001 | train batch=1830/2262 | elapsed=6.2 min | eta=1.5 min
[2026-09-07 15:41:58] INFO Epoch 001 | train batch=1840/2262 | elapsed=6.2 min | eta=1.4 min
[2026-09-07 15:42:00] INFO Epoch 001 | train batch=1850/2262 | elapsed=6.3 min | eta=1.4 min
[2026-09-07 15:42:02] INFO Epoch 001 | train batch=1860/2262 | elapsed=6.3 min | eta=1.4 min
[2026-09-07 15:42:04] INFO Epoch 001 | train batch=1870/2262 | elapsed=6.3 min | eta=1.3 min
[2026-09-07 15:42:06] INFO Epoch 001 | train batch=1880/2262 | elapsed=6.4 min | eta=1.3 min
[2026-09-07 15:42:08] INFO Epoch 001 | train batch=1890/2262 | elapsed=6.4 min | eta=1.3 min
[2026-09-07 15:42:10] INFO Epoch 001 | train batch=1900/2262 | elapsed=6.4 min | eta=1.2 min
[2026-09-07 15:42:12] INFO Epoch 001 | train batch=1910/2262 | elapsed=6.5 min | eta=1.2 min
[2026-09-07 15:42:14] INFO Epoch 001 | train batch=1920/2262 | elapsed=6.5 min | eta=1.2 min
[2026-09-07 15:42:16] INFO Epoch 001 | train batch=1930/2262 | elapsed=6.5 min | eta=1.1 min
[2026-09-07 15:42:18] INFO Epoch 001 | train batch=1940/2262 | elapsed=6.6 min | eta=1.1 min
[2026-09-07 15:42:20] INFO Epoch 001 | train batch=1950/2262 | elapsed=6.6 min | eta=1.1 min
[2026-09-07 15:42:22] INFO Epoch 001 | train batch=1960/2262 | elapsed=6.6 min | eta=1.0 min
[2026-09-07 15:42:24] INFO Epoch 001 | train batch=1970/2262 | elapsed=6.7 min | eta=1.0 min
[2026-09-07 15:42:26] INFO Epoch 001 | train batch=1980/2262 | elapsed=6.7 min | eta=1.0 min
[2026-09-07 15:42:28] INFO Epoch 001 | train batch=1990/2262 | elapsed=6.7 min | eta=0.9 min
[2026-09-07 15:42:30] INFO Epoch 001 | train batch=2000/2262 | elapsed=6.8 min | eta=0.9 min
[2026-09-07 15:42:32] INFO Epoch 001 | train batch=2010/2262 | elapsed=6.8 min | eta=0.9 min
[2026-09-07 15:42:34] INFO Epoch 001 | train batch=2020/2262 | elapsed=6.8 min | eta=0.8 min
[2026-09-07 15:42:36] INFO Epoch 001 | train batch=2030/2262 | elapsed=6.9 min | eta=0.8 min
[2026-09-07 15:42:38] INFO Epoch 001 | train batch=2040/2262 | elapsed=6.9 min | eta=0.8 min
[2026-09-07 15:42:40] INFO Epoch 001 | train batch=2050/2262 | elapsed=6.9 min | eta=0.7 min
[2026-09-07 15:42:42] INFO Epoch 001 | train batch=2060/2262 | elapsed=7.0 min | eta=0.7 min
[2026-09-07 15:42:44] INFO Epoch 001 | train batch=2070/2262 | elapsed=7.0 min | eta=0.6 min
[2026-09-07 15:42:46] INFO Epoch 001 | train batch=2080/2262 | elapsed=7.0 min | eta=0.6 min
[2026-09-07 15:42:48] INFO Epoch 001 | train batch=2090/2262 | elapsed=7.1 min | eta=0.6 min
[2026-09-07 15:42:50] INFO Epoch 001 | train batch=2100/2262 | elapsed=7.1 min | eta=0.5 min
[2026-09-07 15:42:52] INFO Epoch 001 | train batch=2110/2262 | elapsed=7.1 min | eta=0.5 min
[2026-09-07 15:42:54] INFO Epoch 001 | train batch=2120/2262 | elapsed=7.2 min | eta=0.5 min
[2026-09-07 15:42:56] INFO Epoch 001 | train batch=2130/2262 | elapsed=7.2 min | eta=0.4 min
[2026-09-07 15:42:59] INFO Epoch 001 | train batch=2140/2262 | elapsed=7.2 min | eta=0.4 min
[2026-09-07 15:43:01] INFO Epoch 001 | train batch=2150/2262 | elapsed=7.3 min | eta=0.4 min
[2026-09-07 15:43:03] INFO Epoch 001 | train batch=2160/2262 | elapsed=7.3 min | eta=0.3 min
[2026-09-07 15:43:05] INFO Epoch 001 | train batch=2170/2262 | elapsed=7.3 min | eta=0.3 min
[2026-09-07 15:43:07] INFO Epoch 001 | train batch=2180/2262 | elapsed=7.4 min | eta=0.3 min
[2026-09-07 15:43:09] INFO Epoch 001 | train batch=2190/2262 | elapsed=7.4 min | eta=0.2 min
[2026-09-07 15:43:11] INFO Epoch 001 | train batch=2200/2262 | elapsed=7.4 min | eta=0.2 min
[2026-09-07 15:43:13] INFO Epoch 001 | train batch=2210/2262 | elapsed=7.5 min | eta=0.2 min
[2026-09-07 15:43:15] INFO Epoch 001 | train batch=2220/2262 | elapsed=7.5 min | eta=0.1 min
[2026-09-07 15:43:17] INFO Epoch 001 | train batch=2230/2262 | elapsed=7.5 min | eta=0.1 min
[2026-09-07 15:43:19] INFO Epoch 001 | train batch=2240/2262 | elapsed=7.6 min | eta=0.1 min
[2026-09-07 15:43:21] INFO Epoch 001 | train batch=2250/2262 | elapsed=7.6 min | eta=0.0 min
[2026-09-07 15:43:23] INFO Epoch 001 | train batch=2260/2262 | elapsed=7.6 min | eta=0.0 min
[2026-09-07 15:43:23] INFO Epoch 001 | train batch=2262/2262 | elapsed=7.6 min | eta=0.0 min
[2026-09-07 15:43:23] INFO Epoch 001 | val batch=1/307 | elapsed=0.0 min | eta=1.0 min
[2026-09-07 15:43:25] INFO Epoch 001 | val batch=10/307 | elapsed=0.0 min | eta=1.0 min
[2026-09-07 15:43:27] INFO Epoch 001 | val batch=20/307 | elapsed=0.1 min | eta=0.9 min
[2026-09-07 15:43:29] INFO Epoch 001 | val batch=30/307 | elapsed=0.1 min | eta=0.9 min
[2026-09-07 15:43:31] INFO Epoch 001 | val batch=40/307 | elapsed=0.1 min | eta=0.9 min
[2026-09-07 15:43:33] INFO Epoch 001 | val batch=50/307 | elapsed=0.2 min | eta=0.8 min
[2026-09-07 15:43:35] INFO Epoch 001 | val batch=60/307 | elapsed=0.2 min | eta=0.8 min
[2026-09-07 15:43:37] INFO Epoch 001 | val batch=70/307 | elapsed=0.2 min | eta=0.8 min
[2026-09-07 15:43:39] INFO Epoch 001 | val batch=80/307 | elapsed=0.3 min | eta=0.7 min
[2026-09-07 15:43:41] INFO Epoch 001 | val batch=90/307 | elapsed=0.3 min | eta=0.7 min
[2026-09-07 15:43:43] INFO Epoch 001 | val batch=100/307 | elapsed=0.3 min | eta=0.7 min
[2026-09-07 15:43:45] INFO Epoch 001 | val batch=110/307 | elapsed=0.4 min | eta=0.6 min
[2026-09-07 15:43:47] INFO Epoch 001 | val batch=120/307 | elapsed=0.4 min | eta=0.6 min
[2026-09-07 15:43:49] INFO Epoch 001 | val batch=130/307 | elapsed=0.4 min | eta=0.6 min
[2026-09-07 15:43:51] INFO Epoch 001 | val batch=140/307 | elapsed=0.5 min | eta=0.5 min
[2026-09-07 15:43:53] INFO Epoch 001 | val batch=150/307 | elapsed=0.5 min | eta=0.5 min
[2026-09-07 15:43:55] INFO Epoch 001 | val batch=160/307 | elapsed=0.5 min | eta=0.5 min
[2026-09-07 15:43:57] INFO Epoch 001 | val batch=170/307 | elapsed=0.6 min | eta=0.5 min
[2026-09-07 15:43:59] INFO Epoch 001 | val batch=180/307 | elapsed=0.6 min | eta=0.4 min
[2026-09-07 15:44:01] INFO Epoch 001 | val batch=190/307 | elapsed=0.6 min | eta=0.4 min
[2026-09-07 15:44:03] INFO Epoch 001 | val batch=200/307 | elapsed=0.7 min | eta=0.4 min
[2026-09-07 15:44:04] INFO Epoch 001 | val batch=210/307 | elapsed=0.7 min | eta=0.3 min
[2026-09-07 15:44:06] INFO Epoch 001 | val batch=220/307 | elapsed=0.7 min | eta=0.3 min
[2026-09-07 15:44:08] INFO Epoch 001 | val batch=230/307 | elapsed=0.8 min | eta=0.3 min
[2026-09-07 15:44:10] INFO Epoch 001 | val batch=240/307 | elapsed=0.8 min | eta=0.2 min
[2026-09-07 15:44:12] INFO Epoch 001 | val batch=250/307 | elapsed=0.8 min | eta=0.2 min
[2026-09-07 15:44:14] INFO Epoch 001 | val batch=260/307 | elapsed=0.9 min | eta=0.2 min
[2026-09-07 15:44:16] INFO Epoch 001 | val batch=270/307 | elapsed=0.9 min | eta=0.1 min
[2026-09-07 15:44:18] INFO Epoch 001 | val batch=280/307 | elapsed=0.9 min | eta=0.1 min
[2026-09-07 15:44:20] INFO Epoch 001 | val batch=290/307 | elapsed=1.0 min | eta=0.1 min
[2026-09-07 15:44:22] INFO Epoch 001 | val batch=300/307 | elapsed=1.0 min | eta=0.0 min
[2026-09-07 15:44:24] INFO Epoch 001 | val batch=307/307 | elapsed=1.0 min | eta=0.0 min
[2026-09-07 15:44:24] INFO Epoch 001 | train_total=2.338398 | train_relation=2.334105 | train_distill=0.085866 | val_total=2.165544 | val_relation=2.160713 | val_distill=0.096623 | val_anchors=1596400 | val_candidates=21057400 | val_teacher_keff=4.083 | val_student_keff=8.034 | seconds(train/val)=458.41/60.51
[2026-09-07 15:44:24] INFO Checkpoint updated | epoch=1 | best_val_relation=2.160713 | path=C:\Users\clw\projects\researchRep\STAnchor-BlockMemory\artifacts\cross_dataset_t1\pemsbay_head_adapter_seed42\retrieval_t1_best.pt
[2026-09-07 15:44:24] INFO Epoch 002/008 started | train_batches=2262 | val_batches=307
[2026-09-07 15:44:24] INFO Epoch 002 | train batch=1/2262 | elapsed=0.0 min | eta=7.9 min
[2026-09-07 15:44:26] INFO Epoch 002 | train batch=10/2262 | elapsed=0.0 min | eta=7.7 min
[2026-09-07 15:44:28] INFO Epoch 002 | train batch=20/2262 | elapsed=0.1 min | eta=7.6 min
[2026-09-07 15:44:30] INFO Epoch 002 | train batch=30/2262 | elapsed=0.1 min | eta=7.6 min
[2026-09-07 15:44:32] INFO Epoch 002 | train batch=40/2262 | elapsed=0.1 min | eta=7.5 min
[2026-09-07 15:44:34] INFO Epoch 002 | train batch=50/2262 | elapsed=0.2 min | eta=7.5 min
[2026-09-07 15:44:36] INFO Epoch 002 | train batch=60/2262 | elapsed=0.2 min | eta=7.4 min
[2026-09-07 15:44:38] INFO Epoch 002 | train batch=70/2262 | elapsed=0.2 min | eta=7.4 min
[2026-09-07 15:44:40] INFO Epoch 002 | train batch=80/2262 | elapsed=0.3 min | eta=7.4 min
[2026-09-07 15:44:42] INFO Epoch 002 | train batch=90/2262 | elapsed=0.3 min | eta=7.3 min
[2026-09-07 15:44:44] INFO Epoch 002 | train batch=100/2262 | elapsed=0.3 min | eta=7.3 min
[2026-09-07 15:44:46] INFO Epoch 002 | train batch=110/2262 | elapsed=0.4 min | eta=7.3 min
[2026-09-07 15:44:48] INFO Epoch 002 | train batch=120/2262 | elapsed=0.4 min | eta=7.2 min
[2026-09-07 15:44:50] INFO Epoch 002 | train batch=130/2262 | elapsed=0.4 min | eta=7.2 min
[2026-09-07 15:44:52] INFO Epoch 002 | train batch=140/2262 | elapsed=0.5 min | eta=7.2 min
[2026-09-07 15:44:54] INFO Epoch 002 | train batch=150/2262 | elapsed=0.5 min | eta=7.1 min
[2026-09-07 15:44:56] INFO Epoch 002 | train batch=160/2262 | elapsed=0.5 min | eta=7.1 min
[2026-09-07 15:44:58] INFO Epoch 002 | train batch=170/2262 | elapsed=0.6 min | eta=7.1 min
[2026-09-07 15:45:00] INFO Epoch 002 | train batch=180/2262 | elapsed=0.6 min | eta=7.0 min
[2026-09-07 15:45:02] INFO Epoch 002 | train batch=190/2262 | elapsed=0.6 min | eta=7.0 min
[2026-09-07 15:45:04] INFO Epoch 002 | train batch=200/2262 | elapsed=0.7 min | eta=7.0 min
[2026-09-07 15:45:06] INFO Epoch 002 | train batch=210/2262 | elapsed=0.7 min | eta=6.9 min
[2026-09-07 15:45:08] INFO Epoch 002 | train batch=220/2262 | elapsed=0.7 min | eta=6.9 min
[2026-09-07 15:45:10] INFO Epoch 002 | train batch=230/2262 | elapsed=0.8 min | eta=6.9 min
[2026-09-07 15:45:12] INFO Epoch 002 | train batch=240/2262 | elapsed=0.8 min | eta=6.8 min
[2026-09-07 15:45:14] INFO Epoch 002 | train batch=250/2262 | elapsed=0.8 min | eta=6.8 min
[2026-09-07 15:45:16] INFO Epoch 002 | train batch=260/2262 | elapsed=0.9 min | eta=6.8 min
[2026-09-07 15:45:18] INFO Epoch 002 | train batch=270/2262 | elapsed=0.9 min | eta=6.7 min
[2026-09-07 15:45:20] INFO Epoch 002 | train batch=280/2262 | elapsed=0.9 min | eta=6.7 min
[2026-09-07 15:45:22] INFO Epoch 002 | train batch=290/2262 | elapsed=1.0 min | eta=6.7 min
[2026-09-07 15:45:24] INFO Epoch 002 | train batch=300/2262 | elapsed=1.0 min | eta=6.6 min
[2026-09-07 15:45:26] INFO Epoch 002 | train batch=310/2262 | elapsed=1.0 min | eta=6.6 min
[2026-09-07 15:45:28] INFO Epoch 002 | train batch=320/2262 | elapsed=1.1 min | eta=6.6 min
[2026-09-07 15:45:30] INFO Epoch 002 | train batch=330/2262 | elapsed=1.1 min | eta=6.5 min
[2026-09-07 15:45:33] INFO Epoch 002 | train batch=340/2262 | elapsed=1.1 min | eta=6.5 min
[2026-09-07 15:45:35] INFO Epoch 002 | train batch=350/2262 | elapsed=1.2 min | eta=6.5 min
[2026-09-07 15:45:37] INFO Epoch 002 | train batch=360/2262 | elapsed=1.2 min | eta=6.4 min
[2026-09-07 15:45:39] INFO Epoch 002 | train batch=370/2262 | elapsed=1.2 min | eta=6.4 min
[2026-09-07 15:45:41] INFO Epoch 002 | train batch=380/2262 | elapsed=1.3 min | eta=6.4 min
[2026-09-07 15:45:43] INFO Epoch 002 | train batch=390/2262 | elapsed=1.3 min | eta=6.3 min
[2026-09-07 15:45:45] INFO Epoch 002 | train batch=400/2262 | elapsed=1.4 min | eta=6.3 min
[2026-09-07 15:45:47] INFO Epoch 002 | train batch=410/2262 | elapsed=1.4 min | eta=6.3 min
[2026-09-07 15:45:49] INFO Epoch 002 | train batch=420/2262 | elapsed=1.4 min | eta=6.2 min
[2026-09-07 15:45:51] INFO Epoch 002 | train batch=430/2262 | elapsed=1.5 min | eta=6.2 min
[2026-09-07 15:45:53] INFO Epoch 002 | train batch=440/2262 | elapsed=1.5 min | eta=6.1 min
[2026-09-07 15:45:55] INFO Epoch 002 | train batch=450/2262 | elapsed=1.5 min | eta=6.1 min
[2026-09-07 15:45:57] INFO Epoch 002 | train batch=460/2262 | elapsed=1.6 min | eta=6.1 min
[2026-09-07 15:45:59] INFO Epoch 002 | train batch=470/2262 | elapsed=1.6 min | eta=6.0 min
[2026-09-07 15:46:01] INFO Epoch 002 | train batch=480/2262 | elapsed=1.6 min | eta=6.0 min
[2026-09-07 15:46:03] INFO Epoch 002 | train batch=490/2262 | elapsed=1.7 min | eta=6.0 min
[2026-09-07 15:46:05] INFO Epoch 002 | train batch=500/2262 | elapsed=1.7 min | eta=5.9 min
[2026-09-07 15:46:07] INFO Epoch 002 | train batch=510/2262 | elapsed=1.7 min | eta=5.9 min
[2026-09-07 15:46:09] INFO Epoch 002 | train batch=520/2262 | elapsed=1.8 min | eta=5.9 min
[2026-09-07 15:46:11] INFO Epoch 002 | train batch=530/2262 | elapsed=1.8 min | eta=5.8 min
[2026-09-07 15:46:13] INFO Epoch 002 | train batch=540/2262 | elapsed=1.8 min | eta=5.8 min
[2026-09-07 15:46:15] INFO Epoch 002 | train batch=550/2262 | elapsed=1.9 min | eta=5.8 min
[2026-09-07 15:46:17] INFO Epoch 002 | train batch=560/2262 | elapsed=1.9 min | eta=5.7 min
[2026-09-07 15:46:19] INFO Epoch 002 | train batch=570/2262 | elapsed=1.9 min | eta=5.7 min
[2026-09-07 15:46:21] INFO Epoch 002 | train batch=580/2262 | elapsed=2.0 min | eta=5.7 min
[2026-09-07 15:46:23] INFO Epoch 002 | train batch=590/2262 | elapsed=2.0 min | eta=5.6 min
[2026-09-07 15:46:25] INFO Epoch 002 | train batch=600/2262 | elapsed=2.0 min | eta=5.6 min
[2026-09-07 15:46:27] INFO Epoch 002 | train batch=610/2262 | elapsed=2.1 min | eta=5.6 min
[2026-09-07 15:46:29] INFO Epoch 002 | train batch=620/2262 | elapsed=2.1 min | eta=5.5 min
[2026-09-07 15:46:31] INFO Epoch 002 | train batch=630/2262 | elapsed=2.1 min | eta=5.5 min
[2026-09-07 15:46:33] INFO Epoch 002 | train batch=640/2262 | elapsed=2.2 min | eta=5.5 min
[2026-09-07 15:46:35] INFO Epoch 002 | train batch=650/2262 | elapsed=2.2 min | eta=5.4 min
[2026-09-07 15:46:37] INFO Epoch 002 | train batch=660/2262 | elapsed=2.2 min | eta=5.4 min
[2026-09-07 15:46:39] INFO Epoch 002 | train batch=670/2262 | elapsed=2.3 min | eta=5.4 min
[2026-09-07 15:46:41] INFO Epoch 002 | train batch=680/2262 | elapsed=2.3 min | eta=5.3 min
[2026-09-07 15:46:43] INFO Epoch 002 | train batch=690/2262 | elapsed=2.3 min | eta=5.3 min
[2026-09-07 15:46:45] INFO Epoch 002 | train batch=700/2262 | elapsed=2.4 min | eta=5.3 min
[2026-09-07 15:46:47] INFO Epoch 002 | train batch=710/2262 | elapsed=2.4 min | eta=5.2 min
[2026-09-07 15:46:49] INFO Epoch 002 | train batch=720/2262 | elapsed=2.4 min | eta=5.2 min
[2026-09-07 15:46:51] INFO Epoch 002 | train batch=730/2262 | elapsed=2.5 min | eta=5.2 min
[2026-09-07 15:46:54] INFO Epoch 002 | train batch=740/2262 | elapsed=2.5 min | eta=5.1 min
[2026-09-07 15:46:56] INFO Epoch 002 | train batch=750/2262 | elapsed=2.5 min | eta=5.1 min
[2026-09-07 15:46:58] INFO Epoch 002 | train batch=760/2262 | elapsed=2.6 min | eta=5.1 min
[2026-09-07 15:47:00] INFO Epoch 002 | train batch=770/2262 | elapsed=2.6 min | eta=5.0 min
[2026-09-07 15:47:02] INFO Epoch 002 | train batch=780/2262 | elapsed=2.6 min | eta=5.0 min
[2026-09-07 15:47:04] INFO Epoch 002 | train batch=790/2262 | elapsed=2.7 min | eta=5.0 min
[2026-09-07 15:47:06] INFO Epoch 002 | train batch=800/2262 | elapsed=2.7 min | eta=4.9 min
[2026-09-07 15:47:08] INFO Epoch 002 | train batch=810/2262 | elapsed=2.7 min | eta=4.9 min
[2026-09-07 15:47:10] INFO Epoch 002 | train batch=820/2262 | elapsed=2.8 min | eta=4.9 min
[2026-09-07 15:47:12] INFO Epoch 002 | train batch=830/2262 | elapsed=2.8 min | eta=4.8 min
[2026-09-07 15:47:14] INFO Epoch 002 | train batch=840/2262 | elapsed=2.8 min | eta=4.8 min
[2026-09-07 15:47:16] INFO Epoch 002 | train batch=850/2262 | elapsed=2.9 min | eta=4.8 min
[2026-09-07 15:47:18] INFO Epoch 002 | train batch=860/2262 | elapsed=2.9 min | eta=4.7 min
[2026-09-07 15:47:20] INFO Epoch 002 | train batch=870/2262 | elapsed=2.9 min | eta=4.7 min
[2026-09-07 15:47:22] INFO Epoch 002 | train batch=880/2262 | elapsed=3.0 min | eta=4.7 min
[2026-09-07 15:47:24] INFO Epoch 002 | train batch=890/2262 | elapsed=3.0 min | eta=4.6 min
[2026-09-07 15:47:26] INFO Epoch 002 | train batch=900/2262 | elapsed=3.0 min | eta=4.6 min
[2026-09-07 15:47:28] INFO Epoch 002 | train batch=910/2262 | elapsed=3.1 min | eta=4.6 min
[2026-09-07 15:47:30] INFO Epoch 002 | train batch=920/2262 | elapsed=3.1 min | eta=4.5 min
[2026-09-07 15:47:32] INFO Epoch 002 | train batch=930/2262 | elapsed=3.1 min | eta=4.5 min
[2026-09-07 15:47:34] INFO Epoch 002 | train batch=940/2262 | elapsed=3.2 min | eta=4.5 min
[2026-09-07 15:47:36] INFO Epoch 002 | train batch=950/2262 | elapsed=3.2 min | eta=4.4 min
[2026-09-07 15:47:38] INFO Epoch 002 | train batch=960/2262 | elapsed=3.2 min | eta=4.4 min
[2026-09-07 15:47:40] INFO Epoch 002 | train batch=970/2262 | elapsed=3.3 min | eta=4.4 min
[2026-09-07 15:47:42] INFO Epoch 002 | train batch=980/2262 | elapsed=3.3 min | eta=4.3 min
[2026-09-07 15:47:44] INFO Epoch 002 | train batch=990/2262 | elapsed=3.3 min | eta=4.3 min
[2026-09-07 15:47:46] INFO Epoch 002 | train batch=1000/2262 | elapsed=3.4 min | eta=4.3 min
[2026-09-07 15:47:48] INFO Epoch 002 | train batch=1010/2262 | elapsed=3.4 min | eta=4.2 min
[2026-09-07 15:47:50] INFO Epoch 002 | train batch=1020/2262 | elapsed=3.4 min | eta=4.2 min
[2026-09-07 15:47:52] INFO Epoch 002 | train batch=1030/2262 | elapsed=3.5 min | eta=4.2 min
[2026-09-07 15:47:54] INFO Epoch 002 | train batch=1040/2262 | elapsed=3.5 min | eta=4.1 min
[2026-09-07 15:47:56] INFO Epoch 002 | train batch=1050/2262 | elapsed=3.5 min | eta=4.1 min
[2026-09-07 15:47:58] INFO Epoch 002 | train batch=1060/2262 | elapsed=3.6 min | eta=4.1 min
[2026-09-07 15:48:00] INFO Epoch 002 | train batch=1070/2262 | elapsed=3.6 min | eta=4.0 min
[2026-09-07 15:48:02] INFO Epoch 002 | train batch=1080/2262 | elapsed=3.6 min | eta=4.0 min
[2026-09-07 15:48:04] INFO Epoch 002 | train batch=1090/2262 | elapsed=3.7 min | eta=4.0 min
[2026-09-07 15:48:06] INFO Epoch 002 | train batch=1100/2262 | elapsed=3.7 min | eta=3.9 min
[2026-09-07 15:48:08] INFO Epoch 002 | train batch=1110/2262 | elapsed=3.7 min | eta=3.9 min
[2026-09-07 15:48:10] INFO Epoch 002 | train batch=1120/2262 | elapsed=3.8 min | eta=3.9 min
[2026-09-07 15:48:12] INFO Epoch 002 | train batch=1130/2262 | elapsed=3.8 min | eta=3.8 min
[2026-09-07 15:48:14] INFO Epoch 002 | train batch=1140/2262 | elapsed=3.8 min | eta=3.8 min
[2026-09-07 15:48:17] INFO Epoch 002 | train batch=1150/2262 | elapsed=3.9 min | eta=3.8 min
[2026-09-07 15:48:19] INFO Epoch 002 | train batch=1160/2262 | elapsed=3.9 min | eta=3.7 min
[2026-09-07 15:48:21] INFO Epoch 002 | train batch=1170/2262 | elapsed=3.9 min | eta=3.7 min
[2026-09-07 15:48:23] INFO Epoch 002 | train batch=1180/2262 | elapsed=4.0 min | eta=3.7 min
[2026-09-07 15:48:25] INFO Epoch 002 | train batch=1190/2262 | elapsed=4.0 min | eta=3.6 min
[2026-09-07 15:48:27] INFO Epoch 002 | train batch=1200/2262 | elapsed=4.0 min | eta=3.6 min
[2026-09-07 15:48:29] INFO Epoch 002 | train batch=1210/2262 | elapsed=4.1 min | eta=3.6 min
[2026-09-07 15:48:31] INFO Epoch 002 | train batch=1220/2262 | elapsed=4.1 min | eta=3.5 min
[2026-09-07 15:48:33] INFO Epoch 002 | train batch=1230/2262 | elapsed=4.2 min | eta=3.5 min
[2026-09-07 15:48:35] INFO Epoch 002 | train batch=1240/2262 | elapsed=4.2 min | eta=3.4 min
[2026-09-07 15:48:37] INFO Epoch 002 | train batch=1250/2262 | elapsed=4.2 min | eta=3.4 min
[2026-09-07 15:48:39] INFO Epoch 002 | train batch=1260/2262 | elapsed=4.3 min | eta=3.4 min
[2026-09-07 15:48:41] INFO Epoch 002 | train batch=1270/2262 | elapsed=4.3 min | eta=3.3 min
[2026-09-07 15:48:43] INFO Epoch 002 | train batch=1280/2262 | elapsed=4.3 min | eta=3.3 min
[2026-09-07 15:48:45] INFO Epoch 002 | train batch=1290/2262 | elapsed=4.4 min | eta=3.3 min
[2026-09-07 15:48:47] INFO Epoch 002 | train batch=1300/2262 | elapsed=4.4 min | eta=3.2 min
[2026-09-07 15:48:49] INFO Epoch 002 | train batch=1310/2262 | elapsed=4.4 min | eta=3.2 min
[2026-09-07 15:48:51] INFO Epoch 002 | train batch=1320/2262 | elapsed=4.5 min | eta=3.2 min
[2026-09-07 15:48:53] INFO Epoch 002 | train batch=1330/2262 | elapsed=4.5 min | eta=3.1 min
[2026-09-07 15:48:55] INFO Epoch 002 | train batch=1340/2262 | elapsed=4.5 min | eta=3.1 min
[2026-09-07 15:48:57] INFO Epoch 002 | train batch=1350/2262 | elapsed=4.6 min | eta=3.1 min
[2026-09-07 15:48:59] INFO Epoch 002 | train batch=1360/2262 | elapsed=4.6 min | eta=3.0 min
[2026-09-07 15:49:01] INFO Epoch 002 | train batch=1370/2262 | elapsed=4.6 min | eta=3.0 min
[2026-09-07 15:49:03] INFO Epoch 002 | train batch=1380/2262 | elapsed=4.7 min | eta=3.0 min
[2026-09-07 15:49:05] INFO Epoch 002 | train batch=1390/2262 | elapsed=4.7 min | eta=2.9 min
[2026-09-07 15:49:07] INFO Epoch 002 | train batch=1400/2262 | elapsed=4.7 min | eta=2.9 min
[2026-09-07 15:49:09] INFO Epoch 002 | train batch=1410/2262 | elapsed=4.8 min | eta=2.9 min
[2026-09-07 15:49:11] INFO Epoch 002 | train batch=1420/2262 | elapsed=4.8 min | eta=2.8 min
[2026-09-07 15:49:13] INFO Epoch 002 | train batch=1430/2262 | elapsed=4.8 min | eta=2.8 min
[2026-09-07 15:49:15] INFO Epoch 002 | train batch=1440/2262 | elapsed=4.9 min | eta=2.8 min
[2026-09-07 15:49:17] INFO Epoch 002 | train batch=1450/2262 | elapsed=4.9 min | eta=2.7 min
[2026-09-07 15:49:19] INFO Epoch 002 | train batch=1460/2262 | elapsed=4.9 min | eta=2.7 min
[2026-09-07 15:49:21] INFO Epoch 002 | train batch=1470/2262 | elapsed=5.0 min | eta=2.7 min
[2026-09-07 15:49:23] INFO Epoch 002 | train batch=1480/2262 | elapsed=5.0 min | eta=2.6 min
[2026-09-07 15:49:25] INFO Epoch 002 | train batch=1490/2262 | elapsed=5.0 min | eta=2.6 min
[2026-09-07 15:49:27] INFO Epoch 002 | train batch=1500/2262 | elapsed=5.1 min | eta=2.6 min
[2026-09-07 15:49:29] INFO Epoch 002 | train batch=1510/2262 | elapsed=5.1 min | eta=2.5 min
[2026-09-07 15:49:31] INFO Epoch 002 | train batch=1520/2262 | elapsed=5.1 min | eta=2.5 min
[2026-09-07 15:49:33] INFO Epoch 002 | train batch=1530/2262 | elapsed=5.2 min | eta=2.5 min
[2026-09-07 15:49:35] INFO Epoch 002 | train batch=1540/2262 | elapsed=5.2 min | eta=2.4 min
[2026-09-07 15:49:37] INFO Epoch 002 | train batch=1550/2262 | elapsed=5.2 min | eta=2.4 min
[2026-09-07 15:49:40] INFO Epoch 002 | train batch=1560/2262 | elapsed=5.3 min | eta=2.4 min
[2026-09-07 15:49:42] INFO Epoch 002 | train batch=1570/2262 | elapsed=5.3 min | eta=2.3 min
[2026-09-07 15:49:44] INFO Epoch 002 | train batch=1580/2262 | elapsed=5.3 min | eta=2.3 min
[2026-09-07 15:49:46] INFO Epoch 002 | train batch=1590/2262 | elapsed=5.4 min | eta=2.3 min
[2026-09-07 15:49:48] INFO Epoch 002 | train batch=1600/2262 | elapsed=5.4 min | eta=2.2 min
[2026-09-07 15:49:50] INFO Epoch 002 | train batch=1610/2262 | elapsed=5.4 min | eta=2.2 min
[2026-09-07 15:49:52] INFO Epoch 002 | train batch=1620/2262 | elapsed=5.5 min | eta=2.2 min
[2026-09-07 15:49:54] INFO Epoch 002 | train batch=1630/2262 | elapsed=5.5 min | eta=2.1 min
[2026-09-07 15:49:56] INFO Epoch 002 | train batch=1640/2262 | elapsed=5.5 min | eta=2.1 min
[2026-09-07 15:49:58] INFO Epoch 002 | train batch=1650/2262 | elapsed=5.6 min | eta=2.1 min
[2026-09-07 15:50:00] INFO Epoch 002 | train batch=1660/2262 | elapsed=5.6 min | eta=2.0 min
[2026-09-07 15:50:02] INFO Epoch 002 | train batch=1670/2262 | elapsed=5.6 min | eta=2.0 min
[2026-09-07 15:50:04] INFO Epoch 002 | train batch=1680/2262 | elapsed=5.7 min | eta=2.0 min
[2026-09-07 15:50:06] INFO Epoch 002 | train batch=1690/2262 | elapsed=5.7 min | eta=1.9 min
[2026-09-07 15:50:08] INFO Epoch 002 | train batch=1700/2262 | elapsed=5.7 min | eta=1.9 min
[2026-09-07 15:50:10] INFO Epoch 002 | train batch=1710/2262 | elapsed=5.8 min | eta=1.9 min
[2026-09-07 15:50:12] INFO Epoch 002 | train batch=1720/2262 | elapsed=5.8 min | eta=1.8 min
[2026-09-07 15:50:14] INFO Epoch 002 | train batch=1730/2262 | elapsed=5.8 min | eta=1.8 min
[2026-09-07 15:50:16] INFO Epoch 002 | train batch=1740/2262 | elapsed=5.9 min | eta=1.8 min
[2026-09-07 15:50:18] INFO Epoch 002 | train batch=1750/2262 | elapsed=5.9 min | eta=1.7 min
[2026-09-07 15:50:20] INFO Epoch 002 | train batch=1760/2262 | elapsed=5.9 min | eta=1.7 min
[2026-09-07 15:50:22] INFO Epoch 002 | train batch=1770/2262 | elapsed=6.0 min | eta=1.7 min
[2026-09-07 15:50:24] INFO Epoch 002 | train batch=1780/2262 | elapsed=6.0 min | eta=1.6 min
[2026-09-07 15:50:26] INFO Epoch 002 | train batch=1790/2262 | elapsed=6.0 min | eta=1.6 min
[2026-09-07 15:50:28] INFO Epoch 002 | train batch=1800/2262 | elapsed=6.1 min | eta=1.6 min
[2026-09-07 15:50:30] INFO Epoch 002 | train batch=1810/2262 | elapsed=6.1 min | eta=1.5 min
[2026-09-07 15:50:32] INFO Epoch 002 | train batch=1820/2262 | elapsed=6.1 min | eta=1.5 min
[2026-09-07 15:50:34] INFO Epoch 002 | train batch=1830/2262 | elapsed=6.2 min | eta=1.5 min
[2026-09-07 15:50:36] INFO Epoch 002 | train batch=1840/2262 | elapsed=6.2 min | eta=1.4 min
[2026-09-07 15:50:38] INFO Epoch 002 | train batch=1850/2262 | elapsed=6.2 min | eta=1.4 min
[2026-09-07 15:50:40] INFO Epoch 002 | train batch=1860/2262 | elapsed=6.3 min | eta=1.4 min
[2026-09-07 15:50:42] INFO Epoch 002 | train batch=1870/2262 | elapsed=6.3 min | eta=1.3 min
[2026-09-07 15:50:44] INFO Epoch 002 | train batch=1880/2262 | elapsed=6.3 min | eta=1.3 min
[2026-09-07 15:50:46] INFO Epoch 002 | train batch=1890/2262 | elapsed=6.4 min | eta=1.3 min
[2026-09-07 15:50:48] INFO Epoch 002 | train batch=1900/2262 | elapsed=6.4 min | eta=1.2 min
[2026-09-07 15:50:50] INFO Epoch 002 | train batch=1910/2262 | elapsed=6.4 min | eta=1.2 min
[2026-09-07 15:50:52] INFO Epoch 002 | train batch=1920/2262 | elapsed=6.5 min | eta=1.2 min
[2026-09-07 15:50:54] INFO Epoch 002 | train batch=1930/2262 | elapsed=6.5 min | eta=1.1 min
[2026-09-07 15:50:56] INFO Epoch 002 | train batch=1940/2262 | elapsed=6.5 min | eta=1.1 min
[2026-09-07 15:50:58] INFO Epoch 002 | train batch=1950/2262 | elapsed=6.6 min | eta=1.1 min
[2026-09-07 15:51:00] INFO Epoch 002 | train batch=1960/2262 | elapsed=6.6 min | eta=1.0 min
[2026-09-07 15:51:02] INFO Epoch 002 | train batch=1970/2262 | elapsed=6.6 min | eta=1.0 min
[2026-09-07 15:51:05] INFO Epoch 002 | train batch=1980/2262 | elapsed=6.7 min | eta=1.0 min
[2026-09-07 15:51:07] INFO Epoch 002 | train batch=1990/2262 | elapsed=6.7 min | eta=0.9 min
[2026-09-07 15:51:09] INFO Epoch 002 | train batch=2000/2262 | elapsed=6.7 min | eta=0.9 min
[2026-09-07 15:51:11] INFO Epoch 002 | train batch=2010/2262 | elapsed=6.8 min | eta=0.9 min
[2026-09-07 15:51:13] INFO Epoch 002 | train batch=2020/2262 | elapsed=6.8 min | eta=0.8 min
[2026-09-07 15:51:15] INFO Epoch 002 | train batch=2030/2262 | elapsed=6.8 min | eta=0.8 min
[2026-09-07 15:51:17] INFO Epoch 002 | train batch=2040/2262 | elapsed=6.9 min | eta=0.7 min
[2026-09-07 15:51:19] INFO Epoch 002 | train batch=2050/2262 | elapsed=6.9 min | eta=0.7 min
[2026-09-07 15:51:21] INFO Epoch 002 | train batch=2060/2262 | elapsed=7.0 min | eta=0.7 min
[2026-09-07 15:51:23] INFO Epoch 002 | train batch=2070/2262 | elapsed=7.0 min | eta=0.6 min
[2026-09-07 15:51:25] INFO Epoch 002 | train batch=2080/2262 | elapsed=7.0 min | eta=0.6 min
[2026-09-07 15:51:27] INFO Epoch 002 | train batch=2090/2262 | elapsed=7.1 min | eta=0.6 min
[2026-09-07 15:51:29] INFO Epoch 002 | train batch=2100/2262 | elapsed=7.1 min | eta=0.5 min
[2026-09-07 15:51:31] INFO Epoch 002 | train batch=2110/2262 | elapsed=7.1 min | eta=0.5 min
[2026-09-07 15:51:33] INFO Epoch 002 | train batch=2120/2262 | elapsed=7.2 min | eta=0.5 min
[2026-09-07 15:51:35] INFO Epoch 002 | train batch=2130/2262 | elapsed=7.2 min | eta=0.4 min
[2026-09-07 15:51:37] INFO Epoch 002 | train batch=2140/2262 | elapsed=7.2 min | eta=0.4 min
[2026-09-07 15:51:39] INFO Epoch 002 | train batch=2150/2262 | elapsed=7.3 min | eta=0.4 min
[2026-09-07 15:51:41] INFO Epoch 002 | train batch=2160/2262 | elapsed=7.3 min | eta=0.3 min
[2026-09-07 15:51:43] INFO Epoch 002 | train batch=2170/2262 | elapsed=7.3 min | eta=0.3 min
[2026-09-07 15:51:45] INFO Epoch 002 | train batch=2180/2262 | elapsed=7.4 min | eta=0.3 min
[2026-09-07 15:51:47] INFO Epoch 002 | train batch=2190/2262 | elapsed=7.4 min | eta=0.2 min
[2026-09-07 15:51:49] INFO Epoch 002 | train batch=2200/2262 | elapsed=7.4 min | eta=0.2 min
[2026-09-07 15:51:51] INFO Epoch 002 | train batch=2210/2262 | elapsed=7.5 min | eta=0.2 min
[2026-09-07 15:51:53] INFO Epoch 002 | train batch=2220/2262 | elapsed=7.5 min | eta=0.1 min
[2026-09-07 15:51:55] INFO Epoch 002 | train batch=2230/2262 | elapsed=7.5 min | eta=0.1 min
[2026-09-07 15:51:57] INFO Epoch 002 | train batch=2240/2262 | elapsed=7.6 min | eta=0.1 min
[2026-09-07 15:51:59] INFO Epoch 002 | train batch=2250/2262 | elapsed=7.6 min | eta=0.0 min
[2026-09-07 15:52:01] INFO Epoch 002 | train batch=2260/2262 | elapsed=7.6 min | eta=0.0 min
[2026-09-07 15:52:01] INFO Epoch 002 | train batch=2262/2262 | elapsed=7.6 min | eta=0.0 min
[2026-09-07 15:52:01] INFO Epoch 002 | val batch=1/307 | elapsed=0.0 min | eta=1.0 min
[2026-09-07 15:52:03] INFO Epoch 002 | val batch=10/307 | elapsed=0.0 min | eta=1.0 min
[2026-09-07 15:52:05] INFO Epoch 002 | val batch=20/307 | elapsed=0.1 min | eta=0.9 min
[2026-09-07 15:52:07] INFO Epoch 002 | val batch=30/307 | elapsed=0.1 min | eta=0.9 min
[2026-09-07 15:52:09] INFO Epoch 002 | val batch=40/307 | elapsed=0.1 min | eta=0.9 min
[2026-09-07 15:52:11] INFO Epoch 002 | val batch=50/307 | elapsed=0.2 min | eta=0.8 min
[2026-09-07 15:52:13] INFO Epoch 002 | val batch=60/307 | elapsed=0.2 min | eta=0.8 min
[2026-09-07 15:52:15] INFO Epoch 002 | val batch=70/307 | elapsed=0.2 min | eta=0.8 min
[2026-09-07 15:52:17] INFO Epoch 002 | val batch=80/307 | elapsed=0.3 min | eta=0.7 min
[2026-09-07 15:52:19] INFO Epoch 002 | val batch=90/307 | elapsed=0.3 min | eta=0.7 min
[2026-09-07 15:52:21] INFO Epoch 002 | val batch=100/307 | elapsed=0.3 min | eta=0.7 min
[2026-09-07 15:52:23] INFO Epoch 002 | val batch=110/307 | elapsed=0.4 min | eta=0.6 min
[2026-09-07 15:52:25] INFO Epoch 002 | val batch=120/307 | elapsed=0.4 min | eta=0.6 min
[2026-09-07 15:52:27] INFO Epoch 002 | val batch=130/307 | elapsed=0.4 min | eta=0.6 min
[2026-09-07 15:52:29] INFO Epoch 002 | val batch=140/307 | elapsed=0.5 min | eta=0.5 min
[2026-09-07 15:52:31] INFO Epoch 002 | val batch=150/307 | elapsed=0.5 min | eta=0.5 min
[2026-09-07 15:52:33] INFO Epoch 002 | val batch=160/307 | elapsed=0.5 min | eta=0.5 min
[2026-09-07 15:52:34] INFO Epoch 002 | val batch=170/307 | elapsed=0.6 min | eta=0.4 min
[2026-09-07 15:52:36] INFO Epoch 002 | val batch=180/307 | elapsed=0.6 min | eta=0.4 min
[2026-09-07 15:52:38] INFO Epoch 002 | val batch=190/307 | elapsed=0.6 min | eta=0.4 min
[2026-09-07 15:52:40] INFO Epoch 002 | val batch=200/307 | elapsed=0.7 min | eta=0.3 min
[2026-09-07 15:52:42] INFO Epoch 002 | val batch=210/307 | elapsed=0.7 min | eta=0.3 min
[2026-09-07 15:52:44] INFO Epoch 002 | val batch=220/307 | elapsed=0.7 min | eta=0.3 min
[2026-09-07 15:52:46] INFO Epoch 002 | val batch=230/307 | elapsed=0.7 min | eta=0.3 min
[2026-09-07 15:52:48] INFO Epoch 002 | val batch=240/307 | elapsed=0.8 min | eta=0.2 min
[2026-09-07 15:52:50] INFO Epoch 002 | val batch=250/307 | elapsed=0.8 min | eta=0.2 min
[2026-09-07 15:52:52] INFO Epoch 002 | val batch=260/307 | elapsed=0.8 min | eta=0.2 min
[2026-09-07 15:52:54] INFO Epoch 002 | val batch=270/307 | elapsed=0.9 min | eta=0.1 min
[2026-09-07 15:52:56] INFO Epoch 002 | val batch=280/307 | elapsed=0.9 min | eta=0.1 min
[2026-09-07 15:52:58] INFO Epoch 002 | val batch=290/307 | elapsed=0.9 min | eta=0.1 min
[2026-09-07 15:53:00] INFO Epoch 002 | val batch=300/307 | elapsed=1.0 min | eta=0.0 min
[2026-09-07 15:53:01] INFO Epoch 002 | val batch=307/307 | elapsed=1.0 min | eta=0.0 min
[2026-09-07 15:53:01] INFO Epoch 002 | train_total=2.301739 | train_relation=2.296719 | train_distill=0.100395 | val_total=2.155763 | val_relation=2.150650 | val_distill=0.102259 | val_anchors=1596400 | val_candidates=21057400 | val_teacher_keff=4.083 | val_student_keff=7.835 | seconds(train/val)=457.57/59.92
[2026-09-07 15:53:01] INFO Checkpoint updated | epoch=2 | best_val_relation=2.150650 | path=C:\Users\clw\projects\researchRep\STAnchor-BlockMemory\artifacts\cross_dataset_t1\pemsbay_head_adapter_seed42\retrieval_t1_best.pt
[2026-09-07 15:53:01] INFO Epoch 003/008 started | train_batches=2262 | val_batches=307
[2026-09-07 15:53:01] INFO Epoch 003 | train batch=1/2262 | elapsed=0.0 min | eta=7.7 min
[2026-09-07 15:53:03] INFO Epoch 003 | train batch=10/2262 | elapsed=0.0 min | eta=7.5 min
[2026-09-07 15:53:05] INFO Epoch 003 | train batch=20/2262 | elapsed=0.1 min | eta=7.5 min
[2026-09-07 15:53:07] INFO Epoch 003 | train batch=30/2262 | elapsed=0.1 min | eta=7.4 min
[2026-09-07 15:53:09] INFO Epoch 003 | train batch=40/2262 | elapsed=0.1 min | eta=7.4 min
[2026-09-07 15:53:11] INFO Epoch 003 | train batch=50/2262 | elapsed=0.2 min | eta=7.4 min
[2026-09-07 15:53:13] INFO Epoch 003 | train batch=60/2262 | elapsed=0.2 min | eta=7.3 min
[2026-09-07 15:53:15] INFO Epoch 003 | train batch=70/2262 | elapsed=0.2 min | eta=7.3 min
[2026-09-07 15:53:17] INFO Epoch 003 | train batch=80/2262 | elapsed=0.3 min | eta=7.3 min
[2026-09-07 15:53:19] INFO Epoch 003 | train batch=90/2262 | elapsed=0.3 min | eta=7.2 min
[2026-09-07 15:53:21] INFO Epoch 003 | train batch=100/2262 | elapsed=0.3 min | eta=7.2 min
[2026-09-07 15:53:23] INFO Epoch 003 | train batch=110/2262 | elapsed=0.4 min | eta=7.2 min
[2026-09-07 15:53:25] INFO Epoch 003 | train batch=120/2262 | elapsed=0.4 min | eta=7.1 min
[2026-09-07 15:53:27] INFO Epoch 003 | train batch=130/2262 | elapsed=0.4 min | eta=7.1 min
[2026-09-07 15:53:29] INFO Epoch 003 | train batch=140/2262 | elapsed=0.5 min | eta=7.1 min
[2026-09-07 15:53:31] INFO Epoch 003 | train batch=150/2262 | elapsed=0.5 min | eta=7.0 min
[2026-09-07 15:53:33] INFO Epoch 003 | train batch=160/2262 | elapsed=0.5 min | eta=7.0 min
[2026-09-07 15:53:35] INFO Epoch 003 | train batch=170/2262 | elapsed=0.6 min | eta=7.0 min
[2026-09-07 15:53:37] INFO Epoch 003 | train batch=180/2262 | elapsed=0.6 min | eta=6.9 min
[2026-09-07 15:53:39] INFO Epoch 003 | train batch=190/2262 | elapsed=0.6 min | eta=6.9 min
[2026-09-07 15:53:41] INFO Epoch 003 | train batch=200/2262 | elapsed=0.7 min | eta=6.9 min
[2026-09-07 15:53:43] INFO Epoch 003 | train batch=210/2262 | elapsed=0.7 min | eta=6.8 min
[2026-09-07 15:53:45] INFO Epoch 003 | train batch=220/2262 | elapsed=0.7 min | eta=6.8 min
[2026-09-07 15:53:47] INFO Epoch 003 | train batch=230/2262 | elapsed=0.8 min | eta=6.8 min
[2026-09-07 15:53:49] INFO Epoch 003 | train batch=240/2262 | elapsed=0.8 min | eta=6.7 min
[2026-09-07 15:53:51] INFO Epoch 003 | train batch=250/2262 | elapsed=0.8 min | eta=6.7 min
[2026-09-07 15:53:53] INFO Epoch 003 | train batch=260/2262 | elapsed=0.9 min | eta=6.7 min
[2026-09-07 15:53:55] INFO Epoch 003 | train batch=270/2262 | elapsed=0.9 min | eta=6.6 min
[2026-09-07 15:53:57] INFO Epoch 003 | train batch=280/2262 | elapsed=0.9 min | eta=6.6 min
[2026-09-07 15:53:59] INFO Epoch 003 | train batch=290/2262 | elapsed=1.0 min | eta=6.6 min
[2026-09-07 15:54:01] INFO Epoch 003 | train batch=300/2262 | elapsed=1.0 min | eta=6.5 min
[2026-09-07 15:54:03] INFO Epoch 003 | train batch=310/2262 | elapsed=1.0 min | eta=6.5 min
[2026-09-07 15:54:05] INFO Epoch 003 | train batch=320/2262 | elapsed=1.1 min | eta=6.5 min
[2026-09-07 15:54:07] INFO Epoch 003 | train batch=330/2262 | elapsed=1.1 min | eta=6.4 min
[2026-09-07 15:54:09] INFO Epoch 003 | train batch=340/2262 | elapsed=1.1 min | eta=6.4 min
[2026-09-07 15:54:11] INFO Epoch 003 | train batch=350/2262 | elapsed=1.2 min | eta=6.4 min
[2026-09-07 15:54:13] INFO Epoch 003 | train batch=360/2262 | elapsed=1.2 min | eta=6.3 min
[2026-09-07 15:54:15] INFO Epoch 003 | train batch=370/2262 | elapsed=1.2 min | eta=6.3 min
[2026-09-07 15:54:17] INFO Epoch 003 | train batch=380/2262 | elapsed=1.3 min | eta=6.3 min
[2026-09-07 15:54:19] INFO Epoch 003 | train batch=390/2262 | elapsed=1.3 min | eta=6.2 min
[2026-09-07 15:54:21] INFO Epoch 003 | train batch=400/2262 | elapsed=1.3 min | eta=6.2 min
[2026-09-07 15:54:23] INFO Epoch 003 | train batch=410/2262 | elapsed=1.4 min | eta=6.2 min
[2026-09-07 15:54:25] INFO Epoch 003 | train batch=420/2262 | elapsed=1.4 min | eta=6.1 min
[2026-09-07 15:54:27] INFO Epoch 003 | train batch=430/2262 | elapsed=1.4 min | eta=6.1 min
[2026-09-07 15:54:29] INFO Epoch 003 | train batch=440/2262 | elapsed=1.5 min | eta=6.1 min
[2026-09-07 15:54:31] INFO Epoch 003 | train batch=450/2262 | elapsed=1.5 min | eta=6.0 min
[2026-09-07 15:54:33] INFO Epoch 003 | train batch=460/2262 | elapsed=1.5 min | eta=6.0 min
[2026-09-07 15:54:35] INFO Epoch 003 | train batch=470/2262 | elapsed=1.6 min | eta=6.0 min
[2026-09-07 15:54:37] INFO Epoch 003 | train batch=480/2262 | elapsed=1.6 min | eta=5.9 min
[2026-09-07 15:54:39] INFO Epoch 003 | train batch=490/2262 | elapsed=1.6 min | eta=5.9 min
[2026-09-07 15:54:41] INFO Epoch 003 | train batch=500/2262 | elapsed=1.7 min | eta=5.9 min
[2026-09-07 15:54:43] INFO Epoch 003 | train batch=510/2262 | elapsed=1.7 min | eta=5.8 min
[2026-09-07 15:54:45] INFO Epoch 003 | train batch=520/2262 | elapsed=1.7 min | eta=5.8 min
[2026-09-07 15:54:47] INFO Epoch 003 | train batch=530/2262 | elapsed=1.8 min | eta=5.8 min
[2026-09-07 15:54:49] INFO Epoch 003 | train batch=540/2262 | elapsed=1.8 min | eta=5.7 min
[2026-09-07 15:54:51] INFO Epoch 003 | train batch=550/2262 | elapsed=1.8 min | eta=5.7 min
[2026-09-07 15:54:53] INFO Epoch 003 | train batch=560/2262 | elapsed=1.9 min | eta=5.7 min
[2026-09-07 15:54:55] INFO Epoch 003 | train batch=570/2262 | elapsed=1.9 min | eta=5.6 min
[2026-09-07 15:54:57] INFO Epoch 003 | train batch=580/2262 | elapsed=1.9 min | eta=5.6 min
[2026-09-07 15:54:59] INFO Epoch 003 | train batch=590/2262 | elapsed=2.0 min | eta=5.6 min
[2026-09-07 15:55:01] INFO Epoch 003 | train batch=600/2262 | elapsed=2.0 min | eta=5.5 min
[2026-09-07 15:55:03] INFO Epoch 003 | train batch=610/2262 | elapsed=2.0 min | eta=5.5 min
[2026-09-07 15:55:05] INFO Epoch 003 | train batch=620/2262 | elapsed=2.1 min | eta=5.5 min
[2026-09-07 15:55:07] INFO Epoch 003 | train batch=630/2262 | elapsed=2.1 min | eta=5.4 min
[2026-09-07 15:55:09] INFO Epoch 003 | train batch=640/2262 | elapsed=2.1 min | eta=5.4 min
[2026-09-07 15:55:11] INFO Epoch 003 | train batch=650/2262 | elapsed=2.2 min | eta=5.4 min
[2026-09-07 15:55:13] INFO Epoch 003 | train batch=660/2262 | elapsed=2.2 min | eta=5.3 min
[2026-09-07 15:55:15] INFO Epoch 003 | train batch=670/2262 | elapsed=2.2 min | eta=5.3 min
[2026-09-07 15:55:17] INFO Epoch 003 | train batch=680/2262 | elapsed=2.3 min | eta=5.3 min
[2026-09-07 15:55:19] INFO Epoch 003 | train batch=690/2262 | elapsed=2.3 min | eta=5.2 min
[2026-09-07 15:55:21] INFO Epoch 003 | train batch=700/2262 | elapsed=2.3 min | eta=5.2 min
[2026-09-07 15:55:23] INFO Epoch 003 | train batch=710/2262 | elapsed=2.4 min | eta=5.2 min
[2026-09-07 15:55:25] INFO Epoch 003 | train batch=720/2262 | elapsed=2.4 min | eta=5.1 min
[2026-09-07 15:55:27] INFO Epoch 003 | train batch=730/2262 | elapsed=2.4 min | eta=5.1 min
[2026-09-07 15:55:29] INFO Epoch 003 | train batch=740/2262 | elapsed=2.5 min | eta=5.1 min
[2026-09-07 15:55:31] INFO Epoch 003 | train batch=750/2262 | elapsed=2.5 min | eta=5.0 min
[2026-09-07 15:55:33] INFO Epoch 003 | train batch=760/2262 | elapsed=2.5 min | eta=5.0 min
[2026-09-07 15:55:35] INFO Epoch 003 | train batch=770/2262 | elapsed=2.6 min | eta=5.0 min
[2026-09-07 15:55:37] INFO Epoch 003 | train batch=780/2262 | elapsed=2.6 min | eta=4.9 min
[2026-09-07 15:55:39] INFO Epoch 003 | train batch=790/2262 | elapsed=2.6 min | eta=4.9 min
[2026-09-07 15:55:41] INFO Epoch 003 | train batch=800/2262 | elapsed=2.7 min | eta=4.9 min
[2026-09-07 15:55:43] INFO Epoch 003 | train batch=810/2262 | elapsed=2.7 min | eta=4.8 min
[2026-09-07 15:55:45] INFO Epoch 003 | train batch=820/2262 | elapsed=2.7 min | eta=4.8 min
[2026-09-07 15:55:47] INFO Epoch 003 | train batch=830/2262 | elapsed=2.8 min | eta=4.8 min
[2026-09-07 15:55:49] INFO Epoch 003 | train batch=840/2262 | elapsed=2.8 min | eta=4.7 min
[2026-09-07 15:55:51] INFO Epoch 003 | train batch=850/2262 | elapsed=2.8 min | eta=4.7 min
[2026-09-07 15:55:53] INFO Epoch 003 | train batch=860/2262 | elapsed=2.9 min | eta=4.7 min
[2026-09-07 15:55:55] INFO Epoch 003 | train batch=870/2262 | elapsed=2.9 min | eta=4.6 min
[2026-09-07 15:55:57] INFO Epoch 003 | train batch=880/2262 | elapsed=2.9 min | eta=4.6 min
[2026-09-07 15:55:59] INFO Epoch 003 | train batch=890/2262 | elapsed=3.0 min | eta=4.6 min
[2026-09-07 15:56:01] INFO Epoch 003 | train batch=900/2262 | elapsed=3.0 min | eta=4.5 min
[2026-09-07 15:56:03] INFO Epoch 003 | train batch=910/2262 | elapsed=3.0 min | eta=4.5 min
[2026-09-07 15:56:05] INFO Epoch 003 | train batch=920/2262 | elapsed=3.1 min | eta=4.5 min
[2026-09-07 15:56:07] INFO Epoch 003 | train batch=930/2262 | elapsed=3.1 min | eta=4.4 min
[2026-09-07 15:56:09] INFO Epoch 003 | train batch=940/2262 | elapsed=3.1 min | eta=4.4 min
[2026-09-07 15:56:11] INFO Epoch 003 | train batch=950/2262 | elapsed=3.2 min | eta=4.4 min
[2026-09-07 15:56:13] INFO Epoch 003 | train batch=960/2262 | elapsed=3.2 min | eta=4.3 min
[2026-09-07 15:56:15] INFO Epoch 003 | train batch=970/2262 | elapsed=3.2 min | eta=4.3 min
[2026-09-07 15:56:17] INFO Epoch 003 | train batch=980/2262 | elapsed=3.3 min | eta=4.3 min
[2026-09-07 15:56:19] INFO Epoch 003 | train batch=990/2262 | elapsed=3.3 min | eta=4.2 min
[2026-09-07 15:56:21] INFO Epoch 003 | train batch=1000/2262 | elapsed=3.3 min | eta=4.2 min
[2026-09-07 15:56:23] INFO Epoch 003 | train batch=1010/2262 | elapsed=3.4 min | eta=4.2 min
[2026-09-07 15:56:25] INFO Epoch 003 | train batch=1020/2262 | elapsed=3.4 min | eta=4.1 min
[2026-09-07 15:56:27] INFO Epoch 003 | train batch=1030/2262 | elapsed=3.4 min | eta=4.1 min
[2026-09-07 15:56:29] INFO Epoch 003 | train batch=1040/2262 | elapsed=3.5 min | eta=4.1 min
[2026-09-07 15:56:31] INFO Epoch 003 | train batch=1050/2262 | elapsed=3.5 min | eta=4.0 min
[2026-09-07 15:56:33] INFO Epoch 003 | train batch=1060/2262 | elapsed=3.5 min | eta=4.0 min
[2026-09-07 15:56:35] INFO Epoch 003 | train batch=1070/2262 | elapsed=3.6 min | eta=4.0 min
[2026-09-07 15:56:37] INFO Epoch 003 | train batch=1080/2262 | elapsed=3.6 min | eta=3.9 min
[2026-09-07 15:56:39] INFO Epoch 003 | train batch=1090/2262 | elapsed=3.6 min | eta=3.9 min
[2026-09-07 15:56:41] INFO Epoch 003 | train batch=1100/2262 | elapsed=3.7 min | eta=3.9 min
[2026-09-07 15:56:43] INFO Epoch 003 | train batch=1110/2262 | elapsed=3.7 min | eta=3.8 min
[2026-09-07 15:56:45] INFO Epoch 003 | train batch=1120/2262 | elapsed=3.7 min | eta=3.8 min
[2026-09-07 15:56:47] INFO Epoch 003 | train batch=1130/2262 | elapsed=3.8 min | eta=3.8 min
[2026-09-07 15:56:49] INFO Epoch 003 | train batch=1140/2262 | elapsed=3.8 min | eta=3.7 min
[2026-09-07 15:56:51] INFO Epoch 003 | train batch=1150/2262 | elapsed=3.8 min | eta=3.7 min
[2026-09-07 15:56:54] INFO Epoch 003 | train batch=1160/2262 | elapsed=3.9 min | eta=3.7 min
[2026-09-07 15:56:56] INFO Epoch 003 | train batch=1170/2262 | elapsed=3.9 min | eta=3.6 min
[2026-09-07 15:56:58] INFO Epoch 003 | train batch=1180/2262 | elapsed=3.9 min | eta=3.6 min
[2026-09-07 15:57:00] INFO Epoch 003 | train batch=1190/2262 | elapsed=4.0 min | eta=3.6 min
[2026-09-07 15:57:02] INFO Epoch 003 | train batch=1200/2262 | elapsed=4.0 min | eta=3.5 min
[2026-09-07 15:57:04] INFO Epoch 003 | train batch=1210/2262 | elapsed=4.0 min | eta=3.5 min
[2026-09-07 15:57:06] INFO Epoch 003 | train batch=1220/2262 | elapsed=4.1 min | eta=3.5 min
[2026-09-07 15:57:08] INFO Epoch 003 | train batch=1230/2262 | elapsed=4.1 min | eta=3.4 min
[2026-09-07 15:57:10] INFO Epoch 003 | train batch=1240/2262 | elapsed=4.1 min | eta=3.4 min
[2026-09-07 15:57:12] INFO Epoch 003 | train batch=1250/2262 | elapsed=4.2 min | eta=3.4 min
[2026-09-07 15:57:14] INFO Epoch 003 | train batch=1260/2262 | elapsed=4.2 min | eta=3.3 min
[2026-09-07 15:57:16] INFO Epoch 003 | train batch=1270/2262 | elapsed=4.2 min | eta=3.3 min
[2026-09-07 15:57:18] INFO Epoch 003 | train batch=1280/2262 | elapsed=4.3 min | eta=3.3 min
[2026-09-07 15:57:20] INFO Epoch 003 | train batch=1290/2262 | elapsed=4.3 min | eta=3.2 min
[2026-09-07 15:57:22] INFO Epoch 003 | train batch=1300/2262 | elapsed=4.3 min | eta=3.2 min
[2026-09-07 15:57:24] INFO Epoch 003 | train batch=1310/2262 | elapsed=4.4 min | eta=3.2 min
[2026-09-07 15:57:26] INFO Epoch 003 | train batch=1320/2262 | elapsed=4.4 min | eta=3.1 min
[2026-09-07 15:57:28] INFO Epoch 003 | train batch=1330/2262 | elapsed=4.4 min | eta=3.1 min
[2026-09-07 15:57:30] INFO Epoch 003 | train batch=1340/2262 | elapsed=4.5 min | eta=3.1 min
[2026-09-07 15:57:32] INFO Epoch 003 | train batch=1350/2262 | elapsed=4.5 min | eta=3.0 min
[2026-09-07 15:57:34] INFO Epoch 003 | train batch=1360/2262 | elapsed=4.5 min | eta=3.0 min
[2026-09-07 15:57:36] INFO Epoch 003 | train batch=1370/2262 | elapsed=4.6 min | eta=3.0 min
[2026-09-07 15:57:38] INFO Epoch 003 | train batch=1380/2262 | elapsed=4.6 min | eta=2.9 min
[2026-09-07 15:57:40] INFO Epoch 003 | train batch=1390/2262 | elapsed=4.6 min | eta=2.9 min
[2026-09-07 15:57:42] INFO Epoch 003 | train batch=1400/2262 | elapsed=4.7 min | eta=2.9 min
[2026-09-07 15:57:44] INFO Epoch 003 | train batch=1410/2262 | elapsed=4.7 min | eta=2.8 min
[2026-09-07 15:57:46] INFO Epoch 003 | train batch=1420/2262 | elapsed=4.7 min | eta=2.8 min
[2026-09-07 15:57:48] INFO Epoch 003 | train batch=1430/2262 | elapsed=4.8 min | eta=2.8 min
[2026-09-07 15:57:50] INFO Epoch 003 | train batch=1440/2262 | elapsed=4.8 min | eta=2.7 min
[2026-09-07 15:57:52] INFO Epoch 003 | train batch=1450/2262 | elapsed=4.8 min | eta=2.7 min
[2026-09-07 15:57:54] INFO Epoch 003 | train batch=1460/2262 | elapsed=4.9 min | eta=2.7 min
[2026-09-07 15:57:56] INFO Epoch 003 | train batch=1470/2262 | elapsed=4.9 min | eta=2.6 min
[2026-09-07 15:57:58] INFO Epoch 003 | train batch=1480/2262 | elapsed=4.9 min | eta=2.6 min
[2026-09-07 15:58:00] INFO Epoch 003 | train batch=1490/2262 | elapsed=5.0 min | eta=2.6 min
[2026-09-07 15:58:02] INFO Epoch 003 | train batch=1500/2262 | elapsed=5.0 min | eta=2.5 min
[2026-09-07 15:58:04] INFO Epoch 003 | train batch=1510/2262 | elapsed=5.0 min | eta=2.5 min
[2026-09-07 15:58:06] INFO Epoch 003 | train batch=1520/2262 | elapsed=5.1 min | eta=2.5 min
[2026-09-07 15:58:08] INFO Epoch 003 | train batch=1530/2262 | elapsed=5.1 min | eta=2.4 min
[2026-09-07 15:58:10] INFO Epoch 003 | train batch=1540/2262 | elapsed=5.1 min | eta=2.4 min
[2026-09-07 15:58:12] INFO Epoch 003 | train batch=1550/2262 | elapsed=5.2 min | eta=2.4 min
[2026-09-07 15:58:14] INFO Epoch 003 | train batch=1560/2262 | elapsed=5.2 min | eta=2.3 min
[2026-09-07 15:58:16] INFO Epoch 003 | train batch=1570/2262 | elapsed=5.2 min | eta=2.3 min
[2026-09-07 15:58:18] INFO Epoch 003 | train batch=1580/2262 | elapsed=5.3 min | eta=2.3 min
[2026-09-07 15:58:20] INFO Epoch 003 | train batch=1590/2262 | elapsed=5.3 min | eta=2.2 min
[2026-09-07 15:58:22] INFO Epoch 003 | train batch=1600/2262 | elapsed=5.3 min | eta=2.2 min
[2026-09-07 15:58:24] INFO Epoch 003 | train batch=1610/2262 | elapsed=5.4 min | eta=2.2 min
[2026-09-07 15:58:26] INFO Epoch 003 | train batch=1620/2262 | elapsed=5.4 min | eta=2.1 min
[2026-09-07 15:58:28] INFO Epoch 003 | train batch=1630/2262 | elapsed=5.4 min | eta=2.1 min
[2026-09-07 15:58:30] INFO Epoch 003 | train batch=1640/2262 | elapsed=5.5 min | eta=2.1 min
[2026-09-07 15:58:32] INFO Epoch 003 | train batch=1650/2262 | elapsed=5.5 min | eta=2.0 min
[2026-09-07 15:58:34] INFO Epoch 003 | train batch=1660/2262 | elapsed=5.5 min | eta=2.0 min
[2026-09-07 15:58:36] INFO Epoch 003 | train batch=1670/2262 | elapsed=5.6 min | eta=2.0 min
[2026-09-07 15:58:38] INFO Epoch 003 | train batch=1680/2262 | elapsed=5.6 min | eta=1.9 min
[2026-09-07 15:58:40] INFO Epoch 003 | train batch=1690/2262 | elapsed=5.6 min | eta=1.9 min
[2026-09-07 15:58:42] INFO Epoch 003 | train batch=1700/2262 | elapsed=5.7 min | eta=1.9 min
[2026-09-07 15:58:44] INFO Epoch 003 | train batch=1710/2262 | elapsed=5.7 min | eta=1.8 min
[2026-09-07 15:58:46] INFO Epoch 003 | train batch=1720/2262 | elapsed=5.7 min | eta=1.8 min
[2026-09-07 15:58:48] INFO Epoch 003 | train batch=1730/2262 | elapsed=5.8 min | eta=1.8 min
[2026-09-07 15:58:50] INFO Epoch 003 | train batch=1740/2262 | elapsed=5.8 min | eta=1.7 min
[2026-09-07 15:58:52] INFO Epoch 003 | train batch=1750/2262 | elapsed=5.8 min | eta=1.7 min
[2026-09-07 15:58:54] INFO Epoch 003 | train batch=1760/2262 | elapsed=5.9 min | eta=1.7 min
[2026-09-07 15:58:56] INFO Epoch 003 | train batch=1770/2262 | elapsed=5.9 min | eta=1.6 min
[2026-09-07 15:58:58] INFO Epoch 003 | train batch=1780/2262 | elapsed=5.9 min | eta=1.6 min
[2026-09-07 15:59:00] INFO Epoch 003 | train batch=1790/2262 | elapsed=6.0 min | eta=1.6 min
[2026-09-07 15:59:02] INFO Epoch 003 | train batch=1800/2262 | elapsed=6.0 min | eta=1.5 min
[2026-09-07 15:59:04] INFO Epoch 003 | train batch=1810/2262 | elapsed=6.0 min | eta=1.5 min
[2026-09-07 15:59:06] INFO Epoch 003 | train batch=1820/2262 | elapsed=6.1 min | eta=1.5 min
[2026-09-07 15:59:08] INFO Epoch 003 | train batch=1830/2262 | elapsed=6.1 min | eta=1.4 min
[2026-09-07 15:59:10] INFO Epoch 003 | train batch=1840/2262 | elapsed=6.1 min | eta=1.4 min
[2026-09-07 15:59:12] INFO Epoch 003 | train batch=1850/2262 | elapsed=6.2 min | eta=1.4 min
[2026-09-07 15:59:14] INFO Epoch 003 | train batch=1860/2262 | elapsed=6.2 min | eta=1.3 min
[2026-09-07 15:59:16] INFO Epoch 003 | train batch=1870/2262 | elapsed=6.2 min | eta=1.3 min
[2026-09-07 15:59:18] INFO Epoch 003 | train batch=1880/2262 | elapsed=6.3 min | eta=1.3 min
[2026-09-07 15:59:20] INFO Epoch 003 | train batch=1890/2262 | elapsed=6.3 min | eta=1.2 min
[2026-09-07 15:59:22] INFO Epoch 003 | train batch=1900/2262 | elapsed=6.3 min | eta=1.2 min
[2026-09-07 15:59:24] INFO Epoch 003 | train batch=1910/2262 | elapsed=6.4 min | eta=1.2 min
[2026-09-07 15:59:26] INFO Epoch 003 | train batch=1920/2262 | elapsed=6.4 min | eta=1.1 min
[2026-09-07 15:59:28] INFO Epoch 003 | train batch=1930/2262 | elapsed=6.4 min | eta=1.1 min
[2026-09-07 15:59:30] INFO Epoch 003 | train batch=1940/2262 | elapsed=6.5 min | eta=1.1 min
[2026-09-07 15:59:32] INFO Epoch 003 | train batch=1950/2262 | elapsed=6.5 min | eta=1.0 min
[2026-09-07 15:59:34] INFO Epoch 003 | train batch=1960/2262 | elapsed=6.5 min | eta=1.0 min
[2026-09-07 15:59:36] INFO Epoch 003 | train batch=1970/2262 | elapsed=6.6 min | eta=1.0 min
[2026-09-07 15:59:38] INFO Epoch 003 | train batch=1980/2262 | elapsed=6.6 min | eta=0.9 min
[2026-09-07 15:59:40] INFO Epoch 003 | train batch=1990/2262 | elapsed=6.6 min | eta=0.9 min
[2026-09-07 15:59:42] INFO Epoch 003 | train batch=2000/2262 | elapsed=6.7 min | eta=0.9 min
[2026-09-07 15:59:44] INFO Epoch 003 | train batch=2010/2262 | elapsed=6.7 min | eta=0.8 min
[2026-09-07 15:59:46] INFO Epoch 003 | train batch=2020/2262 | elapsed=6.7 min | eta=0.8 min
[2026-09-07 15:59:48] INFO Epoch 003 | train batch=2030/2262 | elapsed=6.8 min | eta=0.8 min
[2026-09-07 15:59:50] INFO Epoch 003 | train batch=2040/2262 | elapsed=6.8 min | eta=0.7 min
[2026-09-07 15:59:52] INFO Epoch 003 | train batch=2050/2262 | elapsed=6.8 min | eta=0.7 min
[2026-09-07 15:59:54] INFO Epoch 003 | train batch=2060/2262 | elapsed=6.9 min | eta=0.7 min
[2026-09-07 15:59:56] INFO Epoch 003 | train batch=2070/2262 | elapsed=6.9 min | eta=0.6 min
[2026-09-07 15:59:58] INFO Epoch 003 | train batch=2080/2262 | elapsed=6.9 min | eta=0.6 min
[2026-09-07 16:00:00] INFO Epoch 003 | train batch=2090/2262 | elapsed=7.0 min | eta=0.6 min
[2026-09-07 16:00:02] INFO Epoch 003 | train batch=2100/2262 | elapsed=7.0 min | eta=0.5 min
[2026-09-07 16:00:04] INFO Epoch 003 | train batch=2110/2262 | elapsed=7.0 min | eta=0.5 min
[2026-09-07 16:00:06] INFO Epoch 003 | train batch=2120/2262 | elapsed=7.1 min | eta=0.5 min
[2026-09-07 16:00:08] INFO Epoch 003 | train batch=2130/2262 | elapsed=7.1 min | eta=0.4 min
[2026-09-07 16:00:10] INFO Epoch 003 | train batch=2140/2262 | elapsed=7.1 min | eta=0.4 min
[2026-09-07 16:00:12] INFO Epoch 003 | train batch=2150/2262 | elapsed=7.2 min | eta=0.4 min
[2026-09-07 16:00:14] INFO Epoch 003 | train batch=2160/2262 | elapsed=7.2 min | eta=0.3 min
[2026-09-07 16:00:16] INFO Epoch 003 | train batch=2170/2262 | elapsed=7.2 min | eta=0.3 min
[2026-09-07 16:00:18] INFO Epoch 003 | train batch=2180/2262 | elapsed=7.3 min | eta=0.3 min
[2026-09-07 16:00:20] INFO Epoch 003 | train batch=2190/2262 | elapsed=7.3 min | eta=0.2 min
[2026-09-07 16:00:22] INFO Epoch 003 | train batch=2200/2262 | elapsed=7.3 min | eta=0.2 min
[2026-09-07 16:00:24] INFO Epoch 003 | train batch=2210/2262 | elapsed=7.4 min | eta=0.2 min
[2026-09-07 16:00:26] INFO Epoch 003 | train batch=2220/2262 | elapsed=7.4 min | eta=0.1 min
[2026-09-07 16:00:28] INFO Epoch 003 | train batch=2230/2262 | elapsed=7.4 min | eta=0.1 min
[2026-09-07 16:00:30] INFO Epoch 003 | train batch=2240/2262 | elapsed=7.5 min | eta=0.1 min
[2026-09-07 16:00:32] INFO Epoch 003 | train batch=2250/2262 | elapsed=7.5 min | eta=0.0 min
[2026-09-07 16:00:34] INFO Epoch 003 | train batch=2260/2262 | elapsed=7.5 min | eta=0.0 min
[2026-09-07 16:00:34] INFO Epoch 003 | train batch=2262/2262 | elapsed=7.5 min | eta=0.0 min
[2026-09-07 16:00:34] INFO Epoch 003 | val batch=1/307 | elapsed=0.0 min | eta=1.0 min
[2026-09-07 16:00:36] INFO Epoch 003 | val batch=10/307 | elapsed=0.0 min | eta=1.0 min
[2026-09-07 16:00:38] INFO Epoch 003 | val batch=20/307 | elapsed=0.1 min | eta=0.9 min
[2026-09-07 16:00:40] INFO Epoch 003 | val batch=30/307 | elapsed=0.1 min | eta=0.9 min
[2026-09-07 16:00:42] INFO Epoch 003 | val batch=40/307 | elapsed=0.1 min | eta=0.9 min
[2026-09-07 16:00:44] INFO Epoch 003 | val batch=50/307 | elapsed=0.2 min | eta=0.8 min
[2026-09-07 16:00:46] INFO Epoch 003 | val batch=60/307 | elapsed=0.2 min | eta=0.8 min
[2026-09-07 16:00:48] INFO Epoch 003 | val batch=70/307 | elapsed=0.2 min | eta=0.8 min
[2026-09-07 16:00:50] INFO Epoch 003 | val batch=80/307 | elapsed=0.3 min | eta=0.7 min
[2026-09-07 16:00:52] INFO Epoch 003 | val batch=90/307 | elapsed=0.3 min | eta=0.7 min
[2026-09-07 16:00:54] INFO Epoch 003 | val batch=100/307 | elapsed=0.3 min | eta=0.7 min
[2026-09-07 16:00:56] INFO Epoch 003 | val batch=110/307 | elapsed=0.4 min | eta=0.6 min
[2026-09-07 16:00:58] INFO Epoch 003 | val batch=120/307 | elapsed=0.4 min | eta=0.6 min
[2026-09-07 16:00:59] INFO Epoch 003 | val batch=130/307 | elapsed=0.4 min | eta=0.6 min
[2026-09-07 16:01:01] INFO Epoch 003 | val batch=140/307 | elapsed=0.5 min | eta=0.5 min
[2026-09-07 16:01:03] INFO Epoch 003 | val batch=150/307 | elapsed=0.5 min | eta=0.5 min
[2026-09-07 16:01:05] INFO Epoch 003 | val batch=160/307 | elapsed=0.5 min | eta=0.5 min
[2026-09-07 16:01:07] INFO Epoch 003 | val batch=170/307 | elapsed=0.6 min | eta=0.4 min
[2026-09-07 16:01:09] INFO Epoch 003 | val batch=180/307 | elapsed=0.6 min | eta=0.4 min
[2026-09-07 16:01:11] INFO Epoch 003 | val batch=190/307 | elapsed=0.6 min | eta=0.4 min
[2026-09-07 16:01:13] INFO Epoch 003 | val batch=200/307 | elapsed=0.6 min | eta=0.3 min
[2026-09-07 16:01:15] INFO Epoch 003 | val batch=210/307 | elapsed=0.7 min | eta=0.3 min
[2026-09-07 16:01:17] INFO Epoch 003 | val batch=220/307 | elapsed=0.7 min | eta=0.3 min
[2026-09-07 16:01:19] INFO Epoch 003 | val batch=230/307 | elapsed=0.7 min | eta=0.2 min
[2026-09-07 16:01:21] INFO Epoch 003 | val batch=240/307 | elapsed=0.8 min | eta=0.2 min
[2026-09-07 16:01:23] INFO Epoch 003 | val batch=250/307 | elapsed=0.8 min | eta=0.2 min
[2026-09-07 16:01:25] INFO Epoch 003 | val batch=260/307 | elapsed=0.8 min | eta=0.2 min
[2026-09-07 16:01:27] INFO Epoch 003 | val batch=270/307 | elapsed=0.9 min | eta=0.1 min
[2026-09-07 16:01:29] INFO Epoch 003 | val batch=280/307 | elapsed=0.9 min | eta=0.1 min
[2026-09-07 16:01:31] INFO Epoch 003 | val batch=290/307 | elapsed=0.9 min | eta=0.1 min
[2026-09-07 16:01:33] INFO Epoch 003 | val batch=300/307 | elapsed=1.0 min | eta=0.0 min
[2026-09-07 16:01:34] INFO Epoch 003 | val batch=307/307 | elapsed=1.0 min | eta=0.0 min
[2026-09-07 16:01:34] INFO Epoch 003 | train_total=2.291353 | train_relation=2.286101 | train_distill=0.105036 | val_total=2.151263 | val_relation=2.145938 | val_distill=0.106506 | val_anchors=1596400 | val_candidates=21057400 | val_teacher_keff=4.083 | val_student_keff=7.958 | seconds(train/val)=452.90/59.80
[2026-09-07 16:01:34] INFO Checkpoint updated | epoch=3 | best_val_relation=2.145938 | path=C:\Users\clw\projects\researchRep\STAnchor-BlockMemory\artifacts\cross_dataset_t1\pemsbay_head_adapter_seed42\retrieval_t1_best.pt
[2026-09-07 16:01:34] INFO Epoch 004/008 started | train_batches=2262 | val_batches=307
[2026-09-07 16:01:34] INFO Epoch 004 | train batch=1/2262 | elapsed=0.0 min | eta=7.6 min
[2026-09-07 16:01:36] INFO Epoch 004 | train batch=10/2262 | elapsed=0.0 min | eta=7.5 min
[2026-09-07 16:01:38] INFO Epoch 004 | train batch=20/2262 | elapsed=0.1 min | eta=7.5 min
[2026-09-07 16:01:40] INFO Epoch 004 | train batch=30/2262 | elapsed=0.1 min | eta=7.5 min
[2026-09-07 16:01:42] INFO Epoch 004 | train batch=40/2262 | elapsed=0.1 min | eta=7.4 min
[2026-09-07 16:01:44] INFO Epoch 004 | train batch=50/2262 | elapsed=0.2 min | eta=7.4 min
[2026-09-07 16:01:46] INFO Epoch 004 | train batch=60/2262 | elapsed=0.2 min | eta=7.4 min
[2026-09-07 16:01:48] INFO Epoch 004 | train batch=70/2262 | elapsed=0.2 min | eta=7.3 min
[2026-09-07 16:01:50] INFO Epoch 004 | train batch=80/2262 | elapsed=0.3 min | eta=7.3 min
[2026-09-07 16:01:52] INFO Epoch 004 | train batch=90/2262 | elapsed=0.3 min | eta=7.3 min
[2026-09-07 16:01:54] INFO Epoch 004 | train batch=100/2262 | elapsed=0.3 min | eta=7.2 min
[2026-09-07 16:01:56] INFO Epoch 004 | train batch=110/2262 | elapsed=0.4 min | eta=7.2 min
[2026-09-07 16:01:58] INFO Epoch 004 | train batch=120/2262 | elapsed=0.4 min | eta=7.2 min
[2026-09-07 16:02:00] INFO Epoch 004 | train batch=130/2262 | elapsed=0.4 min | eta=7.1 min
[2026-09-07 16:02:02] INFO Epoch 004 | train batch=140/2262 | elapsed=0.5 min | eta=7.1 min
[2026-09-07 16:02:04] INFO Epoch 004 | train batch=150/2262 | elapsed=0.5 min | eta=7.1 min
[2026-09-07 16:02:06] INFO Epoch 004 | train batch=160/2262 | elapsed=0.5 min | eta=7.0 min
[2026-09-07 16:02:08] INFO Epoch 004 | train batch=170/2262 | elapsed=0.6 min | eta=7.0 min
[2026-09-07 16:02:10] INFO Epoch 004 | train batch=180/2262 | elapsed=0.6 min | eta=7.0 min
[2026-09-07 16:02:12] INFO Epoch 004 | train batch=190/2262 | elapsed=0.6 min | eta=6.9 min
[2026-09-07 16:02:14] INFO Epoch 004 | train batch=200/2262 | elapsed=0.7 min | eta=6.9 min
[2026-09-07 16:02:16] INFO Epoch 004 | train batch=210/2262 | elapsed=0.7 min | eta=6.8 min
[2026-09-07 16:02:18] INFO Epoch 004 | train batch=220/2262 | elapsed=0.7 min | eta=6.8 min
[2026-09-07 16:02:20] INFO Epoch 004 | train batch=230/2262 | elapsed=0.8 min | eta=6.8 min
[2026-09-07 16:02:22] INFO Epoch 004 | train batch=240/2262 | elapsed=0.8 min | eta=6.8 min
[2026-09-07 16:02:24] INFO Epoch 004 | train batch=250/2262 | elapsed=0.8 min | eta=6.7 min
[2026-09-07 16:02:26] INFO Epoch 004 | train batch=260/2262 | elapsed=0.9 min | eta=6.7 min
[2026-09-07 16:02:28] INFO Epoch 004 | train batch=270/2262 | elapsed=0.9 min | eta=6.6 min
[2026-09-07 16:02:30] INFO Epoch 004 | train batch=280/2262 | elapsed=0.9 min | eta=6.6 min
[2026-09-07 16:02:32] INFO Epoch 004 | train batch=290/2262 | elapsed=1.0 min | eta=6.6 min
[2026-09-07 16:02:34] INFO Epoch 004 | train batch=300/2262 | elapsed=1.0 min | eta=6.6 min
[2026-09-07 16:02:36] INFO Epoch 004 | train batch=310/2262 | elapsed=1.0 min | eta=6.5 min
[2026-09-07 16:02:38] INFO Epoch 004 | train batch=320/2262 | elapsed=1.1 min | eta=6.5 min
[2026-09-07 16:02:40] INFO Epoch 004 | train batch=330/2262 | elapsed=1.1 min | eta=6.5 min
[2026-09-07 16:02:42] INFO Epoch 004 | train batch=340/2262 | elapsed=1.1 min | eta=6.4 min
[2026-09-07 16:02:44] INFO Epoch 004 | train batch=350/2262 | elapsed=1.2 min | eta=6.4 min
[2026-09-07 16:02:46] INFO Epoch 004 | train batch=360/2262 | elapsed=1.2 min | eta=6.4 min
[2026-09-07 16:02:48] INFO Epoch 004 | train batch=370/2262 | elapsed=1.2 min | eta=6.3 min
[2026-09-07 16:02:50] INFO Epoch 004 | train batch=380/2262 | elapsed=1.3 min | eta=6.3 min
[2026-09-07 16:02:52] INFO Epoch 004 | train batch=390/2262 | elapsed=1.3 min | eta=6.3 min
[2026-09-07 16:02:54] INFO Epoch 004 | train batch=400/2262 | elapsed=1.3 min | eta=6.2 min
[2026-09-07 16:02:56] INFO Epoch 004 | train batch=410/2262 | elapsed=1.4 min | eta=6.2 min
[2026-09-07 16:02:58] INFO Epoch 004 | train batch=420/2262 | elapsed=1.4 min | eta=6.2 min
[2026-09-07 16:03:00] INFO Epoch 004 | train batch=430/2262 | elapsed=1.4 min | eta=6.1 min
[2026-09-07 16:03:02] INFO Epoch 004 | train batch=440/2262 | elapsed=1.5 min | eta=6.1 min
[2026-09-07 16:03:04] INFO Epoch 004 | train batch=450/2262 | elapsed=1.5 min | eta=6.1 min
[2026-09-07 16:03:06] INFO Epoch 004 | train batch=460/2262 | elapsed=1.5 min | eta=6.0 min
[2026-09-07 16:03:08] INFO Epoch 004 | train batch=470/2262 | elapsed=1.6 min | eta=6.0 min
[2026-09-07 16:03:10] INFO Epoch 004 | train batch=480/2262 | elapsed=1.6 min | eta=6.0 min
[2026-09-07 16:03:12] INFO Epoch 004 | train batch=490/2262 | elapsed=1.6 min | eta=5.9 min
[2026-09-07 16:03:14] INFO Epoch 004 | train batch=500/2262 | elapsed=1.7 min | eta=5.9 min
[2026-09-07 16:03:16] INFO Epoch 004 | train batch=510/2262 | elapsed=1.7 min | eta=5.9 min
[2026-09-07 16:03:18] INFO Epoch 004 | train batch=520/2262 | elapsed=1.7 min | eta=5.8 min
[2026-09-07 16:03:20] INFO Epoch 004 | train batch=530/2262 | elapsed=1.8 min | eta=5.8 min
[2026-09-07 16:03:22] INFO Epoch 004 | train batch=540/2262 | elapsed=1.8 min | eta=5.8 min
[2026-09-07 16:03:24] INFO Epoch 004 | train batch=550/2262 | elapsed=1.8 min | eta=5.7 min
[2026-09-07 16:03:26] INFO Epoch 004 | train batch=560/2262 | elapsed=1.9 min | eta=5.7 min
[2026-09-07 16:03:28] INFO Epoch 004 | train batch=570/2262 | elapsed=1.9 min | eta=5.7 min
[2026-09-07 16:03:30] INFO Epoch 004 | train batch=580/2262 | elapsed=1.9 min | eta=5.6 min
[2026-09-07 16:03:32] INFO Epoch 004 | train batch=590/2262 | elapsed=2.0 min | eta=5.6 min
[2026-09-07 16:03:34] INFO Epoch 004 | train batch=600/2262 | elapsed=2.0 min | eta=5.6 min
[2026-09-07 16:03:36] INFO Epoch 004 | train batch=610/2262 | elapsed=2.0 min | eta=5.5 min
[2026-09-07 16:03:38] INFO Epoch 004 | train batch=620/2262 | elapsed=2.1 min | eta=5.5 min
[2026-09-07 16:03:40] INFO Epoch 004 | train batch=630/2262 | elapsed=2.1 min | eta=5.5 min
[2026-09-07 16:03:42] INFO Epoch 004 | train batch=640/2262 | elapsed=2.1 min | eta=5.4 min
[2026-09-07 16:03:44] INFO Epoch 004 | train batch=650/2262 | elapsed=2.2 min | eta=5.4 min
[2026-09-07 16:03:46] INFO Epoch 004 | train batch=660/2262 | elapsed=2.2 min | eta=5.4 min
[2026-09-07 16:03:48] INFO Epoch 004 | train batch=670/2262 | elapsed=2.2 min | eta=5.3 min
[2026-09-07 16:03:50] INFO Epoch 004 | train batch=680/2262 | elapsed=2.3 min | eta=5.3 min
[2026-09-07 16:03:52] INFO Epoch 004 | train batch=690/2262 | elapsed=2.3 min | eta=5.3 min
[2026-09-07 16:03:54] INFO Epoch 004 | train batch=700/2262 | elapsed=2.3 min | eta=5.2 min
[2026-09-07 16:03:56] INFO Epoch 004 | train batch=710/2262 | elapsed=2.4 min | eta=5.2 min
[2026-09-07 16:03:58] INFO Epoch 004 | train batch=720/2262 | elapsed=2.4 min | eta=5.2 min
[2026-09-07 16:04:01] INFO Epoch 004 | train batch=730/2262 | elapsed=2.4 min | eta=5.1 min
[2026-09-07 16:04:03] INFO Epoch 004 | train batch=740/2262 | elapsed=2.5 min | eta=5.1 min
[2026-09-07 16:04:05] INFO Epoch 004 | train batch=750/2262 | elapsed=2.5 min | eta=5.1 min
[2026-09-07 16:04:07] INFO Epoch 004 | train batch=760/2262 | elapsed=2.5 min | eta=5.0 min
[2026-09-07 16:04:09] INFO Epoch 004 | train batch=770/2262 | elapsed=2.6 min | eta=5.0 min
[2026-09-07 16:04:11] INFO Epoch 004 | train batch=780/2262 | elapsed=2.6 min | eta=5.0 min
[2026-09-07 16:04:13] INFO Epoch 004 | train batch=790/2262 | elapsed=2.6 min | eta=4.9 min
[2026-09-07 16:04:15] INFO Epoch 004 | train batch=800/2262 | elapsed=2.7 min | eta=4.9 min
[2026-09-07 16:04:16] INFO Epoch 004 | train batch=810/2262 | elapsed=2.7 min | eta=4.9 min
[2026-09-07 16:04:19] INFO Epoch 004 | train batch=820/2262 | elapsed=2.7 min | eta=4.8 min
[2026-09-07 16:04:21] INFO Epoch 004 | train batch=830/2262 | elapsed=2.8 min | eta=4.8 min
[2026-09-07 16:04:22] INFO Epoch 004 | train batch=840/2262 | elapsed=2.8 min | eta=4.8 min
[2026-09-07 16:04:24] INFO Epoch 004 | train batch=850/2262 | elapsed=2.8 min | eta=4.7 min
[2026-09-07 16:04:26] INFO Epoch 004 | train batch=860/2262 | elapsed=2.9 min | eta=4.7 min
[2026-09-07 16:04:28] INFO Epoch 004 | train batch=870/2262 | elapsed=2.9 min | eta=4.7 min
[2026-09-07 16:04:30] INFO Epoch 004 | train batch=880/2262 | elapsed=2.9 min | eta=4.6 min
[2026-09-07 16:04:33] INFO Epoch 004 | train batch=890/2262 | elapsed=3.0 min | eta=4.6 min
[2026-09-07 16:04:35] INFO Epoch 004 | train batch=900/2262 | elapsed=3.0 min | eta=4.6 min
[2026-09-07 16:04:37] INFO Epoch 004 | train batch=910/2262 | elapsed=3.0 min | eta=4.5 min
[2026-09-07 16:04:39] INFO Epoch 004 | train batch=920/2262 | elapsed=3.1 min | eta=4.5 min
[2026-09-07 16:04:41] INFO Epoch 004 | train batch=930/2262 | elapsed=3.1 min | eta=4.5 min
[2026-09-07 16:04:43] INFO Epoch 004 | train batch=940/2262 | elapsed=3.1 min | eta=4.4 min
[2026-09-07 16:04:45] INFO Epoch 004 | train batch=950/2262 | elapsed=3.2 min | eta=4.4 min
[2026-09-07 16:04:47] INFO Epoch 004 | train batch=960/2262 | elapsed=3.2 min | eta=4.4 min
[2026-09-07 16:04:49] INFO Epoch 004 | train batch=970/2262 | elapsed=3.2 min | eta=4.3 min
[2026-09-07 16:04:51] INFO Epoch 004 | train batch=980/2262 | elapsed=3.3 min | eta=4.3 min
[2026-09-07 16:04:53] INFO Epoch 004 | train batch=990/2262 | elapsed=3.3 min | eta=4.3 min
[2026-09-07 16:04:55] INFO Epoch 004 | train batch=1000/2262 | elapsed=3.3 min | eta=4.2 min
[2026-09-07 16:04:57] INFO Epoch 004 | train batch=1010/2262 | elapsed=3.4 min | eta=4.2 min
[2026-09-07 16:04:59] INFO Epoch 004 | train batch=1020/2262 | elapsed=3.4 min | eta=4.2 min
[2026-09-07 16:05:01] INFO Epoch 004 | train batch=1030/2262 | elapsed=3.4 min | eta=4.1 min
[2026-09-07 16:05:03] INFO Epoch 004 | train batch=1040/2262 | elapsed=3.5 min | eta=4.1 min
[2026-09-07 16:05:05] INFO Epoch 004 | train batch=1050/2262 | elapsed=3.5 min | eta=4.0 min
[2026-09-07 16:05:07] INFO Epoch 004 | train batch=1060/2262 | elapsed=3.5 min | eta=4.0 min
[2026-09-07 16:05:09] INFO Epoch 004 | train batch=1070/2262 | elapsed=3.6 min | eta=4.0 min
[2026-09-07 16:05:11] INFO Epoch 004 | train batch=1080/2262 | elapsed=3.6 min | eta=3.9 min
[2026-09-07 16:05:13] INFO Epoch 004 | train batch=1090/2262 | elapsed=3.6 min | eta=3.9 min
[2026-09-07 16:05:15] INFO Epoch 004 | train batch=1100/2262 | elapsed=3.7 min | eta=3.9 min
[2026-09-07 16:05:17] INFO Epoch 004 | train batch=1110/2262 | elapsed=3.7 min | eta=3.8 min
[2026-09-07 16:05:19] INFO Epoch 004 | train batch=1120/2262 | elapsed=3.7 min | eta=3.8 min
[2026-09-07 16:05:21] INFO Epoch 004 | train batch=1130/2262 | elapsed=3.8 min | eta=3.8 min
[2026-09-07 16:05:23] INFO Epoch 004 | train batch=1140/2262 | elapsed=3.8 min | eta=3.7 min
[2026-09-07 16:05:25] INFO Epoch 004 | train batch=1150/2262 | elapsed=3.8 min | eta=3.7 min
[2026-09-07 16:05:27] INFO Epoch 004 | train batch=1160/2262 | elapsed=3.9 min | eta=3.7 min
[2026-09-07 16:05:29] INFO Epoch 004 | train batch=1170/2262 | elapsed=3.9 min | eta=3.6 min
[2026-09-07 16:05:31] INFO Epoch 004 | train batch=1180/2262 | elapsed=3.9 min | eta=3.6 min
[2026-09-07 16:05:33] INFO Epoch 004 | train batch=1190/2262 | elapsed=4.0 min | eta=3.6 min
[2026-09-07 16:05:35] INFO Epoch 004 | train batch=1200/2262 | elapsed=4.0 min | eta=3.5 min
[2026-09-07 16:05:37] INFO Epoch 004 | train batch=1210/2262 | elapsed=4.0 min | eta=3.5 min
[2026-09-07 16:05:39] INFO Epoch 004 | train batch=1220/2262 | elapsed=4.1 min | eta=3.5 min
[2026-09-07 16:05:41] INFO Epoch 004 | train batch=1230/2262 | elapsed=4.1 min | eta=3.4 min
[2026-09-07 16:05:43] INFO Epoch 004 | train batch=1240/2262 | elapsed=4.1 min | eta=3.4 min
[2026-09-07 16:05:45] INFO Epoch 004 | train batch=1250/2262 | elapsed=4.2 min | eta=3.4 min
[2026-09-07 16:05:47] INFO Epoch 004 | train batch=1260/2262 | elapsed=4.2 min | eta=3.3 min
[2026-09-07 16:05:49] INFO Epoch 004 | train batch=1270/2262 | elapsed=4.2 min | eta=3.3 min
[2026-09-07 16:05:51] INFO Epoch 004 | train batch=1280/2262 | elapsed=4.3 min | eta=3.3 min
[2026-09-07 16:05:53] INFO Epoch 004 | train batch=1290/2262 | elapsed=4.3 min | eta=3.2 min
[2026-09-07 16:05:55] INFO Epoch 004 | train batch=1300/2262 | elapsed=4.3 min | eta=3.2 min
[2026-09-07 16:05:57] INFO Epoch 004 | train batch=1310/2262 | elapsed=4.4 min | eta=3.2 min
[2026-09-07 16:05:59] INFO Epoch 004 | train batch=1320/2262 | elapsed=4.4 min | eta=3.1 min
[2026-09-07 16:06:01] INFO Epoch 004 | train batch=1330/2262 | elapsed=4.4 min | eta=3.1 min
[2026-09-07 16:06:03] INFO Epoch 004 | train batch=1340/2262 | elapsed=4.5 min | eta=3.1 min
[2026-09-07 16:06:05] INFO Epoch 004 | train batch=1350/2262 | elapsed=4.5 min | eta=3.0 min
[2026-09-07 16:06:07] INFO Epoch 004 | train batch=1360/2262 | elapsed=4.5 min | eta=3.0 min
[2026-09-07 16:06:09] INFO Epoch 004 | train batch=1370/2262 | elapsed=4.6 min | eta=3.0 min
[2026-09-07 16:06:11] INFO Epoch 004 | train batch=1380/2262 | elapsed=4.6 min | eta=2.9 min
[2026-09-07 16:06:13] INFO Epoch 004 | train batch=1390/2262 | elapsed=4.6 min | eta=2.9 min
[2026-09-07 16:06:15] INFO Epoch 004 | train batch=1400/2262 | elapsed=4.7 min | eta=2.9 min
[2026-09-07 16:06:17] INFO Epoch 004 | train batch=1410/2262 | elapsed=4.7 min | eta=2.8 min
[2026-09-07 16:06:19] INFO Epoch 004 | train batch=1420/2262 | elapsed=4.7 min | eta=2.8 min
[2026-09-07 16:06:21] INFO Epoch 004 | train batch=1430/2262 | elapsed=4.8 min | eta=2.8 min
[2026-09-07 16:06:23] INFO Epoch 004 | train batch=1440/2262 | elapsed=4.8 min | eta=2.7 min
[2026-09-07 16:06:25] INFO Epoch 004 | train batch=1450/2262 | elapsed=4.8 min | eta=2.7 min
[2026-09-07 16:06:27] INFO Epoch 004 | train batch=1460/2262 | elapsed=4.9 min | eta=2.7 min
[2026-09-07 16:06:29] INFO Epoch 004 | train batch=1470/2262 | elapsed=4.9 min | eta=2.6 min
[2026-09-07 16:06:31] INFO Epoch 004 | train batch=1480/2262 | elapsed=4.9 min | eta=2.6 min
[2026-09-07 16:06:33] INFO Epoch 004 | train batch=1490/2262 | elapsed=5.0 min | eta=2.6 min
[2026-09-07 16:06:35] INFO Epoch 004 | train batch=1500/2262 | elapsed=5.0 min | eta=2.5 min
[2026-09-07 16:06:37] INFO Epoch 004 | train batch=1510/2262 | elapsed=5.0 min | eta=2.5 min
[2026-09-07 16:06:39] INFO Epoch 004 | train batch=1520/2262 | elapsed=5.1 min | eta=2.5 min
[2026-09-07 16:06:41] INFO Epoch 004 | train batch=1530/2262 | elapsed=5.1 min | eta=2.4 min
[2026-09-07 16:06:43] INFO Epoch 004 | train batch=1540/2262 | elapsed=5.1 min | eta=2.4 min
[2026-09-07 16:06:45] INFO Epoch 004 | train batch=1550/2262 | elapsed=5.2 min | eta=2.4 min
[2026-09-07 16:06:47] INFO Epoch 004 | train batch=1560/2262 | elapsed=5.2 min | eta=2.3 min
[2026-09-07 16:06:49] INFO Epoch 004 | train batch=1570/2262 | elapsed=5.2 min | eta=2.3 min
[2026-09-07 16:06:51] INFO Epoch 004 | train batch=1580/2262 | elapsed=5.3 min | eta=2.3 min
[2026-09-07 16:06:53] INFO Epoch 004 | train batch=1590/2262 | elapsed=5.3 min | eta=2.2 min
[2026-09-07 16:06:55] INFO Epoch 004 | train batch=1600/2262 | elapsed=5.3 min | eta=2.2 min
[2026-09-07 16:06:57] INFO Epoch 004 | train batch=1610/2262 | elapsed=5.4 min | eta=2.2 min
[2026-09-07 16:06:59] INFO Epoch 004 | train batch=1620/2262 | elapsed=5.4 min | eta=2.1 min
[2026-09-07 16:07:01] INFO Epoch 004 | train batch=1630/2262 | elapsed=5.4 min | eta=2.1 min
[2026-09-07 16:07:03] INFO Epoch 004 | train batch=1640/2262 | elapsed=5.5 min | eta=2.1 min
[2026-09-07 16:07:05] INFO Epoch 004 | train batch=1650/2262 | elapsed=5.5 min | eta=2.0 min
[2026-09-07 16:07:07] INFO Epoch 004 | train batch=1660/2262 | elapsed=5.5 min | eta=2.0 min
[2026-09-07 16:07:09] INFO Epoch 004 | train batch=1670/2262 | elapsed=5.6 min | eta=2.0 min
[2026-09-07 16:07:11] INFO Epoch 004 | train batch=1680/2262 | elapsed=5.6 min | eta=1.9 min
[2026-09-07 16:07:13] INFO Epoch 004 | train batch=1690/2262 | elapsed=5.6 min | eta=1.9 min
[2026-09-07 16:07:15] INFO Epoch 004 | train batch=1700/2262 | elapsed=5.7 min | eta=1.9 min
[2026-09-07 16:07:17] INFO Epoch 004 | train batch=1710/2262 | elapsed=5.7 min | eta=1.8 min
[2026-09-07 16:07:19] INFO Epoch 004 | train batch=1720/2262 | elapsed=5.7 min | eta=1.8 min
[2026-09-07 16:07:21] INFO Epoch 004 | train batch=1730/2262 | elapsed=5.8 min | eta=1.8 min
[2026-09-07 16:07:23] INFO Epoch 004 | train batch=1740/2262 | elapsed=5.8 min | eta=1.7 min
[2026-09-07 16:07:25] INFO Epoch 004 | train batch=1750/2262 | elapsed=5.8 min | eta=1.7 min
[2026-09-07 16:07:27] INFO Epoch 004 | train batch=1760/2262 | elapsed=5.9 min | eta=1.7 min
[2026-09-07 16:07:29] INFO Epoch 004 | train batch=1770/2262 | elapsed=5.9 min | eta=1.6 min
[2026-09-07 16:07:31] INFO Epoch 004 | train batch=1780/2262 | elapsed=5.9 min | eta=1.6 min
[2026-09-07 16:07:33] INFO Epoch 004 | train batch=1790/2262 | elapsed=6.0 min | eta=1.6 min
[2026-09-07 16:07:35] INFO Epoch 004 | train batch=1800/2262 | elapsed=6.0 min | eta=1.5 min
[2026-09-07 16:07:37] INFO Epoch 004 | train batch=1810/2262 | elapsed=6.0 min | eta=1.5 min
[2026-09-07 16:07:39] INFO Epoch 004 | train batch=1820/2262 | elapsed=6.1 min | eta=1.5 min
[2026-09-07 16:07:41] INFO Epoch 004 | train batch=1830/2262 | elapsed=6.1 min | eta=1.4 min
[2026-09-07 16:07:43] INFO Epoch 004 | train batch=1840/2262 | elapsed=6.1 min | eta=1.4 min
[2026-09-07 16:07:45] INFO Epoch 004 | train batch=1850/2262 | elapsed=6.2 min | eta=1.4 min
[2026-09-07 16:07:47] INFO Epoch 004 | train batch=1860/2262 | elapsed=6.2 min | eta=1.3 min
[2026-09-07 16:07:49] INFO Epoch 004 | train batch=1870/2262 | elapsed=6.2 min | eta=1.3 min
[2026-09-07 16:07:51] INFO Epoch 004 | train batch=1880/2262 | elapsed=6.3 min | eta=1.3 min
[2026-09-07 16:07:53] INFO Epoch 004 | train batch=1890/2262 | elapsed=6.3 min | eta=1.2 min
[2026-09-07 16:07:55] INFO Epoch 004 | train batch=1900/2262 | elapsed=6.3 min | eta=1.2 min
[2026-09-07 16:07:57] INFO Epoch 004 | train batch=1910/2262 | elapsed=6.4 min | eta=1.2 min
[2026-09-07 16:07:59] INFO Epoch 004 | train batch=1920/2262 | elapsed=6.4 min | eta=1.1 min
[2026-09-07 16:08:01] INFO Epoch 004 | train batch=1930/2262 | elapsed=6.4 min | eta=1.1 min
[2026-09-07 16:08:03] INFO Epoch 004 | train batch=1940/2262 | elapsed=6.5 min | eta=1.1 min
[2026-09-07 16:08:05] INFO Epoch 004 | train batch=1950/2262 | elapsed=6.5 min | eta=1.0 min
[2026-09-07 16:08:07] INFO Epoch 004 | train batch=1960/2262 | elapsed=6.5 min | eta=1.0 min
[2026-09-07 16:08:09] INFO Epoch 004 | train batch=1970/2262 | elapsed=6.6 min | eta=1.0 min
[2026-09-07 16:08:11] INFO Epoch 004 | train batch=1980/2262 | elapsed=6.6 min | eta=0.9 min
[2026-09-07 16:08:13] INFO Epoch 004 | train batch=1990/2262 | elapsed=6.6 min | eta=0.9 min
[2026-09-07 16:08:15] INFO Epoch 004 | train batch=2000/2262 | elapsed=6.7 min | eta=0.9 min
[2026-09-07 16:08:17] INFO Epoch 004 | train batch=2010/2262 | elapsed=6.7 min | eta=0.8 min
[2026-09-07 16:08:19] INFO Epoch 004 | train batch=2020/2262 | elapsed=6.7 min | eta=0.8 min
[2026-09-07 16:08:21] INFO Epoch 004 | train batch=2030/2262 | elapsed=6.8 min | eta=0.8 min
[2026-09-07 16:08:23] INFO Epoch 004 | train batch=2040/2262 | elapsed=6.8 min | eta=0.7 min
[2026-09-07 16:08:25] INFO Epoch 004 | train batch=2050/2262 | elapsed=6.8 min | eta=0.7 min
[2026-09-07 16:08:27] INFO Epoch 004 | train batch=2060/2262 | elapsed=6.9 min | eta=0.7 min
[2026-09-07 16:08:29] INFO Epoch 004 | train batch=2070/2262 | elapsed=6.9 min | eta=0.6 min
[2026-09-07 16:08:31] INFO Epoch 004 | train batch=2080/2262 | elapsed=7.0 min | eta=0.6 min
[2026-09-07 16:08:33] INFO Epoch 004 | train batch=2090/2262 | elapsed=7.0 min | eta=0.6 min
[2026-09-07 16:08:35] INFO Epoch 004 | train batch=2100/2262 | elapsed=7.0 min | eta=0.5 min
[2026-09-07 16:08:37] INFO Epoch 004 | train batch=2110/2262 | elapsed=7.1 min | eta=0.5 min
[2026-09-07 16:08:39] INFO Epoch 004 | train batch=2120/2262 | elapsed=7.1 min | eta=0.5 min
[2026-09-07 16:08:41] INFO Epoch 004 | train batch=2130/2262 | elapsed=7.1 min | eta=0.4 min
[2026-09-07 16:08:43] INFO Epoch 004 | train batch=2140/2262 | elapsed=7.2 min | eta=0.4 min
[2026-09-07 16:08:45] INFO Epoch 004 | train batch=2150/2262 | elapsed=7.2 min | eta=0.4 min
[2026-09-07 16:08:47] INFO Epoch 004 | train batch=2160/2262 | elapsed=7.2 min | eta=0.3 min
[2026-09-07 16:08:49] INFO Epoch 004 | train batch=2170/2262 | elapsed=7.3 min | eta=0.3 min
[2026-09-07 16:08:51] INFO Epoch 004 | train batch=2180/2262 | elapsed=7.3 min | eta=0.3 min
[2026-09-07 16:08:53] INFO Epoch 004 | train batch=2190/2262 | elapsed=7.3 min | eta=0.2 min
[2026-09-07 16:08:55] INFO Epoch 004 | train batch=2200/2262 | elapsed=7.4 min | eta=0.2 min
[2026-09-07 16:08:57] INFO Epoch 004 | train batch=2210/2262 | elapsed=7.4 min | eta=0.2 min
[2026-09-07 16:08:59] INFO Epoch 004 | train batch=2220/2262 | elapsed=7.4 min | eta=0.1 min
[2026-09-07 16:09:01] INFO Epoch 004 | train batch=2230/2262 | elapsed=7.5 min | eta=0.1 min
[2026-09-07 16:09:03] INFO Epoch 004 | train batch=2240/2262 | elapsed=7.5 min | eta=0.1 min
[2026-09-07 16:09:05] INFO Epoch 004 | train batch=2250/2262 | elapsed=7.5 min | eta=0.0 min
[2026-09-07 16:09:07] INFO Epoch 004 | train batch=2260/2262 | elapsed=7.6 min | eta=0.0 min
[2026-09-07 16:09:07] INFO Epoch 004 | train batch=2262/2262 | elapsed=7.6 min | eta=0.0 min
[2026-09-07 16:09:08] INFO Epoch 004 | val batch=1/307 | elapsed=0.0 min | eta=1.0 min
[2026-09-07 16:09:09] INFO Epoch 004 | val batch=10/307 | elapsed=0.0 min | eta=1.0 min
[2026-09-07 16:09:11] INFO Epoch 004 | val batch=20/307 | elapsed=0.1 min | eta=0.9 min
[2026-09-07 16:09:13] INFO Epoch 004 | val batch=30/307 | elapsed=0.1 min | eta=0.9 min
[2026-09-07 16:09:15] INFO Epoch 004 | val batch=40/307 | elapsed=0.1 min | eta=0.9 min
[2026-09-07 16:09:17] INFO Epoch 004 | val batch=50/307 | elapsed=0.2 min | eta=0.8 min
[2026-09-07 16:09:19] INFO Epoch 004 | val batch=60/307 | elapsed=0.2 min | eta=0.8 min
[2026-09-07 16:09:21] INFO Epoch 004 | val batch=70/307 | elapsed=0.2 min | eta=0.8 min
[2026-09-07 16:09:23] INFO Epoch 004 | val batch=80/307 | elapsed=0.3 min | eta=0.7 min
[2026-09-07 16:09:25] INFO Epoch 004 | val batch=90/307 | elapsed=0.3 min | eta=0.7 min
[2026-09-07 16:09:27] INFO Epoch 004 | val batch=100/307 | elapsed=0.3 min | eta=0.7 min
[2026-09-07 16:09:29] INFO Epoch 004 | val batch=110/307 | elapsed=0.4 min | eta=0.6 min
[2026-09-07 16:09:31] INFO Epoch 004 | val batch=120/307 | elapsed=0.4 min | eta=0.6 min
[2026-09-07 16:09:33] INFO Epoch 004 | val batch=130/307 | elapsed=0.4 min | eta=0.6 min
[2026-09-07 16:09:35] INFO Epoch 004 | val batch=140/307 | elapsed=0.5 min | eta=0.5 min
[2026-09-07 16:09:37] INFO Epoch 004 | val batch=150/307 | elapsed=0.5 min | eta=0.5 min
[2026-09-07 16:09:39] INFO Epoch 004 | val batch=160/307 | elapsed=0.5 min | eta=0.5 min
[2026-09-07 16:09:41] INFO Epoch 004 | val batch=170/307 | elapsed=0.6 min | eta=0.4 min
[2026-09-07 16:09:42] INFO Epoch 004 | val batch=180/307 | elapsed=0.6 min | eta=0.4 min
[2026-09-07 16:09:44] INFO Epoch 004 | val batch=190/307 | elapsed=0.6 min | eta=0.4 min
[2026-09-07 16:09:46] INFO Epoch 004 | val batch=200/307 | elapsed=0.6 min | eta=0.3 min
[2026-09-07 16:09:48] INFO Epoch 004 | val batch=210/307 | elapsed=0.7 min | eta=0.3 min
[2026-09-07 16:09:50] INFO Epoch 004 | val batch=220/307 | elapsed=0.7 min | eta=0.3 min
[2026-09-07 16:09:52] INFO Epoch 004 | val batch=230/307 | elapsed=0.7 min | eta=0.3 min
[2026-09-07 16:09:54] INFO Epoch 004 | val batch=240/307 | elapsed=0.8 min | eta=0.2 min
[2026-09-07 16:09:56] INFO Epoch 004 | val batch=250/307 | elapsed=0.8 min | eta=0.2 min
[2026-09-07 16:09:58] INFO Epoch 004 | val batch=260/307 | elapsed=0.8 min | eta=0.2 min
[2026-09-07 16:10:00] INFO Epoch 004 | val batch=270/307 | elapsed=0.9 min | eta=0.1 min
[2026-09-07 16:10:02] INFO Epoch 004 | val batch=280/307 | elapsed=0.9 min | eta=0.1 min
[2026-09-07 16:10:04] INFO Epoch 004 | val batch=290/307 | elapsed=0.9 min | eta=0.1 min
[2026-09-07 16:10:06] INFO Epoch 004 | val batch=300/307 | elapsed=1.0 min | eta=0.0 min
[2026-09-07 16:10:07] INFO Epoch 004 | val batch=307/307 | elapsed=1.0 min | eta=0.0 min
[2026-09-07 16:10:07] INFO Epoch 004 | train_total=2.285423 | train_relation=2.280032 | train_distill=0.107827 | val_total=2.146862 | val_relation=2.141469 | val_distill=0.107859 | val_anchors=1596400 | val_candidates=21057400 | val_teacher_keff=4.083 | val_student_keff=7.794 | seconds(train/val)=453.33/59.86
[2026-09-07 16:10:07] INFO Checkpoint updated | epoch=4 | best_val_relation=2.141469 | path=C:\Users\clw\projects\researchRep\STAnchor-BlockMemory\artifacts\cross_dataset_t1\pemsbay_head_adapter_seed42\retrieval_t1_best.pt
[2026-09-07 16:10:07] INFO Epoch 005/008 started | train_batches=2262 | val_batches=307
[2026-09-07 16:10:07] INFO Epoch 005 | train batch=1/2262 | elapsed=0.0 min | eta=7.6 min
[2026-09-07 16:10:09] INFO Epoch 005 | train batch=10/2262 | elapsed=0.0 min | eta=7.5 min
[2026-09-07 16:10:11] INFO Epoch 005 | train batch=20/2262 | elapsed=0.1 min | eta=7.5 min
[2026-09-07 16:10:13] INFO Epoch 005 | train batch=30/2262 | elapsed=0.1 min | eta=7.4 min
[2026-09-07 16:10:15] INFO Epoch 005 | train batch=40/2262 | elapsed=0.1 min | eta=7.4 min
[2026-09-07 16:10:17] INFO Epoch 005 | train batch=50/2262 | elapsed=0.2 min | eta=7.4 min
[2026-09-07 16:10:19] INFO Epoch 005 | train batch=60/2262 | elapsed=0.2 min | eta=7.3 min
[2026-09-07 16:10:21] INFO Epoch 005 | train batch=70/2262 | elapsed=0.2 min | eta=7.3 min
[2026-09-07 16:10:23] INFO Epoch 005 | train batch=80/2262 | elapsed=0.3 min | eta=7.3 min
[2026-09-07 16:10:25] INFO Epoch 005 | train batch=90/2262 | elapsed=0.3 min | eta=7.3 min
[2026-09-07 16:10:27] INFO Epoch 005 | train batch=100/2262 | elapsed=0.3 min | eta=7.2 min
[2026-09-07 16:10:29] INFO Epoch 005 | train batch=110/2262 | elapsed=0.4 min | eta=7.2 min
[2026-09-07 16:10:31] INFO Epoch 005 | train batch=120/2262 | elapsed=0.4 min | eta=7.2 min
[2026-09-07 16:10:33] INFO Epoch 005 | train batch=130/2262 | elapsed=0.4 min | eta=7.1 min
[2026-09-07 16:10:35] INFO Epoch 005 | train batch=140/2262 | elapsed=0.5 min | eta=7.1 min
[2026-09-07 16:10:37] INFO Epoch 005 | train batch=150/2262 | elapsed=0.5 min | eta=7.1 min
[2026-09-07 16:10:39] INFO Epoch 005 | train batch=160/2262 | elapsed=0.5 min | eta=7.0 min
[2026-09-07 16:10:41] INFO Epoch 005 | train batch=170/2262 | elapsed=0.6 min | eta=7.0 min
[2026-09-07 16:10:43] INFO Epoch 005 | train batch=180/2262 | elapsed=0.6 min | eta=7.0 min
[2026-09-07 16:10:45] INFO Epoch 005 | train batch=190/2262 | elapsed=0.6 min | eta=6.9 min
[2026-09-07 16:10:47] INFO Epoch 005 | train batch=200/2262 | elapsed=0.7 min | eta=6.9 min
[2026-09-07 16:10:49] INFO Epoch 005 | train batch=210/2262 | elapsed=0.7 min | eta=6.9 min
[2026-09-07 16:10:51] INFO Epoch 005 | train batch=220/2262 | elapsed=0.7 min | eta=6.8 min
[2026-09-07 16:10:53] INFO Epoch 005 | train batch=230/2262 | elapsed=0.8 min | eta=6.8 min
[2026-09-07 16:10:55] INFO Epoch 005 | train batch=240/2262 | elapsed=0.8 min | eta=6.8 min
[2026-09-07 16:10:57] INFO Epoch 005 | train batch=250/2262 | elapsed=0.8 min | eta=6.7 min
[2026-09-07 16:10:59] INFO Epoch 005 | train batch=260/2262 | elapsed=0.9 min | eta=6.7 min
[2026-09-07 16:11:01] INFO Epoch 005 | train batch=270/2262 | elapsed=0.9 min | eta=6.6 min
[2026-09-07 16:11:03] INFO Epoch 005 | train batch=280/2262 | elapsed=0.9 min | eta=6.6 min
[2026-09-07 16:11:05] INFO Epoch 005 | train batch=290/2262 | elapsed=1.0 min | eta=6.6 min
[2026-09-07 16:11:07] INFO Epoch 005 | train batch=300/2262 | elapsed=1.0 min | eta=6.5 min
[2026-09-07 16:11:09] INFO Epoch 005 | train batch=310/2262 | elapsed=1.0 min | eta=6.5 min
[2026-09-07 16:11:11] INFO Epoch 005 | train batch=320/2262 | elapsed=1.1 min | eta=6.5 min
[2026-09-07 16:11:13] INFO Epoch 005 | train batch=330/2262 | elapsed=1.1 min | eta=6.4 min
[2026-09-07 16:11:15] INFO Epoch 005 | train batch=340/2262 | elapsed=1.1 min | eta=6.4 min
[2026-09-07 16:11:17] INFO Epoch 005 | train batch=350/2262 | elapsed=1.2 min | eta=6.4 min
[2026-09-07 16:11:19] INFO Epoch 005 | train batch=360/2262 | elapsed=1.2 min | eta=6.3 min
[2026-09-07 16:11:21] INFO Epoch 005 | train batch=370/2262 | elapsed=1.2 min | eta=6.3 min
[2026-09-07 16:11:23] INFO Epoch 005 | train batch=380/2262 | elapsed=1.3 min | eta=6.3 min
[2026-09-07 16:11:25] INFO Epoch 005 | train batch=390/2262 | elapsed=1.3 min | eta=6.2 min
[2026-09-07 16:11:27] INFO Epoch 005 | train batch=400/2262 | elapsed=1.3 min | eta=6.2 min
[2026-09-07 16:11:29] INFO Epoch 005 | train batch=410/2262 | elapsed=1.4 min | eta=6.2 min
[2026-09-07 16:11:31] INFO Epoch 005 | train batch=420/2262 | elapsed=1.4 min | eta=6.1 min
[2026-09-07 16:11:33] INFO Epoch 005 | train batch=430/2262 | elapsed=1.4 min | eta=6.1 min
[2026-09-07 16:11:35] INFO Epoch 005 | train batch=440/2262 | elapsed=1.5 min | eta=6.1 min
[2026-09-07 16:11:37] INFO Epoch 005 | train batch=450/2262 | elapsed=1.5 min | eta=6.0 min
[2026-09-07 16:11:39] INFO Epoch 005 | train batch=460/2262 | elapsed=1.5 min | eta=6.0 min
[2026-09-07 16:11:41] INFO Epoch 005 | train batch=470/2262 | elapsed=1.6 min | eta=6.0 min
[2026-09-07 16:11:43] INFO Epoch 005 | train batch=480/2262 | elapsed=1.6 min | eta=5.9 min
[2026-09-07 16:11:45] INFO Epoch 005 | train batch=490/2262 | elapsed=1.6 min | eta=5.9 min
[2026-09-07 16:11:47] INFO Epoch 005 | train batch=500/2262 | elapsed=1.7 min | eta=5.9 min
[2026-09-07 16:11:49] INFO Epoch 005 | train batch=510/2262 | elapsed=1.7 min | eta=5.8 min
[2026-09-07 16:11:51] INFO Epoch 005 | train batch=520/2262 | elapsed=1.7 min | eta=5.8 min
[2026-09-07 16:11:53] INFO Epoch 005 | train batch=530/2262 | elapsed=1.8 min | eta=5.8 min
[2026-09-07 16:11:55] INFO Epoch 005 | train batch=540/2262 | elapsed=1.8 min | eta=5.7 min
[2026-09-07 16:11:57] INFO Epoch 005 | train batch=550/2262 | elapsed=1.8 min | eta=5.7 min
[2026-09-07 16:11:59] INFO Epoch 005 | train batch=560/2262 | elapsed=1.9 min | eta=5.7 min
[2026-09-07 16:12:01] INFO Epoch 005 | train batch=570/2262 | elapsed=1.9 min | eta=5.6 min
[2026-09-07 16:12:03] INFO Epoch 005 | train batch=580/2262 | elapsed=1.9 min | eta=5.6 min
[2026-09-07 16:12:05] INFO Epoch 005 | train batch=590/2262 | elapsed=2.0 min | eta=5.6 min
[2026-09-07 16:12:07] INFO Epoch 005 | train batch=600/2262 | elapsed=2.0 min | eta=5.5 min
[2026-09-07 16:12:09] INFO Epoch 005 | train batch=610/2262 | elapsed=2.0 min | eta=5.5 min
[2026-09-07 16:12:11] INFO Epoch 005 | train batch=620/2262 | elapsed=2.1 min | eta=5.5 min
[2026-09-07 16:12:13] INFO Epoch 005 | train batch=630/2262 | elapsed=2.1 min | eta=5.4 min
[2026-09-07 16:12:15] INFO Epoch 005 | train batch=640/2262 | elapsed=2.1 min | eta=5.4 min
[2026-09-07 16:12:17] INFO Epoch 005 | train batch=650/2262 | elapsed=2.2 min | eta=5.4 min
[2026-09-07 16:12:19] INFO Epoch 005 | train batch=660/2262 | elapsed=2.2 min | eta=5.3 min
[2026-09-07 16:12:21] INFO Epoch 005 | train batch=670/2262 | elapsed=2.2 min | eta=5.3 min
[2026-09-07 16:12:24] INFO Epoch 005 | train batch=680/2262 | elapsed=2.3 min | eta=5.3 min
[2026-09-07 16:12:26] INFO Epoch 005 | train batch=690/2262 | elapsed=2.3 min | eta=5.2 min
[2026-09-07 16:12:28] INFO Epoch 005 | train batch=700/2262 | elapsed=2.3 min | eta=5.2 min
[2026-09-07 16:12:30] INFO Epoch 005 | train batch=710/2262 | elapsed=2.4 min | eta=5.2 min
[2026-09-07 16:12:32] INFO Epoch 005 | train batch=720/2262 | elapsed=2.4 min | eta=5.1 min
[2026-09-07 16:12:34] INFO Epoch 005 | train batch=730/2262 | elapsed=2.4 min | eta=5.1 min
[2026-09-07 16:12:36] INFO Epoch 005 | train batch=740/2262 | elapsed=2.5 min | eta=5.1 min
[2026-09-07 16:12:38] INFO Epoch 005 | train batch=750/2262 | elapsed=2.5 min | eta=5.0 min
[2026-09-07 16:12:40] INFO Epoch 005 | train batch=760/2262 | elapsed=2.5 min | eta=5.0 min
[2026-09-07 16:12:42] INFO Epoch 005 | train batch=770/2262 | elapsed=2.6 min | eta=5.0 min
[2026-09-07 16:12:44] INFO Epoch 005 | train batch=780/2262 | elapsed=2.6 min | eta=4.9 min
[2026-09-07 16:12:46] INFO Epoch 005 | train batch=790/2262 | elapsed=2.6 min | eta=4.9 min
[2026-09-07 16:12:48] INFO Epoch 005 | train batch=800/2262 | elapsed=2.7 min | eta=4.9 min
[2026-09-07 16:12:50] INFO Epoch 005 | train batch=810/2262 | elapsed=2.7 min | eta=4.8 min
[2026-09-07 16:12:52] INFO Epoch 005 | train batch=820/2262 | elapsed=2.7 min | eta=4.8 min
[2026-09-07 16:12:54] INFO Epoch 005 | train batch=830/2262 | elapsed=2.8 min | eta=4.8 min
[2026-09-07 16:12:56] INFO Epoch 005 | train batch=840/2262 | elapsed=2.8 min | eta=4.7 min
[2026-09-07 16:12:58] INFO Epoch 005 | train batch=850/2262 | elapsed=2.8 min | eta=4.7 min
[2026-09-07 16:13:00] INFO Epoch 005 | train batch=860/2262 | elapsed=2.9 min | eta=4.7 min
[2026-09-07 16:13:02] INFO Epoch 005 | train batch=870/2262 | elapsed=2.9 min | eta=4.6 min
[2026-09-07 16:13:04] INFO Epoch 005 | train batch=880/2262 | elapsed=2.9 min | eta=4.6 min
[2026-09-07 16:13:06] INFO Epoch 005 | train batch=890/2262 | elapsed=3.0 min | eta=4.6 min
[2026-09-07 16:13:08] INFO Epoch 005 | train batch=900/2262 | elapsed=3.0 min | eta=4.5 min
[2026-09-07 16:13:10] INFO Epoch 005 | train batch=910/2262 | elapsed=3.0 min | eta=4.5 min
[2026-09-07 16:13:12] INFO Epoch 005 | train batch=920/2262 | elapsed=3.1 min | eta=4.5 min
[2026-09-07 16:13:14] INFO Epoch 005 | train batch=930/2262 | elapsed=3.1 min | eta=4.4 min
[2026-09-07 16:13:16] INFO Epoch 005 | train batch=940/2262 | elapsed=3.1 min | eta=4.4 min
[2026-09-07 16:13:18] INFO Epoch 005 | train batch=950/2262 | elapsed=3.2 min | eta=4.4 min
[2026-09-07 16:13:20] INFO Epoch 005 | train batch=960/2262 | elapsed=3.2 min | eta=4.3 min
[2026-09-07 16:13:22] INFO Epoch 005 | train batch=970/2262 | elapsed=3.2 min | eta=4.3 min
[2026-09-07 16:13:24] INFO Epoch 005 | train batch=980/2262 | elapsed=3.3 min | eta=4.3 min
[2026-09-07 16:13:26] INFO Epoch 005 | train batch=990/2262 | elapsed=3.3 min | eta=4.2 min
[2026-09-07 16:13:28] INFO Epoch 005 | train batch=1000/2262 | elapsed=3.3 min | eta=4.2 min
[2026-09-07 16:13:30] INFO Epoch 005 | train batch=1010/2262 | elapsed=3.4 min | eta=4.2 min
[2026-09-07 16:13:32] INFO Epoch 005 | train batch=1020/2262 | elapsed=3.4 min | eta=4.1 min
[2026-09-07 16:13:34] INFO Epoch 005 | train batch=1030/2262 | elapsed=3.4 min | eta=4.1 min
[2026-09-07 16:13:36] INFO Epoch 005 | train batch=1040/2262 | elapsed=3.5 min | eta=4.1 min
[2026-09-07 16:13:38] INFO Epoch 005 | train batch=1050/2262 | elapsed=3.5 min | eta=4.0 min
[2026-09-07 16:13:40] INFO Epoch 005 | train batch=1060/2262 | elapsed=3.5 min | eta=4.0 min
[2026-09-07 16:13:42] INFO Epoch 005 | train batch=1070/2262 | elapsed=3.6 min | eta=4.0 min
[2026-09-07 16:13:44] INFO Epoch 005 | train batch=1080/2262 | elapsed=3.6 min | eta=3.9 min
[2026-09-07 16:13:46] INFO Epoch 005 | train batch=1090/2262 | elapsed=3.6 min | eta=3.9 min
[2026-09-07 16:13:48] INFO Epoch 005 | train batch=1100/2262 | elapsed=3.7 min | eta=3.9 min
[2026-09-07 16:13:50] INFO Epoch 005 | train batch=1110/2262 | elapsed=3.7 min | eta=3.8 min
[2026-09-07 16:13:52] INFO Epoch 005 | train batch=1120/2262 | elapsed=3.7 min | eta=3.8 min
[2026-09-07 16:13:54] INFO Epoch 005 | train batch=1130/2262 | elapsed=3.8 min | eta=3.8 min
[2026-09-07 16:13:56] INFO Epoch 005 | train batch=1140/2262 | elapsed=3.8 min | eta=3.7 min
[2026-09-07 16:13:58] INFO Epoch 005 | train batch=1150/2262 | elapsed=3.8 min | eta=3.7 min
[2026-09-07 16:14:00] INFO Epoch 005 | train batch=1160/2262 | elapsed=3.9 min | eta=3.7 min
[2026-09-07 16:14:02] INFO Epoch 005 | train batch=1170/2262 | elapsed=3.9 min | eta=3.6 min
[2026-09-07 16:14:04] INFO Epoch 005 | train batch=1180/2262 | elapsed=3.9 min | eta=3.6 min
[2026-09-07 16:14:06] INFO Epoch 005 | train batch=1190/2262 | elapsed=4.0 min | eta=3.6 min
[2026-09-07 16:14:08] INFO Epoch 005 | train batch=1200/2262 | elapsed=4.0 min | eta=3.5 min
[2026-09-07 16:14:10] INFO Epoch 005 | train batch=1210/2262 | elapsed=4.0 min | eta=3.5 min
[2026-09-07 16:14:12] INFO Epoch 005 | train batch=1220/2262 | elapsed=4.1 min | eta=3.5 min
[2026-09-07 16:14:14] INFO Epoch 005 | train batch=1230/2262 | elapsed=4.1 min | eta=3.4 min
[2026-09-07 16:14:16] INFO Epoch 005 | train batch=1240/2262 | elapsed=4.1 min | eta=3.4 min
[2026-09-07 16:14:18] INFO Epoch 005 | train batch=1250/2262 | elapsed=4.2 min | eta=3.4 min
[2026-09-07 16:14:20] INFO Epoch 005 | train batch=1260/2262 | elapsed=4.2 min | eta=3.4 min
[2026-09-07 16:14:22] INFO Epoch 005 | train batch=1270/2262 | elapsed=4.2 min | eta=3.3 min
[2026-09-07 16:14:24] INFO Epoch 005 | train batch=1280/2262 | elapsed=4.3 min | eta=3.3 min
[2026-09-07 16:14:26] INFO Epoch 005 | train batch=1290/2262 | elapsed=4.3 min | eta=3.2 min
[2026-09-07 16:14:28] INFO Epoch 005 | train batch=1300/2262 | elapsed=4.3 min | eta=3.2 min
[2026-09-07 16:14:30] INFO Epoch 005 | train batch=1310/2262 | elapsed=4.4 min | eta=3.2 min
[2026-09-07 16:14:32] INFO Epoch 005 | train batch=1320/2262 | elapsed=4.4 min | eta=3.1 min
[2026-09-07 16:14:34] INFO Epoch 005 | train batch=1330/2262 | elapsed=4.4 min | eta=3.1 min
[2026-09-07 16:14:36] INFO Epoch 005 | train batch=1340/2262 | elapsed=4.5 min | eta=3.1 min
[2026-09-07 16:14:38] INFO Epoch 005 | train batch=1350/2262 | elapsed=4.5 min | eta=3.0 min
[2026-09-07 16:14:40] INFO Epoch 005 | train batch=1360/2262 | elapsed=4.5 min | eta=3.0 min
[2026-09-07 16:14:42] INFO Epoch 005 | train batch=1370/2262 | elapsed=4.6 min | eta=3.0 min
[2026-09-07 16:14:44] INFO Epoch 005 | train batch=1380/2262 | elapsed=4.6 min | eta=2.9 min
[2026-09-07 16:14:46] INFO Epoch 005 | train batch=1390/2262 | elapsed=4.6 min | eta=2.9 min
[2026-09-07 16:14:48] INFO Epoch 005 | train batch=1400/2262 | elapsed=4.7 min | eta=2.9 min
[2026-09-07 16:14:50] INFO Epoch 005 | train batch=1410/2262 | elapsed=4.7 min | eta=2.8 min
[2026-09-07 16:14:52] INFO Epoch 005 | train batch=1420/2262 | elapsed=4.7 min | eta=2.8 min
[2026-09-07 16:14:54] INFO Epoch 005 | train batch=1430/2262 | elapsed=4.8 min | eta=2.8 min
[2026-09-07 16:14:56] INFO Epoch 005 | train batch=1440/2262 | elapsed=4.8 min | eta=2.7 min
[2026-09-07 16:14:58] INFO Epoch 005 | train batch=1450/2262 | elapsed=4.8 min | eta=2.7 min
[2026-09-07 16:15:00] INFO Epoch 005 | train batch=1460/2262 | elapsed=4.9 min | eta=2.7 min
[2026-09-07 16:15:02] INFO Epoch 005 | train batch=1470/2262 | elapsed=4.9 min | eta=2.6 min
[2026-09-07 16:15:04] INFO Epoch 005 | train batch=1480/2262 | elapsed=4.9 min | eta=2.6 min
[2026-09-07 16:15:06] INFO Epoch 005 | train batch=1490/2262 | elapsed=5.0 min | eta=2.6 min
[2026-09-07 16:15:08] INFO Epoch 005 | train batch=1500/2262 | elapsed=5.0 min | eta=2.5 min
[2026-09-07 16:15:10] INFO Epoch 005 | train batch=1510/2262 | elapsed=5.0 min | eta=2.5 min
[2026-09-07 16:15:12] INFO Epoch 005 | train batch=1520/2262 | elapsed=5.1 min | eta=2.5 min
[2026-09-07 16:15:14] INFO Epoch 005 | train batch=1530/2262 | elapsed=5.1 min | eta=2.4 min
[2026-09-07 16:15:16] INFO Epoch 005 | train batch=1540/2262 | elapsed=5.1 min | eta=2.4 min
[2026-09-07 16:15:18] INFO Epoch 005 | train batch=1550/2262 | elapsed=5.2 min | eta=2.4 min
[2026-09-07 16:15:20] INFO Epoch 005 | train batch=1560/2262 | elapsed=5.2 min | eta=2.3 min
[2026-09-07 16:15:22] INFO Epoch 005 | train batch=1570/2262 | elapsed=5.2 min | eta=2.3 min
[2026-09-07 16:15:24] INFO Epoch 005 | train batch=1580/2262 | elapsed=5.3 min | eta=2.3 min
[2026-09-07 16:15:26] INFO Epoch 005 | train batch=1590/2262 | elapsed=5.3 min | eta=2.2 min
[2026-09-07 16:15:28] INFO Epoch 005 | train batch=1600/2262 | elapsed=5.3 min | eta=2.2 min
[2026-09-07 16:15:30] INFO Epoch 005 | train batch=1610/2262 | elapsed=5.4 min | eta=2.2 min
[2026-09-07 16:15:32] INFO Epoch 005 | train batch=1620/2262 | elapsed=5.4 min | eta=2.1 min
[2026-09-07 16:15:34] INFO Epoch 005 | train batch=1630/2262 | elapsed=5.4 min | eta=2.1 min
[2026-09-07 16:15:36] INFO Epoch 005 | train batch=1640/2262 | elapsed=5.5 min | eta=2.1 min
[2026-09-07 16:15:38] INFO Epoch 005 | train batch=1650/2262 | elapsed=5.5 min | eta=2.0 min
[2026-09-07 16:15:40] INFO Epoch 005 | train batch=1660/2262 | elapsed=5.5 min | eta=2.0 min
[2026-09-07 16:15:42] INFO Epoch 005 | train batch=1670/2262 | elapsed=5.6 min | eta=2.0 min
[2026-09-07 16:15:44] INFO Epoch 005 | train batch=1680/2262 | elapsed=5.6 min | eta=1.9 min
[2026-09-07 16:15:46] INFO Epoch 005 | train batch=1690/2262 | elapsed=5.6 min | eta=1.9 min
[2026-09-07 16:15:48] INFO Epoch 005 | train batch=1700/2262 | elapsed=5.7 min | eta=1.9 min
[2026-09-07 16:15:50] INFO Epoch 005 | train batch=1710/2262 | elapsed=5.7 min | eta=1.8 min
[2026-09-07 16:15:52] INFO Epoch 005 | train batch=1720/2262 | elapsed=5.7 min | eta=1.8 min
[2026-09-07 16:15:54] INFO Epoch 005 | train batch=1730/2262 | elapsed=5.8 min | eta=1.8 min
[2026-09-07 16:15:56] INFO Epoch 005 | train batch=1740/2262 | elapsed=5.8 min | eta=1.7 min
[2026-09-07 16:15:58] INFO Epoch 005 | train batch=1750/2262 | elapsed=5.8 min | eta=1.7 min
[2026-09-07 16:16:00] INFO Epoch 005 | train batch=1760/2262 | elapsed=5.9 min | eta=1.7 min
[2026-09-07 16:16:02] INFO Epoch 005 | train batch=1770/2262 | elapsed=5.9 min | eta=1.6 min
[2026-09-07 16:16:04] INFO Epoch 005 | train batch=1780/2262 | elapsed=5.9 min | eta=1.6 min
[2026-09-07 16:16:06] INFO Epoch 005 | train batch=1790/2262 | elapsed=6.0 min | eta=1.6 min
[2026-09-07 16:16:08] INFO Epoch 005 | train batch=1800/2262 | elapsed=6.0 min | eta=1.5 min
[2026-09-07 16:16:10] INFO Epoch 005 | train batch=1810/2262 | elapsed=6.0 min | eta=1.5 min
[2026-09-07 16:16:12] INFO Epoch 005 | train batch=1820/2262 | elapsed=6.1 min | eta=1.5 min
[2026-09-07 16:16:14] INFO Epoch 005 | train batch=1830/2262 | elapsed=6.1 min | eta=1.4 min
[2026-09-07 16:16:16] INFO Epoch 005 | train batch=1840/2262 | elapsed=6.1 min | eta=1.4 min
[2026-09-07 16:16:18] INFO Epoch 005 | train batch=1850/2262 | elapsed=6.2 min | eta=1.4 min
[2026-09-07 16:16:20] INFO Epoch 005 | train batch=1860/2262 | elapsed=6.2 min | eta=1.3 min
[2026-09-07 16:16:22] INFO Epoch 005 | train batch=1870/2262 | elapsed=6.2 min | eta=1.3 min
[2026-09-07 16:16:24] INFO Epoch 005 | train batch=1880/2262 | elapsed=6.3 min | eta=1.3 min
[2026-09-07 16:16:26] INFO Epoch 005 | train batch=1890/2262 | elapsed=6.3 min | eta=1.2 min
[2026-09-07 16:16:28] INFO Epoch 005 | train batch=1900/2262 | elapsed=6.3 min | eta=1.2 min
[2026-09-07 16:16:30] INFO Epoch 005 | train batch=1910/2262 | elapsed=6.4 min | eta=1.2 min
[2026-09-07 16:16:32] INFO Epoch 005 | train batch=1920/2262 | elapsed=6.4 min | eta=1.1 min
[2026-09-07 16:16:34] INFO Epoch 005 | train batch=1930/2262 | elapsed=6.5 min | eta=1.1 min
[2026-09-07 16:16:36] INFO Epoch 005 | train batch=1940/2262 | elapsed=6.5 min | eta=1.1 min
[2026-09-07 16:16:38] INFO Epoch 005 | train batch=1950/2262 | elapsed=6.5 min | eta=1.0 min
[2026-09-07 16:16:40] INFO Epoch 005 | train batch=1960/2262 | elapsed=6.6 min | eta=1.0 min
[2026-09-07 16:16:42] INFO Epoch 005 | train batch=1970/2262 | elapsed=6.6 min | eta=1.0 min
[2026-09-07 16:16:44] INFO Epoch 005 | train batch=1980/2262 | elapsed=6.6 min | eta=0.9 min
[2026-09-07 16:16:46] INFO Epoch 005 | train batch=1990/2262 | elapsed=6.7 min | eta=0.9 min
[2026-09-07 16:16:48] INFO Epoch 005 | train batch=2000/2262 | elapsed=6.7 min | eta=0.9 min
[2026-09-07 16:16:50] INFO Epoch 005 | train batch=2010/2262 | elapsed=6.7 min | eta=0.8 min
[2026-09-07 16:16:52] INFO Epoch 005 | train batch=2020/2262 | elapsed=6.8 min | eta=0.8 min
[2026-09-07 16:16:54] INFO Epoch 005 | train batch=2030/2262 | elapsed=6.8 min | eta=0.8 min
[2026-09-07 16:16:56] INFO Epoch 005 | train batch=2040/2262 | elapsed=6.8 min | eta=0.7 min
[2026-09-07 16:16:58] INFO Epoch 005 | train batch=2050/2262 | elapsed=6.9 min | eta=0.7 min
[2026-09-07 16:17:00] INFO Epoch 005 | train batch=2060/2262 | elapsed=6.9 min | eta=0.7 min
[2026-09-07 16:17:02] INFO Epoch 005 | train batch=2070/2262 | elapsed=6.9 min | eta=0.6 min
[2026-09-07 16:17:04] INFO Epoch 005 | train batch=2080/2262 | elapsed=7.0 min | eta=0.6 min
[2026-09-07 16:17:06] INFO Epoch 005 | train batch=2090/2262 | elapsed=7.0 min | eta=0.6 min
[2026-09-07 16:17:08] INFO Epoch 005 | train batch=2100/2262 | elapsed=7.0 min | eta=0.5 min
[2026-09-07 16:17:10] INFO Epoch 005 | train batch=2110/2262 | elapsed=7.1 min | eta=0.5 min
[2026-09-07 16:17:12] INFO Epoch 005 | train batch=2120/2262 | elapsed=7.1 min | eta=0.5 min
[2026-09-07 16:17:14] INFO Epoch 005 | train batch=2130/2262 | elapsed=7.1 min | eta=0.4 min
[2026-09-07 16:17:16] INFO Epoch 005 | train batch=2140/2262 | elapsed=7.2 min | eta=0.4 min
[2026-09-07 16:17:18] INFO Epoch 005 | train batch=2150/2262 | elapsed=7.2 min | eta=0.4 min
[2026-09-07 16:17:20] INFO Epoch 005 | train batch=2160/2262 | elapsed=7.2 min | eta=0.3 min
[2026-09-07 16:17:22] INFO Epoch 005 | train batch=2170/2262 | elapsed=7.3 min | eta=0.3 min
[2026-09-07 16:17:24] INFO Epoch 005 | train batch=2180/2262 | elapsed=7.3 min | eta=0.3 min
[2026-09-07 16:17:26] INFO Epoch 005 | train batch=2190/2262 | elapsed=7.3 min | eta=0.2 min
[2026-09-07 16:17:28] INFO Epoch 005 | train batch=2200/2262 | elapsed=7.4 min | eta=0.2 min
[2026-09-07 16:17:30] INFO Epoch 005 | train batch=2210/2262 | elapsed=7.4 min | eta=0.2 min
[2026-09-07 16:17:32] INFO Epoch 005 | train batch=2220/2262 | elapsed=7.4 min | eta=0.1 min
[2026-09-07 16:17:34] INFO Epoch 005 | train batch=2230/2262 | elapsed=7.5 min | eta=0.1 min
[2026-09-07 16:17:36] INFO Epoch 005 | train batch=2240/2262 | elapsed=7.5 min | eta=0.1 min
[2026-09-07 16:17:38] INFO Epoch 005 | train batch=2250/2262 | elapsed=7.5 min | eta=0.0 min
[2026-09-07 16:17:40] INFO Epoch 005 | train batch=2260/2262 | elapsed=7.6 min | eta=0.0 min
[2026-09-07 16:17:41] INFO Epoch 005 | train batch=2262/2262 | elapsed=7.6 min | eta=0.0 min
[2026-09-07 16:17:41] INFO Epoch 005 | val batch=1/307 | elapsed=0.0 min | eta=1.0 min
[2026-09-07 16:17:43] INFO Epoch 005 | val batch=10/307 | elapsed=0.0 min | eta=1.0 min
[2026-09-07 16:17:45] INFO Epoch 005 | val batch=20/307 | elapsed=0.1 min | eta=0.9 min
[2026-09-07 16:17:47] INFO Epoch 005 | val batch=30/307 | elapsed=0.1 min | eta=0.9 min
[2026-09-07 16:17:49] INFO Epoch 005 | val batch=40/307 | elapsed=0.1 min | eta=0.9 min
[2026-09-07 16:17:50] INFO Epoch 005 | val batch=50/307 | elapsed=0.2 min | eta=0.8 min
[2026-09-07 16:17:52] INFO Epoch 005 | val batch=60/307 | elapsed=0.2 min | eta=0.8 min
[2026-09-07 16:17:54] INFO Epoch 005 | val batch=70/307 | elapsed=0.2 min | eta=0.8 min
[2026-09-07 16:17:56] INFO Epoch 005 | val batch=80/307 | elapsed=0.3 min | eta=0.7 min
[2026-09-07 16:17:58] INFO Epoch 005 | val batch=90/307 | elapsed=0.3 min | eta=0.7 min
[2026-09-07 16:18:00] INFO Epoch 005 | val batch=100/307 | elapsed=0.3 min | eta=0.7 min
[2026-09-07 16:18:02] INFO Epoch 005 | val batch=110/307 | elapsed=0.4 min | eta=0.6 min
[2026-09-07 16:18:04] INFO Epoch 005 | val batch=120/307 | elapsed=0.4 min | eta=0.6 min
[2026-09-07 16:18:06] INFO Epoch 005 | val batch=130/307 | elapsed=0.4 min | eta=0.6 min
[2026-09-07 16:18:08] INFO Epoch 005 | val batch=140/307 | elapsed=0.5 min | eta=0.5 min
[2026-09-07 16:18:10] INFO Epoch 005 | val batch=150/307 | elapsed=0.5 min | eta=0.5 min
[2026-09-07 16:18:12] INFO Epoch 005 | val batch=160/307 | elapsed=0.5 min | eta=0.5 min
[2026-09-07 16:18:14] INFO Epoch 005 | val batch=170/307 | elapsed=0.6 min | eta=0.4 min
[2026-09-07 16:18:16] INFO Epoch 005 | val batch=180/307 | elapsed=0.6 min | eta=0.4 min
[2026-09-07 16:18:18] INFO Epoch 005 | val batch=190/307 | elapsed=0.6 min | eta=0.4 min
[2026-09-07 16:18:20] INFO Epoch 005 | val batch=200/307 | elapsed=0.7 min | eta=0.3 min
[2026-09-07 16:18:22] INFO Epoch 005 | val batch=210/307 | elapsed=0.7 min | eta=0.3 min
[2026-09-07 16:18:24] INFO Epoch 005 | val batch=220/307 | elapsed=0.7 min | eta=0.3 min
[2026-09-07 16:18:26] INFO Epoch 005 | val batch=230/307 | elapsed=0.7 min | eta=0.3 min
[2026-09-07 16:18:28] INFO Epoch 005 | val batch=240/307 | elapsed=0.8 min | eta=0.2 min
[2026-09-07 16:18:29] INFO Epoch 005 | val batch=250/307 | elapsed=0.8 min | eta=0.2 min
[2026-09-07 16:18:31] INFO Epoch 005 | val batch=260/307 | elapsed=0.8 min | eta=0.2 min
[2026-09-07 16:18:33] INFO Epoch 005 | val batch=270/307 | elapsed=0.9 min | eta=0.1 min
[2026-09-07 16:18:35] INFO Epoch 005 | val batch=280/307 | elapsed=0.9 min | eta=0.1 min
[2026-09-07 16:18:37] INFO Epoch 005 | val batch=290/307 | elapsed=0.9 min | eta=0.1 min
[2026-09-07 16:18:39] INFO Epoch 005 | val batch=300/307 | elapsed=1.0 min | eta=0.0 min
[2026-09-07 16:18:41] INFO Epoch 005 | val batch=307/307 | elapsed=1.0 min | eta=0.0 min
[2026-09-07 16:18:41] INFO Epoch 005 | train_total=2.281820 | train_relation=2.276325 | train_distill=0.109894 | val_total=2.144088 | val_relation=2.138557 | val_distill=0.110625 | val_anchors=1596400 | val_candidates=21057400 | val_teacher_keff=4.083 | val_student_keff=7.864 | seconds(train/val)=453.43/59.88
[2026-09-07 16:18:41] INFO Checkpoint updated | epoch=5 | best_val_relation=2.138557 | path=C:\Users\clw\projects\researchRep\STAnchor-BlockMemory\artifacts\cross_dataset_t1\pemsbay_head_adapter_seed42\retrieval_t1_best.pt
[2026-09-07 16:18:41] INFO Epoch 006/008 started | train_batches=2262 | val_batches=307
[2026-09-07 16:18:41] INFO Epoch 006 | train batch=1/2262 | elapsed=0.0 min | eta=7.9 min
[2026-09-07 16:18:43] INFO Epoch 006 | train batch=10/2262 | elapsed=0.0 min | eta=7.5 min
[2026-09-07 16:18:45] INFO Epoch 006 | train batch=20/2262 | elapsed=0.1 min | eta=7.5 min
[2026-09-07 16:18:47] INFO Epoch 006 | train batch=30/2262 | elapsed=0.1 min | eta=7.5 min
[2026-09-07 16:18:49] INFO Epoch 006 | train batch=40/2262 | elapsed=0.1 min | eta=7.4 min
[2026-09-07 16:18:51] INFO Epoch 006 | train batch=50/2262 | elapsed=0.2 min | eta=7.4 min
[2026-09-07 16:18:53] INFO Epoch 006 | train batch=60/2262 | elapsed=0.2 min | eta=7.4 min
[2026-09-07 16:18:55] INFO Epoch 006 | train batch=70/2262 | elapsed=0.2 min | eta=7.3 min
[2026-09-07 16:18:57] INFO Epoch 006 | train batch=80/2262 | elapsed=0.3 min | eta=7.3 min
[2026-09-07 16:18:59] INFO Epoch 006 | train batch=90/2262 | elapsed=0.3 min | eta=7.3 min
[2026-09-07 16:19:01] INFO Epoch 006 | train batch=100/2262 | elapsed=0.3 min | eta=7.2 min
[2026-09-07 16:19:03] INFO Epoch 006 | train batch=110/2262 | elapsed=0.4 min | eta=7.2 min
[2026-09-07 16:19:05] INFO Epoch 006 | train batch=120/2262 | elapsed=0.4 min | eta=7.1 min
[2026-09-07 16:19:07] INFO Epoch 006 | train batch=130/2262 | elapsed=0.4 min | eta=7.1 min
[2026-09-07 16:19:09] INFO Epoch 006 | train batch=140/2262 | elapsed=0.5 min | eta=7.1 min
[2026-09-07 16:19:11] INFO Epoch 006 | train batch=150/2262 | elapsed=0.5 min | eta=7.1 min
[2026-09-07 16:19:13] INFO Epoch 006 | train batch=160/2262 | elapsed=0.5 min | eta=7.0 min
[2026-09-07 16:19:15] INFO Epoch 006 | train batch=170/2262 | elapsed=0.6 min | eta=7.0 min
[2026-09-07 16:19:17] INFO Epoch 006 | train batch=180/2262 | elapsed=0.6 min | eta=7.0 min
[2026-09-07 16:19:19] INFO Epoch 006 | train batch=190/2262 | elapsed=0.6 min | eta=6.9 min
[2026-09-07 16:19:21] INFO Epoch 006 | train batch=200/2262 | elapsed=0.7 min | eta=6.9 min
[2026-09-07 16:19:23] INFO Epoch 006 | train batch=210/2262 | elapsed=0.7 min | eta=6.9 min
[2026-09-07 16:19:25] INFO Epoch 006 | train batch=220/2262 | elapsed=0.7 min | eta=6.8 min
[2026-09-07 16:19:27] INFO Epoch 006 | train batch=230/2262 | elapsed=0.8 min | eta=6.8 min
[2026-09-07 16:19:29] INFO Epoch 006 | train batch=240/2262 | elapsed=0.8 min | eta=6.8 min
[2026-09-07 16:19:31] INFO Epoch 006 | train batch=250/2262 | elapsed=0.8 min | eta=6.7 min
[2026-09-07 16:19:33] INFO Epoch 006 | train batch=260/2262 | elapsed=0.9 min | eta=6.7 min
[2026-09-07 16:19:35] INFO Epoch 006 | train batch=270/2262 | elapsed=0.9 min | eta=6.7 min
[2026-09-07 16:19:37] INFO Epoch 006 | train batch=280/2262 | elapsed=0.9 min | eta=6.6 min
[2026-09-07 16:19:39] INFO Epoch 006 | train batch=290/2262 | elapsed=1.0 min | eta=6.6 min
[2026-09-07 16:19:41] INFO Epoch 006 | train batch=300/2262 | elapsed=1.0 min | eta=6.6 min
[2026-09-07 16:19:43] INFO Epoch 006 | train batch=310/2262 | elapsed=1.0 min | eta=6.5 min
[2026-09-07 16:19:45] INFO Epoch 006 | train batch=320/2262 | elapsed=1.1 min | eta=6.5 min
[2026-09-07 16:19:47] INFO Epoch 006 | train batch=330/2262 | elapsed=1.1 min | eta=6.5 min
[2026-09-07 16:19:49] INFO Epoch 006 | train batch=340/2262 | elapsed=1.1 min | eta=6.4 min
[2026-09-07 16:19:51] INFO Epoch 006 | train batch=350/2262 | elapsed=1.2 min | eta=6.4 min
[2026-09-07 16:19:53] INFO Epoch 006 | train batch=360/2262 | elapsed=1.2 min | eta=6.4 min
[2026-09-07 16:19:55] INFO Epoch 006 | train batch=370/2262 | elapsed=1.2 min | eta=6.3 min
[2026-09-07 16:19:57] INFO Epoch 006 | train batch=380/2262 | elapsed=1.3 min | eta=6.3 min
[2026-09-07 16:19:59] INFO Epoch 006 | train batch=390/2262 | elapsed=1.3 min | eta=6.3 min
[2026-09-07 16:20:01] INFO Epoch 006 | train batch=400/2262 | elapsed=1.3 min | eta=6.2 min
[2026-09-07 16:20:03] INFO Epoch 006 | train batch=410/2262 | elapsed=1.4 min | eta=6.2 min
[2026-09-07 16:20:05] INFO Epoch 006 | train batch=420/2262 | elapsed=1.4 min | eta=6.2 min
[2026-09-07 16:20:07] INFO Epoch 006 | train batch=430/2262 | elapsed=1.4 min | eta=6.1 min
[2026-09-07 16:20:09] INFO Epoch 006 | train batch=440/2262 | elapsed=1.5 min | eta=6.1 min
[2026-09-07 16:20:11] INFO Epoch 006 | train batch=450/2262 | elapsed=1.5 min | eta=6.1 min
[2026-09-07 16:20:13] INFO Epoch 006 | train batch=460/2262 | elapsed=1.5 min | eta=6.0 min
[2026-09-07 16:20:15] INFO Epoch 006 | train batch=470/2262 | elapsed=1.6 min | eta=6.0 min
[2026-09-07 16:20:17] INFO Epoch 006 | train batch=480/2262 | elapsed=1.6 min | eta=6.0 min
[2026-09-07 16:20:19] INFO Epoch 006 | train batch=490/2262 | elapsed=1.6 min | eta=5.9 min
[2026-09-07 16:20:21] INFO Epoch 006 | train batch=500/2262 | elapsed=1.7 min | eta=5.9 min
[2026-09-07 16:20:23] INFO Epoch 006 | train batch=510/2262 | elapsed=1.7 min | eta=5.9 min
[2026-09-07 16:20:25] INFO Epoch 006 | train batch=520/2262 | elapsed=1.7 min | eta=5.8 min
[2026-09-07 16:20:27] INFO Epoch 006 | train batch=530/2262 | elapsed=1.8 min | eta=5.8 min
[2026-09-07 16:20:29] INFO Epoch 006 | train batch=540/2262 | elapsed=1.8 min | eta=5.8 min
[2026-09-07 16:20:31] INFO Epoch 006 | train batch=550/2262 | elapsed=1.8 min | eta=5.7 min
[2026-09-07 16:20:33] INFO Epoch 006 | train batch=560/2262 | elapsed=1.9 min | eta=5.7 min
[2026-09-07 16:20:35] INFO Epoch 006 | train batch=570/2262 | elapsed=1.9 min | eta=5.7 min
[2026-09-07 16:20:37] INFO Epoch 006 | train batch=580/2262 | elapsed=1.9 min | eta=5.6 min
[2026-09-07 16:20:39] INFO Epoch 006 | train batch=590/2262 | elapsed=2.0 min | eta=5.6 min
[2026-09-07 16:20:41] INFO Epoch 006 | train batch=600/2262 | elapsed=2.0 min | eta=5.6 min
[2026-09-07 16:20:43] INFO Epoch 006 | train batch=610/2262 | elapsed=2.0 min | eta=5.5 min
[2026-09-07 16:20:45] INFO Epoch 006 | train batch=620/2262 | elapsed=2.1 min | eta=5.5 min
[2026-09-07 16:20:47] INFO Epoch 006 | train batch=630/2262 | elapsed=2.1 min | eta=5.5 min
[2026-09-07 16:20:49] INFO Epoch 006 | train batch=640/2262 | elapsed=2.1 min | eta=5.4 min
[2026-09-07 16:20:51] INFO Epoch 006 | train batch=650/2262 | elapsed=2.2 min | eta=5.4 min
[2026-09-07 16:20:53] INFO Epoch 006 | train batch=660/2262 | elapsed=2.2 min | eta=5.4 min
[2026-09-07 16:20:55] INFO Epoch 006 | train batch=670/2262 | elapsed=2.2 min | eta=5.3 min
[2026-09-07 16:20:57] INFO Epoch 006 | train batch=680/2262 | elapsed=2.3 min | eta=5.3 min
[2026-09-07 16:20:59] INFO Epoch 006 | train batch=690/2262 | elapsed=2.3 min | eta=5.3 min
[2026-09-07 16:21:01] INFO Epoch 006 | train batch=700/2262 | elapsed=2.3 min | eta=5.2 min
[2026-09-07 16:21:03] INFO Epoch 006 | train batch=710/2262 | elapsed=2.4 min | eta=5.2 min
[2026-09-07 16:21:05] INFO Epoch 006 | train batch=720/2262 | elapsed=2.4 min | eta=5.2 min
[2026-09-07 16:21:07] INFO Epoch 006 | train batch=730/2262 | elapsed=2.4 min | eta=5.1 min
[2026-09-07 16:21:09] INFO Epoch 006 | train batch=740/2262 | elapsed=2.5 min | eta=5.1 min
[2026-09-07 16:21:11] INFO Epoch 006 | train batch=750/2262 | elapsed=2.5 min | eta=5.1 min
[2026-09-07 16:21:13] INFO Epoch 006 | train batch=760/2262 | elapsed=2.5 min | eta=5.0 min
[2026-09-07 16:21:15] INFO Epoch 006 | train batch=770/2262 | elapsed=2.6 min | eta=5.0 min
[2026-09-07 16:21:17] INFO Epoch 006 | train batch=780/2262 | elapsed=2.6 min | eta=5.0 min
[2026-09-07 16:21:19] INFO Epoch 006 | train batch=790/2262 | elapsed=2.6 min | eta=4.9 min
[2026-09-07 16:21:21] INFO Epoch 006 | train batch=800/2262 | elapsed=2.7 min | eta=4.9 min
[2026-09-07 16:21:23] INFO Epoch 006 | train batch=810/2262 | elapsed=2.7 min | eta=4.9 min
[2026-09-07 16:21:25] INFO Epoch 006 | train batch=820/2262 | elapsed=2.7 min | eta=4.8 min
[2026-09-07 16:21:27] INFO Epoch 006 | train batch=830/2262 | elapsed=2.8 min | eta=4.8 min
[2026-09-07 16:21:29] INFO Epoch 006 | train batch=840/2262 | elapsed=2.8 min | eta=4.8 min
[2026-09-07 16:21:31] INFO Epoch 006 | train batch=850/2262 | elapsed=2.8 min | eta=4.7 min
[2026-09-07 16:21:33] INFO Epoch 006 | train batch=860/2262 | elapsed=2.9 min | eta=4.7 min
[2026-09-07 16:21:35] INFO Epoch 006 | train batch=870/2262 | elapsed=2.9 min | eta=4.7 min
[2026-09-07 16:21:37] INFO Epoch 006 | train batch=880/2262 | elapsed=2.9 min | eta=4.6 min
[2026-09-07 16:21:39] INFO Epoch 006 | train batch=890/2262 | elapsed=3.0 min | eta=4.6 min
[2026-09-07 16:21:41] INFO Epoch 006 | train batch=900/2262 | elapsed=3.0 min | eta=4.6 min
[2026-09-07 16:21:43] INFO Epoch 006 | train batch=910/2262 | elapsed=3.0 min | eta=4.5 min
[2026-09-07 16:21:45] INFO Epoch 006 | train batch=920/2262 | elapsed=3.1 min | eta=4.5 min
[2026-09-07 16:21:47] INFO Epoch 006 | train batch=930/2262 | elapsed=3.1 min | eta=4.5 min
[2026-09-07 16:21:49] INFO Epoch 006 | train batch=940/2262 | elapsed=3.1 min | eta=4.4 min
[2026-09-07 16:21:51] INFO Epoch 006 | train batch=950/2262 | elapsed=3.2 min | eta=4.4 min
[2026-09-07 16:21:53] INFO Epoch 006 | train batch=960/2262 | elapsed=3.2 min | eta=4.4 min
[2026-09-07 16:21:55] INFO Epoch 006 | train batch=970/2262 | elapsed=3.2 min | eta=4.3 min
[2026-09-07 16:21:57] INFO Epoch 006 | train batch=980/2262 | elapsed=3.3 min | eta=4.3 min
[2026-09-07 16:21:59] INFO Epoch 006 | train batch=990/2262 | elapsed=3.3 min | eta=4.3 min
[2026-09-07 16:22:01] INFO Epoch 006 | train batch=1000/2262 | elapsed=3.3 min | eta=4.2 min
[2026-09-07 16:22:03] INFO Epoch 006 | train batch=1010/2262 | elapsed=3.4 min | eta=4.2 min
[2026-09-07 16:22:05] INFO Epoch 006 | train batch=1020/2262 | elapsed=3.4 min | eta=4.2 min
[2026-09-07 16:22:07] INFO Epoch 006 | train batch=1030/2262 | elapsed=3.4 min | eta=4.1 min
[2026-09-07 16:22:09] INFO Epoch 006 | train batch=1040/2262 | elapsed=3.5 min | eta=4.1 min
[2026-09-07 16:22:11] INFO Epoch 006 | train batch=1050/2262 | elapsed=3.5 min | eta=4.1 min
[2026-09-07 16:22:13] INFO Epoch 006 | train batch=1060/2262 | elapsed=3.5 min | eta=4.0 min
[2026-09-07 16:22:15] INFO Epoch 006 | train batch=1070/2262 | elapsed=3.6 min | eta=4.0 min
[2026-09-07 16:22:17] INFO Epoch 006 | train batch=1080/2262 | elapsed=3.6 min | eta=3.9 min
[2026-09-07 16:22:19] INFO Epoch 006 | train batch=1090/2262 | elapsed=3.6 min | eta=3.9 min
[2026-09-07 16:22:21] INFO Epoch 006 | train batch=1100/2262 | elapsed=3.7 min | eta=3.9 min
[2026-09-07 16:22:23] INFO Epoch 006 | train batch=1110/2262 | elapsed=3.7 min | eta=3.8 min
[2026-09-07 16:22:25] INFO Epoch 006 | train batch=1120/2262 | elapsed=3.7 min | eta=3.8 min
[2026-09-07 16:22:27] INFO Epoch 006 | train batch=1130/2262 | elapsed=3.8 min | eta=3.8 min
[2026-09-07 16:22:29] INFO Epoch 006 | train batch=1140/2262 | elapsed=3.8 min | eta=3.7 min
[2026-09-07 16:22:31] INFO Epoch 006 | train batch=1150/2262 | elapsed=3.8 min | eta=3.7 min
[2026-09-07 16:22:33] INFO Epoch 006 | train batch=1160/2262 | elapsed=3.9 min | eta=3.7 min
[2026-09-07 16:22:35] INFO Epoch 006 | train batch=1170/2262 | elapsed=3.9 min | eta=3.6 min
[2026-09-07 16:22:37] INFO Epoch 006 | train batch=1180/2262 | elapsed=3.9 min | eta=3.6 min
[2026-09-07 16:22:39] INFO Epoch 006 | train batch=1190/2262 | elapsed=4.0 min | eta=3.6 min
[2026-09-07 16:22:41] INFO Epoch 006 | train batch=1200/2262 | elapsed=4.0 min | eta=3.5 min
[2026-09-07 16:22:43] INFO Epoch 006 | train batch=1210/2262 | elapsed=4.0 min | eta=3.5 min
[2026-09-07 16:22:45] INFO Epoch 006 | train batch=1220/2262 | elapsed=4.1 min | eta=3.5 min
[2026-09-07 16:22:47] INFO Epoch 006 | train batch=1230/2262 | elapsed=4.1 min | eta=3.4 min
[2026-09-07 16:22:49] INFO Epoch 006 | train batch=1240/2262 | elapsed=4.1 min | eta=3.4 min
[2026-09-07 16:22:51] INFO Epoch 006 | train batch=1250/2262 | elapsed=4.2 min | eta=3.4 min
[2026-09-07 16:22:53] INFO Epoch 006 | train batch=1260/2262 | elapsed=4.2 min | eta=3.3 min
[2026-09-07 16:22:55] INFO Epoch 006 | train batch=1270/2262 | elapsed=4.2 min | eta=3.3 min
[2026-09-07 16:22:57] INFO Epoch 006 | train batch=1280/2262 | elapsed=4.3 min | eta=3.3 min
[2026-09-07 16:22:59] INFO Epoch 006 | train batch=1290/2262 | elapsed=4.3 min | eta=3.2 min
[2026-09-07 16:23:01] INFO Epoch 006 | train batch=1300/2262 | elapsed=4.3 min | eta=3.2 min
[2026-09-07 16:23:03] INFO Epoch 006 | train batch=1310/2262 | elapsed=4.4 min | eta=3.2 min
[2026-09-07 16:23:05] INFO Epoch 006 | train batch=1320/2262 | elapsed=4.4 min | eta=3.1 min
[2026-09-07 16:23:07] INFO Epoch 006 | train batch=1330/2262 | elapsed=4.4 min | eta=3.1 min
[2026-09-07 16:23:09] INFO Epoch 006 | train batch=1340/2262 | elapsed=4.5 min | eta=3.1 min
[2026-09-07 16:23:11] INFO Epoch 006 | train batch=1350/2262 | elapsed=4.5 min | eta=3.0 min
[2026-09-07 16:23:13] INFO Epoch 006 | train batch=1360/2262 | elapsed=4.5 min | eta=3.0 min
[2026-09-07 16:23:15] INFO Epoch 006 | train batch=1370/2262 | elapsed=4.6 min | eta=3.0 min
[2026-09-07 16:23:17] INFO Epoch 006 | train batch=1380/2262 | elapsed=4.6 min | eta=2.9 min
[2026-09-07 16:23:19] INFO Epoch 006 | train batch=1390/2262 | elapsed=4.6 min | eta=2.9 min
[2026-09-07 16:23:21] INFO Epoch 006 | train batch=1400/2262 | elapsed=4.7 min | eta=2.9 min
[2026-09-07 16:23:23] INFO Epoch 006 | train batch=1410/2262 | elapsed=4.7 min | eta=2.8 min
[2026-09-07 16:23:25] INFO Epoch 006 | train batch=1420/2262 | elapsed=4.7 min | eta=2.8 min
[2026-09-07 16:23:27] INFO Epoch 006 | train batch=1430/2262 | elapsed=4.8 min | eta=2.8 min
[2026-09-07 16:23:29] INFO Epoch 006 | train batch=1440/2262 | elapsed=4.8 min | eta=2.7 min
[2026-09-07 16:23:31] INFO Epoch 006 | train batch=1450/2262 | elapsed=4.8 min | eta=2.7 min
[2026-09-07 16:23:33] INFO Epoch 006 | train batch=1460/2262 | elapsed=4.9 min | eta=2.7 min
[2026-09-07 16:23:35] INFO Epoch 006 | train batch=1470/2262 | elapsed=4.9 min | eta=2.6 min
[2026-09-07 16:23:37] INFO Epoch 006 | train batch=1480/2262 | elapsed=4.9 min | eta=2.6 min
[2026-09-07 16:23:39] INFO Epoch 006 | train batch=1490/2262 | elapsed=5.0 min | eta=2.6 min
[2026-09-07 16:23:41] INFO Epoch 006 | train batch=1500/2262 | elapsed=5.0 min | eta=2.5 min
[2026-09-07 16:23:43] INFO Epoch 006 | train batch=1510/2262 | elapsed=5.0 min | eta=2.5 min
[2026-09-07 16:23:45] INFO Epoch 006 | train batch=1520/2262 | elapsed=5.1 min | eta=2.5 min
[2026-09-07 16:23:47] INFO Epoch 006 | train batch=1530/2262 | elapsed=5.1 min | eta=2.4 min
[2026-09-07 16:23:49] INFO Epoch 006 | train batch=1540/2262 | elapsed=5.1 min | eta=2.4 min
[2026-09-07 16:23:51] INFO Epoch 006 | train batch=1550/2262 | elapsed=5.2 min | eta=2.4 min
[2026-09-07 16:23:53] INFO Epoch 006 | train batch=1560/2262 | elapsed=5.2 min | eta=2.3 min
[2026-09-07 16:23:55] INFO Epoch 006 | train batch=1570/2262 | elapsed=5.2 min | eta=2.3 min
[2026-09-07 16:23:57] INFO Epoch 006 | train batch=1580/2262 | elapsed=5.3 min | eta=2.3 min
[2026-09-07 16:23:59] INFO Epoch 006 | train batch=1590/2262 | elapsed=5.3 min | eta=2.2 min
[2026-09-07 16:24:01] INFO Epoch 006 | train batch=1600/2262 | elapsed=5.3 min | eta=2.2 min
[2026-09-07 16:24:03] INFO Epoch 006 | train batch=1610/2262 | elapsed=5.4 min | eta=2.2 min
[2026-09-07 16:24:05] INFO Epoch 006 | train batch=1620/2262 | elapsed=5.4 min | eta=2.1 min
[2026-09-07 16:24:07] INFO Epoch 006 | train batch=1630/2262 | elapsed=5.4 min | eta=2.1 min
[2026-09-07 16:24:09] INFO Epoch 006 | train batch=1640/2262 | elapsed=5.5 min | eta=2.1 min
[2026-09-07 16:24:11] INFO Epoch 006 | train batch=1650/2262 | elapsed=5.5 min | eta=2.0 min
[2026-09-07 16:24:13] INFO Epoch 006 | train batch=1660/2262 | elapsed=5.5 min | eta=2.0 min
[2026-09-07 16:24:15] INFO Epoch 006 | train batch=1670/2262 | elapsed=5.6 min | eta=2.0 min
[2026-09-07 16:24:17] INFO Epoch 006 | train batch=1680/2262 | elapsed=5.6 min | eta=1.9 min
[2026-09-07 16:24:19] INFO Epoch 006 | train batch=1690/2262 | elapsed=5.6 min | eta=1.9 min
[2026-09-07 16:24:21] INFO Epoch 006 | train batch=1700/2262 | elapsed=5.7 min | eta=1.9 min
[2026-09-07 16:24:23] INFO Epoch 006 | train batch=1710/2262 | elapsed=5.7 min | eta=1.8 min
[2026-09-07 16:24:25] INFO Epoch 006 | train batch=1720/2262 | elapsed=5.7 min | eta=1.8 min
[2026-09-07 16:24:27] INFO Epoch 006 | train batch=1730/2262 | elapsed=5.8 min | eta=1.8 min
[2026-09-07 16:24:29] INFO Epoch 006 | train batch=1740/2262 | elapsed=5.8 min | eta=1.7 min
[2026-09-07 16:24:31] INFO Epoch 006 | train batch=1750/2262 | elapsed=5.8 min | eta=1.7 min
[2026-09-07 16:24:33] INFO Epoch 006 | train batch=1760/2262 | elapsed=5.9 min | eta=1.7 min
[2026-09-07 16:24:35] INFO Epoch 006 | train batch=1770/2262 | elapsed=5.9 min | eta=1.6 min
[2026-09-07 16:24:37] INFO Epoch 006 | train batch=1780/2262 | elapsed=5.9 min | eta=1.6 min
[2026-09-07 16:24:39] INFO Epoch 006 | train batch=1790/2262 | elapsed=6.0 min | eta=1.6 min
[2026-09-07 16:24:41] INFO Epoch 006 | train batch=1800/2262 | elapsed=6.0 min | eta=1.5 min
[2026-09-07 16:24:43] INFO Epoch 006 | train batch=1810/2262 | elapsed=6.0 min | eta=1.5 min
[2026-09-07 16:24:45] INFO Epoch 006 | train batch=1820/2262 | elapsed=6.1 min | eta=1.5 min
[2026-09-07 16:24:47] INFO Epoch 006 | train batch=1830/2262 | elapsed=6.1 min | eta=1.4 min
[2026-09-07 16:24:49] INFO Epoch 006 | train batch=1840/2262 | elapsed=6.1 min | eta=1.4 min
[2026-09-07 16:24:51] INFO Epoch 006 | train batch=1850/2262 | elapsed=6.2 min | eta=1.4 min
[2026-09-07 16:24:53] INFO Epoch 006 | train batch=1860/2262 | elapsed=6.2 min | eta=1.3 min
[2026-09-07 16:24:55] INFO Epoch 006 | train batch=1870/2262 | elapsed=6.2 min | eta=1.3 min
[2026-09-07 16:24:57] INFO Epoch 006 | train batch=1880/2262 | elapsed=6.3 min | eta=1.3 min
[2026-09-07 16:24:59] INFO Epoch 006 | train batch=1890/2262 | elapsed=6.3 min | eta=1.2 min
[2026-09-07 16:25:01] INFO Epoch 006 | train batch=1900/2262 | elapsed=6.3 min | eta=1.2 min
[2026-09-07 16:25:03] INFO Epoch 006 | train batch=1910/2262 | elapsed=6.4 min | eta=1.2 min
[2026-09-07 16:25:05] INFO Epoch 006 | train batch=1920/2262 | elapsed=6.4 min | eta=1.1 min
[2026-09-07 16:25:07] INFO Epoch 006 | train batch=1930/2262 | elapsed=6.4 min | eta=1.1 min
[2026-09-07 16:25:09] INFO Epoch 006 | train batch=1940/2262 | elapsed=6.5 min | eta=1.1 min
[2026-09-07 16:25:11] INFO Epoch 006 | train batch=1950/2262 | elapsed=6.5 min | eta=1.0 min
[2026-09-07 16:25:13] INFO Epoch 006 | train batch=1960/2262 | elapsed=6.5 min | eta=1.0 min
[2026-09-07 16:25:15] INFO Epoch 006 | train batch=1970/2262 | elapsed=6.6 min | eta=1.0 min
[2026-09-07 16:25:17] INFO Epoch 006 | train batch=1980/2262 | elapsed=6.6 min | eta=0.9 min
[2026-09-07 16:25:20] INFO Epoch 006 | train batch=1990/2262 | elapsed=6.6 min | eta=0.9 min
[2026-09-07 16:25:22] INFO Epoch 006 | train batch=2000/2262 | elapsed=6.7 min | eta=0.9 min
[2026-09-07 16:25:24] INFO Epoch 006 | train batch=2010/2262 | elapsed=6.7 min | eta=0.8 min
[2026-09-07 16:25:26] INFO Epoch 006 | train batch=2020/2262 | elapsed=6.7 min | eta=0.8 min
[2026-09-07 16:25:28] INFO Epoch 006 | train batch=2030/2262 | elapsed=6.8 min | eta=0.8 min
[2026-09-07 16:25:30] INFO Epoch 006 | train batch=2040/2262 | elapsed=6.8 min | eta=0.7 min
[2026-09-07 16:25:32] INFO Epoch 006 | train batch=2050/2262 | elapsed=6.8 min | eta=0.7 min
[2026-09-07 16:25:34] INFO Epoch 006 | train batch=2060/2262 | elapsed=6.9 min | eta=0.7 min
[2026-09-07 16:25:36] INFO Epoch 006 | train batch=2070/2262 | elapsed=6.9 min | eta=0.6 min
[2026-09-07 16:25:38] INFO Epoch 006 | train batch=2080/2262 | elapsed=6.9 min | eta=0.6 min
[2026-09-07 16:25:40] INFO Epoch 006 | train batch=2090/2262 | elapsed=7.0 min | eta=0.6 min
[2026-09-07 16:25:42] INFO Epoch 006 | train batch=2100/2262 | elapsed=7.0 min | eta=0.5 min
[2026-09-07 16:25:44] INFO Epoch 006 | train batch=2110/2262 | elapsed=7.0 min | eta=0.5 min
[2026-09-07 16:25:46] INFO Epoch 006 | train batch=2120/2262 | elapsed=7.1 min | eta=0.5 min
[2026-09-07 16:25:48] INFO Epoch 006 | train batch=2130/2262 | elapsed=7.1 min | eta=0.4 min
[2026-09-07 16:25:50] INFO Epoch 006 | train batch=2140/2262 | elapsed=7.1 min | eta=0.4 min
[2026-09-07 16:25:52] INFO Epoch 006 | train batch=2150/2262 | elapsed=7.2 min | eta=0.4 min
[2026-09-07 16:25:54] INFO Epoch 006 | train batch=2160/2262 | elapsed=7.2 min | eta=0.3 min
[2026-09-07 16:25:56] INFO Epoch 006 | train batch=2170/2262 | elapsed=7.2 min | eta=0.3 min
[2026-09-07 16:25:58] INFO Epoch 006 | train batch=2180/2262 | elapsed=7.3 min | eta=0.3 min
[2026-09-07 16:26:00] INFO Epoch 006 | train batch=2190/2262 | elapsed=7.3 min | eta=0.2 min
[2026-09-07 16:26:02] INFO Epoch 006 | train batch=2200/2262 | elapsed=7.3 min | eta=0.2 min
[2026-09-07 16:26:04] INFO Epoch 006 | train batch=2210/2262 | elapsed=7.4 min | eta=0.2 min
[2026-09-07 16:26:06] INFO Epoch 006 | train batch=2220/2262 | elapsed=7.4 min | eta=0.1 min
[2026-09-07 16:26:08] INFO Epoch 006 | train batch=2230/2262 | elapsed=7.4 min | eta=0.1 min
[2026-09-07 16:26:10] INFO Epoch 006 | train batch=2240/2262 | elapsed=7.5 min | eta=0.1 min
[2026-09-07 16:26:12] INFO Epoch 006 | train batch=2250/2262 | elapsed=7.5 min | eta=0.0 min
[2026-09-07 16:26:14] INFO Epoch 006 | train batch=2260/2262 | elapsed=7.5 min | eta=0.0 min
[2026-09-07 16:26:14] INFO Epoch 006 | train batch=2262/2262 | elapsed=7.6 min | eta=0.0 min
[2026-09-07 16:26:14] INFO Epoch 006 | val batch=1/307 | elapsed=0.0 min | eta=1.0 min
[2026-09-07 16:26:16] INFO Epoch 006 | val batch=10/307 | elapsed=0.0 min | eta=1.0 min
[2026-09-07 16:26:18] INFO Epoch 006 | val batch=20/307 | elapsed=0.1 min | eta=0.9 min
[2026-09-07 16:26:20] INFO Epoch 006 | val batch=30/307 | elapsed=0.1 min | eta=0.9 min
[2026-09-07 16:26:22] INFO Epoch 006 | val batch=40/307 | elapsed=0.1 min | eta=0.9 min
[2026-09-07 16:26:24] INFO Epoch 006 | val batch=50/307 | elapsed=0.2 min | eta=0.8 min
[2026-09-07 16:26:26] INFO Epoch 006 | val batch=60/307 | elapsed=0.2 min | eta=0.8 min
[2026-09-07 16:26:28] INFO Epoch 006 | val batch=70/307 | elapsed=0.2 min | eta=0.8 min
[2026-09-07 16:26:29] INFO Epoch 006 | val batch=80/307 | elapsed=0.3 min | eta=0.7 min
[2026-09-07 16:26:31] INFO Epoch 006 | val batch=90/307 | elapsed=0.3 min | eta=0.7 min
[2026-09-07 16:26:33] INFO Epoch 006 | val batch=100/307 | elapsed=0.3 min | eta=0.7 min
[2026-09-07 16:26:35] INFO Epoch 006 | val batch=110/307 | elapsed=0.4 min | eta=0.6 min
[2026-09-07 16:26:37] INFO Epoch 006 | val batch=120/307 | elapsed=0.4 min | eta=0.6 min
[2026-09-07 16:26:39] INFO Epoch 006 | val batch=130/307 | elapsed=0.4 min | eta=0.6 min
[2026-09-07 16:26:41] INFO Epoch 006 | val batch=140/307 | elapsed=0.5 min | eta=0.5 min
[2026-09-07 16:26:43] INFO Epoch 006 | val batch=150/307 | elapsed=0.5 min | eta=0.5 min
[2026-09-07 16:26:45] INFO Epoch 006 | val batch=160/307 | elapsed=0.5 min | eta=0.5 min
[2026-09-07 16:26:47] INFO Epoch 006 | val batch=170/307 | elapsed=0.6 min | eta=0.4 min
[2026-09-07 16:26:49] INFO Epoch 006 | val batch=180/307 | elapsed=0.6 min | eta=0.4 min
[2026-09-07 16:26:51] INFO Epoch 006 | val batch=190/307 | elapsed=0.6 min | eta=0.4 min
[2026-09-07 16:26:53] INFO Epoch 006 | val batch=200/307 | elapsed=0.7 min | eta=0.3 min
[2026-09-07 16:26:55] INFO Epoch 006 | val batch=210/307 | elapsed=0.7 min | eta=0.3 min
[2026-09-07 16:26:57] INFO Epoch 006 | val batch=220/307 | elapsed=0.7 min | eta=0.3 min
[2026-09-07 16:26:59] INFO Epoch 006 | val batch=230/307 | elapsed=0.7 min | eta=0.3 min
[2026-09-07 16:27:01] INFO Epoch 006 | val batch=240/307 | elapsed=0.8 min | eta=0.2 min
[2026-09-07 16:27:03] INFO Epoch 006 | val batch=250/307 | elapsed=0.8 min | eta=0.2 min
[2026-09-07 16:27:05] INFO Epoch 006 | val batch=260/307 | elapsed=0.8 min | eta=0.2 min
[2026-09-07 16:27:07] INFO Epoch 006 | val batch=270/307 | elapsed=0.9 min | eta=0.1 min
[2026-09-07 16:27:09] INFO Epoch 006 | val batch=280/307 | elapsed=0.9 min | eta=0.1 min
[2026-09-07 16:27:10] INFO Epoch 006 | val batch=290/307 | elapsed=0.9 min | eta=0.1 min
[2026-09-07 16:27:12] INFO Epoch 006 | val batch=300/307 | elapsed=1.0 min | eta=0.0 min
[2026-09-07 16:27:14] INFO Epoch 006 | val batch=307/307 | elapsed=1.0 min | eta=0.0 min
[2026-09-07 16:27:14] INFO Epoch 006 | train_total=2.277342 | train_relation=2.271766 | train_distill=0.111514 | val_total=2.144870 | val_relation=2.139266 | val_distill=0.112066 | val_anchors=1596400 | val_candidates=21057400 | val_teacher_keff=4.083 | val_student_keff=7.762 | seconds(train/val)=453.19/59.93
[2026-09-07 16:27:14] INFO Epoch 007/008 started | train_batches=2262 | val_batches=307
[2026-09-07 16:27:14] INFO Epoch 007 | train batch=1/2262 | elapsed=0.0 min | eta=7.7 min
[2026-09-07 16:27:16] INFO Epoch 007 | train batch=10/2262 | elapsed=0.0 min | eta=7.5 min
[2026-09-07 16:27:18] INFO Epoch 007 | train batch=20/2262 | elapsed=0.1 min | eta=7.5 min
[2026-09-07 16:27:20] INFO Epoch 007 | train batch=30/2262 | elapsed=0.1 min | eta=7.5 min
[2026-09-07 16:27:22] INFO Epoch 007 | train batch=40/2262 | elapsed=0.1 min | eta=7.4 min
[2026-09-07 16:27:24] INFO Epoch 007 | train batch=50/2262 | elapsed=0.2 min | eta=7.4 min
[2026-09-07 16:27:26] INFO Epoch 007 | train batch=60/2262 | elapsed=0.2 min | eta=7.4 min
[2026-09-07 16:27:28] INFO Epoch 007 | train batch=70/2262 | elapsed=0.2 min | eta=7.3 min
[2026-09-07 16:27:30] INFO Epoch 007 | train batch=80/2262 | elapsed=0.3 min | eta=7.3 min
[2026-09-07 16:27:32] INFO Epoch 007 | train batch=90/2262 | elapsed=0.3 min | eta=7.3 min
[2026-09-07 16:27:34] INFO Epoch 007 | train batch=100/2262 | elapsed=0.3 min | eta=7.2 min
[2026-09-07 16:27:36] INFO Epoch 007 | train batch=110/2262 | elapsed=0.4 min | eta=7.2 min
[2026-09-07 16:27:38] INFO Epoch 007 | train batch=120/2262 | elapsed=0.4 min | eta=7.2 min
[2026-09-07 16:27:40] INFO Epoch 007 | train batch=130/2262 | elapsed=0.4 min | eta=7.1 min
[2026-09-07 16:27:42] INFO Epoch 007 | train batch=140/2262 | elapsed=0.5 min | eta=7.1 min
[2026-09-07 16:27:44] INFO Epoch 007 | train batch=150/2262 | elapsed=0.5 min | eta=7.1 min
[2026-09-07 16:27:46] INFO Epoch 007 | train batch=160/2262 | elapsed=0.5 min | eta=7.0 min
[2026-09-07 16:27:48] INFO Epoch 007 | train batch=170/2262 | elapsed=0.6 min | eta=7.0 min
[2026-09-07 16:27:50] INFO Epoch 007 | train batch=180/2262 | elapsed=0.6 min | eta=7.0 min
[2026-09-07 16:27:52] INFO Epoch 007 | train batch=190/2262 | elapsed=0.6 min | eta=6.9 min
[2026-09-07 16:27:54] INFO Epoch 007 | train batch=200/2262 | elapsed=0.7 min | eta=6.9 min
[2026-09-07 16:27:56] INFO Epoch 007 | train batch=210/2262 | elapsed=0.7 min | eta=6.9 min
[2026-09-07 16:27:58] INFO Epoch 007 | train batch=220/2262 | elapsed=0.7 min | eta=6.8 min
[2026-09-07 16:28:00] INFO Epoch 007 | train batch=230/2262 | elapsed=0.8 min | eta=6.8 min
[2026-09-07 16:28:02] INFO Epoch 007 | train batch=240/2262 | elapsed=0.8 min | eta=6.8 min
[2026-09-07 16:28:04] INFO Epoch 007 | train batch=250/2262 | elapsed=0.8 min | eta=6.7 min
[2026-09-07 16:28:06] INFO Epoch 007 | train batch=260/2262 | elapsed=0.9 min | eta=6.7 min
[2026-09-07 16:28:08] INFO Epoch 007 | train batch=270/2262 | elapsed=0.9 min | eta=6.7 min
[2026-09-07 16:28:10] INFO Epoch 007 | train batch=280/2262 | elapsed=0.9 min | eta=6.6 min
[2026-09-07 16:28:12] INFO Epoch 007 | train batch=290/2262 | elapsed=1.0 min | eta=6.6 min
[2026-09-07 16:28:14] INFO Epoch 007 | train batch=300/2262 | elapsed=1.0 min | eta=6.6 min
[2026-09-07 16:28:16] INFO Epoch 007 | train batch=310/2262 | elapsed=1.0 min | eta=6.5 min
[2026-09-07 16:28:18] INFO Epoch 007 | train batch=320/2262 | elapsed=1.1 min | eta=6.5 min
[2026-09-07 16:28:20] INFO Epoch 007 | train batch=330/2262 | elapsed=1.1 min | eta=6.5 min
[2026-09-07 16:28:22] INFO Epoch 007 | train batch=340/2262 | elapsed=1.1 min | eta=6.4 min
[2026-09-07 16:28:24] INFO Epoch 007 | train batch=350/2262 | elapsed=1.2 min | eta=6.4 min
[2026-09-07 16:28:26] INFO Epoch 007 | train batch=360/2262 | elapsed=1.2 min | eta=6.4 min
[2026-09-07 16:28:28] INFO Epoch 007 | train batch=370/2262 | elapsed=1.2 min | eta=6.3 min
[2026-09-07 16:28:30] INFO Epoch 007 | train batch=380/2262 | elapsed=1.3 min | eta=6.3 min
[2026-09-07 16:28:32] INFO Epoch 007 | train batch=390/2262 | elapsed=1.3 min | eta=6.3 min
[2026-09-07 16:28:34] INFO Epoch 007 | train batch=400/2262 | elapsed=1.3 min | eta=6.2 min
[2026-09-07 16:28:36] INFO Epoch 007 | train batch=410/2262 | elapsed=1.4 min | eta=6.2 min
[2026-09-07 16:28:38] INFO Epoch 007 | train batch=420/2262 | elapsed=1.4 min | eta=6.2 min
[2026-09-07 16:28:40] INFO Epoch 007 | train batch=430/2262 | elapsed=1.4 min | eta=6.1 min
[2026-09-07 16:28:42] INFO Epoch 007 | train batch=440/2262 | elapsed=1.5 min | eta=6.1 min
[2026-09-07 16:28:44] INFO Epoch 007 | train batch=450/2262 | elapsed=1.5 min | eta=6.1 min
[2026-09-07 16:28:46] INFO Epoch 007 | train batch=460/2262 | elapsed=1.5 min | eta=6.0 min
[2026-09-07 16:28:48] INFO Epoch 007 | train batch=470/2262 | elapsed=1.6 min | eta=6.0 min
[2026-09-07 16:28:50] INFO Epoch 007 | train batch=480/2262 | elapsed=1.6 min | eta=6.0 min
[2026-09-07 16:28:52] INFO Epoch 007 | train batch=490/2262 | elapsed=1.6 min | eta=5.9 min
[2026-09-07 16:28:54] INFO Epoch 007 | train batch=500/2262 | elapsed=1.7 min | eta=5.9 min
[2026-09-07 16:28:56] INFO Epoch 007 | train batch=510/2262 | elapsed=1.7 min | eta=5.9 min
[2026-09-07 16:28:58] INFO Epoch 007 | train batch=520/2262 | elapsed=1.7 min | eta=5.8 min
[2026-09-07 16:29:00] INFO Epoch 007 | train batch=530/2262 | elapsed=1.8 min | eta=5.8 min
[2026-09-07 16:29:02] INFO Epoch 007 | train batch=540/2262 | elapsed=1.8 min | eta=5.8 min
[2026-09-07 16:29:04] INFO Epoch 007 | train batch=550/2262 | elapsed=1.8 min | eta=5.7 min
[2026-09-07 16:29:06] INFO Epoch 007 | train batch=560/2262 | elapsed=1.9 min | eta=5.7 min
[2026-09-07 16:29:08] INFO Epoch 007 | train batch=570/2262 | elapsed=1.9 min | eta=5.7 min
[2026-09-07 16:29:10] INFO Epoch 007 | train batch=580/2262 | elapsed=1.9 min | eta=5.6 min
[2026-09-07 16:29:12] INFO Epoch 007 | train batch=590/2262 | elapsed=2.0 min | eta=5.6 min
[2026-09-07 16:29:14] INFO Epoch 007 | train batch=600/2262 | elapsed=2.0 min | eta=5.6 min
[2026-09-07 16:29:16] INFO Epoch 007 | train batch=610/2262 | elapsed=2.0 min | eta=5.5 min
[2026-09-07 16:29:18] INFO Epoch 007 | train batch=620/2262 | elapsed=2.1 min | eta=5.5 min
[2026-09-07 16:29:20] INFO Epoch 007 | train batch=630/2262 | elapsed=2.1 min | eta=5.5 min
[2026-09-07 16:29:22] INFO Epoch 007 | train batch=640/2262 | elapsed=2.1 min | eta=5.4 min
[2026-09-07 16:29:24] INFO Epoch 007 | train batch=650/2262 | elapsed=2.2 min | eta=5.4 min
[2026-09-07 16:29:26] INFO Epoch 007 | train batch=660/2262 | elapsed=2.2 min | eta=5.4 min
[2026-09-07 16:29:28] INFO Epoch 007 | train batch=670/2262 | elapsed=2.2 min | eta=5.3 min
[2026-09-07 16:29:30] INFO Epoch 007 | train batch=680/2262 | elapsed=2.3 min | eta=5.3 min
[2026-09-07 16:29:32] INFO Epoch 007 | train batch=690/2262 | elapsed=2.3 min | eta=5.3 min
[2026-09-07 16:29:34] INFO Epoch 007 | train batch=700/2262 | elapsed=2.3 min | eta=5.2 min
[2026-09-07 16:29:36] INFO Epoch 007 | train batch=710/2262 | elapsed=2.4 min | eta=5.2 min
[2026-09-07 16:29:38] INFO Epoch 007 | train batch=720/2262 | elapsed=2.4 min | eta=5.2 min
[2026-09-07 16:29:40] INFO Epoch 007 | train batch=730/2262 | elapsed=2.4 min | eta=5.1 min
[2026-09-07 16:29:42] INFO Epoch 007 | train batch=740/2262 | elapsed=2.5 min | eta=5.1 min
[2026-09-07 16:29:44] INFO Epoch 007 | train batch=750/2262 | elapsed=2.5 min | eta=5.1 min
[2026-09-07 16:29:46] INFO Epoch 007 | train batch=760/2262 | elapsed=2.5 min | eta=5.0 min
[2026-09-07 16:29:48] INFO Epoch 007 | train batch=770/2262 | elapsed=2.6 min | eta=5.0 min
[2026-09-07 16:29:50] INFO Epoch 007 | train batch=780/2262 | elapsed=2.6 min | eta=5.0 min
[2026-09-07 16:29:52] INFO Epoch 007 | train batch=790/2262 | elapsed=2.6 min | eta=4.9 min
[2026-09-07 16:29:54] INFO Epoch 007 | train batch=800/2262 | elapsed=2.7 min | eta=4.9 min
[2026-09-07 16:29:56] INFO Epoch 007 | train batch=810/2262 | elapsed=2.7 min | eta=4.9 min
[2026-09-07 16:29:58] INFO Epoch 007 | train batch=820/2262 | elapsed=2.7 min | eta=4.8 min
[2026-09-07 16:30:00] INFO Epoch 007 | train batch=830/2262 | elapsed=2.8 min | eta=4.8 min
[2026-09-07 16:30:02] INFO Epoch 007 | train batch=840/2262 | elapsed=2.8 min | eta=4.8 min
[2026-09-07 16:30:04] INFO Epoch 007 | train batch=850/2262 | elapsed=2.8 min | eta=4.7 min
[2026-09-07 16:30:06] INFO Epoch 007 | train batch=860/2262 | elapsed=2.9 min | eta=4.7 min
[2026-09-07 16:30:08] INFO Epoch 007 | train batch=870/2262 | elapsed=2.9 min | eta=4.7 min
[2026-09-07 16:30:10] INFO Epoch 007 | train batch=880/2262 | elapsed=2.9 min | eta=4.6 min
[2026-09-07 16:30:12] INFO Epoch 007 | train batch=890/2262 | elapsed=3.0 min | eta=4.6 min
[2026-09-07 16:30:14] INFO Epoch 007 | train batch=900/2262 | elapsed=3.0 min | eta=4.6 min
[2026-09-07 16:30:16] INFO Epoch 007 | train batch=910/2262 | elapsed=3.0 min | eta=4.5 min
[2026-09-07 16:30:18] INFO Epoch 007 | train batch=920/2262 | elapsed=3.1 min | eta=4.5 min
[2026-09-07 16:30:20] INFO Epoch 007 | train batch=930/2262 | elapsed=3.1 min | eta=4.5 min
[2026-09-07 16:30:22] INFO Epoch 007 | train batch=940/2262 | elapsed=3.1 min | eta=4.4 min
[2026-09-07 16:30:24] INFO Epoch 007 | train batch=950/2262 | elapsed=3.2 min | eta=4.4 min
[2026-09-07 16:30:26] INFO Epoch 007 | train batch=960/2262 | elapsed=3.2 min | eta=4.4 min
[2026-09-07 16:30:28] INFO Epoch 007 | train batch=970/2262 | elapsed=3.2 min | eta=4.3 min
[2026-09-07 16:30:30] INFO Epoch 007 | train batch=980/2262 | elapsed=3.3 min | eta=4.3 min
[2026-09-07 16:30:32] INFO Epoch 007 | train batch=990/2262 | elapsed=3.3 min | eta=4.3 min
[2026-09-07 16:30:34] INFO Epoch 007 | train batch=1000/2262 | elapsed=3.3 min | eta=4.2 min
[2026-09-07 16:30:36] INFO Epoch 007 | train batch=1010/2262 | elapsed=3.4 min | eta=4.2 min
[2026-09-07 16:30:38] INFO Epoch 007 | train batch=1020/2262 | elapsed=3.4 min | eta=4.1 min
[2026-09-07 16:30:40] INFO Epoch 007 | train batch=1030/2262 | elapsed=3.4 min | eta=4.1 min
[2026-09-07 16:30:42] INFO Epoch 007 | train batch=1040/2262 | elapsed=3.5 min | eta=4.1 min
[2026-09-07 16:30:44] INFO Epoch 007 | train batch=1050/2262 | elapsed=3.5 min | eta=4.0 min
[2026-09-07 16:30:46] INFO Epoch 007 | train batch=1060/2262 | elapsed=3.5 min | eta=4.0 min
[2026-09-07 16:30:48] INFO Epoch 007 | train batch=1070/2262 | elapsed=3.6 min | eta=4.0 min
[2026-09-07 16:30:50] INFO Epoch 007 | train batch=1080/2262 | elapsed=3.6 min | eta=3.9 min
[2026-09-07 16:30:52] INFO Epoch 007 | train batch=1090/2262 | elapsed=3.6 min | eta=3.9 min
[2026-09-07 16:30:54] INFO Epoch 007 | train batch=1100/2262 | elapsed=3.7 min | eta=3.9 min
[2026-09-07 16:30:56] INFO Epoch 007 | train batch=1110/2262 | elapsed=3.7 min | eta=3.8 min
[2026-09-07 16:30:58] INFO Epoch 007 | train batch=1120/2262 | elapsed=3.7 min | eta=3.8 min
[2026-09-07 16:31:00] INFO Epoch 007 | train batch=1130/2262 | elapsed=3.8 min | eta=3.8 min
[2026-09-07 16:31:02] INFO Epoch 007 | train batch=1140/2262 | elapsed=3.8 min | eta=3.7 min
[2026-09-07 16:31:04] INFO Epoch 007 | train batch=1150/2262 | elapsed=3.8 min | eta=3.7 min
[2026-09-07 16:31:06] INFO Epoch 007 | train batch=1160/2262 | elapsed=3.9 min | eta=3.7 min
[2026-09-07 16:31:08] INFO Epoch 007 | train batch=1170/2262 | elapsed=3.9 min | eta=3.6 min
[2026-09-07 16:31:10] INFO Epoch 007 | train batch=1180/2262 | elapsed=3.9 min | eta=3.6 min
[2026-09-07 16:31:12] INFO Epoch 007 | train batch=1190/2262 | elapsed=4.0 min | eta=3.6 min
[2026-09-07 16:31:14] INFO Epoch 007 | train batch=1200/2262 | elapsed=4.0 min | eta=3.5 min
[2026-09-07 16:31:16] INFO Epoch 007 | train batch=1210/2262 | elapsed=4.0 min | eta=3.5 min
[2026-09-07 16:31:18] INFO Epoch 007 | train batch=1220/2262 | elapsed=4.1 min | eta=3.5 min
[2026-09-07 16:31:20] INFO Epoch 007 | train batch=1230/2262 | elapsed=4.1 min | eta=3.4 min
[2026-09-07 16:31:22] INFO Epoch 007 | train batch=1240/2262 | elapsed=4.1 min | eta=3.4 min
[2026-09-07 16:31:24] INFO Epoch 007 | train batch=1250/2262 | elapsed=4.2 min | eta=3.4 min
[2026-09-07 16:31:26] INFO Epoch 007 | train batch=1260/2262 | elapsed=4.2 min | eta=3.3 min
[2026-09-07 16:31:28] INFO Epoch 007 | train batch=1270/2262 | elapsed=4.2 min | eta=3.3 min
[2026-09-07 16:31:30] INFO Epoch 007 | train batch=1280/2262 | elapsed=4.3 min | eta=3.3 min
[2026-09-07 16:31:32] INFO Epoch 007 | train batch=1290/2262 | elapsed=4.3 min | eta=3.2 min
[2026-09-07 16:31:34] INFO Epoch 007 | train batch=1300/2262 | elapsed=4.3 min | eta=3.2 min
[2026-09-07 16:31:36] INFO Epoch 007 | train batch=1310/2262 | elapsed=4.4 min | eta=3.2 min
[2026-09-07 16:31:38] INFO Epoch 007 | train batch=1320/2262 | elapsed=4.4 min | eta=3.1 min
[2026-09-07 16:31:40] INFO Epoch 007 | train batch=1330/2262 | elapsed=4.4 min | eta=3.1 min
[2026-09-07 16:31:42] INFO Epoch 007 | train batch=1340/2262 | elapsed=4.5 min | eta=3.1 min
[2026-09-07 16:31:44] INFO Epoch 007 | train batch=1350/2262 | elapsed=4.5 min | eta=3.0 min
[2026-09-07 16:31:46] INFO Epoch 007 | train batch=1360/2262 | elapsed=4.5 min | eta=3.0 min
[2026-09-07 16:31:48] INFO Epoch 007 | train batch=1370/2262 | elapsed=4.6 min | eta=3.0 min
[2026-09-07 16:31:50] INFO Epoch 007 | train batch=1380/2262 | elapsed=4.6 min | eta=2.9 min
[2026-09-07 16:31:52] INFO Epoch 007 | train batch=1390/2262 | elapsed=4.6 min | eta=2.9 min
[2026-09-07 16:31:54] INFO Epoch 007 | train batch=1400/2262 | elapsed=4.7 min | eta=2.9 min
[2026-09-07 16:31:56] INFO Epoch 007 | train batch=1410/2262 | elapsed=4.7 min | eta=2.8 min
[2026-09-07 16:31:58] INFO Epoch 007 | train batch=1420/2262 | elapsed=4.7 min | eta=2.8 min
[2026-09-07 16:32:00] INFO Epoch 007 | train batch=1430/2262 | elapsed=4.8 min | eta=2.8 min
[2026-09-07 16:32:02] INFO Epoch 007 | train batch=1440/2262 | elapsed=4.8 min | eta=2.7 min
[2026-09-07 16:32:04] INFO Epoch 007 | train batch=1450/2262 | elapsed=4.8 min | eta=2.7 min
[2026-09-07 16:32:06] INFO Epoch 007 | train batch=1460/2262 | elapsed=4.9 min | eta=2.7 min
[2026-09-07 16:32:08] INFO Epoch 007 | train batch=1470/2262 | elapsed=4.9 min | eta=2.6 min
[2026-09-07 16:32:10] INFO Epoch 007 | train batch=1480/2262 | elapsed=4.9 min | eta=2.6 min
[2026-09-07 16:32:12] INFO Epoch 007 | train batch=1490/2262 | elapsed=5.0 min | eta=2.6 min
[2026-09-07 16:32:14] INFO Epoch 007 | train batch=1500/2262 | elapsed=5.0 min | eta=2.5 min
[2026-09-07 16:32:16] INFO Epoch 007 | train batch=1510/2262 | elapsed=5.0 min | eta=2.5 min
[2026-09-07 16:32:18] INFO Epoch 007 | train batch=1520/2262 | elapsed=5.1 min | eta=2.5 min
[2026-09-07 16:32:20] INFO Epoch 007 | train batch=1530/2262 | elapsed=5.1 min | eta=2.4 min
[2026-09-07 16:32:22] INFO Epoch 007 | train batch=1540/2262 | elapsed=5.1 min | eta=2.4 min
[2026-09-07 16:32:24] INFO Epoch 007 | train batch=1550/2262 | elapsed=5.2 min | eta=2.4 min
[2026-09-07 16:32:26] INFO Epoch 007 | train batch=1560/2262 | elapsed=5.2 min | eta=2.3 min
[2026-09-07 16:32:28] INFO Epoch 007 | train batch=1570/2262 | elapsed=5.2 min | eta=2.3 min
[2026-09-07 16:32:30] INFO Epoch 007 | train batch=1580/2262 | elapsed=5.3 min | eta=2.3 min
[2026-09-07 16:32:32] INFO Epoch 007 | train batch=1590/2262 | elapsed=5.3 min | eta=2.2 min
[2026-09-07 16:32:34] INFO Epoch 007 | train batch=1600/2262 | elapsed=5.3 min | eta=2.2 min
[2026-09-07 16:32:36] INFO Epoch 007 | train batch=1610/2262 | elapsed=5.4 min | eta=2.2 min
[2026-09-07 16:32:38] INFO Epoch 007 | train batch=1620/2262 | elapsed=5.4 min | eta=2.1 min
[2026-09-07 16:32:41] INFO Epoch 007 | train batch=1630/2262 | elapsed=5.4 min | eta=2.1 min
[2026-09-07 16:32:43] INFO Epoch 007 | train batch=1640/2262 | elapsed=5.5 min | eta=2.1 min
[2026-09-07 16:32:45] INFO Epoch 007 | train batch=1650/2262 | elapsed=5.5 min | eta=2.0 min
[2026-09-07 16:32:47] INFO Epoch 007 | train batch=1660/2262 | elapsed=5.5 min | eta=2.0 min
[2026-09-07 16:32:49] INFO Epoch 007 | train batch=1670/2262 | elapsed=5.6 min | eta=2.0 min
[2026-09-07 16:32:51] INFO Epoch 007 | train batch=1680/2262 | elapsed=5.6 min | eta=1.9 min
[2026-09-07 16:32:53] INFO Epoch 007 | train batch=1690/2262 | elapsed=5.6 min | eta=1.9 min
[2026-09-07 16:32:55] INFO Epoch 007 | train batch=1700/2262 | elapsed=5.7 min | eta=1.9 min
[2026-09-07 16:32:57] INFO Epoch 007 | train batch=1710/2262 | elapsed=5.7 min | eta=1.8 min
[2026-09-07 16:32:59] INFO Epoch 007 | train batch=1720/2262 | elapsed=5.7 min | eta=1.8 min
[2026-09-07 16:33:01] INFO Epoch 007 | train batch=1730/2262 | elapsed=5.8 min | eta=1.8 min
[2026-09-07 16:33:03] INFO Epoch 007 | train batch=1740/2262 | elapsed=5.8 min | eta=1.7 min
[2026-09-07 16:33:05] INFO Epoch 007 | train batch=1750/2262 | elapsed=5.8 min | eta=1.7 min
[2026-09-07 16:33:07] INFO Epoch 007 | train batch=1760/2262 | elapsed=5.9 min | eta=1.7 min
[2026-09-07 16:33:09] INFO Epoch 007 | train batch=1770/2262 | elapsed=5.9 min | eta=1.6 min
[2026-09-07 16:33:11] INFO Epoch 007 | train batch=1780/2262 | elapsed=5.9 min | eta=1.6 min
[2026-09-07 16:33:13] INFO Epoch 007 | train batch=1790/2262 | elapsed=6.0 min | eta=1.6 min
[2026-09-07 16:33:15] INFO Epoch 007 | train batch=1800/2262 | elapsed=6.0 min | eta=1.5 min
[2026-09-07 16:33:17] INFO Epoch 007 | train batch=1810/2262 | elapsed=6.0 min | eta=1.5 min
[2026-09-07 16:33:19] INFO Epoch 007 | train batch=1820/2262 | elapsed=6.1 min | eta=1.5 min
[2026-09-07 16:33:21] INFO Epoch 007 | train batch=1830/2262 | elapsed=6.1 min | eta=1.4 min
[2026-09-07 16:33:23] INFO Epoch 007 | train batch=1840/2262 | elapsed=6.1 min | eta=1.4 min
[2026-09-07 16:33:25] INFO Epoch 007 | train batch=1850/2262 | elapsed=6.2 min | eta=1.4 min
[2026-09-07 16:33:27] INFO Epoch 007 | train batch=1860/2262 | elapsed=6.2 min | eta=1.3 min
[2026-09-07 16:33:29] INFO Epoch 007 | train batch=1870/2262 | elapsed=6.2 min | eta=1.3 min
[2026-09-07 16:33:31] INFO Epoch 007 | train batch=1880/2262 | elapsed=6.3 min | eta=1.3 min
[2026-09-07 16:33:33] INFO Epoch 007 | train batch=1890/2262 | elapsed=6.3 min | eta=1.2 min
[2026-09-07 16:33:35] INFO Epoch 007 | train batch=1900/2262 | elapsed=6.3 min | eta=1.2 min
[2026-09-07 16:33:37] INFO Epoch 007 | train batch=1910/2262 | elapsed=6.4 min | eta=1.2 min
[2026-09-07 16:33:39] INFO Epoch 007 | train batch=1920/2262 | elapsed=6.4 min | eta=1.1 min
[2026-09-07 16:33:41] INFO Epoch 007 | train batch=1930/2262 | elapsed=6.4 min | eta=1.1 min
[2026-09-07 16:33:43] INFO Epoch 007 | train batch=1940/2262 | elapsed=6.5 min | eta=1.1 min
[2026-09-07 16:33:45] INFO Epoch 007 | train batch=1950/2262 | elapsed=6.5 min | eta=1.0 min
[2026-09-07 16:33:47] INFO Epoch 007 | train batch=1960/2262 | elapsed=6.5 min | eta=1.0 min
[2026-09-07 16:33:49] INFO Epoch 007 | train batch=1970/2262 | elapsed=6.6 min | eta=1.0 min
[2026-09-07 16:33:51] INFO Epoch 007 | train batch=1980/2262 | elapsed=6.6 min | eta=0.9 min
[2026-09-07 16:33:53] INFO Epoch 007 | train batch=1990/2262 | elapsed=6.6 min | eta=0.9 min
[2026-09-07 16:33:55] INFO Epoch 007 | train batch=2000/2262 | elapsed=6.7 min | eta=0.9 min
[2026-09-07 16:33:57] INFO Epoch 007 | train batch=2010/2262 | elapsed=6.7 min | eta=0.8 min
[2026-09-07 16:33:59] INFO Epoch 007 | train batch=2020/2262 | elapsed=6.7 min | eta=0.8 min
[2026-09-07 16:34:01] INFO Epoch 007 | train batch=2030/2262 | elapsed=6.8 min | eta=0.8 min
[2026-09-07 16:34:03] INFO Epoch 007 | train batch=2040/2262 | elapsed=6.8 min | eta=0.7 min
[2026-09-07 16:34:05] INFO Epoch 007 | train batch=2050/2262 | elapsed=6.8 min | eta=0.7 min
[2026-09-07 16:34:07] INFO Epoch 007 | train batch=2060/2262 | elapsed=6.9 min | eta=0.7 min
[2026-09-07 16:34:09] INFO Epoch 007 | train batch=2070/2262 | elapsed=6.9 min | eta=0.6 min
[2026-09-07 16:34:11] INFO Epoch 007 | train batch=2080/2262 | elapsed=6.9 min | eta=0.6 min
[2026-09-07 16:34:13] INFO Epoch 007 | train batch=2090/2262 | elapsed=7.0 min | eta=0.6 min
[2026-09-07 16:34:15] INFO Epoch 007 | train batch=2100/2262 | elapsed=7.0 min | eta=0.5 min
[2026-09-07 16:34:17] INFO Epoch 007 | train batch=2110/2262 | elapsed=7.0 min | eta=0.5 min
[2026-09-07 16:34:19] INFO Epoch 007 | train batch=2120/2262 | elapsed=7.1 min | eta=0.5 min
[2026-09-07 16:34:21] INFO Epoch 007 | train batch=2130/2262 | elapsed=7.1 min | eta=0.4 min
[2026-09-07 16:34:23] INFO Epoch 007 | train batch=2140/2262 | elapsed=7.1 min | eta=0.4 min
[2026-09-07 16:34:25] INFO Epoch 007 | train batch=2150/2262 | elapsed=7.2 min | eta=0.4 min
[2026-09-07 16:34:27] INFO Epoch 007 | train batch=2160/2262 | elapsed=7.2 min | eta=0.3 min
[2026-09-07 16:34:29] INFO Epoch 007 | train batch=2170/2262 | elapsed=7.2 min | eta=0.3 min
[2026-09-07 16:34:31] INFO Epoch 007 | train batch=2180/2262 | elapsed=7.3 min | eta=0.3 min
[2026-09-07 16:34:33] INFO Epoch 007 | train batch=2190/2262 | elapsed=7.3 min | eta=0.2 min
[2026-09-07 16:34:35] INFO Epoch 007 | train batch=2200/2262 | elapsed=7.4 min | eta=0.2 min
[2026-09-07 16:34:37] INFO Epoch 007 | train batch=2210/2262 | elapsed=7.4 min | eta=0.2 min
[2026-09-07 16:34:39] INFO Epoch 007 | train batch=2220/2262 | elapsed=7.4 min | eta=0.1 min
[2026-09-07 16:34:41] INFO Epoch 007 | train batch=2230/2262 | elapsed=7.5 min | eta=0.1 min
[2026-09-07 16:34:43] INFO Epoch 007 | train batch=2240/2262 | elapsed=7.5 min | eta=0.1 min
[2026-09-07 16:34:45] INFO Epoch 007 | train batch=2250/2262 | elapsed=7.5 min | eta=0.0 min
[2026-09-07 16:34:47] INFO Epoch 007 | train batch=2260/2262 | elapsed=7.6 min | eta=0.0 min
[2026-09-07 16:34:47] INFO Epoch 007 | train batch=2262/2262 | elapsed=7.6 min | eta=0.0 min
[2026-09-07 16:34:47] INFO Epoch 007 | val batch=1/307 | elapsed=0.0 min | eta=1.0 min
[2026-09-07 16:34:49] INFO Epoch 007 | val batch=10/307 | elapsed=0.0 min | eta=1.0 min
[2026-09-07 16:34:51] INFO Epoch 007 | val batch=20/307 | elapsed=0.1 min | eta=0.9 min
[2026-09-07 16:34:53] INFO Epoch 007 | val batch=30/307 | elapsed=0.1 min | eta=0.9 min
[2026-09-07 16:34:55] INFO Epoch 007 | val batch=40/307 | elapsed=0.1 min | eta=0.9 min
[2026-09-07 16:34:57] INFO Epoch 007 | val batch=50/307 | elapsed=0.2 min | eta=0.8 min
[2026-09-07 16:34:59] INFO Epoch 007 | val batch=60/307 | elapsed=0.2 min | eta=0.8 min
[2026-09-07 16:35:01] INFO Epoch 007 | val batch=70/307 | elapsed=0.2 min | eta=0.8 min
[2026-09-07 16:35:03] INFO Epoch 007 | val batch=80/307 | elapsed=0.3 min | eta=0.7 min
[2026-09-07 16:35:05] INFO Epoch 007 | val batch=90/307 | elapsed=0.3 min | eta=0.7 min
[2026-09-07 16:35:07] INFO Epoch 007 | val batch=100/307 | elapsed=0.3 min | eta=0.7 min
[2026-09-07 16:35:09] INFO Epoch 007 | val batch=110/307 | elapsed=0.4 min | eta=0.6 min
[2026-09-07 16:35:10] INFO Epoch 007 | val batch=120/307 | elapsed=0.4 min | eta=0.6 min
[2026-09-07 16:35:12] INFO Epoch 007 | val batch=130/307 | elapsed=0.4 min | eta=0.6 min
[2026-09-07 16:35:14] INFO Epoch 007 | val batch=140/307 | elapsed=0.5 min | eta=0.5 min
[2026-09-07 16:35:16] INFO Epoch 007 | val batch=150/307 | elapsed=0.5 min | eta=0.5 min
[2026-09-07 16:35:18] INFO Epoch 007 | val batch=160/307 | elapsed=0.5 min | eta=0.5 min
[2026-09-07 16:35:20] INFO Epoch 007 | val batch=170/307 | elapsed=0.6 min | eta=0.4 min
[2026-09-07 16:35:22] INFO Epoch 007 | val batch=180/307 | elapsed=0.6 min | eta=0.4 min
[2026-09-07 16:35:24] INFO Epoch 007 | val batch=190/307 | elapsed=0.6 min | eta=0.4 min
[2026-09-07 16:35:26] INFO Epoch 007 | val batch=200/307 | elapsed=0.6 min | eta=0.3 min
[2026-09-07 16:35:28] INFO Epoch 007 | val batch=210/307 | elapsed=0.7 min | eta=0.3 min
[2026-09-07 16:35:30] INFO Epoch 007 | val batch=220/307 | elapsed=0.7 min | eta=0.3 min
[2026-09-07 16:35:32] INFO Epoch 007 | val batch=230/307 | elapsed=0.7 min | eta=0.3 min
[2026-09-07 16:35:34] INFO Epoch 007 | val batch=240/307 | elapsed=0.8 min | eta=0.2 min
[2026-09-07 16:35:36] INFO Epoch 007 | val batch=250/307 | elapsed=0.8 min | eta=0.2 min
[2026-09-07 16:35:38] INFO Epoch 007 | val batch=260/307 | elapsed=0.8 min | eta=0.2 min
[2026-09-07 16:35:40] INFO Epoch 007 | val batch=270/307 | elapsed=0.9 min | eta=0.1 min
[2026-09-07 16:35:42] INFO Epoch 007 | val batch=280/307 | elapsed=0.9 min | eta=0.1 min
[2026-09-07 16:35:44] INFO Epoch 007 | val batch=290/307 | elapsed=0.9 min | eta=0.1 min
[2026-09-07 16:35:46] INFO Epoch 007 | val batch=300/307 | elapsed=1.0 min | eta=0.0 min
[2026-09-07 16:35:47] INFO Epoch 007 | val batch=307/307 | elapsed=1.0 min | eta=0.0 min
[2026-09-07 16:35:47] INFO Epoch 007 | train_total=2.274077 | train_relation=2.268416 | train_distill=0.113207 | val_total=2.143000 | val_relation=2.137363 | val_distill=0.112737 | val_anchors=1596400 | val_candidates=21057400 | val_teacher_keff=4.083 | val_student_keff=7.846 | seconds(train/val)=453.31/59.84
[2026-09-07 16:35:47] INFO Checkpoint updated | epoch=7 | best_val_relation=2.137363 | path=C:\Users\clw\projects\researchRep\STAnchor-BlockMemory\artifacts\cross_dataset_t1\pemsbay_head_adapter_seed42\retrieval_t1_best.pt
[2026-09-07 16:35:47] INFO Epoch 008/008 started | train_batches=2262 | val_batches=307
[2026-09-07 16:35:47] INFO Epoch 008 | train batch=1/2262 | elapsed=0.0 min | eta=7.6 min
[2026-09-07 16:35:49] INFO Epoch 008 | train batch=10/2262 | elapsed=0.0 min | eta=7.5 min
[2026-09-07 16:35:51] INFO Epoch 008 | train batch=20/2262 | elapsed=0.1 min | eta=7.5 min
[2026-09-07 16:35:53] INFO Epoch 008 | train batch=30/2262 | elapsed=0.1 min | eta=7.4 min
[2026-09-07 16:35:55] INFO Epoch 008 | train batch=40/2262 | elapsed=0.1 min | eta=7.4 min
[2026-09-07 16:35:57] INFO Epoch 008 | train batch=50/2262 | elapsed=0.2 min | eta=7.4 min
[2026-09-07 16:35:59] INFO Epoch 008 | train batch=60/2262 | elapsed=0.2 min | eta=7.3 min
[2026-09-07 16:36:01] INFO Epoch 008 | train batch=70/2262 | elapsed=0.2 min | eta=7.3 min
[2026-09-07 16:36:03] INFO Epoch 008 | train batch=80/2262 | elapsed=0.3 min | eta=7.3 min
[2026-09-07 16:36:05] INFO Epoch 008 | train batch=90/2262 | elapsed=0.3 min | eta=7.2 min
[2026-09-07 16:36:07] INFO Epoch 008 | train batch=100/2262 | elapsed=0.3 min | eta=7.2 min
[2026-09-07 16:36:09] INFO Epoch 008 | train batch=110/2262 | elapsed=0.4 min | eta=7.2 min
[2026-09-07 16:36:11] INFO Epoch 008 | train batch=120/2262 | elapsed=0.4 min | eta=7.1 min
[2026-09-07 16:36:13] INFO Epoch 008 | train batch=130/2262 | elapsed=0.4 min | eta=7.1 min
[2026-09-07 16:36:15] INFO Epoch 008 | train batch=140/2262 | elapsed=0.5 min | eta=7.1 min
[2026-09-07 16:36:17] INFO Epoch 008 | train batch=150/2262 | elapsed=0.5 min | eta=7.0 min
[2026-09-07 16:36:19] INFO Epoch 008 | train batch=160/2262 | elapsed=0.5 min | eta=7.0 min
[2026-09-07 16:36:21] INFO Epoch 008 | train batch=170/2262 | elapsed=0.6 min | eta=7.0 min
[2026-09-07 16:36:23] INFO Epoch 008 | train batch=180/2262 | elapsed=0.6 min | eta=6.9 min
[2026-09-07 16:36:25] INFO Epoch 008 | train batch=190/2262 | elapsed=0.6 min | eta=6.9 min
[2026-09-07 16:36:27] INFO Epoch 008 | train batch=200/2262 | elapsed=0.7 min | eta=6.9 min
[2026-09-07 16:36:29] INFO Epoch 008 | train batch=210/2262 | elapsed=0.7 min | eta=6.8 min
[2026-09-07 16:36:31] INFO Epoch 008 | train batch=220/2262 | elapsed=0.7 min | eta=6.8 min
[2026-09-07 16:36:33] INFO Epoch 008 | train batch=230/2262 | elapsed=0.8 min | eta=6.8 min
[2026-09-07 16:36:35] INFO Epoch 008 | train batch=240/2262 | elapsed=0.8 min | eta=6.7 min
[2026-09-07 16:36:37] INFO Epoch 008 | train batch=250/2262 | elapsed=0.8 min | eta=6.7 min
[2026-09-07 16:36:39] INFO Epoch 008 | train batch=260/2262 | elapsed=0.9 min | eta=6.7 min
[2026-09-07 16:36:41] INFO Epoch 008 | train batch=270/2262 | elapsed=0.9 min | eta=6.6 min
[2026-09-07 16:36:43] INFO Epoch 008 | train batch=280/2262 | elapsed=0.9 min | eta=6.6 min
[2026-09-07 16:36:45] INFO Epoch 008 | train batch=290/2262 | elapsed=1.0 min | eta=6.6 min
[2026-09-07 16:36:47] INFO Epoch 008 | train batch=300/2262 | elapsed=1.0 min | eta=6.5 min
[2026-09-07 16:36:49] INFO Epoch 008 | train batch=310/2262 | elapsed=1.0 min | eta=6.5 min
[2026-09-07 16:36:51] INFO Epoch 008 | train batch=320/2262 | elapsed=1.1 min | eta=6.5 min
[2026-09-07 16:36:53] INFO Epoch 008 | train batch=330/2262 | elapsed=1.1 min | eta=6.4 min
[2026-09-07 16:36:55] INFO Epoch 008 | train batch=340/2262 | elapsed=1.1 min | eta=6.4 min
[2026-09-07 16:36:57] INFO Epoch 008 | train batch=350/2262 | elapsed=1.2 min | eta=6.4 min
[2026-09-07 16:36:59] INFO Epoch 008 | train batch=360/2262 | elapsed=1.2 min | eta=6.3 min
[2026-09-07 16:37:01] INFO Epoch 008 | train batch=370/2262 | elapsed=1.2 min | eta=6.3 min
[2026-09-07 16:37:03] INFO Epoch 008 | train batch=380/2262 | elapsed=1.3 min | eta=6.3 min
[2026-09-07 16:37:05] INFO Epoch 008 | train batch=390/2262 | elapsed=1.3 min | eta=6.2 min
[2026-09-07 16:37:07] INFO Epoch 008 | train batch=400/2262 | elapsed=1.3 min | eta=6.2 min
[2026-09-07 16:37:09] INFO Epoch 008 | train batch=410/2262 | elapsed=1.4 min | eta=6.2 min
[2026-09-07 16:37:11] INFO Epoch 008 | train batch=420/2262 | elapsed=1.4 min | eta=6.1 min
[2026-09-07 16:37:13] INFO Epoch 008 | train batch=430/2262 | elapsed=1.4 min | eta=6.1 min
[2026-09-07 16:37:15] INFO Epoch 008 | train batch=440/2262 | elapsed=1.5 min | eta=6.1 min
[2026-09-07 16:37:17] INFO Epoch 008 | train batch=450/2262 | elapsed=1.5 min | eta=6.0 min
[2026-09-07 16:37:19] INFO Epoch 008 | train batch=460/2262 | elapsed=1.5 min | eta=6.0 min
[2026-09-07 16:37:21] INFO Epoch 008 | train batch=470/2262 | elapsed=1.6 min | eta=6.0 min
[2026-09-07 16:37:23] INFO Epoch 008 | train batch=480/2262 | elapsed=1.6 min | eta=5.9 min
[2026-09-07 16:37:25] INFO Epoch 008 | train batch=490/2262 | elapsed=1.6 min | eta=5.9 min
[2026-09-07 16:37:27] INFO Epoch 008 | train batch=500/2262 | elapsed=1.7 min | eta=5.9 min
[2026-09-07 16:37:29] INFO Epoch 008 | train batch=510/2262 | elapsed=1.7 min | eta=5.8 min
[2026-09-07 16:37:31] INFO Epoch 008 | train batch=520/2262 | elapsed=1.7 min | eta=5.8 min
[2026-09-07 16:37:33] INFO Epoch 008 | train batch=530/2262 | elapsed=1.8 min | eta=5.8 min
[2026-09-07 16:37:35] INFO Epoch 008 | train batch=540/2262 | elapsed=1.8 min | eta=5.7 min
[2026-09-07 16:37:37] INFO Epoch 008 | train batch=550/2262 | elapsed=1.8 min | eta=5.7 min
[2026-09-07 16:37:39] INFO Epoch 008 | train batch=560/2262 | elapsed=1.9 min | eta=5.7 min
[2026-09-07 16:37:41] INFO Epoch 008 | train batch=570/2262 | elapsed=1.9 min | eta=5.6 min
[2026-09-07 16:37:43] INFO Epoch 008 | train batch=580/2262 | elapsed=1.9 min | eta=5.6 min
[2026-09-07 16:37:45] INFO Epoch 008 | train batch=590/2262 | elapsed=2.0 min | eta=5.6 min
[2026-09-07 16:37:47] INFO Epoch 008 | train batch=600/2262 | elapsed=2.0 min | eta=5.5 min
[2026-09-07 16:37:49] INFO Epoch 008 | train batch=610/2262 | elapsed=2.0 min | eta=5.5 min
[2026-09-07 16:37:51] INFO Epoch 008 | train batch=620/2262 | elapsed=2.1 min | eta=5.5 min
[2026-09-07 16:37:53] INFO Epoch 008 | train batch=630/2262 | elapsed=2.1 min | eta=5.4 min
[2026-09-07 16:37:55] INFO Epoch 008 | train batch=640/2262 | elapsed=2.1 min | eta=5.4 min
[2026-09-07 16:37:57] INFO Epoch 008 | train batch=650/2262 | elapsed=2.2 min | eta=5.4 min
[2026-09-07 16:37:59] INFO Epoch 008 | train batch=660/2262 | elapsed=2.2 min | eta=5.3 min
[2026-09-07 16:38:01] INFO Epoch 008 | train batch=670/2262 | elapsed=2.2 min | eta=5.3 min
[2026-09-07 16:38:03] INFO Epoch 008 | train batch=680/2262 | elapsed=2.3 min | eta=5.3 min
[2026-09-07 16:38:05] INFO Epoch 008 | train batch=690/2262 | elapsed=2.3 min | eta=5.2 min
[2026-09-07 16:38:07] INFO Epoch 008 | train batch=700/2262 | elapsed=2.3 min | eta=5.2 min
[2026-09-07 16:38:09] INFO Epoch 008 | train batch=710/2262 | elapsed=2.4 min | eta=5.2 min
[2026-09-07 16:38:11] INFO Epoch 008 | train batch=720/2262 | elapsed=2.4 min | eta=5.1 min
[2026-09-07 16:38:13] INFO Epoch 008 | train batch=730/2262 | elapsed=2.4 min | eta=5.1 min
[2026-09-07 16:38:15] INFO Epoch 008 | train batch=740/2262 | elapsed=2.5 min | eta=5.1 min
[2026-09-07 16:38:17] INFO Epoch 008 | train batch=750/2262 | elapsed=2.5 min | eta=5.0 min
[2026-09-07 16:38:19] INFO Epoch 008 | train batch=760/2262 | elapsed=2.5 min | eta=5.0 min
[2026-09-07 16:38:21] INFO Epoch 008 | train batch=770/2262 | elapsed=2.6 min | eta=5.0 min
[2026-09-07 16:38:23] INFO Epoch 008 | train batch=780/2262 | elapsed=2.6 min | eta=4.9 min
[2026-09-07 16:38:25] INFO Epoch 008 | train batch=790/2262 | elapsed=2.6 min | eta=4.9 min
[2026-09-07 16:38:27] INFO Epoch 008 | train batch=800/2262 | elapsed=2.7 min | eta=4.9 min
[2026-09-07 16:38:29] INFO Epoch 008 | train batch=810/2262 | elapsed=2.7 min | eta=4.8 min
[2026-09-07 16:38:31] INFO Epoch 008 | train batch=820/2262 | elapsed=2.7 min | eta=4.8 min
[2026-09-07 16:38:33] INFO Epoch 008 | train batch=830/2262 | elapsed=2.8 min | eta=4.8 min
[2026-09-07 16:38:35] INFO Epoch 008 | train batch=840/2262 | elapsed=2.8 min | eta=4.7 min
[2026-09-07 16:38:37] INFO Epoch 008 | train batch=850/2262 | elapsed=2.8 min | eta=4.7 min
[2026-09-07 16:38:39] INFO Epoch 008 | train batch=860/2262 | elapsed=2.9 min | eta=4.7 min
[2026-09-07 16:38:41] INFO Epoch 008 | train batch=870/2262 | elapsed=2.9 min | eta=4.6 min
[2026-09-07 16:38:43] INFO Epoch 008 | train batch=880/2262 | elapsed=2.9 min | eta=4.6 min
[2026-09-07 16:38:45] INFO Epoch 008 | train batch=890/2262 | elapsed=3.0 min | eta=4.6 min
[2026-09-07 16:38:47] INFO Epoch 008 | train batch=900/2262 | elapsed=3.0 min | eta=4.6 min
[2026-09-07 16:38:49] INFO Epoch 008 | train batch=910/2262 | elapsed=3.0 min | eta=4.5 min
[2026-09-07 16:38:51] INFO Epoch 008 | train batch=920/2262 | elapsed=3.1 min | eta=4.5 min
[2026-09-07 16:38:53] INFO Epoch 008 | train batch=930/2262 | elapsed=3.1 min | eta=4.4 min
[2026-09-07 16:38:55] INFO Epoch 008 | train batch=940/2262 | elapsed=3.1 min | eta=4.4 min
[2026-09-07 16:38:57] INFO Epoch 008 | train batch=950/2262 | elapsed=3.2 min | eta=4.4 min
[2026-09-07 16:38:59] INFO Epoch 008 | train batch=960/2262 | elapsed=3.2 min | eta=4.3 min
[2026-09-07 16:39:01] INFO Epoch 008 | train batch=970/2262 | elapsed=3.2 min | eta=4.3 min
[2026-09-07 16:39:03] INFO Epoch 008 | train batch=980/2262 | elapsed=3.3 min | eta=4.3 min
[2026-09-07 16:39:05] INFO Epoch 008 | train batch=990/2262 | elapsed=3.3 min | eta=4.2 min
[2026-09-07 16:39:07] INFO Epoch 008 | train batch=1000/2262 | elapsed=3.3 min | eta=4.2 min
[2026-09-07 16:39:09] INFO Epoch 008 | train batch=1010/2262 | elapsed=3.4 min | eta=4.2 min
[2026-09-07 16:39:11] INFO Epoch 008 | train batch=1020/2262 | elapsed=3.4 min | eta=4.1 min
[2026-09-07 16:39:13] INFO Epoch 008 | train batch=1030/2262 | elapsed=3.4 min | eta=4.1 min
[2026-09-07 16:39:15] INFO Epoch 008 | train batch=1040/2262 | elapsed=3.5 min | eta=4.1 min
[2026-09-07 16:39:17] INFO Epoch 008 | train batch=1050/2262 | elapsed=3.5 min | eta=4.0 min
[2026-09-07 16:39:19] INFO Epoch 008 | train batch=1060/2262 | elapsed=3.5 min | eta=4.0 min
[2026-09-07 16:39:21] INFO Epoch 008 | train batch=1070/2262 | elapsed=3.6 min | eta=4.0 min
[2026-09-07 16:39:23] INFO Epoch 008 | train batch=1080/2262 | elapsed=3.6 min | eta=3.9 min
[2026-09-07 16:39:26] INFO Epoch 008 | train batch=1090/2262 | elapsed=3.6 min | eta=3.9 min
[2026-09-07 16:39:28] INFO Epoch 008 | train batch=1100/2262 | elapsed=3.7 min | eta=3.9 min
[2026-09-07 16:39:30] INFO Epoch 008 | train batch=1110/2262 | elapsed=3.7 min | eta=3.8 min
[2026-09-07 16:39:32] INFO Epoch 008 | train batch=1120/2262 | elapsed=3.7 min | eta=3.8 min
[2026-09-07 16:39:34] INFO Epoch 008 | train batch=1130/2262 | elapsed=3.8 min | eta=3.8 min
[2026-09-07 16:39:36] INFO Epoch 008 | train batch=1140/2262 | elapsed=3.8 min | eta=3.7 min
[2026-09-07 16:39:38] INFO Epoch 008 | train batch=1150/2262 | elapsed=3.8 min | eta=3.7 min
[2026-09-07 16:39:40] INFO Epoch 008 | train batch=1160/2262 | elapsed=3.9 min | eta=3.7 min
[2026-09-07 16:39:42] INFO Epoch 008 | train batch=1170/2262 | elapsed=3.9 min | eta=3.6 min
[2026-09-07 16:39:44] INFO Epoch 008 | train batch=1180/2262 | elapsed=3.9 min | eta=3.6 min
[2026-09-07 16:39:46] INFO Epoch 008 | train batch=1190/2262 | elapsed=4.0 min | eta=3.6 min
[2026-09-07 16:39:48] INFO Epoch 008 | train batch=1200/2262 | elapsed=4.0 min | eta=3.5 min
[2026-09-07 16:39:50] INFO Epoch 008 | train batch=1210/2262 | elapsed=4.0 min | eta=3.5 min
[2026-09-07 16:39:52] INFO Epoch 008 | train batch=1220/2262 | elapsed=4.1 min | eta=3.5 min
[2026-09-07 16:39:54] INFO Epoch 008 | train batch=1230/2262 | elapsed=4.1 min | eta=3.4 min
[2026-09-07 16:39:56] INFO Epoch 008 | train batch=1240/2262 | elapsed=4.1 min | eta=3.4 min
[2026-09-07 16:39:58] INFO Epoch 008 | train batch=1250/2262 | elapsed=4.2 min | eta=3.4 min
[2026-09-07 16:40:00] INFO Epoch 008 | train batch=1260/2262 | elapsed=4.2 min | eta=3.3 min
[2026-09-07 16:40:02] INFO Epoch 008 | train batch=1270/2262 | elapsed=4.2 min | eta=3.3 min
[2026-09-07 16:40:04] INFO Epoch 008 | train batch=1280/2262 | elapsed=4.3 min | eta=3.3 min
[2026-09-07 16:40:06] INFO Epoch 008 | train batch=1290/2262 | elapsed=4.3 min | eta=3.2 min
[2026-09-07 16:40:08] INFO Epoch 008 | train batch=1300/2262 | elapsed=4.3 min | eta=3.2 min
[2026-09-07 16:40:10] INFO Epoch 008 | train batch=1310/2262 | elapsed=4.4 min | eta=3.2 min
[2026-09-07 16:40:12] INFO Epoch 008 | train batch=1320/2262 | elapsed=4.4 min | eta=3.1 min
[2026-09-07 16:40:14] INFO Epoch 008 | train batch=1330/2262 | elapsed=4.4 min | eta=3.1 min
[2026-09-07 16:40:16] INFO Epoch 008 | train batch=1340/2262 | elapsed=4.5 min | eta=3.1 min
[2026-09-07 16:40:18] INFO Epoch 008 | train batch=1350/2262 | elapsed=4.5 min | eta=3.0 min
[2026-09-07 16:40:20] INFO Epoch 008 | train batch=1360/2262 | elapsed=4.5 min | eta=3.0 min
[2026-09-07 16:40:22] INFO Epoch 008 | train batch=1370/2262 | elapsed=4.6 min | eta=3.0 min
[2026-09-07 16:40:24] INFO Epoch 008 | train batch=1380/2262 | elapsed=4.6 min | eta=2.9 min
[2026-09-07 16:40:26] INFO Epoch 008 | train batch=1390/2262 | elapsed=4.6 min | eta=2.9 min
[2026-09-07 16:40:28] INFO Epoch 008 | train batch=1400/2262 | elapsed=4.7 min | eta=2.9 min
[2026-09-07 16:40:30] INFO Epoch 008 | train batch=1410/2262 | elapsed=4.7 min | eta=2.8 min
[2026-09-07 16:40:32] INFO Epoch 008 | train batch=1420/2262 | elapsed=4.7 min | eta=2.8 min
[2026-09-07 16:40:34] INFO Epoch 008 | train batch=1430/2262 | elapsed=4.8 min | eta=2.8 min
[2026-09-07 16:40:36] INFO Epoch 008 | train batch=1440/2262 | elapsed=4.8 min | eta=2.7 min
[2026-09-07 16:40:38] INFO Epoch 008 | train batch=1450/2262 | elapsed=4.8 min | eta=2.7 min
[2026-09-07 16:40:40] INFO Epoch 008 | train batch=1460/2262 | elapsed=4.9 min | eta=2.7 min
[2026-09-07 16:40:42] INFO Epoch 008 | train batch=1470/2262 | elapsed=4.9 min | eta=2.6 min
[2026-09-07 16:40:44] INFO Epoch 008 | train batch=1480/2262 | elapsed=4.9 min | eta=2.6 min
[2026-09-07 16:40:46] INFO Epoch 008 | train batch=1490/2262 | elapsed=5.0 min | eta=2.6 min
[2026-09-07 16:40:48] INFO Epoch 008 | train batch=1500/2262 | elapsed=5.0 min | eta=2.5 min
[2026-09-07 16:40:50] INFO Epoch 008 | train batch=1510/2262 | elapsed=5.0 min | eta=2.5 min
[2026-09-07 16:40:52] INFO Epoch 008 | train batch=1520/2262 | elapsed=5.1 min | eta=2.5 min
[2026-09-07 16:40:54] INFO Epoch 008 | train batch=1530/2262 | elapsed=5.1 min | eta=2.4 min
[2026-09-07 16:40:56] INFO Epoch 008 | train batch=1540/2262 | elapsed=5.1 min | eta=2.4 min
[2026-09-07 16:40:58] INFO Epoch 008 | train batch=1550/2262 | elapsed=5.2 min | eta=2.4 min
[2026-09-07 16:41:00] INFO Epoch 008 | train batch=1560/2262 | elapsed=5.2 min | eta=2.3 min
[2026-09-07 16:41:02] INFO Epoch 008 | train batch=1570/2262 | elapsed=5.2 min | eta=2.3 min
[2026-09-07 16:41:04] INFO Epoch 008 | train batch=1580/2262 | elapsed=5.3 min | eta=2.3 min
[2026-09-07 16:41:06] INFO Epoch 008 | train batch=1590/2262 | elapsed=5.3 min | eta=2.2 min
[2026-09-07 16:41:08] INFO Epoch 008 | train batch=1600/2262 | elapsed=5.3 min | eta=2.2 min
[2026-09-07 16:41:10] INFO Epoch 008 | train batch=1610/2262 | elapsed=5.4 min | eta=2.2 min
[2026-09-07 16:41:12] INFO Epoch 008 | train batch=1620/2262 | elapsed=5.4 min | eta=2.1 min
[2026-09-07 16:41:14] INFO Epoch 008 | train batch=1630/2262 | elapsed=5.4 min | eta=2.1 min
[2026-09-07 16:41:16] INFO Epoch 008 | train batch=1640/2262 | elapsed=5.5 min | eta=2.1 min
[2026-09-07 16:41:18] INFO Epoch 008 | train batch=1650/2262 | elapsed=5.5 min | eta=2.0 min
[2026-09-07 16:41:20] INFO Epoch 008 | train batch=1660/2262 | elapsed=5.5 min | eta=2.0 min
[2026-09-07 16:41:22] INFO Epoch 008 | train batch=1670/2262 | elapsed=5.6 min | eta=2.0 min
[2026-09-07 16:41:24] INFO Epoch 008 | train batch=1680/2262 | elapsed=5.6 min | eta=1.9 min
[2026-09-07 16:41:26] INFO Epoch 008 | train batch=1690/2262 | elapsed=5.6 min | eta=1.9 min
[2026-09-07 16:41:28] INFO Epoch 008 | train batch=1700/2262 | elapsed=5.7 min | eta=1.9 min
[2026-09-07 16:41:30] INFO Epoch 008 | train batch=1710/2262 | elapsed=5.7 min | eta=1.8 min
[2026-09-07 16:41:32] INFO Epoch 008 | train batch=1720/2262 | elapsed=5.7 min | eta=1.8 min
[2026-09-07 16:41:34] INFO Epoch 008 | train batch=1730/2262 | elapsed=5.8 min | eta=1.8 min
[2026-09-07 16:41:36] INFO Epoch 008 | train batch=1740/2262 | elapsed=5.8 min | eta=1.7 min
[2026-09-07 16:41:38] INFO Epoch 008 | train batch=1750/2262 | elapsed=5.8 min | eta=1.7 min
[2026-09-07 16:41:40] INFO Epoch 008 | train batch=1760/2262 | elapsed=5.9 min | eta=1.7 min
[2026-09-07 16:41:42] INFO Epoch 008 | train batch=1770/2262 | elapsed=5.9 min | eta=1.6 min
[2026-09-07 16:41:44] INFO Epoch 008 | train batch=1780/2262 | elapsed=5.9 min | eta=1.6 min
[2026-09-07 16:41:46] INFO Epoch 008 | train batch=1790/2262 | elapsed=6.0 min | eta=1.6 min
[2026-09-07 16:41:48] INFO Epoch 008 | train batch=1800/2262 | elapsed=6.0 min | eta=1.5 min
[2026-09-07 16:41:50] INFO Epoch 008 | train batch=1810/2262 | elapsed=6.0 min | eta=1.5 min
[2026-09-07 16:41:52] INFO Epoch 008 | train batch=1820/2262 | elapsed=6.1 min | eta=1.5 min
[2026-09-07 16:41:54] INFO Epoch 008 | train batch=1830/2262 | elapsed=6.1 min | eta=1.4 min
[2026-09-07 16:41:56] INFO Epoch 008 | train batch=1840/2262 | elapsed=6.1 min | eta=1.4 min
[2026-09-07 16:41:58] INFO Epoch 008 | train batch=1850/2262 | elapsed=6.2 min | eta=1.4 min
[2026-09-07 16:42:00] INFO Epoch 008 | train batch=1860/2262 | elapsed=6.2 min | eta=1.3 min
[2026-09-07 16:42:02] INFO Epoch 008 | train batch=1870/2262 | elapsed=6.2 min | eta=1.3 min
[2026-09-07 16:42:04] INFO Epoch 008 | train batch=1880/2262 | elapsed=6.3 min | eta=1.3 min
[2026-09-07 16:42:06] INFO Epoch 008 | train batch=1890/2262 | elapsed=6.3 min | eta=1.2 min
[2026-09-07 16:42:08] INFO Epoch 008 | train batch=1900/2262 | elapsed=6.3 min | eta=1.2 min
[2026-09-07 16:42:10] INFO Epoch 008 | train batch=1910/2262 | elapsed=6.4 min | eta=1.2 min
[2026-09-07 16:42:12] INFO Epoch 008 | train batch=1920/2262 | elapsed=6.4 min | eta=1.1 min
[2026-09-07 16:42:14] INFO Epoch 008 | train batch=1930/2262 | elapsed=6.4 min | eta=1.1 min
[2026-09-07 16:42:16] INFO Epoch 008 | train batch=1940/2262 | elapsed=6.5 min | eta=1.1 min
[2026-09-07 16:42:18] INFO Epoch 008 | train batch=1950/2262 | elapsed=6.5 min | eta=1.0 min
[2026-09-07 16:42:20] INFO Epoch 008 | train batch=1960/2262 | elapsed=6.5 min | eta=1.0 min
[2026-09-07 16:42:22] INFO Epoch 008 | train batch=1970/2262 | elapsed=6.6 min | eta=1.0 min
[2026-09-07 16:42:24] INFO Epoch 008 | train batch=1980/2262 | elapsed=6.6 min | eta=0.9 min
[2026-09-07 16:42:26] INFO Epoch 008 | train batch=1990/2262 | elapsed=6.6 min | eta=0.9 min
[2026-09-07 16:42:28] INFO Epoch 008 | train batch=2000/2262 | elapsed=6.7 min | eta=0.9 min
[2026-09-07 16:42:30] INFO Epoch 008 | train batch=2010/2262 | elapsed=6.7 min | eta=0.8 min
[2026-09-07 16:42:32] INFO Epoch 008 | train batch=2020/2262 | elapsed=6.7 min | eta=0.8 min
[2026-09-07 16:42:34] INFO Epoch 008 | train batch=2030/2262 | elapsed=6.8 min | eta=0.8 min
[2026-09-07 16:42:36] INFO Epoch 008 | train batch=2040/2262 | elapsed=6.8 min | eta=0.7 min
[2026-09-07 16:42:38] INFO Epoch 008 | train batch=2050/2262 | elapsed=6.8 min | eta=0.7 min
[2026-09-07 16:42:40] INFO Epoch 008 | train batch=2060/2262 | elapsed=6.9 min | eta=0.7 min
[2026-09-07 16:42:42] INFO Epoch 008 | train batch=2070/2262 | elapsed=6.9 min | eta=0.6 min
[2026-09-07 16:42:44] INFO Epoch 008 | train batch=2080/2262 | elapsed=6.9 min | eta=0.6 min
[2026-09-07 16:42:46] INFO Epoch 008 | train batch=2090/2262 | elapsed=7.0 min | eta=0.6 min
[2026-09-07 16:42:48] INFO Epoch 008 | train batch=2100/2262 | elapsed=7.0 min | eta=0.5 min
[2026-09-07 16:42:50] INFO Epoch 008 | train batch=2110/2262 | elapsed=7.0 min | eta=0.5 min
[2026-09-07 16:42:52] INFO Epoch 008 | train batch=2120/2262 | elapsed=7.1 min | eta=0.5 min
[2026-09-07 16:42:54] INFO Epoch 008 | train batch=2130/2262 | elapsed=7.1 min | eta=0.4 min
[2026-09-07 16:42:56] INFO Epoch 008 | train batch=2140/2262 | elapsed=7.1 min | eta=0.4 min
[2026-09-07 16:42:58] INFO Epoch 008 | train batch=2150/2262 | elapsed=7.2 min | eta=0.4 min
[2026-09-07 16:43:00] INFO Epoch 008 | train batch=2160/2262 | elapsed=7.2 min | eta=0.3 min
[2026-09-07 16:43:02] INFO Epoch 008 | train batch=2170/2262 | elapsed=7.2 min | eta=0.3 min
[2026-09-07 16:43:04] INFO Epoch 008 | train batch=2180/2262 | elapsed=7.3 min | eta=0.3 min
[2026-09-07 16:43:06] INFO Epoch 008 | train batch=2190/2262 | elapsed=7.3 min | eta=0.2 min
[2026-09-07 16:43:08] INFO Epoch 008 | train batch=2200/2262 | elapsed=7.3 min | eta=0.2 min
[2026-09-07 16:43:10] INFO Epoch 008 | train batch=2210/2262 | elapsed=7.4 min | eta=0.2 min
[2026-09-07 16:43:12] INFO Epoch 008 | train batch=2220/2262 | elapsed=7.4 min | eta=0.1 min
[2026-09-07 16:43:14] INFO Epoch 008 | train batch=2230/2262 | elapsed=7.4 min | eta=0.1 min
[2026-09-07 16:43:16] INFO Epoch 008 | train batch=2240/2262 | elapsed=7.5 min | eta=0.1 min
[2026-09-07 16:43:18] INFO Epoch 008 | train batch=2250/2262 | elapsed=7.5 min | eta=0.0 min
[2026-09-07 16:43:20] INFO Epoch 008 | train batch=2260/2262 | elapsed=7.5 min | eta=0.0 min
[2026-09-07 16:43:20] INFO Epoch 008 | train batch=2262/2262 | elapsed=7.6 min | eta=0.0 min
[2026-09-07 16:43:20] INFO Epoch 008 | val batch=1/307 | elapsed=0.0 min | eta=1.0 min
[2026-09-07 16:43:22] INFO Epoch 008 | val batch=10/307 | elapsed=0.0 min | eta=1.0 min
[2026-09-07 16:43:24] INFO Epoch 008 | val batch=20/307 | elapsed=0.1 min | eta=0.9 min
[2026-09-07 16:43:26] INFO Epoch 008 | val batch=30/307 | elapsed=0.1 min | eta=0.9 min
[2026-09-07 16:43:28] INFO Epoch 008 | val batch=40/307 | elapsed=0.1 min | eta=0.9 min
[2026-09-07 16:43:30] INFO Epoch 008 | val batch=50/307 | elapsed=0.2 min | eta=0.8 min
[2026-09-07 16:43:32] INFO Epoch 008 | val batch=60/307 | elapsed=0.2 min | eta=0.8 min
[2026-09-07 16:43:34] INFO Epoch 008 | val batch=70/307 | elapsed=0.2 min | eta=0.8 min
[2026-09-07 16:43:36] INFO Epoch 008 | val batch=80/307 | elapsed=0.3 min | eta=0.7 min
[2026-09-07 16:43:38] INFO Epoch 008 | val batch=90/307 | elapsed=0.3 min | eta=0.7 min
[2026-09-07 16:43:40] INFO Epoch 008 | val batch=100/307 | elapsed=0.3 min | eta=0.7 min
[2026-09-07 16:43:42] INFO Epoch 008 | val batch=110/307 | elapsed=0.4 min | eta=0.6 min
[2026-09-07 16:43:44] INFO Epoch 008 | val batch=120/307 | elapsed=0.4 min | eta=0.6 min
[2026-09-07 16:43:46] INFO Epoch 008 | val batch=130/307 | elapsed=0.4 min | eta=0.6 min
[2026-09-07 16:43:48] INFO Epoch 008 | val batch=140/307 | elapsed=0.5 min | eta=0.5 min
[2026-09-07 16:43:50] INFO Epoch 008 | val batch=150/307 | elapsed=0.5 min | eta=0.5 min
[2026-09-07 16:43:51] INFO Epoch 008 | val batch=160/307 | elapsed=0.5 min | eta=0.5 min
[2026-09-07 16:43:53] INFO Epoch 008 | val batch=170/307 | elapsed=0.6 min | eta=0.4 min
[2026-09-07 16:43:55] INFO Epoch 008 | val batch=180/307 | elapsed=0.6 min | eta=0.4 min
[2026-09-07 16:43:57] INFO Epoch 008 | val batch=190/307 | elapsed=0.6 min | eta=0.4 min
[2026-09-07 16:43:59] INFO Epoch 008 | val batch=200/307 | elapsed=0.7 min | eta=0.3 min
[2026-09-07 16:44:01] INFO Epoch 008 | val batch=210/307 | elapsed=0.7 min | eta=0.3 min
[2026-09-07 16:44:03] INFO Epoch 008 | val batch=220/307 | elapsed=0.7 min | eta=0.3 min
[2026-09-07 16:44:05] INFO Epoch 008 | val batch=230/307 | elapsed=0.7 min | eta=0.3 min
[2026-09-07 16:44:07] INFO Epoch 008 | val batch=240/307 | elapsed=0.8 min | eta=0.2 min
[2026-09-07 16:44:09] INFO Epoch 008 | val batch=250/307 | elapsed=0.8 min | eta=0.2 min
[2026-09-07 16:44:11] INFO Epoch 008 | val batch=260/307 | elapsed=0.8 min | eta=0.2 min
[2026-09-07 16:44:13] INFO Epoch 008 | val batch=270/307 | elapsed=0.9 min | eta=0.1 min
[2026-09-07 16:44:15] INFO Epoch 008 | val batch=280/307 | elapsed=0.9 min | eta=0.1 min
[2026-09-07 16:44:17] INFO Epoch 008 | val batch=290/307 | elapsed=0.9 min | eta=0.1 min
[2026-09-07 16:44:19] INFO Epoch 008 | val batch=300/307 | elapsed=1.0 min | eta=0.0 min
[2026-09-07 16:44:20] INFO Epoch 008 | val batch=307/307 | elapsed=1.0 min | eta=0.0 min
[2026-09-07 16:44:20] INFO Epoch 008 | train_total=2.271272 | train_relation=2.265554 | train_distill=0.114360 | val_total=2.143320 | val_relation=2.137606 | val_distill=0.114279 | val_anchors=1596400 | val_candidates=21057400 | val_teacher_keff=4.083 | val_student_keff=7.577 | seconds(train/val)=453.24/59.88
[2026-09-07 16:44:20] INFO T1 retrieval adaptation finished | best_epoch=7 | best_val_relation=2.137363 | checkpoint=C:\Users\clw\projects\researchRep\STAnchor-BlockMemory\artifacts\cross_dataset_t1\pemsbay_head_adapter_seed42\retrieval_t1_best.pt
